timestamp,user_id,session_id,clip_id,trial_index,phase,hr,eda,sensor_elapsed_ms,source,raw_line
2026-05-31T15:40:24.662,test89,self_20260531_154022,clip_033,1,rest,,1.6262,2097463.0,raspberry_pi_seeed_gsr,"2097463,1.6262"
2026-05-31T15:40:24.663,test89,self_20260531_154022,clip_033,1,rest,,1.627,2097484.0,raspberry_pi_seeed_gsr,"2097484,1.6270"
2026-05-31T15:40:24.664,test89,self_20260531_154022,clip_033,1,rest,,1.6222,2097505.0,raspberry_pi_seeed_gsr,"2097505,1.6222"
2026-05-31T15:40:24.664,test89,self_20260531_154022,clip_033,1,rest,,1.6246,2097526.0,raspberry_pi_seeed_gsr,"2097526,1.6246"
2026-05-31T15:40:24.665,test89,self_20260531_154022,clip_033,1,rest,,1.6206,2097547.0,raspberry_pi_seeed_gsr,"2097547,1.6206"
2026-05-31T15:40:24.666,test89,self_20260531_154022,clip_033,1,rest,,1.619,2097568.0,raspberry_pi_seeed_gsr,"2097568,1.6190"
2026-05-31T15:40:24.666,test89,self_20260531_154022,clip_033,1,rest,,1.6198,2097589.0,raspberry_pi_seeed_gsr,"2097589,1.6198"
2026-05-31T15:40:24.667,test89,self_20260531_154022,clip_033,1,rest,,1.623,2097611.0,raspberry_pi_seeed_gsr,"2097611,1.6230"
2026-05-31T15:40:24.668,test89,self_20260531_154022,clip_033,1,rest,,1.6222,2097631.0,raspberry_pi_seeed_gsr,"2097631,1.6222"
2026-05-31T15:40:24.669,test89,self_20260531_154022,clip_033,1,rest,,1.6125,2097652.0,raspberry_pi_seeed_gsr,"2097652,1.6125"
2026-05-31T15:40:24.669,test89,self_20260531_154022,clip_033,1,rest,,1.6262,2097673.0,raspberry_pi_seeed_gsr,"2097673,1.6262"
2026-05-31T15:40:24.669,test89,self_20260531_154022,clip_033,1,rest,,1.6262,2097694.0,raspberry_pi_seeed_gsr,"2097694,1.6262"
2026-05-31T15:40:24.670,test89,self_20260531_154022,clip_033,1,rest,,1.627,2097715.0,raspberry_pi_seeed_gsr,"2097715,1.6270"
2026-05-31T15:40:24.670,test89,self_20260531_154022,clip_033,1,rest,,1.6294,2097736.0,raspberry_pi_seeed_gsr,"2097736,1.6294"
2026-05-31T15:40:24.671,test89,self_20260531_154022,clip_033,1,rest,,1.6262,2097757.0,raspberry_pi_seeed_gsr,"2097757,1.6262"
2026-05-31T15:40:24.671,test89,self_20260531_154022,clip_033,1,rest,,1.6278,2097778.0,raspberry_pi_seeed_gsr,"2097778,1.6278"
2026-05-31T15:40:24.672,test89,self_20260531_154022,clip_033,1,rest,,1.627,2097799.0,raspberry_pi_seeed_gsr,"2097799,1.6270"
2026-05-31T15:40:24.672,test89,self_20260531_154022,clip_033,1,rest,,1.631,2097820.0,raspberry_pi_seeed_gsr,"2097820,1.6310"
2026-05-31T15:40:24.672,test89,self_20260531_154022,clip_033,1,rest,,1.6278,2097841.0,raspberry_pi_seeed_gsr,"2097841,1.6278"
2026-05-31T15:40:24.673,test89,self_20260531_154022,clip_033,1,rest,,1.6278,2097862.0,raspberry_pi_seeed_gsr,"2097862,1.6278"
2026-05-31T15:40:24.673,test89,self_20260531_154022,clip_033,1,rest,,1.6286,2097883.0,raspberry_pi_seeed_gsr,"2097883,1.6286"
2026-05-31T15:40:24.674,test89,self_20260531_154022,clip_033,1,rest,,1.6302,2097904.0,raspberry_pi_seeed_gsr,"2097904,1.6302"
2026-05-31T15:40:24.674,test89,self_20260531_154022,clip_033,1,rest,,1.6286,2097925.0,raspberry_pi_seeed_gsr,"2097925,1.6286"
2026-05-31T15:40:24.674,test89,self_20260531_154022,clip_033,1,rest,,1.6262,2097946.0,raspberry_pi_seeed_gsr,"2097946,1.6262"
2026-05-31T15:40:24.675,test89,self_20260531_154022,clip_033,1,rest,,1.6238,2097967.0,raspberry_pi_seeed_gsr,"2097967,1.6238"
2026-05-31T15:40:24.676,test89,self_20260531_154022,clip_033,1,rest,,1.623,2097988.0,raspberry_pi_seeed_gsr,"2097988,1.6230"
2026-05-31T15:40:24.676,test89,self_20260531_154022,clip_033,1,rest,,1.619,2098009.0,raspberry_pi_seeed_gsr,"2098009,1.6190"
2026-05-31T15:40:24.677,test89,self_20260531_154022,clip_033,1,rest,,1.619,2098030.0,raspberry_pi_seeed_gsr,"2098030,1.6190"
2026-05-31T15:40:24.677,test89,self_20260531_154022,clip_033,1,rest,,1.6141,2098051.0,raspberry_pi_seeed_gsr,"2098051,1.6141"
2026-05-31T15:40:24.677,test89,self_20260531_154022,clip_033,1,rest,,1.6149,2098072.0,raspberry_pi_seeed_gsr,"2098072,1.6149"
2026-05-31T15:40:24.678,test89,self_20260531_154022,clip_033,1,rest,,1.6214,2098093.0,raspberry_pi_seeed_gsr,"2098093,1.6214"
2026-05-31T15:40:24.678,test89,self_20260531_154022,clip_033,1,rest,,1.6165,2098114.0,raspberry_pi_seeed_gsr,"2098114,1.6165"
2026-05-31T15:40:24.693,test89,self_20260531_154022,clip_033,1,rest,,1.6077,2098136.0,raspberry_pi_seeed_gsr,"2098136,1.6077"
2026-05-31T15:40:24.713,test89,self_20260531_154022,clip_033,1,rest,,1.5956,2098156.0,raspberry_pi_seeed_gsr,"2098156,1.5956"
2026-05-31T15:40:24.734,test89,self_20260531_154022,clip_033,1,rest,,1.5803,2098177.0,raspberry_pi_seeed_gsr,"2098177,1.5803"
2026-05-31T15:40:24.755,test89,self_20260531_154022,clip_033,1,rest,,1.5698,2098198.0,raspberry_pi_seeed_gsr,"2098198,1.5698"
2026-05-31T15:40:24.776,test89,self_20260531_154022,clip_033,1,rest,,1.5601,2098219.0,raspberry_pi_seeed_gsr,"2098219,1.5601"
2026-05-31T15:40:24.797,test89,self_20260531_154022,clip_033,1,rest,,1.5561,2098240.0,raspberry_pi_seeed_gsr,"2098240,1.5561"
2026-05-31T15:40:24.819,test89,self_20260531_154022,clip_033,1,rest,,1.5626,2098261.0,raspberry_pi_seeed_gsr,"2098261,1.5626"
2026-05-31T15:40:24.840,test89,self_20260531_154022,clip_033,1,rest,,1.5867,2098282.0,raspberry_pi_seeed_gsr,"2098282,1.5867"
2026-05-31T15:40:24.861,test89,self_20260531_154022,clip_033,1,rest,,1.6714,2098303.0,raspberry_pi_seeed_gsr,"2098303,1.6714"
2026-05-31T15:40:24.882,test89,self_20260531_154022,clip_033,1,rest,,1.7552,2098324.0,raspberry_pi_seeed_gsr,"2098324,1.7552"
2026-05-31T15:40:24.903,test89,self_20260531_154022,clip_033,1,rest,,1.8212,2098345.0,raspberry_pi_seeed_gsr,"2098345,1.8212"
2026-05-31T15:40:24.924,test89,self_20260531_154022,clip_033,1,rest,,1.8051,2098366.0,raspberry_pi_seeed_gsr,"2098366,1.8051"
2026-05-31T15:40:24.945,test89,self_20260531_154022,clip_033,1,rest,,1.7536,2098387.0,raspberry_pi_seeed_gsr,"2098387,1.7536"
2026-05-31T15:40:25.005,test89,self_20260531_154022,clip_033,1,rest,,1.71,2098408.0,raspberry_pi_seeed_gsr,"2098408,1.7100"
2026-05-31T15:40:25.006,test89,self_20260531_154022,clip_033,1,rest,,1.6673,2098429.0,raspberry_pi_seeed_gsr,"2098429,1.6673"
2026-05-31T15:40:25.008,test89,self_20260531_154022,clip_033,1,rest,,1.619,2098450.0,raspberry_pi_seeed_gsr,"2098450,1.6190"
2026-05-31T15:40:25.029,test89,self_20260531_154022,clip_033,1,rest,,1.5738,2098471.0,raspberry_pi_seeed_gsr,"2098471,1.5738"
2026-05-31T15:40:25.050,test89,self_20260531_154022,clip_033,1,rest,,1.536,2098492.0,raspberry_pi_seeed_gsr,"2098492,1.5360"
2026-05-31T15:40:25.071,test89,self_20260531_154022,clip_033,1,rest,,1.507,2098513.0,raspberry_pi_seeed_gsr,"2098513,1.5070"
2026-05-31T15:40:25.092,test89,self_20260531_154022,clip_033,1,rest,,1.4812,2098534.0,raspberry_pi_seeed_gsr,"2098534,1.4812"
2026-05-31T15:40:25.113,test89,self_20260531_154022,clip_033,1,rest,,1.4522,2098555.0,raspberry_pi_seeed_gsr,"2098555,1.4522"
2026-05-31T15:40:25.134,test89,self_20260531_154022,clip_033,1,rest,,1.4223,2098576.0,raspberry_pi_seeed_gsr,"2098576,1.4223"
2026-05-31T15:40:25.155,test89,self_20260531_154022,clip_033,1,rest,,1.3965,2098598.0,raspberry_pi_seeed_gsr,"2098598,1.3965"
2026-05-31T15:40:25.175,test89,self_20260531_154022,clip_033,1,rest,,1.3772,2098618.0,raspberry_pi_seeed_gsr,"2098618,1.3772"
2026-05-31T15:40:25.196,test89,self_20260531_154022,clip_033,1,rest,,1.3571,2098639.0,raspberry_pi_seeed_gsr,"2098639,1.3571"
2026-05-31T15:40:25.241,test89,self_20260531_154022,clip_033,1,rest,,1.3498,2098660.0,raspberry_pi_seeed_gsr,"2098660,1.3498"
2026-05-31T15:40:25.242,test89,self_20260531_154022,clip_033,1,rest,,1.3321,2098681.0,raspberry_pi_seeed_gsr,"2098681,1.3321"
2026-05-31T15:40:25.259,test89,self_20260531_154022,clip_033,1,rest,,1.3208,2098702.0,raspberry_pi_seeed_gsr,"2098702,1.3208"
2026-05-31T15:40:25.280,test89,self_20260531_154022,clip_033,1,rest,,1.3136,2098723.0,raspberry_pi_seeed_gsr,"2098723,1.3136"
2026-05-31T15:40:25.301,test89,self_20260531_154022,clip_033,1,rest,,1.2999,2098744.0,raspberry_pi_seeed_gsr,"2098744,1.2999"
2026-05-31T15:40:25.323,test89,self_20260531_154022,clip_033,1,rest,,1.3007,2098765.0,raspberry_pi_seeed_gsr,"2098765,1.3007"
2026-05-31T15:40:25.344,test89,self_20260531_154022,clip_033,1,rest,,1.2982,2098786.0,raspberry_pi_seeed_gsr,"2098786,1.2982"
2026-05-31T15:40:25.365,test89,self_20260531_154022,clip_033,1,rest,,1.2974,2098807.0,raspberry_pi_seeed_gsr,"2098807,1.2974"
2026-05-31T15:40:25.386,test89,self_20260531_154022,clip_033,1,rest,,1.2966,2098828.0,raspberry_pi_seeed_gsr,"2098828,1.2966"
2026-05-31T15:40:25.407,test89,self_20260531_154022,clip_033,1,rest,,1.2958,2098849.0,raspberry_pi_seeed_gsr,"2098849,1.2958"
2026-05-31T15:40:25.428,test89,self_20260531_154022,clip_033,1,rest,,1.3047,2098870.0,raspberry_pi_seeed_gsr,"2098870,1.3047"
2026-05-31T15:40:25.449,test89,self_20260531_154022,clip_033,1,rest,,1.3152,2098891.0,raspberry_pi_seeed_gsr,"2098891,1.3152"
2026-05-31T15:40:25.499,test89,self_20260531_154022,clip_033,1,rest,,1.3353,2098912.0,raspberry_pi_seeed_gsr,"2098912,1.3353"
2026-05-31T15:40:25.500,test89,self_20260531_154022,clip_033,1,rest,,1.3643,2098933.0,raspberry_pi_seeed_gsr,"2098933,1.3643"
2026-05-31T15:40:25.512,test89,self_20260531_154022,clip_033,1,rest,,1.3917,2098954.0,raspberry_pi_seeed_gsr,"2098954,1.3917"
2026-05-31T15:40:25.533,test89,self_20260531_154022,clip_033,1,rest,,1.4102,2098975.0,raspberry_pi_seeed_gsr,"2098975,1.4102"
2026-05-31T15:40:25.554,test89,self_20260531_154022,clip_033,1,rest,,1.4296,2098996.0,raspberry_pi_seeed_gsr,"2098996,1.4296"
2026-05-31T15:40:25.575,test89,self_20260531_154022,clip_033,1,rest,,1.4417,2099017.0,raspberry_pi_seeed_gsr,"2099017,1.4417"
2026-05-31T15:40:25.596,test89,self_20260531_154022,clip_033,1,rest,,1.4514,2099038.0,raspberry_pi_seeed_gsr,"2099038,1.4514"
2026-05-31T15:40:25.617,test89,self_20260531_154022,clip_033,1,rest,,1.4594,2099059.0,raspberry_pi_seeed_gsr,"2099059,1.4594"
2026-05-31T15:40:25.638,test89,self_20260531_154022,clip_033,1,rest,,1.4643,2099080.0,raspberry_pi_seeed_gsr,"2099080,1.4643"
2026-05-31T15:40:25.659,test89,self_20260531_154022,clip_033,1,rest,,1.4731,2099102.0,raspberry_pi_seeed_gsr,"2099102,1.4731"
2026-05-31T15:40:25.680,test89,self_20260531_154022,clip_033,1,rest,,1.4764,2099122.0,raspberry_pi_seeed_gsr,"2099122,1.4764"
2026-05-31T15:40:25.701,test89,self_20260531_154022,clip_033,1,rest,,1.4796,2099143.0,raspberry_pi_seeed_gsr,"2099143,1.4796"
2026-05-31T15:40:25.747,test89,self_20260531_154022,clip_033,1,rest,,1.4796,2099164.0,raspberry_pi_seeed_gsr,"2099164,1.4796"
2026-05-31T15:40:25.748,test89,self_20260531_154022,clip_033,1,rest,,1.4844,2099185.0,raspberry_pi_seeed_gsr,"2099185,1.4844"
2026-05-31T15:40:25.763,test89,self_20260531_154022,clip_033,1,rest,,1.4917,2099206.0,raspberry_pi_seeed_gsr,"2099206,1.4917"
2026-05-31T15:40:25.785,test89,self_20260531_154022,clip_033,1,rest,,1.4925,2099227.0,raspberry_pi_seeed_gsr,"2099227,1.4925"
2026-05-31T15:40:25.805,test89,self_20260531_154022,clip_033,1,rest,,1.4965,2099248.0,raspberry_pi_seeed_gsr,"2099248,1.4965"
2026-05-31T15:40:25.827,test89,self_20260531_154022,clip_033,1,rest,,1.4941,2099269.0,raspberry_pi_seeed_gsr,"2099269,1.4941"
2026-05-31T15:40:25.848,test89,self_20260531_154022,clip_033,1,rest,,1.5029,2099290.0,raspberry_pi_seeed_gsr,"2099290,1.5029"
2026-05-31T15:40:25.869,test89,self_20260531_154022,clip_033,1,rest,,1.4997,2099311.0,raspberry_pi_seeed_gsr,"2099311,1.4997"
2026-05-31T15:40:25.890,test89,self_20260531_154022,clip_033,1,rest,,1.4957,2099332.0,raspberry_pi_seeed_gsr,"2099332,1.4957"
2026-05-31T15:40:25.911,test89,self_20260531_154022,clip_033,1,rest,,1.5037,2099353.0,raspberry_pi_seeed_gsr,"2099353,1.5037"
2026-05-31T15:40:25.932,test89,self_20260531_154022,clip_033,1,rest,,1.5062,2099374.0,raspberry_pi_seeed_gsr,"2099374,1.5062"
2026-05-31T15:40:25.953,test89,self_20260531_154022,clip_033,1,rest,,1.5086,2099395.0,raspberry_pi_seeed_gsr,"2099395,1.5086"
2026-05-31T15:40:26.002,test89,self_20260531_154022,clip_033,1,rest,,1.5094,2099416.0,raspberry_pi_seeed_gsr,"2099416,1.5094"
2026-05-31T15:40:26.003,test89,self_20260531_154022,clip_033,1,rest,,1.5118,2099437.0,raspberry_pi_seeed_gsr,"2099437,1.5118"
2026-05-31T15:40:26.016,test89,self_20260531_154022,clip_033,1,rest,,1.5126,2099458.0,raspberry_pi_seeed_gsr,"2099458,1.5126"
2026-05-31T15:40:26.037,test89,self_20260531_154022,clip_033,1,rest,,1.5158,2099479.0,raspberry_pi_seeed_gsr,"2099479,1.5158"
2026-05-31T15:40:26.058,test89,self_20260531_154022,clip_033,1,rest,,1.5182,2099500.0,raspberry_pi_seeed_gsr,"2099500,1.5182"
2026-05-31T15:40:26.079,test89,self_20260531_154022,clip_033,1,rest,,1.5215,2099521.0,raspberry_pi_seeed_gsr,"2099521,1.5215"
2026-05-31T15:40:26.100,test89,self_20260531_154022,clip_033,1,rest,,1.5191,2099543.0,raspberry_pi_seeed_gsr,"2099543,1.5191"
2026-05-31T15:40:26.120,test89,self_20260531_154022,clip_033,1,rest,,1.5086,2099563.0,raspberry_pi_seeed_gsr,"2099563,1.5086"
2026-05-31T15:40:26.141,test89,self_20260531_154022,clip_033,1,rest,,1.5207,2099584.0,raspberry_pi_seeed_gsr,"2099584,1.5207"
2026-05-31T15:40:26.163,test89,self_20260531_154022,clip_033,1,rest,,1.5223,2099605.0,raspberry_pi_seeed_gsr,"2099605,1.5223"
2026-05-31T15:40:26.184,test89,self_20260531_154022,clip_033,1,rest,,1.5247,2099626.0,raspberry_pi_seeed_gsr,"2099626,1.5247"
2026-05-31T15:40:26.204,test89,self_20260531_154022,clip_033,1,rest,,1.5199,2099647.0,raspberry_pi_seeed_gsr,"2099647,1.5199"
2026-05-31T15:40:26.251,test89,self_20260531_154022,clip_033,1,rest,,1.5239,2099668.0,raspberry_pi_seeed_gsr,"2099668,1.5239"
2026-05-31T15:40:26.252,test89,self_20260531_154022,clip_033,1,rest,,1.5295,2099689.0,raspberry_pi_seeed_gsr,"2099689,1.5295"
2026-05-31T15:40:26.267,test89,self_20260531_154022,clip_033,1,rest,,1.5239,2099710.0,raspberry_pi_seeed_gsr,"2099710,1.5239"
2026-05-31T15:40:26.288,test89,self_20260531_154022,clip_033,1,rest,,1.5255,2099731.0,raspberry_pi_seeed_gsr,"2099731,1.5255"
2026-05-31T15:40:26.309,test89,self_20260531_154022,clip_033,1,rest,,1.5247,2099752.0,raspberry_pi_seeed_gsr,"2099752,1.5247"
2026-05-31T15:40:26.330,test89,self_20260531_154022,clip_033,1,rest,,1.5239,2099773.0,raspberry_pi_seeed_gsr,"2099773,1.5239"
2026-05-31T15:40:26.352,test89,self_20260531_154022,clip_033,1,rest,,1.5239,2099794.0,raspberry_pi_seeed_gsr,"2099794,1.5239"
2026-05-31T15:40:26.373,test89,self_20260531_154022,clip_033,1,rest,,1.5255,2099815.0,raspberry_pi_seeed_gsr,"2099815,1.5255"
2026-05-31T15:40:26.394,test89,self_20260531_154022,clip_033,1,rest,,1.5239,2099836.0,raspberry_pi_seeed_gsr,"2099836,1.5239"
2026-05-31T15:40:26.415,test89,self_20260531_154022,clip_033,1,rest,,1.5287,2099857.0,raspberry_pi_seeed_gsr,"2099857,1.5287"
2026-05-31T15:40:26.436,test89,self_20260531_154022,clip_033,1,rest,,1.5255,2099878.0,raspberry_pi_seeed_gsr,"2099878,1.5255"
2026-05-31T15:40:26.457,test89,self_20260531_154022,clip_033,1,rest,,1.5255,2099899.0,raspberry_pi_seeed_gsr,"2099899,1.5255"
2026-05-31T15:40:26.478,test89,self_20260531_154022,clip_033,1,rest,,1.5263,2099920.0,raspberry_pi_seeed_gsr,"2099920,1.5263"
2026-05-31T15:40:26.517,test89,self_20260531_154022,clip_033,1,rest,,1.5279,2099941.0,raspberry_pi_seeed_gsr,"2099941,1.5279"
2026-05-31T15:40:26.520,test89,self_20260531_154022,clip_033,1,rest,,1.5199,2099962.0,raspberry_pi_seeed_gsr,"2099962,1.5199"
2026-05-31T15:40:26.541,test89,self_20260531_154022,clip_033,1,rest,,1.5263,2099983.0,raspberry_pi_seeed_gsr,"2099983,1.5263"
2026-05-31T15:40:26.562,test89,self_20260531_154022,clip_033,1,rest,,1.5231,2100004.0,raspberry_pi_seeed_gsr,"2100004,1.5231"
2026-05-31T15:40:26.583,test89,self_20260531_154022,clip_033,1,rest,,1.5182,2100026.0,raspberry_pi_seeed_gsr,"2100026,1.5182"
2026-05-31T15:40:26.604,test89,self_20260531_154022,clip_033,1,rest,,1.5271,2100047.0,raspberry_pi_seeed_gsr,"2100047,1.5271"
2026-05-31T15:40:26.624,test89,self_20260531_154022,clip_033,1,rest,,1.5263,2100067.0,raspberry_pi_seeed_gsr,"2100067,1.5263"
2026-05-31T15:40:26.645,test89,self_20260531_154022,clip_033,1,rest,,1.5263,2100088.0,raspberry_pi_seeed_gsr,"2100088,1.5263"
2026-05-31T15:40:26.666,test89,self_20260531_154022,clip_033,1,rest,,1.5231,2100109.0,raspberry_pi_seeed_gsr,"2100109,1.5231"
2026-05-31T15:40:26.688,test89,self_20260531_154022,clip_033,1,rest,,1.536,2100130.0,raspberry_pi_seeed_gsr,"2100130,1.5360"
2026-05-31T15:40:26.708,test89,self_20260531_154022,clip_033,1,rest,,1.5311,2100151.0,raspberry_pi_seeed_gsr,"2100151,1.5311"
2026-05-31T15:40:26.729,test89,self_20260531_154022,clip_033,1,rest,,1.5295,2100172.0,raspberry_pi_seeed_gsr,"2100172,1.5295"
2026-05-31T15:40:26.773,test89,self_20260531_154022,clip_033,1,rest,,1.5271,2100193.0,raspberry_pi_seeed_gsr,"2100193,1.5271"
2026-05-31T15:40:26.774,test89,self_20260531_154022,clip_033,1,rest,,1.5287,2100214.0,raspberry_pi_seeed_gsr,"2100214,1.5287"
2026-05-31T15:40:26.792,test89,self_20260531_154022,clip_033,1,rest,,1.5279,2100235.0,raspberry_pi_seeed_gsr,"2100235,1.5279"
2026-05-31T15:40:26.814,test89,self_20260531_154022,clip_033,1,rest,,1.5279,2100256.0,raspberry_pi_seeed_gsr,"2100256,1.5279"
2026-05-31T15:40:26.834,test89,self_20260531_154022,clip_033,1,rest,,1.5311,2100277.0,raspberry_pi_seeed_gsr,"2100277,1.5311"
2026-05-31T15:40:26.856,test89,self_20260531_154022,clip_033,1,rest,,1.5311,2100298.0,raspberry_pi_seeed_gsr,"2100298,1.5311"
2026-05-31T15:40:26.877,test89,self_20260531_154022,clip_033,1,rest,,1.5303,2100319.0,raspberry_pi_seeed_gsr,"2100319,1.5303"
2026-05-31T15:40:26.898,test89,self_20260531_154022,clip_033,1,rest,,1.5303,2100340.0,raspberry_pi_seeed_gsr,"2100340,1.5303"
2026-05-31T15:40:26.919,test89,self_20260531_154022,clip_033,1,rest,,1.5287,2100361.0,raspberry_pi_seeed_gsr,"2100361,1.5287"
2026-05-31T15:40:26.940,test89,self_20260531_154022,clip_033,1,rest,,1.5344,2100382.0,raspberry_pi_seeed_gsr,"2100382,1.5344"
2026-05-31T15:40:26.961,test89,self_20260531_154022,clip_033,1,rest,,1.5303,2100403.0,raspberry_pi_seeed_gsr,"2100403,1.5303"
2026-05-31T15:40:26.982,test89,self_20260531_154022,clip_033,1,rest,,1.5327,2100424.0,raspberry_pi_seeed_gsr,"2100424,1.5327"
2026-05-31T15:40:27.030,test89,self_20260531_154022,clip_033,1,rest,,1.5295,2100445.0,raspberry_pi_seeed_gsr,"2100445,1.5295"
2026-05-31T15:40:27.031,test89,self_20260531_154022,clip_033,1,rest,,1.5279,2100466.0,raspberry_pi_seeed_gsr,"2100466,1.5279"
2026-05-31T15:40:27.045,test89,self_20260531_154022,clip_033,1,rest,,1.5303,2100487.0,raspberry_pi_seeed_gsr,"2100487,1.5303"
2026-05-31T15:40:27.066,test89,self_20260531_154022,clip_033,1,rest,,1.5319,2100508.0,raspberry_pi_seeed_gsr,"2100508,1.5319"
2026-05-31T15:40:27.087,test89,self_20260531_154022,clip_033,1,rest,,1.5231,2100530.0,raspberry_pi_seeed_gsr,"2100530,1.5231"
2026-05-31T15:40:27.107,test89,self_20260531_154022,clip_033,1,rest,,1.5199,2100550.0,raspberry_pi_seeed_gsr,"2100550,1.5199"
2026-05-31T15:40:27.128,test89,self_20260531_154022,clip_033,1,rest,,1.5118,2100571.0,raspberry_pi_seeed_gsr,"2100571,1.5118"
2026-05-31T15:40:27.149,test89,self_20260531_154022,clip_033,1,rest,,1.5046,2100592.0,raspberry_pi_seeed_gsr,"2100592,1.5046"
2026-05-31T15:40:27.170,test89,self_20260531_154022,clip_033,1,rest,,1.5054,2100613.0,raspberry_pi_seeed_gsr,"2100613,1.5054"
2026-05-31T15:40:27.192,test89,self_20260531_154022,clip_033,1,rest,,1.4965,2100634.0,raspberry_pi_seeed_gsr,"2100634,1.4965"
2026-05-31T15:40:27.212,test89,self_20260531_154022,clip_033,1,rest,,1.4925,2100655.0,raspberry_pi_seeed_gsr,"2100655,1.4925"
2026-05-31T15:40:27.233,test89,self_20260531_154022,clip_033,1,rest,,1.49,2100676.0,raspberry_pi_seeed_gsr,"2100676,1.4900"
2026-05-31T15:40:27.264,test89,self_20260531_154022,clip_033,1,rest,,1.4876,2100697.0,raspberry_pi_seeed_gsr,"2100697,1.4876"
2026-05-31T15:40:27.275,test89,self_20260531_154022,clip_033,1,rest,,1.4876,2100718.0,raspberry_pi_seeed_gsr,"2100718,1.4876"
2026-05-31T15:40:27.297,test89,self_20260531_154022,clip_033,1,rest,,1.4828,2100739.0,raspberry_pi_seeed_gsr,"2100739,1.4828"
2026-05-31T15:40:27.317,test89,self_20260531_154022,clip_033,1,rest,,1.4812,2100760.0,raspberry_pi_seeed_gsr,"2100760,1.4812"
2026-05-31T15:40:27.339,test89,self_20260531_154022,clip_033,1,rest,,1.4836,2100781.0,raspberry_pi_seeed_gsr,"2100781,1.4836"
2026-05-31T15:40:27.360,test89,self_20260531_154022,clip_033,1,rest,,1.4772,2100802.0,raspberry_pi_seeed_gsr,"2100802,1.4772"
2026-05-31T15:40:27.381,test89,self_20260531_154022,clip_033,1,rest,,1.4788,2100823.0,raspberry_pi_seeed_gsr,"2100823,1.4788"
2026-05-31T15:40:27.402,test89,self_20260531_154022,clip_033,1,rest,,1.478,2100844.0,raspberry_pi_seeed_gsr,"2100844,1.4780"
2026-05-31T15:40:27.423,test89,self_20260531_154022,clip_033,1,rest,,1.4764,2100865.0,raspberry_pi_seeed_gsr,"2100865,1.4764"
2026-05-31T15:40:27.444,test89,self_20260531_154022,clip_033,1,rest,,1.4739,2100886.0,raspberry_pi_seeed_gsr,"2100886,1.4739"
2026-05-31T15:40:27.465,test89,self_20260531_154022,clip_033,1,rest,,1.4788,2100907.0,raspberry_pi_seeed_gsr,"2100907,1.4788"
2026-05-31T15:40:27.486,test89,self_20260531_154022,clip_033,1,rest,,1.4764,2100928.0,raspberry_pi_seeed_gsr,"2100928,1.4764"
2026-05-31T15:40:27.526,test89,self_20260531_154022,clip_033,1,rest,,1.482,2100949.0,raspberry_pi_seeed_gsr,"2100949,1.4820"
2026-05-31T15:40:27.528,test89,self_20260531_154022,clip_033,1,rest,,1.4747,2100970.0,raspberry_pi_seeed_gsr,"2100970,1.4747"
2026-05-31T15:40:27.549,test89,self_20260531_154022,clip_033,1,rest,,1.478,2100991.0,raspberry_pi_seeed_gsr,"2100991,1.4780"
2026-05-31T15:40:27.570,test89,self_20260531_154022,clip_033,1,rest,,1.4772,2101012.0,raspberry_pi_seeed_gsr,"2101012,1.4772"
2026-05-31T15:40:27.591,test89,self_20260531_154022,clip_033,1,rest,,1.4699,2101034.0,raspberry_pi_seeed_gsr,"2101034,1.4699"
2026-05-31T15:40:27.612,test89,self_20260531_154022,clip_033,1,rest,,1.4747,2101054.0,raspberry_pi_seeed_gsr,"2101054,1.4747"
2026-05-31T15:40:27.633,test89,self_20260531_154022,clip_033,1,rest,,1.4764,2101075.0,raspberry_pi_seeed_gsr,"2101075,1.4764"
2026-05-31T15:40:27.654,test89,self_20260531_154022,clip_033,1,rest,,1.4739,2101097.0,raspberry_pi_seeed_gsr,"2101097,1.4739"
2026-05-31T15:40:27.674,test89,self_20260531_154022,clip_033,1,rest,,1.4707,2101117.0,raspberry_pi_seeed_gsr,"2101117,1.4707"
2026-05-31T15:40:27.695,test89,self_20260531_154022,clip_033,1,rest,,1.4699,2101137.0,raspberry_pi_seeed_gsr,"2101137,1.4699"
2026-05-31T15:40:27.715,test89,self_20260531_154022,clip_033,1,rest,,1.4715,2101158.0,raspberry_pi_seeed_gsr,"2101158,1.4715"
2026-05-31T15:40:27.736,test89,self_20260531_154022,clip_033,1,rest,,1.4739,2101179.0,raspberry_pi_seeed_gsr,"2101179,1.4739"
2026-05-31T15:40:27.782,test89,self_20260531_154022,clip_033,1,rest,,1.4731,2101200.0,raspberry_pi_seeed_gsr,"2101200,1.4731"
2026-05-31T15:40:27.783,test89,self_20260531_154022,clip_033,1,rest,,1.4723,2101221.0,raspberry_pi_seeed_gsr,"2101221,1.4723"
2026-05-31T15:40:27.799,test89,self_20260531_154022,clip_033,1,rest,,1.4683,2101242.0,raspberry_pi_seeed_gsr,"2101242,1.4683"
2026-05-31T15:40:27.820,test89,self_20260531_154022,clip_033,1,rest,,1.4699,2101263.0,raspberry_pi_seeed_gsr,"2101263,1.4699"
2026-05-31T15:40:27.841,test89,self_20260531_154022,clip_033,1,rest,,1.4723,2101284.0,raspberry_pi_seeed_gsr,"2101284,1.4723"
2026-05-31T15:40:27.862,test89,self_20260531_154022,clip_033,1,rest,,1.4651,2101305.0,raspberry_pi_seeed_gsr,"2101305,1.4651"
2026-05-31T15:40:27.883,test89,self_20260531_154022,clip_033,1,rest,,1.4715,2101326.0,raspberry_pi_seeed_gsr,"2101326,1.4715"
2026-05-31T15:40:27.905,test89,self_20260531_154022,clip_033,1,rest,,1.4683,2101347.0,raspberry_pi_seeed_gsr,"2101347,1.4683"
2026-05-31T15:40:27.926,test89,self_20260531_154022,clip_033,1,rest,,1.4739,2101368.0,raspberry_pi_seeed_gsr,"2101368,1.4739"
2026-05-31T15:40:27.947,test89,self_20260531_154022,clip_033,1,rest,,1.4699,2101389.0,raspberry_pi_seeed_gsr,"2101389,1.4699"
2026-05-31T15:40:27.968,test89,self_20260531_154022,clip_033,1,rest,,1.4635,2101410.0,raspberry_pi_seeed_gsr,"2101410,1.4635"
2026-05-31T15:40:27.989,test89,self_20260531_154022,clip_033,1,rest,,1.4707,2101431.0,raspberry_pi_seeed_gsr,"2101431,1.4707"
2026-05-31T15:40:28.035,test89,self_20260531_154022,clip_033,1,rest,,1.4723,2101452.0,raspberry_pi_seeed_gsr,"2101452,1.4723"
2026-05-31T15:40:28.036,test89,self_20260531_154022,clip_033,1,rest,,1.4707,2101473.0,raspberry_pi_seeed_gsr,"2101473,1.4707"
2026-05-31T15:40:28.052,test89,self_20260531_154022,clip_033,1,rest,,1.4731,2101494.0,raspberry_pi_seeed_gsr,"2101494,1.4731"
2026-05-31T15:40:28.073,test89,self_20260531_154022,clip_033,1,rest,,1.4699,2101515.0,raspberry_pi_seeed_gsr,"2101515,1.4699"
2026-05-31T15:40:28.094,test89,self_20260531_154022,clip_033,1,rest,,1.4683,2101536.0,raspberry_pi_seeed_gsr,"2101536,1.4683"
2026-05-31T15:40:28.115,test89,self_20260531_154022,clip_033,1,rest,,1.4667,2101557.0,raspberry_pi_seeed_gsr,"2101557,1.4667"
2026-05-31T15:40:28.136,test89,self_20260531_154022,clip_033,1,rest,,1.4715,2101578.0,raspberry_pi_seeed_gsr,"2101578,1.4715"
2026-05-31T15:40:28.157,test89,self_20260531_154022,clip_033,1,rest,,1.4667,2101599.0,raspberry_pi_seeed_gsr,"2101599,1.4667"
2026-05-31T15:40:28.178,test89,self_20260531_154022,clip_033,1,rest,,1.4739,2101620.0,raspberry_pi_seeed_gsr,"2101620,1.4739"
2026-05-31T15:40:28.199,test89,self_20260531_154022,clip_033,1,rest,,1.4699,2101641.0,raspberry_pi_seeed_gsr,"2101641,1.4699"
2026-05-31T15:40:28.220,test89,self_20260531_154022,clip_033,1,rest,,1.4715,2101662.0,raspberry_pi_seeed_gsr,"2101662,1.4715"
2026-05-31T15:40:28.241,test89,self_20260531_154022,clip_033,1,rest,,1.4747,2101683.0,raspberry_pi_seeed_gsr,"2101683,1.4747"
2026-05-31T15:40:28.283,test89,self_20260531_154022,clip_033,1,rest,,1.4715,2101704.0,raspberry_pi_seeed_gsr,"2101704,1.4715"
2026-05-31T15:40:28.284,test89,self_20260531_154022,clip_033,1,rest,,1.4683,2101725.0,raspberry_pi_seeed_gsr,"2101725,1.4683"
2026-05-31T15:40:28.304,test89,self_20260531_154022,clip_033,1,rest,,1.4707,2101747.0,raspberry_pi_seeed_gsr,"2101747,1.4707"
2026-05-31T15:40:28.324,test89,self_20260531_154022,clip_033,1,rest,,1.4715,2101767.0,raspberry_pi_seeed_gsr,"2101767,1.4715"
2026-05-31T15:40:28.345,test89,self_20260531_154022,clip_033,1,rest,,1.4739,2101788.0,raspberry_pi_seeed_gsr,"2101788,1.4739"
2026-05-31T15:40:28.366,test89,self_20260531_154022,clip_033,1,rest,,1.4764,2101809.0,raspberry_pi_seeed_gsr,"2101809,1.4764"
2026-05-31T15:40:28.387,test89,self_20260531_154022,clip_033,1,rest,,1.4715,2101830.0,raspberry_pi_seeed_gsr,"2101830,1.4715"
2026-05-31T15:40:28.408,test89,self_20260531_154022,clip_033,1,rest,,1.4667,2101851.0,raspberry_pi_seeed_gsr,"2101851,1.4667"
2026-05-31T15:40:28.429,test89,self_20260531_154022,clip_033,1,rest,,1.4699,2101872.0,raspberry_pi_seeed_gsr,"2101872,1.4699"
2026-05-31T15:40:28.450,test89,self_20260531_154022,clip_033,1,rest,,1.4675,2101893.0,raspberry_pi_seeed_gsr,"2101893,1.4675"
2026-05-31T15:40:28.472,test89,self_20260531_154022,clip_033,1,rest,,1.4723,2101914.0,raspberry_pi_seeed_gsr,"2101914,1.4723"
2026-05-31T15:40:28.492,test89,self_20260531_154022,clip_033,1,rest,,1.4675,2101935.0,raspberry_pi_seeed_gsr,"2101935,1.4675"
2026-05-31T15:40:28.524,test89,self_20260531_154022,clip_033,1,rest,,1.4731,2101956.0,raspberry_pi_seeed_gsr,"2101956,1.4731"
2026-05-31T15:40:28.534,test89,self_20260531_154022,clip_033,1,rest,,1.4715,2101977.0,raspberry_pi_seeed_gsr,"2101977,1.4715"
2026-05-31T15:40:28.556,test89,self_20260531_154022,clip_033,1,rest,,1.4715,2101998.0,raspberry_pi_seeed_gsr,"2101998,1.4715"
2026-05-31T15:40:28.577,test89,self_20260531_154022,clip_033,1,rest,,1.4739,2102019.0,raspberry_pi_seeed_gsr,"2102019,1.4739"
2026-05-31T15:40:28.598,test89,self_20260531_154022,clip_033,1,rest,,1.4715,2102040.0,raspberry_pi_seeed_gsr,"2102040,1.4715"
2026-05-31T15:40:28.619,test89,self_20260531_154022,clip_033,1,rest,,1.4707,2102061.0,raspberry_pi_seeed_gsr,"2102061,1.4707"
2026-05-31T15:40:28.640,test89,self_20260531_154022,clip_033,1,rest,,1.4707,2102082.0,raspberry_pi_seeed_gsr,"2102082,1.4707"
2026-05-31T15:40:28.661,test89,self_20260531_154022,clip_033,1,rest,,1.4723,2102103.0,raspberry_pi_seeed_gsr,"2102103,1.4723"
2026-05-31T15:40:28.682,test89,self_20260531_154022,clip_033,1,rest,,1.4723,2102124.0,raspberry_pi_seeed_gsr,"2102124,1.4723"
2026-05-31T15:40:28.703,test89,self_20260531_154022,clip_033,1,rest,,1.4723,2102145.0,raspberry_pi_seeed_gsr,"2102145,1.4723"
2026-05-31T15:40:28.724,test89,self_20260531_154022,clip_033,1,rest,,1.4764,2102166.0,raspberry_pi_seeed_gsr,"2102166,1.4764"
2026-05-31T15:40:28.745,test89,self_20260531_154022,clip_033,1,rest,,1.4731,2102187.0,raspberry_pi_seeed_gsr,"2102187,1.4731"
2026-05-31T15:40:28.794,test89,self_20260531_154022,clip_033,1,rest,,1.4731,2102208.0,raspberry_pi_seeed_gsr,"2102208,1.4731"
2026-05-31T15:40:28.795,test89,self_20260531_154022,clip_033,1,rest,,1.4667,2102229.0,raspberry_pi_seeed_gsr,"2102229,1.4667"
2026-05-31T15:40:28.808,test89,self_20260531_154022,clip_033,1,rest,,1.4723,2102250.0,raspberry_pi_seeed_gsr,"2102250,1.4723"
2026-05-31T15:40:28.828,test89,self_20260531_154022,clip_033,1,rest,,1.4715,2102271.0,raspberry_pi_seeed_gsr,"2102271,1.4715"
2026-05-31T15:40:28.848,test89,self_20260531_154022,clip_033,1,rest,,1.4941,2102291.0,raspberry_pi_seeed_gsr,"2102291,1.4941"
2026-05-31T15:40:28.869,test89,self_20260531_154022,clip_033,1,rest,,1.4707,2102312.0,raspberry_pi_seeed_gsr,"2102312,1.4707"
2026-05-31T15:40:28.890,test89,self_20260531_154022,clip_033,1,rest,,1.4707,2102333.0,raspberry_pi_seeed_gsr,"2102333,1.4707"
2026-05-31T15:40:28.911,test89,self_20260531_154022,clip_033,1,rest,,1.4723,2102354.0,raspberry_pi_seeed_gsr,"2102354,1.4723"
2026-05-31T15:40:28.932,test89,self_20260531_154022,clip_033,1,rest,,1.4715,2102375.0,raspberry_pi_seeed_gsr,"2102375,1.4715"
2026-05-31T15:40:28.954,test89,self_20260531_154022,clip_033,1,rest,,1.4707,2102396.0,raspberry_pi_seeed_gsr,"2102396,1.4707"
2026-05-31T15:40:28.975,test89,self_20260531_154022,clip_033,1,rest,,1.4659,2102417.0,raspberry_pi_seeed_gsr,"2102417,1.4659"
2026-05-31T15:40:28.996,test89,self_20260531_154022,clip_033,1,rest,,1.4715,2102438.0,raspberry_pi_seeed_gsr,"2102438,1.4715"
2026-05-31T15:40:29.045,test89,self_20260531_154022,clip_033,1,rest,,1.4715,2102459.0,raspberry_pi_seeed_gsr,"2102459,1.4715"
2026-05-31T15:40:29.046,test89,self_20260531_154022,clip_033,1,rest,,1.4675,2102480.0,raspberry_pi_seeed_gsr,"2102480,1.4675"
2026-05-31T15:40:29.059,test89,self_20260531_154022,clip_033,1,rest,,1.4683,2102501.0,raspberry_pi_seeed_gsr,"2102501,1.4683"
2026-05-31T15:40:29.080,test89,self_20260531_154022,clip_033,1,rest,,1.4683,2102522.0,raspberry_pi_seeed_gsr,"2102522,1.4683"
2026-05-31T15:40:29.101,test89,self_20260531_154022,clip_033,1,rest,,1.4683,2102543.0,raspberry_pi_seeed_gsr,"2102543,1.4683"
2026-05-31T15:40:29.122,test89,self_20260531_154022,clip_033,1,rest,,1.4707,2102564.0,raspberry_pi_seeed_gsr,"2102564,1.4707"
2026-05-31T15:40:29.143,test89,self_20260531_154022,clip_033,1,rest,,1.4707,2102585.0,raspberry_pi_seeed_gsr,"2102585,1.4707"
2026-05-31T15:40:29.164,test89,self_20260531_154022,clip_033,1,rest,,1.4691,2102606.0,raspberry_pi_seeed_gsr,"2102606,1.4691"
2026-05-31T15:40:29.185,test89,self_20260531_154022,clip_033,1,rest,,1.4715,2102627.0,raspberry_pi_seeed_gsr,"2102627,1.4715"
2026-05-31T15:40:29.206,test89,self_20260531_154022,clip_033,1,rest,,1.4659,2102648.0,raspberry_pi_seeed_gsr,"2102648,1.4659"
2026-05-31T15:40:29.227,test89,self_20260531_154022,clip_033,1,rest,,1.4699,2102669.0,raspberry_pi_seeed_gsr,"2102669,1.4699"
2026-05-31T15:40:29.249,test89,self_20260531_154022,clip_033,1,rest,,1.4667,2102690.0,raspberry_pi_seeed_gsr,"2102690,1.4667"
2026-05-31T15:40:29.282,test89,self_20260531_154022,clip_033,1,rest,,1.4699,2102711.0,raspberry_pi_seeed_gsr,"2102711,1.4699"
2026-05-31T15:40:29.290,test89,self_20260531_154022,clip_033,1,rest,,1.4683,2102732.0,raspberry_pi_seeed_gsr,"2102732,1.4683"
2026-05-31T15:40:29.311,test89,self_20260531_154022,clip_033,1,rest,,1.4691,2102753.0,raspberry_pi_seeed_gsr,"2102753,1.4691"
2026-05-31T15:40:29.332,test89,self_20260531_154022,clip_033,1,rest,,1.4691,2102774.0,raspberry_pi_seeed_gsr,"2102774,1.4691"
2026-05-31T15:40:29.353,test89,self_20260531_154022,clip_033,1,rest,,1.4683,2102796.0,raspberry_pi_seeed_gsr,"2102796,1.4683"
2026-05-31T15:40:29.373,test89,self_20260531_154022,clip_033,1,rest,,1.4699,2102816.0,raspberry_pi_seeed_gsr,"2102816,1.4699"
2026-05-31T15:40:29.393,test89,self_20260531_154022,clip_033,1,rest,,1.4675,2102836.0,raspberry_pi_seeed_gsr,"2102836,1.4675"
2026-05-31T15:40:29.414,test89,self_20260531_154022,clip_033,1,rest,,1.4667,2102857.0,raspberry_pi_seeed_gsr,"2102857,1.4667"
2026-05-31T15:40:29.435,test89,self_20260531_154022,clip_033,1,rest,,1.4675,2102878.0,raspberry_pi_seeed_gsr,"2102878,1.4675"
2026-05-31T15:40:29.456,test89,self_20260531_154022,clip_033,1,rest,,1.4667,2102899.0,raspberry_pi_seeed_gsr,"2102899,1.4667"
2026-05-31T15:40:29.478,test89,self_20260531_154022,clip_033,1,rest,,1.4691,2102920.0,raspberry_pi_seeed_gsr,"2102920,1.4691"
2026-05-31T15:40:29.498,test89,self_20260531_154022,clip_033,1,rest,,1.4699,2102941.0,raspberry_pi_seeed_gsr,"2102941,1.4699"
2026-05-31T15:40:29.520,test89,self_20260531_154022,clip_033,1,rest,,1.4683,2102962.0,raspberry_pi_seeed_gsr,"2102962,1.4683"
2026-05-31T15:40:29.557,test89,self_20260531_154022,clip_033,1,rest,,1.4643,2102983.0,raspberry_pi_seeed_gsr,"2102983,1.4643"
2026-05-31T15:40:29.561,test89,self_20260531_154022,clip_033,1,rest,,1.4675,2103004.0,raspberry_pi_seeed_gsr,"2103004,1.4675"
2026-05-31T15:40:29.582,test89,self_20260531_154022,clip_033,1,rest,,1.4675,2103025.0,raspberry_pi_seeed_gsr,"2103025,1.4675"
2026-05-31T15:40:29.604,test89,self_20260531_154022,clip_033,1,rest,,1.4651,2103046.0,raspberry_pi_seeed_gsr,"2103046,1.4651"
2026-05-31T15:40:29.625,test89,self_20260531_154022,clip_033,1,rest,,1.4659,2103067.0,raspberry_pi_seeed_gsr,"2103067,1.4659"
2026-05-31T15:40:29.646,test89,self_20260531_154022,clip_033,1,rest,,1.4578,2103088.0,raspberry_pi_seeed_gsr,"2103088,1.4578"
2026-05-31T15:40:29.667,test89,self_20260531_154022,clip_033,1,rest,,1.4618,2103109.0,raspberry_pi_seeed_gsr,"2103109,1.4618"
2026-05-31T15:40:29.688,test89,self_20260531_154022,clip_033,1,rest,,1.4618,2103130.0,raspberry_pi_seeed_gsr,"2103130,1.4618"
2026-05-31T15:40:29.709,test89,self_20260531_154022,clip_033,1,rest,,1.4618,2103151.0,raspberry_pi_seeed_gsr,"2103151,1.4618"
2026-05-31T15:40:29.730,test89,self_20260531_154022,clip_033,1,rest,,1.4602,2103172.0,raspberry_pi_seeed_gsr,"2103172,1.4602"
2026-05-31T15:40:29.751,test89,self_20260531_154022,clip_033,1,rest,,1.4651,2103193.0,raspberry_pi_seeed_gsr,"2103193,1.4651"
2026-05-31T15:40:29.772,test89,self_20260531_154022,clip_033,1,rest,,1.4627,2103214.0,raspberry_pi_seeed_gsr,"2103214,1.4627"
2026-05-31T15:40:29.819,test89,self_20260531_154022,clip_033,1,rest,,1.4618,2103235.0,raspberry_pi_seeed_gsr,"2103235,1.4618"
2026-05-31T15:40:29.820,test89,self_20260531_154022,clip_033,1,rest,,1.4627,2103256.0,raspberry_pi_seeed_gsr,"2103256,1.4627"
2026-05-31T15:40:29.835,test89,self_20260531_154022,clip_033,1,rest,,1.4594,2103277.0,raspberry_pi_seeed_gsr,"2103277,1.4594"
2026-05-31T15:40:29.856,test89,self_20260531_154022,clip_033,1,rest,,1.461,2103298.0,raspberry_pi_seeed_gsr,"2103298,1.4610"
2026-05-31T15:40:29.877,test89,self_20260531_154022,clip_033,1,rest,,1.457,2103319.0,raspberry_pi_seeed_gsr,"2103319,1.4570"
2026-05-31T15:40:29.898,test89,self_20260531_154022,clip_033,1,rest,,1.4578,2103341.0,raspberry_pi_seeed_gsr,"2103341,1.4578"
2026-05-31T15:40:29.918,test89,self_20260531_154022,clip_033,1,rest,,1.457,2103361.0,raspberry_pi_seeed_gsr,"2103361,1.4570"
2026-05-31T15:40:29.939,test89,self_20260531_154022,clip_033,1,rest,,1.4554,2103382.0,raspberry_pi_seeed_gsr,"2103382,1.4554"
2026-05-31T15:40:29.960,test89,self_20260531_154022,clip_033,1,rest,,1.4538,2103403.0,raspberry_pi_seeed_gsr,"2103403,1.4538"
2026-05-31T15:40:29.981,test89,self_20260531_154022,clip_033,1,rest,,1.4522,2103424.0,raspberry_pi_seeed_gsr,"2103424,1.4522"
2026-05-31T15:40:30.003,test89,self_20260531_154022,clip_033,1,rest,,1.4522,2103445.0,raspberry_pi_seeed_gsr,"2103445,1.4522"
2026-05-31T15:40:30.024,test89,self_20260531_154022,clip_033,1,rest,,1.4522,2103466.0,raspberry_pi_seeed_gsr,"2103466,1.4522"
2026-05-31T15:40:30.071,test89,self_20260531_154022,clip_033,1,rest,,1.4482,2103487.0,raspberry_pi_seeed_gsr,"2103487,1.4482"
2026-05-31T15:40:30.072,test89,self_20260531_154022,clip_033,1,rest,,1.4465,2103508.0,raspberry_pi_seeed_gsr,"2103508,1.4465"
2026-05-31T15:40:30.086,test89,self_20260531_154022,clip_033,1,rest,,1.4482,2103529.0,raspberry_pi_seeed_gsr,"2103529,1.4482"
2026-05-31T15:40:30.108,test89,self_20260531_154022,clip_033,1,rest,,1.4457,2103550.0,raspberry_pi_seeed_gsr,"2103550,1.4457"
2026-05-31T15:40:30.129,test89,self_20260531_154022,clip_033,1,rest,,1.449,2103571.0,raspberry_pi_seeed_gsr,"2103571,1.4490"
2026-05-31T15:40:30.150,test89,self_20260531_154022,clip_033,1,rest,,1.4465,2103592.0,raspberry_pi_seeed_gsr,"2103592,1.4465"
2026-05-31T15:40:30.171,test89,self_20260531_154022,clip_033,1,rest,,1.4449,2103613.0,raspberry_pi_seeed_gsr,"2103613,1.4449"
2026-05-31T15:40:30.192,test89,self_20260531_154022,clip_033,1,rest,,1.4457,2103634.0,raspberry_pi_seeed_gsr,"2103634,1.4457"
2026-05-31T15:40:30.213,test89,self_20260531_154022,clip_033,1,rest,,1.4473,2103655.0,raspberry_pi_seeed_gsr,"2103655,1.4473"
2026-05-31T15:40:30.234,test89,self_20260531_154022,clip_033,1,rest,,1.449,2103676.0,raspberry_pi_seeed_gsr,"2103676,1.4490"
2026-05-31T15:40:30.255,test89,self_20260531_154022,clip_033,1,rest,,1.453,2103697.0,raspberry_pi_seeed_gsr,"2103697,1.4530"
2026-05-31T15:40:30.276,test89,self_20260531_154022,clip_033,1,rest,,1.4635,2103718.0,raspberry_pi_seeed_gsr,"2103718,1.4635"
2026-05-31T15:40:30.303,test89,self_20260531_154022,clip_033,1,rest,,1.4788,2103739.0,raspberry_pi_seeed_gsr,"2103739,1.4788"
2026-05-31T15:40:30.318,test89,self_20260531_154022,clip_033,1,rest,,1.4844,2103760.0,raspberry_pi_seeed_gsr,"2103760,1.4844"
2026-05-31T15:40:30.339,test89,self_20260531_154022,clip_033,1,rest,,1.4909,2103781.0,raspberry_pi_seeed_gsr,"2103781,1.4909"
2026-05-31T15:40:30.360,test89,self_20260531_154022,clip_033,1,rest,,1.4884,2103802.0,raspberry_pi_seeed_gsr,"2103802,1.4884"
2026-05-31T15:40:30.381,test89,self_20260531_154022,clip_033,1,rest,,1.4917,2103824.0,raspberry_pi_seeed_gsr,"2103824,1.4917"
2026-05-31T15:40:30.401,test89,self_20260531_154022,clip_033,1,rest,,1.4909,2103844.0,raspberry_pi_seeed_gsr,"2103844,1.4909"
2026-05-31T15:40:30.422,test89,self_20260531_154022,clip_033,1,rest,,1.4965,2103865.0,raspberry_pi_seeed_gsr,"2103865,1.4965"
2026-05-31T15:40:30.443,test89,self_20260531_154022,clip_033,1,rest,,1.5021,2103886.0,raspberry_pi_seeed_gsr,"2103886,1.5021"
2026-05-31T15:40:30.464,test89,self_20260531_154022,clip_033,1,rest,,1.4973,2103907.0,raspberry_pi_seeed_gsr,"2103907,1.4973"
2026-05-31T15:40:30.485,test89,self_20260531_154022,clip_033,1,rest,,1.5102,2103928.0,raspberry_pi_seeed_gsr,"2103928,1.5102"
2026-05-31T15:40:30.506,test89,self_20260531_154022,clip_033,1,rest,,1.5126,2103949.0,raspberry_pi_seeed_gsr,"2103949,1.5126"
2026-05-31T15:40:30.528,test89,self_20260531_154022,clip_033,1,rest,,1.5223,2103970.0,raspberry_pi_seeed_gsr,"2103970,1.5223"
2026-05-31T15:40:30.567,test89,self_20260531_154022,clip_033,1,rest,,1.5384,2103991.0,raspberry_pi_seeed_gsr,"2103991,1.5384"
2026-05-31T15:40:30.569,test89,self_20260531_154022,clip_033,1,rest,,1.5634,2104012.0,raspberry_pi_seeed_gsr,"2104012,1.5634"
2026-05-31T15:40:30.591,test89,self_20260531_154022,clip_033,1,rest,,1.6028,2104033.0,raspberry_pi_seeed_gsr,"2104033,1.6028"
2026-05-31T15:40:30.612,test89,self_20260531_154022,clip_033,1,rest,,1.623,2104054.0,raspberry_pi_seeed_gsr,"2104054,1.6230"
2026-05-31T15:40:30.633,test89,self_20260531_154022,clip_033,1,rest,,1.6343,2104075.0,raspberry_pi_seeed_gsr,"2104075,1.6343"
2026-05-31T15:40:30.654,test89,self_20260531_154022,clip_033,1,rest,,1.631,2104096.0,raspberry_pi_seeed_gsr,"2104096,1.6310"
2026-05-31T15:40:30.675,test89,self_20260531_154022,clip_033,1,rest,,1.627,2104117.0,raspberry_pi_seeed_gsr,"2104117,1.6270"
2026-05-31T15:40:30.696,test89,self_20260531_154022,clip_033,1,rest,,1.6262,2104138.0,raspberry_pi_seeed_gsr,"2104138,1.6262"
2026-05-31T15:40:30.717,test89,self_20260531_154022,clip_033,1,rest,,1.6198,2104159.0,raspberry_pi_seeed_gsr,"2104159,1.6198"
2026-05-31T15:40:30.738,test89,self_20260531_154022,clip_033,1,rest,,1.6036,2104180.0,raspberry_pi_seeed_gsr,"2104180,1.6036"
2026-05-31T15:40:30.759,test89,self_20260531_154022,clip_033,1,rest,,1.5859,2104201.0,raspberry_pi_seeed_gsr,"2104201,1.5859"
2026-05-31T15:40:30.780,test89,self_20260531_154022,clip_033,1,rest,,1.5706,2104222.0,raspberry_pi_seeed_gsr,"2104222,1.5706"
2026-05-31T15:40:30.809,test89,self_20260531_154022,clip_033,1,rest,,1.5424,2104243.0,raspberry_pi_seeed_gsr,"2104243,1.5424"
2026-05-31T15:40:30.822,test89,self_20260531_154022,clip_033,1,rest,,1.4933,2104265.0,raspberry_pi_seeed_gsr,"2104265,1.4933"
2026-05-31T15:40:30.842,test89,self_20260531_154022,clip_033,1,rest,,1.4425,2104285.0,raspberry_pi_seeed_gsr,"2104285,1.4425"
2026-05-31T15:40:30.863,test89,self_20260531_154022,clip_033,1,rest,,1.3917,2104306.0,raspberry_pi_seeed_gsr,"2104306,1.3917"
2026-05-31T15:40:30.884,test89,self_20260531_154022,clip_033,1,rest,,1.3409,2104327.0,raspberry_pi_seeed_gsr,"2104327,1.3409"
2026-05-31T15:40:30.905,test89,self_20260531_154022,clip_033,1,rest,,1.3047,2104348.0,raspberry_pi_seeed_gsr,"2104348,1.3047"
2026-05-31T15:40:30.926,test89,self_20260531_154022,clip_033,1,rest,,1.2773,2104369.0,raspberry_pi_seeed_gsr,"2104369,1.2773"
2026-05-31T15:40:30.947,test89,self_20260531_154022,clip_033,1,rest,,1.2515,2104390.0,raspberry_pi_seeed_gsr,"2104390,1.2515"
2026-05-31T15:40:30.968,test89,self_20260531_154022,clip_033,1,rest,,1.237,2104411.0,raspberry_pi_seeed_gsr,"2104411,1.2370"
2026-05-31T15:40:30.989,test89,self_20260531_154022,clip_033,1,rest,,1.2233,2104432.0,raspberry_pi_seeed_gsr,"2104432,1.2233"
2026-05-31T15:40:31.010,test89,self_20260531_154022,clip_033,1,rest,,1.2063,2104453.0,raspberry_pi_seeed_gsr,"2104453,1.2063"
2026-05-31T15:40:31.031,test89,self_20260531_154022,clip_033,1,rest,,1.1983,2104474.0,raspberry_pi_seeed_gsr,"2104474,1.1983"
2026-05-31T15:40:31.055,test89,self_20260531_154022,clip_033,1,rest,,1.1814,2104495.0,raspberry_pi_seeed_gsr,"2104495,1.1814"
2026-05-31T15:40:31.074,test89,self_20260531_154022,clip_033,1,rest,,1.1685,2104516.0,raspberry_pi_seeed_gsr,"2104516,1.1685"
2026-05-31T15:40:31.095,test89,self_20260531_154022,clip_033,1,rest,,1.1596,2104537.0,raspberry_pi_seeed_gsr,"2104537,1.1596"
2026-05-31T15:40:31.116,test89,self_20260531_154022,clip_033,1,rest,,1.1508,2104558.0,raspberry_pi_seeed_gsr,"2104558,1.1508"
2026-05-31T15:40:31.137,test89,self_20260531_154022,clip_033,1,rest,,1.1628,2104579.0,raspberry_pi_seeed_gsr,"2104579,1.1628"
2026-05-31T15:40:31.158,test89,self_20260531_154022,clip_033,1,rest,,1.1677,2104600.0,raspberry_pi_seeed_gsr,"2104600,1.1677"
2026-05-31T15:40:31.179,test89,self_20260531_154022,clip_033,1,rest,,1.1999,2104621.0,raspberry_pi_seeed_gsr,"2104621,1.1999"
2026-05-31T15:40:31.200,test89,self_20260531_154022,clip_033,1,rest,,1.2225,2104642.0,raspberry_pi_seeed_gsr,"2104642,1.2225"
2026-05-31T15:40:31.221,test89,self_20260531_154022,clip_033,1,rest,,1.2572,2104663.0,raspberry_pi_seeed_gsr,"2104663,1.2572"
2026-05-31T15:40:31.242,test89,self_20260531_154022,clip_033,1,rest,,1.2684,2104684.0,raspberry_pi_seeed_gsr,"2104684,1.2684"
2026-05-31T15:40:31.263,test89,self_20260531_154022,clip_033,1,rest,,1.2878,2104705.0,raspberry_pi_seeed_gsr,"2104705,1.2878"
2026-05-31T15:40:31.284,test89,self_20260531_154022,clip_033,1,rest,,1.3071,2104726.0,raspberry_pi_seeed_gsr,"2104726,1.3071"
2026-05-31T15:40:31.311,test89,self_20260531_154022,clip_033,1,rest,,1.3224,2104747.0,raspberry_pi_seeed_gsr,"2104747,1.3224"
2026-05-31T15:40:31.326,test89,self_20260531_154022,clip_033,1,rest,,1.3361,2104768.0,raspberry_pi_seeed_gsr,"2104768,1.3361"
2026-05-31T15:40:31.347,test89,self_20260531_154022,clip_033,1,rest,,1.3353,2104789.0,raspberry_pi_seeed_gsr,"2104789,1.3353"
2026-05-31T15:40:31.368,test89,self_20260531_154022,clip_033,1,rest,,1.3192,2104811.0,raspberry_pi_seeed_gsr,"2104811,1.3192"
2026-05-31T15:40:31.388,test89,self_20260531_154022,clip_033,1,rest,,1.2854,2104831.0,raspberry_pi_seeed_gsr,"2104831,1.2854"
2026-05-31T15:40:31.409,test89,self_20260531_154022,clip_033,1,rest,,1.237,2104852.0,raspberry_pi_seeed_gsr,"2104852,1.2370"
2026-05-31T15:40:31.430,test89,self_20260531_154022,clip_033,1,rest,,1.1741,2104873.0,raspberry_pi_seeed_gsr,"2104873,1.1741"
2026-05-31T15:40:31.451,test89,self_20260531_154022,clip_033,1,rest,,1.1169,2104894.0,raspberry_pi_seeed_gsr,"2104894,1.1169"
2026-05-31T15:40:31.472,test89,self_20260531_154022,clip_033,1,rest,,1.0734,2104915.0,raspberry_pi_seeed_gsr,"2104915,1.0734"
2026-05-31T15:40:31.493,test89,self_20260531_154022,clip_033,1,rest,,1.0444,2104936.0,raspberry_pi_seeed_gsr,"2104936,1.0444"
2026-05-31T15:40:31.514,test89,self_20260531_154022,clip_033,1,rest,,1.0194,2104957.0,raspberry_pi_seeed_gsr,"2104957,1.0194"
2026-05-31T15:40:31.535,test89,self_20260531_154022,clip_033,1,rest,,0.992,2104978.0,raspberry_pi_seeed_gsr,"2104978,0.9920"
2026-05-31T15:40:31.558,test89,self_20260531_154022,clip_033,1,rest,,0.9831,2104999.0,raspberry_pi_seeed_gsr,"2104999,0.9831"
2026-05-31T15:40:31.578,test89,self_20260531_154022,clip_033,1,rest,,0.9743,2105020.0,raspberry_pi_seeed_gsr,"2105020,0.9743"
2026-05-31T15:40:31.599,test89,self_20260531_154022,clip_033,1,rest,,0.9775,2105041.0,raspberry_pi_seeed_gsr,"2105041,0.9775"
2026-05-31T15:40:31.620,test89,self_20260531_154022,clip_033,1,rest,,0.9912,2105062.0,raspberry_pi_seeed_gsr,"2105062,0.9912"
2026-05-31T15:40:31.641,test89,self_20260531_154022,clip_033,1,rest,,1.0234,2105083.0,raspberry_pi_seeed_gsr,"2105083,1.0234"
2026-05-31T15:40:31.662,test89,self_20260531_154022,clip_033,1,rest,,1.0605,2105104.0,raspberry_pi_seeed_gsr,"2105104,1.0605"
2026-05-31T15:40:31.683,test89,self_20260531_154022,clip_033,1,rest,,1.1056,2105125.0,raspberry_pi_seeed_gsr,"2105125,1.1056"
2026-05-31T15:40:31.704,test89,self_20260531_154022,clip_033,1,rest,,1.1435,2105146.0,raspberry_pi_seeed_gsr,"2105146,1.1435"
2026-05-31T15:40:31.725,test89,self_20260531_154022,clip_033,1,rest,,1.1741,2105167.0,raspberry_pi_seeed_gsr,"2105167,1.1741"
2026-05-31T15:40:31.746,test89,self_20260531_154022,clip_033,1,rest,,1.1822,2105188.0,raspberry_pi_seeed_gsr,"2105188,1.1822"
2026-05-31T15:40:31.767,test89,self_20260531_154022,clip_033,1,rest,,1.208,2105209.0,raspberry_pi_seeed_gsr,"2105209,1.2080"
2026-05-31T15:40:31.788,test89,self_20260531_154022,clip_033,1,rest,,1.2096,2105230.0,raspberry_pi_seeed_gsr,"2105230,1.2096"
2026-05-31T15:40:31.811,test89,self_20260531_154022,clip_033,1,rest,,1.2023,2105252.0,raspberry_pi_seeed_gsr,"2105252,1.2023"
2026-05-31T15:40:31.829,test89,self_20260531_154022,clip_033,1,rest,,1.1902,2105272.0,raspberry_pi_seeed_gsr,"2105272,1.1902"
2026-05-31T15:40:31.850,test89,self_20260531_154022,clip_033,1,rest,,1.1717,2105293.0,raspberry_pi_seeed_gsr,"2105293,1.1717"
2026-05-31T15:40:31.871,test89,self_20260531_154022,clip_033,1,rest,,1.1572,2105314.0,raspberry_pi_seeed_gsr,"2105314,1.1572"
2026-05-31T15:40:31.892,test89,self_20260531_154022,clip_033,1,rest,,1.1411,2105335.0,raspberry_pi_seeed_gsr,"2105335,1.1411"
2026-05-31T15:40:31.913,test89,self_20260531_154022,clip_033,1,rest,,1.1354,2105356.0,raspberry_pi_seeed_gsr,"2105356,1.1354"
2026-05-31T15:40:31.934,test89,self_20260531_154022,clip_033,1,rest,,1.1153,2105377.0,raspberry_pi_seeed_gsr,"2105377,1.1153"
2026-05-31T15:40:31.955,test89,self_20260531_154022,clip_033,1,rest,,1.1048,2105398.0,raspberry_pi_seeed_gsr,"2105398,1.1048"
2026-05-31T15:40:31.977,test89,self_20260531_154022,clip_033,1,rest,,1.0952,2105419.0,raspberry_pi_seeed_gsr,"2105419,1.0952"
2026-05-31T15:40:31.998,test89,self_20260531_154022,clip_033,1,rest,,1.0871,2105440.0,raspberry_pi_seeed_gsr,"2105440,1.0871"
2026-05-31T15:40:32.019,test89,self_20260531_154022,clip_033,1,rest,,1.0774,2105461.0,raspberry_pi_seeed_gsr,"2105461,1.0774"
2026-05-31T15:40:32.040,test89,self_20260531_154022,clip_033,1,rest,,1.0621,2105482.0,raspberry_pi_seeed_gsr,"2105482,1.0621"
2026-05-31T15:40:32.065,test89,self_20260531_154022,clip_033,1,rest,,1.042,2105503.0,raspberry_pi_seeed_gsr,"2105503,1.0420"
2026-05-31T15:40:32.082,test89,self_20260531_154022,clip_033,1,rest,,1.021,2105524.0,raspberry_pi_seeed_gsr,"2105524,1.0210"
2026-05-31T15:40:32.103,test89,self_20260531_154022,clip_033,1,rest,,0.9992,2105545.0,raspberry_pi_seeed_gsr,"2105545,0.9992"
2026-05-31T15:40:32.124,test89,self_20260531_154022,clip_033,1,rest,,0.9831,2105566.0,raspberry_pi_seeed_gsr,"2105566,0.9831"
2026-05-31T15:40:32.145,test89,self_20260531_154022,clip_033,1,rest,,0.9686,2105587.0,raspberry_pi_seeed_gsr,"2105587,0.9686"
2026-05-31T15:40:32.166,test89,self_20260531_154022,clip_033,1,rest,,0.9582,2105608.0,raspberry_pi_seeed_gsr,"2105608,0.9582"
2026-05-31T15:40:32.187,test89,self_20260531_154022,clip_033,1,rest,,0.9477,2105629.0,raspberry_pi_seeed_gsr,"2105629,0.9477"
2026-05-31T15:40:32.208,test89,self_20260531_154022,clip_033,1,rest,,0.9388,2105650.0,raspberry_pi_seeed_gsr,"2105650,0.9388"
2026-05-31T15:40:32.229,test89,self_20260531_154022,clip_033,1,rest,,0.9219,2105672.0,raspberry_pi_seeed_gsr,"2105672,0.9219"
2026-05-31T15:40:32.249,test89,self_20260531_154022,clip_033,1,rest,,0.9106,2105692.0,raspberry_pi_seeed_gsr,"2105692,0.9106"
2026-05-31T15:40:32.269,test89,self_20260531_154022,clip_033,1,rest,,0.9042,2105712.0,raspberry_pi_seeed_gsr,"2105712,0.9042"
2026-05-31T15:40:32.290,test89,self_20260531_154022,clip_033,1,rest,,0.9001,2105733.0,raspberry_pi_seeed_gsr,"2105733,0.9001"
2026-05-31T15:40:32.319,test89,self_20260531_154022,clip_033,1,rest,,0.8937,2105754.0,raspberry_pi_seeed_gsr,"2105754,0.8937"
2026-05-31T15:40:32.332,test89,self_20260531_154022,clip_033,1,rest,,0.8897,2105775.0,raspberry_pi_seeed_gsr,"2105775,0.8897"
2026-05-31T15:40:32.354,test89,self_20260531_154022,clip_033,1,rest,,0.8848,2105796.0,raspberry_pi_seeed_gsr,"2105796,0.8848"
2026-05-31T15:40:32.375,test89,self_20260531_154022,clip_033,1,rest,,0.8768,2105817.0,raspberry_pi_seeed_gsr,"2105817,0.8768"
2026-05-31T15:40:32.396,test89,self_20260531_154022,clip_033,1,rest,,0.8808,2105838.0,raspberry_pi_seeed_gsr,"2105838,0.8808"
2026-05-31T15:40:32.417,test89,self_20260531_154022,clip_033,1,rest,,0.876,2105859.0,raspberry_pi_seeed_gsr,"2105859,0.8760"
2026-05-31T15:40:32.438,test89,self_20260531_154022,clip_033,1,rest,,0.8744,2105880.0,raspberry_pi_seeed_gsr,"2105880,0.8744"
2026-05-31T15:40:32.459,test89,self_20260531_154022,clip_033,1,rest,,0.8687,2105901.0,raspberry_pi_seeed_gsr,"2105901,0.8687"
2026-05-31T15:40:32.480,test89,self_20260531_154022,clip_033,1,rest,,0.8663,2105922.0,raspberry_pi_seeed_gsr,"2105922,0.8663"
2026-05-31T15:40:32.501,test89,self_20260531_154022,clip_033,1,rest,,0.8623,2105943.0,raspberry_pi_seeed_gsr,"2105943,0.8623"
2026-05-31T15:40:32.522,test89,self_20260531_154022,clip_033,1,rest,,0.8599,2105964.0,raspberry_pi_seeed_gsr,"2105964,0.8599"
2026-05-31T15:40:32.543,test89,self_20260531_154022,clip_033,1,rest,,0.8574,2105985.0,raspberry_pi_seeed_gsr,"2105985,0.8574"
2026-05-31T15:40:32.565,test89,self_20260531_154022,clip_033,1,rest,,0.8542,2106006.0,raspberry_pi_seeed_gsr,"2106006,0.8542"
2026-05-31T15:40:32.585,test89,self_20260531_154022,clip_033,1,rest,,0.8574,2106027.0,raspberry_pi_seeed_gsr,"2106027,0.8574"
2026-05-31T15:40:32.606,test89,self_20260531_154022,clip_033,1,rest,,0.8526,2106048.0,raspberry_pi_seeed_gsr,"2106048,0.8526"
2026-05-31T15:40:32.627,test89,self_20260531_154022,clip_033,1,rest,,0.8478,2106069.0,raspberry_pi_seeed_gsr,"2106069,0.8478"
2026-05-31T15:40:32.648,test89,self_20260531_154022,clip_033,1,rest,,0.8494,2106091.0,raspberry_pi_seeed_gsr,"2106091,0.8494"
2026-05-31T15:40:32.668,test89,self_20260531_154022,clip_033,1,rest,,0.8486,2106111.0,raspberry_pi_seeed_gsr,"2106111,0.8486"
2026-05-31T15:40:32.689,test89,self_20260531_154022,clip_033,1,rest,,0.851,2106132.0,raspberry_pi_seeed_gsr,"2106132,0.8510"
2026-05-31T15:40:32.710,test89,self_20260531_154022,clip_033,1,rest,,0.8413,2106153.0,raspberry_pi_seeed_gsr,"2106153,0.8413"
2026-05-31T15:40:32.731,test89,self_20260531_154022,clip_033,1,rest,,0.8566,2106174.0,raspberry_pi_seeed_gsr,"2106174,0.8566"
2026-05-31T15:40:32.752,test89,self_20260531_154022,clip_033,1,rest,,0.8711,2106195.0,raspberry_pi_seeed_gsr,"2106195,0.8711"
2026-05-31T15:40:32.773,test89,self_20260531_154022,clip_033,1,rest,,0.8832,2106216.0,raspberry_pi_seeed_gsr,"2106216,0.8832"
2026-05-31T15:40:32.794,test89,self_20260531_154022,clip_033,1,rest,,0.9009,2106237.0,raspberry_pi_seeed_gsr,"2106237,0.9009"
2026-05-31T15:40:32.818,test89,self_20260531_154022,clip_033,1,rest,,0.9227,2106258.0,raspberry_pi_seeed_gsr,"2106258,0.9227"
2026-05-31T15:40:32.837,test89,self_20260531_154022,clip_033,1,rest,,0.9364,2106279.0,raspberry_pi_seeed_gsr,"2106279,0.9364"
2026-05-31T15:40:32.858,test89,self_20260531_154022,clip_033,1,rest,,0.9436,2106300.0,raspberry_pi_seeed_gsr,"2106300,0.9436"
2026-05-31T15:40:32.879,test89,self_20260531_154022,clip_033,1,rest,,0.9501,2106321.0,raspberry_pi_seeed_gsr,"2106321,0.9501"
2026-05-31T15:40:32.900,test89,self_20260531_154022,clip_033,1,rest,,0.9565,2106342.0,raspberry_pi_seeed_gsr,"2106342,0.9565"
2026-05-31T15:40:32.921,test89,self_20260531_154022,clip_033,1,rest,,0.9606,2106363.0,raspberry_pi_seeed_gsr,"2106363,0.9606"
2026-05-31T15:40:32.942,test89,self_20260531_154022,clip_033,1,rest,,0.9485,2106384.0,raspberry_pi_seeed_gsr,"2106384,0.9485"
2026-05-31T15:40:32.963,test89,self_20260531_154022,clip_033,1,rest,,0.971,2106405.0,raspberry_pi_seeed_gsr,"2106405,0.9710"
2026-05-31T15:40:32.984,test89,self_20260531_154022,clip_033,1,rest,,0.9831,2106426.0,raspberry_pi_seeed_gsr,"2106426,0.9831"
2026-05-31T15:40:33.005,test89,self_20260531_154022,clip_033,1,rest,,0.9904,2106447.0,raspberry_pi_seeed_gsr,"2106447,0.9904"
2026-05-31T15:40:33.026,test89,self_20260531_154022,clip_033,1,rest,,1.0025,2106468.0,raspberry_pi_seeed_gsr,"2106468,1.0025"
2026-05-31T15:40:33.047,test89,self_20260531_154022,clip_033,1,rest,,1.0121,2106489.0,raspberry_pi_seeed_gsr,"2106489,1.0121"
2026-05-31T15:40:33.069,test89,self_20260531_154022,clip_033,1,rest,,1.0073,2106510.0,raspberry_pi_seeed_gsr,"2106510,1.0073"
2026-05-31T15:40:33.089,test89,self_20260531_154022,clip_033,1,rest,,1.0137,2106531.0,raspberry_pi_seeed_gsr,"2106531,1.0137"
2026-05-31T15:40:33.109,test89,self_20260531_154022,clip_033,1,rest,,1.0154,2106552.0,raspberry_pi_seeed_gsr,"2106552,1.0154"
2026-05-31T15:40:33.130,test89,self_20260531_154022,clip_033,1,rest,,1.0186,2106573.0,raspberry_pi_seeed_gsr,"2106573,1.0186"
2026-05-31T15:40:33.151,test89,self_20260531_154022,clip_033,1,rest,,1.0129,2106594.0,raspberry_pi_seeed_gsr,"2106594,1.0129"
2026-05-31T15:40:33.172,test89,self_20260531_154022,clip_033,1,rest,,1.0194,2106615.0,raspberry_pi_seeed_gsr,"2106615,1.0194"
2026-05-31T15:40:33.193,test89,self_20260531_154022,clip_033,1,rest,,1.0202,2106636.0,raspberry_pi_seeed_gsr,"2106636,1.0202"
2026-05-31T15:40:33.214,test89,self_20260531_154022,clip_033,1,rest,,1.0258,2106657.0,raspberry_pi_seeed_gsr,"2106657,1.0258"
2026-05-31T15:40:33.235,test89,self_20260531_154022,clip_033,1,rest,,1.0202,2106678.0,raspberry_pi_seeed_gsr,"2106678,1.0202"
2026-05-31T15:40:33.257,test89,self_20260531_154022,clip_033,1,rest,,1.0218,2106699.0,raspberry_pi_seeed_gsr,"2106699,1.0218"
2026-05-31T15:40:33.278,test89,self_20260531_154022,clip_033,1,rest,,1.042,2106720.0,raspberry_pi_seeed_gsr,"2106720,1.0420"
2026-05-31T15:40:33.299,test89,self_20260531_154022,clip_033,1,rest,,1.0613,2106741.0,raspberry_pi_seeed_gsr,"2106741,1.0613"
2026-05-31T15:40:33.325,test89,self_20260531_154022,clip_033,1,rest,,1.1032,2106762.0,raspberry_pi_seeed_gsr,"2106762,1.1032"
2026-05-31T15:40:33.341,test89,self_20260531_154022,clip_033,1,rest,,1.1371,2106783.0,raspberry_pi_seeed_gsr,"2106783,1.1371"
2026-05-31T15:40:33.362,test89,self_20260531_154022,clip_033,1,rest,,1.1677,2106804.0,raspberry_pi_seeed_gsr,"2106804,1.1677"
2026-05-31T15:40:33.383,test89,self_20260531_154022,clip_033,1,rest,,1.1878,2106825.0,raspberry_pi_seeed_gsr,"2106825,1.1878"
2026-05-31T15:40:33.404,test89,self_20260531_154022,clip_033,1,rest,,1.1975,2106846.0,raspberry_pi_seeed_gsr,"2106846,1.1975"
2026-05-31T15:40:33.425,test89,self_20260531_154022,clip_033,1,rest,,1.1838,2106867.0,raspberry_pi_seeed_gsr,"2106867,1.1838"
2026-05-31T15:40:33.446,test89,self_20260531_154022,clip_033,1,rest,,1.1524,2106888.0,raspberry_pi_seeed_gsr,"2106888,1.1524"
2026-05-31T15:40:33.467,test89,self_20260531_154022,clip_033,1,rest,,1.1129,2106909.0,raspberry_pi_seeed_gsr,"2106909,1.1129"
2026-05-31T15:40:33.488,test89,self_20260531_154022,clip_033,1,rest,,1.0734,2106930.0,raspberry_pi_seeed_gsr,"2106930,1.0734"
2026-05-31T15:40:33.509,test89,self_20260531_154022,clip_033,1,rest,,1.0202,2106952.0,raspberry_pi_seeed_gsr,"2106952,1.0202"
2026-05-31T15:40:33.529,test89,self_20260531_154022,clip_033,1,rest,,0.9815,2106972.0,raspberry_pi_seeed_gsr,"2106972,0.9815"
2026-05-31T15:40:33.550,test89,self_20260531_154022,clip_033,1,rest,,0.9372,2106993.0,raspberry_pi_seeed_gsr,"2106993,0.9372"
2026-05-31T15:40:33.573,test89,self_20260531_154022,clip_033,1,rest,,0.909,2107014.0,raspberry_pi_seeed_gsr,"2107014,0.9090"
2026-05-31T15:40:33.592,test89,self_20260531_154022,clip_033,1,rest,,0.8768,2107035.0,raspberry_pi_seeed_gsr,"2107035,0.8768"
2026-05-31T15:40:33.613,test89,self_20260531_154022,clip_033,1,rest,,0.8615,2107056.0,raspberry_pi_seeed_gsr,"2107056,0.8615"
2026-05-31T15:40:33.634,test89,self_20260531_154022,clip_033,1,rest,,0.8462,2107077.0,raspberry_pi_seeed_gsr,"2107077,0.8462"
2026-05-31T15:40:33.655,test89,self_20260531_154022,clip_033,1,rest,,0.8333,2107098.0,raspberry_pi_seeed_gsr,"2107098,0.8333"
2026-05-31T15:40:33.677,test89,self_20260531_154022,clip_033,1,rest,,0.8317,2107119.0,raspberry_pi_seeed_gsr,"2107119,0.8317"
2026-05-31T15:40:33.698,test89,self_20260531_154022,clip_033,1,rest,,0.8292,2107140.0,raspberry_pi_seeed_gsr,"2107140,0.8292"
2026-05-31T15:40:33.719,test89,self_20260531_154022,clip_033,1,rest,,0.8365,2107161.0,raspberry_pi_seeed_gsr,"2107161,0.8365"
2026-05-31T15:40:33.740,test89,self_20260531_154022,clip_033,1,rest,,0.8518,2107182.0,raspberry_pi_seeed_gsr,"2107182,0.8518"
2026-05-31T15:40:33.761,test89,self_20260531_154022,clip_033,1,rest,,0.8736,2107203.0,raspberry_pi_seeed_gsr,"2107203,0.8736"
2026-05-31T15:40:33.782,test89,self_20260531_154022,clip_033,1,rest,,0.8864,2107224.0,raspberry_pi_seeed_gsr,"2107224,0.8864"
2026-05-31T15:40:33.803,test89,self_20260531_154022,clip_033,1,rest,,0.8993,2107245.0,raspberry_pi_seeed_gsr,"2107245,0.8993"
2026-05-31T15:40:33.827,test89,self_20260531_154022,clip_033,1,rest,,0.9066,2107266.0,raspberry_pi_seeed_gsr,"2107266,0.9066"
2026-05-31T15:40:33.845,test89,self_20260531_154022,clip_033,1,rest,,0.9138,2107287.0,raspberry_pi_seeed_gsr,"2107287,0.9138"
2026-05-31T15:40:33.866,test89,self_20260531_154022,clip_033,1,rest,,0.9001,2107308.0,raspberry_pi_seeed_gsr,"2107308,0.9001"
2026-05-31T15:40:33.887,test89,self_20260531_154022,clip_033,1,rest,,0.9018,2107329.0,raspberry_pi_seeed_gsr,"2107329,0.9018"
2026-05-31T15:40:33.908,test89,self_20260531_154022,clip_033,1,rest,,0.8848,2107351.0,raspberry_pi_seeed_gsr,"2107351,0.8848"
2026-05-31T15:40:33.928,test89,self_20260531_154022,clip_033,1,rest,,0.8679,2107371.0,raspberry_pi_seeed_gsr,"2107371,0.8679"
2026-05-31T15:40:33.949,test89,self_20260531_154022,clip_033,1,rest,,0.8486,2107392.0,raspberry_pi_seeed_gsr,"2107392,0.8486"
2026-05-31T15:40:33.970,test89,self_20260531_154022,clip_033,1,rest,,0.8373,2107413.0,raspberry_pi_seeed_gsr,"2107413,0.8373"
2026-05-31T15:40:33.991,test89,self_20260531_154022,clip_033,1,rest,,0.8195,2107434.0,raspberry_pi_seeed_gsr,"2107434,0.8195"
2026-05-31T15:40:34.012,test89,self_20260531_154022,clip_033,1,rest,,0.8227,2107455.0,raspberry_pi_seeed_gsr,"2107455,0.8227"
2026-05-31T15:40:34.034,test89,self_20260531_154022,clip_033,1,rest,,0.8163,2107476.0,raspberry_pi_seeed_gsr,"2107476,0.8163"
2026-05-31T15:40:34.055,test89,self_20260531_154022,clip_033,1,rest,,0.8139,2107497.0,raspberry_pi_seeed_gsr,"2107497,0.8139"
2026-05-31T15:40:34.078,test89,self_20260531_154022,clip_033,1,rest,,0.8123,2107518.0,raspberry_pi_seeed_gsr,"2107518,0.8123"
2026-05-31T15:40:34.097,test89,self_20260531_154022,clip_033,1,rest,,0.8115,2107539.0,raspberry_pi_seeed_gsr,"2107539,0.8115"
2026-05-31T15:40:34.118,test89,self_20260531_154022,clip_033,1,rest,,0.8131,2107560.0,raspberry_pi_seeed_gsr,"2107560,0.8131"
2026-05-31T15:40:34.139,test89,self_20260531_154022,clip_033,1,rest,,0.8099,2107581.0,raspberry_pi_seeed_gsr,"2107581,0.8099"
2026-05-31T15:40:34.160,test89,self_20260531_154022,clip_033,1,rest,,0.8074,2107602.0,raspberry_pi_seeed_gsr,"2107602,0.8074"
2026-05-31T15:40:34.181,test89,self_20260531_154022,clip_033,1,rest,,0.8123,2107623.0,raspberry_pi_seeed_gsr,"2107623,0.8123"
2026-05-31T15:40:34.202,test89,self_20260531_154022,clip_033,1,rest,,0.8107,2107644.0,raspberry_pi_seeed_gsr,"2107644,0.8107"
2026-05-31T15:40:34.223,test89,self_20260531_154022,clip_033,1,rest,,0.8099,2107665.0,raspberry_pi_seeed_gsr,"2107665,0.8099"
2026-05-31T15:40:34.244,test89,self_20260531_154022,clip_033,1,rest,,0.8139,2107686.0,raspberry_pi_seeed_gsr,"2107686,0.8139"
2026-05-31T15:40:34.265,test89,self_20260531_154022,clip_033,1,rest,,0.8139,2107707.0,raspberry_pi_seeed_gsr,"2107707,0.8139"
2026-05-31T15:40:34.286,test89,self_20260531_154022,clip_033,1,rest,,0.8123,2107728.0,raspberry_pi_seeed_gsr,"2107728,0.8123"
2026-05-31T15:40:34.307,test89,self_20260531_154022,clip_033,1,rest,,0.8179,2107750.0,raspberry_pi_seeed_gsr,"2107750,0.8179"
2026-05-31T15:40:34.334,test89,self_20260531_154022,clip_033,1,rest,,0.826,2107770.0,raspberry_pi_seeed_gsr,"2107770,0.8260"
2026-05-31T15:40:34.348,test89,self_20260531_154022,clip_033,1,rest,,0.8227,2107791.0,raspberry_pi_seeed_gsr,"2107791,0.8227"
2026-05-31T15:40:34.369,test89,self_20260531_154022,clip_033,1,rest,,0.8276,2107812.0,raspberry_pi_seeed_gsr,"2107812,0.8276"
2026-05-31T15:40:34.390,test89,self_20260531_154022,clip_033,1,rest,,0.83,2107833.0,raspberry_pi_seeed_gsr,"2107833,0.8300"
2026-05-31T15:40:34.411,test89,self_20260531_154022,clip_033,1,rest,,0.8333,2107854.0,raspberry_pi_seeed_gsr,"2107854,0.8333"
2026-05-31T15:40:34.432,test89,self_20260531_154022,clip_033,1,rest,,0.8357,2107875.0,raspberry_pi_seeed_gsr,"2107875,0.8357"
2026-05-31T15:40:34.453,test89,self_20260531_154022,clip_033,1,rest,,0.8381,2107896.0,raspberry_pi_seeed_gsr,"2107896,0.8381"
2026-05-31T15:40:34.474,test89,self_20260531_154022,clip_033,1,rest,,0.8429,2107917.0,raspberry_pi_seeed_gsr,"2107917,0.8429"
2026-05-31T15:40:34.495,test89,self_20260531_154022,clip_033,1,rest,,0.8429,2107938.0,raspberry_pi_seeed_gsr,"2107938,0.8429"
2026-05-31T15:40:34.516,test89,self_20260531_154022,clip_033,1,rest,,0.8421,2107959.0,raspberry_pi_seeed_gsr,"2107959,0.8421"
2026-05-31T15:40:34.538,test89,self_20260531_154022,clip_033,1,rest,,0.8454,2107980.0,raspberry_pi_seeed_gsr,"2107980,0.8454"
2026-05-31T15:40:34.559,test89,self_20260531_154022,clip_033,1,rest,,0.847,2108001.0,raspberry_pi_seeed_gsr,"2108001,0.8470"
2026-05-31T15:40:34.582,test89,self_20260531_154022,clip_033,1,rest,,0.8478,2108022.0,raspberry_pi_seeed_gsr,"2108022,0.8478"
2026-05-31T15:40:34.601,test89,self_20260531_154022,clip_033,1,rest,,0.8446,2108043.0,raspberry_pi_seeed_gsr,"2108043,0.8446"
2026-05-31T15:40:34.622,test89,self_20260531_154022,clip_033,1,rest,,0.8421,2108064.0,raspberry_pi_seeed_gsr,"2108064,0.8421"
2026-05-31T15:40:34.643,test89,self_20260531_154022,clip_033,1,rest,,0.8397,2108085.0,raspberry_pi_seeed_gsr,"2108085,0.8397"
2026-05-31T15:40:34.664,test89,self_20260531_154022,clip_033,1,rest,,0.8446,2108106.0,raspberry_pi_seeed_gsr,"2108106,0.8446"
2026-05-31T15:40:34.685,test89,self_20260531_154022,clip_033,1,rest,,0.8333,2108127.0,raspberry_pi_seeed_gsr,"2108127,0.8333"
2026-05-31T15:40:34.706,test89,self_20260531_154022,clip_033,1,rest,,0.83,2108148.0,raspberry_pi_seeed_gsr,"2108148,0.8300"
2026-05-31T15:40:34.727,test89,self_20260531_154022,clip_033,1,rest,,0.8203,2108169.0,raspberry_pi_seeed_gsr,"2108169,0.8203"
2026-05-31T15:40:34.748,test89,self_20260531_154022,clip_033,1,rest,,0.8066,2108190.0,raspberry_pi_seeed_gsr,"2108190,0.8066"
2026-05-31T15:40:34.769,test89,self_20260531_154022,clip_033,1,rest,,0.7978,2108211.0,raspberry_pi_seeed_gsr,"2108211,0.7978"
2026-05-31T15:40:34.790,test89,self_20260531_154022,clip_033,1,rest,,0.7849,2108233.0,raspberry_pi_seeed_gsr,"2108233,0.7849"
2026-05-31T15:40:34.810,test89,self_20260531_154022,clip_033,1,rest,,0.768,2108253.0,raspberry_pi_seeed_gsr,"2108253,0.7680"
2026-05-31T15:40:34.834,test89,self_20260531_154022,clip_033,1,rest,,0.7688,2108273.0,raspberry_pi_seeed_gsr,"2108273,0.7688"
2026-05-31T15:40:34.851,test89,self_20260531_154022,clip_033,1,rest,,0.7583,2108294.0,raspberry_pi_seeed_gsr,"2108294,0.7583"
2026-05-31T15:40:34.872,test89,self_20260531_154022,clip_033,1,rest,,0.7599,2108315.0,raspberry_pi_seeed_gsr,"2108315,0.7599"
2026-05-31T15:40:34.893,test89,self_20260531_154022,clip_033,1,rest,,0.7478,2108336.0,raspberry_pi_seeed_gsr,"2108336,0.7478"
2026-05-31T15:40:34.914,test89,self_20260531_154022,clip_033,1,rest,,0.743,2108357.0,raspberry_pi_seeed_gsr,"2108357,0.7430"
2026-05-31T15:40:34.935,test89,self_20260531_154022,clip_033,1,rest,,0.7301,2108378.0,raspberry_pi_seeed_gsr,"2108378,0.7301"
2026-05-31T15:40:34.956,test89,self_20260531_154022,clip_033,1,rest,,0.7341,2108399.0,raspberry_pi_seeed_gsr,"2108399,0.7341"
2026-05-31T15:40:34.977,test89,self_20260531_154022,clip_033,1,rest,,0.7285,2108420.0,raspberry_pi_seeed_gsr,"2108420,0.7285"
2026-05-31T15:40:34.999,test89,self_20260531_154022,clip_033,1,rest,,0.7269,2108441.0,raspberry_pi_seeed_gsr,"2108441,0.7269"
2026-05-31T15:40:35.020,test89,self_20260531_154022,clip_033,1,rest,,0.7293,2108462.0,raspberry_pi_seeed_gsr,"2108462,0.7293"
2026-05-31T15:40:35.041,test89,self_20260531_154022,clip_033,1,rest,,0.7309,2108483.0,raspberry_pi_seeed_gsr,"2108483,0.7309"
2026-05-31T15:40:35.062,test89,self_20260531_154022,clip_033,1,rest,,0.7349,2108504.0,raspberry_pi_seeed_gsr,"2108504,0.7349"
2026-05-31T15:40:35.085,test89,self_20260531_154022,clip_033,1,rest,,0.7301,2108525.0,raspberry_pi_seeed_gsr,"2108525,0.7301"
2026-05-31T15:40:35.104,test89,self_20260531_154022,clip_033,1,rest,,0.7382,2108546.0,raspberry_pi_seeed_gsr,"2108546,0.7382"
2026-05-31T15:40:35.125,test89,self_20260531_154022,clip_033,1,rest,,0.7365,2108567.0,raspberry_pi_seeed_gsr,"2108567,0.7365"
2026-05-31T15:40:35.146,test89,self_20260531_154022,clip_033,1,rest,,0.743,2108588.0,raspberry_pi_seeed_gsr,"2108588,0.7430"
2026-05-31T15:40:35.167,test89,self_20260531_154022,clip_033,1,rest,,0.7454,2108609.0,raspberry_pi_seeed_gsr,"2108609,0.7454"
2026-05-31T15:40:35.188,test89,self_20260531_154022,clip_033,1,rest,,0.7478,2108630.0,raspberry_pi_seeed_gsr,"2108630,0.7478"
2026-05-31T15:40:35.209,test89,self_20260531_154022,clip_033,1,rest,,0.751,2108651.0,raspberry_pi_seeed_gsr,"2108651,0.7510"
2026-05-31T15:40:35.230,test89,self_20260531_154022,clip_033,1,rest,,0.7486,2108672.0,raspberry_pi_seeed_gsr,"2108672,0.7486"
2026-05-31T15:40:35.251,test89,self_20260531_154022,clip_033,1,rest,,0.7494,2108693.0,raspberry_pi_seeed_gsr,"2108693,0.7494"
2026-05-31T15:40:35.272,test89,self_20260531_154022,clip_033,1,rest,,0.7454,2108714.0,raspberry_pi_seeed_gsr,"2108714,0.7454"
2026-05-31T15:40:35.293,test89,self_20260531_154022,clip_033,1,rest,,0.7543,2108736.0,raspberry_pi_seeed_gsr,"2108736,0.7543"
2026-05-31T15:40:35.314,test89,self_20260531_154022,clip_033,1,rest,,0.7454,2108757.0,raspberry_pi_seeed_gsr,"2108757,0.7454"
2026-05-31T15:40:35.341,test89,self_20260531_154022,clip_033,1,rest,,0.7462,2108777.0,raspberry_pi_seeed_gsr,"2108777,0.7462"
2026-05-31T15:40:35.355,test89,self_20260531_154022,clip_033,1,rest,,0.7454,2108798.0,raspberry_pi_seeed_gsr,"2108798,0.7454"
2026-05-31T15:40:35.376,test89,self_20260531_154022,clip_033,1,rest,,0.7462,2108819.0,raspberry_pi_seeed_gsr,"2108819,0.7462"
2026-05-31T15:40:35.397,test89,self_20260531_154022,clip_033,1,rest,,0.7454,2108840.0,raspberry_pi_seeed_gsr,"2108840,0.7454"
2026-05-31T15:40:35.418,test89,self_20260531_154022,clip_033,1,rest,,0.7502,2108861.0,raspberry_pi_seeed_gsr,"2108861,0.7502"
2026-05-31T15:40:35.439,test89,self_20260531_154022,clip_033,1,rest,,0.7462,2108882.0,raspberry_pi_seeed_gsr,"2108882,0.7462"
2026-05-31T15:40:35.461,test89,self_20260531_154022,clip_033,1,rest,,0.7486,2108903.0,raspberry_pi_seeed_gsr,"2108903,0.7486"
2026-05-31T15:40:35.482,test89,self_20260531_154022,clip_033,1,rest,,0.7462,2108924.0,raspberry_pi_seeed_gsr,"2108924,0.7462"
2026-05-31T15:40:35.503,test89,self_20260531_154022,clip_033,1,rest,,0.7494,2108945.0,raspberry_pi_seeed_gsr,"2108945,0.7494"
2026-05-31T15:40:35.524,test89,self_20260531_154022,clip_033,1,rest,,0.751,2108966.0,raspberry_pi_seeed_gsr,"2108966,0.7510"
2026-05-31T15:40:35.545,test89,self_20260531_154022,clip_033,1,rest,,0.7502,2108987.0,raspberry_pi_seeed_gsr,"2108987,0.7502"
2026-05-31T15:40:35.566,test89,self_20260531_154022,clip_033,1,rest,,0.747,2109008.0,raspberry_pi_seeed_gsr,"2109008,0.7470"
2026-05-31T15:40:35.590,test89,self_20260531_154022,clip_033,1,rest,,0.7559,2109029.0,raspberry_pi_seeed_gsr,"2109029,0.7559"
2026-05-31T15:40:35.608,test89,self_20260531_154022,clip_033,1,rest,,0.7591,2109050.0,raspberry_pi_seeed_gsr,"2109050,0.7591"
2026-05-31T15:40:35.629,test89,self_20260531_154022,clip_033,1,rest,,0.7631,2109071.0,raspberry_pi_seeed_gsr,"2109071,0.7631"
2026-05-31T15:40:35.650,test89,self_20260531_154022,clip_033,1,rest,,0.7672,2109092.0,raspberry_pi_seeed_gsr,"2109092,0.7672"
2026-05-31T15:40:35.671,test89,self_20260531_154022,clip_033,1,rest,,0.7752,2109113.0,raspberry_pi_seeed_gsr,"2109113,0.7752"
2026-05-31T15:40:35.692,test89,self_20260531_154022,clip_033,1,rest,,0.7776,2109134.0,raspberry_pi_seeed_gsr,"2109134,0.7776"
2026-05-31T15:40:35.713,test89,self_20260531_154022,clip_033,1,rest,,0.7817,2109155.0,raspberry_pi_seeed_gsr,"2109155,0.7817"
2026-05-31T15:40:35.734,test89,self_20260531_154022,clip_033,1,rest,,0.7873,2109176.0,raspberry_pi_seeed_gsr,"2109176,0.7873"
2026-05-31T15:40:35.754,test89,self_20260531_154022,clip_033,1,rest,,0.7857,2109197.0,raspberry_pi_seeed_gsr,"2109197,0.7857"
2026-05-31T15:40:35.774,test89,self_20260531_154022,clip_033,1,rest,,0.7929,2109217.0,raspberry_pi_seeed_gsr,"2109217,0.7929"
2026-05-31T15:40:35.795,test89,self_20260531_154022,clip_033,1,rest,,0.7954,2109238.0,raspberry_pi_seeed_gsr,"2109238,0.7954"
2026-05-31T15:40:35.816,test89,self_20260531_154022,clip_033,1,rest,,0.7962,2109259.0,raspberry_pi_seeed_gsr,"2109259,0.7962"
2026-05-31T15:40:35.840,test89,self_20260531_154022,clip_033,1,rest,,0.8002,2109280.0,raspberry_pi_seeed_gsr,"2109280,0.8002"
2026-05-31T15:40:35.859,test89,self_20260531_154022,clip_033,1,rest,,0.8018,2109301.0,raspberry_pi_seeed_gsr,"2109301,0.8018"
2026-05-31T15:40:35.880,test89,self_20260531_154022,clip_033,1,rest,,0.8042,2109322.0,raspberry_pi_seeed_gsr,"2109322,0.8042"
2026-05-31T15:40:35.901,test89,self_20260531_154022,clip_033,1,rest,,0.8066,2109343.0,raspberry_pi_seeed_gsr,"2109343,0.8066"
2026-05-31T15:40:35.922,test89,self_20260531_154022,clip_033,1,rest,,0.8034,2109364.0,raspberry_pi_seeed_gsr,"2109364,0.8034"
2026-05-31T15:40:35.943,test89,self_20260531_154022,clip_033,1,rest,,0.8082,2109385.0,raspberry_pi_seeed_gsr,"2109385,0.8082"
2026-05-31T15:40:35.964,test89,self_20260531_154022,clip_033,1,rest,,0.8147,2109406.0,raspberry_pi_seeed_gsr,"2109406,0.8147"
2026-05-31T15:40:35.985,test89,self_20260531_154022,clip_033,1,rest,,0.8099,2109427.0,raspberry_pi_seeed_gsr,"2109427,0.8099"
2026-05-31T15:40:36.006,test89,self_20260531_154022,clip_033,1,rest,,0.8091,2109448.0,raspberry_pi_seeed_gsr,"2109448,0.8091"
2026-05-31T15:40:36.027,test89,self_20260531_154022,clip_033,1,rest,,0.8074,2109469.0,raspberry_pi_seeed_gsr,"2109469,0.8074"
2026-05-31T15:40:36.048,test89,self_20260531_154022,clip_033,1,rest,,0.8091,2109490.0,raspberry_pi_seeed_gsr,"2109490,0.8091"
2026-05-31T15:40:36.069,test89,self_20260531_154022,clip_033,1,rest,,0.8074,2109511.0,raspberry_pi_seeed_gsr,"2109511,0.8074"
2026-05-31T15:40:36.095,test89,self_20260531_154022,clip_033,1,rest,,0.8074,2109532.0,raspberry_pi_seeed_gsr,"2109532,0.8074"
2026-05-31T15:40:36.111,test89,self_20260531_154022,clip_033,1,rest,,0.8074,2109553.0,raspberry_pi_seeed_gsr,"2109553,0.8074"
2026-05-31T15:40:36.132,test89,self_20260531_154022,clip_033,1,rest,,0.8034,2109575.0,raspberry_pi_seeed_gsr,"2109575,0.8034"
2026-05-31T15:40:36.152,test89,self_20260531_154022,clip_033,1,rest,,0.8002,2109595.0,raspberry_pi_seeed_gsr,"2109595,0.8002"
2026-05-31T15:40:36.173,test89,self_20260531_154022,clip_033,1,rest,,0.8058,2109616.0,raspberry_pi_seeed_gsr,"2109616,0.8058"
2026-05-31T15:40:36.194,test89,self_20260531_154022,clip_033,1,rest,,0.8042,2109637.0,raspberry_pi_seeed_gsr,"2109637,0.8042"
2026-05-31T15:40:36.215,test89,self_20260531_154022,clip_033,1,rest,,0.7978,2109658.0,raspberry_pi_seeed_gsr,"2109658,0.7978"
2026-05-31T15:40:36.236,test89,self_20260531_154022,clip_033,1,rest,,0.7986,2109679.0,raspberry_pi_seeed_gsr,"2109679,0.7986"
2026-05-31T15:40:36.258,test89,self_20260531_154022,clip_033,1,rest,,0.7962,2109700.0,raspberry_pi_seeed_gsr,"2109700,0.7962"
2026-05-31T15:40:36.279,test89,self_20260531_154022,clip_033,1,rest,,0.7986,2109721.0,raspberry_pi_seeed_gsr,"2109721,0.7986"
2026-05-31T15:40:36.300,test89,self_20260531_154022,clip_033,1,rest,,0.7905,2109742.0,raspberry_pi_seeed_gsr,"2109742,0.7905"
2026-05-31T15:40:36.321,test89,self_20260531_154022,clip_033,1,rest,,0.7945,2109763.0,raspberry_pi_seeed_gsr,"2109763,0.7945"
2026-05-31T15:40:36.349,test89,self_20260531_154022,clip_033,1,rest,,0.7849,2109784.0,raspberry_pi_seeed_gsr,"2109784,0.7849"
2026-05-31T15:40:36.363,test89,self_20260531_154022,clip_033,1,rest,,0.7817,2109805.0,raspberry_pi_seeed_gsr,"2109805,0.7817"
2026-05-31T15:40:36.384,test89,self_20260531_154022,clip_033,1,rest,,0.7752,2109826.0,raspberry_pi_seeed_gsr,"2109826,0.7752"
2026-05-31T15:40:36.405,test89,self_20260531_154022,clip_033,1,rest,,0.7744,2109847.0,raspberry_pi_seeed_gsr,"2109847,0.7744"
2026-05-31T15:40:36.426,test89,self_20260531_154022,clip_033,1,rest,,0.7591,2109868.0,raspberry_pi_seeed_gsr,"2109868,0.7591"
2026-05-31T15:40:36.447,test89,self_20260531_154022,clip_033,1,rest,,0.7494,2109889.0,raspberry_pi_seeed_gsr,"2109889,0.7494"
2026-05-31T15:40:36.468,test89,self_20260531_154022,clip_033,1,rest,,0.743,2109910.0,raspberry_pi_seeed_gsr,"2109910,0.7430"
2026-05-31T15:40:36.489,test89,self_20260531_154022,clip_033,1,rest,,0.7357,2109931.0,raspberry_pi_seeed_gsr,"2109931,0.7357"
2026-05-31T15:40:36.510,test89,self_20260531_154022,clip_033,1,rest,,0.7373,2109952.0,raspberry_pi_seeed_gsr,"2109952,0.7373"
2026-05-31T15:40:36.531,test89,self_20260531_154022,clip_033,1,rest,,0.7212,2109973.0,raspberry_pi_seeed_gsr,"2109973,0.7212"
2026-05-31T15:40:36.552,test89,self_20260531_154022,clip_033,1,rest,,0.7204,2109995.0,raspberry_pi_seeed_gsr,"2109995,0.7204"
2026-05-31T15:40:36.572,test89,self_20260531_154022,clip_033,1,rest,,0.7172,2110015.0,raspberry_pi_seeed_gsr,"2110015,0.7172"
2026-05-31T15:40:36.596,test89,self_20260531_154022,clip_033,1,rest,,0.7228,2110036.0,raspberry_pi_seeed_gsr,"2110036,0.7228"
2026-05-31T15:40:36.614,test89,self_20260531_154022,clip_033,1,rest,,0.7156,2110057.0,raspberry_pi_seeed_gsr,"2110057,0.7156"
2026-05-31T15:40:36.635,test89,self_20260531_154022,clip_033,1,rest,,0.7164,2110078.0,raspberry_pi_seeed_gsr,"2110078,0.7164"
2026-05-31T15:40:36.656,test89,self_20260531_154022,clip_033,1,rest,,0.7059,2110099.0,raspberry_pi_seeed_gsr,"2110099,0.7059"
2026-05-31T15:40:36.677,test89,self_20260531_154022,clip_033,1,rest,,0.689,2110120.0,raspberry_pi_seeed_gsr,"2110120,0.6890"
2026-05-31T15:40:36.699,test89,self_20260531_154022,clip_033,1,rest,,0.6979,2110141.0,raspberry_pi_seeed_gsr,"2110141,0.6979"
2026-05-31T15:40:36.720,test89,self_20260531_154022,clip_033,1,rest,,0.6898,2110162.0,raspberry_pi_seeed_gsr,"2110162,0.6898"
2026-05-31T15:40:36.741,test89,self_20260531_154022,clip_033,1,rest,,0.6737,2110183.0,raspberry_pi_seeed_gsr,"2110183,0.6737"
2026-05-31T15:40:36.762,test89,self_20260531_154022,clip_033,1,rest,,0.6785,2110204.0,raspberry_pi_seeed_gsr,"2110204,0.6785"
2026-05-31T15:40:36.783,test89,self_20260531_154022,clip_033,1,rest,,0.6729,2110225.0,raspberry_pi_seeed_gsr,"2110225,0.6729"
2026-05-31T15:40:36.804,test89,self_20260531_154022,clip_033,1,rest,,0.6656,2110246.0,raspberry_pi_seeed_gsr,"2110246,0.6656"
2026-05-31T15:40:36.825,test89,self_20260531_154022,clip_033,1,rest,,0.6656,2110267.0,raspberry_pi_seeed_gsr,"2110267,0.6656"
2026-05-31T15:40:36.849,test89,self_20260531_154022,clip_033,1,rest,,0.66,2110288.0,raspberry_pi_seeed_gsr,"2110288,0.6600"
2026-05-31T15:40:36.867,test89,self_20260531_154022,clip_033,1,rest,,0.6568,2110309.0,raspberry_pi_seeed_gsr,"2110309,0.6568"
2026-05-31T15:40:36.888,test89,self_20260531_154022,clip_033,1,rest,,0.6568,2110330.0,raspberry_pi_seeed_gsr,"2110330,0.6568"
2026-05-31T15:40:36.909,test89,self_20260531_154022,clip_033,1,rest,,0.6536,2110351.0,raspberry_pi_seeed_gsr,"2110351,0.6536"
2026-05-31T15:40:36.930,test89,self_20260531_154022,clip_033,1,rest,,0.656,2110372.0,raspberry_pi_seeed_gsr,"2110372,0.6560"
2026-05-31T15:40:36.951,test89,self_20260531_154022,clip_033,1,rest,,0.6519,2110393.0,raspberry_pi_seeed_gsr,"2110393,0.6519"
2026-05-31T15:40:36.972,test89,self_20260531_154022,clip_033,1,rest,,0.6455,2110414.0,raspberry_pi_seeed_gsr,"2110414,0.6455"
2026-05-31T15:40:36.993,test89,self_20260531_154022,clip_033,1,rest,,0.6463,2110435.0,raspberry_pi_seeed_gsr,"2110435,0.6463"
2026-05-31T15:40:37.014,test89,self_20260531_154022,clip_033,1,rest,,0.6455,2110456.0,raspberry_pi_seeed_gsr,"2110456,0.6455"
2026-05-31T15:40:37.035,test89,self_20260531_154022,clip_033,1,rest,,0.6447,2110478.0,raspberry_pi_seeed_gsr,"2110478,0.6447"
2026-05-31T15:40:37.055,test89,self_20260531_154022,clip_033,1,rest,,0.6447,2110498.0,raspberry_pi_seeed_gsr,"2110498,0.6447"
2026-05-31T15:40:37.075,test89,self_20260531_154022,clip_033,1,rest,,0.6391,2110518.0,raspberry_pi_seeed_gsr,"2110518,0.6391"
2026-05-31T15:40:37.100,test89,self_20260531_154022,clip_033,1,rest,,0.6471,2110539.0,raspberry_pi_seeed_gsr,"2110539,0.6471"
2026-05-31T15:40:37.117,test89,self_20260531_154022,clip_033,1,rest,,0.6447,2110560.0,raspberry_pi_seeed_gsr,"2110560,0.6447"
2026-05-31T15:40:37.139,test89,self_20260531_154022,clip_033,1,rest,,0.6487,2110581.0,raspberry_pi_seeed_gsr,"2110581,0.6487"
2026-05-31T15:40:37.160,test89,self_20260531_154022,clip_033,1,rest,,0.6479,2110602.0,raspberry_pi_seeed_gsr,"2110602,0.6479"
2026-05-31T15:40:37.180,test89,self_20260531_154022,clip_033,1,rest,,0.6479,2110623.0,raspberry_pi_seeed_gsr,"2110623,0.6479"
2026-05-31T15:40:37.200,test89,self_20260531_154022,clip_033,1,rest,,0.6495,2110643.0,raspberry_pi_seeed_gsr,"2110643,0.6495"
2026-05-31T15:40:37.220,test89,self_20260531_154022,clip_033,1,rest,,0.6495,2110663.0,raspberry_pi_seeed_gsr,"2110663,0.6495"
2026-05-31T15:40:37.240,test89,self_20260531_154022,clip_033,1,rest,,0.6511,2110683.0,raspberry_pi_seeed_gsr,"2110683,0.6511"
2026-05-31T15:40:37.260,test89,self_20260531_154022,clip_033,1,rest,,0.6487,2110703.0,raspberry_pi_seeed_gsr,"2110703,0.6487"
2026-05-31T15:40:37.281,test89,self_20260531_154022,clip_033,1,rest,,0.656,2110724.0,raspberry_pi_seeed_gsr,"2110724,0.6560"
2026-05-31T15:40:37.302,test89,self_20260531_154022,clip_033,1,rest,,0.6471,2110744.0,raspberry_pi_seeed_gsr,"2110744,0.6471"
2026-05-31T15:40:37.321,test89,self_20260531_154022,clip_033,1,rest,,0.6511,2110764.0,raspberry_pi_seeed_gsr,"2110764,0.6511"
2026-05-31T15:40:37.342,test89,self_20260531_154022,clip_033,1,rest,,0.656,2110785.0,raspberry_pi_seeed_gsr,"2110785,0.6560"
2026-05-31T15:40:37.370,test89,self_20260531_154022,clip_033,1,rest,,0.6519,2110805.0,raspberry_pi_seeed_gsr,"2110805,0.6519"
2026-05-31T15:40:37.382,test89,self_20260531_154022,clip_033,1,rest,,0.6487,2110825.0,raspberry_pi_seeed_gsr,"2110825,0.6487"
2026-05-31T15:40:37.402,test89,self_20260531_154022,clip_033,1,rest,,0.66,2110845.0,raspberry_pi_seeed_gsr,"2110845,0.6600"
2026-05-31T15:40:37.422,test89,self_20260531_154022,clip_033,1,rest,,0.6463,2110865.0,raspberry_pi_seeed_gsr,"2110865,0.6463"
2026-05-31T15:40:37.442,test89,self_20260531_154022,clip_033,1,rest,,0.6536,2110885.0,raspberry_pi_seeed_gsr,"2110885,0.6536"
2026-05-31T15:40:37.462,test89,self_20260531_154022,clip_033,1,rest,,0.6536,2110905.0,raspberry_pi_seeed_gsr,"2110905,0.6536"
2026-05-31T15:40:37.482,test89,self_20260531_154022,clip_033,1,rest,,0.6536,2110925.0,raspberry_pi_seeed_gsr,"2110925,0.6536"
2026-05-31T15:40:37.502,test89,self_20260531_154022,clip_033,1,rest,,0.6519,2110945.0,raspberry_pi_seeed_gsr,"2110945,0.6519"
2026-05-31T15:40:37.522,test89,self_20260531_154022,clip_033,1,rest,,0.6495,2110965.0,raspberry_pi_seeed_gsr,"2110965,0.6495"
2026-05-31T15:40:37.543,test89,self_20260531_154022,clip_033,1,rest,,0.6527,2110986.0,raspberry_pi_seeed_gsr,"2110986,0.6527"
2026-05-31T15:40:37.563,test89,self_20260531_154022,clip_033,1,rest,,0.6536,2111006.0,raspberry_pi_seeed_gsr,"2111006,0.6536"
2026-05-31T15:40:37.584,test89,self_20260531_154022,clip_033,1,rest,,0.6399,2111026.0,raspberry_pi_seeed_gsr,"2111026,0.6399"
2026-05-31T15:40:37.605,test89,self_20260531_154022,clip_033,1,rest,,0.6495,2111047.0,raspberry_pi_seeed_gsr,"2111047,0.6495"
2026-05-31T15:40:37.651,test89,self_20260531_154022,clip_033,1,rest,,0.6487,2111067.0,raspberry_pi_seeed_gsr,"2111067,0.6487"
2026-05-31T15:40:37.652,test89,self_20260531_154022,clip_033,1,rest,,0.6487,2111087.0,raspberry_pi_seeed_gsr,"2111087,0.6487"
2026-05-31T15:40:37.664,test89,self_20260531_154022,clip_033,1,rest,,0.6495,2111107.0,raspberry_pi_seeed_gsr,"2111107,0.6495"
2026-05-31T15:40:37.684,test89,self_20260531_154022,clip_033,1,rest,,0.6495,2111127.0,raspberry_pi_seeed_gsr,"2111127,0.6495"
2026-05-31T15:40:37.705,test89,self_20260531_154022,clip_033,1,rest,,0.6423,2111148.0,raspberry_pi_seeed_gsr,"2111148,0.6423"
2026-05-31T15:40:37.726,test89,self_20260531_154022,clip_033,1,rest,,0.6463,2111169.0,raspberry_pi_seeed_gsr,"2111169,0.6463"
2026-05-31T15:40:37.746,test89,self_20260531_154022,clip_033,1,rest,,0.6479,2111189.0,raspberry_pi_seeed_gsr,"2111189,0.6479"
2026-05-31T15:40:37.767,test89,self_20260531_154022,clip_033,1,rest,,0.6455,2111210.0,raspberry_pi_seeed_gsr,"2111210,0.6455"
2026-05-31T15:40:37.787,test89,self_20260531_154022,clip_033,1,rest,,0.6399,2111230.0,raspberry_pi_seeed_gsr,"2111230,0.6399"
2026-05-31T15:40:37.807,test89,self_20260531_154022,clip_033,1,rest,,0.6487,2111250.0,raspberry_pi_seeed_gsr,"2111250,0.6487"
2026-05-31T15:40:37.827,test89,self_20260531_154022,clip_033,1,rest,,0.6479,2111270.0,raspberry_pi_seeed_gsr,"2111270,0.6479"
2026-05-31T15:40:37.847,test89,self_20260531_154022,clip_033,1,rest,,0.6447,2111290.0,raspberry_pi_seeed_gsr,"2111290,0.6447"
2026-05-31T15:40:37.867,test89,self_20260531_154022,clip_033,1,rest,,0.6471,2111310.0,raspberry_pi_seeed_gsr,"2111310,0.6471"
2026-05-31T15:40:37.909,test89,self_20260531_154022,clip_033,1,rest,,0.6431,2111330.0,raspberry_pi_seeed_gsr,"2111330,0.6431"
2026-05-31T15:40:37.909,test89,self_20260531_154022,clip_033,1,rest,,0.6463,2111350.0,raspberry_pi_seeed_gsr,"2111350,0.6463"
2026-05-31T15:40:37.927,test89,self_20260531_154022,clip_033,1,rest,,0.6471,2111370.0,raspberry_pi_seeed_gsr,"2111370,0.6471"
2026-05-31T15:40:37.947,test89,self_20260531_154022,clip_033,1,rest,,0.6463,2111390.0,raspberry_pi_seeed_gsr,"2111390,0.6463"
2026-05-31T15:40:37.967,test89,self_20260531_154022,clip_033,1,rest,,0.6455,2111410.0,raspberry_pi_seeed_gsr,"2111410,0.6455"
2026-05-31T15:40:37.987,test89,self_20260531_154022,clip_033,1,rest,,0.6366,2111430.0,raspberry_pi_seeed_gsr,"2111430,0.6366"
2026-05-31T15:40:38.007,test89,self_20260531_154022,clip_033,1,rest,,0.6447,2111450.0,raspberry_pi_seeed_gsr,"2111450,0.6447"
2026-05-31T15:40:38.027,test89,self_20260531_154022,clip_033,1,rest,,0.6479,2111470.0,raspberry_pi_seeed_gsr,"2111470,0.6479"
2026-05-31T15:40:38.047,test89,self_20260531_154022,clip_033,1,rest,,0.6463,2111490.0,raspberry_pi_seeed_gsr,"2111490,0.6463"
2026-05-31T15:40:38.067,test89,self_20260531_154022,clip_033,1,rest,,0.6447,2111510.0,raspberry_pi_seeed_gsr,"2111510,0.6447"
2026-05-31T15:40:38.088,test89,self_20260531_154022,clip_033,1,rest,,0.6495,2111531.0,raspberry_pi_seeed_gsr,"2111531,0.6495"
2026-05-31T15:40:38.109,test89,self_20260531_154022,clip_033,1,rest,,0.6487,2111551.0,raspberry_pi_seeed_gsr,"2111551,0.6487"
2026-05-31T15:40:38.130,test89,self_20260531_154022,clip_033,1,rest,,0.6471,2111572.0,raspberry_pi_seeed_gsr,"2111572,0.6471"
2026-05-31T15:40:38.173,test89,self_20260531_154022,clip_033,1,rest,,0.6519,2111592.0,raspberry_pi_seeed_gsr,"2111592,0.6519"
2026-05-31T15:40:38.174,test89,self_20260531_154022,clip_033,1,rest,,0.6511,2111613.0,raspberry_pi_seeed_gsr,"2111613,0.6511"
2026-05-31T15:40:38.191,test89,self_20260531_154022,clip_033,1,rest,,0.6511,2111633.0,raspberry_pi_seeed_gsr,"2111633,0.6511"
2026-05-31T15:40:38.210,test89,self_20260531_154022,clip_033,1,rest,,0.6519,2111653.0,raspberry_pi_seeed_gsr,"2111653,0.6519"
2026-05-31T15:40:38.230,test89,self_20260531_154022,clip_033,1,rest,,0.656,2111673.0,raspberry_pi_seeed_gsr,"2111673,0.6560"
2026-05-31T15:40:38.250,test89,self_20260531_154022,clip_033,1,rest,,0.6487,2111693.0,raspberry_pi_seeed_gsr,"2111693,0.6487"
2026-05-31T15:40:38.270,test89,self_20260531_154022,clip_033,1,rest,,0.6511,2111713.0,raspberry_pi_seeed_gsr,"2111713,0.6511"
2026-05-31T15:40:38.290,test89,self_20260531_154022,clip_033,1,rest,,0.6511,2111733.0,raspberry_pi_seeed_gsr,"2111733,0.6511"
2026-05-31T15:40:38.311,test89,self_20260531_154022,clip_033,1,rest,,0.6511,2111753.0,raspberry_pi_seeed_gsr,"2111753,0.6511"
2026-05-31T15:40:38.330,test89,self_20260531_154022,clip_033,1,rest,,0.6511,2111773.0,raspberry_pi_seeed_gsr,"2111773,0.6511"
2026-05-31T15:40:38.350,test89,self_20260531_154022,clip_033,1,rest,,0.6463,2111793.0,raspberry_pi_seeed_gsr,"2111793,0.6463"
2026-05-31T15:40:38.370,test89,self_20260531_154022,clip_033,1,rest,,0.6568,2111813.0,raspberry_pi_seeed_gsr,"2111813,0.6568"
2026-05-31T15:40:38.390,test89,self_20260531_154022,clip_033,1,rest,,0.6439,2111833.0,raspberry_pi_seeed_gsr,"2111833,0.6439"
2026-05-31T15:40:38.415,test89,self_20260531_154022,clip_033,1,rest,,0.6584,2111853.0,raspberry_pi_seeed_gsr,"2111853,0.6584"
2026-05-31T15:40:38.430,test89,self_20260531_154022,clip_033,1,rest,,0.6455,2111873.0,raspberry_pi_seeed_gsr,"2111873,0.6455"
2026-05-31T15:40:38.450,test89,self_20260531_154022,clip_033,1,rest,,0.6423,2111893.0,raspberry_pi_seeed_gsr,"2111893,0.6423"
2026-05-31T15:40:38.470,test89,self_20260531_154022,clip_033,1,rest,,0.6439,2111913.0,raspberry_pi_seeed_gsr,"2111913,0.6439"
2026-05-31T15:40:38.490,test89,self_20260531_154022,clip_033,1,rest,,0.6407,2111933.0,raspberry_pi_seeed_gsr,"2111933,0.6407"
2026-05-31T15:40:38.510,test89,self_20260531_154022,clip_033,1,rest,,0.6399,2111953.0,raspberry_pi_seeed_gsr,"2111953,0.6399"
2026-05-31T15:40:38.530,test89,self_20260531_154022,clip_033,1,rest,,0.6391,2111973.0,raspberry_pi_seeed_gsr,"2111973,0.6391"
2026-05-31T15:40:38.551,test89,self_20260531_154022,clip_033,1,rest,,0.6382,2111994.0,raspberry_pi_seeed_gsr,"2111994,0.6382"
2026-05-31T15:40:38.571,test89,self_20260531_154022,clip_033,1,rest,,0.6391,2112014.0,raspberry_pi_seeed_gsr,"2112014,0.6391"
2026-05-31T15:40:38.591,test89,self_20260531_154022,clip_033,1,rest,,0.6366,2112034.0,raspberry_pi_seeed_gsr,"2112034,0.6366"
2026-05-31T15:40:38.611,test89,self_20260531_154022,clip_033,1,rest,,0.6407,2112054.0,raspberry_pi_seeed_gsr,"2112054,0.6407"
2026-05-31T15:40:38.632,test89,self_20260531_154022,clip_033,1,rest,,0.6391,2112075.0,raspberry_pi_seeed_gsr,"2112075,0.6391"
2026-05-31T15:40:38.652,test89,self_20260531_154022,clip_033,1,rest,,0.6366,2112095.0,raspberry_pi_seeed_gsr,"2112095,0.6366"
2026-05-31T15:40:38.682,test89,self_20260531_154022,clip_033,1,rest,,0.6358,2112115.0,raspberry_pi_seeed_gsr,"2112115,0.6358"
2026-05-31T15:40:38.692,test89,self_20260531_154022,clip_033,1,rest,,0.6382,2112135.0,raspberry_pi_seeed_gsr,"2112135,0.6382"
2026-05-31T15:40:38.713,test89,self_20260531_154022,clip_033,1,rest,,0.6407,2112156.0,raspberry_pi_seeed_gsr,"2112156,0.6407"
2026-05-31T15:40:38.733,test89,self_20260531_154022,clip_033,1,rest,,0.6382,2112176.0,raspberry_pi_seeed_gsr,"2112176,0.6382"
2026-05-31T15:40:38.753,test89,self_20260531_154022,clip_033,1,rest,,0.6391,2112196.0,raspberry_pi_seeed_gsr,"2112196,0.6391"
2026-05-31T15:40:38.773,test89,self_20260531_154022,clip_033,1,rest,,0.6382,2112216.0,raspberry_pi_seeed_gsr,"2112216,0.6382"
2026-05-31T15:40:38.795,test89,self_20260531_154022,clip_033,1,rest,,0.6391,2112237.0,raspberry_pi_seeed_gsr,"2112237,0.6391"
2026-05-31T15:40:38.814,test89,self_20260531_154022,clip_033,1,rest,,0.6366,2112257.0,raspberry_pi_seeed_gsr,"2112257,0.6366"
2026-05-31T15:40:38.834,test89,self_20260531_154022,clip_033,1,rest,,0.6407,2112277.0,raspberry_pi_seeed_gsr,"2112277,0.6407"
2026-05-31T15:40:38.854,test89,self_20260531_154022,clip_033,1,rest,,0.6407,2112297.0,raspberry_pi_seeed_gsr,"2112297,0.6407"
2026-05-31T15:40:38.876,test89,self_20260531_154022,clip_033,1,rest,,0.6366,2112318.0,raspberry_pi_seeed_gsr,"2112318,0.6366"
2026-05-31T15:40:38.897,test89,self_20260531_154022,clip_033,1,rest,,0.6382,2112339.0,raspberry_pi_seeed_gsr,"2112339,0.6382"
2026-05-31T15:40:38.917,test89,self_20260531_154022,clip_033,1,rest,,0.6358,2112359.0,raspberry_pi_seeed_gsr,"2112359,0.6358"
2026-05-31T15:40:38.962,test89,self_20260531_154022,clip_033,1,rest,,0.6366,2112379.0,raspberry_pi_seeed_gsr,"2112379,0.6366"
2026-05-31T15:40:38.963,test89,self_20260531_154022,clip_033,1,rest,,0.6391,2112400.0,raspberry_pi_seeed_gsr,"2112400,0.6391"
2026-05-31T15:40:38.977,test89,self_20260531_154022,clip_033,1,rest,,0.6391,2112420.0,raspberry_pi_seeed_gsr,"2112420,0.6391"
2026-05-31T15:40:38.997,test89,self_20260531_154022,clip_033,1,rest,,0.635,2112440.0,raspberry_pi_seeed_gsr,"2112440,0.6350"
2026-05-31T15:40:39.017,test89,self_20260531_154022,clip_033,1,rest,,0.6399,2112460.0,raspberry_pi_seeed_gsr,"2112460,0.6399"
2026-05-31T15:40:39.037,test89,self_20260531_154022,clip_033,1,rest,,0.6342,2112480.0,raspberry_pi_seeed_gsr,"2112480,0.6342"
2026-05-31T15:40:39.057,test89,self_20260531_154022,clip_033,1,rest,,0.6302,2112500.0,raspberry_pi_seeed_gsr,"2112500,0.6302"
2026-05-31T15:40:39.077,test89,self_20260531_154022,clip_033,1,rest,,0.6326,2112520.0,raspberry_pi_seeed_gsr,"2112520,0.6326"
2026-05-31T15:40:39.099,test89,self_20260531_154022,clip_033,1,rest,,0.6358,2112541.0,raspberry_pi_seeed_gsr,"2112541,0.6358"
2026-05-31T15:40:39.119,test89,self_20260531_154022,clip_033,1,rest,,0.61,2112561.0,raspberry_pi_seeed_gsr,"2112561,0.6100"
2026-05-31T15:40:39.139,test89,self_20260531_154022,clip_033,1,rest,,0.6302,2112581.0,raspberry_pi_seeed_gsr,"2112581,0.6302"
2026-05-31T15:40:39.159,test89,self_20260531_154022,clip_033,1,rest,,0.6278,2112601.0,raspberry_pi_seeed_gsr,"2112601,0.6278"
2026-05-31T15:40:39.179,test89,self_20260531_154022,clip_033,1,rest,,0.6278,2112621.0,raspberry_pi_seeed_gsr,"2112621,0.6278"
2026-05-31T15:40:39.226,test89,self_20260531_154022,clip_033,1,rest,,0.627,2112641.0,raspberry_pi_seeed_gsr,"2112641,0.6270"
2026-05-31T15:40:39.226,test89,self_20260531_154022,clip_033,1,rest,,0.6262,2112661.0,raspberry_pi_seeed_gsr,"2112661,0.6262"
2026-05-31T15:40:39.238,test89,self_20260531_154022,clip_033,1,rest,,0.6286,2112681.0,raspberry_pi_seeed_gsr,"2112681,0.6286"
2026-05-31T15:40:39.258,test89,self_20260531_154022,clip_033,1,rest,,0.6213,2112701.0,raspberry_pi_seeed_gsr,"2112701,0.6213"
2026-05-31T15:40:39.278,test89,self_20260531_154022,clip_033,1,rest,,0.6164,2112721.0,raspberry_pi_seeed_gsr,"2112721,0.6164"
2026-05-31T15:40:39.298,test89,self_20260531_154022,clip_033,1,rest,,0.6237,2112741.0,raspberry_pi_seeed_gsr,"2112741,0.6237"
2026-05-31T15:40:39.319,test89,self_20260531_154022,clip_033,1,rest,,0.6254,2112762.0,raspberry_pi_seeed_gsr,"2112762,0.6254"
2026-05-31T15:40:39.339,test89,self_20260531_154022,clip_033,1,rest,,0.6229,2112782.0,raspberry_pi_seeed_gsr,"2112782,0.6229"
2026-05-31T15:40:39.360,test89,self_20260531_154022,clip_033,1,rest,,0.6262,2112803.0,raspberry_pi_seeed_gsr,"2112803,0.6262"
2026-05-31T15:40:39.381,test89,self_20260531_154022,clip_033,1,rest,,0.6229,2112823.0,raspberry_pi_seeed_gsr,"2112823,0.6229"
2026-05-31T15:40:39.401,test89,self_20260531_154022,clip_033,1,rest,,0.6213,2112844.0,raspberry_pi_seeed_gsr,"2112844,0.6213"
2026-05-31T15:40:39.421,test89,self_20260531_154022,clip_033,1,rest,,0.6197,2112864.0,raspberry_pi_seeed_gsr,"2112864,0.6197"
2026-05-31T15:40:39.442,test89,self_20260531_154022,clip_033,1,rest,,0.614,2112885.0,raspberry_pi_seeed_gsr,"2112885,0.6140"
2026-05-31T15:40:39.473,test89,self_20260531_154022,clip_033,1,rest,,0.6172,2112905.0,raspberry_pi_seeed_gsr,"2112905,0.6172"
2026-05-31T15:40:39.482,test89,self_20260531_154022,clip_033,1,rest,,0.6213,2112925.0,raspberry_pi_seeed_gsr,"2112925,0.6213"
2026-05-31T15:40:39.503,test89,self_20260531_154022,clip_033,1,rest,,0.614,2112946.0,raspberry_pi_seeed_gsr,"2112946,0.6140"
2026-05-31T15:40:39.523,test89,self_20260531_154022,clip_033,1,rest,,0.6156,2112966.0,raspberry_pi_seeed_gsr,"2112966,0.6156"
2026-05-31T15:40:39.543,test89,self_20260531_154022,clip_033,1,rest,,0.6164,2112986.0,raspberry_pi_seeed_gsr,"2112986,0.6164"
2026-05-31T15:40:39.563,test89,self_20260531_154022,clip_033,1,rest,,0.614,2113006.0,raspberry_pi_seeed_gsr,"2113006,0.6140"
2026-05-31T15:40:39.583,test89,self_20260531_154022,clip_033,1,rest,,0.6156,2113026.0,raspberry_pi_seeed_gsr,"2113026,0.6156"
2026-05-31T15:40:39.603,test89,self_20260531_154022,clip_033,1,rest,,0.6156,2113046.0,raspberry_pi_seeed_gsr,"2113046,0.6156"
2026-05-31T15:40:39.623,test89,self_20260531_154022,clip_033,1,rest,,0.61,2113066.0,raspberry_pi_seeed_gsr,"2113066,0.6100"
2026-05-31T15:40:39.643,test89,self_20260531_154022,clip_033,1,rest,,0.6156,2113086.0,raspberry_pi_seeed_gsr,"2113086,0.6156"
2026-05-31T15:40:39.664,test89,self_20260531_154022,clip_033,1,rest,,0.614,2113107.0,raspberry_pi_seeed_gsr,"2113107,0.6140"
2026-05-31T15:40:39.685,test89,self_20260531_154022,clip_033,1,rest,,0.6092,2113128.0,raspberry_pi_seeed_gsr,"2113128,0.6092"
2026-05-31T15:40:39.706,test89,self_20260531_154022,clip_033,1,rest,,0.6076,2113148.0,raspberry_pi_seeed_gsr,"2113148,0.6076"
2026-05-31T15:40:39.754,test89,self_20260531_154022,clip_033,1,rest,,0.6027,2113168.0,raspberry_pi_seeed_gsr,"2113168,0.6027"
2026-05-31T15:40:39.755,test89,self_20260531_154022,clip_033,1,rest,,0.6084,2113189.0,raspberry_pi_seeed_gsr,"2113189,0.6084"
2026-05-31T15:40:39.766,test89,self_20260531_154022,clip_033,1,rest,,0.6092,2113209.0,raspberry_pi_seeed_gsr,"2113209,0.6092"
2026-05-31T15:40:39.787,test89,self_20260531_154022,clip_033,1,rest,,0.6084,2113230.0,raspberry_pi_seeed_gsr,"2113230,0.6084"
2026-05-31T15:40:39.808,test89,self_20260531_154022,clip_033,1,rest,,0.6084,2113251.0,raspberry_pi_seeed_gsr,"2113251,0.6084"
2026-05-31T15:40:39.828,test89,self_20260531_154022,clip_033,1,rest,,0.6036,2113271.0,raspberry_pi_seeed_gsr,"2113271,0.6036"
2026-05-31T15:40:39.849,test89,self_20260531_154022,clip_033,1,rest,,0.6011,2113292.0,raspberry_pi_seeed_gsr,"2113292,0.6011"
2026-05-31T15:40:39.869,test89,self_20260531_154022,clip_033,1,rest,,0.6011,2113312.0,raspberry_pi_seeed_gsr,"2113312,0.6011"
2026-05-31T15:40:39.890,test89,self_20260531_154022,clip_033,1,rest,,0.6003,2113333.0,raspberry_pi_seeed_gsr,"2113333,0.6003"
2026-05-31T15:40:39.910,test89,self_20260531_154022,clip_033,1,rest,,0.6019,2113353.0,raspberry_pi_seeed_gsr,"2113353,0.6019"
2026-05-31T15:40:39.932,test89,self_20260531_154022,clip_033,1,rest,,0.6044,2113374.0,raspberry_pi_seeed_gsr,"2113374,0.6044"
2026-05-31T15:40:39.951,test89,self_20260531_154022,clip_033,1,rest,,0.5979,2113394.0,raspberry_pi_seeed_gsr,"2113394,0.5979"
2026-05-31T15:40:39.971,test89,self_20260531_154022,clip_033,1,rest,,0.6044,2113414.0,raspberry_pi_seeed_gsr,"2113414,0.6044"
2026-05-31T15:40:40.005,test89,self_20260531_154022,clip_033,1,rest,,0.6116,2113434.0,raspberry_pi_seeed_gsr,"2113434,0.6116"
2026-05-31T15:40:40.012,test89,self_20260531_154022,clip_033,1,rest,,0.6044,2113455.0,raspberry_pi_seeed_gsr,"2113455,0.6044"
2026-05-31T15:40:40.033,test89,self_20260531_154022,clip_033,1,rest,,0.61,2113476.0,raspberry_pi_seeed_gsr,"2113476,0.6100"
2026-05-31T15:40:40.053,test89,self_20260531_154022,clip_033,1,rest,,0.6092,2113496.0,raspberry_pi_seeed_gsr,"2113496,0.6092"
2026-05-31T15:40:40.074,test89,self_20260531_154022,clip_033,1,rest,,0.6076,2113516.0,raspberry_pi_seeed_gsr,"2113516,0.6076"
2026-05-31T15:40:40.093,test89,self_20260531_154022,clip_033,1,rest,,0.6076,2113536.0,raspberry_pi_seeed_gsr,"2113536,0.6076"
2026-05-31T15:40:40.114,test89,self_20260531_154022,clip_033,1,rest,,0.6068,2113557.0,raspberry_pi_seeed_gsr,"2113557,0.6068"
2026-05-31T15:40:40.136,test89,self_20260531_154022,clip_033,1,rest,,0.606,2113578.0,raspberry_pi_seeed_gsr,"2113578,0.6060"
2026-05-31T15:40:40.157,test89,self_20260531_154022,clip_033,1,rest,,0.6092,2113599.0,raspberry_pi_seeed_gsr,"2113599,0.6092"
2026-05-31T15:40:40.177,test89,self_20260531_154022,clip_033,1,rest,,0.61,2113620.0,raspberry_pi_seeed_gsr,"2113620,0.6100"
2026-05-31T15:40:40.197,test89,self_20260531_154022,clip_033,1,rest,,0.6068,2113640.0,raspberry_pi_seeed_gsr,"2113640,0.6068"
2026-05-31T15:40:40.218,test89,self_20260531_154022,clip_033,1,rest,,0.606,2113660.0,raspberry_pi_seeed_gsr,"2113660,0.6060"
2026-05-31T15:40:40.238,test89,self_20260531_154022,clip_033,1,rest,,0.6084,2113680.0,raspberry_pi_seeed_gsr,"2113680,0.6084"
2026-05-31T15:40:40.280,test89,self_20260531_154022,clip_033,1,rest,,0.6092,2113701.0,raspberry_pi_seeed_gsr,"2113701,0.6092"
2026-05-31T15:40:40.281,test89,self_20260531_154022,clip_033,1,rest,,0.6068,2113722.0,raspberry_pi_seeed_gsr,"2113722,0.6068"
2026-05-31T15:40:40.301,test89,self_20260531_154022,clip_033,1,rest,,0.6092,2113743.0,raspberry_pi_seeed_gsr,"2113743,0.6092"
2026-05-31T15:40:40.320,test89,self_20260531_154022,clip_033,1,rest,,0.606,2113763.0,raspberry_pi_seeed_gsr,"2113763,0.6060"
2026-05-31T15:40:40.341,test89,self_20260531_154022,clip_033,1,rest,,0.6044,2113784.0,raspberry_pi_seeed_gsr,"2113784,0.6044"
2026-05-31T15:40:40.362,test89,self_20260531_154022,clip_033,1,rest,,0.6068,2113805.0,raspberry_pi_seeed_gsr,"2113805,0.6068"
2026-05-31T15:40:40.382,test89,self_20260531_154022,clip_033,1,rest,,0.6036,2113825.0,raspberry_pi_seeed_gsr,"2113825,0.6036"
2026-05-31T15:40:40.402,test89,self_20260531_154022,clip_033,1,rest,,0.6052,2113845.0,raspberry_pi_seeed_gsr,"2113845,0.6052"
2026-05-31T15:40:40.422,test89,self_20260531_154022,clip_033,1,rest,,0.6068,2113865.0,raspberry_pi_seeed_gsr,"2113865,0.6068"
2026-05-31T15:40:40.442,test89,self_20260531_154022,clip_033,1,rest,,0.6044,2113885.0,raspberry_pi_seeed_gsr,"2113885,0.6044"
2026-05-31T15:40:40.463,test89,self_20260531_154022,clip_033,1,rest,,0.6076,2113906.0,raspberry_pi_seeed_gsr,"2113906,0.6076"
2026-05-31T15:40:40.483,test89,self_20260531_154022,clip_033,1,rest,,0.6027,2113926.0,raspberry_pi_seeed_gsr,"2113926,0.6027"
2026-05-31T15:40:40.504,test89,self_20260531_154022,clip_033,1,rest,,0.61,2113947.0,raspberry_pi_seeed_gsr,"2113947,0.6100"
2026-05-31T15:40:40.536,test89,self_20260531_154022,clip_033,1,rest,,0.6011,2113967.0,raspberry_pi_seeed_gsr,"2113967,0.6011"
2026-05-31T15:40:40.544,test89,self_20260531_154022,clip_033,1,rest,,0.6092,2113987.0,raspberry_pi_seeed_gsr,"2113987,0.6092"
2026-05-31T15:40:40.564,test89,self_20260531_154022,clip_033,1,rest,,0.6027,2114007.0,raspberry_pi_seeed_gsr,"2114007,0.6027"
2026-05-31T15:40:40.585,test89,self_20260531_154022,clip_033,1,rest,,0.5995,2114027.0,raspberry_pi_seeed_gsr,"2114027,0.5995"
2026-05-31T15:40:40.605,test89,self_20260531_154022,clip_033,1,rest,,0.6011,2114047.0,raspberry_pi_seeed_gsr,"2114047,0.6011"
2026-05-31T15:40:40.624,test89,self_20260531_154022,clip_033,1,rest,,0.6011,2114067.0,raspberry_pi_seeed_gsr,"2114067,0.6011"
2026-05-31T15:40:40.645,test89,self_20260531_154022,clip_033,1,rest,,0.6027,2114087.0,raspberry_pi_seeed_gsr,"2114087,0.6027"
2026-05-31T15:40:40.666,test89,self_20260531_154022,clip_033,1,rest,,0.6068,2114108.0,raspberry_pi_seeed_gsr,"2114108,0.6068"
2026-05-31T15:40:40.686,test89,self_20260531_154022,clip_033,1,rest,,0.6027,2114129.0,raspberry_pi_seeed_gsr,"2114129,0.6027"
2026-05-31T15:40:40.707,test89,self_20260531_154022,clip_033,1,rest,,0.6003,2114150.0,raspberry_pi_seeed_gsr,"2114150,0.6003"
2026-05-31T15:40:40.729,test89,self_20260531_154022,clip_033,1,rest,,0.6011,2114171.0,raspberry_pi_seeed_gsr,"2114171,0.6011"
2026-05-31T15:40:40.750,test89,self_20260531_154022,clip_033,1,rest,,0.6011,2114192.0,raspberry_pi_seeed_gsr,"2114192,0.6011"
2026-05-31T15:40:40.770,test89,self_20260531_154022,clip_033,1,rest,,0.6011,2114212.0,raspberry_pi_seeed_gsr,"2114212,0.6011"
2026-05-31T15:40:40.818,test89,self_20260531_154022,clip_033,1,rest,,0.6027,2114233.0,raspberry_pi_seeed_gsr,"2114233,0.6027"
2026-05-31T15:40:40.819,test89,self_20260531_154022,clip_033,1,rest,,0.5987,2114254.0,raspberry_pi_seeed_gsr,"2114254,0.5987"
2026-05-31T15:40:40.832,test89,self_20260531_154022,clip_033,1,rest,,0.5995,2114275.0,raspberry_pi_seeed_gsr,"2114275,0.5995"
2026-05-31T15:40:40.853,test89,self_20260531_154022,clip_033,1,rest,,0.6108,2114296.0,raspberry_pi_seeed_gsr,"2114296,0.6108"
2026-05-31T15:40:40.874,test89,self_20260531_154022,clip_033,1,rest,,0.6036,2114317.0,raspberry_pi_seeed_gsr,"2114317,0.6036"
2026-05-31T15:40:40.895,test89,self_20260531_154022,clip_033,1,rest,,0.6027,2114338.0,raspberry_pi_seeed_gsr,"2114338,0.6027"
2026-05-31T15:40:40.915,test89,self_20260531_154022,clip_033,1,rest,,0.6036,2114358.0,raspberry_pi_seeed_gsr,"2114358,0.6036"
2026-05-31T15:40:40.935,test89,self_20260531_154022,clip_033,1,rest,,0.6036,2114378.0,raspberry_pi_seeed_gsr,"2114378,0.6036"
2026-05-31T15:40:40.956,test89,self_20260531_154022,clip_033,1,rest,,0.6003,2114399.0,raspberry_pi_seeed_gsr,"2114399,0.6003"
2026-05-31T15:40:40.977,test89,self_20260531_154022,clip_033,1,rest,,0.6036,2114420.0,raspberry_pi_seeed_gsr,"2114420,0.6036"
2026-05-31T15:40:40.999,test89,self_20260531_154022,clip_033,1,rest,,0.6076,2114441.0,raspberry_pi_seeed_gsr,"2114441,0.6076"
2026-05-31T15:40:41.019,test89,self_20260531_154022,clip_033,1,rest,,0.6076,2114462.0,raspberry_pi_seeed_gsr,"2114462,0.6076"
2026-05-31T15:40:41.041,test89,self_20260531_154022,clip_033,1,rest,,0.6052,2114483.0,raspberry_pi_seeed_gsr,"2114483,0.6052"
2026-05-31T15:40:41.071,test89,self_20260531_154022,clip_033,1,rest,,0.6108,2114503.0,raspberry_pi_seeed_gsr,"2114503,0.6108"
2026-05-31T15:40:41.081,test89,self_20260531_154022,clip_033,1,rest,,0.6116,2114524.0,raspberry_pi_seeed_gsr,"2114524,0.6116"
2026-05-31T15:40:41.102,test89,self_20260531_154022,clip_033,1,rest,,0.6172,2114545.0,raspberry_pi_seeed_gsr,"2114545,0.6172"
2026-05-31T15:40:41.123,test89,self_20260531_154022,clip_033,1,rest,,0.6116,2114566.0,raspberry_pi_seeed_gsr,"2114566,0.6116"
2026-05-31T15:40:41.143,test89,self_20260531_154022,clip_033,1,rest,,0.6124,2114586.0,raspberry_pi_seeed_gsr,"2114586,0.6124"
2026-05-31T15:40:41.164,test89,self_20260531_154022,clip_033,1,rest,,0.6148,2114607.0,raspberry_pi_seeed_gsr,"2114607,0.6148"
2026-05-31T15:40:41.185,test89,self_20260531_154022,clip_033,1,rest,,0.6156,2114627.0,raspberry_pi_seeed_gsr,"2114627,0.6156"
2026-05-31T15:40:41.204,test89,self_20260531_154022,clip_033,1,rest,,0.6148,2114647.0,raspberry_pi_seeed_gsr,"2114647,0.6148"
2026-05-31T15:40:41.226,test89,self_20260531_154022,clip_033,1,rest,,0.614,2114668.0,raspberry_pi_seeed_gsr,"2114668,0.6140"
2026-05-31T15:40:41.247,test89,self_20260531_154022,clip_033,1,rest,,0.6164,2114689.0,raspberry_pi_seeed_gsr,"2114689,0.6164"
2026-05-31T15:40:41.268,test89,self_20260531_154022,clip_033,1,rest,,0.6164,2114710.0,raspberry_pi_seeed_gsr,"2114710,0.6164"
2026-05-31T15:40:41.289,test89,self_20260531_154022,clip_033,1,rest,,0.6172,2114731.0,raspberry_pi_seeed_gsr,"2114731,0.6172"
2026-05-31T15:40:41.335,test89,self_20260531_154022,clip_033,1,rest,,0.6172,2114751.0,raspberry_pi_seeed_gsr,"2114751,0.6172"
2026-05-31T15:40:41.336,test89,self_20260531_154022,clip_033,1,rest,,0.6172,2114772.0,raspberry_pi_seeed_gsr,"2114772,0.6172"
2026-05-31T15:40:41.350,test89,self_20260531_154022,clip_033,1,rest,,0.61,2114793.0,raspberry_pi_seeed_gsr,"2114793,0.6100"
2026-05-31T15:40:41.371,test89,self_20260531_154022,clip_033,1,rest,,0.6189,2114813.0,raspberry_pi_seeed_gsr,"2114813,0.6189"
2026-05-31T15:40:41.391,test89,self_20260531_154022,clip_033,1,rest,,0.614,2114834.0,raspberry_pi_seeed_gsr,"2114834,0.6140"
2026-05-31T15:40:41.411,test89,self_20260531_154022,clip_033,1,rest,,0.6164,2114854.0,raspberry_pi_seeed_gsr,"2114854,0.6164"
2026-05-31T15:40:41.432,test89,self_20260531_154022,clip_033,1,rest,,0.6197,2114875.0,raspberry_pi_seeed_gsr,"2114875,0.6197"
2026-05-31T15:40:41.452,test89,self_20260531_154022,clip_033,1,rest,,0.6189,2114895.0,raspberry_pi_seeed_gsr,"2114895,0.6189"
2026-05-31T15:40:41.473,test89,self_20260531_154022,clip_033,1,rest,,0.6229,2114916.0,raspberry_pi_seeed_gsr,"2114916,0.6229"
2026-05-31T15:40:41.494,test89,self_20260531_154022,clip_033,1,rest,,0.6181,2114937.0,raspberry_pi_seeed_gsr,"2114937,0.6181"
2026-05-31T15:40:41.514,test89,self_20260531_154022,clip_033,1,rest,,0.6189,2114957.0,raspberry_pi_seeed_gsr,"2114957,0.6189"
2026-05-31T15:40:41.535,test89,self_20260531_154022,clip_033,1,rest,,0.6205,2114978.0,raspberry_pi_seeed_gsr,"2114978,0.6205"
2026-05-31T15:40:41.557,test89,self_20260531_154022,clip_033,1,rest,,0.6132,2114999.0,raspberry_pi_seeed_gsr,"2114999,0.6132"
2026-05-31T15:40:41.588,test89,self_20260531_154022,clip_033,1,rest,,0.6189,2115019.0,raspberry_pi_seeed_gsr,"2115019,0.6189"
2026-05-31T15:40:41.597,test89,self_20260531_154022,clip_033,1,rest,,0.6197,2115040.0,raspberry_pi_seeed_gsr,"2115040,0.6197"
2026-05-31T15:40:41.617,test89,self_20260531_154022,clip_033,1,rest,,0.6221,2115060.0,raspberry_pi_seeed_gsr,"2115060,0.6221"
2026-05-31T15:40:41.638,test89,self_20260531_154022,clip_033,1,rest,,0.6221,2115081.0,raspberry_pi_seeed_gsr,"2115081,0.6221"
2026-05-31T15:40:41.659,test89,self_20260531_154022,clip_033,1,rest,,0.6164,2115102.0,raspberry_pi_seeed_gsr,"2115102,0.6164"
2026-05-31T15:40:41.680,test89,self_20260531_154022,clip_033,1,rest,,0.6172,2115123.0,raspberry_pi_seeed_gsr,"2115123,0.6172"
2026-05-31T15:40:41.701,test89,self_20260531_154022,clip_033,1,rest,,0.6172,2115144.0,raspberry_pi_seeed_gsr,"2115144,0.6172"
2026-05-31T15:40:41.722,test89,self_20260531_154022,clip_033,1,rest,,0.6164,2115165.0,raspberry_pi_seeed_gsr,"2115165,0.6164"
2026-05-31T15:40:41.743,test89,self_20260531_154022,clip_033,1,rest,,0.606,2115186.0,raspberry_pi_seeed_gsr,"2115186,0.6060"
2026-05-31T15:40:41.764,test89,self_20260531_154022,clip_033,1,rest,,0.614,2115207.0,raspberry_pi_seeed_gsr,"2115207,0.6140"
2026-05-31T15:40:41.786,test89,self_20260531_154022,clip_033,1,rest,,0.6132,2115228.0,raspberry_pi_seeed_gsr,"2115228,0.6132"
2026-05-31T15:40:41.807,test89,self_20260531_154022,clip_033,1,rest,,0.6124,2115249.0,raspberry_pi_seeed_gsr,"2115249,0.6124"
2026-05-31T15:40:41.855,test89,self_20260531_154022,clip_033,1,rest,,0.6124,2115270.0,raspberry_pi_seeed_gsr,"2115270,0.6124"
2026-05-31T15:40:41.856,test89,self_20260531_154022,clip_033,1,rest,,0.606,2115291.0,raspberry_pi_seeed_gsr,"2115291,0.6060"
2026-05-31T15:40:41.869,test89,self_20260531_154022,clip_033,1,rest,,0.614,2115312.0,raspberry_pi_seeed_gsr,"2115312,0.6140"
2026-05-31T15:40:41.890,test89,self_20260531_154022,clip_033,1,rest,,0.6132,2115333.0,raspberry_pi_seeed_gsr,"2115333,0.6132"
2026-05-31T15:40:41.911,test89,self_20260531_154022,clip_033,1,rest,,0.6132,2115354.0,raspberry_pi_seeed_gsr,"2115354,0.6132"
2026-05-31T15:40:41.932,test89,self_20260531_154022,clip_033,1,rest,,0.606,2115374.0,raspberry_pi_seeed_gsr,"2115374,0.6060"
2026-05-31T15:40:41.953,test89,self_20260531_154022,clip_033,1,rest,,0.6116,2115395.0,raspberry_pi_seeed_gsr,"2115395,0.6116"
2026-05-31T15:40:41.973,test89,self_20260531_154022,clip_033,1,rest,,0.6076,2115416.0,raspberry_pi_seeed_gsr,"2115416,0.6076"
2026-05-31T15:40:41.994,test89,self_20260531_154022,clip_033,1,rest,,0.6076,2115437.0,raspberry_pi_seeed_gsr,"2115437,0.6076"
2026-05-31T15:40:42.016,test89,self_20260531_154022,clip_033,1,rest,,0.6068,2115458.0,raspberry_pi_seeed_gsr,"2115458,0.6068"
2026-05-31T15:40:42.036,test89,self_20260531_154022,clip_033,1,rest,,0.6011,2115479.0,raspberry_pi_seeed_gsr,"2115479,0.6011"
2026-05-31T15:40:42.058,test89,self_20260531_154022,clip_033,1,rest,,0.6044,2115500.0,raspberry_pi_seeed_gsr,"2115500,0.6044"
2026-05-31T15:40:42.097,test89,self_20260531_154022,clip_033,1,rest,,0.6019,2115521.0,raspberry_pi_seeed_gsr,"2115521,0.6019"
2026-05-31T15:40:42.099,test89,self_20260531_154022,clip_033,1,rest,,0.5971,2115542.0,raspberry_pi_seeed_gsr,"2115542,0.5971"
2026-05-31T15:40:42.120,test89,self_20260531_154022,clip_033,1,rest,,0.5963,2115563.0,raspberry_pi_seeed_gsr,"2115563,0.5963"
2026-05-31T15:40:42.141,test89,self_20260531_154022,clip_033,1,rest,,0.6036,2115584.0,raspberry_pi_seeed_gsr,"2115584,0.6036"
2026-05-31T15:40:42.162,test89,self_20260531_154022,clip_033,1,rest,,0.5947,2115605.0,raspberry_pi_seeed_gsr,"2115605,0.5947"
2026-05-31T15:40:42.183,test89,self_20260531_154022,clip_033,1,rest,,0.6036,2115626.0,raspberry_pi_seeed_gsr,"2115626,0.6036"
2026-05-31T15:40:42.205,test89,self_20260531_154022,clip_033,1,rest,,0.5971,2115647.0,raspberry_pi_seeed_gsr,"2115647,0.5971"
2026-05-31T15:40:42.225,test89,self_20260531_154022,clip_033,1,rest,,0.5907,2115668.0,raspberry_pi_seeed_gsr,"2115668,0.5907"
2026-05-31T15:40:42.246,test89,self_20260531_154022,clip_033,1,rest,,0.5947,2115689.0,raspberry_pi_seeed_gsr,"2115689,0.5947"
2026-05-31T15:40:42.267,test89,self_20260531_154022,clip_033,1,rest,,0.5995,2115710.0,raspberry_pi_seeed_gsr,"2115710,0.5995"
2026-05-31T15:40:42.288,test89,self_20260531_154022,clip_033,1,rest,,0.5947,2115731.0,raspberry_pi_seeed_gsr,"2115731,0.5947"
2026-05-31T15:40:42.310,test89,self_20260531_154022,clip_033,1,rest,,0.6011,2115752.0,raspberry_pi_seeed_gsr,"2115752,0.6011"
2026-05-31T15:40:42.354,test89,self_20260531_154022,clip_033,1,rest,,0.5995,2115772.0,raspberry_pi_seeed_gsr,"2115772,0.5995"
2026-05-31T15:40:42.355,test89,self_20260531_154022,clip_033,1,rest,,0.6003,2115793.0,raspberry_pi_seeed_gsr,"2115793,0.6003"
2026-05-31T15:40:42.371,test89,self_20260531_154022,clip_033,1,rest,,0.5947,2115814.0,raspberry_pi_seeed_gsr,"2115814,0.5947"
2026-05-31T15:40:42.392,test89,self_20260531_154022,clip_033,1,rest,,0.6011,2115835.0,raspberry_pi_seeed_gsr,"2115835,0.6011"
2026-05-31T15:40:42.413,test89,self_20260531_154022,clip_033,1,rest,,0.6011,2115856.0,raspberry_pi_seeed_gsr,"2115856,0.6011"
2026-05-31T15:40:42.434,test89,self_20260531_154022,clip_033,1,rest,,0.6011,2115877.0,raspberry_pi_seeed_gsr,"2115877,0.6011"
2026-05-31T15:40:42.455,test89,self_20260531_154022,clip_033,1,rest,,0.5995,2115898.0,raspberry_pi_seeed_gsr,"2115898,0.5995"
2026-05-31T15:40:42.476,test89,self_20260531_154022,clip_033,1,rest,,0.6036,2115919.0,raspberry_pi_seeed_gsr,"2115919,0.6036"
2026-05-31T15:40:42.497,test89,self_20260531_154022,clip_033,1,rest,,0.6092,2115940.0,raspberry_pi_seeed_gsr,"2115940,0.6092"
2026-05-31T15:40:42.517,test89,self_20260531_154022,clip_033,1,rest,,0.6011,2115960.0,raspberry_pi_seeed_gsr,"2115960,0.6011"
2026-05-31T15:40:42.538,test89,self_20260531_154022,clip_033,1,rest,,0.6036,2115981.0,raspberry_pi_seeed_gsr,"2115981,0.6036"
2026-05-31T15:40:42.559,test89,self_20260531_154022,clip_033,1,rest,,0.6011,2116002.0,raspberry_pi_seeed_gsr,"2116002,0.6011"
2026-05-31T15:40:42.580,test89,self_20260531_154022,clip_033,1,rest,,0.6036,2116023.0,raspberry_pi_seeed_gsr,"2116023,0.6036"
2026-05-31T15:40:42.606,test89,self_20260531_154022,clip_033,1,rest,,0.6036,2116044.0,raspberry_pi_seeed_gsr,"2116044,0.6036"
2026-05-31T15:40:42.621,test89,self_20260531_154022,clip_033,1,rest,,0.6027,2116064.0,raspberry_pi_seeed_gsr,"2116064,0.6027"
2026-05-31T15:40:42.642,test89,self_20260531_154022,clip_033,1,rest,,0.6052,2116085.0,raspberry_pi_seeed_gsr,"2116085,0.6052"
2026-05-31T15:40:42.663,test89,self_20260531_154022,clip_033,1,rest,,0.6068,2116106.0,raspberry_pi_seeed_gsr,"2116106,0.6068"
2026-05-31T15:40:42.684,test89,self_20260531_154022,clip_033,1,rest,,0.6052,2116127.0,raspberry_pi_seeed_gsr,"2116127,0.6052"
2026-05-31T15:40:42.705,test89,self_20260531_154022,clip_033,1,rest,,0.61,2116148.0,raspberry_pi_seeed_gsr,"2116148,0.6100"
2026-05-31T15:40:42.725,test89,self_20260531_154022,clip_033,1,rest,,0.6036,2116168.0,raspberry_pi_seeed_gsr,"2116168,0.6036"
2026-05-31T15:40:42.746,test89,self_20260531_154022,clip_033,1,rest,,0.606,2116189.0,raspberry_pi_seeed_gsr,"2116189,0.6060"
2026-05-31T15:40:42.767,test89,self_20260531_154022,clip_033,1,rest,,0.6076,2116210.0,raspberry_pi_seeed_gsr,"2116210,0.6076"
2026-05-31T15:40:42.789,test89,self_20260531_154022,clip_033,1,rest,,0.6052,2116231.0,raspberry_pi_seeed_gsr,"2116231,0.6052"
2026-05-31T15:40:42.810,test89,self_20260531_154022,clip_033,1,rest,,0.6076,2116252.0,raspberry_pi_seeed_gsr,"2116252,0.6076"
2026-05-31T15:40:42.831,test89,self_20260531_154022,clip_033,1,rest,,0.606,2116273.0,raspberry_pi_seeed_gsr,"2116273,0.6060"
2026-05-31T15:40:42.869,test89,self_20260531_154022,clip_033,1,rest,,0.6068,2116294.0,raspberry_pi_seeed_gsr,"2116294,0.6068"
2026-05-31T15:40:42.872,test89,self_20260531_154022,clip_033,1,rest,,0.6068,2116315.0,raspberry_pi_seeed_gsr,"2116315,0.6068"
2026-05-31T15:40:42.893,test89,self_20260531_154022,clip_033,1,rest,,0.6084,2116336.0,raspberry_pi_seeed_gsr,"2116336,0.6084"
2026-05-31T15:40:42.914,test89,self_20260531_154022,clip_033,1,rest,,0.6068,2116357.0,raspberry_pi_seeed_gsr,"2116357,0.6068"
2026-05-31T15:40:42.935,test89,self_20260531_154022,clip_033,1,rest,,0.6092,2116378.0,raspberry_pi_seeed_gsr,"2116378,0.6092"
2026-05-31T15:40:42.956,test89,self_20260531_154022,clip_033,1,rest,,0.6027,2116399.0,raspberry_pi_seeed_gsr,"2116399,0.6027"
2026-05-31T15:40:42.977,test89,self_20260531_154022,clip_033,1,rest,,0.606,2116420.0,raspberry_pi_seeed_gsr,"2116420,0.6060"
2026-05-31T15:40:42.999,test89,self_20260531_154022,clip_033,1,rest,,0.6027,2116441.0,raspberry_pi_seeed_gsr,"2116441,0.6027"
2026-05-31T15:40:43.020,test89,self_20260531_154022,clip_033,1,rest,,0.6052,2116462.0,raspberry_pi_seeed_gsr,"2116462,0.6052"
2026-05-31T15:40:43.041,test89,self_20260531_154022,clip_033,1,rest,,0.6092,2116483.0,raspberry_pi_seeed_gsr,"2116483,0.6092"
2026-05-31T15:40:43.062,test89,self_20260531_154022,clip_033,1,rest,,0.6084,2116504.0,raspberry_pi_seeed_gsr,"2116504,0.6084"
2026-05-31T15:40:43.083,test89,self_20260531_154022,clip_033,1,rest,,0.6068,2116525.0,raspberry_pi_seeed_gsr,"2116525,0.6068"
2026-05-31T15:40:43.121,test89,self_20260531_154022,clip_033,1,rest,,0.606,2116546.0,raspberry_pi_seeed_gsr,"2116546,0.6060"
2026-05-31T15:40:43.124,test89,self_20260531_154022,clip_033,1,rest,,0.6076,2116567.0,raspberry_pi_seeed_gsr,"2116567,0.6076"
2026-05-31T15:40:43.145,test89,self_20260531_154022,clip_033,1,rest,,0.6003,2116588.0,raspberry_pi_seeed_gsr,"2116588,0.6003"
2026-05-31T15:40:43.166,test89,self_20260531_154022,clip_033,1,rest,,0.6084,2116609.0,raspberry_pi_seeed_gsr,"2116609,0.6084"
2026-05-31T15:40:43.187,test89,self_20260531_154022,clip_033,1,rest,,0.606,2116630.0,raspberry_pi_seeed_gsr,"2116630,0.6060"
2026-05-31T15:40:43.208,test89,self_20260531_154022,clip_033,1,rest,,0.606,2116651.0,raspberry_pi_seeed_gsr,"2116651,0.6060"
2026-05-31T15:40:43.230,test89,self_20260531_154022,clip_033,1,rest,,0.6076,2116672.0,raspberry_pi_seeed_gsr,"2116672,0.6076"
2026-05-31T15:40:43.251,test89,self_20260531_154022,clip_033,1,rest,,0.606,2116693.0,raspberry_pi_seeed_gsr,"2116693,0.6060"
2026-05-31T15:40:43.272,test89,self_20260531_154022,clip_033,1,rest,,0.6092,2116714.0,raspberry_pi_seeed_gsr,"2116714,0.6092"
2026-05-31T15:40:43.293,test89,self_20260531_154022,clip_033,1,rest,,0.6044,2116735.0,raspberry_pi_seeed_gsr,"2116735,0.6044"
2026-05-31T15:40:43.314,test89,self_20260531_154022,clip_033,1,rest,,0.6052,2116756.0,raspberry_pi_seeed_gsr,"2116756,0.6052"
2026-05-31T15:40:43.335,test89,self_20260531_154022,clip_033,1,rest,,0.6036,2116777.0,raspberry_pi_seeed_gsr,"2116777,0.6036"
2026-05-31T15:40:43.376,test89,self_20260531_154022,clip_033,1,rest,,0.6036,2116798.0,raspberry_pi_seeed_gsr,"2116798,0.6036"
2026-05-31T15:40:43.377,test89,self_20260531_154022,clip_033,1,rest,,0.6068,2116819.0,raspberry_pi_seeed_gsr,"2116819,0.6068"
2026-05-31T15:40:43.397,test89,self_20260531_154022,clip_033,1,rest,,0.6084,2116840.0,raspberry_pi_seeed_gsr,"2116840,0.6084"
2026-05-31T15:40:43.418,test89,self_20260531_154022,clip_033,1,rest,,0.6036,2116861.0,raspberry_pi_seeed_gsr,"2116861,0.6036"
2026-05-31T15:40:43.439,test89,self_20260531_154022,clip_033,1,rest,,0.6044,2116882.0,raspberry_pi_seeed_gsr,"2116882,0.6044"
2026-05-31T15:40:43.461,test89,self_20260531_154022,clip_033,1,rest,,0.6052,2116903.0,raspberry_pi_seeed_gsr,"2116903,0.6052"
2026-05-31T15:40:43.482,test89,self_20260531_154022,clip_033,1,rest,,0.6027,2116924.0,raspberry_pi_seeed_gsr,"2116924,0.6027"
2026-05-31T15:40:43.502,test89,self_20260531_154022,clip_033,1,rest,,0.6044,2116945.0,raspberry_pi_seeed_gsr,"2116945,0.6044"
2026-05-31T15:40:43.523,test89,self_20260531_154022,clip_033,1,rest,,0.606,2116966.0,raspberry_pi_seeed_gsr,"2116966,0.6060"
2026-05-31T15:40:43.544,test89,self_20260531_154022,clip_033,1,rest,,0.6076,2116987.0,raspberry_pi_seeed_gsr,"2116987,0.6076"
2026-05-31T15:40:43.565,test89,self_20260531_154022,clip_033,1,rest,,0.5955,2117008.0,raspberry_pi_seeed_gsr,"2117008,0.5955"
2026-05-31T15:40:43.586,test89,self_20260531_154022,clip_033,1,rest,,0.606,2117029.0,raspberry_pi_seeed_gsr,"2117029,0.6060"
2026-05-31T15:40:43.608,test89,self_20260531_154022,clip_033,1,rest,,0.6027,2117050.0,raspberry_pi_seeed_gsr,"2117050,0.6027"
2026-05-31T15:40:43.665,test89,self_20260531_154022,clip_033,1,rest,,0.6076,2117071.0,raspberry_pi_seeed_gsr,"2117071,0.6076"
2026-05-31T15:40:43.666,test89,self_20260531_154022,clip_033,1,rest,,0.6108,2117092.0,raspberry_pi_seeed_gsr,"2117092,0.6108"
2026-05-31T15:40:43.670,test89,self_20260531_154022,clip_033,1,rest,,0.6027,2117113.0,raspberry_pi_seeed_gsr,"2117113,0.6027"
2026-05-31T15:40:43.691,test89,self_20260531_154022,clip_033,1,rest,,0.6092,2117134.0,raspberry_pi_seeed_gsr,"2117134,0.6092"
2026-05-31T15:40:43.712,test89,self_20260531_154022,clip_033,1,rest,,0.606,2117155.0,raspberry_pi_seeed_gsr,"2117155,0.6060"
2026-05-31T15:40:43.732,test89,self_20260531_154022,clip_033,1,rest,,0.6076,2117175.0,raspberry_pi_seeed_gsr,"2117175,0.6076"
2026-05-31T15:40:43.753,test89,self_20260531_154022,clip_033,1,rest,,0.6027,2117196.0,raspberry_pi_seeed_gsr,"2117196,0.6027"
2026-05-31T15:40:43.774,test89,self_20260531_154022,clip_033,1,rest,,0.6068,2117217.0,raspberry_pi_seeed_gsr,"2117217,0.6068"
2026-05-31T15:40:43.795,test89,self_20260531_154022,clip_033,1,rest,,0.606,2117238.0,raspberry_pi_seeed_gsr,"2117238,0.6060"
2026-05-31T15:40:43.816,test89,self_20260531_154022,clip_033,1,rest,,0.6124,2117259.0,raspberry_pi_seeed_gsr,"2117259,0.6124"
2026-05-31T15:40:43.837,test89,self_20260531_154022,clip_033,1,rest,,0.606,2117280.0,raspberry_pi_seeed_gsr,"2117280,0.6060"
2026-05-31T15:40:43.859,test89,self_20260531_154022,clip_033,1,rest,,0.6052,2117301.0,raspberry_pi_seeed_gsr,"2117301,0.6052"
2026-05-31T15:40:43.896,test89,self_20260531_154022,clip_033,1,rest,,0.6068,2117322.0,raspberry_pi_seeed_gsr,"2117322,0.6068"
2026-05-31T15:40:43.900,test89,self_20260531_154022,clip_033,1,rest,,0.6027,2117343.0,raspberry_pi_seeed_gsr,"2117343,0.6027"
2026-05-31T15:40:43.921,test89,self_20260531_154022,clip_033,1,rest,,0.6027,2117364.0,raspberry_pi_seeed_gsr,"2117364,0.6027"
2026-05-31T15:40:43.942,test89,self_20260531_154022,clip_033,1,rest,,0.6084,2117385.0,raspberry_pi_seeed_gsr,"2117385,0.6084"
2026-05-31T15:40:43.963,test89,self_20260531_154022,clip_033,1,rest,,0.6052,2117406.0,raspberry_pi_seeed_gsr,"2117406,0.6052"
2026-05-31T15:40:43.984,test89,self_20260531_154022,clip_033,1,rest,,0.6068,2117427.0,raspberry_pi_seeed_gsr,"2117427,0.6068"
2026-05-31T15:40:44.006,test89,self_20260531_154022,clip_033,1,rest,,0.6076,2117448.0,raspberry_pi_seeed_gsr,"2117448,0.6076"
2026-05-31T15:40:44.026,test89,self_20260531_154022,clip_033,1,rest,,0.6068,2117469.0,raspberry_pi_seeed_gsr,"2117469,0.6068"
2026-05-31T15:40:44.048,test89,self_20260531_154022,clip_033,1,rest,,0.6052,2117490.0,raspberry_pi_seeed_gsr,"2117490,0.6052"
2026-05-31T15:40:44.069,test89,self_20260531_154022,clip_033,1,rest,,0.6044,2117511.0,raspberry_pi_seeed_gsr,"2117511,0.6044"
2026-05-31T15:40:44.090,test89,self_20260531_154022,clip_033,1,rest,,0.6076,2117532.0,raspberry_pi_seeed_gsr,"2117532,0.6076"
2026-05-31T15:40:44.111,test89,self_20260531_154022,clip_033,1,rest,,0.606,2117553.0,raspberry_pi_seeed_gsr,"2117553,0.6060"
2026-05-31T15:40:44.150,test89,self_20260531_154022,clip_033,1,rest,,0.6052,2117574.0,raspberry_pi_seeed_gsr,"2117574,0.6052"
2026-05-31T15:40:44.152,test89,self_20260531_154022,clip_033,1,rest,,0.606,2117595.0,raspberry_pi_seeed_gsr,"2117595,0.6060"
2026-05-31T15:40:44.174,test89,self_20260531_154022,clip_033,1,rest,,0.6148,2117616.0,raspberry_pi_seeed_gsr,"2117616,0.6148"
2026-05-31T15:40:44.194,test89,self_20260531_154022,clip_033,1,rest,,0.6124,2117637.0,raspberry_pi_seeed_gsr,"2117637,0.6124"
2026-05-31T15:40:44.216,test89,self_20260531_154022,clip_033,1,rest,,0.606,2117658.0,raspberry_pi_seeed_gsr,"2117658,0.6060"
2026-05-31T15:40:44.236,test89,self_20260531_154022,clip_033,1,rest,,0.6052,2117679.0,raspberry_pi_seeed_gsr,"2117679,0.6052"
2026-05-31T15:40:44.258,test89,self_20260531_154022,clip_033,1,rest,,0.606,2117700.0,raspberry_pi_seeed_gsr,"2117700,0.6060"
2026-05-31T15:40:44.279,test89,self_20260531_154022,clip_033,1,rest,,0.606,2117721.0,raspberry_pi_seeed_gsr,"2117721,0.6060"
2026-05-31T15:40:44.300,test89,self_20260531_154022,clip_033,1,rest,,0.6084,2117742.0,raspberry_pi_seeed_gsr,"2117742,0.6084"
2026-05-31T15:40:44.321,test89,self_20260531_154022,clip_033,1,rest,,0.6011,2117763.0,raspberry_pi_seeed_gsr,"2117763,0.6011"
2026-05-31T15:40:44.342,test89,self_20260531_154022,clip_033,1,rest,,0.6036,2117784.0,raspberry_pi_seeed_gsr,"2117784,0.6036"
2026-05-31T15:40:44.363,test89,self_20260531_154022,clip_033,1,rest,,0.61,2117805.0,raspberry_pi_seeed_gsr,"2117805,0.6100"
2026-05-31T15:40:44.404,test89,self_20260531_154022,clip_033,1,rest,,0.6092,2117825.0,raspberry_pi_seeed_gsr,"2117825,0.6092"
2026-05-31T15:40:44.405,test89,self_20260531_154022,clip_033,1,rest,,0.6076,2117846.0,raspberry_pi_seeed_gsr,"2117846,0.6076"
2026-05-31T15:40:44.424,test89,self_20260531_154022,clip_033,1,rest,,0.6068,2117867.0,raspberry_pi_seeed_gsr,"2117867,0.6068"
2026-05-31T15:40:44.445,test89,self_20260531_154022,clip_033,1,rest,,0.6076,2117888.0,raspberry_pi_seeed_gsr,"2117888,0.6076"
2026-05-31T15:40:44.467,test89,self_20260531_154022,clip_033,1,rest,,0.6011,2117909.0,raspberry_pi_seeed_gsr,"2117909,0.6011"
2026-05-31T15:40:44.487,test89,self_20260531_154022,clip_033,1,rest,,0.606,2117930.0,raspberry_pi_seeed_gsr,"2117930,0.6060"
2026-05-31T15:40:44.511,test89,self_20260531_154022,clip_033,1,rest,,0.6027,2117951.0,raspberry_pi_seeed_gsr,"2117951,0.6027"
2026-05-31T15:40:44.530,test89,self_20260531_154022,clip_033,1,rest,,0.6036,2117972.0,raspberry_pi_seeed_gsr,"2117972,0.6036"
2026-05-31T15:40:44.550,test89,self_20260531_154022,clip_033,1,rest,,0.6068,2117993.0,raspberry_pi_seeed_gsr,"2117993,0.6068"
2026-05-31T15:40:44.571,test89,self_20260531_154022,clip_033,1,rest,,0.6003,2118014.0,raspberry_pi_seeed_gsr,"2118014,0.6003"
2026-05-31T15:40:44.592,test89,self_20260531_154022,clip_033,1,rest,,0.606,2118035.0,raspberry_pi_seeed_gsr,"2118035,0.6060"
2026-05-31T15:40:44.613,test89,self_20260531_154022,clip_033,1,rest,,0.6019,2118056.0,raspberry_pi_seeed_gsr,"2118056,0.6019"
2026-05-31T15:40:44.638,test89,self_20260531_154022,clip_033,1,rest,,0.6068,2118077.0,raspberry_pi_seeed_gsr,"2118077,0.6068"
2026-05-31T15:40:44.655,test89,self_20260531_154022,clip_033,1,rest,,0.6068,2118098.0,raspberry_pi_seeed_gsr,"2118098,0.6068"
2026-05-31T15:40:44.676,test89,self_20260531_154022,clip_033,1,rest,,0.6068,2118119.0,raspberry_pi_seeed_gsr,"2118119,0.6068"
2026-05-31T15:40:46.728,test89,self_20260531_154022,clip_033,1,listen,,0.5995,2119524.0,raspberry_pi_seeed_gsr,"2119524,0.5995"
2026-05-31T15:40:46.729,test89,self_20260531_154022,clip_033,1,listen,,0.5899,2119545.0,raspberry_pi_seeed_gsr,"2119545,0.5899"
2026-05-31T15:40:46.731,test89,self_20260531_154022,clip_033,1,listen,,0.5979,2119566.0,raspberry_pi_seeed_gsr,"2119566,0.5979"
2026-05-31T15:40:46.733,test89,self_20260531_154022,clip_033,1,listen,,0.5979,2119587.0,raspberry_pi_seeed_gsr,"2119587,0.5979"
2026-05-31T15:40:46.734,test89,self_20260531_154022,clip_033,1,listen,,0.5971,2119608.0,raspberry_pi_seeed_gsr,"2119608,0.5971"
2026-05-31T15:40:46.736,test89,self_20260531_154022,clip_033,1,listen,,0.5963,2119629.0,raspberry_pi_seeed_gsr,"2119629,0.5963"
2026-05-31T15:40:46.737,test89,self_20260531_154022,clip_033,1,listen,,0.6003,2119650.0,raspberry_pi_seeed_gsr,"2119650,0.6003"
2026-05-31T15:40:46.737,test89,self_20260531_154022,clip_033,1,listen,,0.5963,2119671.0,raspberry_pi_seeed_gsr,"2119671,0.5963"
2026-05-31T15:40:46.738,test89,self_20260531_154022,clip_033,1,listen,,0.5955,2119692.0,raspberry_pi_seeed_gsr,"2119692,0.5955"
2026-05-31T15:40:46.739,test89,self_20260531_154022,clip_033,1,listen,,0.5939,2119713.0,raspberry_pi_seeed_gsr,"2119713,0.5939"
2026-05-31T15:40:46.740,test89,self_20260531_154022,clip_033,1,listen,,0.5931,2119734.0,raspberry_pi_seeed_gsr,"2119734,0.5931"
2026-05-31T15:40:46.740,test89,self_20260531_154022,clip_033,1,listen,,0.5971,2119755.0,raspberry_pi_seeed_gsr,"2119755,0.5971"
2026-05-31T15:40:46.741,test89,self_20260531_154022,clip_033,1,listen,,0.5979,2119776.0,raspberry_pi_seeed_gsr,"2119776,0.5979"
2026-05-31T15:40:46.741,test89,self_20260531_154022,clip_033,1,listen,,0.5963,2119797.0,raspberry_pi_seeed_gsr,"2119797,0.5963"
2026-05-31T15:40:46.742,test89,self_20260531_154022,clip_033,1,listen,,0.6003,2119818.0,raspberry_pi_seeed_gsr,"2119818,0.6003"
2026-05-31T15:40:46.742,test89,self_20260531_154022,clip_033,1,listen,,0.5971,2119839.0,raspberry_pi_seeed_gsr,"2119839,0.5971"
2026-05-31T15:40:46.743,test89,self_20260531_154022,clip_033,1,listen,,0.6019,2119860.0,raspberry_pi_seeed_gsr,"2119860,0.6019"
2026-05-31T15:40:46.744,test89,self_20260531_154022,clip_033,1,listen,,0.6027,2119881.0,raspberry_pi_seeed_gsr,"2119881,0.6027"
2026-05-31T15:40:46.744,test89,self_20260531_154022,clip_033,1,listen,,0.6076,2119902.0,raspberry_pi_seeed_gsr,"2119902,0.6076"
2026-05-31T15:40:46.745,test89,self_20260531_154022,clip_033,1,listen,,0.6044,2119923.0,raspberry_pi_seeed_gsr,"2119923,0.6044"
2026-05-31T15:40:46.746,test89,self_20260531_154022,clip_033,1,listen,,0.6003,2119944.0,raspberry_pi_seeed_gsr,"2119944,0.6003"
2026-05-31T15:40:46.746,test89,self_20260531_154022,clip_033,1,listen,,0.6172,2119965.0,raspberry_pi_seeed_gsr,"2119965,0.6172"
2026-05-31T15:40:46.747,test89,self_20260531_154022,clip_033,1,listen,,0.61,2119986.0,raspberry_pi_seeed_gsr,"2119986,0.6100"
2026-05-31T15:40:46.748,test89,self_20260531_154022,clip_033,1,listen,,0.6108,2120006.0,raspberry_pi_seeed_gsr,"2120006,0.6108"
2026-05-31T15:40:46.748,test89,self_20260531_154022,clip_033,1,listen,,0.6108,2120027.0,raspberry_pi_seeed_gsr,"2120027,0.6108"
2026-05-31T15:40:46.749,test89,self_20260531_154022,clip_033,1,listen,,0.6124,2120048.0,raspberry_pi_seeed_gsr,"2120048,0.6124"
2026-05-31T15:40:46.749,test89,self_20260531_154022,clip_033,1,listen,,0.6124,2120069.0,raspberry_pi_seeed_gsr,"2120069,0.6124"
2026-05-31T15:40:46.750,test89,self_20260531_154022,clip_033,1,listen,,0.6148,2120090.0,raspberry_pi_seeed_gsr,"2120090,0.6148"
2026-05-31T15:40:46.750,test89,self_20260531_154022,clip_033,1,listen,,0.6092,2120111.0,raspberry_pi_seeed_gsr,"2120111,0.6092"
2026-05-31T15:40:46.751,test89,self_20260531_154022,clip_033,1,listen,,0.6052,2120132.0,raspberry_pi_seeed_gsr,"2120132,0.6052"
2026-05-31T15:40:46.751,test89,self_20260531_154022,clip_033,1,listen,,0.6068,2120153.0,raspberry_pi_seeed_gsr,"2120153,0.6068"
2026-05-31T15:40:46.752,test89,self_20260531_154022,clip_033,1,listen,,0.5931,2120174.0,raspberry_pi_seeed_gsr,"2120174,0.5931"
2026-05-31T15:40:46.753,test89,self_20260531_154022,clip_033,1,listen,,0.6027,2120195.0,raspberry_pi_seeed_gsr,"2120195,0.6027"
2026-05-31T15:40:46.773,test89,self_20260531_154022,clip_033,1,listen,,0.6011,2120216.0,raspberry_pi_seeed_gsr,"2120216,0.6011"
2026-05-31T15:40:46.795,test89,self_20260531_154022,clip_033,1,listen,,0.5931,2120237.0,raspberry_pi_seeed_gsr,"2120237,0.5931"
2026-05-31T15:40:46.815,test89,self_20260531_154022,clip_033,1,listen,,0.5979,2120258.0,raspberry_pi_seeed_gsr,"2120258,0.5979"
2026-05-31T15:40:46.837,test89,self_20260531_154022,clip_033,1,listen,,0.5979,2120279.0,raspberry_pi_seeed_gsr,"2120279,0.5979"
2026-05-31T15:40:46.858,test89,self_20260531_154022,clip_033,1,listen,,0.5931,2120300.0,raspberry_pi_seeed_gsr,"2120300,0.5931"
2026-05-31T15:40:46.878,test89,self_20260531_154022,clip_033,1,listen,,0.5971,2120321.0,raspberry_pi_seeed_gsr,"2120321,0.5971"
2026-05-31T15:40:46.900,test89,self_20260531_154022,clip_033,1,listen,,0.5955,2120342.0,raspberry_pi_seeed_gsr,"2120342,0.5955"
2026-05-31T15:40:46.921,test89,self_20260531_154022,clip_033,1,listen,,0.6003,2120363.0,raspberry_pi_seeed_gsr,"2120363,0.6003"
2026-05-31T15:40:46.942,test89,self_20260531_154022,clip_033,1,listen,,0.5971,2120384.0,raspberry_pi_seeed_gsr,"2120384,0.5971"
2026-05-31T15:40:46.963,test89,self_20260531_154022,clip_033,1,listen,,0.5971,2120405.0,raspberry_pi_seeed_gsr,"2120405,0.5971"
2026-05-31T15:40:46.984,test89,self_20260531_154022,clip_033,1,listen,,0.6003,2120426.0,raspberry_pi_seeed_gsr,"2120426,0.6003"
2026-05-31T15:40:47.005,test89,self_20260531_154022,clip_033,1,listen,,0.606,2120447.0,raspberry_pi_seeed_gsr,"2120447,0.6060"
2026-05-31T15:40:47.052,test89,self_20260531_154022,clip_033,1,listen,,0.5995,2120468.0,raspberry_pi_seeed_gsr,"2120468,0.5995"
2026-05-31T15:40:47.053,test89,self_20260531_154022,clip_033,1,listen,,0.6027,2120489.0,raspberry_pi_seeed_gsr,"2120489,0.6027"
2026-05-31T15:40:47.068,test89,self_20260531_154022,clip_033,1,listen,,0.6027,2120510.0,raspberry_pi_seeed_gsr,"2120510,0.6027"
2026-05-31T15:40:47.088,test89,self_20260531_154022,clip_033,1,listen,,0.5979,2120531.0,raspberry_pi_seeed_gsr,"2120531,0.5979"
2026-05-31T15:40:47.110,test89,self_20260531_154022,clip_033,1,listen,,0.6027,2120552.0,raspberry_pi_seeed_gsr,"2120552,0.6027"
2026-05-31T15:40:47.131,test89,self_20260531_154022,clip_033,1,listen,,0.6003,2120573.0,raspberry_pi_seeed_gsr,"2120573,0.6003"
2026-05-31T15:40:47.151,test89,self_20260531_154022,clip_033,1,listen,,0.5947,2120594.0,raspberry_pi_seeed_gsr,"2120594,0.5947"
2026-05-31T15:40:47.173,test89,self_20260531_154022,clip_033,1,listen,,0.6036,2120615.0,raspberry_pi_seeed_gsr,"2120615,0.6036"
2026-05-31T15:40:47.193,test89,self_20260531_154022,clip_033,1,listen,,0.6044,2120636.0,raspberry_pi_seeed_gsr,"2120636,0.6044"
2026-05-31T15:40:47.215,test89,self_20260531_154022,clip_033,1,listen,,0.606,2120657.0,raspberry_pi_seeed_gsr,"2120657,0.6060"
2026-05-31T15:40:47.236,test89,self_20260531_154022,clip_033,1,listen,,0.6027,2120678.0,raspberry_pi_seeed_gsr,"2120678,0.6027"
2026-05-31T15:40:47.257,test89,self_20260531_154022,clip_033,1,listen,,0.6036,2120699.0,raspberry_pi_seeed_gsr,"2120699,0.6036"
2026-05-31T15:40:47.301,test89,self_20260531_154022,clip_033,1,listen,,0.6027,2120720.0,raspberry_pi_seeed_gsr,"2120720,0.6027"
2026-05-31T15:40:47.302,test89,self_20260531_154022,clip_033,1,listen,,0.6076,2120741.0,raspberry_pi_seeed_gsr,"2120741,0.6076"
2026-05-31T15:40:47.320,test89,self_20260531_154022,clip_033,1,listen,,0.6124,2120762.0,raspberry_pi_seeed_gsr,"2120762,0.6124"
2026-05-31T15:40:47.341,test89,self_20260531_154022,clip_033,1,listen,,0.6036,2120783.0,raspberry_pi_seeed_gsr,"2120783,0.6036"
2026-05-31T15:40:47.361,test89,self_20260531_154022,clip_033,1,listen,,0.5834,2120804.0,raspberry_pi_seeed_gsr,"2120804,0.5834"
2026-05-31T15:40:47.383,test89,self_20260531_154022,clip_033,1,listen,,0.6108,2120825.0,raspberry_pi_seeed_gsr,"2120825,0.6108"
2026-05-31T15:40:47.403,test89,self_20260531_154022,clip_033,1,listen,,0.6044,2120846.0,raspberry_pi_seeed_gsr,"2120846,0.6044"
2026-05-31T15:40:47.425,test89,self_20260531_154022,clip_033,1,listen,,0.6036,2120867.0,raspberry_pi_seeed_gsr,"2120867,0.6036"
2026-05-31T15:40:47.446,test89,self_20260531_154022,clip_033,1,listen,,0.6044,2120888.0,raspberry_pi_seeed_gsr,"2120888,0.6044"
2026-05-31T15:40:47.467,test89,self_20260531_154022,clip_033,1,listen,,0.6027,2120909.0,raspberry_pi_seeed_gsr,"2120909,0.6027"
2026-05-31T15:40:47.488,test89,self_20260531_154022,clip_033,1,listen,,0.6052,2120930.0,raspberry_pi_seeed_gsr,"2120930,0.6052"
2026-05-31T15:40:47.509,test89,self_20260531_154022,clip_033,1,listen,,0.6027,2120951.0,raspberry_pi_seeed_gsr,"2120951,0.6027"
2026-05-31T15:40:47.548,test89,self_20260531_154022,clip_033,1,listen,,0.6068,2120972.0,raspberry_pi_seeed_gsr,"2120972,0.6068"
2026-05-31T15:40:47.550,test89,self_20260531_154022,clip_033,1,listen,,0.6044,2120993.0,raspberry_pi_seeed_gsr,"2120993,0.6044"
2026-05-31T15:40:47.571,test89,self_20260531_154022,clip_033,1,listen,,0.61,2121014.0,raspberry_pi_seeed_gsr,"2121014,0.6100"
2026-05-31T15:40:47.591,test89,self_20260531_154022,clip_033,1,listen,,0.6044,2121034.0,raspberry_pi_seeed_gsr,"2121034,0.6044"
2026-05-31T15:40:47.612,test89,self_20260531_154022,clip_033,1,listen,,0.606,2121055.0,raspberry_pi_seeed_gsr,"2121055,0.6060"
2026-05-31T15:40:47.633,test89,self_20260531_154022,clip_033,1,listen,,0.6036,2121076.0,raspberry_pi_seeed_gsr,"2121076,0.6036"
2026-05-31T15:40:47.654,test89,self_20260531_154022,clip_033,1,listen,,0.6027,2121097.0,raspberry_pi_seeed_gsr,"2121097,0.6027"
2026-05-31T15:40:47.676,test89,self_20260531_154022,clip_033,1,listen,,0.6076,2121118.0,raspberry_pi_seeed_gsr,"2121118,0.6076"
2026-05-31T15:40:47.696,test89,self_20260531_154022,clip_033,1,listen,,0.606,2121139.0,raspberry_pi_seeed_gsr,"2121139,0.6060"
2026-05-31T15:40:47.718,test89,self_20260531_154022,clip_033,1,listen,,0.6044,2121160.0,raspberry_pi_seeed_gsr,"2121160,0.6044"
2026-05-31T15:40:47.738,test89,self_20260531_154022,clip_033,1,listen,,0.6052,2121181.0,raspberry_pi_seeed_gsr,"2121181,0.6052"
2026-05-31T15:40:47.760,test89,self_20260531_154022,clip_033,1,listen,,0.6044,2121202.0,raspberry_pi_seeed_gsr,"2121202,0.6044"
2026-05-31T15:40:47.780,test89,self_20260531_154022,clip_033,1,listen,,0.6044,2121223.0,raspberry_pi_seeed_gsr,"2121223,0.6044"
2026-05-31T15:40:47.803,test89,self_20260531_154022,clip_033,1,listen,,0.606,2121244.0,raspberry_pi_seeed_gsr,"2121244,0.6060"
2026-05-31T15:40:47.822,test89,self_20260531_154022,clip_033,1,listen,,0.606,2121265.0,raspberry_pi_seeed_gsr,"2121265,0.6060"
2026-05-31T15:40:47.843,test89,self_20260531_154022,clip_033,1,listen,,0.6076,2121286.0,raspberry_pi_seeed_gsr,"2121286,0.6076"
2026-05-31T15:40:47.864,test89,self_20260531_154022,clip_033,1,listen,,0.6068,2121307.0,raspberry_pi_seeed_gsr,"2121307,0.6068"
2026-05-31T15:40:47.885,test89,self_20260531_154022,clip_033,1,listen,,0.606,2121328.0,raspberry_pi_seeed_gsr,"2121328,0.6060"
2026-05-31T15:40:47.906,test89,self_20260531_154022,clip_033,1,listen,,0.6052,2121349.0,raspberry_pi_seeed_gsr,"2121349,0.6052"
2026-05-31T15:40:47.928,test89,self_20260531_154022,clip_033,1,listen,,0.6044,2121370.0,raspberry_pi_seeed_gsr,"2121370,0.6044"
2026-05-31T15:40:47.948,test89,self_20260531_154022,clip_033,1,listen,,0.6052,2121391.0,raspberry_pi_seeed_gsr,"2121391,0.6052"
2026-05-31T15:40:47.970,test89,self_20260531_154022,clip_033,1,listen,,0.6108,2121412.0,raspberry_pi_seeed_gsr,"2121412,0.6108"
2026-05-31T15:40:47.991,test89,self_20260531_154022,clip_033,1,listen,,0.6019,2121433.0,raspberry_pi_seeed_gsr,"2121433,0.6019"
2026-05-31T15:40:48.012,test89,self_20260531_154022,clip_033,1,listen,,0.6036,2121454.0,raspberry_pi_seeed_gsr,"2121454,0.6036"
2026-05-31T15:40:48.033,test89,self_20260531_154022,clip_033,1,listen,,0.6044,2121475.0,raspberry_pi_seeed_gsr,"2121475,0.6044"
2026-05-31T15:40:48.057,test89,self_20260531_154022,clip_033,1,listen,,0.606,2121496.0,raspberry_pi_seeed_gsr,"2121496,0.6060"
2026-05-31T15:40:48.074,test89,self_20260531_154022,clip_033,1,listen,,0.6068,2121517.0,raspberry_pi_seeed_gsr,"2121517,0.6068"
2026-05-31T15:40:48.095,test89,self_20260531_154022,clip_033,1,listen,,0.6027,2121538.0,raspberry_pi_seeed_gsr,"2121538,0.6027"
2026-05-31T15:40:48.116,test89,self_20260531_154022,clip_033,1,listen,,0.5979,2121559.0,raspberry_pi_seeed_gsr,"2121559,0.5979"
2026-05-31T15:40:48.137,test89,self_20260531_154022,clip_033,1,listen,,0.6052,2121580.0,raspberry_pi_seeed_gsr,"2121580,0.6052"
2026-05-31T15:40:48.158,test89,self_20260531_154022,clip_033,1,listen,,0.6036,2121601.0,raspberry_pi_seeed_gsr,"2121601,0.6036"
2026-05-31T15:40:48.180,test89,self_20260531_154022,clip_033,1,listen,,0.6044,2121622.0,raspberry_pi_seeed_gsr,"2121622,0.6044"
2026-05-31T15:40:48.201,test89,self_20260531_154022,clip_033,1,listen,,0.6076,2121643.0,raspberry_pi_seeed_gsr,"2121643,0.6076"
2026-05-31T15:40:48.222,test89,self_20260531_154022,clip_033,1,listen,,0.6036,2121664.0,raspberry_pi_seeed_gsr,"2121664,0.6036"
2026-05-31T15:40:48.242,test89,self_20260531_154022,clip_033,1,listen,,0.606,2121685.0,raspberry_pi_seeed_gsr,"2121685,0.6060"
2026-05-31T15:40:48.264,test89,self_20260531_154022,clip_033,1,listen,,0.6003,2121706.0,raspberry_pi_seeed_gsr,"2121706,0.6003"
2026-05-31T15:40:48.284,test89,self_20260531_154022,clip_033,1,listen,,0.5874,2121727.0,raspberry_pi_seeed_gsr,"2121727,0.5874"
2026-05-31T15:40:48.324,test89,self_20260531_154022,clip_033,1,listen,,0.5947,2121748.0,raspberry_pi_seeed_gsr,"2121748,0.5947"
2026-05-31T15:40:48.327,test89,self_20260531_154022,clip_033,1,listen,,0.6092,2121769.0,raspberry_pi_seeed_gsr,"2121769,0.6092"
2026-05-31T15:40:48.347,test89,self_20260531_154022,clip_033,1,listen,,0.6019,2121790.0,raspberry_pi_seeed_gsr,"2121790,0.6019"
2026-05-31T15:40:48.369,test89,self_20260531_154022,clip_033,1,listen,,0.6011,2121811.0,raspberry_pi_seeed_gsr,"2121811,0.6011"
2026-05-31T15:40:48.389,test89,self_20260531_154022,clip_033,1,listen,,0.6011,2121832.0,raspberry_pi_seeed_gsr,"2121832,0.6011"
2026-05-31T15:40:48.410,test89,self_20260531_154022,clip_033,1,listen,,0.6044,2121853.0,raspberry_pi_seeed_gsr,"2121853,0.6044"
2026-05-31T15:40:48.432,test89,self_20260531_154022,clip_033,1,listen,,0.6011,2121874.0,raspberry_pi_seeed_gsr,"2121874,0.6011"
2026-05-31T15:40:48.452,test89,self_20260531_154022,clip_033,1,listen,,0.6027,2121895.0,raspberry_pi_seeed_gsr,"2121895,0.6027"
2026-05-31T15:40:48.473,test89,self_20260531_154022,clip_033,1,listen,,0.6003,2121916.0,raspberry_pi_seeed_gsr,"2121916,0.6003"
2026-05-31T15:40:48.495,test89,self_20260531_154022,clip_033,1,listen,,0.6027,2121937.0,raspberry_pi_seeed_gsr,"2121937,0.6027"
2026-05-31T15:40:48.515,test89,self_20260531_154022,clip_033,1,listen,,0.6011,2121958.0,raspberry_pi_seeed_gsr,"2121958,0.6011"
2026-05-31T15:40:48.537,test89,self_20260531_154022,clip_033,1,listen,,0.5979,2121979.0,raspberry_pi_seeed_gsr,"2121979,0.5979"
2026-05-31T15:40:48.560,test89,self_20260531_154022,clip_033,1,listen,,0.6019,2122000.0,raspberry_pi_seeed_gsr,"2122000,0.6019"
2026-05-31T15:40:48.578,test89,self_20260531_154022,clip_033,1,listen,,0.5979,2122021.0,raspberry_pi_seeed_gsr,"2122021,0.5979"
2026-05-31T15:40:48.599,test89,self_20260531_154022,clip_033,1,listen,,0.5955,2122042.0,raspberry_pi_seeed_gsr,"2122042,0.5955"
2026-05-31T15:40:48.621,test89,self_20260531_154022,clip_033,1,listen,,0.5947,2122063.0,raspberry_pi_seeed_gsr,"2122063,0.5947"
2026-05-31T15:40:48.641,test89,self_20260531_154022,clip_033,1,listen,,0.5963,2122084.0,raspberry_pi_seeed_gsr,"2122084,0.5963"
2026-05-31T15:40:48.662,test89,self_20260531_154022,clip_033,1,listen,,0.5794,2122105.0,raspberry_pi_seeed_gsr,"2122105,0.5794"
2026-05-31T15:40:48.684,test89,self_20260531_154022,clip_033,1,listen,,0.5931,2122126.0,raspberry_pi_seeed_gsr,"2122126,0.5931"
2026-05-31T15:40:48.704,test89,self_20260531_154022,clip_033,1,listen,,0.5915,2122147.0,raspberry_pi_seeed_gsr,"2122147,0.5915"
2026-05-31T15:40:48.726,test89,self_20260531_154022,clip_033,1,listen,,0.5882,2122168.0,raspberry_pi_seeed_gsr,"2122168,0.5882"
2026-05-31T15:40:48.747,test89,self_20260531_154022,clip_033,1,listen,,0.5842,2122189.0,raspberry_pi_seeed_gsr,"2122189,0.5842"
2026-05-31T15:40:48.768,test89,self_20260531_154022,clip_033,1,listen,,0.5834,2122210.0,raspberry_pi_seeed_gsr,"2122210,0.5834"
2026-05-31T15:40:48.788,test89,self_20260531_154022,clip_033,1,listen,,0.5834,2122231.0,raspberry_pi_seeed_gsr,"2122231,0.5834"
2026-05-31T15:40:48.814,test89,self_20260531_154022,clip_033,1,listen,,0.5818,2122252.0,raspberry_pi_seeed_gsr,"2122252,0.5818"
2026-05-31T15:40:48.830,test89,self_20260531_154022,clip_033,1,listen,,0.5737,2122273.0,raspberry_pi_seeed_gsr,"2122273,0.5737"
2026-05-31T15:40:48.852,test89,self_20260531_154022,clip_033,1,listen,,0.5802,2122294.0,raspberry_pi_seeed_gsr,"2122294,0.5802"
2026-05-31T15:40:48.873,test89,self_20260531_154022,clip_033,1,listen,,0.5754,2122315.0,raspberry_pi_seeed_gsr,"2122315,0.5754"
2026-05-31T15:40:48.893,test89,self_20260531_154022,clip_033,1,listen,,0.577,2122336.0,raspberry_pi_seeed_gsr,"2122336,0.5770"
2026-05-31T15:40:48.914,test89,self_20260531_154022,clip_033,1,listen,,0.5745,2122357.0,raspberry_pi_seeed_gsr,"2122357,0.5745"
2026-05-31T15:40:48.935,test89,self_20260531_154022,clip_033,1,listen,,0.5745,2122378.0,raspberry_pi_seeed_gsr,"2122378,0.5745"
2026-05-31T15:40:48.957,test89,self_20260531_154022,clip_033,1,listen,,0.5745,2122399.0,raspberry_pi_seeed_gsr,"2122399,0.5745"
2026-05-31T15:40:48.978,test89,self_20260531_154022,clip_033,1,listen,,0.5673,2122420.0,raspberry_pi_seeed_gsr,"2122420,0.5673"
2026-05-31T15:40:48.998,test89,self_20260531_154022,clip_033,1,listen,,0.5576,2122441.0,raspberry_pi_seeed_gsr,"2122441,0.5576"
2026-05-31T15:40:49.019,test89,self_20260531_154022,clip_033,1,listen,,0.5673,2122462.0,raspberry_pi_seeed_gsr,"2122462,0.5673"
2026-05-31T15:40:49.041,test89,self_20260531_154022,clip_033,1,listen,,0.5609,2122483.0,raspberry_pi_seeed_gsr,"2122483,0.5609"
2026-05-31T15:40:49.064,test89,self_20260531_154022,clip_033,1,listen,,0.5568,2122504.0,raspberry_pi_seeed_gsr,"2122504,0.5568"
2026-05-31T15:40:49.082,test89,self_20260531_154022,clip_033,1,listen,,0.5584,2122525.0,raspberry_pi_seeed_gsr,"2122525,0.5584"
2026-05-31T15:40:49.104,test89,self_20260531_154022,clip_033,1,listen,,0.556,2122546.0,raspberry_pi_seeed_gsr,"2122546,0.5560"
2026-05-31T15:40:49.124,test89,self_20260531_154022,clip_033,1,listen,,0.5528,2122567.0,raspberry_pi_seeed_gsr,"2122567,0.5528"
2026-05-31T15:40:49.145,test89,self_20260531_154022,clip_033,1,listen,,0.5504,2122588.0,raspberry_pi_seeed_gsr,"2122588,0.5504"
2026-05-31T15:40:49.167,test89,self_20260531_154022,clip_033,1,listen,,0.548,2122609.0,raspberry_pi_seeed_gsr,"2122609,0.5480"
2026-05-31T15:40:49.188,test89,self_20260531_154022,clip_033,1,listen,,0.5447,2122630.0,raspberry_pi_seeed_gsr,"2122630,0.5447"
2026-05-31T15:40:49.209,test89,self_20260531_154022,clip_033,1,listen,,0.531,2122651.0,raspberry_pi_seeed_gsr,"2122651,0.5310"
2026-05-31T15:40:49.230,test89,self_20260531_154022,clip_033,1,listen,,0.5399,2122672.0,raspberry_pi_seeed_gsr,"2122672,0.5399"
2026-05-31T15:40:49.250,test89,self_20260531_154022,clip_033,1,listen,,0.5351,2122692.0,raspberry_pi_seeed_gsr,"2122692,0.5351"
2026-05-31T15:40:49.271,test89,self_20260531_154022,clip_033,1,listen,,0.5407,2122713.0,raspberry_pi_seeed_gsr,"2122713,0.5407"
2026-05-31T15:40:49.291,test89,self_20260531_154022,clip_033,1,listen,,0.5415,2122734.0,raspberry_pi_seeed_gsr,"2122734,0.5415"
2026-05-31T15:40:49.332,test89,self_20260531_154022,clip_033,1,listen,,0.5359,2122755.0,raspberry_pi_seeed_gsr,"2122755,0.5359"
2026-05-31T15:40:49.333,test89,self_20260531_154022,clip_033,1,listen,,0.5415,2122776.0,raspberry_pi_seeed_gsr,"2122776,0.5415"
2026-05-31T15:40:49.355,test89,self_20260531_154022,clip_033,1,listen,,0.531,2122797.0,raspberry_pi_seeed_gsr,"2122797,0.5310"
2026-05-31T15:40:49.375,test89,self_20260531_154022,clip_033,1,listen,,0.5286,2122818.0,raspberry_pi_seeed_gsr,"2122818,0.5286"
2026-05-31T15:40:49.397,test89,self_20260531_154022,clip_033,1,listen,,0.5302,2122839.0,raspberry_pi_seeed_gsr,"2122839,0.5302"
2026-05-31T15:40:49.418,test89,self_20260531_154022,clip_033,1,listen,,0.5254,2122860.0,raspberry_pi_seeed_gsr,"2122860,0.5254"
2026-05-31T15:40:49.439,test89,self_20260531_154022,clip_033,1,listen,,0.5238,2122881.0,raspberry_pi_seeed_gsr,"2122881,0.5238"
2026-05-31T15:40:49.460,test89,self_20260531_154022,clip_033,1,listen,,0.5238,2122902.0,raspberry_pi_seeed_gsr,"2122902,0.5238"
2026-05-31T15:40:49.481,test89,self_20260531_154022,clip_033,1,listen,,0.5246,2122923.0,raspberry_pi_seeed_gsr,"2122923,0.5246"
2026-05-31T15:40:49.502,test89,self_20260531_154022,clip_033,1,listen,,0.5198,2122944.0,raspberry_pi_seeed_gsr,"2122944,0.5198"
2026-05-31T15:40:49.523,test89,self_20260531_154022,clip_033,1,listen,,0.5222,2122965.0,raspberry_pi_seeed_gsr,"2122965,0.5222"
2026-05-31T15:40:49.544,test89,self_20260531_154022,clip_033,1,listen,,0.5246,2122986.0,raspberry_pi_seeed_gsr,"2122986,0.5246"
2026-05-31T15:40:49.569,test89,self_20260531_154022,clip_033,1,listen,,0.5391,2123007.0,raspberry_pi_seeed_gsr,"2123007,0.5391"
2026-05-31T15:40:49.586,test89,self_20260531_154022,clip_033,1,listen,,0.519,2123028.0,raspberry_pi_seeed_gsr,"2123028,0.5190"
2026-05-31T15:40:49.606,test89,self_20260531_154022,clip_033,1,listen,,0.5173,2123049.0,raspberry_pi_seeed_gsr,"2123049,0.5173"
2026-05-31T15:40:49.628,test89,self_20260531_154022,clip_033,1,listen,,0.5173,2123070.0,raspberry_pi_seeed_gsr,"2123070,0.5173"
2026-05-31T15:40:49.649,test89,self_20260531_154022,clip_033,1,listen,,0.5165,2123091.0,raspberry_pi_seeed_gsr,"2123091,0.5165"
2026-05-31T15:40:49.669,test89,self_20260531_154022,clip_033,1,listen,,0.5133,2123112.0,raspberry_pi_seeed_gsr,"2123112,0.5133"
2026-05-31T15:40:49.691,test89,self_20260531_154022,clip_033,1,listen,,0.5133,2123133.0,raspberry_pi_seeed_gsr,"2123133,0.5133"
2026-05-31T15:40:49.712,test89,self_20260531_154022,clip_033,1,listen,,0.5133,2123154.0,raspberry_pi_seeed_gsr,"2123154,0.5133"
2026-05-31T15:40:49.733,test89,self_20260531_154022,clip_033,1,listen,,0.5157,2123175.0,raspberry_pi_seeed_gsr,"2123175,0.5157"
2026-05-31T15:40:49.754,test89,self_20260531_154022,clip_033,1,listen,,0.5101,2123196.0,raspberry_pi_seeed_gsr,"2123196,0.5101"
2026-05-31T15:40:49.774,test89,self_20260531_154022,clip_033,1,listen,,0.5101,2123216.0,raspberry_pi_seeed_gsr,"2123216,0.5101"
2026-05-31T15:40:49.794,test89,self_20260531_154022,clip_033,1,listen,,0.5069,2123236.0,raspberry_pi_seeed_gsr,"2123236,0.5069"
2026-05-31T15:40:49.835,test89,self_20260531_154022,clip_033,1,listen,,0.5109,2123257.0,raspberry_pi_seeed_gsr,"2123257,0.5109"
2026-05-31T15:40:49.836,test89,self_20260531_154022,clip_033,1,listen,,0.5093,2123278.0,raspberry_pi_seeed_gsr,"2123278,0.5093"
2026-05-31T15:40:49.857,test89,self_20260531_154022,clip_033,1,listen,,0.5069,2123299.0,raspberry_pi_seeed_gsr,"2123299,0.5069"
2026-05-31T15:40:49.877,test89,self_20260531_154022,clip_033,1,listen,,0.5101,2123320.0,raspberry_pi_seeed_gsr,"2123320,0.5101"
2026-05-31T15:40:49.898,test89,self_20260531_154022,clip_033,1,listen,,0.5061,2123340.0,raspberry_pi_seeed_gsr,"2123340,0.5061"
2026-05-31T15:40:49.919,test89,self_20260531_154022,clip_033,1,listen,,0.5061,2123361.0,raspberry_pi_seeed_gsr,"2123361,0.5061"
2026-05-31T15:40:49.940,test89,self_20260531_154022,clip_033,1,listen,,0.5061,2123382.0,raspberry_pi_seeed_gsr,"2123382,0.5061"
2026-05-31T15:40:49.961,test89,self_20260531_154022,clip_033,1,listen,,0.5045,2123403.0,raspberry_pi_seeed_gsr,"2123403,0.5045"
2026-05-31T15:40:49.982,test89,self_20260531_154022,clip_033,1,listen,,0.5101,2123424.0,raspberry_pi_seeed_gsr,"2123424,0.5101"
2026-05-31T15:40:50.002,test89,self_20260531_154022,clip_033,1,listen,,0.5045,2123444.0,raspberry_pi_seeed_gsr,"2123444,0.5045"
2026-05-31T15:40:50.023,test89,self_20260531_154022,clip_033,1,listen,,0.5053,2123465.0,raspberry_pi_seeed_gsr,"2123465,0.5053"
2026-05-31T15:40:50.044,test89,self_20260531_154022,clip_033,1,listen,,0.5036,2123486.0,raspberry_pi_seeed_gsr,"2123486,0.5036"
2026-05-31T15:40:50.065,test89,self_20260531_154022,clip_033,1,listen,,0.5246,2123507.0,raspberry_pi_seeed_gsr,"2123507,0.5246"
2026-05-31T15:40:50.108,test89,self_20260531_154022,clip_033,1,listen,,0.5012,2123528.0,raspberry_pi_seeed_gsr,"2123528,0.5012"
2026-05-31T15:40:50.109,test89,self_20260531_154022,clip_033,1,listen,,0.5036,2123549.0,raspberry_pi_seeed_gsr,"2123549,0.5036"
2026-05-31T15:40:50.128,test89,self_20260531_154022,clip_033,1,listen,,0.5012,2123570.0,raspberry_pi_seeed_gsr,"2123570,0.5012"
2026-05-31T15:40:50.149,test89,self_20260531_154022,clip_033,1,listen,,0.5036,2123591.0,raspberry_pi_seeed_gsr,"2123591,0.5036"
2026-05-31T15:40:50.170,test89,self_20260531_154022,clip_033,1,listen,,0.5028,2123612.0,raspberry_pi_seeed_gsr,"2123612,0.5028"
2026-05-31T15:40:50.191,test89,self_20260531_154022,clip_033,1,listen,,0.5012,2123633.0,raspberry_pi_seeed_gsr,"2123633,0.5012"
2026-05-31T15:40:50.212,test89,self_20260531_154022,clip_033,1,listen,,0.5004,2123654.0,raspberry_pi_seeed_gsr,"2123654,0.5004"
2026-05-31T15:40:50.233,test89,self_20260531_154022,clip_033,1,listen,,0.5045,2123675.0,raspberry_pi_seeed_gsr,"2123675,0.5045"
2026-05-31T15:40:50.254,test89,self_20260531_154022,clip_033,1,listen,,0.5045,2123696.0,raspberry_pi_seeed_gsr,"2123696,0.5045"
2026-05-31T15:40:50.275,test89,self_20260531_154022,clip_033,1,listen,,0.5045,2123717.0,raspberry_pi_seeed_gsr,"2123717,0.5045"
2026-05-31T15:40:50.300,test89,self_20260531_154022,clip_033,1,listen,,0.5045,2123738.0,raspberry_pi_seeed_gsr,"2123738,0.5045"
2026-05-31T15:40:50.317,test89,self_20260531_154022,clip_033,1,listen,,0.5053,2123759.0,raspberry_pi_seeed_gsr,"2123759,0.5053"
2026-05-31T15:40:50.361,test89,self_20260531_154022,clip_033,1,listen,,0.5045,2123780.0,raspberry_pi_seeed_gsr,"2123780,0.5045"
2026-05-31T15:40:50.362,test89,self_20260531_154022,clip_033,1,listen,,0.5053,2123801.0,raspberry_pi_seeed_gsr,"2123801,0.5053"
2026-05-31T15:40:50.380,test89,self_20260531_154022,clip_033,1,listen,,0.5061,2123822.0,raspberry_pi_seeed_gsr,"2123822,0.5061"
2026-05-31T15:40:50.401,test89,self_20260531_154022,clip_033,1,listen,,0.5036,2123843.0,raspberry_pi_seeed_gsr,"2123843,0.5036"
2026-05-31T15:40:50.422,test89,self_20260531_154022,clip_033,1,listen,,0.5004,2123864.0,raspberry_pi_seeed_gsr,"2123864,0.5004"
2026-05-31T15:40:50.443,test89,self_20260531_154022,clip_033,1,listen,,0.5061,2123885.0,raspberry_pi_seeed_gsr,"2123885,0.5061"
2026-05-31T15:40:50.463,test89,self_20260531_154022,clip_033,1,listen,,0.5053,2123906.0,raspberry_pi_seeed_gsr,"2123906,0.5053"
2026-05-31T15:40:50.484,test89,self_20260531_154022,clip_033,1,listen,,0.5077,2123927.0,raspberry_pi_seeed_gsr,"2123927,0.5077"
2026-05-31T15:40:50.506,test89,self_20260531_154022,clip_033,1,listen,,0.5053,2123948.0,raspberry_pi_seeed_gsr,"2123948,0.5053"
2026-05-31T15:40:50.526,test89,self_20260531_154022,clip_033,1,listen,,0.5045,2123969.0,raspberry_pi_seeed_gsr,"2123969,0.5045"
2026-05-31T15:40:50.548,test89,self_20260531_154022,clip_033,1,listen,,0.5061,2123990.0,raspberry_pi_seeed_gsr,"2123990,0.5061"
2026-05-31T15:40:50.569,test89,self_20260531_154022,clip_033,1,listen,,0.5109,2124011.0,raspberry_pi_seeed_gsr,"2124011,0.5109"
2026-05-31T15:40:50.590,test89,self_20260531_154022,clip_033,1,listen,,0.5045,2124032.0,raspberry_pi_seeed_gsr,"2124032,0.5045"
2026-05-31T15:40:50.626,test89,self_20260531_154022,clip_033,1,listen,,0.5053,2124053.0,raspberry_pi_seeed_gsr,"2124053,0.5053"
2026-05-31T15:40:50.632,test89,self_20260531_154022,clip_033,1,listen,,0.4972,2124074.0,raspberry_pi_seeed_gsr,"2124074,0.4972"
2026-05-31T15:40:50.653,test89,self_20260531_154022,clip_033,1,listen,,0.5004,2124095.0,raspberry_pi_seeed_gsr,"2124095,0.5004"
2026-05-31T15:40:50.673,test89,self_20260531_154022,clip_033,1,listen,,0.5036,2124116.0,raspberry_pi_seeed_gsr,"2124116,0.5036"
2026-05-31T15:40:50.695,test89,self_20260531_154022,clip_033,1,listen,,0.5157,2124137.0,raspberry_pi_seeed_gsr,"2124137,0.5157"
2026-05-31T15:40:50.715,test89,self_20260531_154022,clip_033,1,listen,,0.4988,2124158.0,raspberry_pi_seeed_gsr,"2124158,0.4988"
2026-05-31T15:40:50.737,test89,self_20260531_154022,clip_033,1,listen,,0.5012,2124179.0,raspberry_pi_seeed_gsr,"2124179,0.5012"
2026-05-31T15:40:50.758,test89,self_20260531_154022,clip_033,1,listen,,0.5028,2124200.0,raspberry_pi_seeed_gsr,"2124200,0.5028"
2026-05-31T15:40:50.779,test89,self_20260531_154022,clip_033,1,listen,,0.5028,2124221.0,raspberry_pi_seeed_gsr,"2124221,0.5028"
2026-05-31T15:40:50.800,test89,self_20260531_154022,clip_033,1,listen,,0.5012,2124242.0,raspberry_pi_seeed_gsr,"2124242,0.5012"
2026-05-31T15:40:50.821,test89,self_20260531_154022,clip_033,1,listen,,0.5045,2124263.0,raspberry_pi_seeed_gsr,"2124263,0.5045"
2026-05-31T15:40:50.842,test89,self_20260531_154022,clip_033,1,listen,,0.494,2124284.0,raspberry_pi_seeed_gsr,"2124284,0.4940"
2026-05-31T15:40:50.889,test89,self_20260531_154022,clip_033,1,listen,,0.5036,2124305.0,raspberry_pi_seeed_gsr,"2124305,0.5036"
2026-05-31T15:40:50.890,test89,self_20260531_154022,clip_033,1,listen,,0.5036,2124326.0,raspberry_pi_seeed_gsr,"2124326,0.5036"
2026-05-31T15:40:50.905,test89,self_20260531_154022,clip_033,1,listen,,0.5045,2124347.0,raspberry_pi_seeed_gsr,"2124347,0.5045"
2026-05-31T15:40:50.926,test89,self_20260531_154022,clip_033,1,listen,,0.5045,2124368.0,raspberry_pi_seeed_gsr,"2124368,0.5045"
2026-05-31T15:40:50.946,test89,self_20260531_154022,clip_033,1,listen,,0.5165,2124389.0,raspberry_pi_seeed_gsr,"2124389,0.5165"
2026-05-31T15:40:50.967,test89,self_20260531_154022,clip_033,1,listen,,0.5053,2124410.0,raspberry_pi_seeed_gsr,"2124410,0.5053"
2026-05-31T15:40:50.988,test89,self_20260531_154022,clip_033,1,listen,,0.5036,2124431.0,raspberry_pi_seeed_gsr,"2124431,0.5036"
2026-05-31T15:40:51.009,test89,self_20260531_154022,clip_033,1,listen,,0.4996,2124452.0,raspberry_pi_seeed_gsr,"2124452,0.4996"
2026-05-31T15:40:51.031,test89,self_20260531_154022,clip_033,1,listen,,0.5045,2124473.0,raspberry_pi_seeed_gsr,"2124473,0.5045"
2026-05-31T15:40:51.052,test89,self_20260531_154022,clip_033,1,listen,,0.5061,2124494.0,raspberry_pi_seeed_gsr,"2124494,0.5061"
2026-05-31T15:40:51.073,test89,self_20260531_154022,clip_033,1,listen,,0.5036,2124515.0,raspberry_pi_seeed_gsr,"2124515,0.5036"
2026-05-31T15:40:51.094,test89,self_20260531_154022,clip_033,1,listen,,0.5069,2124536.0,raspberry_pi_seeed_gsr,"2124536,0.5069"
2026-05-31T15:40:51.115,test89,self_20260531_154022,clip_033,1,listen,,0.5101,2124557.0,raspberry_pi_seeed_gsr,"2124557,0.5101"
2026-05-31T15:40:51.145,test89,self_20260531_154022,clip_033,1,listen,,0.5028,2124577.0,raspberry_pi_seeed_gsr,"2124577,0.5028"
2026-05-31T15:40:51.156,test89,self_20260531_154022,clip_033,1,listen,,0.5069,2124598.0,raspberry_pi_seeed_gsr,"2124598,0.5069"
2026-05-31T15:40:51.177,test89,self_20260531_154022,clip_033,1,listen,,0.5077,2124619.0,raspberry_pi_seeed_gsr,"2124619,0.5077"
2026-05-31T15:40:51.198,test89,self_20260531_154022,clip_033,1,listen,,0.5045,2124640.0,raspberry_pi_seeed_gsr,"2124640,0.5045"
2026-05-31T15:40:51.219,test89,self_20260531_154022,clip_033,1,listen,,0.5061,2124661.0,raspberry_pi_seeed_gsr,"2124661,0.5061"
2026-05-31T15:40:51.240,test89,self_20260531_154022,clip_033,1,listen,,0.5069,2124682.0,raspberry_pi_seeed_gsr,"2124682,0.5069"
2026-05-31T15:40:51.261,test89,self_20260531_154022,clip_033,1,listen,,0.5061,2124703.0,raspberry_pi_seeed_gsr,"2124703,0.5061"
2026-05-31T15:40:51.282,test89,self_20260531_154022,clip_033,1,listen,,0.5061,2124724.0,raspberry_pi_seeed_gsr,"2124724,0.5061"
2026-05-31T15:40:51.303,test89,self_20260531_154022,clip_033,1,listen,,0.5077,2124745.0,raspberry_pi_seeed_gsr,"2124745,0.5077"
2026-05-31T15:40:51.324,test89,self_20260531_154022,clip_033,1,listen,,0.5069,2124766.0,raspberry_pi_seeed_gsr,"2124766,0.5069"
2026-05-31T15:40:51.345,test89,self_20260531_154022,clip_033,1,listen,,0.5077,2124787.0,raspberry_pi_seeed_gsr,"2124787,0.5077"
2026-05-31T15:40:51.365,test89,self_20260531_154022,clip_033,1,listen,,0.5117,2124808.0,raspberry_pi_seeed_gsr,"2124808,0.5117"
2026-05-31T15:40:51.392,test89,self_20260531_154022,clip_033,1,listen,,0.5109,2124829.0,raspberry_pi_seeed_gsr,"2124829,0.5109"
2026-05-31T15:40:51.407,test89,self_20260531_154022,clip_033,1,listen,,0.5077,2124850.0,raspberry_pi_seeed_gsr,"2124850,0.5077"
2026-05-31T15:40:51.429,test89,self_20260531_154022,clip_033,1,listen,,0.5077,2124871.0,raspberry_pi_seeed_gsr,"2124871,0.5077"
2026-05-31T15:40:51.450,test89,self_20260531_154022,clip_033,1,listen,,0.5069,2124892.0,raspberry_pi_seeed_gsr,"2124892,0.5069"
2026-05-31T15:40:51.471,test89,self_20260531_154022,clip_033,1,listen,,0.5093,2124913.0,raspberry_pi_seeed_gsr,"2124913,0.5093"
2026-05-31T15:40:51.492,test89,self_20260531_154022,clip_033,1,listen,,0.5069,2124934.0,raspberry_pi_seeed_gsr,"2124934,0.5069"
2026-05-31T15:40:51.513,test89,self_20260531_154022,clip_033,1,listen,,0.5069,2124955.0,raspberry_pi_seeed_gsr,"2124955,0.5069"
2026-05-31T15:40:51.533,test89,self_20260531_154022,clip_033,1,listen,,0.5101,2124976.0,raspberry_pi_seeed_gsr,"2124976,0.5101"
2026-05-31T15:40:51.554,test89,self_20260531_154022,clip_033,1,listen,,0.5101,2124996.0,raspberry_pi_seeed_gsr,"2124996,0.5101"
2026-05-31T15:40:51.574,test89,self_20260531_154022,clip_033,1,listen,,0.5109,2125016.0,raspberry_pi_seeed_gsr,"2125016,0.5109"
2026-05-31T15:40:51.595,test89,self_20260531_154022,clip_033,1,listen,,0.5093,2125037.0,raspberry_pi_seeed_gsr,"2125037,0.5093"
2026-05-31T15:40:51.615,test89,self_20260531_154022,clip_033,1,listen,,0.5101,2125058.0,raspberry_pi_seeed_gsr,"2125058,0.5101"
2026-05-31T15:40:51.654,test89,self_20260531_154022,clip_033,1,listen,,0.5133,2125078.0,raspberry_pi_seeed_gsr,"2125078,0.5133"
2026-05-31T15:40:51.656,test89,self_20260531_154022,clip_033,1,listen,,0.5157,2125099.0,raspberry_pi_seeed_gsr,"2125099,0.5157"
2026-05-31T15:40:51.677,test89,self_20260531_154022,clip_033,1,listen,,0.5165,2125120.0,raspberry_pi_seeed_gsr,"2125120,0.5165"
2026-05-31T15:40:51.698,test89,self_20260531_154022,clip_033,1,listen,,0.5093,2125141.0,raspberry_pi_seeed_gsr,"2125141,0.5093"
2026-05-31T15:40:51.719,test89,self_20260531_154022,clip_033,1,listen,,0.5117,2125162.0,raspberry_pi_seeed_gsr,"2125162,0.5117"
2026-05-31T15:40:51.741,test89,self_20260531_154022,clip_033,1,listen,,0.5165,2125183.0,raspberry_pi_seeed_gsr,"2125183,0.5165"
2026-05-31T15:40:51.761,test89,self_20260531_154022,clip_033,1,listen,,0.5157,2125204.0,raspberry_pi_seeed_gsr,"2125204,0.5157"
2026-05-31T15:40:51.783,test89,self_20260531_154022,clip_033,1,listen,,0.5101,2125225.0,raspberry_pi_seeed_gsr,"2125225,0.5101"
2026-05-31T15:40:51.803,test89,self_20260531_154022,clip_033,1,listen,,0.5117,2125245.0,raspberry_pi_seeed_gsr,"2125245,0.5117"
2026-05-31T15:40:51.824,test89,self_20260531_154022,clip_033,1,listen,,0.5141,2125266.0,raspberry_pi_seeed_gsr,"2125266,0.5141"
2026-05-31T15:40:51.845,test89,self_20260531_154022,clip_033,1,listen,,0.5109,2125287.0,raspberry_pi_seeed_gsr,"2125287,0.5109"
2026-05-31T15:40:51.866,test89,self_20260531_154022,clip_033,1,listen,,0.5109,2125308.0,raspberry_pi_seeed_gsr,"2125308,0.5109"
2026-05-31T15:40:51.908,test89,self_20260531_154022,clip_033,1,listen,,0.5133,2125329.0,raspberry_pi_seeed_gsr,"2125329,0.5133"
2026-05-31T15:40:51.909,test89,self_20260531_154022,clip_033,1,listen,,0.5165,2125350.0,raspberry_pi_seeed_gsr,"2125350,0.5165"
2026-05-31T15:40:51.929,test89,self_20260531_154022,clip_033,1,listen,,0.5117,2125371.0,raspberry_pi_seeed_gsr,"2125371,0.5117"
2026-05-31T15:40:51.950,test89,self_20260531_154022,clip_033,1,listen,,0.5125,2125392.0,raspberry_pi_seeed_gsr,"2125392,0.5125"
2026-05-31T15:40:51.971,test89,self_20260531_154022,clip_033,1,listen,,0.5133,2125413.0,raspberry_pi_seeed_gsr,"2125413,0.5133"
2026-05-31T15:40:51.992,test89,self_20260531_154022,clip_033,1,listen,,0.5109,2125434.0,raspberry_pi_seeed_gsr,"2125434,0.5109"
2026-05-31T15:40:52.012,test89,self_20260531_154022,clip_033,1,listen,,0.5101,2125455.0,raspberry_pi_seeed_gsr,"2125455,0.5101"
2026-05-31T15:40:52.033,test89,self_20260531_154022,clip_033,1,listen,,0.5069,2125475.0,raspberry_pi_seeed_gsr,"2125475,0.5069"
2026-05-31T15:40:52.054,test89,self_20260531_154022,clip_033,1,listen,,0.5141,2125496.0,raspberry_pi_seeed_gsr,"2125496,0.5141"
2026-05-31T15:40:52.075,test89,self_20260531_154022,clip_033,1,listen,,0.5125,2125517.0,raspberry_pi_seeed_gsr,"2125517,0.5125"
2026-05-31T15:40:52.096,test89,self_20260531_154022,clip_033,1,listen,,0.5125,2125538.0,raspberry_pi_seeed_gsr,"2125538,0.5125"
2026-05-31T15:40:52.117,test89,self_20260531_154022,clip_033,1,listen,,0.5109,2125559.0,raspberry_pi_seeed_gsr,"2125559,0.5109"
2026-05-31T15:40:52.158,test89,self_20260531_154022,clip_033,1,listen,,0.519,2125580.0,raspberry_pi_seeed_gsr,"2125580,0.5190"
2026-05-31T15:40:52.159,test89,self_20260531_154022,clip_033,1,listen,,0.5125,2125601.0,raspberry_pi_seeed_gsr,"2125601,0.5125"
2026-05-31T15:40:52.180,test89,self_20260531_154022,clip_033,1,listen,,0.5141,2125622.0,raspberry_pi_seeed_gsr,"2125622,0.5141"
2026-05-31T15:40:52.201,test89,self_20260531_154022,clip_033,1,listen,,0.5133,2125643.0,raspberry_pi_seeed_gsr,"2125643,0.5133"
2026-05-31T15:40:52.222,test89,self_20260531_154022,clip_033,1,listen,,0.5125,2125664.0,raspberry_pi_seeed_gsr,"2125664,0.5125"
2026-05-31T15:40:52.242,test89,self_20260531_154022,clip_033,1,listen,,0.5173,2125685.0,raspberry_pi_seeed_gsr,"2125685,0.5173"
2026-05-31T15:40:52.264,test89,self_20260531_154022,clip_033,1,listen,,0.5125,2125706.0,raspberry_pi_seeed_gsr,"2125706,0.5125"
2026-05-31T15:40:52.285,test89,self_20260531_154022,clip_033,1,listen,,0.5109,2125727.0,raspberry_pi_seeed_gsr,"2125727,0.5109"
2026-05-31T15:40:52.307,test89,self_20260531_154022,clip_033,1,listen,,0.5109,2125748.0,raspberry_pi_seeed_gsr,"2125748,0.5109"
2026-05-31T15:40:52.327,test89,self_20260531_154022,clip_033,1,listen,,0.519,2125769.0,raspberry_pi_seeed_gsr,"2125769,0.5190"
2026-05-31T15:40:52.348,test89,self_20260531_154022,clip_033,1,listen,,0.5141,2125790.0,raspberry_pi_seeed_gsr,"2125790,0.5141"
2026-05-31T15:40:52.369,test89,self_20260531_154022,clip_033,1,listen,,0.5004,2125811.0,raspberry_pi_seeed_gsr,"2125811,0.5004"
2026-05-31T15:40:52.390,test89,self_20260531_154022,clip_033,1,listen,,0.5125,2125832.0,raspberry_pi_seeed_gsr,"2125832,0.5125"
2026-05-31T15:40:52.421,test89,self_20260531_154022,clip_033,1,listen,,0.5101,2125853.0,raspberry_pi_seeed_gsr,"2125853,0.5101"
2026-05-31T15:40:52.430,test89,self_20260531_154022,clip_033,1,listen,,0.5125,2125873.0,raspberry_pi_seeed_gsr,"2125873,0.5125"
2026-05-31T15:40:52.452,test89,self_20260531_154022,clip_033,1,listen,,0.5133,2125894.0,raspberry_pi_seeed_gsr,"2125894,0.5133"
2026-05-31T15:40:52.473,test89,self_20260531_154022,clip_033,1,listen,,0.5125,2125915.0,raspberry_pi_seeed_gsr,"2125915,0.5125"
2026-05-31T15:40:52.494,test89,self_20260531_154022,clip_033,1,listen,,0.5093,2125936.0,raspberry_pi_seeed_gsr,"2125936,0.5093"
2026-05-31T15:40:52.514,test89,self_20260531_154022,clip_033,1,listen,,0.5117,2125957.0,raspberry_pi_seeed_gsr,"2125957,0.5117"
2026-05-31T15:40:52.536,test89,self_20260531_154022,clip_033,1,listen,,0.5117,2125978.0,raspberry_pi_seeed_gsr,"2125978,0.5117"
2026-05-31T15:40:52.557,test89,self_20260531_154022,clip_033,1,listen,,0.5069,2125999.0,raspberry_pi_seeed_gsr,"2125999,0.5069"
2026-05-31T15:40:52.578,test89,self_20260531_154022,clip_033,1,listen,,0.5093,2126020.0,raspberry_pi_seeed_gsr,"2126020,0.5093"
2026-05-31T15:40:52.599,test89,self_20260531_154022,clip_033,1,listen,,0.5133,2126041.0,raspberry_pi_seeed_gsr,"2126041,0.5133"
2026-05-31T15:40:52.620,test89,self_20260531_154022,clip_033,1,listen,,0.5117,2126062.0,raspberry_pi_seeed_gsr,"2126062,0.5117"
2026-05-31T15:40:52.641,test89,self_20260531_154022,clip_033,1,listen,,0.5045,2126083.0,raspberry_pi_seeed_gsr,"2126083,0.5045"
2026-05-31T15:40:52.677,test89,self_20260531_154022,clip_033,1,listen,,0.5053,2126104.0,raspberry_pi_seeed_gsr,"2126104,0.5053"
2026-05-31T15:40:52.683,test89,self_20260531_154022,clip_033,1,listen,,0.5069,2126125.0,raspberry_pi_seeed_gsr,"2126125,0.5069"
2026-05-31T15:40:52.703,test89,self_20260531_154022,clip_033,1,listen,,0.5069,2126146.0,raspberry_pi_seeed_gsr,"2126146,0.5069"
2026-05-31T15:40:52.730,test89,self_20260531_154022,clip_033,1,listen,,0.5069,2126172.0,raspberry_pi_seeed_gsr,"2126172,0.5069"
2026-05-31T15:40:52.751,test89,self_20260531_154022,clip_033,1,listen,,0.5045,2126193.0,raspberry_pi_seeed_gsr,"2126193,0.5045"
2026-05-31T15:40:52.772,test89,self_20260531_154022,clip_033,1,listen,,0.5036,2126214.0,raspberry_pi_seeed_gsr,"2126214,0.5036"
2026-05-31T15:40:52.793,test89,self_20260531_154022,clip_033,1,listen,,0.5036,2126235.0,raspberry_pi_seeed_gsr,"2126235,0.5036"
2026-05-31T15:40:52.814,test89,self_20260531_154022,clip_033,1,listen,,0.5028,2126256.0,raspberry_pi_seeed_gsr,"2126256,0.5028"
2026-05-31T15:40:52.835,test89,self_20260531_154022,clip_033,1,listen,,0.4988,2126277.0,raspberry_pi_seeed_gsr,"2126277,0.4988"
2026-05-31T15:40:52.856,test89,self_20260531_154022,clip_033,1,listen,,0.502,2126298.0,raspberry_pi_seeed_gsr,"2126298,0.5020"
2026-05-31T15:40:52.877,test89,self_20260531_154022,clip_033,1,listen,,0.4996,2126319.0,raspberry_pi_seeed_gsr,"2126319,0.4996"
2026-05-31T15:40:52.898,test89,self_20260531_154022,clip_033,1,listen,,0.5004,2126340.0,raspberry_pi_seeed_gsr,"2126340,0.5004"
2026-05-31T15:40:52.940,test89,self_20260531_154022,clip_033,1,listen,,0.498,2126361.0,raspberry_pi_seeed_gsr,"2126361,0.4980"
2026-05-31T15:40:52.941,test89,self_20260531_154022,clip_033,1,listen,,0.4964,2126382.0,raspberry_pi_seeed_gsr,"2126382,0.4964"
2026-05-31T15:40:52.961,test89,self_20260531_154022,clip_033,1,listen,,0.4964,2126403.0,raspberry_pi_seeed_gsr,"2126403,0.4964"
2026-05-31T15:40:52.982,test89,self_20260531_154022,clip_033,1,listen,,0.5004,2126424.0,raspberry_pi_seeed_gsr,"2126424,0.5004"
2026-05-31T15:40:53.003,test89,self_20260531_154022,clip_033,1,listen,,0.494,2126445.0,raspberry_pi_seeed_gsr,"2126445,0.4940"
2026-05-31T15:40:53.024,test89,self_20260531_154022,clip_033,1,listen,,0.4924,2126466.0,raspberry_pi_seeed_gsr,"2126466,0.4924"
2026-05-31T15:40:53.045,test89,self_20260531_154022,clip_033,1,listen,,0.4924,2126487.0,raspberry_pi_seeed_gsr,"2126487,0.4924"
2026-05-31T15:40:53.066,test89,self_20260531_154022,clip_033,1,listen,,0.4883,2126508.0,raspberry_pi_seeed_gsr,"2126508,0.4883"
2026-05-31T15:40:53.087,test89,self_20260531_154022,clip_033,1,listen,,0.4891,2126529.0,raspberry_pi_seeed_gsr,"2126529,0.4891"
2026-05-31T15:40:53.108,test89,self_20260531_154022,clip_033,1,listen,,0.4883,2126550.0,raspberry_pi_seeed_gsr,"2126550,0.4883"
2026-05-31T15:40:53.129,test89,self_20260531_154022,clip_033,1,listen,,0.4859,2126571.0,raspberry_pi_seeed_gsr,"2126571,0.4859"
2026-05-31T15:40:53.150,test89,self_20260531_154022,clip_033,1,listen,,0.4996,2126592.0,raspberry_pi_seeed_gsr,"2126592,0.4996"
2026-05-31T15:40:53.190,test89,self_20260531_154022,clip_033,1,listen,,0.4867,2126613.0,raspberry_pi_seeed_gsr,"2126613,0.4867"
2026-05-31T15:40:53.192,test89,self_20260531_154022,clip_033,1,listen,,0.4803,2126634.0,raspberry_pi_seeed_gsr,"2126634,0.4803"
2026-05-31T15:40:53.213,test89,self_20260531_154022,clip_033,1,listen,,0.4835,2126655.0,raspberry_pi_seeed_gsr,"2126655,0.4835"
2026-05-31T15:40:53.234,test89,self_20260531_154022,clip_033,1,listen,,0.4867,2126676.0,raspberry_pi_seeed_gsr,"2126676,0.4867"
2026-05-31T15:40:53.255,test89,self_20260531_154022,clip_033,1,listen,,0.4754,2126697.0,raspberry_pi_seeed_gsr,"2126697,0.4754"
2026-05-31T15:40:53.276,test89,self_20260531_154022,clip_033,1,listen,,0.4771,2126718.0,raspberry_pi_seeed_gsr,"2126718,0.4771"
2026-05-31T15:40:53.297,test89,self_20260531_154022,clip_033,1,listen,,0.4763,2126739.0,raspberry_pi_seeed_gsr,"2126739,0.4763"
2026-05-31T15:40:53.318,test89,self_20260531_154022,clip_033,1,listen,,0.4787,2126760.0,raspberry_pi_seeed_gsr,"2126760,0.4787"
2026-05-31T15:40:53.338,test89,self_20260531_154022,clip_033,1,listen,,0.4746,2126781.0,raspberry_pi_seeed_gsr,"2126781,0.4746"
2026-05-31T15:40:53.360,test89,self_20260531_154022,clip_033,1,listen,,0.4763,2126802.0,raspberry_pi_seeed_gsr,"2126802,0.4763"
2026-05-31T15:40:53.380,test89,self_20260531_154022,clip_033,1,listen,,0.473,2126823.0,raspberry_pi_seeed_gsr,"2126823,0.4730"
2026-05-31T15:40:53.402,test89,self_20260531_154022,clip_033,1,listen,,0.4722,2126844.0,raspberry_pi_seeed_gsr,"2126844,0.4722"
2026-05-31T15:40:53.423,test89,self_20260531_154022,clip_033,1,listen,,0.469,2126865.0,raspberry_pi_seeed_gsr,"2126865,0.4690"
2026-05-31T15:40:53.448,test89,self_20260531_154022,clip_033,1,listen,,0.4706,2126886.0,raspberry_pi_seeed_gsr,"2126886,0.4706"
2026-05-31T15:40:53.465,test89,self_20260531_154022,clip_033,1,listen,,0.469,2126907.0,raspberry_pi_seeed_gsr,"2126907,0.4690"
2026-05-31T15:40:53.486,test89,self_20260531_154022,clip_033,1,listen,,0.4674,2126928.0,raspberry_pi_seeed_gsr,"2126928,0.4674"
2026-05-31T15:40:53.507,test89,self_20260531_154022,clip_033,1,listen,,0.4682,2126949.0,raspberry_pi_seeed_gsr,"2126949,0.4682"
2026-05-31T15:40:53.528,test89,self_20260531_154022,clip_033,1,listen,,0.4682,2126970.0,raspberry_pi_seeed_gsr,"2126970,0.4682"
2026-05-31T15:40:53.549,test89,self_20260531_154022,clip_033,1,listen,,0.4666,2126991.0,raspberry_pi_seeed_gsr,"2126991,0.4666"
2026-05-31T15:40:53.570,test89,self_20260531_154022,clip_033,1,listen,,0.4666,2127012.0,raspberry_pi_seeed_gsr,"2127012,0.4666"
2026-05-31T15:40:53.591,test89,self_20260531_154022,clip_033,1,listen,,0.4658,2127033.0,raspberry_pi_seeed_gsr,"2127033,0.4658"
2026-05-31T15:40:53.612,test89,self_20260531_154022,clip_033,1,listen,,0.4626,2127054.0,raspberry_pi_seeed_gsr,"2127054,0.4626"
2026-05-31T15:40:53.633,test89,self_20260531_154022,clip_033,1,listen,,0.4642,2127075.0,raspberry_pi_seeed_gsr,"2127075,0.4642"
2026-05-31T15:40:53.654,test89,self_20260531_154022,clip_033,1,listen,,0.4561,2127096.0,raspberry_pi_seeed_gsr,"2127096,0.4561"
2026-05-31T15:40:53.675,test89,self_20260531_154022,clip_033,1,listen,,0.465,2127117.0,raspberry_pi_seeed_gsr,"2127117,0.4650"
2026-05-31T15:40:53.715,test89,self_20260531_154022,clip_033,1,listen,,0.4642,2127138.0,raspberry_pi_seeed_gsr,"2127138,0.4642"
2026-05-31T15:40:53.717,test89,self_20260531_154022,clip_033,1,listen,,0.4626,2127159.0,raspberry_pi_seeed_gsr,"2127159,0.4626"
2026-05-31T15:40:53.738,test89,self_20260531_154022,clip_033,1,listen,,0.4577,2127180.0,raspberry_pi_seeed_gsr,"2127180,0.4577"
2026-05-31T15:40:53.759,test89,self_20260531_154022,clip_033,1,listen,,0.4585,2127201.0,raspberry_pi_seeed_gsr,"2127201,0.4585"
2026-05-31T15:40:53.779,test89,self_20260531_154022,clip_033,1,listen,,0.4569,2127222.0,raspberry_pi_seeed_gsr,"2127222,0.4569"
2026-05-31T15:40:53.801,test89,self_20260531_154022,clip_033,1,listen,,0.4626,2127243.0,raspberry_pi_seeed_gsr,"2127243,0.4626"
2026-05-31T15:40:53.822,test89,self_20260531_154022,clip_033,1,listen,,0.4537,2127264.0,raspberry_pi_seeed_gsr,"2127264,0.4537"
2026-05-31T15:40:53.843,test89,self_20260531_154022,clip_033,1,listen,,0.4537,2127285.0,raspberry_pi_seeed_gsr,"2127285,0.4537"
2026-05-31T15:40:53.864,test89,self_20260531_154022,clip_033,1,listen,,0.4489,2127306.0,raspberry_pi_seeed_gsr,"2127306,0.4489"
2026-05-31T15:40:53.885,test89,self_20260531_154022,clip_033,1,listen,,0.4537,2127327.0,raspberry_pi_seeed_gsr,"2127327,0.4537"
2026-05-31T15:40:53.906,test89,self_20260531_154022,clip_033,1,listen,,0.4521,2127348.0,raspberry_pi_seeed_gsr,"2127348,0.4521"
2026-05-31T15:40:53.927,test89,self_20260531_154022,clip_033,1,listen,,0.4521,2127369.0,raspberry_pi_seeed_gsr,"2127369,0.4521"
2026-05-31T15:40:53.964,test89,self_20260531_154022,clip_033,1,listen,,0.4513,2127390.0,raspberry_pi_seeed_gsr,"2127390,0.4513"
2026-05-31T15:40:53.969,test89,self_20260531_154022,clip_033,1,listen,,0.4585,2127411.0,raspberry_pi_seeed_gsr,"2127411,0.4585"
2026-05-31T15:40:53.990,test89,self_20260531_154022,clip_033,1,listen,,0.4432,2127432.0,raspberry_pi_seeed_gsr,"2127432,0.4432"
2026-05-31T15:40:54.011,test89,self_20260531_154022,clip_033,1,listen,,0.4497,2127453.0,raspberry_pi_seeed_gsr,"2127453,0.4497"
2026-05-31T15:40:54.032,test89,self_20260531_154022,clip_033,1,listen,,0.4497,2127474.0,raspberry_pi_seeed_gsr,"2127474,0.4497"
2026-05-31T15:40:54.053,test89,self_20260531_154022,clip_033,1,listen,,0.4505,2127495.0,raspberry_pi_seeed_gsr,"2127495,0.4505"
2026-05-31T15:40:54.074,test89,self_20260531_154022,clip_033,1,listen,,0.4497,2127516.0,raspberry_pi_seeed_gsr,"2127516,0.4497"
2026-05-31T15:40:54.094,test89,self_20260531_154022,clip_033,1,listen,,0.4497,2127537.0,raspberry_pi_seeed_gsr,"2127537,0.4497"
2026-05-31T15:40:54.116,test89,self_20260531_154022,clip_033,1,listen,,0.4529,2127558.0,raspberry_pi_seeed_gsr,"2127558,0.4529"
2026-05-31T15:40:54.137,test89,self_20260531_154022,clip_033,1,listen,,0.4521,2127579.0,raspberry_pi_seeed_gsr,"2127579,0.4521"
2026-05-31T15:40:54.158,test89,self_20260531_154022,clip_033,1,listen,,0.4553,2127600.0,raspberry_pi_seeed_gsr,"2127600,0.4553"
2026-05-31T15:40:54.179,test89,self_20260531_154022,clip_033,1,listen,,0.4497,2127621.0,raspberry_pi_seeed_gsr,"2127621,0.4497"
2026-05-31T15:40:54.213,test89,self_20260531_154022,clip_033,1,listen,,0.4489,2127642.0,raspberry_pi_seeed_gsr,"2127642,0.4489"
2026-05-31T15:40:54.221,test89,self_20260531_154022,clip_033,1,listen,,0.4464,2127663.0,raspberry_pi_seeed_gsr,"2127663,0.4464"
2026-05-31T15:40:54.242,test89,self_20260531_154022,clip_033,1,listen,,0.4424,2127684.0,raspberry_pi_seeed_gsr,"2127684,0.4424"
2026-05-31T15:40:54.263,test89,self_20260531_154022,clip_033,1,listen,,0.4513,2127705.0,raspberry_pi_seeed_gsr,"2127705,0.4513"
2026-05-31T15:40:54.284,test89,self_20260531_154022,clip_033,1,listen,,0.4601,2127726.0,raspberry_pi_seeed_gsr,"2127726,0.4601"
2026-05-31T15:40:54.305,test89,self_20260531_154022,clip_033,1,listen,,0.4505,2127747.0,raspberry_pi_seeed_gsr,"2127747,0.4505"
2026-05-31T15:40:54.326,test89,self_20260531_154022,clip_033,1,listen,,0.4513,2127768.0,raspberry_pi_seeed_gsr,"2127768,0.4513"
2026-05-31T15:40:54.347,test89,self_20260531_154022,clip_033,1,listen,,0.4505,2127789.0,raspberry_pi_seeed_gsr,"2127789,0.4505"
2026-05-31T15:40:54.368,test89,self_20260531_154022,clip_033,1,listen,,0.4489,2127810.0,raspberry_pi_seeed_gsr,"2127810,0.4489"
2026-05-31T15:40:54.389,test89,self_20260531_154022,clip_033,1,listen,,0.4505,2127831.0,raspberry_pi_seeed_gsr,"2127831,0.4505"
2026-05-31T15:40:54.410,test89,self_20260531_154022,clip_033,1,listen,,0.4513,2127852.0,raspberry_pi_seeed_gsr,"2127852,0.4513"
2026-05-31T15:40:54.431,test89,self_20260531_154022,clip_033,1,listen,,0.4577,2127873.0,raspberry_pi_seeed_gsr,"2127873,0.4577"
2026-05-31T15:40:54.456,test89,self_20260531_154022,clip_033,1,listen,,0.4529,2127894.0,raspberry_pi_seeed_gsr,"2127894,0.4529"
2026-05-31T15:40:54.473,test89,self_20260531_154022,clip_033,1,listen,,0.4521,2127915.0,raspberry_pi_seeed_gsr,"2127915,0.4521"
2026-05-31T15:40:54.494,test89,self_20260531_154022,clip_033,1,listen,,0.4521,2127936.0,raspberry_pi_seeed_gsr,"2127936,0.4521"
2026-05-31T15:40:54.515,test89,self_20260531_154022,clip_033,1,listen,,0.4521,2127957.0,raspberry_pi_seeed_gsr,"2127957,0.4521"
2026-05-31T15:40:54.536,test89,self_20260531_154022,clip_033,1,listen,,0.4513,2127978.0,raspberry_pi_seeed_gsr,"2127978,0.4513"
2026-05-31T15:40:54.557,test89,self_20260531_154022,clip_033,1,listen,,0.4553,2127999.0,raspberry_pi_seeed_gsr,"2127999,0.4553"
2026-05-31T15:40:54.578,test89,self_20260531_154022,clip_033,1,listen,,0.4577,2128020.0,raspberry_pi_seeed_gsr,"2128020,0.4577"
2026-05-31T15:40:54.599,test89,self_20260531_154022,clip_033,1,listen,,0.4577,2128041.0,raspberry_pi_seeed_gsr,"2128041,0.4577"
2026-05-31T15:40:54.620,test89,self_20260531_154022,clip_033,1,listen,,0.4537,2128062.0,raspberry_pi_seeed_gsr,"2128062,0.4537"
2026-05-31T15:40:54.641,test89,self_20260531_154022,clip_033,1,listen,,0.4618,2128083.0,raspberry_pi_seeed_gsr,"2128083,0.4618"
2026-05-31T15:40:54.662,test89,self_20260531_154022,clip_033,1,listen,,0.4585,2128104.0,raspberry_pi_seeed_gsr,"2128104,0.4585"
2026-05-31T15:40:54.683,test89,self_20260531_154022,clip_033,1,listen,,0.4553,2128125.0,raspberry_pi_seeed_gsr,"2128125,0.4553"
2026-05-31T15:40:54.715,test89,self_20260531_154022,clip_033,1,listen,,0.4577,2128146.0,raspberry_pi_seeed_gsr,"2128146,0.4577"
2026-05-31T15:40:54.725,test89,self_20260531_154022,clip_033,1,listen,,0.4561,2128167.0,raspberry_pi_seeed_gsr,"2128167,0.4561"
2026-05-31T15:40:54.746,test89,self_20260531_154022,clip_033,1,listen,,0.4561,2128188.0,raspberry_pi_seeed_gsr,"2128188,0.4561"
2026-05-31T15:40:54.767,test89,self_20260531_154022,clip_033,1,listen,,0.4618,2128209.0,raspberry_pi_seeed_gsr,"2128209,0.4618"
2026-05-31T15:40:54.788,test89,self_20260531_154022,clip_033,1,listen,,0.4537,2128230.0,raspberry_pi_seeed_gsr,"2128230,0.4537"
2026-05-31T15:40:54.809,test89,self_20260531_154022,clip_033,1,listen,,0.4561,2128251.0,raspberry_pi_seeed_gsr,"2128251,0.4561"
2026-05-31T15:40:54.830,test89,self_20260531_154022,clip_033,1,listen,,0.4577,2128272.0,raspberry_pi_seeed_gsr,"2128272,0.4577"
2026-05-31T15:40:54.851,test89,self_20260531_154022,clip_033,1,listen,,0.4569,2128293.0,raspberry_pi_seeed_gsr,"2128293,0.4569"
2026-05-31T15:40:54.872,test89,self_20260531_154022,clip_033,1,listen,,0.4601,2128314.0,raspberry_pi_seeed_gsr,"2128314,0.4601"
2026-05-31T15:40:54.893,test89,self_20260531_154022,clip_033,1,listen,,0.4609,2128335.0,raspberry_pi_seeed_gsr,"2128335,0.4609"
2026-05-31T15:40:54.914,test89,self_20260531_154022,clip_033,1,listen,,0.4609,2128356.0,raspberry_pi_seeed_gsr,"2128356,0.4609"
2026-05-31T15:40:54.935,test89,self_20260531_154022,clip_033,1,listen,,0.4577,2128377.0,raspberry_pi_seeed_gsr,"2128377,0.4577"
2026-05-31T15:40:54.982,test89,self_20260531_154022,clip_033,1,listen,,0.4609,2128398.0,raspberry_pi_seeed_gsr,"2128398,0.4609"
2026-05-31T15:40:54.983,test89,self_20260531_154022,clip_033,1,listen,,0.4553,2128419.0,raspberry_pi_seeed_gsr,"2128419,0.4553"
2026-05-31T15:40:54.998,test89,self_20260531_154022,clip_033,1,listen,,0.4585,2128440.0,raspberry_pi_seeed_gsr,"2128440,0.4585"
2026-05-31T15:40:55.019,test89,self_20260531_154022,clip_033,1,listen,,0.4618,2128461.0,raspberry_pi_seeed_gsr,"2128461,0.4618"
2026-05-31T15:40:55.040,test89,self_20260531_154022,clip_033,1,listen,,0.4561,2128482.0,raspberry_pi_seeed_gsr,"2128482,0.4561"
2026-05-31T15:40:55.061,test89,self_20260531_154022,clip_033,1,listen,,0.4601,2128503.0,raspberry_pi_seeed_gsr,"2128503,0.4601"
2026-05-31T15:40:55.082,test89,self_20260531_154022,clip_033,1,listen,,0.4585,2128524.0,raspberry_pi_seeed_gsr,"2128524,0.4585"
2026-05-31T15:40:55.103,test89,self_20260531_154022,clip_033,1,listen,,0.4577,2128545.0,raspberry_pi_seeed_gsr,"2128545,0.4577"
2026-05-31T15:40:55.124,test89,self_20260531_154022,clip_033,1,listen,,0.4577,2128566.0,raspberry_pi_seeed_gsr,"2128566,0.4577"
2026-05-31T15:40:55.145,test89,self_20260531_154022,clip_033,1,listen,,0.4569,2128587.0,raspberry_pi_seeed_gsr,"2128587,0.4569"
2026-05-31T15:40:55.166,test89,self_20260531_154022,clip_033,1,listen,,0.4626,2128608.0,raspberry_pi_seeed_gsr,"2128608,0.4626"
2026-05-31T15:40:55.187,test89,self_20260531_154022,clip_033,1,listen,,0.4601,2128629.0,raspberry_pi_seeed_gsr,"2128629,0.4601"
2026-05-31T15:40:55.230,test89,self_20260531_154022,clip_033,1,listen,,0.4577,2128650.0,raspberry_pi_seeed_gsr,"2128650,0.4577"
2026-05-31T15:40:55.231,test89,self_20260531_154022,clip_033,1,listen,,0.4585,2128671.0,raspberry_pi_seeed_gsr,"2128671,0.4585"
2026-05-31T15:40:55.250,test89,self_20260531_154022,clip_033,1,listen,,0.4601,2128692.0,raspberry_pi_seeed_gsr,"2128692,0.4601"
2026-05-31T15:40:55.271,test89,self_20260531_154022,clip_033,1,listen,,0.4666,2128713.0,raspberry_pi_seeed_gsr,"2128713,0.4666"
2026-05-31T15:40:55.292,test89,self_20260531_154022,clip_033,1,listen,,0.4601,2128734.0,raspberry_pi_seeed_gsr,"2128734,0.4601"
2026-05-31T15:40:55.313,test89,self_20260531_154022,clip_033,1,listen,,0.4521,2128755.0,raspberry_pi_seeed_gsr,"2128755,0.4521"
2026-05-31T15:40:55.334,test89,self_20260531_154022,clip_033,1,listen,,0.4553,2128776.0,raspberry_pi_seeed_gsr,"2128776,0.4553"
2026-05-31T15:40:55.355,test89,self_20260531_154022,clip_033,1,listen,,0.4593,2128797.0,raspberry_pi_seeed_gsr,"2128797,0.4593"
2026-05-31T15:40:55.376,test89,self_20260531_154022,clip_033,1,listen,,0.4593,2128818.0,raspberry_pi_seeed_gsr,"2128818,0.4593"
2026-05-31T15:40:55.397,test89,self_20260531_154022,clip_033,1,listen,,0.4593,2128839.0,raspberry_pi_seeed_gsr,"2128839,0.4593"
2026-05-31T15:40:55.418,test89,self_20260531_154022,clip_033,1,listen,,0.4714,2128860.0,raspberry_pi_seeed_gsr,"2128860,0.4714"
2026-05-31T15:40:55.439,test89,self_20260531_154022,clip_033,1,listen,,0.4626,2128881.0,raspberry_pi_seeed_gsr,"2128881,0.4626"
2026-05-31T15:40:55.463,test89,self_20260531_154022,clip_033,1,listen,,0.4553,2128902.0,raspberry_pi_seeed_gsr,"2128902,0.4553"
2026-05-31T15:40:55.481,test89,self_20260531_154022,clip_033,1,listen,,0.4601,2128923.0,raspberry_pi_seeed_gsr,"2128923,0.4601"
2026-05-31T15:40:55.502,test89,self_20260531_154022,clip_033,1,listen,,0.4593,2128944.0,raspberry_pi_seeed_gsr,"2128944,0.4593"
2026-05-31T15:40:55.523,test89,self_20260531_154022,clip_033,1,listen,,0.4609,2128965.0,raspberry_pi_seeed_gsr,"2128965,0.4609"
2026-05-31T15:40:55.544,test89,self_20260531_154022,clip_033,1,listen,,0.4561,2128986.0,raspberry_pi_seeed_gsr,"2128986,0.4561"
2026-05-31T15:40:55.565,test89,self_20260531_154022,clip_033,1,listen,,0.4577,2129007.0,raspberry_pi_seeed_gsr,"2129007,0.4577"
2026-05-31T15:40:55.586,test89,self_20260531_154022,clip_033,1,listen,,0.4601,2129028.0,raspberry_pi_seeed_gsr,"2129028,0.4601"
2026-05-31T15:40:55.607,test89,self_20260531_154022,clip_033,1,listen,,0.465,2129049.0,raspberry_pi_seeed_gsr,"2129049,0.4650"
2026-05-31T15:40:55.628,test89,self_20260531_154022,clip_033,1,listen,,0.4601,2129070.0,raspberry_pi_seeed_gsr,"2129070,0.4601"
2026-05-31T15:40:55.649,test89,self_20260531_154022,clip_033,1,listen,,0.4561,2129091.0,raspberry_pi_seeed_gsr,"2129091,0.4561"
2026-05-31T15:40:55.670,test89,self_20260531_154022,clip_033,1,listen,,0.4601,2129112.0,raspberry_pi_seeed_gsr,"2129112,0.4601"
2026-05-31T15:40:55.691,test89,self_20260531_154022,clip_033,1,listen,,0.4561,2129133.0,raspberry_pi_seeed_gsr,"2129133,0.4561"
2026-05-31T15:40:55.735,test89,self_20260531_154022,clip_033,1,listen,,0.4618,2129154.0,raspberry_pi_seeed_gsr,"2129154,0.4618"
2026-05-31T15:40:55.736,test89,self_20260531_154022,clip_033,1,listen,,0.4577,2129175.0,raspberry_pi_seeed_gsr,"2129175,0.4577"
2026-05-31T15:40:55.754,test89,self_20260531_154022,clip_033,1,listen,,0.4561,2129196.0,raspberry_pi_seeed_gsr,"2129196,0.4561"
2026-05-31T15:40:55.775,test89,self_20260531_154022,clip_033,1,listen,,0.4585,2129217.0,raspberry_pi_seeed_gsr,"2129217,0.4585"
2026-05-31T15:40:55.796,test89,self_20260531_154022,clip_033,1,listen,,0.4561,2129238.0,raspberry_pi_seeed_gsr,"2129238,0.4561"
2026-05-31T15:40:55.817,test89,self_20260531_154022,clip_033,1,listen,,0.4561,2129259.0,raspberry_pi_seeed_gsr,"2129259,0.4561"
2026-05-31T15:40:55.838,test89,self_20260531_154022,clip_033,1,listen,,0.4553,2129280.0,raspberry_pi_seeed_gsr,"2129280,0.4553"
2026-05-31T15:40:55.859,test89,self_20260531_154022,clip_033,1,listen,,0.4529,2129301.0,raspberry_pi_seeed_gsr,"2129301,0.4529"
2026-05-31T15:40:55.880,test89,self_20260531_154022,clip_033,1,listen,,0.4642,2129322.0,raspberry_pi_seeed_gsr,"2129322,0.4642"
2026-05-31T15:40:55.901,test89,self_20260531_154022,clip_033,1,listen,,0.4529,2129343.0,raspberry_pi_seeed_gsr,"2129343,0.4529"
2026-05-31T15:40:55.922,test89,self_20260531_154022,clip_033,1,listen,,0.4481,2129364.0,raspberry_pi_seeed_gsr,"2129364,0.4481"
2026-05-31T15:40:55.943,test89,self_20260531_154022,clip_033,1,listen,,0.4497,2129385.0,raspberry_pi_seeed_gsr,"2129385,0.4497"
2026-05-31T15:40:55.989,test89,self_20260531_154022,clip_033,1,listen,,0.4497,2129406.0,raspberry_pi_seeed_gsr,"2129406,0.4497"
2026-05-31T15:40:55.990,test89,self_20260531_154022,clip_033,1,listen,,0.4473,2129427.0,raspberry_pi_seeed_gsr,"2129427,0.4473"
2026-05-31T15:40:56.006,test89,self_20260531_154022,clip_033,1,listen,,0.4464,2129448.0,raspberry_pi_seeed_gsr,"2129448,0.4464"
2026-05-31T15:40:56.027,test89,self_20260531_154022,clip_033,1,listen,,0.4456,2129469.0,raspberry_pi_seeed_gsr,"2129469,0.4456"
2026-05-31T15:40:56.048,test89,self_20260531_154022,clip_033,1,listen,,0.4432,2129490.0,raspberry_pi_seeed_gsr,"2129490,0.4432"
2026-05-31T15:40:56.069,test89,self_20260531_154022,clip_033,1,listen,,0.4392,2129511.0,raspberry_pi_seeed_gsr,"2129511,0.4392"
2026-05-31T15:40:56.090,test89,self_20260531_154022,clip_033,1,listen,,0.44,2129532.0,raspberry_pi_seeed_gsr,"2129532,0.4400"
2026-05-31T15:40:56.110,test89,self_20260531_154022,clip_033,1,listen,,0.4368,2129552.0,raspberry_pi_seeed_gsr,"2129552,0.4368"
2026-05-31T15:40:56.131,test89,self_20260531_154022,clip_033,1,listen,,0.436,2129573.0,raspberry_pi_seeed_gsr,"2129573,0.4360"
2026-05-31T15:40:56.153,test89,self_20260531_154022,clip_033,1,listen,,0.4344,2129594.0,raspberry_pi_seeed_gsr,"2129594,0.4344"
2026-05-31T15:40:56.173,test89,self_20260531_154022,clip_033,1,listen,,0.4327,2129615.0,raspberry_pi_seeed_gsr,"2129615,0.4327"
2026-05-31T15:40:56.194,test89,self_20260531_154022,clip_033,1,listen,,0.4279,2129636.0,raspberry_pi_seeed_gsr,"2129636,0.4279"
2026-05-31T15:40:56.242,test89,self_20260531_154022,clip_033,1,listen,,0.4271,2129657.0,raspberry_pi_seeed_gsr,"2129657,0.4271"
2026-05-31T15:40:56.243,test89,self_20260531_154022,clip_033,1,listen,,0.4247,2129678.0,raspberry_pi_seeed_gsr,"2129678,0.4247"
2026-05-31T15:40:56.257,test89,self_20260531_154022,clip_033,1,listen,,0.4271,2129699.0,raspberry_pi_seeed_gsr,"2129699,0.4271"
2026-05-31T15:40:56.278,test89,self_20260531_154022,clip_033,1,listen,,0.4199,2129720.0,raspberry_pi_seeed_gsr,"2129720,0.4199"
2026-05-31T15:40:56.299,test89,self_20260531_154022,clip_033,1,listen,,0.4174,2129741.0,raspberry_pi_seeed_gsr,"2129741,0.4174"
2026-05-31T15:40:56.320,test89,self_20260531_154022,clip_033,1,listen,,0.4166,2129762.0,raspberry_pi_seeed_gsr,"2129762,0.4166"
2026-05-31T15:40:56.341,test89,self_20260531_154022,clip_033,1,listen,,0.4118,2129783.0,raspberry_pi_seeed_gsr,"2129783,0.4118"
2026-05-31T15:40:56.362,test89,self_20260531_154022,clip_033,1,listen,,0.4126,2129804.0,raspberry_pi_seeed_gsr,"2129804,0.4126"
2026-05-31T15:40:56.383,test89,self_20260531_154022,clip_033,1,listen,,0.4118,2129825.0,raspberry_pi_seeed_gsr,"2129825,0.4118"
2026-05-31T15:40:56.404,test89,self_20260531_154022,clip_033,1,listen,,0.4077,2129846.0,raspberry_pi_seeed_gsr,"2129846,0.4077"
2026-05-31T15:40:56.425,test89,self_20260531_154022,clip_033,1,listen,,0.4093,2129867.0,raspberry_pi_seeed_gsr,"2129867,0.4093"
2026-05-31T15:40:56.446,test89,self_20260531_154022,clip_033,1,listen,,0.4077,2129888.0,raspberry_pi_seeed_gsr,"2129888,0.4077"
2026-05-31T15:40:56.467,test89,self_20260531_154022,clip_033,1,listen,,0.4029,2129909.0,raspberry_pi_seeed_gsr,"2129909,0.4029"
2026-05-31T15:40:56.491,test89,self_20260531_154022,clip_033,1,listen,,0.3989,2129930.0,raspberry_pi_seeed_gsr,"2129930,0.3989"
2026-05-31T15:40:56.509,test89,self_20260531_154022,clip_033,1,listen,,0.3948,2129951.0,raspberry_pi_seeed_gsr,"2129951,0.3948"
2026-05-31T15:40:56.530,test89,self_20260531_154022,clip_033,1,listen,,0.4005,2129972.0,raspberry_pi_seeed_gsr,"2129972,0.4005"
2026-05-31T15:40:56.551,test89,self_20260531_154022,clip_033,1,listen,,0.394,2129993.0,raspberry_pi_seeed_gsr,"2129993,0.3940"
2026-05-31T15:40:56.572,test89,self_20260531_154022,clip_033,1,listen,,0.3892,2130014.0,raspberry_pi_seeed_gsr,"2130014,0.3892"
2026-05-31T15:40:56.593,test89,self_20260531_154022,clip_033,1,listen,,0.3868,2130035.0,raspberry_pi_seeed_gsr,"2130035,0.3868"
2026-05-31T15:40:56.614,test89,self_20260531_154022,clip_033,1,listen,,0.3892,2130056.0,raspberry_pi_seeed_gsr,"2130056,0.3892"
2026-05-31T15:40:56.635,test89,self_20260531_154022,clip_033,1,listen,,0.3868,2130077.0,raspberry_pi_seeed_gsr,"2130077,0.3868"
2026-05-31T15:40:56.656,test89,self_20260531_154022,clip_033,1,listen,,0.3836,2130098.0,raspberry_pi_seeed_gsr,"2130098,0.3836"
2026-05-31T15:40:56.677,test89,self_20260531_154022,clip_033,1,listen,,0.3803,2130119.0,raspberry_pi_seeed_gsr,"2130119,0.3803"
2026-05-31T15:40:56.698,test89,self_20260531_154022,clip_033,1,listen,,0.3771,2130140.0,raspberry_pi_seeed_gsr,"2130140,0.3771"
2026-05-31T15:40:56.719,test89,self_20260531_154022,clip_033,1,listen,,0.3747,2130161.0,raspberry_pi_seeed_gsr,"2130161,0.3747"
2026-05-31T15:40:56.764,test89,self_20260531_154022,clip_033,1,listen,,0.3731,2130182.0,raspberry_pi_seeed_gsr,"2130182,0.3731"
2026-05-31T15:40:56.765,test89,self_20260531_154022,clip_033,1,listen,,0.3747,2130203.0,raspberry_pi_seeed_gsr,"2130203,0.3747"
2026-05-31T15:40:56.782,test89,self_20260531_154022,clip_033,1,listen,,0.3723,2130224.0,raspberry_pi_seeed_gsr,"2130224,0.3723"
2026-05-31T15:40:56.803,test89,self_20260531_154022,clip_033,1,listen,,0.3779,2130245.0,raspberry_pi_seeed_gsr,"2130245,0.3779"
2026-05-31T15:40:56.824,test89,self_20260531_154022,clip_033,1,listen,,0.3691,2130266.0,raspberry_pi_seeed_gsr,"2130266,0.3691"
2026-05-31T15:40:56.845,test89,self_20260531_154022,clip_033,1,listen,,0.3682,2130287.0,raspberry_pi_seeed_gsr,"2130287,0.3682"
2026-05-31T15:40:56.866,test89,self_20260531_154022,clip_033,1,listen,,0.3707,2130308.0,raspberry_pi_seeed_gsr,"2130308,0.3707"
2026-05-31T15:40:56.887,test89,self_20260531_154022,clip_033,1,listen,,0.3642,2130329.0,raspberry_pi_seeed_gsr,"2130329,0.3642"
2026-05-31T15:40:56.908,test89,self_20260531_154022,clip_033,1,listen,,0.3642,2130350.0,raspberry_pi_seeed_gsr,"2130350,0.3642"
2026-05-31T15:40:56.929,test89,self_20260531_154022,clip_033,1,listen,,0.3658,2130371.0,raspberry_pi_seeed_gsr,"2130371,0.3658"
2026-05-31T15:40:56.950,test89,self_20260531_154022,clip_033,1,listen,,0.3739,2130392.0,raspberry_pi_seeed_gsr,"2130392,0.3739"
2026-05-31T15:40:56.971,test89,self_20260531_154022,clip_033,1,listen,,0.3618,2130413.0,raspberry_pi_seeed_gsr,"2130413,0.3618"
2026-05-31T15:40:57.015,test89,self_20260531_154022,clip_033,1,listen,,0.3586,2130434.0,raspberry_pi_seeed_gsr,"2130434,0.3586"
2026-05-31T15:40:57.016,test89,self_20260531_154022,clip_033,1,listen,,0.3602,2130455.0,raspberry_pi_seeed_gsr,"2130455,0.3602"
2026-05-31T15:40:57.034,test89,self_20260531_154022,clip_033,1,listen,,0.3562,2130476.0,raspberry_pi_seeed_gsr,"2130476,0.3562"
2026-05-31T15:40:57.055,test89,self_20260531_154022,clip_033,1,listen,,0.3562,2130497.0,raspberry_pi_seeed_gsr,"2130497,0.3562"
2026-05-31T15:40:57.076,test89,self_20260531_154022,clip_033,1,listen,,0.3529,2130518.0,raspberry_pi_seeed_gsr,"2130518,0.3529"
2026-05-31T15:40:57.097,test89,self_20260531_154022,clip_033,1,listen,,0.3545,2130539.0,raspberry_pi_seeed_gsr,"2130539,0.3545"
2026-05-31T15:40:57.118,test89,self_20260531_154022,clip_033,1,listen,,0.3545,2130560.0,raspberry_pi_seeed_gsr,"2130560,0.3545"
2026-05-31T15:40:57.139,test89,self_20260531_154022,clip_033,1,listen,,0.3594,2130581.0,raspberry_pi_seeed_gsr,"2130581,0.3594"
2026-05-31T15:40:57.160,test89,self_20260531_154022,clip_033,1,listen,,0.3529,2130602.0,raspberry_pi_seeed_gsr,"2130602,0.3529"
2026-05-31T15:40:57.181,test89,self_20260531_154022,clip_033,1,listen,,0.3521,2130623.0,raspberry_pi_seeed_gsr,"2130623,0.3521"
2026-05-31T15:40:57.202,test89,self_20260531_154022,clip_033,1,listen,,0.3521,2130644.0,raspberry_pi_seeed_gsr,"2130644,0.3521"
2026-05-31T15:40:57.223,test89,self_20260531_154022,clip_033,1,listen,,0.3521,2130665.0,raspberry_pi_seeed_gsr,"2130665,0.3521"
2026-05-31T15:40:57.270,test89,self_20260531_154022,clip_033,1,listen,,0.3521,2130686.0,raspberry_pi_seeed_gsr,"2130686,0.3521"
2026-05-31T15:40:57.271,test89,self_20260531_154022,clip_033,1,listen,,0.3513,2130707.0,raspberry_pi_seeed_gsr,"2130707,0.3513"
2026-05-31T15:40:57.286,test89,self_20260531_154022,clip_033,1,listen,,0.3489,2130728.0,raspberry_pi_seeed_gsr,"2130728,0.3489"
2026-05-31T15:40:57.307,test89,self_20260531_154022,clip_033,1,listen,,0.3505,2130749.0,raspberry_pi_seeed_gsr,"2130749,0.3505"
2026-05-31T15:40:57.328,test89,self_20260531_154022,clip_033,1,listen,,0.332,2130770.0,raspberry_pi_seeed_gsr,"2130770,0.3320"
2026-05-31T15:40:57.349,test89,self_20260531_154022,clip_033,1,listen,,0.3441,2130791.0,raspberry_pi_seeed_gsr,"2130791,0.3441"
2026-05-31T15:40:57.370,test89,self_20260531_154022,clip_033,1,listen,,0.3521,2130812.0,raspberry_pi_seeed_gsr,"2130812,0.3521"
2026-05-31T15:40:57.391,test89,self_20260531_154022,clip_033,1,listen,,0.3505,2130833.0,raspberry_pi_seeed_gsr,"2130833,0.3505"
2026-05-31T15:40:57.412,test89,self_20260531_154022,clip_033,1,listen,,0.3497,2130854.0,raspberry_pi_seeed_gsr,"2130854,0.3497"
2026-05-31T15:40:57.433,test89,self_20260531_154022,clip_033,1,listen,,0.3497,2130875.0,raspberry_pi_seeed_gsr,"2130875,0.3497"
2026-05-31T15:40:57.454,test89,self_20260531_154022,clip_033,1,listen,,0.3497,2130896.0,raspberry_pi_seeed_gsr,"2130896,0.3497"
2026-05-31T15:40:57.475,test89,self_20260531_154022,clip_033,1,listen,,0.3465,2130917.0,raspberry_pi_seeed_gsr,"2130917,0.3465"
2026-05-31T15:40:57.496,test89,self_20260531_154022,clip_033,1,listen,,0.3489,2130938.0,raspberry_pi_seeed_gsr,"2130938,0.3489"
2026-05-31T15:40:57.519,test89,self_20260531_154022,clip_033,1,listen,,0.3505,2130959.0,raspberry_pi_seeed_gsr,"2130959,0.3505"
2026-05-31T15:40:57.538,test89,self_20260531_154022,clip_033,1,listen,,0.3489,2130980.0,raspberry_pi_seeed_gsr,"2130980,0.3489"
2026-05-31T15:40:57.559,test89,self_20260531_154022,clip_033,1,listen,,0.3489,2131001.0,raspberry_pi_seeed_gsr,"2131001,0.3489"
2026-05-31T15:40:57.580,test89,self_20260531_154022,clip_033,1,listen,,0.3433,2131022.0,raspberry_pi_seeed_gsr,"2131022,0.3433"
2026-05-31T15:40:57.601,test89,self_20260531_154022,clip_033,1,listen,,0.3513,2131043.0,raspberry_pi_seeed_gsr,"2131043,0.3513"
2026-05-31T15:40:57.622,test89,self_20260531_154022,clip_033,1,listen,,0.3489,2131064.0,raspberry_pi_seeed_gsr,"2131064,0.3489"
2026-05-31T15:40:57.643,test89,self_20260531_154022,clip_033,1,listen,,0.3562,2131085.0,raspberry_pi_seeed_gsr,"2131085,0.3562"
2026-05-31T15:40:57.664,test89,self_20260531_154022,clip_033,1,listen,,0.3505,2131106.0,raspberry_pi_seeed_gsr,"2131106,0.3505"
2026-05-31T15:40:57.685,test89,self_20260531_154022,clip_033,1,listen,,0.3497,2131127.0,raspberry_pi_seeed_gsr,"2131127,0.3497"
2026-05-31T15:40:57.706,test89,self_20260531_154022,clip_033,1,listen,,0.3545,2131148.0,raspberry_pi_seeed_gsr,"2131148,0.3545"
2026-05-31T15:40:57.727,test89,self_20260531_154022,clip_033,1,listen,,0.3489,2131169.0,raspberry_pi_seeed_gsr,"2131169,0.3489"
2026-05-31T15:40:57.748,test89,self_20260531_154022,clip_033,1,listen,,0.3521,2131190.0,raspberry_pi_seeed_gsr,"2131190,0.3521"
2026-05-31T15:40:57.795,test89,self_20260531_154022,clip_033,1,listen,,0.3529,2131211.0,raspberry_pi_seeed_gsr,"2131211,0.3529"
2026-05-31T15:40:57.796,test89,self_20260531_154022,clip_033,1,listen,,0.361,2131232.0,raspberry_pi_seeed_gsr,"2131232,0.3610"
2026-05-31T15:40:57.811,test89,self_20260531_154022,clip_033,1,listen,,0.3521,2131253.0,raspberry_pi_seeed_gsr,"2131253,0.3521"
2026-05-31T15:40:57.832,test89,self_20260531_154022,clip_033,1,listen,,0.3529,2131274.0,raspberry_pi_seeed_gsr,"2131274,0.3529"
2026-05-31T15:40:57.853,test89,self_20260531_154022,clip_033,1,listen,,0.3554,2131295.0,raspberry_pi_seeed_gsr,"2131295,0.3554"
2026-05-31T15:40:57.874,test89,self_20260531_154022,clip_033,1,listen,,0.3562,2131316.0,raspberry_pi_seeed_gsr,"2131316,0.3562"
2026-05-31T15:40:57.895,test89,self_20260531_154022,clip_033,1,listen,,0.3554,2131337.0,raspberry_pi_seeed_gsr,"2131337,0.3554"
2026-05-31T15:40:57.916,test89,self_20260531_154022,clip_033,1,listen,,0.3618,2131358.0,raspberry_pi_seeed_gsr,"2131358,0.3618"
2026-05-31T15:40:57.937,test89,self_20260531_154022,clip_033,1,listen,,0.361,2131379.0,raspberry_pi_seeed_gsr,"2131379,0.3610"
2026-05-31T15:40:57.958,test89,self_20260531_154022,clip_033,1,listen,,0.3626,2131400.0,raspberry_pi_seeed_gsr,"2131400,0.3626"
2026-05-31T15:40:57.979,test89,self_20260531_154022,clip_033,1,listen,,0.3562,2131421.0,raspberry_pi_seeed_gsr,"2131421,0.3562"
2026-05-31T15:40:58.000,test89,self_20260531_154022,clip_033,1,listen,,0.3586,2131442.0,raspberry_pi_seeed_gsr,"2131442,0.3586"
2026-05-31T15:40:58.048,test89,self_20260531_154022,clip_033,1,listen,,0.365,2131463.0,raspberry_pi_seeed_gsr,"2131463,0.3650"
2026-05-31T15:40:58.049,test89,self_20260531_154022,clip_033,1,listen,,0.3586,2131484.0,raspberry_pi_seeed_gsr,"2131484,0.3586"
2026-05-31T15:40:58.063,test89,self_20260531_154022,clip_033,1,listen,,0.361,2131505.0,raspberry_pi_seeed_gsr,"2131505,0.3610"
2026-05-31T15:40:58.084,test89,self_20260531_154022,clip_033,1,listen,,0.361,2131526.0,raspberry_pi_seeed_gsr,"2131526,0.3610"
2026-05-31T15:40:58.105,test89,self_20260531_154022,clip_033,1,listen,,0.361,2131547.0,raspberry_pi_seeed_gsr,"2131547,0.3610"
2026-05-31T15:40:58.126,test89,self_20260531_154022,clip_033,1,listen,,0.3658,2131568.0,raspberry_pi_seeed_gsr,"2131568,0.3658"
2026-05-31T15:40:58.147,test89,self_20260531_154022,clip_033,1,listen,,0.3618,2131589.0,raspberry_pi_seeed_gsr,"2131589,0.3618"
2026-05-31T15:40:58.168,test89,self_20260531_154022,clip_033,1,listen,,0.3481,2131610.0,raspberry_pi_seeed_gsr,"2131610,0.3481"
2026-05-31T15:40:58.189,test89,self_20260531_154022,clip_033,1,listen,,0.3529,2131631.0,raspberry_pi_seeed_gsr,"2131631,0.3529"
2026-05-31T15:40:58.210,test89,self_20260531_154022,clip_033,1,listen,,0.3578,2131652.0,raspberry_pi_seeed_gsr,"2131652,0.3578"
2026-05-31T15:40:58.231,test89,self_20260531_154022,clip_033,1,listen,,0.3868,2131673.0,raspberry_pi_seeed_gsr,"2131673,0.3868"
2026-05-31T15:40:58.253,test89,self_20260531_154022,clip_033,1,listen,,0.361,2131694.0,raspberry_pi_seeed_gsr,"2131694,0.3610"
2026-05-31T15:40:58.297,test89,self_20260531_154022,clip_033,1,listen,,0.3674,2131715.0,raspberry_pi_seeed_gsr,"2131715,0.3674"
2026-05-31T15:40:58.298,test89,self_20260531_154022,clip_033,1,listen,,0.3682,2131736.0,raspberry_pi_seeed_gsr,"2131736,0.3682"
2026-05-31T15:40:58.315,test89,self_20260531_154022,clip_033,1,listen,,0.3658,2131757.0,raspberry_pi_seeed_gsr,"2131757,0.3658"
2026-05-31T15:40:58.336,test89,self_20260531_154022,clip_033,1,listen,,0.3658,2131778.0,raspberry_pi_seeed_gsr,"2131778,0.3658"
2026-05-31T15:40:58.357,test89,self_20260531_154022,clip_033,1,listen,,0.3594,2131799.0,raspberry_pi_seeed_gsr,"2131799,0.3594"
2026-05-31T15:40:58.378,test89,self_20260531_154022,clip_033,1,listen,,0.3658,2131820.0,raspberry_pi_seeed_gsr,"2131820,0.3658"
2026-05-31T15:40:58.399,test89,self_20260531_154022,clip_033,1,listen,,0.3682,2131841.0,raspberry_pi_seeed_gsr,"2131841,0.3682"
2026-05-31T15:40:58.420,test89,self_20260531_154022,clip_033,1,listen,,0.3739,2131862.0,raspberry_pi_seeed_gsr,"2131862,0.3739"
2026-05-31T15:40:58.441,test89,self_20260531_154022,clip_033,1,listen,,0.3691,2131883.0,raspberry_pi_seeed_gsr,"2131883,0.3691"
2026-05-31T15:40:58.462,test89,self_20260531_154022,clip_033,1,listen,,0.3723,2131904.0,raspberry_pi_seeed_gsr,"2131904,0.3723"
2026-05-31T15:40:58.483,test89,self_20260531_154022,clip_033,1,listen,,0.3707,2131925.0,raspberry_pi_seeed_gsr,"2131925,0.3707"
2026-05-31T15:40:58.504,test89,self_20260531_154022,clip_033,1,listen,,0.3707,2131946.0,raspberry_pi_seeed_gsr,"2131946,0.3707"
2026-05-31T15:40:58.525,test89,self_20260531_154022,clip_033,1,listen,,0.3747,2131967.0,raspberry_pi_seeed_gsr,"2131967,0.3747"
2026-05-31T15:40:58.549,test89,self_20260531_154022,clip_033,1,listen,,0.3747,2131988.0,raspberry_pi_seeed_gsr,"2131988,0.3747"
2026-05-31T15:40:58.567,test89,self_20260531_154022,clip_033,1,listen,,0.3707,2132009.0,raspberry_pi_seeed_gsr,"2132009,0.3707"
2026-05-31T15:40:58.588,test89,self_20260531_154022,clip_033,1,listen,,0.3739,2132030.0,raspberry_pi_seeed_gsr,"2132030,0.3739"
2026-05-31T15:40:58.609,test89,self_20260531_154022,clip_033,1,listen,,0.3763,2132051.0,raspberry_pi_seeed_gsr,"2132051,0.3763"
2026-05-31T15:40:58.630,test89,self_20260531_154022,clip_033,1,listen,,0.3747,2132072.0,raspberry_pi_seeed_gsr,"2132072,0.3747"
2026-05-31T15:40:58.651,test89,self_20260531_154022,clip_033,1,listen,,0.3707,2132093.0,raspberry_pi_seeed_gsr,"2132093,0.3707"
2026-05-31T15:40:58.672,test89,self_20260531_154022,clip_033,1,listen,,0.3844,2132114.0,raspberry_pi_seeed_gsr,"2132114,0.3844"
2026-05-31T15:40:58.693,test89,self_20260531_154022,clip_033,1,listen,,0.3739,2132135.0,raspberry_pi_seeed_gsr,"2132135,0.3739"
2026-05-31T15:40:58.714,test89,self_20260531_154022,clip_033,1,listen,,0.3763,2132156.0,raspberry_pi_seeed_gsr,"2132156,0.3763"
2026-05-31T15:40:58.735,test89,self_20260531_154022,clip_033,1,listen,,0.3787,2132177.0,raspberry_pi_seeed_gsr,"2132177,0.3787"
2026-05-31T15:40:58.756,test89,self_20260531_154022,clip_033,1,listen,,0.3763,2132198.0,raspberry_pi_seeed_gsr,"2132198,0.3763"
2026-05-31T15:40:58.777,test89,self_20260531_154022,clip_033,1,listen,,0.3763,2132219.0,raspberry_pi_seeed_gsr,"2132219,0.3763"
2026-05-31T15:40:58.816,test89,self_20260531_154022,clip_033,1,listen,,0.3819,2132240.0,raspberry_pi_seeed_gsr,"2132240,0.3819"
2026-05-31T15:40:58.819,test89,self_20260531_154022,clip_033,1,listen,,0.3803,2132261.0,raspberry_pi_seeed_gsr,"2132261,0.3803"
2026-05-31T15:40:58.840,test89,self_20260531_154022,clip_033,1,listen,,0.3771,2132282.0,raspberry_pi_seeed_gsr,"2132282,0.3771"
2026-05-31T15:40:58.861,test89,self_20260531_154022,clip_033,1,listen,,0.3779,2132303.0,raspberry_pi_seeed_gsr,"2132303,0.3779"
2026-05-31T15:40:58.882,test89,self_20260531_154022,clip_033,1,listen,,0.3747,2132324.0,raspberry_pi_seeed_gsr,"2132324,0.3747"
2026-05-31T15:40:58.903,test89,self_20260531_154022,clip_033,1,listen,,0.3819,2132345.0,raspberry_pi_seeed_gsr,"2132345,0.3819"
2026-05-31T15:40:58.924,test89,self_20260531_154022,clip_033,1,listen,,0.3836,2132366.0,raspberry_pi_seeed_gsr,"2132366,0.3836"
2026-05-31T15:40:58.945,test89,self_20260531_154022,clip_033,1,listen,,0.3795,2132387.0,raspberry_pi_seeed_gsr,"2132387,0.3795"
2026-05-31T15:40:58.966,test89,self_20260531_154022,clip_033,1,listen,,0.3811,2132408.0,raspberry_pi_seeed_gsr,"2132408,0.3811"
2026-05-31T15:40:58.987,test89,self_20260531_154022,clip_033,1,listen,,0.3771,2132429.0,raspberry_pi_seeed_gsr,"2132429,0.3771"
2026-05-31T15:40:59.008,test89,self_20260531_154022,clip_033,1,listen,,0.3803,2132450.0,raspberry_pi_seeed_gsr,"2132450,0.3803"
2026-05-31T15:40:59.029,test89,self_20260531_154022,clip_033,1,listen,,0.3884,2132471.0,raspberry_pi_seeed_gsr,"2132471,0.3884"
2026-05-31T15:40:59.057,test89,self_20260531_154022,clip_033,1,listen,,0.3803,2132492.0,raspberry_pi_seeed_gsr,"2132492,0.3803"
2026-05-31T15:40:59.071,test89,self_20260531_154022,clip_033,1,listen,,0.3811,2132513.0,raspberry_pi_seeed_gsr,"2132513,0.3811"
2026-05-31T15:40:59.092,test89,self_20260531_154022,clip_033,1,listen,,0.3755,2132534.0,raspberry_pi_seeed_gsr,"2132534,0.3755"
2026-05-31T15:40:59.113,test89,self_20260531_154022,clip_033,1,listen,,0.3811,2132555.0,raspberry_pi_seeed_gsr,"2132555,0.3811"
2026-05-31T15:40:59.134,test89,self_20260531_154022,clip_033,1,listen,,0.3827,2132576.0,raspberry_pi_seeed_gsr,"2132576,0.3827"
2026-05-31T15:40:59.155,test89,self_20260531_154022,clip_033,1,listen,,0.3844,2132597.0,raspberry_pi_seeed_gsr,"2132597,0.3844"
2026-05-31T15:40:59.176,test89,self_20260531_154022,clip_033,1,listen,,0.3811,2132618.0,raspberry_pi_seeed_gsr,"2132618,0.3811"
2026-05-31T15:40:59.197,test89,self_20260531_154022,clip_033,1,listen,,0.3836,2132639.0,raspberry_pi_seeed_gsr,"2132639,0.3836"
2026-05-31T15:40:59.218,test89,self_20260531_154022,clip_033,1,listen,,0.3827,2132660.0,raspberry_pi_seeed_gsr,"2132660,0.3827"
2026-05-31T15:40:59.239,test89,self_20260531_154022,clip_033,1,listen,,0.3803,2132681.0,raspberry_pi_seeed_gsr,"2132681,0.3803"
2026-05-31T15:40:59.260,test89,self_20260531_154022,clip_033,1,listen,,0.3803,2132702.0,raspberry_pi_seeed_gsr,"2132702,0.3803"
2026-05-31T15:40:59.281,test89,self_20260531_154022,clip_033,1,listen,,0.3844,2132723.0,raspberry_pi_seeed_gsr,"2132723,0.3844"
2026-05-31T15:40:59.328,test89,self_20260531_154022,clip_033,1,listen,,0.3884,2132744.0,raspberry_pi_seeed_gsr,"2132744,0.3884"
2026-05-31T15:40:59.329,test89,self_20260531_154022,clip_033,1,listen,,0.3811,2132765.0,raspberry_pi_seeed_gsr,"2132765,0.3811"
2026-05-31T15:40:59.344,test89,self_20260531_154022,clip_033,1,listen,,0.3868,2132786.0,raspberry_pi_seeed_gsr,"2132786,0.3868"
2026-05-31T15:40:59.365,test89,self_20260531_154022,clip_033,1,listen,,0.3811,2132807.0,raspberry_pi_seeed_gsr,"2132807,0.3811"
2026-05-31T15:40:59.386,test89,self_20260531_154022,clip_033,1,listen,,0.3811,2132828.0,raspberry_pi_seeed_gsr,"2132828,0.3811"
2026-05-31T15:40:59.407,test89,self_20260531_154022,clip_033,1,listen,,0.3836,2132849.0,raspberry_pi_seeed_gsr,"2132849,0.3836"
2026-05-31T15:40:59.428,test89,self_20260531_154022,clip_033,1,listen,,0.3819,2132870.0,raspberry_pi_seeed_gsr,"2132870,0.3819"
2026-05-31T15:40:59.449,test89,self_20260531_154022,clip_033,1,listen,,0.3787,2132891.0,raspberry_pi_seeed_gsr,"2132891,0.3787"
2026-05-31T15:40:59.470,test89,self_20260531_154022,clip_033,1,listen,,0.3844,2132912.0,raspberry_pi_seeed_gsr,"2132912,0.3844"
2026-05-31T15:40:59.491,test89,self_20260531_154022,clip_033,1,listen,,0.3819,2132933.0,raspberry_pi_seeed_gsr,"2132933,0.3819"
2026-05-31T15:40:59.512,test89,self_20260531_154022,clip_033,1,listen,,0.3868,2132954.0,raspberry_pi_seeed_gsr,"2132954,0.3868"
2026-05-31T15:40:59.533,test89,self_20260531_154022,clip_033,1,listen,,0.3803,2132975.0,raspberry_pi_seeed_gsr,"2132975,0.3803"
2026-05-31T15:40:59.554,test89,self_20260531_154022,clip_033,1,listen,,0.3819,2132996.0,raspberry_pi_seeed_gsr,"2132996,0.3819"
2026-05-31T15:40:59.579,test89,self_20260531_154022,clip_033,1,listen,,0.3844,2133017.0,raspberry_pi_seeed_gsr,"2133017,0.3844"
2026-05-31T15:40:59.596,test89,self_20260531_154022,clip_033,1,listen,,0.3827,2133038.0,raspberry_pi_seeed_gsr,"2133038,0.3827"
2026-05-31T15:40:59.617,test89,self_20260531_154022,clip_033,1,listen,,0.3844,2133059.0,raspberry_pi_seeed_gsr,"2133059,0.3844"
2026-05-31T15:40:59.638,test89,self_20260531_154022,clip_033,1,listen,,0.3827,2133080.0,raspberry_pi_seeed_gsr,"2133080,0.3827"
2026-05-31T15:40:59.659,test89,self_20260531_154022,clip_033,1,listen,,0.3787,2133101.0,raspberry_pi_seeed_gsr,"2133101,0.3787"
2026-05-31T15:40:59.680,test89,self_20260531_154022,clip_033,1,listen,,0.3819,2133122.0,raspberry_pi_seeed_gsr,"2133122,0.3819"
2026-05-31T15:40:59.701,test89,self_20260531_154022,clip_033,1,listen,,0.3836,2133143.0,raspberry_pi_seeed_gsr,"2133143,0.3836"
2026-05-31T15:40:59.722,test89,self_20260531_154022,clip_033,1,listen,,0.3892,2133164.0,raspberry_pi_seeed_gsr,"2133164,0.3892"
2026-05-31T15:40:59.743,test89,self_20260531_154022,clip_033,1,listen,,0.3844,2133185.0,raspberry_pi_seeed_gsr,"2133185,0.3844"
2026-05-31T15:40:59.764,test89,self_20260531_154022,clip_033,1,listen,,0.3803,2133206.0,raspberry_pi_seeed_gsr,"2133206,0.3803"
2026-05-31T15:40:59.785,test89,self_20260531_154022,clip_033,1,listen,,0.3819,2133227.0,raspberry_pi_seeed_gsr,"2133227,0.3819"
2026-05-31T15:40:59.806,test89,self_20260531_154022,clip_033,1,listen,,0.3787,2133248.0,raspberry_pi_seeed_gsr,"2133248,0.3787"
2026-05-31T15:40:59.840,test89,self_20260531_154022,clip_033,1,listen,,0.3819,2133269.0,raspberry_pi_seeed_gsr,"2133269,0.3819"
2026-05-31T15:40:59.848,test89,self_20260531_154022,clip_033,1,listen,,0.3852,2133290.0,raspberry_pi_seeed_gsr,"2133290,0.3852"
2026-05-31T15:40:59.869,test89,self_20260531_154022,clip_033,1,listen,,0.3827,2133311.0,raspberry_pi_seeed_gsr,"2133311,0.3827"
2026-05-31T15:40:59.890,test89,self_20260531_154022,clip_033,1,listen,,0.3827,2133332.0,raspberry_pi_seeed_gsr,"2133332,0.3827"
2026-05-31T15:40:59.911,test89,self_20260531_154022,clip_033,1,listen,,0.3827,2133353.0,raspberry_pi_seeed_gsr,"2133353,0.3827"
2026-05-31T15:40:59.932,test89,self_20260531_154022,clip_033,1,listen,,0.3868,2133374.0,raspberry_pi_seeed_gsr,"2133374,0.3868"
2026-05-31T15:40:59.953,test89,self_20260531_154022,clip_033,1,listen,,0.3884,2133395.0,raspberry_pi_seeed_gsr,"2133395,0.3884"
2026-05-31T15:40:59.974,test89,self_20260531_154022,clip_033,1,listen,,0.3884,2133416.0,raspberry_pi_seeed_gsr,"2133416,0.3884"
2026-05-31T15:40:59.995,test89,self_20260531_154022,clip_033,1,listen,,0.3932,2133437.0,raspberry_pi_seeed_gsr,"2133437,0.3932"
2026-05-31T15:41:00.016,test89,self_20260531_154022,clip_033,1,listen,,0.394,2133458.0,raspberry_pi_seeed_gsr,"2133458,0.3940"
2026-05-31T15:41:00.037,test89,self_20260531_154022,clip_033,1,listen,,0.3956,2133479.0,raspberry_pi_seeed_gsr,"2133479,0.3956"
2026-05-31T15:41:00.058,test89,self_20260531_154022,clip_033,1,listen,,0.3956,2133500.0,raspberry_pi_seeed_gsr,"2133500,0.3956"
2026-05-31T15:41:00.104,test89,self_20260531_154022,clip_033,1,listen,,0.3972,2133521.0,raspberry_pi_seeed_gsr,"2133521,0.3972"
2026-05-31T15:41:00.105,test89,self_20260531_154022,clip_033,1,listen,,0.3956,2133542.0,raspberry_pi_seeed_gsr,"2133542,0.3956"
2026-05-31T15:41:00.121,test89,self_20260531_154022,clip_033,1,listen,,0.3972,2133563.0,raspberry_pi_seeed_gsr,"2133563,0.3972"
2026-05-31T15:41:00.142,test89,self_20260531_154022,clip_033,1,listen,,0.4021,2133584.0,raspberry_pi_seeed_gsr,"2133584,0.4021"
2026-05-31T15:41:00.163,test89,self_20260531_154022,clip_033,1,listen,,0.4005,2133605.0,raspberry_pi_seeed_gsr,"2133605,0.4005"
2026-05-31T15:41:00.184,test89,self_20260531_154022,clip_033,1,listen,,0.3997,2133626.0,raspberry_pi_seeed_gsr,"2133626,0.3997"
2026-05-31T15:41:00.205,test89,self_20260531_154022,clip_033,1,listen,,0.4013,2133647.0,raspberry_pi_seeed_gsr,"2133647,0.4013"
2026-05-31T15:41:00.226,test89,self_20260531_154022,clip_033,1,listen,,0.3981,2133668.0,raspberry_pi_seeed_gsr,"2133668,0.3981"
2026-05-31T15:41:00.247,test89,self_20260531_154022,clip_033,1,listen,,0.3916,2133689.0,raspberry_pi_seeed_gsr,"2133689,0.3916"
2026-05-31T15:41:00.268,test89,self_20260531_154022,clip_033,1,listen,,0.3997,2133710.0,raspberry_pi_seeed_gsr,"2133710,0.3997"
2026-05-31T15:41:00.289,test89,self_20260531_154022,clip_033,1,listen,,0.3997,2133731.0,raspberry_pi_seeed_gsr,"2133731,0.3997"
2026-05-31T15:41:00.310,test89,self_20260531_154022,clip_033,1,listen,,0.4005,2133752.0,raspberry_pi_seeed_gsr,"2133752,0.4005"
2026-05-31T15:41:00.358,test89,self_20260531_154022,clip_033,1,listen,,0.4037,2133773.0,raspberry_pi_seeed_gsr,"2133773,0.4037"
2026-05-31T15:41:00.359,test89,self_20260531_154022,clip_033,1,listen,,0.4013,2133794.0,raspberry_pi_seeed_gsr,"2133794,0.4013"
2026-05-31T15:41:00.373,test89,self_20260531_154022,clip_033,1,listen,,0.4005,2133815.0,raspberry_pi_seeed_gsr,"2133815,0.4005"
2026-05-31T15:41:00.394,test89,self_20260531_154022,clip_033,1,listen,,0.3997,2133836.0,raspberry_pi_seeed_gsr,"2133836,0.3997"
2026-05-31T15:41:00.415,test89,self_20260531_154022,clip_033,1,listen,,0.3981,2133857.0,raspberry_pi_seeed_gsr,"2133857,0.3981"
2026-05-31T15:41:00.436,test89,self_20260531_154022,clip_033,1,listen,,0.4013,2133878.0,raspberry_pi_seeed_gsr,"2133878,0.4013"
2026-05-31T15:41:00.457,test89,self_20260531_154022,clip_033,1,listen,,0.4029,2133899.0,raspberry_pi_seeed_gsr,"2133899,0.4029"
2026-05-31T15:41:00.478,test89,self_20260531_154022,clip_033,1,listen,,0.4013,2133920.0,raspberry_pi_seeed_gsr,"2133920,0.4013"
2026-05-31T15:41:00.499,test89,self_20260531_154022,clip_033,1,listen,,0.3997,2133941.0,raspberry_pi_seeed_gsr,"2133941,0.3997"
2026-05-31T15:41:00.520,test89,self_20260531_154022,clip_033,1,listen,,0.4005,2133962.0,raspberry_pi_seeed_gsr,"2133962,0.4005"
2026-05-31T15:41:00.541,test89,self_20260531_154022,clip_033,1,listen,,0.3997,2133983.0,raspberry_pi_seeed_gsr,"2133983,0.3997"
2026-05-31T15:41:00.562,test89,self_20260531_154022,clip_033,1,listen,,0.4069,2134004.0,raspberry_pi_seeed_gsr,"2134004,0.4069"
2026-05-31T15:41:00.583,test89,self_20260531_154022,clip_033,1,listen,,0.3997,2134025.0,raspberry_pi_seeed_gsr,"2134025,0.3997"
2026-05-31T15:41:00.616,test89,self_20260531_154022,clip_033,1,listen,,0.3981,2134046.0,raspberry_pi_seeed_gsr,"2134046,0.3981"
2026-05-31T15:41:00.625,test89,self_20260531_154022,clip_033,1,listen,,0.4021,2134067.0,raspberry_pi_seeed_gsr,"2134067,0.4021"
2026-05-31T15:41:00.646,test89,self_20260531_154022,clip_033,1,listen,,0.3972,2134088.0,raspberry_pi_seeed_gsr,"2134088,0.3972"
2026-05-31T15:41:00.667,test89,self_20260531_154022,clip_033,1,listen,,0.4093,2134109.0,raspberry_pi_seeed_gsr,"2134109,0.4093"
2026-05-31T15:41:00.688,test89,self_20260531_154022,clip_033,1,listen,,0.3964,2134130.0,raspberry_pi_seeed_gsr,"2134130,0.3964"
2026-05-31T15:41:00.709,test89,self_20260531_154022,clip_033,1,listen,,0.4005,2134151.0,raspberry_pi_seeed_gsr,"2134151,0.4005"
2026-05-31T15:41:00.730,test89,self_20260531_154022,clip_033,1,listen,,0.3997,2134172.0,raspberry_pi_seeed_gsr,"2134172,0.3997"
2026-05-31T15:41:00.751,test89,self_20260531_154022,clip_033,1,listen,,0.3997,2134193.0,raspberry_pi_seeed_gsr,"2134193,0.3997"
2026-05-31T15:41:00.772,test89,self_20260531_154022,clip_033,1,listen,,0.4029,2134214.0,raspberry_pi_seeed_gsr,"2134214,0.4029"
2026-05-31T15:41:00.793,test89,self_20260531_154022,clip_033,1,listen,,0.4013,2134235.0,raspberry_pi_seeed_gsr,"2134235,0.4013"
2026-05-31T15:41:00.814,test89,self_20260531_154022,clip_033,1,listen,,0.3989,2134256.0,raspberry_pi_seeed_gsr,"2134256,0.3989"
2026-05-31T15:41:00.835,test89,self_20260531_154022,clip_033,1,listen,,0.3997,2134277.0,raspberry_pi_seeed_gsr,"2134277,0.3997"
2026-05-31T15:41:00.875,test89,self_20260531_154022,clip_033,1,listen,,0.3884,2134298.0,raspberry_pi_seeed_gsr,"2134298,0.3884"
2026-05-31T15:41:00.877,test89,self_20260531_154022,clip_033,1,listen,,0.3972,2134319.0,raspberry_pi_seeed_gsr,"2134319,0.3972"
2026-05-31T15:41:00.898,test89,self_20260531_154022,clip_033,1,listen,,0.3924,2134340.0,raspberry_pi_seeed_gsr,"2134340,0.3924"
2026-05-31T15:41:00.919,test89,self_20260531_154022,clip_033,1,listen,,0.3924,2134361.0,raspberry_pi_seeed_gsr,"2134361,0.3924"
2026-05-31T15:41:00.940,test89,self_20260531_154022,clip_033,1,listen,,0.3908,2134382.0,raspberry_pi_seeed_gsr,"2134382,0.3908"
2026-05-31T15:41:00.961,test89,self_20260531_154022,clip_033,1,listen,,0.3932,2134403.0,raspberry_pi_seeed_gsr,"2134403,0.3932"
2026-05-31T15:41:00.982,test89,self_20260531_154022,clip_033,1,listen,,0.3908,2134424.0,raspberry_pi_seeed_gsr,"2134424,0.3908"
2026-05-31T15:41:01.003,test89,self_20260531_154022,clip_033,1,listen,,0.3852,2134445.0,raspberry_pi_seeed_gsr,"2134445,0.3852"
2026-05-31T15:41:01.024,test89,self_20260531_154022,clip_033,1,listen,,0.39,2134466.0,raspberry_pi_seeed_gsr,"2134466,0.3900"
2026-05-31T15:41:01.045,test89,self_20260531_154022,clip_033,1,listen,,0.3844,2134487.0,raspberry_pi_seeed_gsr,"2134487,0.3844"
2026-05-31T15:41:01.066,test89,self_20260531_154022,clip_033,1,listen,,0.3836,2134508.0,raspberry_pi_seeed_gsr,"2134508,0.3836"
2026-05-31T15:41:01.087,test89,self_20260531_154022,clip_033,1,listen,,0.3868,2134529.0,raspberry_pi_seeed_gsr,"2134529,0.3868"
2026-05-31T15:41:01.132,test89,self_20260531_154022,clip_033,1,listen,,0.3844,2134550.0,raspberry_pi_seeed_gsr,"2134550,0.3844"
2026-05-31T15:41:01.133,test89,self_20260531_154022,clip_033,1,listen,,0.3876,2134571.0,raspberry_pi_seeed_gsr,"2134571,0.3876"
2026-05-31T15:41:01.150,test89,self_20260531_154022,clip_033,1,listen,,0.3836,2134592.0,raspberry_pi_seeed_gsr,"2134592,0.3836"
2026-05-31T15:41:01.171,test89,self_20260531_154022,clip_033,1,listen,,0.3844,2134613.0,raspberry_pi_seeed_gsr,"2134613,0.3844"
2026-05-31T15:41:01.192,test89,self_20260531_154022,clip_033,1,listen,,0.3836,2134634.0,raspberry_pi_seeed_gsr,"2134634,0.3836"
2026-05-31T15:41:01.213,test89,self_20260531_154022,clip_033,1,listen,,0.3836,2134655.0,raspberry_pi_seeed_gsr,"2134655,0.3836"
2026-05-31T15:41:01.234,test89,self_20260531_154022,clip_033,1,listen,,0.3827,2134676.0,raspberry_pi_seeed_gsr,"2134676,0.3827"
2026-05-31T15:41:01.255,test89,self_20260531_154022,clip_033,1,listen,,0.3836,2134697.0,raspberry_pi_seeed_gsr,"2134697,0.3836"
2026-05-31T15:41:01.276,test89,self_20260531_154022,clip_033,1,listen,,0.3787,2134718.0,raspberry_pi_seeed_gsr,"2134718,0.3787"
2026-05-31T15:41:01.297,test89,self_20260531_154022,clip_033,1,listen,,0.3819,2134739.0,raspberry_pi_seeed_gsr,"2134739,0.3819"
2026-05-31T15:41:01.318,test89,self_20260531_154022,clip_033,1,listen,,0.3844,2134760.0,raspberry_pi_seeed_gsr,"2134760,0.3844"
2026-05-31T15:41:01.339,test89,self_20260531_154022,clip_033,1,listen,,0.3852,2134781.0,raspberry_pi_seeed_gsr,"2134781,0.3852"
2026-05-31T15:41:01.373,test89,self_20260531_154022,clip_033,1,listen,,0.3803,2134802.0,raspberry_pi_seeed_gsr,"2134802,0.3803"
2026-05-31T15:41:01.381,test89,self_20260531_154022,clip_033,1,listen,,0.3836,2134823.0,raspberry_pi_seeed_gsr,"2134823,0.3836"
2026-05-31T15:41:01.402,test89,self_20260531_154022,clip_033,1,listen,,0.3811,2134844.0,raspberry_pi_seeed_gsr,"2134844,0.3811"
2026-05-31T15:41:01.423,test89,self_20260531_154022,clip_033,1,listen,,0.3803,2134865.0,raspberry_pi_seeed_gsr,"2134865,0.3803"
2026-05-31T15:41:01.444,test89,self_20260531_154022,clip_033,1,listen,,0.3844,2134886.0,raspberry_pi_seeed_gsr,"2134886,0.3844"
2026-05-31T15:41:01.465,test89,self_20260531_154022,clip_033,1,listen,,0.3803,2134907.0,raspberry_pi_seeed_gsr,"2134907,0.3803"
2026-05-31T15:41:01.486,test89,self_20260531_154022,clip_033,1,listen,,0.3771,2134928.0,raspberry_pi_seeed_gsr,"2134928,0.3771"
2026-05-31T15:41:01.507,test89,self_20260531_154022,clip_033,1,listen,,0.3779,2134949.0,raspberry_pi_seeed_gsr,"2134949,0.3779"
2026-05-31T15:41:01.528,test89,self_20260531_154022,clip_033,1,listen,,0.3876,2134970.0,raspberry_pi_seeed_gsr,"2134970,0.3876"
2026-05-31T15:41:01.549,test89,self_20260531_154022,clip_033,1,listen,,0.3803,2134991.0,raspberry_pi_seeed_gsr,"2134991,0.3803"
2026-05-31T15:41:01.570,test89,self_20260531_154022,clip_033,1,listen,,0.3811,2135012.0,raspberry_pi_seeed_gsr,"2135012,0.3811"
2026-05-31T15:41:01.591,test89,self_20260531_154022,clip_033,1,listen,,0.3811,2135033.0,raspberry_pi_seeed_gsr,"2135033,0.3811"
2026-05-31T15:41:01.619,test89,self_20260531_154022,clip_033,1,listen,,0.3811,2135054.0,raspberry_pi_seeed_gsr,"2135054,0.3811"
2026-05-31T15:41:01.633,test89,self_20260531_154022,clip_033,1,listen,,0.3795,2135075.0,raspberry_pi_seeed_gsr,"2135075,0.3795"
2026-05-31T15:41:01.654,test89,self_20260531_154022,clip_033,1,listen,,0.3779,2135096.0,raspberry_pi_seeed_gsr,"2135096,0.3779"
2026-05-31T15:41:01.675,test89,self_20260531_154022,clip_033,1,listen,,0.3811,2135117.0,raspberry_pi_seeed_gsr,"2135117,0.3811"
2026-05-31T15:41:01.696,test89,self_20260531_154022,clip_033,1,listen,,0.3844,2135138.0,raspberry_pi_seeed_gsr,"2135138,0.3844"
2026-05-31T15:41:01.717,test89,self_20260531_154022,clip_033,1,listen,,0.3787,2135159.0,raspberry_pi_seeed_gsr,"2135159,0.3787"
2026-05-31T15:41:01.738,test89,self_20260531_154022,clip_033,1,listen,,0.3779,2135180.0,raspberry_pi_seeed_gsr,"2135180,0.3779"
2026-05-31T15:41:01.759,test89,self_20260531_154022,clip_033,1,listen,,0.3755,2135201.0,raspberry_pi_seeed_gsr,"2135201,0.3755"
2026-05-31T15:41:01.780,test89,self_20260531_154022,clip_033,1,listen,,0.3787,2135222.0,raspberry_pi_seeed_gsr,"2135222,0.3787"
2026-05-31T15:41:01.801,test89,self_20260531_154022,clip_033,1,listen,,0.3739,2135243.0,raspberry_pi_seeed_gsr,"2135243,0.3739"
2026-05-31T15:41:01.822,test89,self_20260531_154022,clip_033,1,listen,,0.3771,2135264.0,raspberry_pi_seeed_gsr,"2135264,0.3771"
2026-05-31T15:41:01.843,test89,self_20260531_154022,clip_033,1,listen,,0.3779,2135285.0,raspberry_pi_seeed_gsr,"2135285,0.3779"
2026-05-31T15:41:01.890,test89,self_20260531_154022,clip_033,1,listen,,0.365,2135306.0,raspberry_pi_seeed_gsr,"2135306,0.3650"
2026-05-31T15:41:01.892,test89,self_20260531_154022,clip_033,1,listen,,0.3739,2135327.0,raspberry_pi_seeed_gsr,"2135327,0.3739"
2026-05-31T15:41:01.906,test89,self_20260531_154022,clip_033,1,listen,,0.3747,2135348.0,raspberry_pi_seeed_gsr,"2135348,0.3747"
2026-05-31T15:41:01.927,test89,self_20260531_154022,clip_033,1,listen,,0.3771,2135369.0,raspberry_pi_seeed_gsr,"2135369,0.3771"
2026-05-31T15:41:01.948,test89,self_20260531_154022,clip_033,1,listen,,0.3779,2135390.0,raspberry_pi_seeed_gsr,"2135390,0.3779"
2026-05-31T15:41:01.969,test89,self_20260531_154022,clip_033,1,listen,,0.3715,2135411.0,raspberry_pi_seeed_gsr,"2135411,0.3715"
2026-05-31T15:41:01.990,test89,self_20260531_154022,clip_033,1,listen,,0.3763,2135432.0,raspberry_pi_seeed_gsr,"2135432,0.3763"
2026-05-31T15:41:02.011,test89,self_20260531_154022,clip_033,1,listen,,0.3747,2135453.0,raspberry_pi_seeed_gsr,"2135453,0.3747"
2026-05-31T15:41:02.032,test89,self_20260531_154022,clip_033,1,listen,,0.3747,2135474.0,raspberry_pi_seeed_gsr,"2135474,0.3747"
2026-05-31T15:41:02.053,test89,self_20260531_154022,clip_033,1,listen,,0.3787,2135495.0,raspberry_pi_seeed_gsr,"2135495,0.3787"
2026-05-31T15:41:02.074,test89,self_20260531_154022,clip_033,1,listen,,0.3787,2135516.0,raspberry_pi_seeed_gsr,"2135516,0.3787"
2026-05-31T15:41:02.095,test89,self_20260531_154022,clip_033,1,listen,,0.3763,2135537.0,raspberry_pi_seeed_gsr,"2135537,0.3763"
2026-05-31T15:41:02.130,test89,self_20260531_154022,clip_033,1,listen,,0.3779,2135558.0,raspberry_pi_seeed_gsr,"2135558,0.3779"
2026-05-31T15:41:02.137,test89,self_20260531_154022,clip_033,1,listen,,0.3787,2135579.0,raspberry_pi_seeed_gsr,"2135579,0.3787"
2026-05-31T15:41:02.158,test89,self_20260531_154022,clip_033,1,listen,,0.3779,2135600.0,raspberry_pi_seeed_gsr,"2135600,0.3779"
2026-05-31T15:41:02.179,test89,self_20260531_154022,clip_033,1,listen,,0.3779,2135621.0,raspberry_pi_seeed_gsr,"2135621,0.3779"
2026-05-31T15:41:02.200,test89,self_20260531_154022,clip_033,1,listen,,0.3779,2135642.0,raspberry_pi_seeed_gsr,"2135642,0.3779"
2026-05-31T15:41:02.221,test89,self_20260531_154022,clip_033,1,listen,,0.3779,2135663.0,raspberry_pi_seeed_gsr,"2135663,0.3779"
2026-05-31T15:41:02.242,test89,self_20260531_154022,clip_033,1,listen,,0.3836,2135684.0,raspberry_pi_seeed_gsr,"2135684,0.3836"
2026-05-31T15:41:02.263,test89,self_20260531_154022,clip_033,1,listen,,0.3787,2135705.0,raspberry_pi_seeed_gsr,"2135705,0.3787"
2026-05-31T15:41:02.284,test89,self_20260531_154022,clip_033,1,listen,,0.3827,2135726.0,raspberry_pi_seeed_gsr,"2135726,0.3827"
2026-05-31T15:41:02.305,test89,self_20260531_154022,clip_033,1,listen,,0.3779,2135747.0,raspberry_pi_seeed_gsr,"2135747,0.3779"
2026-05-31T15:41:02.326,test89,self_20260531_154022,clip_033,1,listen,,0.3682,2135768.0,raspberry_pi_seeed_gsr,"2135768,0.3682"
2026-05-31T15:41:02.348,test89,self_20260531_154022,clip_033,1,listen,,0.3771,2135789.0,raspberry_pi_seeed_gsr,"2135789,0.3771"
2026-05-31T15:41:02.393,test89,self_20260531_154022,clip_033,1,listen,,0.3779,2135810.0,raspberry_pi_seeed_gsr,"2135810,0.3779"
2026-05-31T15:41:02.394,test89,self_20260531_154022,clip_033,1,listen,,0.3787,2135831.0,raspberry_pi_seeed_gsr,"2135831,0.3787"
2026-05-31T15:41:02.410,test89,self_20260531_154022,clip_033,1,listen,,0.3803,2135852.0,raspberry_pi_seeed_gsr,"2135852,0.3803"
2026-05-31T15:41:02.431,test89,self_20260531_154022,clip_033,1,listen,,0.3819,2135873.0,raspberry_pi_seeed_gsr,"2135873,0.3819"
2026-05-31T15:41:02.452,test89,self_20260531_154022,clip_033,1,listen,,0.3755,2135894.0,raspberry_pi_seeed_gsr,"2135894,0.3755"
2026-05-31T15:41:02.473,test89,self_20260531_154022,clip_033,1,listen,,0.3779,2135915.0,raspberry_pi_seeed_gsr,"2135915,0.3779"
2026-05-31T15:41:02.495,test89,self_20260531_154022,clip_033,1,listen,,0.3811,2135936.0,raspberry_pi_seeed_gsr,"2135936,0.3811"
2026-05-31T15:41:02.515,test89,self_20260531_154022,clip_033,1,listen,,0.3811,2135957.0,raspberry_pi_seeed_gsr,"2135957,0.3811"
2026-05-31T15:41:02.536,test89,self_20260531_154022,clip_033,1,listen,,0.3755,2135978.0,raspberry_pi_seeed_gsr,"2135978,0.3755"
2026-05-31T15:41:02.557,test89,self_20260531_154022,clip_033,1,listen,,0.3715,2135999.0,raspberry_pi_seeed_gsr,"2135999,0.3715"
2026-05-31T15:41:02.578,test89,self_20260531_154022,clip_033,1,listen,,0.3787,2136020.0,raspberry_pi_seeed_gsr,"2136020,0.3787"
2026-05-31T15:41:02.599,test89,self_20260531_154022,clip_033,1,listen,,0.3763,2136041.0,raspberry_pi_seeed_gsr,"2136041,0.3763"
2026-05-31T15:41:02.620,test89,self_20260531_154022,clip_033,1,listen,,0.3811,2136062.0,raspberry_pi_seeed_gsr,"2136062,0.3811"
2026-05-31T15:41:02.650,test89,self_20260531_154022,clip_033,1,listen,,0.3844,2136083.0,raspberry_pi_seeed_gsr,"2136083,0.3844"
2026-05-31T15:41:02.662,test89,self_20260531_154022,clip_033,1,listen,,0.3787,2136104.0,raspberry_pi_seeed_gsr,"2136104,0.3787"
2026-05-31T15:41:02.683,test89,self_20260531_154022,clip_033,1,listen,,0.3779,2136125.0,raspberry_pi_seeed_gsr,"2136125,0.3779"
2026-05-31T15:41:02.704,test89,self_20260531_154022,clip_033,1,listen,,0.3787,2136146.0,raspberry_pi_seeed_gsr,"2136146,0.3787"
2026-05-31T15:41:02.725,test89,self_20260531_154022,clip_033,1,listen,,0.3755,2136167.0,raspberry_pi_seeed_gsr,"2136167,0.3755"
2026-05-31T15:41:02.746,test89,self_20260531_154022,clip_033,1,listen,,0.3779,2136188.0,raspberry_pi_seeed_gsr,"2136188,0.3779"
2026-05-31T15:41:02.767,test89,self_20260531_154022,clip_033,1,listen,,0.3811,2136209.0,raspberry_pi_seeed_gsr,"2136209,0.3811"
2026-05-31T15:41:02.788,test89,self_20260531_154022,clip_033,1,listen,,0.3755,2136230.0,raspberry_pi_seeed_gsr,"2136230,0.3755"
2026-05-31T15:41:02.809,test89,self_20260531_154022,clip_033,1,listen,,0.3787,2136251.0,raspberry_pi_seeed_gsr,"2136251,0.3787"
2026-05-31T15:41:02.831,test89,self_20260531_154022,clip_033,1,listen,,0.3836,2136272.0,raspberry_pi_seeed_gsr,"2136272,0.3836"
2026-05-31T15:41:02.851,test89,self_20260531_154022,clip_033,1,listen,,0.3755,2136293.0,raspberry_pi_seeed_gsr,"2136293,0.3755"
2026-05-31T15:41:02.873,test89,self_20260531_154022,clip_033,1,listen,,0.3755,2136314.0,raspberry_pi_seeed_gsr,"2136314,0.3755"
2026-05-31T15:41:02.920,test89,self_20260531_154022,clip_033,1,listen,,0.3682,2136335.0,raspberry_pi_seeed_gsr,"2136335,0.3682"
2026-05-31T15:41:02.922,test89,self_20260531_154022,clip_033,1,listen,,0.3803,2136356.0,raspberry_pi_seeed_gsr,"2136356,0.3803"
2026-05-31T15:41:02.935,test89,self_20260531_154022,clip_033,1,listen,,0.3779,2136377.0,raspberry_pi_seeed_gsr,"2136377,0.3779"
2026-05-31T15:41:02.956,test89,self_20260531_154022,clip_033,1,listen,,0.3771,2136398.0,raspberry_pi_seeed_gsr,"2136398,0.3771"
2026-05-31T15:41:02.977,test89,self_20260531_154022,clip_033,1,listen,,0.3811,2136419.0,raspberry_pi_seeed_gsr,"2136419,0.3811"
2026-05-31T15:41:02.998,test89,self_20260531_154022,clip_033,1,listen,,0.3836,2136440.0,raspberry_pi_seeed_gsr,"2136440,0.3836"
2026-05-31T15:41:03.019,test89,self_20260531_154022,clip_033,1,listen,,0.3771,2136461.0,raspberry_pi_seeed_gsr,"2136461,0.3771"
2026-05-31T15:41:03.040,test89,self_20260531_154022,clip_033,1,listen,,0.3779,2136482.0,raspberry_pi_seeed_gsr,"2136482,0.3779"
2026-05-31T15:41:03.061,test89,self_20260531_154022,clip_033,1,listen,,0.3771,2136503.0,raspberry_pi_seeed_gsr,"2136503,0.3771"
2026-05-31T15:41:03.082,test89,self_20260531_154022,clip_033,1,listen,,0.3739,2136524.0,raspberry_pi_seeed_gsr,"2136524,0.3739"
2026-05-31T15:41:03.103,test89,self_20260531_154022,clip_033,1,listen,,0.3747,2136545.0,raspberry_pi_seeed_gsr,"2136545,0.3747"
2026-05-31T15:41:03.124,test89,self_20260531_154022,clip_033,1,listen,,0.3747,2136566.0,raspberry_pi_seeed_gsr,"2136566,0.3747"
2026-05-31T15:41:03.145,test89,self_20260531_154022,clip_033,1,listen,,0.3763,2136587.0,raspberry_pi_seeed_gsr,"2136587,0.3763"
2026-05-31T15:41:03.178,test89,self_20260531_154022,clip_033,1,listen,,0.3819,2136608.0,raspberry_pi_seeed_gsr,"2136608,0.3819"
2026-05-31T15:41:03.187,test89,self_20260531_154022,clip_033,1,listen,,0.3755,2136629.0,raspberry_pi_seeed_gsr,"2136629,0.3755"
2026-05-31T15:41:03.208,test89,self_20260531_154022,clip_033,1,listen,,0.3779,2136650.0,raspberry_pi_seeed_gsr,"2136650,0.3779"
2026-05-31T15:41:03.229,test89,self_20260531_154022,clip_033,1,listen,,0.3771,2136671.0,raspberry_pi_seeed_gsr,"2136671,0.3771"
2026-05-31T15:41:03.250,test89,self_20260531_154022,clip_033,1,listen,,0.3755,2136692.0,raspberry_pi_seeed_gsr,"2136692,0.3755"
2026-05-31T15:41:03.271,test89,self_20260531_154022,clip_033,1,listen,,0.3755,2136713.0,raspberry_pi_seeed_gsr,"2136713,0.3755"
2026-05-31T15:41:03.292,test89,self_20260531_154022,clip_033,1,listen,,0.3844,2136734.0,raspberry_pi_seeed_gsr,"2136734,0.3844"
2026-05-31T15:41:03.313,test89,self_20260531_154022,clip_033,1,listen,,0.3771,2136755.0,raspberry_pi_seeed_gsr,"2136755,0.3771"
2026-05-31T15:41:03.334,test89,self_20260531_154022,clip_033,1,listen,,0.3771,2136776.0,raspberry_pi_seeed_gsr,"2136776,0.3771"
2026-05-31T15:41:03.355,test89,self_20260531_154022,clip_033,1,listen,,0.3803,2136797.0,raspberry_pi_seeed_gsr,"2136797,0.3803"
2026-05-31T15:41:03.376,test89,self_20260531_154022,clip_033,1,listen,,0.3779,2136818.0,raspberry_pi_seeed_gsr,"2136818,0.3779"
2026-05-31T15:41:03.397,test89,self_20260531_154022,clip_033,1,listen,,0.3779,2136839.0,raspberry_pi_seeed_gsr,"2136839,0.3779"
2026-05-31T15:41:03.420,test89,self_20260531_154022,clip_033,1,listen,,0.3836,2136860.0,raspberry_pi_seeed_gsr,"2136860,0.3836"
2026-05-31T15:41:03.439,test89,self_20260531_154022,clip_033,1,listen,,0.3779,2136881.0,raspberry_pi_seeed_gsr,"2136881,0.3779"
2026-05-31T15:41:03.460,test89,self_20260531_154022,clip_033,1,listen,,0.3771,2136902.0,raspberry_pi_seeed_gsr,"2136902,0.3771"
2026-05-31T15:41:03.481,test89,self_20260531_154022,clip_033,1,listen,,0.3779,2136923.0,raspberry_pi_seeed_gsr,"2136923,0.3779"
2026-05-31T15:41:03.502,test89,self_20260531_154022,clip_033,1,listen,,0.3803,2136944.0,raspberry_pi_seeed_gsr,"2136944,0.3803"
2026-05-31T15:41:03.523,test89,self_20260531_154022,clip_033,1,listen,,0.3819,2136965.0,raspberry_pi_seeed_gsr,"2136965,0.3819"
2026-05-31T15:41:03.544,test89,self_20260531_154022,clip_033,1,listen,,0.3779,2136986.0,raspberry_pi_seeed_gsr,"2136986,0.3779"
2026-05-31T15:41:03.565,test89,self_20260531_154022,clip_033,1,listen,,0.3763,2137007.0,raspberry_pi_seeed_gsr,"2137007,0.3763"
2026-05-31T15:41:03.586,test89,self_20260531_154022,clip_033,1,listen,,0.3787,2137028.0,raspberry_pi_seeed_gsr,"2137028,0.3787"
2026-05-31T15:41:03.607,test89,self_20260531_154022,clip_033,1,listen,,0.3779,2137049.0,raspberry_pi_seeed_gsr,"2137049,0.3779"
2026-05-31T15:41:03.628,test89,self_20260531_154022,clip_033,1,listen,,0.3787,2137070.0,raspberry_pi_seeed_gsr,"2137070,0.3787"
2026-05-31T15:41:03.649,test89,self_20260531_154022,clip_033,1,listen,,0.3787,2137091.0,raspberry_pi_seeed_gsr,"2137091,0.3787"
2026-05-31T15:41:03.673,test89,self_20260531_154022,clip_033,1,listen,,0.3787,2137112.0,raspberry_pi_seeed_gsr,"2137112,0.3787"
2026-05-31T15:41:03.691,test89,self_20260531_154022,clip_033,1,listen,,0.3771,2137133.0,raspberry_pi_seeed_gsr,"2137133,0.3771"
2026-05-31T15:41:03.712,test89,self_20260531_154022,clip_033,1,listen,,0.3787,2137154.0,raspberry_pi_seeed_gsr,"2137154,0.3787"
2026-05-31T15:41:03.733,test89,self_20260531_154022,clip_033,1,listen,,0.3787,2137175.0,raspberry_pi_seeed_gsr,"2137175,0.3787"
2026-05-31T15:41:03.754,test89,self_20260531_154022,clip_033,1,listen,,0.3779,2137196.0,raspberry_pi_seeed_gsr,"2137196,0.3779"
2026-05-31T15:41:03.775,test89,self_20260531_154022,clip_033,1,listen,,0.3787,2137217.0,raspberry_pi_seeed_gsr,"2137217,0.3787"
2026-05-31T15:41:03.796,test89,self_20260531_154022,clip_033,1,listen,,0.3819,2137238.0,raspberry_pi_seeed_gsr,"2137238,0.3819"
2026-05-31T15:41:03.817,test89,self_20260531_154022,clip_033,1,listen,,0.3787,2137259.0,raspberry_pi_seeed_gsr,"2137259,0.3787"
2026-05-31T15:41:03.838,test89,self_20260531_154022,clip_033,1,listen,,0.3779,2137280.0,raspberry_pi_seeed_gsr,"2137280,0.3779"
2026-05-31T15:41:03.859,test89,self_20260531_154022,clip_033,1,listen,,0.3779,2137301.0,raspberry_pi_seeed_gsr,"2137301,0.3779"
2026-05-31T15:41:03.880,test89,self_20260531_154022,clip_033,1,listen,,0.3771,2137322.0,raspberry_pi_seeed_gsr,"2137322,0.3771"
2026-05-31T15:41:03.901,test89,self_20260531_154022,clip_033,1,listen,,0.3529,2137343.0,raspberry_pi_seeed_gsr,"2137343,0.3529"
2026-05-31T15:41:03.942,test89,self_20260531_154022,clip_033,1,listen,,0.3779,2137364.0,raspberry_pi_seeed_gsr,"2137364,0.3779"
2026-05-31T15:41:03.944,test89,self_20260531_154022,clip_033,1,listen,,0.3779,2137385.0,raspberry_pi_seeed_gsr,"2137385,0.3779"
2026-05-31T15:41:03.964,test89,self_20260531_154022,clip_033,1,listen,,0.3763,2137406.0,raspberry_pi_seeed_gsr,"2137406,0.3763"
2026-05-31T15:41:03.985,test89,self_20260531_154022,clip_033,1,listen,,0.3779,2137427.0,raspberry_pi_seeed_gsr,"2137427,0.3779"
2026-05-31T15:41:04.006,test89,self_20260531_154022,clip_033,1,listen,,0.3763,2137448.0,raspberry_pi_seeed_gsr,"2137448,0.3763"
2026-05-31T15:41:04.027,test89,self_20260531_154022,clip_033,1,listen,,0.3787,2137469.0,raspberry_pi_seeed_gsr,"2137469,0.3787"
2026-05-31T15:41:04.048,test89,self_20260531_154022,clip_033,1,listen,,0.3771,2137490.0,raspberry_pi_seeed_gsr,"2137490,0.3771"
2026-05-31T15:41:04.069,test89,self_20260531_154022,clip_033,1,listen,,0.3779,2137511.0,raspberry_pi_seeed_gsr,"2137511,0.3779"
2026-05-31T15:41:04.090,test89,self_20260531_154022,clip_033,1,listen,,0.3682,2137532.0,raspberry_pi_seeed_gsr,"2137532,0.3682"
2026-05-31T15:41:04.111,test89,self_20260531_154022,clip_033,1,listen,,0.3763,2137553.0,raspberry_pi_seeed_gsr,"2137553,0.3763"
2026-05-31T15:41:04.132,test89,self_20260531_154022,clip_033,1,listen,,0.3779,2137574.0,raspberry_pi_seeed_gsr,"2137574,0.3779"
2026-05-31T15:41:04.153,test89,self_20260531_154022,clip_033,1,listen,,0.3803,2137595.0,raspberry_pi_seeed_gsr,"2137595,0.3803"
2026-05-31T15:41:04.179,test89,self_20260531_154022,clip_033,1,listen,,0.3803,2137616.0,raspberry_pi_seeed_gsr,"2137616,0.3803"
2026-05-31T15:41:04.195,test89,self_20260531_154022,clip_033,1,listen,,0.3715,2137637.0,raspberry_pi_seeed_gsr,"2137637,0.3715"
2026-05-31T15:41:04.216,test89,self_20260531_154022,clip_033,1,listen,,0.3827,2137658.0,raspberry_pi_seeed_gsr,"2137658,0.3827"
2026-05-31T15:41:04.237,test89,self_20260531_154022,clip_033,1,listen,,0.3803,2137679.0,raspberry_pi_seeed_gsr,"2137679,0.3803"
2026-05-31T15:41:04.258,test89,self_20260531_154022,clip_033,1,listen,,0.3787,2137700.0,raspberry_pi_seeed_gsr,"2137700,0.3787"
2026-05-31T15:41:04.279,test89,self_20260531_154022,clip_033,1,listen,,0.3811,2137721.0,raspberry_pi_seeed_gsr,"2137721,0.3811"
2026-05-31T15:41:04.300,test89,self_20260531_154022,clip_033,1,listen,,0.3803,2137742.0,raspberry_pi_seeed_gsr,"2137742,0.3803"
2026-05-31T15:41:04.321,test89,self_20260531_154022,clip_033,1,listen,,0.3811,2137763.0,raspberry_pi_seeed_gsr,"2137763,0.3811"
2026-05-31T15:41:04.342,test89,self_20260531_154022,clip_033,1,listen,,0.3819,2137784.0,raspberry_pi_seeed_gsr,"2137784,0.3819"
2026-05-31T15:41:04.363,test89,self_20260531_154022,clip_033,1,listen,,0.3819,2137805.0,raspberry_pi_seeed_gsr,"2137805,0.3819"
2026-05-31T15:41:04.384,test89,self_20260531_154022,clip_033,1,listen,,0.3811,2137826.0,raspberry_pi_seeed_gsr,"2137826,0.3811"
2026-05-31T15:41:04.405,test89,self_20260531_154022,clip_033,1,listen,,0.3827,2137847.0,raspberry_pi_seeed_gsr,"2137847,0.3827"
2026-05-31T15:41:04.433,test89,self_20260531_154022,clip_033,1,listen,,0.3827,2137868.0,raspberry_pi_seeed_gsr,"2137868,0.3827"
2026-05-31T15:41:04.447,test89,self_20260531_154022,clip_033,1,listen,,0.3844,2137889.0,raspberry_pi_seeed_gsr,"2137889,0.3844"
2026-05-31T15:41:04.468,test89,self_20260531_154022,clip_033,1,listen,,0.3819,2137910.0,raspberry_pi_seeed_gsr,"2137910,0.3819"
2026-05-31T15:41:04.489,test89,self_20260531_154022,clip_033,1,listen,,0.3836,2137931.0,raspberry_pi_seeed_gsr,"2137931,0.3836"
2026-05-31T15:41:04.510,test89,self_20260531_154022,clip_033,1,listen,,0.3852,2137952.0,raspberry_pi_seeed_gsr,"2137952,0.3852"
2026-05-31T15:41:04.532,test89,self_20260531_154022,clip_033,1,listen,,0.3803,2137973.0,raspberry_pi_seeed_gsr,"2137973,0.3803"
2026-05-31T15:41:04.552,test89,self_20260531_154022,clip_033,1,listen,,0.3836,2137994.0,raspberry_pi_seeed_gsr,"2137994,0.3836"
2026-05-31T15:41:04.573,test89,self_20260531_154022,clip_033,1,listen,,0.3844,2138015.0,raspberry_pi_seeed_gsr,"2138015,0.3844"
2026-05-31T15:41:04.594,test89,self_20260531_154022,clip_033,1,listen,,0.3755,2138036.0,raspberry_pi_seeed_gsr,"2138036,0.3755"
2026-05-31T15:41:04.615,test89,self_20260531_154022,clip_033,1,listen,,0.3844,2138057.0,raspberry_pi_seeed_gsr,"2138057,0.3844"
2026-05-31T15:41:04.636,test89,self_20260531_154022,clip_033,1,listen,,0.3868,2138078.0,raspberry_pi_seeed_gsr,"2138078,0.3868"
2026-05-31T15:41:04.657,test89,self_20260531_154022,clip_033,1,listen,,0.3868,2138099.0,raspberry_pi_seeed_gsr,"2138099,0.3868"
2026-05-31T15:41:04.681,test89,self_20260531_154022,clip_033,1,listen,,0.3852,2138120.0,raspberry_pi_seeed_gsr,"2138120,0.3852"
2026-05-31T15:41:04.699,test89,self_20260531_154022,clip_033,1,listen,,0.3747,2138141.0,raspberry_pi_seeed_gsr,"2138141,0.3747"
2026-05-31T15:41:04.720,test89,self_20260531_154022,clip_033,1,listen,,0.3876,2138162.0,raspberry_pi_seeed_gsr,"2138162,0.3876"
2026-05-31T15:41:04.741,test89,self_20260531_154022,clip_033,1,listen,,0.3876,2138183.0,raspberry_pi_seeed_gsr,"2138183,0.3876"
2026-05-31T15:41:04.762,test89,self_20260531_154022,clip_033,1,listen,,0.3876,2138204.0,raspberry_pi_seeed_gsr,"2138204,0.3876"
2026-05-31T15:41:04.783,test89,self_20260531_154022,clip_033,1,listen,,0.3844,2138225.0,raspberry_pi_seeed_gsr,"2138225,0.3844"
2026-05-31T15:41:04.804,test89,self_20260531_154022,clip_033,1,listen,,0.3868,2138246.0,raspberry_pi_seeed_gsr,"2138246,0.3868"
2026-05-31T15:41:04.825,test89,self_20260531_154022,clip_033,1,listen,,0.3868,2138267.0,raspberry_pi_seeed_gsr,"2138267,0.3868"
2026-05-31T15:41:04.846,test89,self_20260531_154022,clip_033,1,listen,,0.3892,2138288.0,raspberry_pi_seeed_gsr,"2138288,0.3892"
2026-05-31T15:41:04.867,test89,self_20260531_154022,clip_033,1,listen,,0.39,2138309.0,raspberry_pi_seeed_gsr,"2138309,0.3900"
2026-05-31T15:41:04.888,test89,self_20260531_154022,clip_033,1,listen,,0.3908,2138330.0,raspberry_pi_seeed_gsr,"2138330,0.3908"
2026-05-31T15:41:04.910,test89,self_20260531_154022,clip_033,1,listen,,0.3908,2138351.0,raspberry_pi_seeed_gsr,"2138351,0.3908"
2026-05-31T15:41:04.956,test89,self_20260531_154022,clip_033,1,listen,,0.3932,2138372.0,raspberry_pi_seeed_gsr,"2138372,0.3932"
2026-05-31T15:41:04.957,test89,self_20260531_154022,clip_033,1,listen,,0.3892,2138393.0,raspberry_pi_seeed_gsr,"2138393,0.3892"
2026-05-31T15:41:04.972,test89,self_20260531_154022,clip_033,1,listen,,0.3908,2138414.0,raspberry_pi_seeed_gsr,"2138414,0.3908"
2026-05-31T15:41:04.993,test89,self_20260531_154022,clip_033,1,listen,,0.39,2138435.0,raspberry_pi_seeed_gsr,"2138435,0.3900"
2026-05-31T15:41:05.014,test89,self_20260531_154022,clip_033,1,listen,,0.39,2138456.0,raspberry_pi_seeed_gsr,"2138456,0.3900"
2026-05-31T15:41:05.034,test89,self_20260531_154022,clip_033,1,listen,,0.3916,2138476.0,raspberry_pi_seeed_gsr,"2138476,0.3916"
2026-05-31T15:41:05.055,test89,self_20260531_154022,clip_033,1,listen,,0.3916,2138497.0,raspberry_pi_seeed_gsr,"2138497,0.3916"
2026-05-31T15:41:05.076,test89,self_20260531_154022,clip_033,1,listen,,0.394,2138518.0,raspberry_pi_seeed_gsr,"2138518,0.3940"
2026-05-31T15:41:05.097,test89,self_20260531_154022,clip_033,1,listen,,0.3932,2138539.0,raspberry_pi_seeed_gsr,"2138539,0.3932"
2026-05-31T15:41:05.118,test89,self_20260531_154022,clip_033,1,listen,,0.3908,2138560.0,raspberry_pi_seeed_gsr,"2138560,0.3908"
2026-05-31T15:41:05.139,test89,self_20260531_154022,clip_033,1,listen,,0.3908,2138581.0,raspberry_pi_seeed_gsr,"2138581,0.3908"
2026-05-31T15:41:05.160,test89,self_20260531_154022,clip_033,1,listen,,0.3916,2138602.0,raspberry_pi_seeed_gsr,"2138602,0.3916"
2026-05-31T15:41:05.202,test89,self_20260531_154022,clip_033,1,listen,,0.394,2138623.0,raspberry_pi_seeed_gsr,"2138623,0.3940"
2026-05-31T15:41:05.203,test89,self_20260531_154022,clip_033,1,listen,,0.3908,2138644.0,raspberry_pi_seeed_gsr,"2138644,0.3908"
2026-05-31T15:41:05.223,test89,self_20260531_154022,clip_033,1,listen,,0.3876,2138665.0,raspberry_pi_seeed_gsr,"2138665,0.3876"
2026-05-31T15:41:05.244,test89,self_20260531_154022,clip_033,1,listen,,0.39,2138686.0,raspberry_pi_seeed_gsr,"2138686,0.3900"
2026-05-31T15:41:05.265,test89,self_20260531_154022,clip_033,1,listen,,0.3852,2138707.0,raspberry_pi_seeed_gsr,"2138707,0.3852"
2026-05-31T15:41:05.286,test89,self_20260531_154022,clip_033,1,listen,,0.3844,2138728.0,raspberry_pi_seeed_gsr,"2138728,0.3844"
2026-05-31T15:41:05.307,test89,self_20260531_154022,clip_033,1,listen,,0.3964,2138749.0,raspberry_pi_seeed_gsr,"2138749,0.3964"
2026-05-31T15:41:05.328,test89,self_20260531_154022,clip_033,1,listen,,0.3852,2138770.0,raspberry_pi_seeed_gsr,"2138770,0.3852"
2026-05-31T15:41:05.349,test89,self_20260531_154022,clip_033,1,listen,,0.3884,2138791.0,raspberry_pi_seeed_gsr,"2138791,0.3884"
2026-05-31T15:41:05.370,test89,self_20260531_154022,clip_033,1,listen,,0.3852,2138812.0,raspberry_pi_seeed_gsr,"2138812,0.3852"
2026-05-31T15:41:05.391,test89,self_20260531_154022,clip_033,1,listen,,0.3868,2138833.0,raspberry_pi_seeed_gsr,"2138833,0.3868"
2026-05-31T15:41:05.412,test89,self_20260531_154022,clip_033,1,listen,,0.3908,2138854.0,raspberry_pi_seeed_gsr,"2138854,0.3908"
2026-05-31T15:41:05.458,test89,self_20260531_154022,clip_033,1,listen,,0.3916,2138875.0,raspberry_pi_seeed_gsr,"2138875,0.3916"
2026-05-31T15:41:05.459,test89,self_20260531_154022,clip_033,1,listen,,0.3884,2138896.0,raspberry_pi_seeed_gsr,"2138896,0.3884"
2026-05-31T15:41:05.475,test89,self_20260531_154022,clip_033,1,listen,,0.386,2138917.0,raspberry_pi_seeed_gsr,"2138917,0.3860"
2026-05-31T15:41:05.498,test89,self_20260531_154022,clip_033,1,listen,,0.3876,2138938.0,raspberry_pi_seeed_gsr,"2138938,0.3876"
2026-05-31T15:41:05.520,test89,self_20260531_154022,clip_033,1,listen,,0.386,2138959.0,raspberry_pi_seeed_gsr,"2138959,0.3860"
2026-05-31T15:41:05.538,test89,self_20260531_154022,clip_033,1,listen,,0.3884,2138980.0,raspberry_pi_seeed_gsr,"2138980,0.3884"
2026-05-31T15:41:05.559,test89,self_20260531_154022,clip_033,1,listen,,0.39,2139001.0,raspberry_pi_seeed_gsr,"2139001,0.3900"
2026-05-31T15:41:05.580,test89,self_20260531_154022,clip_033,1,listen,,0.39,2139022.0,raspberry_pi_seeed_gsr,"2139022,0.3900"
2026-05-31T15:41:05.601,test89,self_20260531_154022,clip_033,1,listen,,0.39,2139043.0,raspberry_pi_seeed_gsr,"2139043,0.3900"
2026-05-31T15:41:05.621,test89,self_20260531_154022,clip_033,1,listen,,0.3884,2139063.0,raspberry_pi_seeed_gsr,"2139063,0.3884"
2026-05-31T15:41:05.642,test89,self_20260531_154022,clip_033,1,listen,,0.39,2139084.0,raspberry_pi_seeed_gsr,"2139084,0.3900"
2026-05-31T15:41:05.663,test89,self_20260531_154022,clip_033,1,listen,,0.3884,2139105.0,raspberry_pi_seeed_gsr,"2139105,0.3884"
2026-05-31T15:41:05.684,test89,self_20260531_154022,clip_033,1,listen,,0.39,2139126.0,raspberry_pi_seeed_gsr,"2139126,0.3900"
2026-05-31T15:41:05.745,test89,self_20260531_154022,clip_033,1,listen,,0.3908,2139147.0,raspberry_pi_seeed_gsr,"2139147,0.3908"
2026-05-31T15:41:05.746,test89,self_20260531_154022,clip_033,1,listen,,0.3908,2139168.0,raspberry_pi_seeed_gsr,"2139168,0.3908"
2026-05-31T15:41:05.747,test89,self_20260531_154022,clip_033,1,listen,,0.3956,2139189.0,raspberry_pi_seeed_gsr,"2139189,0.3956"
2026-05-31T15:41:05.768,test89,self_20260531_154022,clip_033,1,listen,,0.3892,2139210.0,raspberry_pi_seeed_gsr,"2139210,0.3892"
2026-05-31T15:41:05.789,test89,self_20260531_154022,clip_033,1,listen,,0.3892,2139231.0,raspberry_pi_seeed_gsr,"2139231,0.3892"
2026-05-31T15:41:05.810,test89,self_20260531_154022,clip_033,1,listen,,0.39,2139252.0,raspberry_pi_seeed_gsr,"2139252,0.3900"
2026-05-31T15:41:05.831,test89,self_20260531_154022,clip_033,1,listen,,0.3876,2139273.0,raspberry_pi_seeed_gsr,"2139273,0.3876"
2026-05-31T15:41:05.852,test89,self_20260531_154022,clip_033,1,listen,,0.3908,2139294.0,raspberry_pi_seeed_gsr,"2139294,0.3908"
2026-05-31T15:41:05.873,test89,self_20260531_154022,clip_033,1,listen,,0.3932,2139315.0,raspberry_pi_seeed_gsr,"2139315,0.3932"
2026-05-31T15:41:05.894,test89,self_20260531_154022,clip_033,1,listen,,0.3884,2139336.0,raspberry_pi_seeed_gsr,"2139336,0.3884"
2026-05-31T15:41:05.915,test89,self_20260531_154022,clip_033,1,listen,,0.3916,2139357.0,raspberry_pi_seeed_gsr,"2139357,0.3916"
2026-05-31T15:41:05.936,test89,self_20260531_154022,clip_033,1,listen,,0.3948,2139378.0,raspberry_pi_seeed_gsr,"2139378,0.3948"
2026-05-31T15:41:05.977,test89,self_20260531_154022,clip_033,1,listen,,0.3932,2139399.0,raspberry_pi_seeed_gsr,"2139399,0.3932"
2026-05-31T15:41:05.979,test89,self_20260531_154022,clip_033,1,listen,,0.3916,2139420.0,raspberry_pi_seeed_gsr,"2139420,0.3916"
2026-05-31T15:41:05.999,test89,self_20260531_154022,clip_033,1,listen,,0.39,2139441.0,raspberry_pi_seeed_gsr,"2139441,0.3900"
2026-05-31T15:41:06.020,test89,self_20260531_154022,clip_033,1,listen,,0.3908,2139462.0,raspberry_pi_seeed_gsr,"2139462,0.3908"
2026-05-31T15:41:06.041,test89,self_20260531_154022,clip_033,1,listen,,0.3916,2139483.0,raspberry_pi_seeed_gsr,"2139483,0.3916"
2026-05-31T15:41:06.062,test89,self_20260531_154022,clip_033,1,listen,,0.3932,2139504.0,raspberry_pi_seeed_gsr,"2139504,0.3932"
2026-05-31T15:41:06.083,test89,self_20260531_154022,clip_033,1,listen,,0.3892,2139525.0,raspberry_pi_seeed_gsr,"2139525,0.3892"
2026-05-31T15:41:06.104,test89,self_20260531_154022,clip_033,1,listen,,0.3892,2139546.0,raspberry_pi_seeed_gsr,"2139546,0.3892"
2026-05-31T15:41:06.125,test89,self_20260531_154022,clip_033,1,listen,,0.3884,2139567.0,raspberry_pi_seeed_gsr,"2139567,0.3884"
2026-05-31T15:41:06.146,test89,self_20260531_154022,clip_033,1,listen,,0.3876,2139588.0,raspberry_pi_seeed_gsr,"2139588,0.3876"
2026-05-31T15:41:06.167,test89,self_20260531_154022,clip_033,1,listen,,0.39,2139609.0,raspberry_pi_seeed_gsr,"2139609,0.3900"
2026-05-31T15:41:06.188,test89,self_20260531_154022,clip_033,1,listen,,0.3932,2139630.0,raspberry_pi_seeed_gsr,"2139630,0.3932"
2026-05-31T15:41:06.233,test89,self_20260531_154022,clip_033,1,listen,,0.39,2139651.0,raspberry_pi_seeed_gsr,"2139651,0.3900"
2026-05-31T15:41:06.234,test89,self_20260531_154022,clip_033,1,listen,,0.3827,2139672.0,raspberry_pi_seeed_gsr,"2139672,0.3827"
2026-05-31T15:41:06.251,test89,self_20260531_154022,clip_033,1,listen,,0.3876,2139693.0,raspberry_pi_seeed_gsr,"2139693,0.3876"
2026-05-31T15:41:06.272,test89,self_20260531_154022,clip_033,1,listen,,0.3876,2139714.0,raspberry_pi_seeed_gsr,"2139714,0.3876"
2026-05-31T15:41:06.293,test89,self_20260531_154022,clip_033,1,listen,,0.3852,2139735.0,raspberry_pi_seeed_gsr,"2139735,0.3852"
2026-05-31T15:41:06.314,test89,self_20260531_154022,clip_033,1,listen,,0.3876,2139756.0,raspberry_pi_seeed_gsr,"2139756,0.3876"
2026-05-31T15:41:06.335,test89,self_20260531_154022,clip_033,1,listen,,0.3852,2139777.0,raspberry_pi_seeed_gsr,"2139777,0.3852"
2026-05-31T15:41:06.356,test89,self_20260531_154022,clip_033,1,listen,,0.3844,2139798.0,raspberry_pi_seeed_gsr,"2139798,0.3844"
2026-05-31T15:41:06.377,test89,self_20260531_154022,clip_033,1,listen,,0.3844,2139819.0,raspberry_pi_seeed_gsr,"2139819,0.3844"
2026-05-31T15:41:06.398,test89,self_20260531_154022,clip_033,1,listen,,0.3844,2139840.0,raspberry_pi_seeed_gsr,"2139840,0.3844"
2026-05-31T15:41:06.419,test89,self_20260531_154022,clip_033,1,listen,,0.3836,2139861.0,raspberry_pi_seeed_gsr,"2139861,0.3836"
2026-05-31T15:41:06.440,test89,self_20260531_154022,clip_033,1,listen,,0.3876,2139882.0,raspberry_pi_seeed_gsr,"2139882,0.3876"
2026-05-31T15:41:06.476,test89,self_20260531_154022,clip_033,1,listen,,0.3852,2139903.0,raspberry_pi_seeed_gsr,"2139903,0.3852"
2026-05-31T15:41:06.482,test89,self_20260531_154022,clip_033,1,listen,,0.3876,2139924.0,raspberry_pi_seeed_gsr,"2139924,0.3876"
2026-05-31T15:41:06.503,test89,self_20260531_154022,clip_033,1,listen,,0.3836,2139945.0,raspberry_pi_seeed_gsr,"2139945,0.3836"
2026-05-31T15:41:06.524,test89,self_20260531_154022,clip_033,1,listen,,0.3884,2139966.0,raspberry_pi_seeed_gsr,"2139966,0.3884"
2026-05-31T15:41:06.545,test89,self_20260531_154022,clip_033,1,listen,,0.3884,2139987.0,raspberry_pi_seeed_gsr,"2139987,0.3884"
2026-05-31T15:41:06.566,test89,self_20260531_154022,clip_033,1,listen,,0.3868,2140008.0,raspberry_pi_seeed_gsr,"2140008,0.3868"
2026-05-31T15:41:06.587,test89,self_20260531_154022,clip_033,1,listen,,0.3827,2140029.0,raspberry_pi_seeed_gsr,"2140029,0.3827"
2026-05-31T15:41:06.608,test89,self_20260531_154022,clip_033,1,listen,,0.3803,2140050.0,raspberry_pi_seeed_gsr,"2140050,0.3803"
2026-05-31T15:41:06.629,test89,self_20260531_154022,clip_033,1,listen,,0.3827,2140071.0,raspberry_pi_seeed_gsr,"2140071,0.3827"
2026-05-31T15:41:06.650,test89,self_20260531_154022,clip_033,1,listen,,0.3844,2140092.0,raspberry_pi_seeed_gsr,"2140092,0.3844"
2026-05-31T15:41:06.671,test89,self_20260531_154022,clip_033,1,listen,,0.3691,2140113.0,raspberry_pi_seeed_gsr,"2140113,0.3691"
2026-05-31T15:41:06.692,test89,self_20260531_154022,clip_033,1,listen,,0.3795,2140134.0,raspberry_pi_seeed_gsr,"2140134,0.3795"
2026-05-31T15:41:06.717,test89,self_20260531_154022,clip_033,1,listen,,0.3779,2140155.0,raspberry_pi_seeed_gsr,"2140155,0.3779"
2026-05-31T15:41:06.734,test89,self_20260531_154022,clip_033,1,listen,,0.3819,2140176.0,raspberry_pi_seeed_gsr,"2140176,0.3819"
2026-05-31T15:41:06.755,test89,self_20260531_154022,clip_033,1,listen,,0.3763,2140197.0,raspberry_pi_seeed_gsr,"2140197,0.3763"
2026-05-31T15:41:06.776,test89,self_20260531_154022,clip_033,1,listen,,0.3755,2140218.0,raspberry_pi_seeed_gsr,"2140218,0.3755"
2026-05-31T15:41:06.797,test89,self_20260531_154022,clip_033,1,listen,,0.3739,2140239.0,raspberry_pi_seeed_gsr,"2140239,0.3739"
2026-05-31T15:41:06.818,test89,self_20260531_154022,clip_033,1,listen,,0.3771,2140260.0,raspberry_pi_seeed_gsr,"2140260,0.3771"
2026-05-31T15:41:06.839,test89,self_20260531_154022,clip_033,1,listen,,0.3723,2140281.0,raspberry_pi_seeed_gsr,"2140281,0.3723"
2026-05-31T15:41:06.860,test89,self_20260531_154022,clip_033,1,listen,,0.3739,2140302.0,raspberry_pi_seeed_gsr,"2140302,0.3739"
2026-05-31T15:41:06.881,test89,self_20260531_154022,clip_033,1,listen,,0.3739,2140323.0,raspberry_pi_seeed_gsr,"2140323,0.3739"
2026-05-31T15:41:06.902,test89,self_20260531_154022,clip_033,1,listen,,0.3699,2140344.0,raspberry_pi_seeed_gsr,"2140344,0.3699"
2026-05-31T15:41:06.923,test89,self_20260531_154022,clip_033,1,listen,,0.3658,2140365.0,raspberry_pi_seeed_gsr,"2140365,0.3658"
2026-05-31T15:41:06.944,test89,self_20260531_154022,clip_033,1,listen,,0.3715,2140386.0,raspberry_pi_seeed_gsr,"2140386,0.3715"
2026-05-31T15:41:06.976,test89,self_20260531_154022,clip_033,1,listen,,0.3699,2140407.0,raspberry_pi_seeed_gsr,"2140407,0.3699"
2026-05-31T15:41:06.986,test89,self_20260531_154022,clip_033,1,listen,,0.3674,2140428.0,raspberry_pi_seeed_gsr,"2140428,0.3674"
2026-05-31T15:41:07.007,test89,self_20260531_154022,clip_033,1,listen,,0.3699,2140449.0,raspberry_pi_seeed_gsr,"2140449,0.3699"
2026-05-31T15:41:07.028,test89,self_20260531_154022,clip_033,1,listen,,0.3699,2140470.0,raspberry_pi_seeed_gsr,"2140470,0.3699"
2026-05-31T15:41:07.049,test89,self_20260531_154022,clip_033,1,listen,,0.3691,2140491.0,raspberry_pi_seeed_gsr,"2140491,0.3691"
2026-05-31T15:41:07.070,test89,self_20260531_154022,clip_033,1,listen,,0.365,2140512.0,raspberry_pi_seeed_gsr,"2140512,0.3650"
2026-05-31T15:41:07.091,test89,self_20260531_154022,clip_033,1,listen,,0.3626,2140533.0,raspberry_pi_seeed_gsr,"2140533,0.3626"
2026-05-31T15:41:07.112,test89,self_20260531_154022,clip_033,1,listen,,0.3682,2140554.0,raspberry_pi_seeed_gsr,"2140554,0.3682"
2026-05-31T15:41:07.133,test89,self_20260531_154022,clip_033,1,listen,,0.3618,2140575.0,raspberry_pi_seeed_gsr,"2140575,0.3618"
2026-05-31T15:41:07.154,test89,self_20260531_154022,clip_033,1,listen,,0.361,2140596.0,raspberry_pi_seeed_gsr,"2140596,0.3610"
2026-05-31T15:41:07.175,test89,self_20260531_154022,clip_033,1,listen,,0.3626,2140617.0,raspberry_pi_seeed_gsr,"2140617,0.3626"
2026-05-31T15:41:07.196,test89,self_20260531_154022,clip_033,1,listen,,0.3594,2140638.0,raspberry_pi_seeed_gsr,"2140638,0.3594"
2026-05-31T15:41:07.230,test89,self_20260531_154022,clip_033,1,listen,,0.3586,2140659.0,raspberry_pi_seeed_gsr,"2140659,0.3586"
2026-05-31T15:41:07.238,test89,self_20260531_154022,clip_033,1,listen,,0.3578,2140680.0,raspberry_pi_seeed_gsr,"2140680,0.3578"
2026-05-31T15:41:07.259,test89,self_20260531_154022,clip_033,1,listen,,0.3586,2140701.0,raspberry_pi_seeed_gsr,"2140701,0.3586"
2026-05-31T15:41:07.280,test89,self_20260531_154022,clip_033,1,listen,,0.3554,2140722.0,raspberry_pi_seeed_gsr,"2140722,0.3554"
2026-05-31T15:41:07.301,test89,self_20260531_154022,clip_033,1,listen,,0.357,2140743.0,raspberry_pi_seeed_gsr,"2140743,0.3570"
2026-05-31T15:41:07.322,test89,self_20260531_154022,clip_033,1,listen,,0.3554,2140764.0,raspberry_pi_seeed_gsr,"2140764,0.3554"
2026-05-31T15:41:07.343,test89,self_20260531_154022,clip_033,1,listen,,0.3529,2140785.0,raspberry_pi_seeed_gsr,"2140785,0.3529"
2026-05-31T15:41:07.364,test89,self_20260531_154022,clip_033,1,listen,,0.3562,2140806.0,raspberry_pi_seeed_gsr,"2140806,0.3562"
2026-05-31T15:41:07.385,test89,self_20260531_154022,clip_033,1,listen,,0.3521,2140827.0,raspberry_pi_seeed_gsr,"2140827,0.3521"
2026-05-31T15:41:07.406,test89,self_20260531_154022,clip_033,1,listen,,0.3521,2140848.0,raspberry_pi_seeed_gsr,"2140848,0.3521"
2026-05-31T15:41:07.427,test89,self_20260531_154022,clip_033,1,listen,,0.3529,2140869.0,raspberry_pi_seeed_gsr,"2140869,0.3529"
2026-05-31T15:41:07.448,test89,self_20260531_154022,clip_033,1,listen,,0.3497,2140890.0,raspberry_pi_seeed_gsr,"2140890,0.3497"
2026-05-31T15:41:07.491,test89,self_20260531_154022,clip_033,1,listen,,0.3513,2140911.0,raspberry_pi_seeed_gsr,"2140911,0.3513"
2026-05-31T15:41:07.492,test89,self_20260531_154022,clip_033,1,listen,,0.3513,2140932.0,raspberry_pi_seeed_gsr,"2140932,0.3513"
2026-05-31T15:41:07.511,test89,self_20260531_154022,clip_033,1,listen,,0.3554,2140953.0,raspberry_pi_seeed_gsr,"2140953,0.3554"
2026-05-31T15:41:07.532,test89,self_20260531_154022,clip_033,1,listen,,0.3465,2140974.0,raspberry_pi_seeed_gsr,"2140974,0.3465"
2026-05-31T15:41:07.553,test89,self_20260531_154022,clip_033,1,listen,,0.3562,2140995.0,raspberry_pi_seeed_gsr,"2140995,0.3562"
2026-05-31T15:41:07.574,test89,self_20260531_154022,clip_033,1,listen,,0.3505,2141016.0,raspberry_pi_seeed_gsr,"2141016,0.3505"
2026-05-31T15:41:07.595,test89,self_20260531_154022,clip_033,1,listen,,0.3513,2141037.0,raspberry_pi_seeed_gsr,"2141037,0.3513"
2026-05-31T15:41:07.616,test89,self_20260531_154022,clip_033,1,listen,,0.3521,2141058.0,raspberry_pi_seeed_gsr,"2141058,0.3521"
2026-05-31T15:41:07.637,test89,self_20260531_154022,clip_033,1,listen,,0.3489,2141079.0,raspberry_pi_seeed_gsr,"2141079,0.3489"
2026-05-31T15:41:07.658,test89,self_20260531_154022,clip_033,1,listen,,0.3489,2141100.0,raspberry_pi_seeed_gsr,"2141100,0.3489"
2026-05-31T15:41:07.679,test89,self_20260531_154022,clip_033,1,listen,,0.3481,2141121.0,raspberry_pi_seeed_gsr,"2141121,0.3481"
2026-05-31T15:41:07.700,test89,self_20260531_154022,clip_033,1,listen,,0.3497,2141142.0,raspberry_pi_seeed_gsr,"2141142,0.3497"
2026-05-31T15:41:07.726,test89,self_20260531_154022,clip_033,1,listen,,0.3513,2141163.0,raspberry_pi_seeed_gsr,"2141163,0.3513"
2026-05-31T15:41:07.742,test89,self_20260531_154022,clip_033,1,listen,,0.3489,2141184.0,raspberry_pi_seeed_gsr,"2141184,0.3489"
2026-05-31T15:41:07.763,test89,self_20260531_154022,clip_033,1,listen,,0.3433,2141205.0,raspberry_pi_seeed_gsr,"2141205,0.3433"
2026-05-31T15:41:07.784,test89,self_20260531_154022,clip_033,1,listen,,0.3505,2141226.0,raspberry_pi_seeed_gsr,"2141226,0.3505"
2026-05-31T15:41:07.805,test89,self_20260531_154022,clip_033,1,listen,,0.3489,2141247.0,raspberry_pi_seeed_gsr,"2141247,0.3489"
2026-05-31T15:41:07.826,test89,self_20260531_154022,clip_033,1,listen,,0.3457,2141268.0,raspberry_pi_seeed_gsr,"2141268,0.3457"
2026-05-31T15:41:07.847,test89,self_20260531_154022,clip_033,1,listen,,0.3489,2141289.0,raspberry_pi_seeed_gsr,"2141289,0.3489"
2026-05-31T15:41:07.868,test89,self_20260531_154022,clip_033,1,listen,,0.3513,2141310.0,raspberry_pi_seeed_gsr,"2141310,0.3513"
2026-05-31T15:41:07.889,test89,self_20260531_154022,clip_033,1,listen,,0.361,2141331.0,raspberry_pi_seeed_gsr,"2141331,0.3610"
2026-05-31T15:41:07.910,test89,self_20260531_154022,clip_033,1,listen,,0.3513,2141352.0,raspberry_pi_seeed_gsr,"2141352,0.3513"
2026-05-31T15:41:07.931,test89,self_20260531_154022,clip_033,1,listen,,0.3465,2141373.0,raspberry_pi_seeed_gsr,"2141373,0.3465"
2026-05-31T15:41:07.952,test89,self_20260531_154022,clip_033,1,listen,,0.3489,2141394.0,raspberry_pi_seeed_gsr,"2141394,0.3489"
2026-05-31T15:41:07.998,test89,self_20260531_154022,clip_033,1,listen,,0.3521,2141415.0,raspberry_pi_seeed_gsr,"2141415,0.3521"
2026-05-31T15:41:08.000,test89,self_20260531_154022,clip_033,1,listen,,0.3505,2141436.0,raspberry_pi_seeed_gsr,"2141436,0.3505"
2026-05-31T15:41:08.015,test89,self_20260531_154022,clip_033,1,listen,,0.3513,2141457.0,raspberry_pi_seeed_gsr,"2141457,0.3513"
2026-05-31T15:41:08.036,test89,self_20260531_154022,clip_033,1,listen,,0.3505,2141478.0,raspberry_pi_seeed_gsr,"2141478,0.3505"
2026-05-31T15:41:08.057,test89,self_20260531_154022,clip_033,1,listen,,0.3513,2141499.0,raspberry_pi_seeed_gsr,"2141499,0.3513"
2026-05-31T15:41:08.078,test89,self_20260531_154022,clip_033,1,listen,,0.3578,2141520.0,raspberry_pi_seeed_gsr,"2141520,0.3578"
2026-05-31T15:41:08.099,test89,self_20260531_154022,clip_033,1,listen,,0.3521,2141541.0,raspberry_pi_seeed_gsr,"2141541,0.3521"
2026-05-31T15:41:08.120,test89,self_20260531_154022,clip_033,1,listen,,0.3554,2141562.0,raspberry_pi_seeed_gsr,"2141562,0.3554"
2026-05-31T15:41:08.141,test89,self_20260531_154022,clip_033,1,listen,,0.3586,2141583.0,raspberry_pi_seeed_gsr,"2141583,0.3586"
2026-05-31T15:41:08.162,test89,self_20260531_154022,clip_033,1,listen,,0.3505,2141604.0,raspberry_pi_seeed_gsr,"2141604,0.3505"
2026-05-31T15:41:08.183,test89,self_20260531_154022,clip_033,1,listen,,0.3545,2141625.0,raspberry_pi_seeed_gsr,"2141625,0.3545"
2026-05-31T15:41:08.204,test89,self_20260531_154022,clip_033,1,listen,,0.3554,2141646.0,raspberry_pi_seeed_gsr,"2141646,0.3554"
2026-05-31T15:41:08.250,test89,self_20260531_154022,clip_033,1,listen,,0.3554,2141667.0,raspberry_pi_seeed_gsr,"2141667,0.3554"
2026-05-31T15:41:08.251,test89,self_20260531_154022,clip_033,1,listen,,0.3529,2141688.0,raspberry_pi_seeed_gsr,"2141688,0.3529"
2026-05-31T15:41:08.267,test89,self_20260531_154022,clip_033,1,listen,,0.3562,2141709.0,raspberry_pi_seeed_gsr,"2141709,0.3562"
2026-05-31T15:41:08.288,test89,self_20260531_154022,clip_033,1,listen,,0.3554,2141730.0,raspberry_pi_seeed_gsr,"2141730,0.3554"
2026-05-31T15:41:08.309,test89,self_20260531_154022,clip_033,1,listen,,0.3578,2141751.0,raspberry_pi_seeed_gsr,"2141751,0.3578"
2026-05-31T15:41:08.330,test89,self_20260531_154022,clip_033,1,listen,,0.361,2141772.0,raspberry_pi_seeed_gsr,"2141772,0.3610"
2026-05-31T15:41:08.351,test89,self_20260531_154022,clip_033,1,listen,,0.3578,2141793.0,raspberry_pi_seeed_gsr,"2141793,0.3578"
2026-05-31T15:41:08.372,test89,self_20260531_154022,clip_033,1,listen,,0.357,2141814.0,raspberry_pi_seeed_gsr,"2141814,0.3570"
2026-05-31T15:41:08.394,test89,self_20260531_154022,clip_033,1,listen,,0.3578,2141835.0,raspberry_pi_seeed_gsr,"2141835,0.3578"
2026-05-31T15:41:08.414,test89,self_20260531_154022,clip_033,1,listen,,0.3578,2141856.0,raspberry_pi_seeed_gsr,"2141856,0.3578"
2026-05-31T15:41:08.435,test89,self_20260531_154022,clip_033,1,listen,,0.357,2141877.0,raspberry_pi_seeed_gsr,"2141877,0.3570"
2026-05-31T15:41:08.456,test89,self_20260531_154022,clip_033,1,listen,,0.3618,2141898.0,raspberry_pi_seeed_gsr,"2141898,0.3618"
2026-05-31T15:41:08.500,test89,self_20260531_154022,clip_033,1,listen,,0.3803,2141919.0,raspberry_pi_seeed_gsr,"2141919,0.3803"
2026-05-31T15:41:08.501,test89,self_20260531_154022,clip_033,1,listen,,0.361,2141940.0,raspberry_pi_seeed_gsr,"2141940,0.3610"
2026-05-31T15:41:08.519,test89,self_20260531_154022,clip_033,1,listen,,0.361,2141961.0,raspberry_pi_seeed_gsr,"2141961,0.3610"
2026-05-31T15:41:08.540,test89,self_20260531_154022,clip_033,1,listen,,0.361,2141982.0,raspberry_pi_seeed_gsr,"2141982,0.3610"
2026-05-31T15:41:08.561,test89,self_20260531_154022,clip_033,1,listen,,0.361,2142003.0,raspberry_pi_seeed_gsr,"2142003,0.3610"
2026-05-31T15:41:08.582,test89,self_20260531_154022,clip_033,1,listen,,0.3586,2142024.0,raspberry_pi_seeed_gsr,"2142024,0.3586"
2026-05-31T15:41:08.603,test89,self_20260531_154022,clip_033,1,listen,,0.3771,2142045.0,raspberry_pi_seeed_gsr,"2142045,0.3771"
2026-05-31T15:41:08.624,test89,self_20260531_154022,clip_033,1,listen,,0.3618,2142066.0,raspberry_pi_seeed_gsr,"2142066,0.3618"
2026-05-31T15:41:08.645,test89,self_20260531_154022,clip_033,1,listen,,0.3586,2142087.0,raspberry_pi_seeed_gsr,"2142087,0.3586"
2026-05-31T15:41:08.666,test89,self_20260531_154022,clip_033,1,listen,,0.3642,2142108.0,raspberry_pi_seeed_gsr,"2142108,0.3642"
2026-05-31T15:41:08.687,test89,self_20260531_154022,clip_033,1,listen,,0.3682,2142129.0,raspberry_pi_seeed_gsr,"2142129,0.3682"
2026-05-31T15:41:08.708,test89,self_20260531_154022,clip_033,1,listen,,0.3618,2142150.0,raspberry_pi_seeed_gsr,"2142150,0.3618"
2026-05-31T15:41:08.735,test89,self_20260531_154022,clip_033,1,listen,,0.3634,2142171.0,raspberry_pi_seeed_gsr,"2142171,0.3634"
2026-05-31T15:41:08.750,test89,self_20260531_154022,clip_033,1,listen,,0.3658,2142192.0,raspberry_pi_seeed_gsr,"2142192,0.3658"
2026-05-31T15:41:08.771,test89,self_20260531_154022,clip_033,1,listen,,0.3618,2142213.0,raspberry_pi_seeed_gsr,"2142213,0.3618"
2026-05-31T15:41:08.792,test89,self_20260531_154022,clip_033,1,listen,,0.3682,2142234.0,raspberry_pi_seeed_gsr,"2142234,0.3682"
2026-05-31T15:41:08.813,test89,self_20260531_154022,clip_033,1,listen,,0.3642,2142255.0,raspberry_pi_seeed_gsr,"2142255,0.3642"
2026-05-31T15:41:08.834,test89,self_20260531_154022,clip_033,1,listen,,0.3699,2142276.0,raspberry_pi_seeed_gsr,"2142276,0.3699"
2026-05-31T15:41:08.855,test89,self_20260531_154022,clip_033,1,listen,,0.3634,2142297.0,raspberry_pi_seeed_gsr,"2142297,0.3634"
2026-05-31T15:41:08.877,test89,self_20260531_154022,clip_033,1,listen,,0.365,2142318.0,raspberry_pi_seeed_gsr,"2142318,0.3650"
2026-05-31T15:41:08.897,test89,self_20260531_154022,clip_033,1,listen,,0.3682,2142339.0,raspberry_pi_seeed_gsr,"2142339,0.3682"
2026-05-31T15:41:08.918,test89,self_20260531_154022,clip_033,1,listen,,0.3658,2142360.0,raspberry_pi_seeed_gsr,"2142360,0.3658"
2026-05-31T15:41:08.940,test89,self_20260531_154022,clip_033,1,listen,,0.3674,2142381.0,raspberry_pi_seeed_gsr,"2142381,0.3674"
2026-05-31T15:41:08.960,test89,self_20260531_154022,clip_033,1,listen,,0.3699,2142402.0,raspberry_pi_seeed_gsr,"2142402,0.3699"
2026-05-31T15:41:09.004,test89,self_20260531_154022,clip_033,1,listen,,0.365,2142423.0,raspberry_pi_seeed_gsr,"2142423,0.3650"
2026-05-31T15:41:09.005,test89,self_20260531_154022,clip_033,1,listen,,0.3666,2142444.0,raspberry_pi_seeed_gsr,"2142444,0.3666"
2026-05-31T15:41:09.023,test89,self_20260531_154022,clip_033,1,listen,,0.3666,2142465.0,raspberry_pi_seeed_gsr,"2142465,0.3666"
2026-05-31T15:41:09.044,test89,self_20260531_154022,clip_033,1,listen,,0.3642,2142486.0,raspberry_pi_seeed_gsr,"2142486,0.3642"
2026-05-31T15:41:09.065,test89,self_20260531_154022,clip_033,1,listen,,0.365,2142507.0,raspberry_pi_seeed_gsr,"2142507,0.3650"
2026-05-31T15:41:09.086,test89,self_20260531_154022,clip_033,1,listen,,0.3715,2142528.0,raspberry_pi_seeed_gsr,"2142528,0.3715"
2026-05-31T15:41:09.107,test89,self_20260531_154022,clip_033,1,listen,,0.3682,2142549.0,raspberry_pi_seeed_gsr,"2142549,0.3682"
2026-05-31T15:41:09.128,test89,self_20260531_154022,clip_033,1,listen,,0.3691,2142570.0,raspberry_pi_seeed_gsr,"2142570,0.3691"
2026-05-31T15:41:09.149,test89,self_20260531_154022,clip_033,1,listen,,0.3691,2142591.0,raspberry_pi_seeed_gsr,"2142591,0.3691"
2026-05-31T15:41:09.170,test89,self_20260531_154022,clip_033,1,listen,,0.3626,2142612.0,raspberry_pi_seeed_gsr,"2142612,0.3626"
2026-05-31T15:41:09.191,test89,self_20260531_154022,clip_033,1,listen,,0.3715,2142633.0,raspberry_pi_seeed_gsr,"2142633,0.3715"
2026-05-31T15:41:09.212,test89,self_20260531_154022,clip_033,1,listen,,0.3739,2142654.0,raspberry_pi_seeed_gsr,"2142654,0.3739"
2026-05-31T15:41:09.259,test89,self_20260531_154022,clip_033,1,listen,,0.3691,2142675.0,raspberry_pi_seeed_gsr,"2142675,0.3691"
2026-05-31T15:41:09.260,test89,self_20260531_154022,clip_033,1,listen,,0.3674,2142696.0,raspberry_pi_seeed_gsr,"2142696,0.3674"
2026-05-31T15:41:09.275,test89,self_20260531_154022,clip_033,1,listen,,0.3707,2142717.0,raspberry_pi_seeed_gsr,"2142717,0.3707"
2026-05-31T15:41:09.296,test89,self_20260531_154022,clip_033,1,listen,,0.3699,2142738.0,raspberry_pi_seeed_gsr,"2142738,0.3699"
2026-05-31T15:41:09.317,test89,self_20260531_154022,clip_033,1,listen,,0.3658,2142759.0,raspberry_pi_seeed_gsr,"2142759,0.3658"
2026-05-31T15:41:09.338,test89,self_20260531_154022,clip_033,1,listen,,0.3707,2142780.0,raspberry_pi_seeed_gsr,"2142780,0.3707"
2026-05-31T15:41:09.359,test89,self_20260531_154022,clip_033,1,listen,,0.361,2142801.0,raspberry_pi_seeed_gsr,"2142801,0.3610"
2026-05-31T15:41:09.380,test89,self_20260531_154022,clip_033,1,listen,,0.3747,2142822.0,raspberry_pi_seeed_gsr,"2142822,0.3747"
2026-05-31T15:41:09.401,test89,self_20260531_154022,clip_033,1,listen,,0.3731,2142843.0,raspberry_pi_seeed_gsr,"2142843,0.3731"
2026-05-31T15:41:09.422,test89,self_20260531_154022,clip_033,1,listen,,0.3852,2142864.0,raspberry_pi_seeed_gsr,"2142864,0.3852"
2026-05-31T15:41:09.443,test89,self_20260531_154022,clip_033,1,listen,,0.3739,2142885.0,raspberry_pi_seeed_gsr,"2142885,0.3739"
2026-05-31T15:41:09.464,test89,self_20260531_154022,clip_033,1,listen,,0.3715,2142906.0,raspberry_pi_seeed_gsr,"2142906,0.3715"
2026-05-31T15:41:09.510,test89,self_20260531_154022,clip_033,1,listen,,0.3715,2142927.0,raspberry_pi_seeed_gsr,"2142927,0.3715"
2026-05-31T15:41:09.511,test89,self_20260531_154022,clip_033,1,listen,,0.3723,2142948.0,raspberry_pi_seeed_gsr,"2142948,0.3723"
2026-05-31T15:41:09.527,test89,self_20260531_154022,clip_033,1,listen,,0.3739,2142969.0,raspberry_pi_seeed_gsr,"2142969,0.3739"
2026-05-31T15:41:09.548,test89,self_20260531_154022,clip_033,1,listen,,0.3739,2142990.0,raspberry_pi_seeed_gsr,"2142990,0.3739"
2026-05-31T15:41:09.569,test89,self_20260531_154022,clip_033,1,listen,,0.3731,2143011.0,raspberry_pi_seeed_gsr,"2143011,0.3731"
2026-05-31T15:41:09.590,test89,self_20260531_154022,clip_033,1,listen,,0.3731,2143032.0,raspberry_pi_seeed_gsr,"2143032,0.3731"
2026-05-31T15:41:09.611,test89,self_20260531_154022,clip_033,1,listen,,0.3731,2143053.0,raspberry_pi_seeed_gsr,"2143053,0.3731"
2026-05-31T15:41:09.632,test89,self_20260531_154022,clip_033,1,listen,,0.3707,2143074.0,raspberry_pi_seeed_gsr,"2143074,0.3707"
2026-05-31T15:41:09.653,test89,self_20260531_154022,clip_033,1,listen,,0.3723,2143095.0,raspberry_pi_seeed_gsr,"2143095,0.3723"
2026-05-31T15:41:09.674,test89,self_20260531_154022,clip_033,1,listen,,0.3747,2143116.0,raspberry_pi_seeed_gsr,"2143116,0.3747"
2026-05-31T15:41:09.695,test89,self_20260531_154022,clip_033,1,listen,,0.3803,2143137.0,raspberry_pi_seeed_gsr,"2143137,0.3803"
2026-05-31T15:41:09.716,test89,self_20260531_154022,clip_033,1,listen,,0.3739,2143158.0,raspberry_pi_seeed_gsr,"2143158,0.3739"
2026-05-31T15:41:09.737,test89,self_20260531_154022,clip_033,1,listen,,0.3771,2143179.0,raspberry_pi_seeed_gsr,"2143179,0.3771"
2026-05-31T15:41:09.771,test89,self_20260531_154022,clip_033,1,listen,,0.3747,2143200.0,raspberry_pi_seeed_gsr,"2143200,0.3747"
2026-05-31T15:41:09.779,test89,self_20260531_154022,clip_033,1,listen,,0.3739,2143221.0,raspberry_pi_seeed_gsr,"2143221,0.3739"
2026-05-31T15:41:09.800,test89,self_20260531_154022,clip_033,1,listen,,0.3739,2143242.0,raspberry_pi_seeed_gsr,"2143242,0.3739"
2026-05-31T15:41:09.821,test89,self_20260531_154022,clip_033,1,listen,,0.3868,2143263.0,raspberry_pi_seeed_gsr,"2143263,0.3868"
2026-05-31T15:41:09.842,test89,self_20260531_154022,clip_033,1,listen,,0.3763,2143284.0,raspberry_pi_seeed_gsr,"2143284,0.3763"
2026-05-31T15:41:09.863,test89,self_20260531_154022,clip_033,1,listen,,0.3819,2143305.0,raspberry_pi_seeed_gsr,"2143305,0.3819"
2026-05-31T15:41:09.884,test89,self_20260531_154022,clip_033,1,listen,,0.3771,2143326.0,raspberry_pi_seeed_gsr,"2143326,0.3771"
2026-05-31T15:41:09.905,test89,self_20260531_154022,clip_033,1,listen,,0.3755,2143347.0,raspberry_pi_seeed_gsr,"2143347,0.3755"
2026-05-31T15:41:09.926,test89,self_20260531_154022,clip_033,1,listen,,0.3763,2143368.0,raspberry_pi_seeed_gsr,"2143368,0.3763"
2026-05-31T15:41:09.947,test89,self_20260531_154022,clip_033,1,listen,,0.3771,2143389.0,raspberry_pi_seeed_gsr,"2143389,0.3771"
2026-05-31T15:41:09.968,test89,self_20260531_154022,clip_033,1,listen,,0.3763,2143410.0,raspberry_pi_seeed_gsr,"2143410,0.3763"
2026-05-31T15:41:09.989,test89,self_20260531_154022,clip_033,1,listen,,0.3731,2143431.0,raspberry_pi_seeed_gsr,"2143431,0.3731"
2026-05-31T15:41:10.034,test89,self_20260531_154022,clip_033,1,listen,,0.3763,2143452.0,raspberry_pi_seeed_gsr,"2143452,0.3763"
2026-05-31T15:41:10.035,test89,self_20260531_154022,clip_033,1,listen,,0.3763,2143473.0,raspberry_pi_seeed_gsr,"2143473,0.3763"
2026-05-31T15:41:10.052,test89,self_20260531_154022,clip_033,1,listen,,0.3699,2143494.0,raspberry_pi_seeed_gsr,"2143494,0.3699"
2026-05-31T15:41:10.073,test89,self_20260531_154022,clip_033,1,listen,,0.3763,2143515.0,raspberry_pi_seeed_gsr,"2143515,0.3763"
2026-05-31T15:41:10.094,test89,self_20260531_154022,clip_033,1,listen,,0.3771,2143536.0,raspberry_pi_seeed_gsr,"2143536,0.3771"
2026-05-31T15:41:10.115,test89,self_20260531_154022,clip_033,1,listen,,0.3747,2143557.0,raspberry_pi_seeed_gsr,"2143557,0.3747"
2026-05-31T15:41:10.136,test89,self_20260531_154022,clip_033,1,listen,,0.3763,2143578.0,raspberry_pi_seeed_gsr,"2143578,0.3763"
2026-05-31T15:41:10.157,test89,self_20260531_154022,clip_033,1,listen,,0.3771,2143599.0,raspberry_pi_seeed_gsr,"2143599,0.3771"
2026-05-31T15:41:10.178,test89,self_20260531_154022,clip_033,1,listen,,0.3739,2143620.0,raspberry_pi_seeed_gsr,"2143620,0.3739"
2026-05-31T15:41:10.200,test89,self_20260531_154022,clip_033,1,listen,,0.3787,2143641.0,raspberry_pi_seeed_gsr,"2143641,0.3787"
2026-05-31T15:41:10.220,test89,self_20260531_154022,clip_033,1,listen,,0.3787,2143662.0,raspberry_pi_seeed_gsr,"2143662,0.3787"
2026-05-31T15:41:10.241,test89,self_20260531_154022,clip_033,1,listen,,0.3771,2143683.0,raspberry_pi_seeed_gsr,"2143683,0.3771"
2026-05-31T15:41:10.287,test89,self_20260531_154022,clip_033,1,listen,,0.3755,2143704.0,raspberry_pi_seeed_gsr,"2143704,0.3755"
2026-05-31T15:41:10.288,test89,self_20260531_154022,clip_033,1,listen,,0.3763,2143725.0,raspberry_pi_seeed_gsr,"2143725,0.3763"
2026-05-31T15:41:10.304,test89,self_20260531_154022,clip_033,1,listen,,0.3771,2143746.0,raspberry_pi_seeed_gsr,"2143746,0.3771"
2026-05-31T15:41:10.325,test89,self_20260531_154022,clip_033,1,listen,,0.3836,2143767.0,raspberry_pi_seeed_gsr,"2143767,0.3836"
2026-05-31T15:41:10.346,test89,self_20260531_154022,clip_033,1,listen,,0.3803,2143788.0,raspberry_pi_seeed_gsr,"2143788,0.3803"
2026-05-31T15:41:10.367,test89,self_20260531_154022,clip_033,1,listen,,0.3819,2143809.0,raspberry_pi_seeed_gsr,"2143809,0.3819"
2026-05-31T15:41:10.388,test89,self_20260531_154022,clip_033,1,listen,,0.3771,2143830.0,raspberry_pi_seeed_gsr,"2143830,0.3771"
2026-05-31T15:41:10.409,test89,self_20260531_154022,clip_033,1,listen,,0.3868,2143851.0,raspberry_pi_seeed_gsr,"2143851,0.3868"
2026-05-31T15:41:10.430,test89,self_20260531_154022,clip_033,1,listen,,0.3852,2143872.0,raspberry_pi_seeed_gsr,"2143872,0.3852"
2026-05-31T15:41:10.451,test89,self_20260531_154022,clip_033,1,listen,,0.3827,2143893.0,raspberry_pi_seeed_gsr,"2143893,0.3827"
2026-05-31T15:41:10.472,test89,self_20260531_154022,clip_033,1,listen,,0.3836,2143914.0,raspberry_pi_seeed_gsr,"2143914,0.3836"
2026-05-31T15:41:10.493,test89,self_20260531_154022,clip_033,1,listen,,0.3707,2143935.0,raspberry_pi_seeed_gsr,"2143935,0.3707"
2026-05-31T15:41:10.539,test89,self_20260531_154022,clip_033,1,listen,,0.3836,2143956.0,raspberry_pi_seeed_gsr,"2143956,0.3836"
2026-05-31T15:41:10.540,test89,self_20260531_154022,clip_033,1,listen,,0.3892,2143977.0,raspberry_pi_seeed_gsr,"2143977,0.3892"
2026-05-31T15:41:10.556,test89,self_20260531_154022,clip_033,1,listen,,0.3803,2143998.0,raspberry_pi_seeed_gsr,"2143998,0.3803"
2026-05-31T15:41:10.577,test89,self_20260531_154022,clip_033,1,listen,,0.3844,2144019.0,raspberry_pi_seeed_gsr,"2144019,0.3844"
2026-05-31T15:41:10.598,test89,self_20260531_154022,clip_033,1,listen,,0.3844,2144040.0,raspberry_pi_seeed_gsr,"2144040,0.3844"
2026-05-31T15:41:10.619,test89,self_20260531_154022,clip_033,1,listen,,0.3844,2144061.0,raspberry_pi_seeed_gsr,"2144061,0.3844"
2026-05-31T15:41:10.640,test89,self_20260531_154022,clip_033,1,listen,,0.3852,2144082.0,raspberry_pi_seeed_gsr,"2144082,0.3852"
2026-05-31T15:41:10.661,test89,self_20260531_154022,clip_033,1,listen,,0.386,2144103.0,raspberry_pi_seeed_gsr,"2144103,0.3860"
2026-05-31T15:41:10.682,test89,self_20260531_154022,clip_033,1,listen,,0.3948,2144124.0,raspberry_pi_seeed_gsr,"2144124,0.3948"
2026-05-31T15:41:10.703,test89,self_20260531_154022,clip_033,1,listen,,0.3852,2144145.0,raspberry_pi_seeed_gsr,"2144145,0.3852"
2026-05-31T15:41:10.724,test89,self_20260531_154022,clip_033,1,listen,,0.386,2144166.0,raspberry_pi_seeed_gsr,"2144166,0.3860"
2026-05-31T15:41:10.745,test89,self_20260531_154022,clip_033,1,listen,,0.3787,2144187.0,raspberry_pi_seeed_gsr,"2144187,0.3787"
2026-05-31T15:41:10.766,test89,self_20260531_154022,clip_033,1,listen,,0.3868,2144208.0,raspberry_pi_seeed_gsr,"2144208,0.3868"
2026-05-31T15:41:10.795,test89,self_20260531_154022,clip_033,1,listen,,0.3876,2144229.0,raspberry_pi_seeed_gsr,"2144229,0.3876"
2026-05-31T15:41:10.808,test89,self_20260531_154022,clip_033,1,listen,,0.3852,2144250.0,raspberry_pi_seeed_gsr,"2144250,0.3852"
2026-05-31T15:41:10.829,test89,self_20260531_154022,clip_033,1,listen,,0.3868,2144271.0,raspberry_pi_seeed_gsr,"2144271,0.3868"
2026-05-31T15:41:10.850,test89,self_20260531_154022,clip_033,1,listen,,0.386,2144292.0,raspberry_pi_seeed_gsr,"2144292,0.3860"
2026-05-31T15:41:10.871,test89,self_20260531_154022,clip_033,1,listen,,0.3803,2144313.0,raspberry_pi_seeed_gsr,"2144313,0.3803"
2026-05-31T15:41:10.892,test89,self_20260531_154022,clip_033,1,listen,,0.3827,2144334.0,raspberry_pi_seeed_gsr,"2144334,0.3827"
2026-05-31T15:41:10.913,test89,self_20260531_154022,clip_033,1,listen,,0.3844,2144355.0,raspberry_pi_seeed_gsr,"2144355,0.3844"
2026-05-31T15:41:10.934,test89,self_20260531_154022,clip_033,1,listen,,0.3819,2144376.0,raspberry_pi_seeed_gsr,"2144376,0.3819"
2026-05-31T15:41:10.955,test89,self_20260531_154022,clip_033,1,listen,,0.3811,2144397.0,raspberry_pi_seeed_gsr,"2144397,0.3811"
2026-05-31T15:41:10.976,test89,self_20260531_154022,clip_033,1,listen,,0.3836,2144418.0,raspberry_pi_seeed_gsr,"2144418,0.3836"
2026-05-31T15:41:10.997,test89,self_20260531_154022,clip_033,1,listen,,0.3852,2144439.0,raspberry_pi_seeed_gsr,"2144439,0.3852"
2026-05-31T15:41:11.018,test89,self_20260531_154022,clip_033,1,listen,,0.3803,2144460.0,raspberry_pi_seeed_gsr,"2144460,0.3803"
2026-05-31T15:41:11.065,test89,self_20260531_154022,clip_033,1,listen,,0.3819,2144481.0,raspberry_pi_seeed_gsr,"2144481,0.3819"
2026-05-31T15:41:11.067,test89,self_20260531_154022,clip_033,1,listen,,0.3852,2144502.0,raspberry_pi_seeed_gsr,"2144502,0.3852"
2026-05-31T15:41:11.081,test89,self_20260531_154022,clip_033,1,listen,,0.3795,2144523.0,raspberry_pi_seeed_gsr,"2144523,0.3795"
2026-05-31T15:41:11.102,test89,self_20260531_154022,clip_033,1,listen,,0.3811,2144544.0,raspberry_pi_seeed_gsr,"2144544,0.3811"
2026-05-31T15:41:11.123,test89,self_20260531_154022,clip_033,1,listen,,0.3699,2144565.0,raspberry_pi_seeed_gsr,"2144565,0.3699"
2026-05-31T15:41:11.144,test89,self_20260531_154022,clip_033,1,listen,,0.3844,2144586.0,raspberry_pi_seeed_gsr,"2144586,0.3844"
2026-05-31T15:41:11.165,test89,self_20260531_154022,clip_033,1,listen,,0.3819,2144607.0,raspberry_pi_seeed_gsr,"2144607,0.3819"
2026-05-31T15:41:11.186,test89,self_20260531_154022,clip_033,1,listen,,0.3852,2144628.0,raspberry_pi_seeed_gsr,"2144628,0.3852"
2026-05-31T15:41:11.207,test89,self_20260531_154022,clip_033,1,listen,,0.3795,2144649.0,raspberry_pi_seeed_gsr,"2144649,0.3795"
2026-05-31T15:41:11.228,test89,self_20260531_154022,clip_033,1,listen,,0.3852,2144670.0,raspberry_pi_seeed_gsr,"2144670,0.3852"
2026-05-31T15:41:11.249,test89,self_20260531_154022,clip_033,1,listen,,0.3819,2144691.0,raspberry_pi_seeed_gsr,"2144691,0.3819"
2026-05-31T15:41:11.270,test89,self_20260531_154022,clip_033,1,listen,,0.3819,2144712.0,raspberry_pi_seeed_gsr,"2144712,0.3819"
2026-05-31T15:41:11.314,test89,self_20260531_154022,clip_033,1,listen,,0.3827,2144733.0,raspberry_pi_seeed_gsr,"2144733,0.3827"
2026-05-31T15:41:11.315,test89,self_20260531_154022,clip_033,1,listen,,0.3852,2144754.0,raspberry_pi_seeed_gsr,"2144754,0.3852"
2026-05-31T15:41:11.333,test89,self_20260531_154022,clip_033,1,listen,,0.3819,2144775.0,raspberry_pi_seeed_gsr,"2144775,0.3819"
2026-05-31T15:41:11.354,test89,self_20260531_154022,clip_033,1,listen,,0.3836,2144796.0,raspberry_pi_seeed_gsr,"2144796,0.3836"
2026-05-31T15:41:11.375,test89,self_20260531_154022,clip_033,1,listen,,0.3803,2144817.0,raspberry_pi_seeed_gsr,"2144817,0.3803"
2026-05-31T15:41:11.396,test89,self_20260531_154022,clip_033,1,listen,,0.3819,2144838.0,raspberry_pi_seeed_gsr,"2144838,0.3819"
2026-05-31T15:41:11.417,test89,self_20260531_154022,clip_033,1,listen,,0.3819,2144859.0,raspberry_pi_seeed_gsr,"2144859,0.3819"
2026-05-31T15:41:11.438,test89,self_20260531_154022,clip_033,1,listen,,0.3827,2144880.0,raspberry_pi_seeed_gsr,"2144880,0.3827"
2026-05-31T15:41:11.459,test89,self_20260531_154022,clip_033,1,listen,,0.3844,2144901.0,raspberry_pi_seeed_gsr,"2144901,0.3844"
2026-05-31T15:41:11.480,test89,self_20260531_154022,clip_033,1,listen,,0.3811,2144922.0,raspberry_pi_seeed_gsr,"2144922,0.3811"
2026-05-31T15:41:11.501,test89,self_20260531_154022,clip_033,1,listen,,0.3844,2144943.0,raspberry_pi_seeed_gsr,"2144943,0.3844"
2026-05-31T15:41:11.522,test89,self_20260531_154022,clip_033,1,listen,,0.3803,2144964.0,raspberry_pi_seeed_gsr,"2144964,0.3803"
2026-05-31T15:41:11.569,test89,self_20260531_154022,clip_033,1,listen,,0.3827,2144985.0,raspberry_pi_seeed_gsr,"2144985,0.3827"
2026-05-31T15:41:11.570,test89,self_20260531_154022,clip_033,1,listen,,0.3844,2145006.0,raspberry_pi_seeed_gsr,"2145006,0.3844"
2026-05-31T15:41:11.585,test89,self_20260531_154022,clip_033,1,listen,,0.3827,2145027.0,raspberry_pi_seeed_gsr,"2145027,0.3827"
2026-05-31T15:41:11.606,test89,self_20260531_154022,clip_033,1,listen,,0.3827,2145048.0,raspberry_pi_seeed_gsr,"2145048,0.3827"
2026-05-31T15:41:11.627,test89,self_20260531_154022,clip_033,1,listen,,0.3827,2145069.0,raspberry_pi_seeed_gsr,"2145069,0.3827"
2026-05-31T15:41:11.648,test89,self_20260531_154022,clip_033,1,listen,,0.3836,2145090.0,raspberry_pi_seeed_gsr,"2145090,0.3836"
2026-05-31T15:41:11.669,test89,self_20260531_154022,clip_033,1,listen,,0.3819,2145111.0,raspberry_pi_seeed_gsr,"2145111,0.3819"
2026-05-31T15:41:11.690,test89,self_20260531_154022,clip_033,1,listen,,0.3827,2145132.0,raspberry_pi_seeed_gsr,"2145132,0.3827"
2026-05-31T15:41:11.711,test89,self_20260531_154022,clip_033,1,listen,,0.3852,2145153.0,raspberry_pi_seeed_gsr,"2145153,0.3852"
2026-05-31T15:41:11.732,test89,self_20260531_154022,clip_033,1,listen,,0.3852,2145174.0,raspberry_pi_seeed_gsr,"2145174,0.3852"
2026-05-31T15:41:11.753,test89,self_20260531_154022,clip_033,1,listen,,0.3844,2145195.0,raspberry_pi_seeed_gsr,"2145195,0.3844"
2026-05-31T15:41:11.774,test89,self_20260531_154022,clip_033,1,listen,,0.3844,2145216.0,raspberry_pi_seeed_gsr,"2145216,0.3844"
2026-05-31T15:41:11.795,test89,self_20260531_154022,clip_033,1,listen,,0.3876,2145237.0,raspberry_pi_seeed_gsr,"2145237,0.3876"
2026-05-31T15:41:11.824,test89,self_20260531_154022,clip_033,1,listen,,0.3844,2145258.0,raspberry_pi_seeed_gsr,"2145258,0.3844"
2026-05-31T15:41:11.837,test89,self_20260531_154022,clip_033,1,listen,,0.3876,2145279.0,raspberry_pi_seeed_gsr,"2145279,0.3876"
2026-05-31T15:41:11.858,test89,self_20260531_154022,clip_033,1,listen,,0.3836,2145300.0,raspberry_pi_seeed_gsr,"2145300,0.3836"
2026-05-31T15:41:11.879,test89,self_20260531_154022,clip_033,1,listen,,0.3836,2145321.0,raspberry_pi_seeed_gsr,"2145321,0.3836"
2026-05-31T15:41:11.900,test89,self_20260531_154022,clip_033,1,listen,,0.3836,2145342.0,raspberry_pi_seeed_gsr,"2145342,0.3836"
2026-05-31T15:41:11.921,test89,self_20260531_154022,clip_033,1,listen,,0.3827,2145363.0,raspberry_pi_seeed_gsr,"2145363,0.3827"
2026-05-31T15:41:11.942,test89,self_20260531_154022,clip_033,1,listen,,0.3852,2145384.0,raspberry_pi_seeed_gsr,"2145384,0.3852"
2026-05-31T15:41:11.963,test89,self_20260531_154022,clip_033,1,listen,,0.386,2145405.0,raspberry_pi_seeed_gsr,"2145405,0.3860"
2026-05-31T15:41:11.984,test89,self_20260531_154022,clip_033,1,listen,,0.3852,2145426.0,raspberry_pi_seeed_gsr,"2145426,0.3852"
2026-05-31T15:41:12.006,test89,self_20260531_154022,clip_033,1,listen,,0.3836,2145447.0,raspberry_pi_seeed_gsr,"2145447,0.3836"
2026-05-31T15:41:12.026,test89,self_20260531_154022,clip_033,1,listen,,0.3852,2145468.0,raspberry_pi_seeed_gsr,"2145468,0.3852"
2026-05-31T15:41:12.047,test89,self_20260531_154022,clip_033,1,listen,,0.3884,2145489.0,raspberry_pi_seeed_gsr,"2145489,0.3884"
2026-05-31T15:41:12.091,test89,self_20260531_154022,clip_033,1,listen,,0.3868,2145510.0,raspberry_pi_seeed_gsr,"2145510,0.3868"
2026-05-31T15:41:12.092,test89,self_20260531_154022,clip_033,1,listen,,0.3892,2145531.0,raspberry_pi_seeed_gsr,"2145531,0.3892"
2026-05-31T15:41:12.110,test89,self_20260531_154022,clip_033,1,listen,,0.3868,2145552.0,raspberry_pi_seeed_gsr,"2145552,0.3868"
2026-05-31T15:41:12.131,test89,self_20260531_154022,clip_033,1,listen,,0.3836,2145573.0,raspberry_pi_seeed_gsr,"2145573,0.3836"
2026-05-31T15:41:12.152,test89,self_20260531_154022,clip_033,1,listen,,0.3852,2145594.0,raspberry_pi_seeed_gsr,"2145594,0.3852"
2026-05-31T15:41:12.173,test89,self_20260531_154022,clip_033,1,listen,,0.3852,2145615.0,raspberry_pi_seeed_gsr,"2145615,0.3852"
2026-05-31T15:41:12.194,test89,self_20260531_154022,clip_033,1,listen,,0.3819,2145636.0,raspberry_pi_seeed_gsr,"2145636,0.3819"
2026-05-31T15:41:12.215,test89,self_20260531_154022,clip_033,1,listen,,0.3844,2145657.0,raspberry_pi_seeed_gsr,"2145657,0.3844"
2026-05-31T15:41:12.236,test89,self_20260531_154022,clip_033,1,listen,,0.3852,2145678.0,raspberry_pi_seeed_gsr,"2145678,0.3852"
2026-05-31T15:41:12.258,test89,self_20260531_154022,clip_033,1,listen,,0.3844,2145699.0,raspberry_pi_seeed_gsr,"2145699,0.3844"
2026-05-31T15:41:12.278,test89,self_20260531_154022,clip_033,1,listen,,0.3836,2145720.0,raspberry_pi_seeed_gsr,"2145720,0.3836"
2026-05-31T15:41:12.299,test89,self_20260531_154022,clip_033,1,listen,,0.3852,2145741.0,raspberry_pi_seeed_gsr,"2145741,0.3852"
2026-05-31T15:41:12.345,test89,self_20260531_154022,clip_033,1,listen,,0.3868,2145762.0,raspberry_pi_seeed_gsr,"2145762,0.3868"
2026-05-31T15:41:12.346,test89,self_20260531_154022,clip_033,1,listen,,0.3682,2145783.0,raspberry_pi_seeed_gsr,"2145783,0.3682"
2026-05-31T15:41:12.362,test89,self_20260531_154022,clip_033,1,listen,,0.3795,2145804.0,raspberry_pi_seeed_gsr,"2145804,0.3795"
2026-05-31T15:41:12.383,test89,self_20260531_154022,clip_033,1,listen,,0.3803,2145825.0,raspberry_pi_seeed_gsr,"2145825,0.3803"
2026-05-31T15:41:12.404,test89,self_20260531_154022,clip_033,1,listen,,0.3715,2145846.0,raspberry_pi_seeed_gsr,"2145846,0.3715"
2026-05-31T15:41:12.425,test89,self_20260531_154022,clip_033,1,listen,,0.3763,2145867.0,raspberry_pi_seeed_gsr,"2145867,0.3763"
2026-05-31T15:41:12.446,test89,self_20260531_154022,clip_033,1,listen,,0.3747,2145888.0,raspberry_pi_seeed_gsr,"2145888,0.3747"
2026-05-31T15:41:12.467,test89,self_20260531_154022,clip_033,1,listen,,0.3779,2145909.0,raspberry_pi_seeed_gsr,"2145909,0.3779"
2026-05-31T15:41:12.488,test89,self_20260531_154022,clip_033,1,listen,,0.3771,2145930.0,raspberry_pi_seeed_gsr,"2145930,0.3771"
2026-05-31T15:41:12.509,test89,self_20260531_154022,clip_033,1,listen,,0.3763,2145951.0,raspberry_pi_seeed_gsr,"2145951,0.3763"
2026-05-31T15:41:12.530,test89,self_20260531_154022,clip_033,1,listen,,0.3691,2145972.0,raspberry_pi_seeed_gsr,"2145972,0.3691"
2026-05-31T15:41:12.551,test89,self_20260531_154022,clip_033,1,listen,,0.3723,2145993.0,raspberry_pi_seeed_gsr,"2145993,0.3723"
2026-05-31T15:41:12.593,test89,self_20260531_154022,clip_033,1,listen,,0.3723,2146014.0,raspberry_pi_seeed_gsr,"2146014,0.3723"
2026-05-31T15:41:12.594,test89,self_20260531_154022,clip_033,1,listen,,0.3723,2146035.0,raspberry_pi_seeed_gsr,"2146035,0.3723"
2026-05-31T15:41:12.614,test89,self_20260531_154022,clip_033,1,listen,,0.3715,2146056.0,raspberry_pi_seeed_gsr,"2146056,0.3715"
2026-05-31T15:41:12.635,test89,self_20260531_154022,clip_033,1,listen,,0.3682,2146077.0,raspberry_pi_seeed_gsr,"2146077,0.3682"
2026-05-31T15:41:12.656,test89,self_20260531_154022,clip_033,1,listen,,0.3674,2146098.0,raspberry_pi_seeed_gsr,"2146098,0.3674"
2026-05-31T15:41:12.677,test89,self_20260531_154022,clip_033,1,listen,,0.3666,2146119.0,raspberry_pi_seeed_gsr,"2146119,0.3666"
2026-05-31T15:41:12.698,test89,self_20260531_154022,clip_033,1,listen,,0.3626,2146140.0,raspberry_pi_seeed_gsr,"2146140,0.3626"
2026-05-31T15:41:12.719,test89,self_20260531_154022,clip_033,1,listen,,0.3594,2146161.0,raspberry_pi_seeed_gsr,"2146161,0.3594"
2026-05-31T15:41:12.740,test89,self_20260531_154022,clip_033,1,listen,,0.357,2146182.0,raspberry_pi_seeed_gsr,"2146182,0.3570"
2026-05-31T15:41:12.761,test89,self_20260531_154022,clip_033,1,listen,,0.3578,2146203.0,raspberry_pi_seeed_gsr,"2146203,0.3578"
2026-05-31T15:41:12.782,test89,self_20260531_154022,clip_033,1,listen,,0.3554,2146224.0,raspberry_pi_seeed_gsr,"2146224,0.3554"
2026-05-31T15:41:12.803,test89,self_20260531_154022,clip_033,1,listen,,0.3513,2146245.0,raspberry_pi_seeed_gsr,"2146245,0.3513"
2026-05-31T15:41:12.824,test89,self_20260531_154022,clip_033,1,listen,,0.3481,2146266.0,raspberry_pi_seeed_gsr,"2146266,0.3481"
2026-05-31T15:41:12.854,test89,self_20260531_154022,clip_033,1,listen,,0.3425,2146287.0,raspberry_pi_seeed_gsr,"2146287,0.3425"
2026-05-31T15:41:12.866,test89,self_20260531_154022,clip_033,1,listen,,0.3457,2146308.0,raspberry_pi_seeed_gsr,"2146308,0.3457"
2026-05-31T15:41:12.887,test89,self_20260531_154022,clip_033,1,listen,,0.3457,2146329.0,raspberry_pi_seeed_gsr,"2146329,0.3457"
2026-05-31T15:41:12.908,test89,self_20260531_154022,clip_033,1,listen,,0.3433,2146350.0,raspberry_pi_seeed_gsr,"2146350,0.3433"
2026-05-31T15:41:12.929,test89,self_20260531_154022,clip_033,1,listen,,0.336,2146371.0,raspberry_pi_seeed_gsr,"2146371,0.3360"
2026-05-31T15:41:12.950,test89,self_20260531_154022,clip_033,1,listen,,0.3304,2146392.0,raspberry_pi_seeed_gsr,"2146392,0.3304"
2026-05-31T15:41:12.971,test89,self_20260531_154022,clip_033,1,listen,,0.3296,2146413.0,raspberry_pi_seeed_gsr,"2146413,0.3296"
2026-05-31T15:41:12.992,test89,self_20260531_154022,clip_033,1,listen,,0.3135,2146434.0,raspberry_pi_seeed_gsr,"2146434,0.3135"
2026-05-31T15:41:13.013,test89,self_20260531_154022,clip_033,1,listen,,0.3231,2146455.0,raspberry_pi_seeed_gsr,"2146455,0.3231"
2026-05-31T15:41:13.034,test89,self_20260531_154022,clip_033,1,listen,,0.3223,2146476.0,raspberry_pi_seeed_gsr,"2146476,0.3223"
2026-05-31T15:41:13.055,test89,self_20260531_154022,clip_033,1,listen,,0.3199,2146497.0,raspberry_pi_seeed_gsr,"2146497,0.3199"
2026-05-31T15:41:13.076,test89,self_20260531_154022,clip_033,1,listen,,0.3135,2146518.0,raspberry_pi_seeed_gsr,"2146518,0.3135"
2026-05-31T15:41:13.119,test89,self_20260531_154022,clip_033,1,listen,,0.3102,2146539.0,raspberry_pi_seeed_gsr,"2146539,0.3102"
2026-05-31T15:41:13.121,test89,self_20260531_154022,clip_033,1,listen,,0.311,2146560.0,raspberry_pi_seeed_gsr,"2146560,0.3110"
2026-05-31T15:41:13.139,test89,self_20260531_154022,clip_033,1,listen,,0.3006,2146581.0,raspberry_pi_seeed_gsr,"2146581,0.3006"
2026-05-31T15:41:13.160,test89,self_20260531_154022,clip_033,1,listen,,0.299,2146602.0,raspberry_pi_seeed_gsr,"2146602,0.2990"
2026-05-31T15:41:13.181,test89,self_20260531_154022,clip_033,1,listen,,0.2949,2146623.0,raspberry_pi_seeed_gsr,"2146623,0.2949"
2026-05-31T15:41:13.202,test89,self_20260531_154022,clip_033,1,listen,,0.2901,2146644.0,raspberry_pi_seeed_gsr,"2146644,0.2901"
2026-05-31T15:41:13.223,test89,self_20260531_154022,clip_033,1,listen,,0.2909,2146665.0,raspberry_pi_seeed_gsr,"2146665,0.2909"
2026-05-31T15:41:13.244,test89,self_20260531_154022,clip_033,1,listen,,0.2869,2146686.0,raspberry_pi_seeed_gsr,"2146686,0.2869"
2026-05-31T15:41:13.265,test89,self_20260531_154022,clip_033,1,listen,,0.2869,2146707.0,raspberry_pi_seeed_gsr,"2146707,0.2869"
2026-05-31T15:41:13.286,test89,self_20260531_154022,clip_033,1,listen,,0.2836,2146728.0,raspberry_pi_seeed_gsr,"2146728,0.2836"
2026-05-31T15:41:13.308,test89,self_20260531_154022,clip_033,1,listen,,0.2788,2146749.0,raspberry_pi_seeed_gsr,"2146749,0.2788"
2026-05-31T15:41:13.328,test89,self_20260531_154022,clip_033,1,listen,,0.2788,2146770.0,raspberry_pi_seeed_gsr,"2146770,0.2788"
2026-05-31T15:41:13.375,test89,self_20260531_154022,clip_033,1,listen,,0.2772,2146791.0,raspberry_pi_seeed_gsr,"2146791,0.2772"
2026-05-31T15:41:13.376,test89,self_20260531_154022,clip_033,1,listen,,0.2732,2146812.0,raspberry_pi_seeed_gsr,"2146812,0.2732"
2026-05-31T15:41:13.391,test89,self_20260531_154022,clip_033,1,listen,,0.2708,2146833.0,raspberry_pi_seeed_gsr,"2146833,0.2708"
2026-05-31T15:41:13.412,test89,self_20260531_154022,clip_033,1,listen,,0.2724,2146854.0,raspberry_pi_seeed_gsr,"2146854,0.2724"
2026-05-31T15:41:13.433,test89,self_20260531_154022,clip_033,1,listen,,0.2724,2146875.0,raspberry_pi_seeed_gsr,"2146875,0.2724"
2026-05-31T15:41:13.454,test89,self_20260531_154022,clip_033,1,listen,,0.2651,2146896.0,raspberry_pi_seeed_gsr,"2146896,0.2651"
2026-05-31T15:41:13.475,test89,self_20260531_154022,clip_033,1,listen,,0.2643,2146917.0,raspberry_pi_seeed_gsr,"2146917,0.2643"
2026-05-31T15:41:13.496,test89,self_20260531_154022,clip_033,1,listen,,0.2603,2146938.0,raspberry_pi_seeed_gsr,"2146938,0.2603"
2026-05-31T15:41:13.517,test89,self_20260531_154022,clip_033,1,listen,,0.2579,2146959.0,raspberry_pi_seeed_gsr,"2146959,0.2579"
2026-05-31T15:41:13.538,test89,self_20260531_154022,clip_033,1,listen,,0.2595,2146980.0,raspberry_pi_seeed_gsr,"2146980,0.2595"
2026-05-31T15:41:13.559,test89,self_20260531_154022,clip_033,1,listen,,0.2579,2147001.0,raspberry_pi_seeed_gsr,"2147001,0.2579"
2026-05-31T15:41:13.580,test89,self_20260531_154022,clip_033,1,listen,,0.2546,2147022.0,raspberry_pi_seeed_gsr,"2147022,0.2546"
2026-05-31T15:41:13.633,test89,self_20260531_154022,clip_033,1,listen,,0.2587,2147043.0,raspberry_pi_seeed_gsr,"2147043,0.2587"
2026-05-31T15:41:13.634,test89,self_20260531_154022,clip_033,1,listen,,0.2546,2147064.0,raspberry_pi_seeed_gsr,"2147064,0.2546"
2026-05-31T15:41:13.643,test89,self_20260531_154022,clip_033,1,listen,,0.2579,2147085.0,raspberry_pi_seeed_gsr,"2147085,0.2579"
2026-05-31T15:41:13.664,test89,self_20260531_154022,clip_033,1,listen,,0.2563,2147106.0,raspberry_pi_seeed_gsr,"2147106,0.2563"
2026-05-31T15:41:13.685,test89,self_20260531_154022,clip_033,1,listen,,0.2538,2147127.0,raspberry_pi_seeed_gsr,"2147127,0.2538"
2026-05-31T15:41:13.706,test89,self_20260531_154022,clip_033,1,listen,,0.2546,2147148.0,raspberry_pi_seeed_gsr,"2147148,0.2546"
2026-05-31T15:41:13.727,test89,self_20260531_154022,clip_033,1,listen,,0.2546,2147169.0,raspberry_pi_seeed_gsr,"2147169,0.2546"
2026-05-31T15:41:13.748,test89,self_20260531_154022,clip_033,1,listen,,0.2554,2147190.0,raspberry_pi_seeed_gsr,"2147190,0.2554"
2026-05-31T15:41:13.769,test89,self_20260531_154022,clip_033,1,listen,,0.2522,2147211.0,raspberry_pi_seeed_gsr,"2147211,0.2522"
2026-05-31T15:41:13.790,test89,self_20260531_154022,clip_033,1,listen,,0.253,2147232.0,raspberry_pi_seeed_gsr,"2147232,0.2530"
2026-05-31T15:41:13.811,test89,self_20260531_154022,clip_033,1,listen,,0.2393,2147253.0,raspberry_pi_seeed_gsr,"2147253,0.2393"
2026-05-31T15:41:13.832,test89,self_20260531_154022,clip_033,1,listen,,0.2514,2147274.0,raspberry_pi_seeed_gsr,"2147274,0.2514"
2026-05-31T15:41:13.853,test89,self_20260531_154022,clip_033,1,listen,,0.2482,2147295.0,raspberry_pi_seeed_gsr,"2147295,0.2482"
2026-05-31T15:41:13.880,test89,self_20260531_154022,clip_033,1,listen,,0.2514,2147316.0,raspberry_pi_seeed_gsr,"2147316,0.2514"
2026-05-31T15:41:13.895,test89,self_20260531_154022,clip_033,1,listen,,0.2514,2147337.0,raspberry_pi_seeed_gsr,"2147337,0.2514"
2026-05-31T15:41:13.916,test89,self_20260531_154022,clip_033,1,listen,,0.2514,2147358.0,raspberry_pi_seeed_gsr,"2147358,0.2514"
2026-05-31T15:41:13.937,test89,self_20260531_154022,clip_033,1,listen,,0.2563,2147379.0,raspberry_pi_seeed_gsr,"2147379,0.2563"
2026-05-31T15:41:13.958,test89,self_20260531_154022,clip_033,1,listen,,0.2546,2147400.0,raspberry_pi_seeed_gsr,"2147400,0.2546"
2026-05-31T15:41:13.979,test89,self_20260531_154022,clip_033,1,listen,,0.253,2147421.0,raspberry_pi_seeed_gsr,"2147421,0.2530"
2026-05-31T15:41:14.000,test89,self_20260531_154022,clip_033,1,listen,,0.249,2147442.0,raspberry_pi_seeed_gsr,"2147442,0.2490"
2026-05-31T15:41:14.021,test89,self_20260531_154022,clip_033,1,listen,,0.253,2147463.0,raspberry_pi_seeed_gsr,"2147463,0.2530"
2026-05-31T15:41:14.042,test89,self_20260531_154022,clip_033,1,listen,,0.2514,2147484.0,raspberry_pi_seeed_gsr,"2147484,0.2514"
2026-05-31T15:41:14.063,test89,self_20260531_154022,clip_033,1,listen,,0.2498,2147505.0,raspberry_pi_seeed_gsr,"2147505,0.2498"
2026-05-31T15:41:14.084,test89,self_20260531_154022,clip_033,1,listen,,0.2514,2147526.0,raspberry_pi_seeed_gsr,"2147526,0.2514"
2026-05-31T15:41:14.105,test89,self_20260531_154022,clip_033,1,listen,,0.2498,2147547.0,raspberry_pi_seeed_gsr,"2147547,0.2498"
2026-05-31T15:41:14.145,test89,self_20260531_154022,clip_033,1,listen,,0.253,2147568.0,raspberry_pi_seeed_gsr,"2147568,0.2530"
2026-05-31T15:41:14.147,test89,self_20260531_154022,clip_033,1,listen,,0.2538,2147589.0,raspberry_pi_seeed_gsr,"2147589,0.2538"
2026-05-31T15:41:14.168,test89,self_20260531_154022,clip_033,1,listen,,0.2579,2147610.0,raspberry_pi_seeed_gsr,"2147610,0.2579"
2026-05-31T15:41:14.189,test89,self_20260531_154022,clip_033,1,listen,,0.2546,2147631.0,raspberry_pi_seeed_gsr,"2147631,0.2546"
2026-05-31T15:41:14.210,test89,self_20260531_154022,clip_033,1,listen,,0.253,2147652.0,raspberry_pi_seeed_gsr,"2147652,0.2530"
2026-05-31T15:41:14.231,test89,self_20260531_154022,clip_033,1,listen,,0.2498,2147673.0,raspberry_pi_seeed_gsr,"2147673,0.2498"
2026-05-31T15:41:14.252,test89,self_20260531_154022,clip_033,1,listen,,0.2571,2147694.0,raspberry_pi_seeed_gsr,"2147694,0.2571"
2026-05-31T15:41:14.273,test89,self_20260531_154022,clip_033,1,listen,,0.2579,2147715.0,raspberry_pi_seeed_gsr,"2147715,0.2579"
2026-05-31T15:41:14.294,test89,self_20260531_154022,clip_033,1,listen,,0.2595,2147736.0,raspberry_pi_seeed_gsr,"2147736,0.2595"
2026-05-31T15:41:14.315,test89,self_20260531_154022,clip_033,1,listen,,0.2595,2147757.0,raspberry_pi_seeed_gsr,"2147757,0.2595"
2026-05-31T15:41:14.336,test89,self_20260531_154022,clip_033,1,listen,,0.2603,2147778.0,raspberry_pi_seeed_gsr,"2147778,0.2603"
2026-05-31T15:41:14.357,test89,self_20260531_154022,clip_033,1,listen,,0.2611,2147799.0,raspberry_pi_seeed_gsr,"2147799,0.2611"
2026-05-31T15:41:14.393,test89,self_20260531_154022,clip_033,1,listen,,0.2651,2147820.0,raspberry_pi_seeed_gsr,"2147820,0.2651"
2026-05-31T15:41:14.399,test89,self_20260531_154022,clip_033,1,listen,,0.2619,2147841.0,raspberry_pi_seeed_gsr,"2147841,0.2619"
2026-05-31T15:41:14.420,test89,self_20260531_154022,clip_033,1,listen,,0.2595,2147862.0,raspberry_pi_seeed_gsr,"2147862,0.2595"
2026-05-31T15:41:14.441,test89,self_20260531_154022,clip_033,1,listen,,0.2579,2147883.0,raspberry_pi_seeed_gsr,"2147883,0.2579"
2026-05-31T15:41:14.462,test89,self_20260531_154022,clip_033,1,listen,,0.2619,2147904.0,raspberry_pi_seeed_gsr,"2147904,0.2619"
2026-05-31T15:41:14.483,test89,self_20260531_154022,clip_033,1,listen,,0.2659,2147925.0,raspberry_pi_seeed_gsr,"2147925,0.2659"
2026-05-31T15:41:14.504,test89,self_20260531_154022,clip_033,1,listen,,0.2748,2147946.0,raspberry_pi_seeed_gsr,"2147946,0.2748"
2026-05-31T15:41:14.525,test89,self_20260531_154022,clip_033,1,listen,,0.2651,2147967.0,raspberry_pi_seeed_gsr,"2147967,0.2651"
2026-05-31T15:41:14.546,test89,self_20260531_154022,clip_033,1,listen,,0.2683,2147988.0,raspberry_pi_seeed_gsr,"2147988,0.2683"
2026-05-31T15:41:14.567,test89,self_20260531_154022,clip_033,1,listen,,0.2732,2148009.0,raspberry_pi_seeed_gsr,"2148009,0.2732"
2026-05-31T15:41:14.588,test89,self_20260531_154022,clip_033,1,listen,,0.2708,2148030.0,raspberry_pi_seeed_gsr,"2148030,0.2708"
2026-05-31T15:41:14.610,test89,self_20260531_154022,clip_033,1,listen,,0.2732,2148051.0,raspberry_pi_seeed_gsr,"2148051,0.2732"
2026-05-31T15:41:14.645,test89,self_20260531_154022,clip_033,1,listen,,0.2748,2148072.0,raspberry_pi_seeed_gsr,"2148072,0.2748"
2026-05-31T15:41:14.651,test89,self_20260531_154022,clip_033,1,listen,,0.2716,2148093.0,raspberry_pi_seeed_gsr,"2148093,0.2716"
2026-05-31T15:41:14.672,test89,self_20260531_154022,clip_033,1,listen,,0.2683,2148114.0,raspberry_pi_seeed_gsr,"2148114,0.2683"
2026-05-31T15:41:14.693,test89,self_20260531_154022,clip_033,1,listen,,0.2732,2148135.0,raspberry_pi_seeed_gsr,"2148135,0.2732"
2026-05-31T15:41:14.714,test89,self_20260531_154022,clip_033,1,listen,,0.2708,2148156.0,raspberry_pi_seeed_gsr,"2148156,0.2708"
2026-05-31T15:41:14.735,test89,self_20260531_154022,clip_033,1,listen,,0.2772,2148177.0,raspberry_pi_seeed_gsr,"2148177,0.2772"
2026-05-31T15:41:14.756,test89,self_20260531_154022,clip_033,1,listen,,0.2748,2148198.0,raspberry_pi_seeed_gsr,"2148198,0.2748"
2026-05-31T15:41:14.777,test89,self_20260531_154022,clip_033,1,listen,,0.2845,2148219.0,raspberry_pi_seeed_gsr,"2148219,0.2845"
2026-05-31T15:41:14.798,test89,self_20260531_154022,clip_033,1,listen,,0.2756,2148240.0,raspberry_pi_seeed_gsr,"2148240,0.2756"
2026-05-31T15:41:14.819,test89,self_20260531_154022,clip_033,1,listen,,0.278,2148261.0,raspberry_pi_seeed_gsr,"2148261,0.2780"
2026-05-31T15:41:14.840,test89,self_20260531_154022,clip_033,1,listen,,0.2812,2148282.0,raspberry_pi_seeed_gsr,"2148282,0.2812"
2026-05-31T15:41:14.861,test89,self_20260531_154022,clip_033,1,listen,,0.2772,2148303.0,raspberry_pi_seeed_gsr,"2148303,0.2772"
2026-05-31T15:41:14.887,test89,self_20260531_154022,clip_033,1,listen,,0.278,2148324.0,raspberry_pi_seeed_gsr,"2148324,0.2780"
2026-05-31T15:41:14.903,test89,self_20260531_154022,clip_033,1,listen,,0.278,2148345.0,raspberry_pi_seeed_gsr,"2148345,0.2780"
2026-05-31T15:41:14.924,test89,self_20260531_154022,clip_033,1,listen,,0.3006,2148366.0,raspberry_pi_seeed_gsr,"2148366,0.3006"
2026-05-31T15:41:14.945,test89,self_20260531_154022,clip_033,1,listen,,0.2812,2148387.0,raspberry_pi_seeed_gsr,"2148387,0.2812"
2026-05-31T15:41:14.966,test89,self_20260531_154022,clip_033,1,listen,,0.2828,2148408.0,raspberry_pi_seeed_gsr,"2148408,0.2828"
2026-05-31T15:41:14.987,test89,self_20260531_154022,clip_033,1,listen,,0.282,2148429.0,raspberry_pi_seeed_gsr,"2148429,0.2820"
2026-05-31T15:41:15.008,test89,self_20260531_154022,clip_033,1,listen,,0.2853,2148450.0,raspberry_pi_seeed_gsr,"2148450,0.2853"
2026-05-31T15:41:15.029,test89,self_20260531_154022,clip_033,1,listen,,0.2836,2148471.0,raspberry_pi_seeed_gsr,"2148471,0.2836"
2026-05-31T15:41:15.050,test89,self_20260531_154022,clip_033,1,listen,,0.2836,2148492.0,raspberry_pi_seeed_gsr,"2148492,0.2836"
2026-05-31T15:41:15.071,test89,self_20260531_154022,clip_033,1,listen,,0.2853,2148513.0,raspberry_pi_seeed_gsr,"2148513,0.2853"
2026-05-31T15:41:15.092,test89,self_20260531_154022,clip_033,1,listen,,0.2869,2148534.0,raspberry_pi_seeed_gsr,"2148534,0.2869"
2026-05-31T15:41:15.113,test89,self_20260531_154022,clip_033,1,listen,,0.2877,2148555.0,raspberry_pi_seeed_gsr,"2148555,0.2877"
2026-05-31T15:41:15.152,test89,self_20260531_154022,clip_033,1,listen,,0.2869,2148576.0,raspberry_pi_seeed_gsr,"2148576,0.2869"
2026-05-31T15:41:15.155,test89,self_20260531_154022,clip_033,1,listen,,0.2877,2148597.0,raspberry_pi_seeed_gsr,"2148597,0.2877"
2026-05-31T15:41:15.176,test89,self_20260531_154022,clip_033,1,listen,,0.2885,2148618.0,raspberry_pi_seeed_gsr,"2148618,0.2885"
2026-05-31T15:41:15.197,test89,self_20260531_154022,clip_033,1,listen,,0.2885,2148639.0,raspberry_pi_seeed_gsr,"2148639,0.2885"
2026-05-31T15:41:15.218,test89,self_20260531_154022,clip_033,1,listen,,0.2869,2148660.0,raspberry_pi_seeed_gsr,"2148660,0.2869"
2026-05-31T15:41:15.239,test89,self_20260531_154022,clip_033,1,listen,,0.2869,2148681.0,raspberry_pi_seeed_gsr,"2148681,0.2869"
2026-05-31T15:41:15.260,test89,self_20260531_154022,clip_033,1,listen,,0.2901,2148702.0,raspberry_pi_seeed_gsr,"2148702,0.2901"
2026-05-31T15:41:15.281,test89,self_20260531_154022,clip_033,1,listen,,0.2853,2148723.0,raspberry_pi_seeed_gsr,"2148723,0.2853"
2026-05-31T15:41:15.302,test89,self_20260531_154022,clip_033,1,listen,,0.2901,2148744.0,raspberry_pi_seeed_gsr,"2148744,0.2901"
2026-05-31T15:41:15.323,test89,self_20260531_154022,clip_033,1,listen,,0.2917,2148765.0,raspberry_pi_seeed_gsr,"2148765,0.2917"
2026-05-31T15:41:15.344,test89,self_20260531_154022,clip_033,1,listen,,0.2957,2148786.0,raspberry_pi_seeed_gsr,"2148786,0.2957"
2026-05-31T15:41:15.365,test89,self_20260531_154022,clip_033,1,listen,,0.2925,2148807.0,raspberry_pi_seeed_gsr,"2148807,0.2925"
2026-05-31T15:41:15.408,test89,self_20260531_154022,clip_033,1,listen,,0.2949,2148828.0,raspberry_pi_seeed_gsr,"2148828,0.2949"
2026-05-31T15:41:15.410,test89,self_20260531_154022,clip_033,1,listen,,0.2917,2148849.0,raspberry_pi_seeed_gsr,"2148849,0.2917"
2026-05-31T15:41:15.428,test89,self_20260531_154022,clip_033,1,listen,,0.2965,2148870.0,raspberry_pi_seeed_gsr,"2148870,0.2965"
2026-05-31T15:41:15.449,test89,self_20260531_154022,clip_033,1,listen,,0.2949,2148891.0,raspberry_pi_seeed_gsr,"2148891,0.2949"
2026-05-31T15:41:15.470,test89,self_20260531_154022,clip_033,1,listen,,0.2965,2148912.0,raspberry_pi_seeed_gsr,"2148912,0.2965"
2026-05-31T15:41:15.491,test89,self_20260531_154022,clip_033,1,listen,,0.2957,2148933.0,raspberry_pi_seeed_gsr,"2148933,0.2957"
2026-05-31T15:41:15.512,test89,self_20260531_154022,clip_033,1,listen,,0.3062,2148954.0,raspberry_pi_seeed_gsr,"2148954,0.3062"
2026-05-31T15:41:15.533,test89,self_20260531_154022,clip_033,1,listen,,0.2973,2148975.0,raspberry_pi_seeed_gsr,"2148975,0.2973"
2026-05-31T15:41:15.554,test89,self_20260531_154022,clip_033,1,listen,,0.2949,2148996.0,raspberry_pi_seeed_gsr,"2148996,0.2949"
2026-05-31T15:41:15.575,test89,self_20260531_154022,clip_033,1,listen,,0.2957,2149017.0,raspberry_pi_seeed_gsr,"2149017,0.2957"
2026-05-31T15:41:15.596,test89,self_20260531_154022,clip_033,1,listen,,0.2973,2149038.0,raspberry_pi_seeed_gsr,"2149038,0.2973"
2026-05-31T15:41:15.617,test89,self_20260531_154022,clip_033,1,listen,,0.299,2149059.0,raspberry_pi_seeed_gsr,"2149059,0.2990"
2026-05-31T15:41:15.660,test89,self_20260531_154022,clip_033,1,listen,,0.2957,2149080.0,raspberry_pi_seeed_gsr,"2149080,0.2957"
2026-05-31T15:41:15.661,test89,self_20260531_154022,clip_033,1,listen,,0.303,2149101.0,raspberry_pi_seeed_gsr,"2149101,0.3030"
2026-05-31T15:41:15.680,test89,self_20260531_154022,clip_033,1,listen,,0.3054,2149122.0,raspberry_pi_seeed_gsr,"2149122,0.3054"
2026-05-31T15:41:15.701,test89,self_20260531_154022,clip_033,1,listen,,0.303,2149143.0,raspberry_pi_seeed_gsr,"2149143,0.3030"
2026-05-31T15:41:15.722,test89,self_20260531_154022,clip_033,1,listen,,0.3014,2149164.0,raspberry_pi_seeed_gsr,"2149164,0.3014"
2026-05-31T15:41:15.743,test89,self_20260531_154022,clip_033,1,listen,,0.3006,2149185.0,raspberry_pi_seeed_gsr,"2149185,0.3006"
2026-05-31T15:41:15.764,test89,self_20260531_154022,clip_033,1,listen,,0.3038,2149206.0,raspberry_pi_seeed_gsr,"2149206,0.3038"
2026-05-31T15:41:15.785,test89,self_20260531_154022,clip_033,1,listen,,0.303,2149227.0,raspberry_pi_seeed_gsr,"2149227,0.3030"
2026-05-31T15:41:15.806,test89,self_20260531_154022,clip_033,1,listen,,0.303,2149248.0,raspberry_pi_seeed_gsr,"2149248,0.3030"
2026-05-31T15:41:15.827,test89,self_20260531_154022,clip_033,1,listen,,0.307,2149269.0,raspberry_pi_seeed_gsr,"2149269,0.3070"
2026-05-31T15:41:15.848,test89,self_20260531_154022,clip_033,1,listen,,0.3038,2149290.0,raspberry_pi_seeed_gsr,"2149290,0.3038"
2026-05-31T15:41:15.869,test89,self_20260531_154022,clip_033,1,listen,,0.3038,2149311.0,raspberry_pi_seeed_gsr,"2149311,0.3038"
2026-05-31T15:41:15.895,test89,self_20260531_154022,clip_033,1,listen,,0.3054,2149332.0,raspberry_pi_seeed_gsr,"2149332,0.3054"
2026-05-31T15:41:15.911,test89,self_20260531_154022,clip_033,1,listen,,0.3062,2149353.0,raspberry_pi_seeed_gsr,"2149353,0.3062"
2026-05-31T15:41:15.932,test89,self_20260531_154022,clip_033,1,listen,,0.307,2149374.0,raspberry_pi_seeed_gsr,"2149374,0.3070"
2026-05-31T15:41:15.953,test89,self_20260531_154022,clip_033,1,listen,,0.3078,2149395.0,raspberry_pi_seeed_gsr,"2149395,0.3078"
2026-05-31T15:41:15.974,test89,self_20260531_154022,clip_033,1,listen,,0.3094,2149416.0,raspberry_pi_seeed_gsr,"2149416,0.3094"
2026-05-31T15:41:15.995,test89,self_20260531_154022,clip_033,1,listen,,0.3094,2149437.0,raspberry_pi_seeed_gsr,"2149437,0.3094"
2026-05-31T15:41:16.016,test89,self_20260531_154022,clip_033,1,listen,,0.3102,2149458.0,raspberry_pi_seeed_gsr,"2149458,0.3102"
2026-05-31T15:41:16.037,test89,self_20260531_154022,clip_033,1,listen,,0.3078,2149479.0,raspberry_pi_seeed_gsr,"2149479,0.3078"
2026-05-31T15:41:16.058,test89,self_20260531_154022,clip_033,1,listen,,0.3054,2149500.0,raspberry_pi_seeed_gsr,"2149500,0.3054"
2026-05-31T15:41:16.079,test89,self_20260531_154022,clip_033,1,listen,,0.311,2149521.0,raspberry_pi_seeed_gsr,"2149521,0.3110"
2026-05-31T15:41:16.101,test89,self_20260531_154022,clip_033,1,listen,,0.3118,2149542.0,raspberry_pi_seeed_gsr,"2149542,0.3118"
2026-05-31T15:41:16.121,test89,self_20260531_154022,clip_033,1,listen,,0.3118,2149563.0,raspberry_pi_seeed_gsr,"2149563,0.3118"
2026-05-31T15:41:16.165,test89,self_20260531_154022,clip_033,1,listen,,0.311,2149584.0,raspberry_pi_seeed_gsr,"2149584,0.3110"
2026-05-31T15:41:16.166,test89,self_20260531_154022,clip_033,1,listen,,0.3118,2149605.0,raspberry_pi_seeed_gsr,"2149605,0.3118"
2026-05-31T15:41:16.184,test89,self_20260531_154022,clip_033,1,listen,,0.3127,2149626.0,raspberry_pi_seeed_gsr,"2149626,0.3127"
2026-05-31T15:41:16.205,test89,self_20260531_154022,clip_033,1,listen,,0.3159,2149647.0,raspberry_pi_seeed_gsr,"2149647,0.3159"
2026-05-31T15:41:16.226,test89,self_20260531_154022,clip_033,1,listen,,0.311,2149668.0,raspberry_pi_seeed_gsr,"2149668,0.3110"
2026-05-31T15:41:16.247,test89,self_20260531_154022,clip_033,1,listen,,0.3006,2149689.0,raspberry_pi_seeed_gsr,"2149689,0.3006"
2026-05-31T15:41:16.268,test89,self_20260531_154022,clip_033,1,listen,,0.3127,2149710.0,raspberry_pi_seeed_gsr,"2149710,0.3127"
2026-05-31T15:41:16.289,test89,self_20260531_154022,clip_033,1,listen,,0.3135,2149731.0,raspberry_pi_seeed_gsr,"2149731,0.3135"
2026-05-31T15:41:16.310,test89,self_20260531_154022,clip_033,1,listen,,0.3135,2149752.0,raspberry_pi_seeed_gsr,"2149752,0.3135"
2026-05-31T15:41:16.331,test89,self_20260531_154022,clip_033,1,listen,,0.3143,2149773.0,raspberry_pi_seeed_gsr,"2149773,0.3143"
2026-05-31T15:41:16.352,test89,self_20260531_154022,clip_033,1,listen,,0.3102,2149794.0,raspberry_pi_seeed_gsr,"2149794,0.3102"
2026-05-31T15:41:16.373,test89,self_20260531_154022,clip_033,1,listen,,0.3135,2149815.0,raspberry_pi_seeed_gsr,"2149815,0.3135"
2026-05-31T15:41:16.417,test89,self_20260531_154022,clip_033,1,listen,,0.3135,2149836.0,raspberry_pi_seeed_gsr,"2149836,0.3135"
2026-05-31T15:41:16.418,test89,self_20260531_154022,clip_033,1,listen,,0.3118,2149857.0,raspberry_pi_seeed_gsr,"2149857,0.3118"
2026-05-31T15:41:16.436,test89,self_20260531_154022,clip_033,1,listen,,0.3167,2149878.0,raspberry_pi_seeed_gsr,"2149878,0.3167"
2026-05-31T15:41:16.457,test89,self_20260531_154022,clip_033,1,listen,,0.3159,2149899.0,raspberry_pi_seeed_gsr,"2149899,0.3159"
2026-05-31T15:41:16.478,test89,self_20260531_154022,clip_033,1,listen,,0.3135,2149920.0,raspberry_pi_seeed_gsr,"2149920,0.3135"
2026-05-31T15:41:16.499,test89,self_20260531_154022,clip_033,1,listen,,0.3183,2149941.0,raspberry_pi_seeed_gsr,"2149941,0.3183"
2026-05-31T15:41:16.520,test89,self_20260531_154022,clip_033,1,listen,,0.3135,2149962.0,raspberry_pi_seeed_gsr,"2149962,0.3135"
2026-05-31T15:41:16.541,test89,self_20260531_154022,clip_033,1,listen,,0.311,2149983.0,raspberry_pi_seeed_gsr,"2149983,0.3110"
2026-05-31T15:41:16.562,test89,self_20260531_154022,clip_033,1,listen,,0.3118,2150004.0,raspberry_pi_seeed_gsr,"2150004,0.3118"
2026-05-31T15:41:16.583,test89,self_20260531_154022,clip_033,1,listen,,0.3078,2150025.0,raspberry_pi_seeed_gsr,"2150025,0.3078"
2026-05-31T15:41:16.604,test89,self_20260531_154022,clip_033,1,listen,,0.3183,2150046.0,raspberry_pi_seeed_gsr,"2150046,0.3183"
2026-05-31T15:41:16.625,test89,self_20260531_154022,clip_033,1,listen,,0.3183,2150067.0,raspberry_pi_seeed_gsr,"2150067,0.3183"
2026-05-31T15:41:16.660,test89,self_20260531_154022,clip_033,1,listen,,0.3175,2150088.0,raspberry_pi_seeed_gsr,"2150088,0.3175"
2026-05-31T15:41:16.667,test89,self_20260531_154022,clip_033,1,listen,,0.3183,2150109.0,raspberry_pi_seeed_gsr,"2150109,0.3183"
2026-05-31T15:41:16.688,test89,self_20260531_154022,clip_033,1,listen,,0.3151,2150130.0,raspberry_pi_seeed_gsr,"2150130,0.3151"
2026-05-31T15:41:16.709,test89,self_20260531_154022,clip_033,1,listen,,0.3223,2150151.0,raspberry_pi_seeed_gsr,"2150151,0.3223"
2026-05-31T15:41:16.730,test89,self_20260531_154022,clip_033,1,listen,,0.3159,2150172.0,raspberry_pi_seeed_gsr,"2150172,0.3159"
