timestamp,user_id,session_id,clip_id,trial_index,phase,hr,eda,source,raw_line
2026-05-26T16:32:38.168,jason5,self_20260526_163232,clip_018,1,rest,72.023,1.2501,mock,
2026-05-26T16:32:38.527,jason5,self_20260526_163232,clip_018,1,rest,72.333,1.2693,mock,
2026-05-26T16:32:38.727,jason5,self_20260526_163232,clip_018,1,rest,72.48,1.2398,mock,
2026-05-26T16:32:38.944,jason5,self_20260526_163232,clip_018,1,rest,72.974,1.2619,mock,
2026-05-26T16:32:39.164,jason5,self_20260526_163232,clip_018,1,rest,72.761,1.2714,mock,
2026-05-26T16:32:39.367,jason5,self_20260526_163232,clip_018,1,rest,73.233,1.2905,mock,
2026-05-26T16:32:39.585,jason5,self_20260526_163232,clip_018,1,rest,73.697,1.2784,mock,
2026-05-26T16:32:39.806,jason5,self_20260526_163232,clip_018,1,rest,72.887,1.2652,mock,
2026-05-26T16:32:40.028,jason5,self_20260526_163232,clip_018,1,rest,73.742,1.3037,mock,
2026-05-26T16:32:40.250,jason5,self_20260526_163232,clip_018,1,rest,73.76,1.2861,mock,
2026-05-26T16:32:40.468,jason5,self_20260526_163232,clip_018,1,rest,74.258,1.2694,mock,
2026-05-26T16:32:40.690,jason5,self_20260526_163232,clip_018,1,rest,73.822,1.3021,mock,
2026-05-26T16:32:40.910,jason5,self_20260526_163232,clip_018,1,rest,74.801,1.2946,mock,
2026-05-26T16:32:41.132,jason5,self_20260526_163232,clip_018,1,rest,74.601,1.3054,mock,
2026-05-26T16:32:41.365,jason5,self_20260526_163232,clip_018,1,rest,75.033,1.2886,mock,
2026-05-26T16:32:41.584,jason5,self_20260526_163232,clip_018,1,rest,75.018,1.2859,mock,
2026-05-26T16:32:41.807,jason5,self_20260526_163232,clip_018,1,rest,72.918,1.3028,mock,
2026-05-26T16:32:42.030,jason5,self_20260526_163232,clip_018,1,rest,74.238,1.3283,mock,
2026-05-26T16:32:42.249,jason5,self_20260526_163232,clip_018,1,rest,75.463,1.3,mock,
2026-05-26T16:32:42.470,jason5,self_20260526_163232,clip_018,1,rest,75.705,1.3063,mock,
2026-05-26T16:32:42.694,jason5,self_20260526_163232,clip_018,1,rest,75.161,1.32,mock,
2026-05-26T16:32:42.916,jason5,self_20260526_163232,clip_018,1,rest,75.403,1.3396,mock,
2026-05-26T16:32:43.138,jason5,self_20260526_163232,clip_018,1,rest,75.866,1.3355,mock,
2026-05-26T16:32:43.359,jason5,self_20260526_163232,clip_018,1,rest,75.962,1.3402,mock,
2026-05-26T16:32:43.577,jason5,self_20260526_163232,clip_018,1,rest,75.149,1.3249,mock,
2026-05-26T16:32:43.809,jason5,self_20260526_163232,clip_018,1,rest,75.337,1.3459,mock,
2026-05-26T16:32:44.031,jason5,self_20260526_163232,clip_018,1,rest,75.558,1.376,mock,
2026-05-26T16:32:44.254,jason5,self_20260526_163232,clip_018,1,rest,75.22,1.3269,mock,
2026-05-26T16:32:44.478,jason5,self_20260526_163232,clip_018,1,rest,76.385,1.3671,mock,
2026-05-26T16:32:44.701,jason5,self_20260526_163232,clip_018,1,rest,76.246,1.3605,mock,
2026-05-26T16:32:44.926,jason5,self_20260526_163232,clip_018,1,rest,76.928,1.3488,mock,
2026-05-26T16:32:45.145,jason5,self_20260526_163232,clip_018,1,rest,74.962,1.3442,mock,
2026-05-26T16:32:45.369,jason5,self_20260526_163232,clip_018,1,rest,76.647,1.3325,mock,
2026-05-26T16:32:45.593,jason5,self_20260526_163232,clip_018,1,rest,76.017,1.3598,mock,
2026-05-26T16:32:45.818,jason5,self_20260526_163232,clip_018,1,rest,75.779,1.3686,mock,
2026-05-26T16:32:46.043,jason5,self_20260526_163232,clip_018,1,rest,76.404,1.3942,mock,
2026-05-26T16:32:46.268,jason5,self_20260526_163232,clip_018,1,rest,76.421,1.3518,mock,
2026-05-26T16:32:46.493,jason5,self_20260526_163232,clip_018,1,rest,75.575,1.3499,mock,
2026-05-26T16:32:46.724,jason5,self_20260526_163232,clip_018,1,rest,76.608,1.3552,mock,
2026-05-26T16:32:46.950,jason5,self_20260526_163232,clip_018,1,rest,75.857,1.3761,mock,
2026-05-26T16:32:47.183,jason5,self_20260526_163232,clip_018,1,rest,75.356,1.3615,mock,
2026-05-26T16:32:47.408,jason5,self_20260526_163232,clip_018,1,rest,74.523,1.3506,mock,
2026-05-26T16:32:47.632,jason5,self_20260526_163232,clip_018,1,rest,75.356,1.3739,mock,
2026-05-26T16:32:47.858,jason5,self_20260526_163232,clip_018,1,rest,76.522,1.3681,mock,
2026-05-26T16:32:48.081,jason5,self_20260526_163232,clip_018,1,rest,75.797,1.3715,mock,
2026-05-26T16:32:48.301,jason5,self_20260526_163232,clip_018,1,rest,76.294,1.3828,mock,
2026-05-26T16:32:48.526,jason5,self_20260526_163232,clip_018,1,rest,75.639,1.3546,mock,
2026-05-26T16:32:48.751,jason5,self_20260526_163232,clip_018,1,rest,75.985,1.3756,mock,
2026-05-26T16:32:48.976,jason5,self_20260526_163232,clip_018,1,rest,76.11,1.3696,mock,
2026-05-26T16:32:49.204,jason5,self_20260526_163232,clip_018,1,rest,76.509,1.3646,mock,
2026-05-26T16:32:49.431,jason5,self_20260526_163232,clip_018,1,rest,76.141,1.3715,mock,
2026-05-26T16:32:49.659,jason5,self_20260526_163232,clip_018,1,rest,74.542,1.3526,mock,
2026-05-26T16:32:49.881,jason5,self_20260526_163232,clip_018,1,rest,74.673,1.3904,mock,
2026-05-26T16:32:50.107,jason5,self_20260526_163232,clip_018,1,rest,75.217,1.3789,mock,
2026-05-26T16:32:50.335,jason5,self_20260526_163232,clip_018,1,rest,72.843,1.3785,mock,
2026-05-26T16:32:50.560,jason5,self_20260526_163232,clip_018,1,rest,74.753,1.3588,mock,
2026-05-26T16:32:50.794,jason5,self_20260526_163232,clip_018,1,rest,73.771,1.3661,mock,
2026-05-26T16:32:51.018,jason5,self_20260526_163232,clip_018,1,rest,75.266,1.3493,mock,
2026-05-26T16:32:51.247,jason5,self_20260526_163232,clip_018,1,rest,73.6,1.3843,mock,
2026-05-26T16:32:51.476,jason5,self_20260526_163232,clip_018,1,rest,73.424,1.3572,mock,
2026-05-26T16:32:51.701,jason5,self_20260526_163232,clip_018,1,rest,73.64,1.3426,mock,
2026-05-26T16:32:51.918,jason5,self_20260526_163232,clip_018,1,rest,73.565,1.3416,mock,
2026-05-26T16:32:52.140,jason5,self_20260526_163232,clip_018,1,rest,73.863,1.3582,mock,
2026-05-26T16:32:52.363,jason5,self_20260526_163232,clip_018,1,rest,74.671,1.3607,mock,
2026-05-26T16:32:52.585,jason5,self_20260526_163232,clip_018,1,rest,73.857,1.3351,mock,
2026-05-26T16:32:52.809,jason5,self_20260526_163232,clip_018,1,rest,72.64,1.3576,mock,
2026-05-26T16:32:53.032,jason5,self_20260526_163232,clip_018,1,rest,73.771,1.3255,mock,
2026-05-26T16:32:53.255,jason5,self_20260526_163232,clip_018,1,rest,73.065,1.3575,mock,
2026-05-26T16:32:53.476,jason5,self_20260526_163232,clip_018,1,rest,73.269,1.3571,mock,
2026-05-26T16:32:53.699,jason5,self_20260526_163232,clip_018,1,rest,72.054,1.3362,mock,
2026-05-26T16:32:53.918,jason5,self_20260526_163232,clip_018,1,rest,70.968,1.3446,mock,
2026-05-26T16:32:54.135,jason5,self_20260526_163232,clip_018,1,rest,71.535,1.3695,mock,
2026-05-26T16:32:54.355,jason5,self_20260526_163232,clip_018,1,rest,71.066,1.3415,mock,
2026-05-26T16:32:54.571,jason5,self_20260526_163232,clip_018,1,rest,70.225,1.3281,mock,
2026-05-26T16:32:54.793,jason5,self_20260526_163232,clip_018,1,rest,71.332,1.3437,mock,
2026-05-26T16:32:55.014,jason5,self_20260526_163232,clip_018,1,rest,71.99,1.3278,mock,
2026-05-26T16:32:55.265,jason5,self_20260526_163232,clip_018,1,rest,70.002,1.332,mock,
2026-05-26T16:32:55.482,jason5,self_20260526_163232,clip_018,1,rest,70.982,1.3296,mock,
2026-05-26T16:32:55.701,jason5,self_20260526_163232,clip_018,1,rest,69.966,1.3362,mock,
2026-05-26T16:32:55.919,jason5,self_20260526_163232,clip_018,1,rest,70.359,1.3266,mock,
2026-05-26T16:32:56.140,jason5,self_20260526_163232,clip_018,1,rest,71.031,1.3221,mock,
2026-05-26T16:32:56.363,jason5,self_20260526_163232,clip_018,1,rest,70.184,1.3419,mock,
2026-05-26T16:32:56.586,jason5,self_20260526_163232,clip_018,1,rest,70.002,1.3019,mock,
2026-05-26T16:32:56.810,jason5,self_20260526_163232,clip_018,1,rest,69.761,1.3251,mock,
2026-05-26T16:32:57.026,jason5,self_20260526_163232,clip_018,1,rest,69.627,1.3073,mock,
2026-05-26T16:32:57.240,jason5,self_20260526_163232,clip_018,1,rest,70.248,1.2885,mock,
2026-05-26T16:32:57.460,jason5,self_20260526_163232,clip_018,1,rest,68.071,1.2972,mock,
2026-05-26T16:32:57.676,jason5,self_20260526_163232,clip_018,1,rest,69.316,1.28,mock,
2026-05-26T16:32:57.890,jason5,self_20260526_163232,clip_018,1,rest,69.648,1.2948,mock,
2026-05-26T16:32:58.112,jason5,self_20260526_163232,clip_018,1,rest,68.225,1.2898,mock,
2026-05-26T16:32:58.334,jason5,self_20260526_163232,clip_018,1,rest,68.674,1.2561,mock,
2026-05-26T16:32:58.558,jason5,self_20260526_163232,clip_018,1,rest,69.023,1.2739,mock,
2026-05-26T16:32:58.790,jason5,self_20260526_163232,clip_018,1,rest,68.083,1.2785,mock,
2026-05-26T16:32:59.011,jason5,self_20260526_163232,clip_018,1,rest,68.856,1.2583,mock,
2026-05-26T16:32:59.234,jason5,self_20260526_163232,clip_018,1,rest,68.711,1.2784,mock,
2026-05-26T16:32:59.454,jason5,self_20260526_163232,clip_018,1,rest,67.856,1.2651,mock,
2026-05-26T16:32:59.675,jason5,self_20260526_163232,clip_018,1,rest,68.287,1.2896,mock,
2026-05-26T16:32:59.895,jason5,self_20260526_163232,clip_018,1,rest,66.92,1.2623,mock,
2026-05-26T16:33:00.118,jason5,self_20260526_163232,clip_018,1,rest,67.954,1.2465,mock,
2026-05-26T16:33:00.337,jason5,self_20260526_163232,clip_018,1,rest,69.453,1.2442,mock,
2026-05-26T16:33:00.558,jason5,self_20260526_163232,clip_018,1,rest,69.651,1.2339,mock,
2026-05-26T16:33:00.783,jason5,self_20260526_163232,clip_018,1,rest,68.295,1.2293,mock,
2026-05-26T16:33:01.001,jason5,self_20260526_163232,clip_018,1,rest,67.543,1.2339,mock,
2026-05-26T16:33:01.220,jason5,self_20260526_163232,clip_018,1,rest,67.812,1.2323,mock,
2026-05-26T16:33:01.442,jason5,self_20260526_163232,clip_018,1,rest,66.528,1.2556,mock,
2026-05-26T16:33:01.660,jason5,self_20260526_163232,clip_018,1,rest,67.884,1.248,mock,
2026-05-26T16:33:01.875,jason5,self_20260526_163232,clip_018,1,rest,67.302,1.2227,mock,
2026-05-26T16:33:02.093,jason5,self_20260526_163232,clip_018,1,rest,70.237,1.2017,mock,
2026-05-26T16:33:02.309,jason5,self_20260526_163232,clip_018,1,rest,66.996,1.203,mock,
2026-05-26T16:33:02.534,jason5,self_20260526_163232,clip_018,1,rest,68.404,1.218,mock,
2026-05-26T16:33:02.754,jason5,self_20260526_163232,clip_018,1,rest,69.014,1.2002,mock,
2026-05-26T16:33:02.975,jason5,self_20260526_163232,clip_018,1,rest,67.034,1.1941,mock,
2026-05-26T16:33:03.193,jason5,self_20260526_163232,clip_018,1,rest,69.076,1.2042,mock,
2026-05-26T16:33:03.416,jason5,self_20260526_163232,clip_018,1,rest,66.898,1.1933,mock,
2026-05-26T16:33:03.639,jason5,self_20260526_163232,clip_018,1,rest,69.315,1.2223,mock,
2026-05-26T16:33:03.858,jason5,self_20260526_163232,clip_018,1,rest,68.803,1.1919,mock,
2026-05-26T16:33:04.076,jason5,self_20260526_163232,clip_018,1,rest,67.622,1.1714,mock,
2026-05-26T16:33:04.298,jason5,self_20260526_163232,clip_018,1,rest,68.612,1.1885,mock,
2026-05-26T16:33:04.517,jason5,self_20260526_163232,clip_018,1,rest,69.079,1.1707,mock,
2026-05-26T16:33:04.738,jason5,self_20260526_163232,clip_018,1,rest,67.968,1.1632,mock,
2026-05-26T16:33:04.959,jason5,self_20260526_163232,clip_018,1,rest,68.072,1.1816,mock,
2026-05-26T16:33:05.179,jason5,self_20260526_163232,clip_018,1,rest,67.376,1.1641,mock,
2026-05-26T16:33:05.401,jason5,self_20260526_163232,clip_018,1,rest,69.43,1.1892,mock,
2026-05-26T16:33:05.623,jason5,self_20260526_163232,clip_018,1,rest,69.291,1.1787,mock,
2026-05-26T16:33:05.843,jason5,self_20260526_163232,clip_018,1,rest,69.092,1.1499,mock,
2026-05-26T16:33:06.066,jason5,self_20260526_163232,clip_018,1,rest,69.036,1.1815,mock,
2026-05-26T16:33:06.290,jason5,self_20260526_163232,clip_018,1,rest,70.347,1.1635,mock,
2026-05-26T16:33:06.510,jason5,self_20260526_163232,clip_018,1,rest,72.126,1.1534,mock,
2026-05-26T16:33:06.732,jason5,self_20260526_163232,clip_018,1,rest,70.38,1.1562,mock,
2026-05-26T16:33:06.953,jason5,self_20260526_163232,clip_018,1,rest,69.944,1.1842,mock,
2026-05-26T16:33:07.174,jason5,self_20260526_163232,clip_018,1,rest,71.312,1.1265,mock,
2026-05-26T16:33:07.393,jason5,self_20260526_163232,clip_018,1,rest,70.136,1.152,mock,
2026-05-26T16:33:07.610,jason5,self_20260526_163232,clip_018,1,rest,71.125,1.1236,mock,
2026-05-26T16:33:07.826,jason5,self_20260526_163232,clip_018,1,rest,69.161,1.1135,mock,
2026-05-26T16:33:08.048,jason5,self_20260526_163232,clip_018,1,rest,70.86,1.139,mock,
2026-05-26T16:33:10.323,jason5,self_20260526_163232,clip_018,1,listen,72.023,1.2501,mock,
2026-05-26T16:33:10.549,jason5,self_20260526_163232,clip_018,1,listen,72.227,1.2671,mock,
2026-05-26T16:33:10.768,jason5,self_20260526_163232,clip_018,1,listen,72.39,1.2378,mock,
2026-05-26T16:33:10.987,jason5,self_20260526_163232,clip_018,1,listen,72.886,1.26,mock,
2026-05-26T16:33:11.209,jason5,self_20260526_163232,clip_018,1,listen,72.675,1.2695,mock,
2026-05-26T16:33:11.428,jason5,self_20260526_163232,clip_018,1,listen,73.16,1.2889,mock,
2026-05-26T16:33:11.650,jason5,self_20260526_163232,clip_018,1,listen,73.628,1.2769,mock,
2026-05-26T16:33:11.870,jason5,self_20260526_163232,clip_018,1,listen,72.819,1.2637,mock,
2026-05-26T16:33:12.092,jason5,self_20260526_163232,clip_018,1,listen,73.674,1.3022,mock,
2026-05-26T16:33:12.310,jason5,self_20260526_163232,clip_018,1,listen,73.691,1.2846,mock,
2026-05-26T16:33:12.526,jason5,self_20260526_163232,clip_018,1,listen,74.19,1.2679,mock,
2026-05-26T16:33:12.743,jason5,self_20260526_163232,clip_018,1,listen,73.752,1.3005,mock,
2026-05-26T16:33:12.965,jason5,self_20260526_163232,clip_018,1,listen,74.734,1.2931,mock,
2026-05-26T16:33:13.189,jason5,self_20260526_163232,clip_018,1,listen,74.536,1.3039,mock,
2026-05-26T16:33:13.410,jason5,self_20260526_163232,clip_018,1,listen,74.964,1.2869,mock,
2026-05-26T16:33:13.633,jason5,self_20260526_163232,clip_018,1,listen,74.954,1.2843,mock,
2026-05-26T16:33:13.856,jason5,self_20260526_163232,clip_018,1,listen,72.856,1.3012,mock,
2026-05-26T16:33:14.081,jason5,self_20260526_163232,clip_018,1,listen,74.18,1.3268,mock,
2026-05-26T16:33:14.303,jason5,self_20260526_163232,clip_018,1,listen,75.409,1.2986,mock,
2026-05-26T16:33:14.526,jason5,self_20260526_163232,clip_018,1,listen,75.655,1.3049,mock,
2026-05-26T16:33:14.744,jason5,self_20260526_163232,clip_018,1,listen,75.111,1.3186,mock,
2026-05-26T16:33:14.966,jason5,self_20260526_163232,clip_018,1,listen,75.356,1.3382,mock,
2026-05-26T16:33:15.188,jason5,self_20260526_163232,clip_018,1,listen,75.822,1.3341,mock,
2026-05-26T16:33:15.412,jason5,self_20260526_163232,clip_018,1,listen,75.922,1.3389,mock,
2026-05-26T16:33:15.634,jason5,self_20260526_163232,clip_018,1,listen,75.114,1.3237,mock,
2026-05-26T16:33:15.859,jason5,self_20260526_163232,clip_018,1,listen,75.303,1.3447,mock,
2026-05-26T16:33:16.083,jason5,self_20260526_163232,clip_018,1,listen,75.528,1.3748,mock,
2026-05-26T16:33:16.307,jason5,self_20260526_163232,clip_018,1,listen,75.194,1.3258,mock,
2026-05-26T16:33:16.526,jason5,self_20260526_163232,clip_018,1,listen,76.36,1.366,mock,
2026-05-26T16:33:16.751,jason5,self_20260526_163232,clip_018,1,listen,76.226,1.3595,mock,
2026-05-26T16:33:16.976,jason5,self_20260526_163232,clip_018,1,listen,76.911,1.3478,mock,
2026-05-26T16:33:17.201,jason5,self_20260526_163232,clip_018,1,listen,74.95,1.3433,mock,
2026-05-26T16:33:17.425,jason5,self_20260526_163232,clip_018,1,listen,76.639,1.3316,mock,
2026-05-26T16:33:17.651,jason5,self_20260526_163232,clip_018,1,listen,76.012,1.359,mock,
2026-05-26T16:33:17.876,jason5,self_20260526_163232,clip_018,1,listen,75.777,1.3679,mock,
2026-05-26T16:33:18.105,jason5,self_20260526_163232,clip_018,1,listen,76.406,1.3935,mock,
2026-05-26T16:33:18.330,jason5,self_20260526_163232,clip_018,1,listen,76.426,1.3512,mock,
2026-05-26T16:33:18.577,jason5,self_20260526_163232,clip_018,1,listen,75.582,1.3494,mock,
2026-05-26T16:33:18.799,jason5,self_20260526_163232,clip_018,1,listen,76.618,1.3547,mock,
2026-05-26T16:33:19.025,jason5,self_20260526_163232,clip_018,1,listen,75.871,1.3757,mock,
2026-05-26T16:33:19.253,jason5,self_20260526_163232,clip_018,1,listen,75.373,1.3612,mock,
2026-05-26T16:33:19.476,jason5,self_20260526_163232,clip_018,1,listen,74.543,1.3503,mock,
2026-05-26T16:33:19.701,jason5,self_20260526_163232,clip_018,1,listen,75.379,1.3736,mock,
2026-05-26T16:33:19.929,jason5,self_20260526_163232,clip_018,1,listen,76.548,1.3679,mock,
2026-05-26T16:33:20.155,jason5,self_20260526_163232,clip_018,1,listen,75.824,1.3713,mock,
2026-05-26T16:33:20.376,jason5,self_20260526_163232,clip_018,1,listen,76.324,1.3826,mock,
2026-05-26T16:33:20.601,jason5,self_20260526_163232,clip_018,1,listen,75.671,1.3544,mock,
2026-05-26T16:33:20.826,jason5,self_20260526_163232,clip_018,1,listen,76.019,1.3756,mock,
2026-05-26T16:33:21.053,jason5,self_20260526_163232,clip_018,1,listen,76.146,1.3695,mock,
2026-05-26T16:33:21.281,jason5,self_20260526_163232,clip_018,1,listen,76.547,1.3646,mock,
2026-05-26T16:33:21.508,jason5,self_20260526_163232,clip_018,1,listen,76.182,1.3716,mock,
2026-05-26T16:33:21.730,jason5,self_20260526_163232,clip_018,1,listen,74.588,1.3527,mock,
2026-05-26T16:33:21.955,jason5,self_20260526_163232,clip_018,1,listen,74.719,1.3906,mock,
2026-05-26T16:33:22.191,jason5,self_20260526_163232,clip_018,1,listen,75.259,1.379,mock,
2026-05-26T16:33:22.417,jason5,self_20260526_163232,clip_018,1,listen,72.888,1.3787,mock,
2026-05-26T16:33:22.644,jason5,self_20260526_163232,clip_018,1,listen,74.798,1.3591,mock,
2026-05-26T16:33:22.872,jason5,self_20260526_163232,clip_018,1,listen,73.822,1.3664,mock,
2026-05-26T16:33:23.100,jason5,self_20260526_163232,clip_018,1,listen,75.316,1.3496,mock,
2026-05-26T16:33:23.328,jason5,self_20260526_163232,clip_018,1,listen,73.652,1.3847,mock,
2026-05-26T16:33:23.560,jason5,self_20260526_163232,clip_018,1,listen,73.475,1.3576,mock,
2026-05-26T16:33:23.785,jason5,self_20260526_163232,clip_018,1,listen,73.693,1.3431,mock,
2026-05-26T16:33:24.007,jason5,self_20260526_163232,clip_018,1,listen,73.614,1.3421,mock,
2026-05-26T16:33:24.232,jason5,self_20260526_163232,clip_018,1,listen,73.911,1.3587,mock,
2026-05-26T16:33:24.456,jason5,self_20260526_163232,clip_018,1,listen,74.719,1.3612,mock,
2026-05-26T16:33:24.676,jason5,self_20260526_163232,clip_018,1,listen,73.906,1.3357,mock,
2026-05-26T16:33:24.896,jason5,self_20260526_163232,clip_018,1,listen,72.693,1.3582,mock,
2026-05-26T16:33:25.120,jason5,self_20260526_163232,clip_018,1,listen,73.824,1.3261,mock,
2026-05-26T16:33:25.343,jason5,self_20260526_163232,clip_018,1,listen,73.118,1.3581,mock,
2026-05-26T16:33:25.566,jason5,self_20260526_163232,clip_018,1,listen,73.321,1.3577,mock,
2026-05-26T16:33:25.791,jason5,self_20260526_163232,clip_018,1,listen,72.104,1.3369,mock,
2026-05-26T16:33:26.020,jason5,self_20260526_163232,clip_018,1,listen,71.011,1.3452,mock,
2026-05-26T16:33:26.241,jason5,self_20260526_163232,clip_018,1,listen,71.574,1.3701,mock,
2026-05-26T16:33:26.463,jason5,self_20260526_163232,clip_018,1,listen,71.104,1.342,mock,
2026-05-26T16:33:26.684,jason5,self_20260526_163232,clip_018,1,listen,70.257,1.3286,mock,
2026-05-26T16:33:26.908,jason5,self_20260526_163232,clip_018,1,listen,71.362,1.3442,mock,
2026-05-26T16:33:27.133,jason5,self_20260526_163232,clip_018,1,listen,72.018,1.3283,mock,
2026-05-26T16:33:27.355,jason5,self_20260526_163232,clip_018,1,listen,70.052,1.3329,mock,
2026-05-26T16:33:27.577,jason5,self_20260526_163232,clip_018,1,listen,71.027,1.3304,mock,
2026-05-26T16:33:27.800,jason5,self_20260526_163232,clip_018,1,listen,70.008,1.337,mock,
2026-05-26T16:33:28.021,jason5,self_20260526_163232,clip_018,1,listen,70.397,1.3274,mock,
2026-05-26T16:33:28.242,jason5,self_20260526_163232,clip_018,1,listen,71.068,1.3228,mock,
2026-05-26T16:33:28.465,jason5,self_20260526_163232,clip_018,1,listen,70.22,1.3427,mock,
2026-05-26T16:33:28.690,jason5,self_20260526_163232,clip_018,1,listen,70.036,1.3026,mock,
2026-05-26T16:33:28.915,jason5,self_20260526_163232,clip_018,1,listen,69.794,1.3259,mock,
2026-05-26T16:33:29.140,jason5,self_20260526_163232,clip_018,1,listen,69.653,1.3079,mock,
2026-05-26T16:33:29.360,jason5,self_20260526_163232,clip_018,1,listen,70.27,1.289,mock,
2026-05-26T16:33:29.584,jason5,self_20260526_163232,clip_018,1,listen,68.089,1.2976,mock,
2026-05-26T16:33:29.807,jason5,self_20260526_163232,clip_018,1,listen,69.33,1.2804,mock,
2026-05-26T16:33:30.030,jason5,self_20260526_163232,clip_018,1,listen,69.655,1.295,mock,
2026-05-26T16:33:30.252,jason5,self_20260526_163232,clip_018,1,listen,68.233,1.2901,mock,
2026-05-26T16:33:30.474,jason5,self_20260526_163232,clip_018,1,listen,68.681,1.2564,mock,
2026-05-26T16:33:30.696,jason5,self_20260526_163232,clip_018,1,listen,69.031,1.2742,mock,
2026-05-26T16:33:30.919,jason5,self_20260526_163232,clip_018,1,listen,68.094,1.279,mock,
2026-05-26T16:33:31.142,jason5,self_20260526_163232,clip_018,1,listen,68.865,1.2587,mock,
2026-05-26T16:33:31.365,jason5,self_20260526_163232,clip_018,1,listen,68.719,1.2788,mock,
2026-05-26T16:33:31.585,jason5,self_20260526_163232,clip_018,1,listen,67.863,1.2655,mock,
2026-05-26T16:33:31.807,jason5,self_20260526_163232,clip_018,1,listen,68.294,1.29,mock,
2026-05-26T16:33:32.030,jason5,self_20260526_163232,clip_018,1,listen,66.925,1.2626,mock,
2026-05-26T16:33:32.254,jason5,self_20260526_163232,clip_018,1,listen,67.959,1.2469,mock,
2026-05-26T16:33:32.476,jason5,self_20260526_163232,clip_018,1,listen,69.456,1.2444,mock,
2026-05-26T16:33:32.695,jason5,self_20260526_163232,clip_018,1,listen,69.654,1.2342,mock,
2026-05-26T16:33:32.920,jason5,self_20260526_163232,clip_018,1,listen,68.298,1.2296,mock,
2026-05-26T16:33:33.143,jason5,self_20260526_163232,clip_018,1,listen,67.544,1.2341,mock,
2026-05-26T16:33:33.359,jason5,self_20260526_163232,clip_018,1,listen,67.813,1.2326,mock,
2026-05-26T16:33:33.585,jason5,self_20260526_163232,clip_018,1,listen,66.528,1.2558,mock,
2026-05-26T16:33:33.801,jason5,self_20260526_163232,clip_018,1,listen,67.884,1.2482,mock,
2026-05-26T16:33:34.022,jason5,self_20260526_163232,clip_018,1,listen,67.302,1.2228,mock,
2026-05-26T16:33:34.276,jason5,self_20260526_163232,clip_018,1,listen,70.239,1.2012,mock,
2026-05-26T16:33:34.495,jason5,self_20260526_163232,clip_018,1,listen,67.0,1.2025,mock,
2026-05-26T16:33:34.714,jason5,self_20260526_163232,clip_018,1,listen,68.408,1.2176,mock,
2026-05-26T16:33:34.936,jason5,self_20260526_163232,clip_018,1,listen,69.019,1.1998,mock,
2026-05-26T16:33:35.160,jason5,self_20260526_163232,clip_018,1,listen,67.041,1.1936,mock,
2026-05-26T16:33:35.383,jason5,self_20260526_163232,clip_018,1,listen,69.085,1.2036,mock,
2026-05-26T16:33:35.607,jason5,self_20260526_163232,clip_018,1,listen,66.909,1.1927,mock,
2026-05-26T16:33:35.829,jason5,self_20260526_163232,clip_018,1,listen,69.326,1.2218,mock,
2026-05-26T16:33:36.054,jason5,self_20260526_163232,clip_018,1,listen,68.818,1.1913,mock,
2026-05-26T16:33:36.277,jason5,self_20260526_163232,clip_018,1,listen,67.64,1.1708,mock,
2026-05-26T16:33:36.499,jason5,self_20260526_163232,clip_018,1,listen,68.631,1.1878,mock,
2026-05-26T16:33:36.725,jason5,self_20260526_163232,clip_018,1,listen,69.103,1.17,mock,
2026-05-26T16:33:36.949,jason5,self_20260526_163232,clip_018,1,listen,67.994,1.1625,mock,
2026-05-26T16:33:37.171,jason5,self_20260526_163232,clip_018,1,listen,68.101,1.1809,mock,
2026-05-26T16:33:37.394,jason5,self_20260526_163232,clip_018,1,listen,67.409,1.1634,mock,
2026-05-26T16:33:37.627,jason5,self_20260526_163232,clip_018,1,listen,69.47,1.1883,mock,
2026-05-26T16:33:37.846,jason5,self_20260526_163232,clip_018,1,listen,69.33,1.1779,mock,
2026-05-26T16:33:38.069,jason5,self_20260526_163232,clip_018,1,listen,69.135,1.1491,mock,
2026-05-26T16:33:38.293,jason5,self_20260526_163232,clip_018,1,listen,69.081,1.1807,mock,
2026-05-26T16:33:38.510,jason5,self_20260526_163232,clip_018,1,listen,70.389,1.1628,mock,
2026-05-26T16:33:38.732,jason5,self_20260526_163232,clip_018,1,listen,72.171,1.1527,mock,
2026-05-26T16:33:38.952,jason5,self_20260526_163232,clip_018,1,listen,70.425,1.1556,mock,
2026-05-26T16:33:39.177,jason5,self_20260526_163232,clip_018,1,listen,69.993,1.1836,mock,
2026-05-26T16:33:39.397,jason5,self_20260526_163232,clip_018,1,listen,71.361,1.1259,mock,
2026-05-26T16:33:39.618,jason5,self_20260526_163232,clip_018,1,listen,70.188,1.1514,mock,
2026-05-26T16:33:39.843,jason5,self_20260526_163232,clip_018,1,listen,71.184,1.1229,mock,
2026-05-26T16:33:40.065,jason5,self_20260526_163232,clip_018,1,listen,69.225,1.1129,mock,
2026-05-26T16:33:40.288,jason5,self_20260526_163232,clip_018,1,listen,70.925,1.1384,mock,
2026-05-26T16:34:31.939,jason5,self_20260526_163232,clip_015,2,rest,72.022,1.25,mock,
2026-05-26T16:34:32.172,jason5,self_20260526_163232,clip_015,2,rest,72.232,1.2672,mock,
2026-05-26T16:34:32.391,jason5,self_20260526_163232,clip_015,2,rest,72.394,1.2379,mock,
2026-05-26T16:34:32.610,jason5,self_20260526_163232,clip_015,2,rest,72.89,1.2601,mock,
2026-05-26T16:34:32.831,jason5,self_20260526_163232,clip_015,2,rest,72.679,1.2696,mock,
2026-05-26T16:34:33.049,jason5,self_20260526_163232,clip_015,2,rest,73.163,1.289,mock,
2026-05-26T16:34:33.268,jason5,self_20260526_163232,clip_015,2,rest,73.628,1.2769,mock,
2026-05-26T16:34:33.483,jason5,self_20260526_163232,clip_015,2,rest,72.816,1.2636,mock,
2026-05-26T16:34:33.702,jason5,self_20260526_163232,clip_015,2,rest,73.669,1.3021,mock,
2026-05-26T16:34:33.919,jason5,self_20260526_163232,clip_015,2,rest,73.685,1.2844,mock,
2026-05-26T16:34:34.141,jason5,self_20260526_163232,clip_015,2,rest,74.188,1.2678,mock,
2026-05-26T16:34:34.364,jason5,self_20260526_163232,clip_015,2,rest,73.754,1.3006,mock,
2026-05-26T16:34:34.587,jason5,self_20260526_163232,clip_015,2,rest,74.737,1.2931,mock,
2026-05-26T16:34:34.817,jason5,self_20260526_163232,clip_015,2,rest,74.543,1.3041,mock,
2026-05-26T16:34:35.038,jason5,self_20260526_163232,clip_015,2,rest,74.97,1.2871,mock,
2026-05-26T16:34:35.262,jason5,self_20260526_163232,clip_015,2,rest,74.96,1.2845,mock,
2026-05-26T16:34:35.485,jason5,self_20260526_163232,clip_015,2,rest,72.863,1.3014,mock,
2026-05-26T16:34:35.707,jason5,self_20260526_163232,clip_015,2,rest,74.185,1.3269,mock,
2026-05-26T16:34:35.930,jason5,self_20260526_163232,clip_015,2,rest,75.414,1.2987,mock,
2026-05-26T16:34:36.154,jason5,self_20260526_163232,clip_015,2,rest,75.66,1.3051,mock,
2026-05-26T16:34:36.383,jason5,self_20260526_163232,clip_015,2,rest,75.121,1.3189,mock,
2026-05-26T16:34:36.605,jason5,self_20260526_163232,clip_015,2,rest,75.366,1.3385,mock,
2026-05-26T16:34:36.827,jason5,self_20260526_163232,clip_015,2,rest,75.831,1.3344,mock,
2026-05-26T16:34:37.050,jason5,self_20260526_163232,clip_015,2,rest,75.931,1.3392,mock,
2026-05-26T16:34:37.274,jason5,self_20260526_163232,clip_015,2,rest,75.122,1.324,mock,
2026-05-26T16:34:37.497,jason5,self_20260526_163232,clip_015,2,rest,75.31,1.3449,mock,
2026-05-26T16:34:37.719,jason5,self_20260526_163232,clip_015,2,rest,75.534,1.375,mock,
2026-05-26T16:34:37.949,jason5,self_20260526_163232,clip_015,2,rest,75.2,1.326,mock,
2026-05-26T16:34:38.173,jason5,self_20260526_163232,clip_015,2,rest,76.367,1.3663,mock,
2026-05-26T16:34:38.394,jason5,self_20260526_163232,clip_015,2,rest,76.231,1.3597,mock,
2026-05-26T16:34:38.618,jason5,self_20260526_163232,clip_015,2,rest,76.915,1.348,mock,
2026-05-26T16:34:38.841,jason5,self_20260526_163232,clip_015,2,rest,74.953,1.3435,mock,
2026-05-26T16:34:39.067,jason5,self_20260526_163232,clip_015,2,rest,76.641,1.3318,mock,
2026-05-26T16:34:39.294,jason5,self_20260526_163232,clip_015,2,rest,76.014,1.3592,mock,
2026-05-26T16:34:39.513,jason5,self_20260526_163232,clip_015,2,rest,75.778,1.368,mock,
2026-05-26T16:34:39.737,jason5,self_20260526_163232,clip_015,2,rest,76.406,1.3937,mock,
2026-05-26T16:34:39.961,jason5,self_20260526_163232,clip_015,2,rest,76.426,1.3513,mock,
2026-05-26T16:34:40.219,jason5,self_20260526_163232,clip_015,2,rest,75.58,1.3496,mock,
2026-05-26T16:34:40.439,jason5,self_20260526_163232,clip_015,2,rest,76.615,1.3548,mock,
2026-05-26T16:34:40.669,jason5,self_20260526_163232,clip_015,2,rest,75.866,1.3758,mock,
2026-05-26T16:34:40.893,jason5,self_20260526_163232,clip_015,2,rest,75.368,1.3613,mock,
2026-05-26T16:34:41.116,jason5,self_20260526_163232,clip_015,2,rest,74.538,1.3504,mock,
2026-05-26T16:34:41.343,jason5,self_20260526_163232,clip_015,2,rest,75.373,1.3737,mock,
2026-05-26T16:34:41.568,jason5,self_20260526_163232,clip_015,2,rest,76.541,1.3679,mock,
2026-05-26T16:34:41.790,jason5,self_20260526_163232,clip_015,2,rest,75.818,1.3713,mock,
2026-05-26T16:34:42.012,jason5,self_20260526_163232,clip_015,2,rest,76.317,1.3827,mock,
2026-05-26T16:34:42.235,jason5,self_20260526_163232,clip_015,2,rest,75.664,1.3545,mock,
2026-05-26T16:34:42.461,jason5,self_20260526_163232,clip_015,2,rest,76.012,1.3756,mock,
2026-05-26T16:34:42.689,jason5,self_20260526_163232,clip_015,2,rest,76.138,1.3695,mock,
2026-05-26T16:34:42.915,jason5,self_20260526_163232,clip_015,2,rest,76.539,1.3646,mock,
2026-05-26T16:34:43.141,jason5,self_20260526_163232,clip_015,2,rest,76.173,1.3716,mock,
2026-05-26T16:34:43.372,jason5,self_20260526_163232,clip_015,2,rest,74.575,1.3526,mock,
2026-05-26T16:34:43.596,jason5,self_20260526_163232,clip_015,2,rest,74.706,1.3905,mock,
2026-05-26T16:34:43.827,jason5,self_20260526_163232,clip_015,2,rest,75.248,1.379,mock,
2026-05-26T16:34:44.052,jason5,self_20260526_163232,clip_015,2,rest,72.877,1.3787,mock,
2026-05-26T16:34:44.280,jason5,self_20260526_163232,clip_015,2,rest,74.786,1.359,mock,
2026-05-26T16:34:44.508,jason5,self_20260526_163232,clip_015,2,rest,73.81,1.3663,mock,
2026-05-26T16:34:44.736,jason5,self_20260526_163232,clip_015,2,rest,75.303,1.3495,mock,
2026-05-26T16:34:44.964,jason5,self_20260526_163232,clip_015,2,rest,73.639,1.3846,mock,
2026-05-26T16:34:45.195,jason5,self_20260526_163232,clip_015,2,rest,73.462,1.3575,mock,
2026-05-26T16:34:45.422,jason5,self_20260526_163232,clip_015,2,rest,73.678,1.3429,mock,
2026-05-26T16:34:45.640,jason5,self_20260526_163232,clip_015,2,rest,73.602,1.342,mock,
2026-05-26T16:34:45.864,jason5,self_20260526_163232,clip_015,2,rest,73.9,1.3586,mock,
2026-05-26T16:34:46.086,jason5,self_20260526_163232,clip_015,2,rest,74.709,1.3611,mock,
2026-05-26T16:34:46.310,jason5,self_20260526_163232,clip_015,2,rest,73.894,1.3355,mock,
2026-05-26T16:34:46.533,jason5,self_20260526_163232,clip_015,2,rest,72.677,1.358,mock,
2026-05-26T16:34:46.756,jason5,self_20260526_163232,clip_015,2,rest,73.809,1.3259,mock,
2026-05-26T16:34:46.978,jason5,self_20260526_163232,clip_015,2,rest,73.105,1.3579,mock,
2026-05-26T16:34:47.202,jason5,self_20260526_163232,clip_015,2,rest,73.306,1.3575,mock,
2026-05-26T16:34:47.426,jason5,self_20260526_163232,clip_015,2,rest,72.09,1.3367,mock,
2026-05-26T16:34:47.664,jason5,self_20260526_163232,clip_015,2,rest,70.989,1.3449,mock,
2026-05-26T16:34:47.886,jason5,self_20260526_163232,clip_015,2,rest,71.551,1.3698,mock,
2026-05-26T16:34:48.109,jason5,self_20260526_163232,clip_015,2,rest,71.081,1.3417,mock,
2026-05-26T16:34:48.334,jason5,self_20260526_163232,clip_015,2,rest,70.232,1.3282,mock,
2026-05-26T16:34:48.557,jason5,self_20260526_163232,clip_015,2,rest,71.338,1.3438,mock,
2026-05-26T16:34:48.782,jason5,self_20260526_163232,clip_015,2,rest,71.994,1.3279,mock,
2026-05-26T16:34:49.002,jason5,self_20260526_163232,clip_015,2,rest,70.029,1.3325,mock,
2026-05-26T16:34:49.222,jason5,self_20260526_163232,clip_015,2,rest,71.006,1.33,mock,
2026-05-26T16:34:49.444,jason5,self_20260526_163232,clip_015,2,rest,69.988,1.3366,mock,
2026-05-26T16:34:49.674,jason5,self_20260526_163232,clip_015,2,rest,70.372,1.3269,mock,
2026-05-26T16:34:49.897,jason5,self_20260526_163232,clip_015,2,rest,71.042,1.3223,mock,
2026-05-26T16:34:50.120,jason5,self_20260526_163232,clip_015,2,rest,70.194,1.3422,mock,
2026-05-26T16:34:50.339,jason5,self_20260526_163232,clip_015,2,rest,70.015,1.3021,mock,
2026-05-26T16:34:50.556,jason5,self_20260526_163232,clip_015,2,rest,69.778,1.3255,mock,
2026-05-26T16:34:50.789,jason5,self_20260526_163232,clip_015,2,rest,69.633,1.3075,mock,
2026-05-26T16:34:51.012,jason5,self_20260526_163232,clip_015,2,rest,70.248,1.2885,mock,
2026-05-26T16:34:51.237,jason5,self_20260526_163232,clip_015,2,rest,68.069,1.2971,mock,
2026-05-26T16:34:51.467,jason5,self_20260526_163232,clip_015,2,rest,69.306,1.2798,mock,
2026-05-26T16:34:51.689,jason5,self_20260526_163232,clip_015,2,rest,69.633,1.2944,mock,
2026-05-26T16:34:51.908,jason5,self_20260526_163232,clip_015,2,rest,68.213,1.2894,mock,
2026-05-26T16:34:52.131,jason5,self_20260526_163232,clip_015,2,rest,68.662,1.2557,mock,
2026-05-26T16:34:52.360,jason5,self_20260526_163232,clip_015,2,rest,69.01,1.2734,mock,
2026-05-26T16:34:52.583,jason5,self_20260526_163232,clip_015,2,rest,68.074,1.2782,mock,
2026-05-26T16:34:52.806,jason5,self_20260526_163232,clip_015,2,rest,68.847,1.2579,mock,
2026-05-26T16:34:53.027,jason5,self_20260526_163232,clip_015,2,rest,68.703,1.2781,mock,
2026-05-26T16:34:53.256,jason5,self_20260526_163232,clip_015,2,rest,67.846,1.2646,mock,
2026-05-26T16:34:53.477,jason5,self_20260526_163232,clip_015,2,rest,68.279,1.2891,mock,
2026-05-26T16:34:53.699,jason5,self_20260526_163232,clip_015,2,rest,66.912,1.2618,mock,
2026-05-26T16:34:53.919,jason5,self_20260526_163232,clip_015,2,rest,67.948,1.2461,mock,
2026-05-26T16:34:54.143,jason5,self_20260526_163232,clip_015,2,rest,69.447,1.2436,mock,
2026-05-26T16:34:54.364,jason5,self_20260526_163232,clip_015,2,rest,69.646,1.2333,mock,
2026-05-26T16:34:54.585,jason5,self_20260526_163232,clip_015,2,rest,68.292,1.2288,mock,
2026-05-26T16:34:54.810,jason5,self_20260526_163232,clip_015,2,rest,67.54,1.2333,mock,
2026-05-26T16:34:55.036,jason5,self_20260526_163232,clip_015,2,rest,67.81,1.2316,mock,
2026-05-26T16:34:55.252,jason5,self_20260526_163232,clip_015,2,rest,66.527,1.2549,mock,
2026-05-26T16:34:55.474,jason5,self_20260526_163232,clip_015,2,rest,67.884,1.2473,mock,
2026-05-26T16:34:55.694,jason5,self_20260526_163232,clip_015,2,rest,67.305,1.2219,mock,
2026-05-26T16:34:55.945,jason5,self_20260526_163232,clip_015,2,rest,70.244,1.2004,mock,
2026-05-26T16:34:56.164,jason5,self_20260526_163232,clip_015,2,rest,67.007,1.2017,mock,
2026-05-26T16:34:56.382,jason5,self_20260526_163232,clip_015,2,rest,68.416,1.2167,mock,
2026-05-26T16:34:56.610,jason5,self_20260526_163232,clip_015,2,rest,69.03,1.1989,mock,
2026-05-26T16:34:56.829,jason5,self_20260526_163232,clip_015,2,rest,67.053,1.1928,mock,
2026-05-26T16:34:57.047,jason5,self_20260526_163232,clip_015,2,rest,69.097,1.2029,mock,
2026-05-26T16:34:57.269,jason5,self_20260526_163232,clip_015,2,rest,66.922,1.1921,mock,
2026-05-26T16:34:57.493,jason5,self_20260526_163232,clip_015,2,rest,69.342,1.2211,mock,
2026-05-26T16:34:57.716,jason5,self_20260526_163232,clip_015,2,rest,68.834,1.1906,mock,
2026-05-26T16:34:57.939,jason5,self_20260526_163232,clip_015,2,rest,67.658,1.1701,mock,
2026-05-26T16:34:58.166,jason5,self_20260526_163232,clip_015,2,rest,68.652,1.1871,mock,
2026-05-26T16:34:58.385,jason5,self_20260526_163232,clip_015,2,rest,69.122,1.1694,mock,
2026-05-26T16:34:58.605,jason5,self_20260526_163232,clip_015,2,rest,68.013,1.162,mock,
2026-05-26T16:34:58.819,jason5,self_20260526_163232,clip_015,2,rest,68.116,1.1805,mock,
2026-05-26T16:34:59.031,jason5,self_20260526_163232,clip_015,2,rest,67.419,1.1631,mock,
2026-05-26T16:34:59.265,jason5,self_20260526_163232,clip_015,2,rest,69.482,1.1881,mock,
2026-05-26T16:34:59.486,jason5,self_20260526_163232,clip_015,2,rest,69.344,1.1776,mock,
2026-05-26T16:34:59.706,jason5,self_20260526_163232,clip_015,2,rest,69.147,1.1489,mock,
2026-05-26T16:34:59.927,jason5,self_20260526_163232,clip_015,2,rest,69.092,1.1805,mock,
2026-05-26T16:35:00.150,jason5,self_20260526_163232,clip_015,2,rest,70.404,1.1625,mock,
2026-05-26T16:35:00.365,jason5,self_20260526_163232,clip_015,2,rest,72.182,1.1525,mock,
2026-05-26T16:35:00.589,jason5,self_20260526_163232,clip_015,2,rest,70.438,1.1554,mock,
2026-05-26T16:35:00.810,jason5,self_20260526_163232,clip_015,2,rest,70.004,1.1834,mock,
2026-05-26T16:35:01.032,jason5,self_20260526_163232,clip_015,2,rest,71.374,1.1257,mock,
2026-05-26T16:35:01.252,jason5,self_20260526_163232,clip_015,2,rest,70.2,1.1513,mock,
2026-05-26T16:35:01.476,jason5,self_20260526_163232,clip_015,2,rest,71.196,1.1228,mock,
2026-05-26T16:35:01.700,jason5,self_20260526_163232,clip_015,2,rest,69.238,1.1128,mock,
2026-05-26T16:35:01.923,jason5,self_20260526_163232,clip_015,2,rest,70.939,1.1383,mock,
2026-05-26T16:35:04.077,jason5,self_20260526_163232,clip_015,2,listen,72.022,1.25,mock,
2026-05-26T16:35:04.304,jason5,self_20260526_163232,clip_015,2,listen,72.226,1.267,mock,
2026-05-26T16:35:04.523,jason5,self_20260526_163232,clip_015,2,listen,72.389,1.2378,mock,
2026-05-26T16:35:04.747,jason5,self_20260526_163232,clip_015,2,listen,72.888,1.2601,mock,
2026-05-26T16:35:04.968,jason5,self_20260526_163232,clip_015,2,listen,72.678,1.2696,mock,
2026-05-26T16:35:05.189,jason5,self_20260526_163232,clip_015,2,listen,73.164,1.289,mock,
2026-05-26T16:35:05.410,jason5,self_20260526_163232,clip_015,2,listen,73.632,1.277,mock,
2026-05-26T16:35:05.633,jason5,self_20260526_163232,clip_015,2,listen,72.824,1.2638,mock,
2026-05-26T16:35:05.853,jason5,self_20260526_163232,clip_015,2,listen,73.678,1.3023,mock,
2026-05-26T16:35:06.074,jason5,self_20260526_163232,clip_015,2,listen,73.697,1.2847,mock,
2026-05-26T16:35:06.294,jason5,self_20260526_163232,clip_015,2,listen,74.198,1.2681,mock,
2026-05-26T16:35:06.516,jason5,self_20260526_163232,clip_015,2,listen,73.763,1.3008,mock,
2026-05-26T16:35:06.737,jason5,self_20260526_163232,clip_015,2,listen,74.745,1.2933,mock,
2026-05-26T16:35:06.958,jason5,self_20260526_163232,clip_015,2,listen,74.545,1.3041,mock,
2026-05-26T16:35:07.182,jason5,self_20260526_163232,clip_015,2,listen,74.974,1.2872,mock,
2026-05-26T16:35:07.404,jason5,self_20260526_163232,clip_015,2,listen,74.963,1.2845,mock,
2026-05-26T16:35:07.627,jason5,self_20260526_163232,clip_015,2,listen,72.865,1.3015,mock,
2026-05-26T16:35:07.852,jason5,self_20260526_163232,clip_015,2,listen,74.188,1.327,mock,
2026-05-26T16:35:08.085,jason5,self_20260526_163232,clip_015,2,listen,75.423,1.2989,mock,
2026-05-26T16:35:08.306,jason5,self_20260526_163232,clip_015,2,listen,75.667,1.3053,mock,
2026-05-26T16:35:08.525,jason5,self_20260526_163232,clip_015,2,listen,75.123,1.3189,mock,
2026-05-26T16:35:08.750,jason5,self_20260526_163232,clip_015,2,listen,75.369,1.3386,mock,
2026-05-26T16:35:08.973,jason5,self_20260526_163232,clip_015,2,listen,75.834,1.3345,mock,
2026-05-26T16:35:09.197,jason5,self_20260526_163232,clip_015,2,listen,75.934,1.3393,mock,
2026-05-26T16:35:09.421,jason5,self_20260526_163232,clip_015,2,listen,75.125,1.3241,mock,
2026-05-26T16:35:09.644,jason5,self_20260526_163232,clip_015,2,listen,75.312,1.345,mock,
2026-05-26T16:35:09.868,jason5,self_20260526_163232,clip_015,2,listen,75.537,1.3751,mock,
2026-05-26T16:35:10.092,jason5,self_20260526_163232,clip_015,2,listen,75.201,1.3261,mock,
2026-05-26T16:35:10.319,jason5,self_20260526_163232,clip_015,2,listen,76.369,1.3663,mock,
2026-05-26T16:35:10.544,jason5,self_20260526_163232,clip_015,2,listen,76.233,1.3598,mock,
2026-05-26T16:35:10.769,jason5,self_20260526_163232,clip_015,2,listen,76.917,1.3481,mock,
2026-05-26T16:35:10.995,jason5,self_20260526_163232,clip_015,2,listen,74.955,1.3437,mock,
2026-05-26T16:35:11.219,jason5,self_20260526_163232,clip_015,2,listen,76.642,1.332,mock,
2026-05-26T16:35:11.445,jason5,self_20260526_163232,clip_015,2,listen,76.015,1.3593,mock,
2026-05-26T16:35:11.671,jason5,self_20260526_163232,clip_015,2,listen,75.778,1.3682,mock,
2026-05-26T16:35:11.897,jason5,self_20260526_163232,clip_015,2,listen,76.405,1.3938,mock,
2026-05-26T16:35:12.123,jason5,self_20260526_163232,clip_015,2,listen,76.424,1.3514,mock,
2026-05-26T16:35:12.381,jason5,self_20260526_163232,clip_015,2,listen,75.578,1.3497,mock,
2026-05-26T16:35:12.605,jason5,self_20260526_163232,clip_015,2,listen,76.612,1.355,mock,
2026-05-26T16:35:12.831,jason5,self_20260526_163232,clip_015,2,listen,75.862,1.3759,mock,
2026-05-26T16:35:13.059,jason5,self_20260526_163232,clip_015,2,listen,75.363,1.3614,mock,
2026-05-26T16:35:13.287,jason5,self_20260526_163232,clip_015,2,listen,74.53,1.3505,mock,
2026-05-26T16:35:13.515,jason5,self_20260526_163232,clip_015,2,listen,75.363,1.3738,mock,
2026-05-26T16:35:13.742,jason5,self_20260526_163232,clip_015,2,listen,76.531,1.368,mock,
2026-05-26T16:35:13.970,jason5,self_20260526_163232,clip_015,2,listen,75.805,1.3714,mock,
2026-05-26T16:35:14.199,jason5,self_20260526_163232,clip_015,2,listen,76.299,1.3828,mock,
2026-05-26T16:35:14.427,jason5,self_20260526_163232,clip_015,2,listen,75.643,1.3545,mock,
2026-05-26T16:35:14.654,jason5,self_20260526_163232,clip_015,2,listen,75.988,1.3756,mock,
2026-05-26T16:35:14.878,jason5,self_20260526_163232,clip_015,2,listen,76.114,1.3695,mock,
2026-05-26T16:35:15.104,jason5,self_20260526_163232,clip_015,2,listen,76.514,1.3646,mock,
2026-05-26T16:35:15.331,jason5,self_20260526_163232,clip_015,2,listen,76.147,1.3715,mock,
2026-05-26T16:35:15.555,jason5,self_20260526_163232,clip_015,2,listen,74.551,1.3526,mock,
2026-05-26T16:35:15.781,jason5,self_20260526_163232,clip_015,2,listen,74.679,1.3904,mock,
2026-05-26T16:35:16.019,jason5,self_20260526_163232,clip_015,2,listen,75.217,1.3789,mock,
2026-05-26T16:35:16.246,jason5,self_20260526_163232,clip_015,2,listen,72.843,1.3785,mock,
2026-05-26T16:35:16.475,jason5,self_20260526_163232,clip_015,2,listen,74.75,1.3588,mock,
2026-05-26T16:35:16.703,jason5,self_20260526_163232,clip_015,2,listen,73.772,1.3661,mock,
2026-05-26T16:35:16.927,jason5,self_20260526_163232,clip_015,2,listen,75.267,1.3493,mock,
2026-05-26T16:35:17.156,jason5,self_20260526_163232,clip_015,2,listen,73.601,1.3844,mock,
2026-05-26T16:35:17.391,jason5,self_20260526_163232,clip_015,2,listen,73.421,1.3571,mock,
2026-05-26T16:35:17.618,jason5,self_20260526_163232,clip_015,2,listen,73.636,1.3426,mock,
2026-05-26T16:35:17.840,jason5,self_20260526_163232,clip_015,2,listen,73.557,1.3416,mock,
2026-05-26T16:35:18.065,jason5,self_20260526_163232,clip_015,2,listen,73.852,1.3581,mock,
2026-05-26T16:35:18.286,jason5,self_20260526_163232,clip_015,2,listen,74.662,1.3606,mock,
2026-05-26T16:35:18.511,jason5,self_20260526_163232,clip_015,2,listen,73.845,1.335,mock,
2026-05-26T16:35:18.741,jason5,self_20260526_163232,clip_015,2,listen,72.623,1.3574,mock,
2026-05-26T16:35:18.966,jason5,self_20260526_163232,clip_015,2,listen,73.753,1.3253,mock,
2026-05-26T16:35:19.191,jason5,self_20260526_163232,clip_015,2,listen,73.046,1.3572,mock,
2026-05-26T16:35:19.416,jason5,self_20260526_163232,clip_015,2,listen,73.246,1.3568,mock,
2026-05-26T16:35:19.642,jason5,self_20260526_163232,clip_015,2,listen,72.028,1.3359,mock,
2026-05-26T16:35:19.876,jason5,self_20260526_163232,clip_015,2,listen,70.931,1.3441,mock,
2026-05-26T16:35:20.097,jason5,self_20260526_163232,clip_015,2,listen,71.494,1.369,mock,
2026-05-26T16:35:20.318,jason5,self_20260526_163232,clip_015,2,listen,71.025,1.3408,mock,
2026-05-26T16:35:20.542,jason5,self_20260526_163232,clip_015,2,listen,70.177,1.3274,mock,
2026-05-26T16:35:20.763,jason5,self_20260526_163232,clip_015,2,listen,71.285,1.3429,mock,
2026-05-26T16:35:20.986,jason5,self_20260526_163232,clip_015,2,listen,71.943,1.327,mock,
2026-05-26T16:35:21.211,jason5,self_20260526_163232,clip_015,2,listen,69.975,1.3316,mock,
2026-05-26T16:35:21.434,jason5,self_20260526_163232,clip_015,2,listen,70.951,1.3291,mock,
2026-05-26T16:35:21.658,jason5,self_20260526_163232,clip_015,2,listen,69.933,1.3356,mock,
2026-05-26T16:35:21.882,jason5,self_20260526_163232,clip_015,2,listen,70.322,1.3259,mock,
2026-05-26T16:35:22.106,jason5,self_20260526_163232,clip_015,2,listen,70.992,1.3213,mock,
2026-05-26T16:35:22.327,jason5,self_20260526_163232,clip_015,2,listen,70.147,1.3411,mock,
2026-05-26T16:35:22.550,jason5,self_20260526_163232,clip_015,2,listen,69.966,1.301,mock,
2026-05-26T16:35:22.775,jason5,self_20260526_163232,clip_015,2,listen,69.726,1.3243,mock,
2026-05-26T16:35:22.998,jason5,self_20260526_163232,clip_015,2,listen,69.589,1.3064,mock,
2026-05-26T16:35:23.228,jason5,self_20260526_163232,clip_015,2,listen,70.202,1.2873,mock,
2026-05-26T16:35:23.452,jason5,self_20260526_163232,clip_015,2,listen,68.024,1.2959,mock,
2026-05-26T16:35:23.664,jason5,self_20260526_163232,clip_015,2,listen,69.273,1.2788,mock,
2026-05-26T16:35:23.885,jason5,self_20260526_163232,clip_015,2,listen,69.603,1.2934,mock,
2026-05-26T16:35:24.104,jason5,self_20260526_163232,clip_015,2,listen,68.184,1.2885,mock,
2026-05-26T16:35:24.327,jason5,self_20260526_163232,clip_015,2,listen,68.635,1.2547,mock,
2026-05-26T16:35:24.550,jason5,self_20260526_163232,clip_015,2,listen,68.987,1.2726,mock,
2026-05-26T16:35:24.775,jason5,self_20260526_163232,clip_015,2,listen,68.052,1.2773,mock,
2026-05-26T16:35:24.999,jason5,self_20260526_163232,clip_015,2,listen,68.826,1.257,mock,
2026-05-26T16:35:25.224,jason5,self_20260526_163232,clip_015,2,listen,68.683,1.2771,mock,
2026-05-26T16:35:25.447,jason5,self_20260526_163232,clip_015,2,listen,67.829,1.2637,mock,
2026-05-26T16:35:25.670,jason5,self_20260526_163232,clip_015,2,listen,68.263,1.2882,mock,
2026-05-26T16:35:25.894,jason5,self_20260526_163232,clip_015,2,listen,66.897,1.2608,mock,
2026-05-26T16:35:26.117,jason5,self_20260526_163232,clip_015,2,listen,67.934,1.245,mock,
2026-05-26T16:35:26.342,jason5,self_20260526_163232,clip_015,2,listen,69.435,1.2426,mock,
2026-05-26T16:35:26.566,jason5,self_20260526_163232,clip_015,2,listen,69.636,1.2322,mock,
2026-05-26T16:35:26.790,jason5,self_20260526_163232,clip_015,2,listen,68.284,1.2277,mock,
2026-05-26T16:35:27.015,jason5,self_20260526_163232,clip_015,2,listen,67.534,1.2322,mock,
2026-05-26T16:35:27.239,jason5,self_20260526_163232,clip_015,2,listen,67.807,1.2305,mock,
2026-05-26T16:35:27.461,jason5,self_20260526_163232,clip_015,2,listen,66.527,1.2538,mock,
2026-05-26T16:35:27.684,jason5,self_20260526_163232,clip_015,2,listen,67.886,1.2461,mock,
2026-05-26T16:35:27.908,jason5,self_20260526_163232,clip_015,2,listen,67.309,1.2207,mock,
2026-05-26T16:35:28.166,jason5,self_20260526_163232,clip_015,2,listen,70.252,1.199,mock,
2026-05-26T16:35:28.386,jason5,self_20260526_163232,clip_015,2,listen,67.018,1.2003,mock,
2026-05-26T16:35:28.607,jason5,self_20260526_163232,clip_015,2,listen,68.431,1.2154,mock,
2026-05-26T16:35:28.830,jason5,self_20260526_163232,clip_015,2,listen,69.047,1.1976,mock,
2026-05-26T16:35:29.049,jason5,self_20260526_163232,clip_015,2,listen,67.072,1.1915,mock,
2026-05-26T16:35:29.272,jason5,self_20260526_163232,clip_015,2,listen,69.121,1.2016,mock,
2026-05-26T16:35:29.497,jason5,self_20260526_163232,clip_015,2,listen,66.949,1.1907,mock,
2026-05-26T16:35:29.721,jason5,self_20260526_163232,clip_015,2,listen,69.372,1.2198,mock,
2026-05-26T16:35:29.945,jason5,self_20260526_163232,clip_015,2,listen,68.867,1.1893,mock,
2026-05-26T16:35:30.168,jason5,self_20260526_163232,clip_015,2,listen,67.694,1.1688,mock,
2026-05-26T16:35:30.393,jason5,self_20260526_163232,clip_015,2,listen,68.69,1.1859,mock,
2026-05-26T16:35:30.618,jason5,self_20260526_163232,clip_015,2,listen,69.166,1.1681,mock,
2026-05-26T16:35:30.840,jason5,self_20260526_163232,clip_015,2,listen,68.06,1.1607,mock,
2026-05-26T16:35:31.063,jason5,self_20260526_163232,clip_015,2,listen,68.171,1.1791,mock,
2026-05-26T16:35:31.288,jason5,self_20260526_163232,clip_015,2,listen,67.484,1.1617,mock,
2026-05-26T16:35:31.526,jason5,self_20260526_163232,clip_015,2,listen,69.551,1.1866,mock,
2026-05-26T16:35:31.745,jason5,self_20260526_163232,clip_015,2,listen,69.416,1.1762,mock,
2026-05-26T16:35:31.969,jason5,self_20260526_163232,clip_015,2,listen,69.224,1.1475,mock,
2026-05-26T16:35:32.192,jason5,self_20260526_163232,clip_015,2,listen,69.173,1.1792,mock,
2026-05-26T16:35:32.416,jason5,self_20260526_163232,clip_015,2,listen,70.488,1.1612,mock,
2026-05-26T16:35:32.639,jason5,self_20260526_163232,clip_015,2,listen,72.274,1.1512,mock,
2026-05-26T16:35:32.861,jason5,self_20260526_163232,clip_015,2,listen,70.531,1.1541,mock,
2026-05-26T16:35:33.086,jason5,self_20260526_163232,clip_015,2,listen,70.102,1.1822,mock,
2026-05-26T16:35:33.307,jason5,self_20260526_163232,clip_015,2,listen,71.473,1.1246,mock,
2026-05-26T16:35:33.531,jason5,self_20260526_163232,clip_015,2,listen,70.304,1.1501,mock,
2026-05-26T16:35:33.752,jason5,self_20260526_163232,clip_015,2,listen,71.299,1.1218,mock,
2026-05-26T16:35:33.976,jason5,self_20260526_163232,clip_015,2,listen,69.344,1.1118,mock,
2026-05-26T16:35:56.907,jason5,self_20260526_163232,clip_011,3,rest,72.025,1.2501,mock,
2026-05-26T16:35:57.141,jason5,self_20260526_163232,clip_011,3,rest,72.235,1.2672,mock,
2026-05-26T16:35:57.361,jason5,self_20260526_163232,clip_011,3,rest,72.398,1.238,mock,
2026-05-26T16:35:57.580,jason5,self_20260526_163232,clip_011,3,rest,72.894,1.2602,mock,
2026-05-26T16:35:57.802,jason5,self_20260526_163232,clip_011,3,rest,72.683,1.2697,mock,
2026-05-26T16:35:58.019,jason5,self_20260526_163232,clip_011,3,rest,73.167,1.2891,mock,
2026-05-26T16:35:58.265,jason5,self_20260526_163232,clip_011,3,rest,73.653,1.2774,mock,
2026-05-26T16:35:58.477,jason5,self_20260526_163232,clip_011,3,rest,72.837,1.2641,mock,
2026-05-26T16:35:58.691,jason5,self_20260526_163232,clip_011,3,rest,73.687,1.3025,mock,
2026-05-26T16:35:58.911,jason5,self_20260526_163232,clip_011,3,rest,73.704,1.2849,mock,
2026-05-26T16:35:59.134,jason5,self_20260526_163232,clip_011,3,rest,74.208,1.2683,mock,
2026-05-26T16:35:59.355,jason5,self_20260526_163232,clip_011,3,rest,73.772,1.301,mock,
2026-05-26T16:35:59.569,jason5,self_20260526_163232,clip_011,3,rest,74.749,1.2934,mock,
2026-05-26T16:35:59.793,jason5,self_20260526_163232,clip_011,3,rest,74.551,1.3043,mock,
2026-05-26T16:36:00.011,jason5,self_20260526_163232,clip_011,3,rest,74.975,1.2872,mock,
2026-05-26T16:36:00.228,jason5,self_20260526_163232,clip_011,3,rest,74.961,1.2845,mock,
2026-05-26T16:36:00.445,jason5,self_20260526_163232,clip_011,3,rest,72.86,1.3013,mock,
2026-05-26T16:36:00.666,jason5,self_20260526_163232,clip_011,3,rest,74.181,1.3268,mock,
2026-05-26T16:36:00.886,jason5,self_20260526_163232,clip_011,3,rest,75.409,1.2986,mock,
2026-05-26T16:36:01.108,jason5,self_20260526_163232,clip_011,3,rest,75.655,1.3049,mock,
2026-05-26T16:36:01.328,jason5,self_20260526_163232,clip_011,3,rest,75.111,1.3186,mock,
2026-05-26T16:36:01.552,jason5,self_20260526_163232,clip_011,3,rest,75.358,1.3383,mock,
2026-05-26T16:36:01.766,jason5,self_20260526_163232,clip_011,3,rest,75.82,1.3341,mock,
2026-05-26T16:36:01.995,jason5,self_20260526_163232,clip_011,3,rest,75.923,1.3389,mock,
2026-05-26T16:36:02.241,jason5,self_20260526_163232,clip_011,3,rest,75.123,1.324,mock,
2026-05-26T16:36:02.445,jason5,self_20260526_163232,clip_011,3,rest,75.304,1.3447,mock,
2026-05-26T16:36:02.673,jason5,self_20260526_163232,clip_011,3,rest,75.53,1.3749,mock,
2026-05-26T16:36:02.902,jason5,self_20260526_163232,clip_011,3,rest,75.197,1.3259,mock,
2026-05-26T16:36:03.128,jason5,self_20260526_163232,clip_011,3,rest,76.365,1.3662,mock,
2026-05-26T16:36:03.351,jason5,self_20260526_163232,clip_011,3,rest,76.229,1.3597,mock,
2026-05-26T16:36:03.584,jason5,self_20260526_163232,clip_011,3,rest,76.915,1.348,mock,
2026-05-26T16:36:03.803,jason5,self_20260526_163232,clip_011,3,rest,74.953,1.3435,mock,
2026-05-26T16:36:04.025,jason5,self_20260526_163232,clip_011,3,rest,76.64,1.3318,mock,
2026-05-26T16:36:04.252,jason5,self_20260526_163232,clip_011,3,rest,76.014,1.3592,mock,
2026-05-26T16:36:04.477,jason5,self_20260526_163232,clip_011,3,rest,75.778,1.368,mock,
2026-05-26T16:36:04.700,jason5,self_20260526_163232,clip_011,3,rest,76.406,1.3936,mock,
2026-05-26T16:36:04.918,jason5,self_20260526_163232,clip_011,3,rest,76.426,1.3512,mock,
2026-05-26T16:36:05.163,jason5,self_20260526_163232,clip_011,3,rest,75.582,1.3495,mock,
2026-05-26T16:36:05.385,jason5,self_20260526_163232,clip_011,3,rest,76.618,1.3547,mock,
2026-05-26T16:36:05.607,jason5,self_20260526_163232,clip_011,3,rest,75.871,1.3757,mock,
2026-05-26T16:36:05.828,jason5,self_20260526_163232,clip_011,3,rest,75.374,1.3611,mock,
2026-05-26T16:36:06.052,jason5,self_20260526_163232,clip_011,3,rest,74.544,1.3503,mock,
2026-05-26T16:36:06.269,jason5,self_20260526_163232,clip_011,3,rest,75.383,1.3736,mock,
2026-05-26T16:36:06.496,jason5,self_20260526_163232,clip_011,3,rest,76.553,1.3678,mock,
2026-05-26T16:36:06.719,jason5,self_20260526_163232,clip_011,3,rest,75.83,1.3712,mock,
2026-05-26T16:36:06.942,jason5,self_20260526_163232,clip_011,3,rest,76.33,1.3826,mock,
2026-05-26T16:36:07.166,jason5,self_20260526_163232,clip_011,3,rest,75.678,1.3544,mock,
2026-05-26T16:36:07.372,jason5,self_20260526_163232,clip_011,3,rest,76.035,1.3755,mock,
2026-05-26T16:36:07.602,jason5,self_20260526_163232,clip_011,3,rest,76.161,1.3695,mock,
2026-05-26T16:36:07.827,jason5,self_20260526_163232,clip_011,3,rest,76.564,1.3646,mock,
2026-05-26T16:36:08.054,jason5,self_20260526_163232,clip_011,3,rest,76.2,1.3716,mock,
2026-05-26T16:36:08.276,jason5,self_20260526_163232,clip_011,3,rest,74.608,1.3527,mock,
2026-05-26T16:36:08.501,jason5,self_20260526_163232,clip_011,3,rest,74.74,1.3907,mock,
2026-05-26T16:36:08.733,jason5,self_20260526_163232,clip_011,3,rest,75.283,1.3791,mock,
2026-05-26T16:36:08.960,jason5,self_20260526_163232,clip_011,3,rest,72.913,1.3789,mock,
2026-05-26T16:36:09.186,jason5,self_20260526_163232,clip_011,3,rest,74.824,1.3592,mock,
2026-05-26T16:36:09.413,jason5,self_20260526_163232,clip_011,3,rest,73.849,1.3666,mock,
2026-05-26T16:36:09.639,jason5,self_20260526_163232,clip_011,3,rest,75.345,1.3498,mock,
2026-05-26T16:36:09.865,jason5,self_20260526_163232,clip_011,3,rest,73.683,1.385,mock,
2026-05-26T16:36:10.094,jason5,self_20260526_163232,clip_011,3,rest,73.509,1.3578,mock,
2026-05-26T16:36:10.320,jason5,self_20260526_163232,clip_011,3,rest,73.728,1.3434,mock,
2026-05-26T16:36:10.540,jason5,self_20260526_163232,clip_011,3,rest,73.651,1.3424,mock,
2026-05-26T16:36:10.762,jason5,self_20260526_163232,clip_011,3,rest,73.95,1.3591,mock,
2026-05-26T16:36:10.996,jason5,self_20260526_163232,clip_011,3,rest,74.752,1.3615,mock,
2026-05-26T16:36:11.217,jason5,self_20260526_163232,clip_011,3,rest,73.939,1.336,mock,
2026-05-26T16:36:11.435,jason5,self_20260526_163232,clip_011,3,rest,72.727,1.3586,mock,
2026-05-26T16:36:11.652,jason5,self_20260526_163232,clip_011,3,rest,73.864,1.3266,mock,
2026-05-26T16:36:11.876,jason5,self_20260526_163232,clip_011,3,rest,73.158,1.3586,mock,
2026-05-26T16:36:12.098,jason5,self_20260526_163232,clip_011,3,rest,73.362,1.3582,mock,
2026-05-26T16:36:12.321,jason5,self_20260526_163232,clip_011,3,rest,72.146,1.3374,mock,
2026-05-26T16:36:12.548,jason5,self_20260526_163232,clip_011,3,rest,71.055,1.3458,mock,
2026-05-26T16:36:12.768,jason5,self_20260526_163232,clip_011,3,rest,71.618,1.3707,mock,
2026-05-26T16:36:12.989,jason5,self_20260526_163232,clip_011,3,rest,71.148,1.3427,mock,
2026-05-26T16:36:13.212,jason5,self_20260526_163232,clip_011,3,rest,70.301,1.3293,mock,
2026-05-26T16:36:13.419,jason5,self_20260526_163232,clip_011,3,rest,71.419,1.3451,mock,
2026-05-26T16:36:13.637,jason5,self_20260526_163232,clip_011,3,rest,72.079,1.3293,mock,
2026-05-26T16:36:13.848,jason5,self_20260526_163232,clip_011,3,rest,70.12,1.3341,mock,
2026-05-26T16:36:14.069,jason5,self_20260526_163232,clip_011,3,rest,71.095,1.3317,mock,
2026-05-26T16:36:14.288,jason5,self_20260526_163232,clip_011,3,rest,70.078,1.3383,mock,
2026-05-26T16:36:14.511,jason5,self_20260526_163232,clip_011,3,rest,70.465,1.3287,mock,
2026-05-26T16:36:14.727,jason5,self_20260526_163232,clip_011,3,rest,71.138,1.3242,mock,
2026-05-26T16:36:14.948,jason5,self_20260526_163232,clip_011,3,rest,70.29,1.3442,mock,
2026-05-26T16:36:15.169,jason5,self_20260526_163232,clip_011,3,rest,70.107,1.3042,mock,
2026-05-26T16:36:15.390,jason5,self_20260526_163232,clip_011,3,rest,69.865,1.3275,mock,
2026-05-26T16:36:15.610,jason5,self_20260526_163232,clip_011,3,rest,69.725,1.3097,mock,
2026-05-26T16:36:15.828,jason5,self_20260526_163232,clip_011,3,rest,70.341,1.2908,mock,
2026-05-26T16:36:16.046,jason5,self_20260526_163232,clip_011,3,rest,68.161,1.2996,mock,
2026-05-26T16:36:16.269,jason5,self_20260526_163232,clip_011,3,rest,69.399,1.2824,mock,
2026-05-26T16:36:16.486,jason5,self_20260526_163232,clip_011,3,rest,69.725,1.2971,mock,
2026-05-26T16:36:16.709,jason5,self_20260526_163232,clip_011,3,rest,68.298,1.2921,mock,
2026-05-26T16:36:16.928,jason5,self_20260526_163232,clip_011,3,rest,68.745,1.2585,mock,
2026-05-26T16:36:17.151,jason5,self_20260526_163232,clip_011,3,rest,69.09,1.2764,mock,
2026-05-26T16:36:17.372,jason5,self_20260526_163232,clip_011,3,rest,68.15,1.2812,mock,
2026-05-26T16:36:17.595,jason5,self_20260526_163232,clip_011,3,rest,68.918,1.2609,mock,
2026-05-26T16:36:17.815,jason5,self_20260526_163232,clip_011,3,rest,68.769,1.2811,mock,
2026-05-26T16:36:18.036,jason5,self_20260526_163232,clip_011,3,rest,67.908,1.2678,mock,
2026-05-26T16:36:18.255,jason5,self_20260526_163232,clip_011,3,rest,68.336,1.2923,mock,
2026-05-26T16:36:18.474,jason5,self_20260526_163232,clip_011,3,rest,66.964,1.265,mock,
2026-05-26T16:36:18.693,jason5,self_20260526_163232,clip_011,3,rest,67.994,1.2493,mock,
2026-05-26T16:36:18.911,jason5,self_20260526_163232,clip_011,3,rest,69.487,1.247,mock,
2026-05-26T16:36:19.129,jason5,self_20260526_163232,clip_011,3,rest,69.68,1.2367,mock,
2026-05-26T16:36:19.351,jason5,self_20260526_163232,clip_011,3,rest,68.319,1.2322,mock,
2026-05-26T16:36:19.572,jason5,self_20260526_163232,clip_011,3,rest,67.56,1.2367,mock,
2026-05-26T16:36:19.795,jason5,self_20260526_163232,clip_011,3,rest,67.824,1.235,mock,
2026-05-26T16:36:20.014,jason5,self_20260526_163232,clip_011,3,rest,66.534,1.2583,mock,
2026-05-26T16:36:20.237,jason5,self_20260526_163232,clip_011,3,rest,67.884,1.2507,mock,
2026-05-26T16:36:20.456,jason5,self_20260526_163232,clip_011,3,rest,67.297,1.2253,mock,
2026-05-26T16:36:20.706,jason5,self_20260526_163232,clip_011,3,rest,70.228,1.2037,mock,
2026-05-26T16:36:20.924,jason5,self_20260526_163232,clip_011,3,rest,66.983,1.205,mock,
2026-05-26T16:36:21.147,jason5,self_20260526_163232,clip_011,3,rest,68.386,1.22,mock,
2026-05-26T16:36:21.364,jason5,self_20260526_163232,clip_011,3,rest,68.992,1.2022,mock,
2026-05-26T16:36:21.581,jason5,self_20260526_163232,clip_011,3,rest,67.007,1.1961,mock,
2026-05-26T16:36:21.802,jason5,self_20260526_163232,clip_011,3,rest,69.044,1.2062,mock,
2026-05-26T16:36:22.025,jason5,self_20260526_163232,clip_011,3,rest,66.863,1.1952,mock,
2026-05-26T16:36:22.244,jason5,self_20260526_163232,clip_011,3,rest,69.274,1.2243,mock,
2026-05-26T16:36:22.468,jason5,self_20260526_163232,clip_011,3,rest,68.759,1.1937,mock,
2026-05-26T16:36:22.686,jason5,self_20260526_163232,clip_011,3,rest,67.574,1.1732,mock,
2026-05-26T16:36:22.903,jason5,self_20260526_163232,clip_011,3,rest,68.558,1.1903,mock,
2026-05-26T16:36:23.122,jason5,self_20260526_163232,clip_011,3,rest,69.021,1.1725,mock,
2026-05-26T16:36:23.344,jason5,self_20260526_163232,clip_011,3,rest,67.907,1.165,mock,
2026-05-26T16:36:23.557,jason5,self_20260526_163232,clip_011,3,rest,68.003,1.1835,mock,
2026-05-26T16:36:23.775,jason5,self_20260526_163232,clip_011,3,rest,67.303,1.166,mock,
2026-05-26T16:36:24.007,jason5,self_20260526_163232,clip_011,3,rest,69.358,1.1908,mock,
2026-05-26T16:36:24.210,jason5,self_20260526_163232,clip_011,3,rest,69.205,1.1805,mock,
2026-05-26T16:36:24.417,jason5,self_20260526_163232,clip_011,3,rest,68.995,1.1519,mock,
2026-05-26T16:36:24.631,jason5,self_20260526_163232,clip_011,3,rest,68.93,1.1834,mock,
2026-05-26T16:36:24.850,jason5,self_20260526_163232,clip_011,3,rest,70.233,1.1654,mock,
2026-05-26T16:36:25.068,jason5,self_20260526_163232,clip_011,3,rest,72.008,1.1552,mock,
2026-05-26T16:36:25.288,jason5,self_20260526_163232,clip_011,3,rest,70.257,1.158,mock,
2026-05-26T16:36:25.514,jason5,self_20260526_163232,clip_011,3,rest,69.821,1.1859,mock,
2026-05-26T16:36:25.735,jason5,self_20260526_163232,clip_011,3,rest,71.186,1.1281,mock,
2026-05-26T16:36:25.953,jason5,self_20260526_163232,clip_011,3,rest,70.007,1.1535,mock,
2026-05-26T16:36:26.172,jason5,self_20260526_163232,clip_011,3,rest,70.995,1.125,mock,
2026-05-26T16:36:26.391,jason5,self_20260526_163232,clip_011,3,rest,69.031,1.1148,mock,
2026-05-26T16:36:26.615,jason5,self_20260526_163232,clip_011,3,rest,70.729,1.1402,mock,
2026-05-26T16:36:26.835,jason5,self_20260526_163232,clip_011,3,rest,71.189,1.1286,mock,
2026-05-26T16:36:30.573,jason5,self_20260526_163232,clip_011,3,listen,72.023,1.2501,mock,
2026-05-26T16:36:30.801,jason5,self_20260526_163232,clip_011,3,listen,72.228,1.2671,mock,
2026-05-26T16:36:31.021,jason5,self_20260526_163232,clip_011,3,listen,72.392,1.2379,mock,
2026-05-26T16:36:31.241,jason5,self_20260526_163232,clip_011,3,listen,72.888,1.2601,mock,
2026-05-26T16:36:31.463,jason5,self_20260526_163232,clip_011,3,listen,72.678,1.2696,mock,
2026-05-26T16:36:31.682,jason5,self_20260526_163232,clip_011,3,listen,73.163,1.289,mock,
2026-05-26T16:36:31.899,jason5,self_20260526_163232,clip_011,3,listen,73.627,1.2769,mock,
2026-05-26T16:36:32.116,jason5,self_20260526_163232,clip_011,3,listen,72.816,1.2636,mock,
2026-05-26T16:36:32.333,jason5,self_20260526_163232,clip_011,3,listen,73.667,1.3021,mock,
2026-05-26T16:36:32.549,jason5,self_20260526_163232,clip_011,3,listen,73.683,1.2844,mock,
2026-05-26T16:36:32.769,jason5,self_20260526_163232,clip_011,3,listen,74.184,1.2677,mock,
2026-05-26T16:36:32.982,jason5,self_20260526_163232,clip_011,3,listen,73.744,1.3003,mock,
2026-05-26T16:36:33.204,jason5,self_20260526_163232,clip_011,3,listen,74.727,1.2929,mock,
2026-05-26T16:36:33.429,jason5,self_20260526_163232,clip_011,3,listen,74.529,1.3038,mock,
2026-05-26T16:36:33.649,jason5,self_20260526_163232,clip_011,3,listen,74.956,1.2867,mock,
2026-05-26T16:36:33.871,jason5,self_20260526_163232,clip_011,3,listen,74.946,1.2841,mock,
2026-05-26T16:36:34.096,jason5,self_20260526_163232,clip_011,3,listen,72.85,1.3011,mock,
2026-05-26T16:36:34.315,jason5,self_20260526_163232,clip_011,3,listen,74.171,1.3266,mock,
2026-05-26T16:36:34.538,jason5,self_20260526_163232,clip_011,3,listen,75.4,1.2983,mock,
2026-05-26T16:36:34.761,jason5,self_20260526_163232,clip_011,3,listen,75.647,1.3047,mock,
2026-05-26T16:36:34.984,jason5,self_20260526_163232,clip_011,3,listen,75.106,1.3184,mock,
2026-05-26T16:36:35.211,jason5,self_20260526_163232,clip_011,3,listen,75.354,1.3382,mock,
2026-05-26T16:36:35.434,jason5,self_20260526_163232,clip_011,3,listen,75.82,1.3341,mock,
2026-05-26T16:36:35.655,jason5,self_20260526_163232,clip_011,3,listen,75.92,1.3388,mock,
2026-05-26T16:36:35.877,jason5,self_20260526_163232,clip_011,3,listen,75.111,1.3236,mock,
2026-05-26T16:36:36.098,jason5,self_20260526_163232,clip_011,3,listen,75.299,1.3445,mock,
2026-05-26T16:36:36.320,jason5,self_20260526_163232,clip_011,3,listen,75.524,1.3747,mock,
2026-05-26T16:36:36.544,jason5,self_20260526_163232,clip_011,3,listen,75.19,1.3256,mock,
2026-05-26T16:36:36.768,jason5,self_20260526_163232,clip_011,3,listen,76.358,1.3659,mock,
2026-05-26T16:36:36.989,jason5,self_20260526_163232,clip_011,3,listen,76.223,1.3594,mock,
2026-05-26T16:36:37.214,jason5,self_20260526_163232,clip_011,3,listen,76.909,1.3476,mock,
2026-05-26T16:36:37.436,jason5,self_20260526_163232,clip_011,3,listen,74.948,1.3432,mock,
2026-05-26T16:36:37.660,jason5,self_20260526_163232,clip_011,3,listen,76.637,1.3315,mock,
2026-05-26T16:36:37.882,jason5,self_20260526_163232,clip_011,3,listen,76.011,1.3588,mock,
2026-05-26T16:36:38.107,jason5,self_20260526_163232,clip_011,3,listen,75.777,1.3677,mock,
2026-05-26T16:36:38.333,jason5,self_20260526_163232,clip_011,3,listen,76.406,1.3934,mock,
2026-05-26T16:36:38.557,jason5,self_20260526_163232,clip_011,3,listen,76.427,1.351,mock,
2026-05-26T16:36:38.810,jason5,self_20260526_163232,clip_011,3,listen,75.584,1.3493,mock,
2026-05-26T16:36:39.033,jason5,self_20260526_163232,clip_011,3,listen,76.62,1.3546,mock,
2026-05-26T16:36:39.260,jason5,self_20260526_163232,clip_011,3,listen,75.873,1.3756,mock,
2026-05-26T16:36:39.488,jason5,self_20260526_163232,clip_011,3,listen,75.376,1.3611,mock,
2026-05-26T16:36:39.720,jason5,self_20260526_163232,clip_011,3,listen,74.545,1.3503,mock,
2026-05-26T16:36:39.947,jason5,self_20260526_163232,clip_011,3,listen,75.38,1.3736,mock,
2026-05-26T16:36:40.174,jason5,self_20260526_163232,clip_011,3,listen,76.549,1.3678,mock,
2026-05-26T16:36:40.400,jason5,self_20260526_163232,clip_011,3,listen,75.826,1.3713,mock,
2026-05-26T16:36:40.623,jason5,self_20260526_163232,clip_011,3,listen,76.325,1.3826,mock,
2026-05-26T16:36:40.852,jason5,self_20260526_163232,clip_011,3,listen,75.671,1.3545,mock,
2026-05-26T16:36:41.079,jason5,self_20260526_163232,clip_011,3,listen,76.019,1.3756,mock,
2026-05-26T16:36:41.306,jason5,self_20260526_163232,clip_011,3,listen,76.145,1.3695,mock,
2026-05-26T16:36:41.533,jason5,self_20260526_163232,clip_011,3,listen,76.546,1.3646,mock,
2026-05-26T16:36:41.761,jason5,self_20260526_163232,clip_011,3,listen,76.18,1.3716,mock,
2026-05-26T16:36:41.990,jason5,self_20260526_163232,clip_011,3,listen,74.583,1.3527,mock,
2026-05-26T16:36:42.215,jason5,self_20260526_163232,clip_011,3,listen,74.713,1.3906,mock,
2026-05-26T16:36:42.454,jason5,self_20260526_163232,clip_011,3,listen,75.252,1.379,mock,
2026-05-26T16:36:42.681,jason5,self_20260526_163232,clip_011,3,listen,72.88,1.3787,mock,
2026-05-26T16:36:42.908,jason5,self_20260526_163232,clip_011,3,listen,74.789,1.359,mock,
2026-05-26T16:36:43.137,jason5,self_20260526_163232,clip_011,3,listen,73.812,1.3663,mock,
2026-05-26T16:36:43.365,jason5,self_20260526_163232,clip_011,3,listen,75.305,1.3495,mock,
2026-05-26T16:36:43.594,jason5,self_20260526_163232,clip_011,3,listen,73.641,1.3847,mock,
2026-05-26T16:36:43.824,jason5,self_20260526_163232,clip_011,3,listen,73.465,1.3575,mock,
2026-05-26T16:36:44.049,jason5,self_20260526_163232,clip_011,3,listen,73.683,1.343,mock,
2026-05-26T16:36:44.265,jason5,self_20260526_163232,clip_011,3,listen,73.608,1.342,mock,
2026-05-26T16:36:44.494,jason5,self_20260526_163232,clip_011,3,listen,73.902,1.3586,mock,
2026-05-26T16:36:44.718,jason5,self_20260526_163232,clip_011,3,listen,74.71,1.3611,mock,
2026-05-26T16:36:44.945,jason5,self_20260526_163232,clip_011,3,listen,73.892,1.3355,mock,
2026-05-26T16:36:45.168,jason5,self_20260526_163232,clip_011,3,listen,72.677,1.358,mock,
2026-05-26T16:36:45.390,jason5,self_20260526_163232,clip_011,3,listen,73.809,1.3259,mock,
2026-05-26T16:36:45.612,jason5,self_20260526_163232,clip_011,3,listen,73.104,1.3579,mock,
2026-05-26T16:36:45.833,jason5,self_20260526_163232,clip_011,3,listen,73.308,1.3576,mock,
2026-05-26T16:36:46.057,jason5,self_20260526_163232,clip_011,3,listen,72.092,1.3367,mock,
2026-05-26T16:36:46.289,jason5,self_20260526_163232,clip_011,3,listen,70.996,1.345,mock,
2026-05-26T16:36:46.507,jason5,self_20260526_163232,clip_011,3,listen,71.561,1.3699,mock,
2026-05-26T16:36:46.730,jason5,self_20260526_163232,clip_011,3,listen,71.09,1.3418,mock,
2026-05-26T16:36:46.954,jason5,self_20260526_163232,clip_011,3,listen,70.242,1.3284,mock,
2026-05-26T16:36:47.178,jason5,self_20260526_163232,clip_011,3,listen,71.347,1.3439,mock,
2026-05-26T16:36:47.404,jason5,self_20260526_163232,clip_011,3,listen,72.003,1.328,mock,
2026-05-26T16:36:47.624,jason5,self_20260526_163232,clip_011,3,listen,70.037,1.3327,mock,
2026-05-26T16:36:47.849,jason5,self_20260526_163232,clip_011,3,listen,71.011,1.3301,mock,
2026-05-26T16:36:48.073,jason5,self_20260526_163232,clip_011,3,listen,69.991,1.3367,mock,
2026-05-26T16:36:48.298,jason5,self_20260526_163232,clip_011,3,listen,70.378,1.327,mock,
2026-05-26T16:36:48.522,jason5,self_20260526_163232,clip_011,3,listen,71.048,1.3224,mock,
2026-05-26T16:36:48.746,jason5,self_20260526_163232,clip_011,3,listen,70.199,1.3423,mock,
2026-05-26T16:36:48.969,jason5,self_20260526_163232,clip_011,3,listen,70.017,1.3022,mock,
2026-05-26T16:36:49.192,jason5,self_20260526_163232,clip_011,3,listen,69.776,1.3255,mock,
2026-05-26T16:36:49.413,jason5,self_20260526_163232,clip_011,3,listen,69.639,1.3076,mock,
2026-05-26T16:36:49.636,jason5,self_20260526_163232,clip_011,3,listen,70.254,1.2886,mock,
2026-05-26T16:36:49.861,jason5,self_20260526_163232,clip_011,3,listen,68.074,1.2972,mock,
2026-05-26T16:36:50.086,jason5,self_20260526_163232,clip_011,3,listen,69.314,1.28,mock,
2026-05-26T16:36:50.310,jason5,self_20260526_163232,clip_011,3,listen,69.64,1.2946,mock,
2026-05-26T16:36:50.534,jason5,self_20260526_163232,clip_011,3,listen,68.216,1.2895,mock,
2026-05-26T16:36:50.756,jason5,self_20260526_163232,clip_011,3,listen,68.666,1.2558,mock,
2026-05-26T16:36:50.977,jason5,self_20260526_163232,clip_011,3,listen,69.017,1.2737,mock,
2026-05-26T16:36:51.199,jason5,self_20260526_163232,clip_011,3,listen,68.081,1.2785,mock,
2026-05-26T16:36:51.423,jason5,self_20260526_163232,clip_011,3,listen,68.853,1.2582,mock,
2026-05-26T16:36:51.648,jason5,self_20260526_163232,clip_011,3,listen,68.707,1.2782,mock,
2026-05-26T16:36:51.872,jason5,self_20260526_163232,clip_011,3,listen,67.851,1.2649,mock,
2026-05-26T16:36:52.096,jason5,self_20260526_163232,clip_011,3,listen,68.283,1.2894,mock,
2026-05-26T16:36:52.320,jason5,self_20260526_163232,clip_011,3,listen,66.915,1.262,mock,
2026-05-26T16:36:52.543,jason5,self_20260526_163232,clip_011,3,listen,67.95,1.2462,mock,
2026-05-26T16:36:52.768,jason5,self_20260526_163232,clip_011,3,listen,69.448,1.2437,mock,
2026-05-26T16:36:52.990,jason5,self_20260526_163232,clip_011,3,listen,69.647,1.2334,mock,
2026-05-26T16:36:53.212,jason5,self_20260526_163232,clip_011,3,listen,68.292,1.2289,mock,
2026-05-26T16:36:53.436,jason5,self_20260526_163232,clip_011,3,listen,67.54,1.2334,mock,
2026-05-26T16:36:53.658,jason5,self_20260526_163232,clip_011,3,listen,67.81,1.2317,mock,
2026-05-26T16:36:53.882,jason5,self_20260526_163232,clip_011,3,listen,66.527,1.255,mock,
2026-05-26T16:36:54.103,jason5,self_20260526_163232,clip_011,3,listen,67.884,1.2474,mock,
2026-05-26T16:36:54.327,jason5,self_20260526_163232,clip_011,3,listen,67.305,1.2219,mock,
2026-05-26T16:36:54.583,jason5,self_20260526_163232,clip_011,3,listen,70.245,1.2003,mock,
2026-05-26T16:36:54.799,jason5,self_20260526_163232,clip_011,3,listen,67.007,1.2016,mock,
2026-05-26T16:36:55.017,jason5,self_20260526_163232,clip_011,3,listen,68.417,1.2167,mock,
2026-05-26T16:36:55.241,jason5,self_20260526_163232,clip_011,3,listen,69.03,1.1989,mock,
2026-05-26T16:36:55.463,jason5,self_20260526_163232,clip_011,3,listen,67.053,1.1928,mock,
2026-05-26T16:36:55.686,jason5,self_20260526_163232,clip_011,3,listen,69.099,1.2028,mock,
2026-05-26T16:36:55.910,jason5,self_20260526_163232,clip_011,3,listen,66.925,1.1919,mock,
2026-05-26T16:36:56.135,jason5,self_20260526_163232,clip_011,3,listen,69.344,1.221,mock,
2026-05-26T16:36:56.360,jason5,self_20260526_163232,clip_011,3,listen,68.838,1.1904,mock,
2026-05-26T16:36:56.583,jason5,self_20260526_163232,clip_011,3,listen,67.662,1.17,mock,
2026-05-26T16:36:56.803,jason5,self_20260526_163232,clip_011,3,listen,68.653,1.1871,mock,
2026-05-26T16:36:57.026,jason5,self_20260526_163232,clip_011,3,listen,69.126,1.1693,mock,
2026-05-26T16:36:57.250,jason5,self_20260526_163232,clip_011,3,listen,68.019,1.1618,mock,
2026-05-26T16:36:57.474,jason5,self_20260526_163232,clip_011,3,listen,68.128,1.1802,mock,
2026-05-26T16:36:57.700,jason5,self_20260526_163232,clip_011,3,listen,67.438,1.1627,mock,
2026-05-26T16:36:57.933,jason5,self_20260526_163232,clip_011,3,listen,69.501,1.1877,mock,
2026-05-26T16:36:58.154,jason5,self_20260526_163232,clip_011,3,listen,69.365,1.1772,mock,
2026-05-26T16:36:58.380,jason5,self_20260526_163232,clip_011,3,listen,69.172,1.1484,mock,
2026-05-26T16:36:58.599,jason5,self_20260526_163232,clip_011,3,listen,69.117,1.1801,mock,
2026-05-26T16:36:58.821,jason5,self_20260526_163232,clip_011,3,listen,70.429,1.1621,mock,
2026-05-26T16:36:59.045,jason5,self_20260526_163232,clip_011,3,listen,72.214,1.152,mock,
2026-05-26T16:36:59.270,jason5,self_20260526_163232,clip_011,3,listen,70.472,1.1549,mock,
2026-05-26T16:36:59.498,jason5,self_20260526_163232,clip_011,3,listen,70.043,1.1829,mock,
2026-05-26T16:36:59.718,jason5,self_20260526_163232,clip_011,3,listen,71.412,1.1253,mock,
2026-05-26T16:36:59.940,jason5,self_20260526_163232,clip_011,3,listen,70.241,1.1508,mock,
2026-05-26T16:37:00.165,jason5,self_20260526_163232,clip_011,3,listen,71.238,1.1224,mock,
2026-05-26T16:37:00.392,jason5,self_20260526_163232,clip_011,3,listen,69.283,1.1123,mock,
2026-05-26T16:41:00.561,jason5,self_20260526_163232,clip_013,4,rest,72.024,1.2501,mock,
2026-05-26T16:41:00.795,jason5,self_20260526_163232,clip_013,4,rest,72.233,1.2672,mock,
2026-05-26T16:41:01.014,jason5,self_20260526_163232,clip_013,4,rest,72.396,1.238,mock,
2026-05-26T16:41:01.235,jason5,self_20260526_163232,clip_013,4,rest,72.893,1.2602,mock,
2026-05-26T16:41:01.457,jason5,self_20260526_163232,clip_013,4,rest,72.683,1.2697,mock,
2026-05-26T16:41:01.680,jason5,self_20260526_163232,clip_013,4,rest,73.171,1.2892,mock,
2026-05-26T16:41:01.903,jason5,self_20260526_163232,clip_013,4,rest,73.64,1.2771,mock,
2026-05-26T16:41:02.125,jason5,self_20260526_163232,clip_013,4,rest,72.832,1.264,mock,
2026-05-26T16:41:02.350,jason5,self_20260526_163232,clip_013,4,rest,73.689,1.3026,mock,
2026-05-26T16:41:02.571,jason5,self_20260526_163232,clip_013,4,rest,73.708,1.2849,mock,
2026-05-26T16:41:02.792,jason5,self_20260526_163232,clip_013,4,rest,74.21,1.2683,mock,
2026-05-26T16:41:03.014,jason5,self_20260526_163232,clip_013,4,rest,73.775,1.301,mock,
2026-05-26T16:41:03.233,jason5,self_20260526_163232,clip_013,4,rest,74.755,1.2935,mock,
2026-05-26T16:41:03.455,jason5,self_20260526_163232,clip_013,4,rest,74.555,1.3044,mock,
2026-05-26T16:41:03.679,jason5,self_20260526_163232,clip_013,4,rest,74.983,1.2874,mock,
2026-05-26T16:41:03.899,jason5,self_20260526_163232,clip_013,4,rest,74.971,1.2847,mock,
2026-05-26T16:41:04.122,jason5,self_20260526_163232,clip_013,4,rest,72.873,1.3017,mock,
2026-05-26T16:41:04.345,jason5,self_20260526_163232,clip_013,4,rest,74.195,1.3272,mock,
2026-05-26T16:41:04.568,jason5,self_20260526_163232,clip_013,4,rest,75.423,1.2989,mock,
2026-05-26T16:41:04.789,jason5,self_20260526_163232,clip_013,4,rest,75.668,1.3053,mock,
2026-05-26T16:41:05.012,jason5,self_20260526_163232,clip_013,4,rest,75.125,1.319,mock,
2026-05-26T16:41:05.239,jason5,self_20260526_163232,clip_013,4,rest,75.372,1.3387,mock,
2026-05-26T16:41:05.459,jason5,self_20260526_163232,clip_013,4,rest,75.836,1.3345,mock,
2026-05-26T16:41:05.678,jason5,self_20260526_163232,clip_013,4,rest,75.934,1.3393,mock,
2026-05-26T16:41:05.902,jason5,self_20260526_163232,clip_013,4,rest,75.125,1.3241,mock,
2026-05-26T16:41:06.124,jason5,self_20260526_163232,clip_013,4,rest,75.312,1.345,mock,
2026-05-26T16:41:06.348,jason5,self_20260526_163232,clip_013,4,rest,75.536,1.3751,mock,
2026-05-26T16:41:06.567,jason5,self_20260526_163232,clip_013,4,rest,75.2,1.326,mock,
2026-05-26T16:41:06.793,jason5,self_20260526_163232,clip_013,4,rest,76.367,1.3663,mock,
2026-05-26T16:41:07.016,jason5,self_20260526_163232,clip_013,4,rest,76.231,1.3597,mock,
2026-05-26T16:41:07.240,jason5,self_20260526_163232,clip_013,4,rest,76.916,1.348,mock,
2026-05-26T16:41:07.465,jason5,self_20260526_163232,clip_013,4,rest,74.953,1.3435,mock,
2026-05-26T16:41:07.690,jason5,self_20260526_163232,clip_013,4,rest,76.641,1.3319,mock,
2026-05-26T16:41:07.915,jason5,self_20260526_163232,clip_013,4,rest,76.014,1.3592,mock,
2026-05-26T16:41:08.142,jason5,self_20260526_163232,clip_013,4,rest,75.778,1.3681,mock,
2026-05-26T16:41:08.367,jason5,self_20260526_163232,clip_013,4,rest,76.406,1.3937,mock,
2026-05-26T16:41:08.593,jason5,self_20260526_163232,clip_013,4,rest,76.425,1.3513,mock,
2026-05-26T16:41:08.845,jason5,self_20260526_163232,clip_013,4,rest,75.579,1.3496,mock,
2026-05-26T16:41:09.067,jason5,self_20260526_163232,clip_013,4,rest,76.615,1.3549,mock,
2026-05-26T16:41:09.292,jason5,self_20260526_163232,clip_013,4,rest,75.866,1.3758,mock,
2026-05-26T16:41:09.516,jason5,self_20260526_163232,clip_013,4,rest,75.368,1.3613,mock,
2026-05-26T16:41:09.739,jason5,self_20260526_163232,clip_013,4,rest,74.537,1.3504,mock,
2026-05-26T16:41:09.964,jason5,self_20260526_163232,clip_013,4,rest,75.372,1.3737,mock,
2026-05-26T16:41:10.189,jason5,self_20260526_163232,clip_013,4,rest,76.541,1.3679,mock,
2026-05-26T16:41:10.415,jason5,self_20260526_163232,clip_013,4,rest,75.817,1.3713,mock,
2026-05-26T16:41:10.636,jason5,self_20260526_163232,clip_013,4,rest,76.316,1.3827,mock,
2026-05-26T16:41:10.860,jason5,self_20260526_163232,clip_013,4,rest,75.663,1.3545,mock,
2026-05-26T16:41:11.084,jason5,self_20260526_163232,clip_013,4,rest,76.011,1.3756,mock,
2026-05-26T16:41:11.309,jason5,self_20260526_163232,clip_013,4,rest,76.138,1.3695,mock,
2026-05-26T16:41:11.535,jason5,self_20260526_163232,clip_013,4,rest,76.539,1.3646,mock,
2026-05-26T16:41:11.759,jason5,self_20260526_163232,clip_013,4,rest,76.175,1.3716,mock,
2026-05-26T16:41:11.984,jason5,self_20260526_163232,clip_013,4,rest,74.579,1.3527,mock,
2026-05-26T16:41:12.214,jason5,self_20260526_163232,clip_013,4,rest,74.707,1.3905,mock,
2026-05-26T16:41:12.446,jason5,self_20260526_163232,clip_013,4,rest,75.249,1.379,mock,
2026-05-26T16:41:12.671,jason5,self_20260526_163232,clip_013,4,rest,72.879,1.3787,mock,
2026-05-26T16:41:12.892,jason5,self_20260526_163232,clip_013,4,rest,74.791,1.359,mock,
2026-05-26T16:41:13.113,jason5,self_20260526_163232,clip_013,4,rest,73.82,1.3664,mock,
2026-05-26T16:41:13.341,jason5,self_20260526_163232,clip_013,4,rest,75.314,1.3496,mock,
2026-05-26T16:41:13.567,jason5,self_20260526_163232,clip_013,4,rest,73.651,1.3847,mock,
2026-05-26T16:41:13.798,jason5,self_20260526_163232,clip_013,4,rest,73.475,1.3576,mock,
2026-05-26T16:41:14.022,jason5,self_20260526_163232,clip_013,4,rest,73.693,1.3431,mock,
2026-05-26T16:41:14.242,jason5,self_20260526_163232,clip_013,4,rest,73.617,1.3421,mock,
2026-05-26T16:41:14.470,jason5,self_20260526_163232,clip_013,4,rest,73.911,1.3587,mock,
2026-05-26T16:41:14.691,jason5,self_20260526_163232,clip_013,4,rest,74.721,1.3612,mock,
2026-05-26T16:41:14.909,jason5,self_20260526_163232,clip_013,4,rest,73.91,1.3357,mock,
2026-05-26T16:41:15.129,jason5,self_20260526_163232,clip_013,4,rest,72.697,1.3582,mock,
2026-05-26T16:41:15.351,jason5,self_20260526_163232,clip_013,4,rest,73.829,1.3262,mock,
2026-05-26T16:41:15.576,jason5,self_20260526_163232,clip_013,4,rest,73.122,1.3582,mock,
2026-05-26T16:41:15.799,jason5,self_20260526_163232,clip_013,4,rest,73.325,1.3578,mock,
2026-05-26T16:41:16.021,jason5,self_20260526_163232,clip_013,4,rest,72.11,1.337,mock,
2026-05-26T16:41:16.251,jason5,self_20260526_163232,clip_013,4,rest,71.016,1.3453,mock,
2026-05-26T16:41:16.473,jason5,self_20260526_163232,clip_013,4,rest,71.578,1.3702,mock,
2026-05-26T16:41:16.699,jason5,self_20260526_163232,clip_013,4,rest,71.105,1.342,mock,
2026-05-26T16:41:16.922,jason5,self_20260526_163232,clip_013,4,rest,70.258,1.3286,mock,
2026-05-26T16:41:17.139,jason5,self_20260526_163232,clip_013,4,rest,71.368,1.3443,mock,
2026-05-26T16:41:17.362,jason5,self_20260526_163232,clip_013,4,rest,72.025,1.3284,mock,
2026-05-26T16:41:17.591,jason5,self_20260526_163232,clip_013,4,rest,70.053,1.3329,mock,
2026-05-26T16:41:17.809,jason5,self_20260526_163232,clip_013,4,rest,71.031,1.3305,mock,
2026-05-26T16:41:18.025,jason5,self_20260526_163232,clip_013,4,rest,70.017,1.3372,mock,
2026-05-26T16:41:18.246,jason5,self_20260526_163232,clip_013,4,rest,70.407,1.3276,mock,
2026-05-26T16:41:18.469,jason5,self_20260526_163232,clip_013,4,rest,71.076,1.323,mock,
2026-05-26T16:41:18.691,jason5,self_20260526_163232,clip_013,4,rest,70.228,1.3429,mock,
2026-05-26T16:41:18.914,jason5,self_20260526_163232,clip_013,4,rest,70.046,1.3028,mock,
2026-05-26T16:41:19.135,jason5,self_20260526_163232,clip_013,4,rest,69.806,1.3262,mock,
2026-05-26T16:41:19.358,jason5,self_20260526_163232,clip_013,4,rest,69.666,1.3083,mock,
2026-05-26T16:41:19.581,jason5,self_20260526_163232,clip_013,4,rest,70.28,1.2893,mock,
2026-05-26T16:41:19.804,jason5,self_20260526_163232,clip_013,4,rest,68.1,1.2979,mock,
2026-05-26T16:41:20.026,jason5,self_20260526_163232,clip_013,4,rest,69.34,1.2807,mock,
2026-05-26T16:41:20.246,jason5,self_20260526_163232,clip_013,4,rest,69.667,1.2954,mock,
2026-05-26T16:41:20.467,jason5,self_20260526_163232,clip_013,4,rest,68.244,1.2904,mock,
2026-05-26T16:41:20.690,jason5,self_20260526_163232,clip_013,4,rest,68.691,1.2567,mock,
2026-05-26T16:41:20.914,jason5,self_20260526_163232,clip_013,4,rest,69.04,1.2745,mock,
2026-05-26T16:41:21.134,jason5,self_20260526_163232,clip_013,4,rest,68.104,1.2794,mock,
2026-05-26T16:41:21.354,jason5,self_20260526_163232,clip_013,4,rest,68.876,1.2591,mock,
2026-05-26T16:41:21.569,jason5,self_20260526_163232,clip_013,4,rest,68.732,1.2794,mock,
2026-05-26T16:41:21.792,jason5,self_20260526_163232,clip_013,4,rest,67.874,1.2661,mock,
2026-05-26T16:41:22.013,jason5,self_20260526_163232,clip_013,4,rest,68.304,1.2906,mock,
2026-05-26T16:41:22.235,jason5,self_20260526_163232,clip_013,4,rest,66.934,1.2632,mock,
2026-05-26T16:41:22.457,jason5,self_20260526_163232,clip_013,4,rest,67.967,1.2475,mock,
2026-05-26T16:41:22.679,jason5,self_20260526_163232,clip_013,4,rest,69.463,1.245,mock,
2026-05-26T16:41:22.901,jason5,self_20260526_163232,clip_013,4,rest,69.659,1.2347,mock,
2026-05-26T16:41:23.124,jason5,self_20260526_163232,clip_013,4,rest,68.302,1.2302,mock,
2026-05-26T16:41:23.347,jason5,self_20260526_163232,clip_013,4,rest,67.547,1.2347,mock,
2026-05-26T16:41:23.565,jason5,self_20260526_163232,clip_013,4,rest,67.815,1.2331,mock,
2026-05-26T16:41:23.790,jason5,self_20260526_163232,clip_013,4,rest,66.529,1.2563,mock,
2026-05-26T16:41:24.012,jason5,self_20260526_163232,clip_013,4,rest,67.883,1.2487,mock,
2026-05-26T16:41:24.235,jason5,self_20260526_163232,clip_013,4,rest,67.301,1.2232,mock,
2026-05-26T16:41:24.483,jason5,self_20260526_163232,clip_013,4,rest,70.237,1.2017,mock,
2026-05-26T16:41:24.701,jason5,self_20260526_163232,clip_013,4,rest,66.996,1.203,mock,
2026-05-26T16:41:24.922,jason5,self_20260526_163232,clip_013,4,rest,68.403,1.218,mock,
2026-05-26T16:41:25.142,jason5,self_20260526_163232,clip_013,4,rest,69.013,1.2003,mock,
2026-05-26T16:41:25.361,jason5,self_20260526_163232,clip_013,4,rest,67.033,1.1942,mock,
2026-05-26T16:41:25.580,jason5,self_20260526_163232,clip_013,4,rest,69.075,1.2043,mock,
2026-05-26T16:41:25.803,jason5,self_20260526_163232,clip_013,4,rest,66.897,1.1934,mock,
2026-05-26T16:41:26.026,jason5,self_20260526_163232,clip_013,4,rest,69.313,1.2224,mock,
2026-05-26T16:41:26.249,jason5,self_20260526_163232,clip_013,4,rest,68.803,1.1919,mock,
2026-05-26T16:41:26.471,jason5,self_20260526_163232,clip_013,4,rest,67.623,1.1714,mock,
2026-05-26T16:41:26.695,jason5,self_20260526_163232,clip_013,4,rest,68.613,1.1884,mock,
2026-05-26T16:41:26.918,jason5,self_20260526_163232,clip_013,4,rest,69.083,1.1706,mock,
2026-05-26T16:41:27.141,jason5,self_20260526_163232,clip_013,4,rest,67.973,1.1631,mock,
2026-05-26T16:41:27.364,jason5,self_20260526_163232,clip_013,4,rest,68.078,1.1815,mock,
2026-05-26T16:41:27.587,jason5,self_20260526_163232,clip_013,4,rest,67.385,1.164,mock,
2026-05-26T16:41:27.823,jason5,self_20260526_163232,clip_013,4,rest,69.446,1.1888,mock,
2026-05-26T16:41:28.042,jason5,self_20260526_163232,clip_013,4,rest,69.306,1.1784,mock,
2026-05-26T16:41:28.264,jason5,self_20260526_163232,clip_013,4,rest,69.109,1.1496,mock,
2026-05-26T16:41:28.484,jason5,self_20260526_163232,clip_013,4,rest,69.052,1.1812,mock,
2026-05-26T16:41:28.704,jason5,self_20260526_163232,clip_013,4,rest,70.361,1.1632,mock,
2026-05-26T16:41:28.926,jason5,self_20260526_163232,clip_013,4,rest,72.142,1.1531,mock,
2026-05-26T16:41:29.144,jason5,self_20260526_163232,clip_013,4,rest,70.393,1.156,mock,
2026-05-26T16:41:29.369,jason5,self_20260526_163232,clip_013,4,rest,69.961,1.184,mock,
2026-05-26T16:41:29.590,jason5,self_20260526_163232,clip_013,4,rest,71.329,1.1263,mock,
2026-05-26T16:41:29.813,jason5,self_20260526_163232,clip_013,4,rest,70.156,1.1518,mock,
2026-05-26T16:41:30.035,jason5,self_20260526_163232,clip_013,4,rest,71.15,1.1233,mock,
2026-05-26T16:41:30.259,jason5,self_20260526_163232,clip_013,4,rest,69.191,1.1132,mock,
2026-05-26T16:41:30.482,jason5,self_20260526_163232,clip_013,4,rest,70.891,1.1387,mock,
2026-05-26T16:44:20.993,jason5,self_20260526_163232,clip_013,4,listen,72.023,1.2501,mock,
2026-05-26T16:44:21.220,jason5,self_20260526_163232,clip_013,4,listen,72.228,1.2671,mock,
2026-05-26T16:44:21.437,jason5,self_20260526_163232,clip_013,4,listen,72.389,1.2378,mock,
2026-05-26T16:44:21.659,jason5,self_20260526_163232,clip_013,4,listen,72.887,1.26,mock,
2026-05-26T16:44:21.879,jason5,self_20260526_163232,clip_013,4,listen,72.675,1.2695,mock,
2026-05-26T16:44:22.103,jason5,self_20260526_163232,clip_013,4,listen,73.165,1.289,mock,
2026-05-26T16:44:22.325,jason5,self_20260526_163232,clip_013,4,listen,73.632,1.277,mock,
2026-05-26T16:44:22.549,jason5,self_20260526_163232,clip_013,4,listen,72.826,1.2638,mock,
2026-05-26T16:44:22.768,jason5,self_20260526_163232,clip_013,4,listen,73.679,1.3024,mock,
2026-05-26T16:44:22.991,jason5,self_20260526_163232,clip_013,4,listen,73.7,1.2848,mock,
2026-05-26T16:44:23.220,jason5,self_20260526_163232,clip_013,4,listen,74.207,1.2683,mock,
2026-05-26T16:44:23.445,jason5,self_20260526_163232,clip_013,4,listen,73.774,1.301,mock,
2026-05-26T16:44:23.668,jason5,self_20260526_163232,clip_013,4,listen,74.757,1.2936,mock,
2026-05-26T16:44:23.896,jason5,self_20260526_163232,clip_013,4,listen,74.561,1.3045,mock,
2026-05-26T16:44:24.114,jason5,self_20260526_163232,clip_013,4,listen,74.985,1.2874,mock,
2026-05-26T16:44:24.336,jason5,self_20260526_163232,clip_013,4,listen,74.974,1.2848,mock,
2026-05-26T16:44:24.558,jason5,self_20260526_163232,clip_013,4,listen,72.876,1.3017,mock,
2026-05-26T16:44:24.781,jason5,self_20260526_163232,clip_013,4,listen,74.197,1.3272,mock,
2026-05-26T16:44:25.004,jason5,self_20260526_163232,clip_013,4,listen,75.426,1.299,mock,
2026-05-26T16:44:25.226,jason5,self_20260526_163232,clip_013,4,listen,75.671,1.3054,mock,
2026-05-26T16:44:25.447,jason5,self_20260526_163232,clip_013,4,listen,75.127,1.319,mock,
2026-05-26T16:44:25.667,jason5,self_20260526_163232,clip_013,4,listen,75.37,1.3387,mock,
2026-05-26T16:44:25.893,jason5,self_20260526_163232,clip_013,4,listen,75.836,1.3346,mock,
2026-05-26T16:44:26.116,jason5,self_20260526_163232,clip_013,4,listen,75.936,1.3393,mock,
2026-05-26T16:44:26.343,jason5,self_20260526_163232,clip_013,4,listen,75.128,1.3242,mock,
2026-05-26T16:44:26.572,jason5,self_20260526_163232,clip_013,4,listen,75.317,1.3452,mock,
2026-05-26T16:44:26.796,jason5,self_20260526_163232,clip_013,4,listen,75.541,1.3753,mock,
2026-05-26T16:44:27.020,jason5,self_20260526_163232,clip_013,4,listen,75.205,1.3262,mock,
2026-05-26T16:44:27.243,jason5,self_20260526_163232,clip_013,4,listen,76.371,1.3664,mock,
2026-05-26T16:44:27.468,jason5,self_20260526_163232,clip_013,4,listen,76.235,1.36,mock,
2026-05-26T16:44:27.695,jason5,self_20260526_163232,clip_013,4,listen,76.919,1.3482,mock,
2026-05-26T16:44:27.924,jason5,self_20260526_163232,clip_013,4,listen,74.957,1.3438,mock,
2026-05-26T16:44:28.148,jason5,self_20260526_163232,clip_013,4,listen,76.643,1.3321,mock,
2026-05-26T16:44:28.374,jason5,self_20260526_163232,clip_013,4,listen,76.015,1.3594,mock,
2026-05-26T16:44:28.599,jason5,self_20260526_163232,clip_013,4,listen,75.778,1.3683,mock,
2026-05-26T16:44:28.826,jason5,self_20260526_163232,clip_013,4,listen,76.405,1.3939,mock,
2026-05-26T16:44:29.051,jason5,self_20260526_163232,clip_013,4,listen,76.424,1.3515,mock,
2026-05-26T16:44:29.308,jason5,self_20260526_163232,clip_013,4,listen,75.576,1.3498,mock,
2026-05-26T16:44:29.527,jason5,self_20260526_163232,clip_013,4,listen,76.611,1.355,mock,
2026-05-26T16:44:29.751,jason5,self_20260526_163232,clip_013,4,listen,75.861,1.376,mock,
2026-05-26T16:44:29.975,jason5,self_20260526_163232,clip_013,4,listen,75.362,1.3614,mock,
2026-05-26T16:44:30.202,jason5,self_20260526_163232,clip_013,4,listen,74.53,1.3505,mock,
2026-05-26T16:44:30.427,jason5,self_20260526_163232,clip_013,4,listen,75.364,1.3738,mock,
2026-05-26T16:44:30.653,jason5,self_20260526_163232,clip_013,4,listen,76.532,1.368,mock,
2026-05-26T16:44:30.876,jason5,self_20260526_163232,clip_013,4,listen,75.807,1.3714,mock,
2026-05-26T16:44:31.102,jason5,self_20260526_163232,clip_013,4,listen,76.303,1.3827,mock,
2026-05-26T16:44:31.330,jason5,self_20260526_163232,clip_013,4,listen,75.647,1.3545,mock,
2026-05-26T16:44:31.565,jason5,self_20260526_163232,clip_013,4,listen,75.99,1.3756,mock,
2026-05-26T16:44:31.792,jason5,self_20260526_163232,clip_013,4,listen,76.114,1.3695,mock,
2026-05-26T16:44:32.019,jason5,self_20260526_163232,clip_013,4,listen,76.513,1.3646,mock,
2026-05-26T16:44:32.246,jason5,self_20260526_163232,clip_013,4,listen,76.146,1.3715,mock,
2026-05-26T16:44:32.472,jason5,self_20260526_163232,clip_013,4,listen,74.549,1.3526,mock,
2026-05-26T16:44:32.695,jason5,self_20260526_163232,clip_013,4,listen,74.679,1.3904,mock,
2026-05-26T16:44:32.933,jason5,self_20260526_163232,clip_013,4,listen,75.216,1.3789,mock,
2026-05-26T16:44:33.159,jason5,self_20260526_163232,clip_013,4,listen,72.843,1.3785,mock,
2026-05-26T16:44:33.387,jason5,self_20260526_163232,clip_013,4,listen,74.751,1.3588,mock,
2026-05-26T16:44:33.616,jason5,self_20260526_163232,clip_013,4,listen,73.773,1.3661,mock,
2026-05-26T16:44:33.846,jason5,self_20260526_163232,clip_013,4,listen,75.264,1.3492,mock,
2026-05-26T16:44:34.075,jason5,self_20260526_163232,clip_013,4,listen,73.597,1.3843,mock,
2026-05-26T16:44:34.308,jason5,self_20260526_163232,clip_013,4,listen,73.419,1.3571,mock,
2026-05-26T16:44:34.536,jason5,self_20260526_163232,clip_013,4,listen,73.633,1.3425,mock,
2026-05-26T16:44:34.768,jason5,self_20260526_163232,clip_013,4,listen,73.546,1.3415,mock,
2026-05-26T16:44:34.992,jason5,self_20260526_163232,clip_013,4,listen,73.842,1.358,mock,
2026-05-26T16:44:35.218,jason5,self_20260526_163232,clip_013,4,listen,74.648,1.3605,mock,
2026-05-26T16:44:35.424,jason5,self_20260526_163232,clip_013,4,listen,73.845,1.335,mock,
2026-05-26T16:44:35.653,jason5,self_20260526_163232,clip_013,4,listen,72.625,1.3574,mock,
2026-05-26T16:44:35.875,jason5,self_20260526_163232,clip_013,4,listen,73.757,1.3253,mock,
2026-05-26T16:44:36.096,jason5,self_20260526_163232,clip_013,4,listen,73.053,1.3573,mock,
2026-05-26T16:44:36.317,jason5,self_20260526_163232,clip_013,4,listen,73.256,1.3569,mock,
2026-05-26T16:44:36.550,jason5,self_20260526_163232,clip_013,4,listen,72.033,1.3359,mock,
2026-05-26T16:44:36.775,jason5,self_20260526_163232,clip_013,4,listen,70.942,1.3442,mock,
2026-05-26T16:44:36.992,jason5,self_20260526_163232,clip_013,4,listen,71.509,1.3692,mock,
2026-05-26T16:44:37.212,jason5,self_20260526_163232,clip_013,4,listen,71.041,1.3411,mock,
2026-05-26T16:44:37.433,jason5,self_20260526_163232,clip_013,4,listen,70.195,1.3277,mock,
2026-05-26T16:44:37.656,jason5,self_20260526_163232,clip_013,4,listen,71.301,1.3432,mock,
2026-05-26T16:44:37.871,jason5,self_20260526_163232,clip_013,4,listen,71.965,1.3274,mock,
2026-05-26T16:44:38.089,jason5,self_20260526_163232,clip_013,4,listen,70.002,1.332,mock,
2026-05-26T16:44:38.311,jason5,self_20260526_163232,clip_013,4,listen,70.979,1.3296,mock,
2026-05-26T16:44:38.534,jason5,self_20260526_163232,clip_013,4,listen,69.961,1.3361,mock,
2026-05-26T16:44:38.755,jason5,self_20260526_163232,clip_013,4,listen,70.351,1.3265,mock,
2026-05-26T16:44:38.974,jason5,self_20260526_163232,clip_013,4,listen,71.024,1.3219,mock,
2026-05-26T16:44:39.196,jason5,self_20260526_163232,clip_013,4,listen,70.178,1.3418,mock,
2026-05-26T16:44:39.422,jason5,self_20260526_163232,clip_013,4,listen,69.994,1.3017,mock,
2026-05-26T16:44:39.654,jason5,self_20260526_163232,clip_013,4,listen,69.749,1.3248,mock,
2026-05-26T16:44:39.886,jason5,self_20260526_163232,clip_013,4,listen,69.605,1.3068,mock,
2026-05-26T16:44:40.118,jason5,self_20260526_163232,clip_013,4,listen,70.216,1.2876,mock,
2026-05-26T16:44:40.355,jason5,self_20260526_163232,clip_013,4,listen,68.03,1.296,mock,
2026-05-26T16:44:40.591,jason5,self_20260526_163232,clip_013,4,listen,69.266,1.2786,mock,
2026-05-26T16:44:40.836,jason5,self_20260526_163232,clip_013,4,listen,69.583,1.2928,mock,
2026-05-26T16:44:41.083,jason5,self_20260526_163232,clip_013,4,listen,68.151,1.2874,mock,
2026-05-26T16:44:41.343,jason5,self_20260526_163232,clip_013,4,listen,68.587,1.253,mock,
2026-05-26T16:44:41.604,jason5,self_20260526_163232,clip_013,4,listen,68.926,1.2702,mock,
2026-05-26T16:44:41.863,jason5,self_20260526_163232,clip_013,4,listen,67.982,1.2744,mock,
2026-05-26T16:44:42.125,jason5,self_20260526_163232,clip_013,4,listen,68.748,1.2534,mock,
2026-05-26T16:44:42.391,jason5,self_20260526_163232,clip_013,4,listen,68.598,1.2727,mock,
2026-05-26T16:44:42.648,jason5,self_20260526_163232,clip_013,4,listen,67.744,1.2588,mock,
2026-05-26T16:44:42.915,jason5,self_20260526_163232,clip_013,4,listen,68.177,1.2825,mock,
2026-05-26T16:44:43.173,jason5,self_20260526_163232,clip_013,4,listen,66.816,1.2545,mock,
2026-05-26T16:44:43.439,jason5,self_20260526_163232,clip_013,4,listen,67.859,1.2381,mock,
2026-05-26T16:44:43.700,jason5,self_20260526_163232,clip_013,4,listen,69.37,1.235,mock,
2026-05-26T16:44:43.969,jason5,self_20260526_163232,clip_013,4,listen,69.583,1.2239,mock,
2026-05-26T16:44:44.235,jason5,self_20260526_163232,clip_013,4,listen,68.248,1.2187,mock,
2026-05-26T16:44:44.503,jason5,self_20260526_163232,clip_013,4,listen,67.517,1.2225,mock,
2026-05-26T16:44:44.764,jason5,self_20260526_163232,clip_013,4,listen,67.813,1.2203,mock,
2026-05-26T16:44:45.025,jason5,self_20260526_163232,clip_013,4,listen,66.558,1.243,mock,
2026-05-26T16:44:45.290,jason5,self_20260526_163232,clip_013,4,listen,67.946,1.2348,mock,
2026-05-26T16:44:45.648,jason5,self_20260526_163232,clip_013,4,listen,67.419,1.2074,mock,
2026-05-26T16:44:45.913,jason5,self_20260526_163232,clip_013,4,listen,70.397,1.1858,mock,
2026-05-26T16:44:46.180,jason5,self_20260526_163232,clip_013,4,listen,67.204,1.1865,mock,
2026-05-26T16:44:46.437,jason5,self_20260526_163232,clip_013,4,listen,68.658,1.2013,mock,
2026-05-26T16:44:46.695,jason5,self_20260526_163232,clip_013,4,listen,69.317,1.1832,mock,
2026-05-26T16:44:46.950,jason5,self_20260526_163232,clip_013,4,listen,67.388,1.1768,mock,
2026-05-26T16:44:47.210,jason5,self_20260526_163232,clip_013,4,listen,69.484,1.1867,mock,
2026-05-26T16:44:47.455,jason5,self_20260526_163232,clip_013,4,listen,67.354,1.1758,mock,
2026-05-26T16:44:47.699,jason5,self_20260526_163232,clip_013,4,listen,69.818,1.205,mock,
2026-05-26T16:44:47.934,jason5,self_20260526_163232,clip_013,4,listen,69.352,1.1747,mock,
2026-05-26T16:44:48.167,jason5,self_20260526_163232,clip_013,4,listen,68.215,1.1544,mock,
2026-05-26T16:44:48.398,jason5,self_20260526_163232,clip_013,4,listen,69.245,1.1718,mock,
2026-05-26T16:44:48.628,jason5,self_20260526_163232,clip_013,4,listen,69.753,1.1544,mock,
2026-05-26T16:44:48.852,jason5,self_20260526_163232,clip_013,4,listen,68.678,1.1474,mock,
2026-05-26T16:44:49.079,jason5,self_20260526_163232,clip_013,4,listen,68.818,1.1662,mock,
2026-05-26T16:44:49.296,jason5,self_20260526_163232,clip_013,4,listen,68.151,1.1492,mock,
2026-05-26T16:44:49.531,jason5,self_20260526_163232,clip_013,4,listen,70.243,1.1747,mock,
2026-05-26T16:44:49.750,jason5,self_20260526_163232,clip_013,4,listen,70.13,1.1648,mock,
2026-05-26T16:44:49.965,jason5,self_20260526_163232,clip_013,4,listen,69.953,1.1366,mock,
2026-05-26T16:44:50.186,jason5,self_20260526_163232,clip_013,4,listen,69.921,1.1688,mock,
2026-05-26T16:44:50.406,jason5,self_20260526_163232,clip_013,4,listen,71.252,1.1513,mock,
2026-05-26T16:44:50.624,jason5,self_20260526_163232,clip_013,4,listen,73.051,1.1418,mock,
2026-05-26T16:44:50.852,jason5,self_20260526_163232,clip_013,4,listen,71.328,1.1453,mock,
2026-05-26T16:47:23.749,jason5,self_20260526_163232,clip_014,11,rest,72.02,1.25,mock,
2026-05-26T16:47:23.983,jason5,self_20260526_163232,clip_014,11,rest,72.23,1.2671,mock,
2026-05-26T16:47:24.201,jason5,self_20260526_163232,clip_014,11,rest,72.392,1.2379,mock,
2026-05-26T16:47:24.416,jason5,self_20260526_163232,clip_014,11,rest,72.884,1.26,mock,
2026-05-26T16:47:24.636,jason5,self_20260526_163232,clip_014,11,rest,72.673,1.2695,mock,
2026-05-26T16:47:24.858,jason5,self_20260526_163232,clip_014,11,rest,73.161,1.2889,mock,
2026-05-26T16:47:25.078,jason5,self_20260526_163232,clip_014,11,rest,73.627,1.2768,mock,
2026-05-26T16:47:25.297,jason5,self_20260526_163232,clip_014,11,rest,72.817,1.2636,mock,
2026-05-26T16:47:25.518,jason5,self_20260526_163232,clip_014,11,rest,73.671,1.3022,mock,
2026-05-26T16:47:25.739,jason5,self_20260526_163232,clip_014,11,rest,73.691,1.2846,mock,
2026-05-26T16:47:25.961,jason5,self_20260526_163232,clip_014,11,rest,74.193,1.2679,mock,
2026-05-26T16:47:26.184,jason5,self_20260526_163232,clip_014,11,rest,73.759,1.3007,mock,
2026-05-26T16:47:26.403,jason5,self_20260526_163232,clip_014,11,rest,74.74,1.2932,mock,
2026-05-26T16:47:26.624,jason5,self_20260526_163232,clip_014,11,rest,74.54,1.304,mock,
2026-05-26T16:47:26.844,jason5,self_20260526_163232,clip_014,11,rest,74.966,1.287,mock,
2026-05-26T16:47:27.057,jason5,self_20260526_163232,clip_014,11,rest,74.95,1.2842,mock,
2026-05-26T16:47:27.278,jason5,self_20260526_163232,clip_014,11,rest,72.851,1.3011,mock,
2026-05-26T16:47:27.498,jason5,self_20260526_163232,clip_014,11,rest,74.172,1.3266,mock,
2026-05-26T16:47:27.715,jason5,self_20260526_163232,clip_014,11,rest,75.399,1.2983,mock,
2026-05-26T16:47:27.937,jason5,self_20260526_163232,clip_014,11,rest,75.645,1.3047,mock,
2026-05-26T16:47:28.161,jason5,self_20260526_163232,clip_014,11,rest,75.104,1.3184,mock,
2026-05-26T16:47:28.385,jason5,self_20260526_163232,clip_014,11,rest,75.351,1.3381,mock,
2026-05-26T16:47:28.608,jason5,self_20260526_163232,clip_014,11,rest,75.817,1.334,mock,
2026-05-26T16:47:28.832,jason5,self_20260526_163232,clip_014,11,rest,75.919,1.3388,mock,
2026-05-26T16:47:29.051,jason5,self_20260526_163232,clip_014,11,rest,75.109,1.3236,mock,
2026-05-26T16:47:29.273,jason5,self_20260526_163232,clip_014,11,rest,75.297,1.3445,mock,
2026-05-26T16:47:29.507,jason5,self_20260526_163232,clip_014,11,rest,75.526,1.3747,mock,
2026-05-26T16:47:29.731,jason5,self_20260526_163232,clip_014,11,rest,75.192,1.3257,mock,
2026-05-26T16:47:29.951,jason5,self_20260526_163232,clip_014,11,rest,76.359,1.3659,mock,
2026-05-26T16:47:30.174,jason5,self_20260526_163232,clip_014,11,rest,76.224,1.3594,mock,
2026-05-26T16:47:30.400,jason5,self_20260526_163232,clip_014,11,rest,76.91,1.3477,mock,
2026-05-26T16:47:30.625,jason5,self_20260526_163232,clip_014,11,rest,74.949,1.3432,mock,
2026-05-26T16:47:30.856,jason5,self_20260526_163232,clip_014,11,rest,76.639,1.3316,mock,
2026-05-26T16:47:31.081,jason5,self_20260526_163232,clip_014,11,rest,76.012,1.359,mock,
2026-05-26T16:47:31.305,jason5,self_20260526_163232,clip_014,11,rest,75.777,1.3679,mock,
2026-05-26T16:47:31.531,jason5,self_20260526_163232,clip_014,11,rest,76.406,1.3935,mock,
2026-05-26T16:47:31.756,jason5,self_20260526_163232,clip_014,11,rest,76.427,1.3511,mock,
2026-05-26T16:47:32.001,jason5,self_20260526_163232,clip_014,11,rest,75.583,1.3494,mock,
2026-05-26T16:47:32.224,jason5,self_20260526_163232,clip_014,11,rest,76.619,1.3547,mock,
2026-05-26T16:47:32.449,jason5,self_20260526_163232,clip_014,11,rest,75.871,1.3757,mock,
2026-05-26T16:47:32.674,jason5,self_20260526_163232,clip_014,11,rest,75.375,1.3611,mock,
2026-05-26T16:47:32.900,jason5,self_20260526_163232,clip_014,11,rest,74.544,1.3503,mock,
2026-05-26T16:47:33.126,jason5,self_20260526_163232,clip_014,11,rest,75.38,1.3736,mock,
2026-05-26T16:47:33.357,jason5,self_20260526_163232,clip_014,11,rest,76.548,1.3679,mock,
2026-05-26T16:47:33.583,jason5,self_20260526_163232,clip_014,11,rest,75.825,1.3713,mock,
2026-05-26T16:47:33.810,jason5,self_20260526_163232,clip_014,11,rest,76.322,1.3827,mock,
2026-05-26T16:47:34.038,jason5,self_20260526_163232,clip_014,11,rest,75.668,1.3545,mock,
2026-05-26T16:47:34.265,jason5,self_20260526_163232,clip_014,11,rest,76.016,1.3756,mock,
2026-05-26T16:47:34.492,jason5,self_20260526_163232,clip_014,11,rest,76.142,1.3695,mock,
2026-05-26T16:47:34.724,jason5,self_20260526_163232,clip_014,11,rest,76.541,1.3646,mock,
2026-05-26T16:47:34.951,jason5,self_20260526_163232,clip_014,11,rest,76.175,1.3716,mock,
2026-05-26T16:47:35.177,jason5,self_20260526_163232,clip_014,11,rest,74.579,1.3527,mock,
2026-05-26T16:47:35.403,jason5,self_20260526_163232,clip_014,11,rest,74.709,1.3905,mock,
2026-05-26T16:47:35.638,jason5,self_20260526_163232,clip_014,11,rest,75.249,1.379,mock,
2026-05-26T16:47:35.866,jason5,self_20260526_163232,clip_014,11,rest,72.877,1.3787,mock,
2026-05-26T16:47:36.072,jason5,self_20260526_163232,clip_014,11,rest,74.799,1.3591,mock,
2026-05-26T16:47:36.303,jason5,self_20260526_163232,clip_014,11,rest,73.821,1.3664,mock,
2026-05-26T16:47:36.530,jason5,self_20260526_163232,clip_014,11,rest,75.315,1.3496,mock,
2026-05-26T16:47:36.757,jason5,self_20260526_163232,clip_014,11,rest,73.652,1.3847,mock,
2026-05-26T16:47:36.990,jason5,self_20260526_163232,clip_014,11,rest,73.475,1.3576,mock,
2026-05-26T16:47:37.216,jason5,self_20260526_163232,clip_014,11,rest,73.692,1.3431,mock,
2026-05-26T16:47:37.433,jason5,self_20260526_163232,clip_014,11,rest,73.617,1.3421,mock,
2026-05-26T16:47:37.656,jason5,self_20260526_163232,clip_014,11,rest,73.915,1.3587,mock,
2026-05-26T16:47:37.879,jason5,self_20260526_163232,clip_014,11,rest,74.725,1.3612,mock,
2026-05-26T16:47:38.103,jason5,self_20260526_163232,clip_014,11,rest,73.909,1.3357,mock,
2026-05-26T16:47:38.324,jason5,self_20260526_163232,clip_014,11,rest,72.695,1.3582,mock,
2026-05-26T16:47:38.547,jason5,self_20260526_163232,clip_014,11,rest,73.826,1.3261,mock,
2026-05-26T16:47:38.771,jason5,self_20260526_163232,clip_014,11,rest,73.121,1.3581,mock,
2026-05-26T16:47:38.993,jason5,self_20260526_163232,clip_014,11,rest,73.324,1.3578,mock,
2026-05-26T16:47:39.215,jason5,self_20260526_163232,clip_014,11,rest,72.109,1.337,mock,
2026-05-26T16:47:39.453,jason5,self_20260526_163232,clip_014,11,rest,71.008,1.3452,mock,
2026-05-26T16:47:39.673,jason5,self_20260526_163232,clip_014,11,rest,71.572,1.3701,mock,
2026-05-26T16:47:39.896,jason5,self_20260526_163232,clip_014,11,rest,71.101,1.342,mock,
2026-05-26T16:47:40.116,jason5,self_20260526_163232,clip_014,11,rest,70.256,1.3286,mock,
2026-05-26T16:47:40.338,jason5,self_20260526_163232,clip_014,11,rest,71.363,1.3442,mock,
2026-05-26T16:47:40.561,jason5,self_20260526_163232,clip_014,11,rest,72.02,1.3283,mock,
2026-05-26T16:47:40.781,jason5,self_20260526_163232,clip_014,11,rest,70.054,1.333,mock,
2026-05-26T16:47:41.004,jason5,self_20260526_163232,clip_014,11,rest,71.029,1.3305,mock,
2026-05-26T16:47:41.227,jason5,self_20260526_163232,clip_014,11,rest,70.01,1.337,mock,
2026-05-26T16:47:41.449,jason5,self_20260526_163232,clip_014,11,rest,70.399,1.3274,mock,
2026-05-26T16:47:41.671,jason5,self_20260526_163232,clip_014,11,rest,71.069,1.3228,mock,
2026-05-26T16:47:41.893,jason5,self_20260526_163232,clip_014,11,rest,70.222,1.3427,mock,
2026-05-26T16:47:42.117,jason5,self_20260526_163232,clip_014,11,rest,70.038,1.3027,mock,
2026-05-26T16:47:42.335,jason5,self_20260526_163232,clip_014,11,rest,69.8,1.326,mock,
2026-05-26T16:47:42.561,jason5,self_20260526_163232,clip_014,11,rest,69.659,1.3081,mock,
2026-05-26T16:47:42.782,jason5,self_20260526_163232,clip_014,11,rest,70.274,1.2891,mock,
2026-05-26T16:47:43.005,jason5,self_20260526_163232,clip_014,11,rest,68.095,1.2978,mock,
2026-05-26T16:47:43.227,jason5,self_20260526_163232,clip_014,11,rest,69.336,1.2806,mock,
2026-05-26T16:47:43.459,jason5,self_20260526_163232,clip_014,11,rest,69.656,1.2951,mock,
2026-05-26T16:47:43.683,jason5,self_20260526_163232,clip_014,11,rest,68.232,1.29,mock,
2026-05-26T16:47:43.905,jason5,self_20260526_163232,clip_014,11,rest,68.681,1.2563,mock,
2026-05-26T16:47:44.124,jason5,self_20260526_163232,clip_014,11,rest,69.032,1.2742,mock,
2026-05-26T16:47:44.346,jason5,self_20260526_163232,clip_014,11,rest,68.095,1.279,mock,
2026-05-26T16:47:44.571,jason5,self_20260526_163232,clip_014,11,rest,68.866,1.2587,mock,
2026-05-26T16:47:44.794,jason5,self_20260526_163232,clip_014,11,rest,68.72,1.2788,mock,
2026-05-26T16:47:45.016,jason5,self_20260526_163232,clip_014,11,rest,67.863,1.2655,mock,
2026-05-26T16:47:45.240,jason5,self_20260526_163232,clip_014,11,rest,68.293,1.29,mock,
2026-05-26T16:47:45.464,jason5,self_20260526_163232,clip_014,11,rest,66.924,1.2626,mock,
2026-05-26T16:47:45.681,jason5,self_20260526_163232,clip_014,11,rest,67.959,1.2469,mock,
2026-05-26T16:47:45.903,jason5,self_20260526_163232,clip_014,11,rest,69.457,1.2445,mock,
2026-05-26T16:47:46.124,jason5,self_20260526_163232,clip_014,11,rest,69.654,1.2342,mock,
2026-05-26T16:47:46.347,jason5,self_20260526_163232,clip_014,11,rest,68.298,1.2297,mock,
2026-05-26T16:47:46.570,jason5,self_20260526_163232,clip_014,11,rest,67.544,1.2342,mock,
2026-05-26T16:47:46.794,jason5,self_20260526_163232,clip_014,11,rest,67.813,1.2325,mock,
2026-05-26T16:47:47.016,jason5,self_20260526_163232,clip_014,11,rest,66.528,1.2557,mock,
2026-05-26T16:47:47.240,jason5,self_20260526_163232,clip_014,11,rest,67.884,1.2481,mock,
2026-05-26T16:47:47.463,jason5,self_20260526_163232,clip_014,11,rest,67.302,1.2226,mock,
2026-05-26T16:47:47.708,jason5,self_20260526_163232,clip_014,11,rest,70.24,1.2012,mock,
2026-05-26T16:47:47.924,jason5,self_20260526_163232,clip_014,11,rest,67.0,1.2025,mock,
2026-05-26T16:47:48.146,jason5,self_20260526_163232,clip_014,11,rest,68.408,1.2175,mock,
2026-05-26T16:47:48.366,jason5,self_20260526_163232,clip_014,11,rest,69.019,1.1998,mock,
2026-05-26T16:47:48.586,jason5,self_20260526_163232,clip_014,11,rest,67.04,1.1936,mock,
2026-05-26T16:47:48.807,jason5,self_20260526_163232,clip_014,11,rest,69.083,1.2037,mock,
2026-05-26T16:47:49.030,jason5,self_20260526_163232,clip_014,11,rest,66.907,1.1928,mock,
2026-05-26T16:47:49.253,jason5,self_20260526_163232,clip_014,11,rest,69.324,1.2219,mock,
2026-05-26T16:47:49.478,jason5,self_20260526_163232,clip_014,11,rest,68.815,1.1913,mock,
2026-05-26T16:47:49.707,jason5,self_20260526_163232,clip_014,11,rest,67.64,1.1708,mock,
2026-05-26T16:47:49.929,jason5,self_20260526_163232,clip_014,11,rest,68.631,1.1878,mock,
2026-05-26T16:47:50.149,jason5,self_20260526_163232,clip_014,11,rest,69.1,1.1701,mock,
2026-05-26T16:47:50.369,jason5,self_20260526_163232,clip_014,11,rest,67.99,1.1626,mock,
2026-05-26T16:47:50.594,jason5,self_20260526_163232,clip_014,11,rest,68.098,1.181,mock,
2026-05-26T16:47:50.825,jason5,self_20260526_163232,clip_014,11,rest,67.409,1.1634,mock,
2026-05-26T16:47:51.057,jason5,self_20260526_163232,clip_014,11,rest,69.47,1.1883,mock,
2026-05-26T16:47:51.281,jason5,self_20260526_163232,clip_014,11,rest,69.334,1.1778,mock,
2026-05-26T16:47:51.499,jason5,self_20260526_163232,clip_014,11,rest,69.135,1.1491,mock,
2026-05-26T16:47:51.716,jason5,self_20260526_163232,clip_014,11,rest,69.077,1.1808,mock,
2026-05-26T16:47:51.936,jason5,self_20260526_163232,clip_014,11,rest,70.386,1.1628,mock,
2026-05-26T16:47:52.155,jason5,self_20260526_163232,clip_014,11,rest,72.167,1.1527,mock,
2026-05-26T16:47:52.374,jason5,self_20260526_163232,clip_014,11,rest,70.42,1.1557,mock,
2026-05-26T16:47:52.599,jason5,self_20260526_163232,clip_014,11,rest,69.987,1.1837,mock,
2026-05-26T16:47:52.819,jason5,self_20260526_163232,clip_014,11,rest,71.355,1.1259,mock,
2026-05-26T16:47:53.040,jason5,self_20260526_163232,clip_014,11,rest,70.182,1.1515,mock,
2026-05-26T16:47:53.266,jason5,self_20260526_163232,clip_014,11,rest,71.178,1.123,mock,
2026-05-26T16:47:53.488,jason5,self_20260526_163232,clip_014,11,rest,69.22,1.113,mock,
2026-05-26T16:47:53.708,jason5,self_20260526_163232,clip_014,11,rest,70.918,1.1384,mock,
2026-05-26T16:47:55.353,jason5,self_20260526_163232,clip_014,11,listen,72.023,1.2501,mock,
2026-05-26T16:47:55.581,jason5,self_20260526_163232,clip_014,11,listen,72.228,1.2671,mock,
2026-05-26T16:47:55.799,jason5,self_20260526_163232,clip_014,11,listen,72.39,1.2378,mock,
2026-05-26T16:47:56.021,jason5,self_20260526_163232,clip_014,11,listen,72.888,1.2601,mock,
2026-05-26T16:47:56.243,jason5,self_20260526_163232,clip_014,11,listen,72.678,1.2696,mock,
2026-05-26T16:47:56.458,jason5,self_20260526_163232,clip_014,11,listen,73.16,1.2889,mock,
2026-05-26T16:47:56.673,jason5,self_20260526_163232,clip_014,11,listen,73.623,1.2768,mock,
2026-05-26T16:47:56.896,jason5,self_20260526_163232,clip_014,11,listen,72.815,1.2636,mock,
2026-05-26T16:47:57.112,jason5,self_20260526_163232,clip_014,11,listen,73.666,1.3021,mock,
2026-05-26T16:47:57.326,jason5,self_20260526_163232,clip_014,11,listen,73.681,1.2843,mock,
2026-05-26T16:47:57.549,jason5,self_20260526_163232,clip_014,11,listen,74.184,1.2677,mock,
2026-05-26T16:47:57.772,jason5,self_20260526_163232,clip_014,11,listen,73.751,1.3005,mock,
2026-05-26T16:47:57.992,jason5,self_20260526_163232,clip_014,11,listen,74.732,1.293,mock,
2026-05-26T16:47:58.214,jason5,self_20260526_163232,clip_014,11,listen,74.533,1.3038,mock,
2026-05-26T16:47:58.437,jason5,self_20260526_163232,clip_014,11,listen,74.962,1.2869,mock,
2026-05-26T16:47:58.662,jason5,self_20260526_163232,clip_014,11,listen,74.953,1.2843,mock,
2026-05-26T16:47:58.886,jason5,self_20260526_163232,clip_014,11,listen,72.856,1.3012,mock,
2026-05-26T16:47:59.108,jason5,self_20260526_163232,clip_014,11,listen,74.178,1.3267,mock,
2026-05-26T16:47:59.330,jason5,self_20260526_163232,clip_014,11,listen,75.407,1.2985,mock,
2026-05-26T16:47:59.549,jason5,self_20260526_163232,clip_014,11,listen,75.651,1.3048,mock,
2026-05-26T16:47:59.772,jason5,self_20260526_163232,clip_014,11,listen,75.109,1.3185,mock,
2026-05-26T16:47:59.996,jason5,self_20260526_163232,clip_014,11,listen,75.356,1.3382,mock,
2026-05-26T16:48:00.218,jason5,self_20260526_163232,clip_014,11,listen,75.821,1.3341,mock,
2026-05-26T16:48:00.447,jason5,self_20260526_163232,clip_014,11,listen,75.924,1.339,mock,
2026-05-26T16:48:00.669,jason5,self_20260526_163232,clip_014,11,listen,75.115,1.3238,mock,
2026-05-26T16:48:00.894,jason5,self_20260526_163232,clip_014,11,listen,75.304,1.3447,mock,
2026-05-26T16:48:01.116,jason5,self_20260526_163232,clip_014,11,listen,75.529,1.3748,mock,
2026-05-26T16:48:01.338,jason5,self_20260526_163232,clip_014,11,listen,75.194,1.3258,mock,
2026-05-26T16:48:01.562,jason5,self_20260526_163232,clip_014,11,listen,76.362,1.366,mock,
2026-05-26T16:48:01.786,jason5,self_20260526_163232,clip_014,11,listen,76.226,1.3595,mock,
2026-05-26T16:48:02.010,jason5,self_20260526_163232,clip_014,11,listen,76.912,1.3478,mock,
2026-05-26T16:48:02.231,jason5,self_20260526_163232,clip_014,11,listen,74.95,1.3433,mock,
2026-05-26T16:48:02.452,jason5,self_20260526_163232,clip_014,11,listen,76.638,1.3316,mock,
2026-05-26T16:48:02.675,jason5,self_20260526_163232,clip_014,11,listen,76.012,1.359,mock,
2026-05-26T16:48:02.899,jason5,self_20260526_163232,clip_014,11,listen,75.777,1.3678,mock,
2026-05-26T16:48:03.121,jason5,self_20260526_163232,clip_014,11,listen,76.406,1.3934,mock,
2026-05-26T16:48:03.344,jason5,self_20260526_163232,clip_014,11,listen,76.427,1.3511,mock,
2026-05-26T16:48:03.597,jason5,self_20260526_163232,clip_014,11,listen,75.583,1.3494,mock,
2026-05-26T16:48:03.816,jason5,self_20260526_163232,clip_014,11,listen,76.62,1.3546,mock,
2026-05-26T16:48:04.039,jason5,self_20260526_163232,clip_014,11,listen,75.873,1.3756,mock,
2026-05-26T16:48:04.264,jason5,self_20260526_163232,clip_014,11,listen,75.377,1.3611,mock,
2026-05-26T16:48:04.489,jason5,self_20260526_163232,clip_014,11,listen,74.547,1.3502,mock,
2026-05-26T16:48:04.715,jason5,self_20260526_163232,clip_014,11,listen,75.383,1.3736,mock,
2026-05-26T16:48:04.939,jason5,self_20260526_163232,clip_014,11,listen,76.554,1.3678,mock,
2026-05-26T16:48:05.163,jason5,self_20260526_163232,clip_014,11,listen,75.832,1.3712,mock,
2026-05-26T16:48:05.388,jason5,self_20260526_163232,clip_014,11,listen,76.331,1.3826,mock,
2026-05-26T16:48:05.614,jason5,self_20260526_163232,clip_014,11,listen,75.678,1.3544,mock,
2026-05-26T16:48:05.840,jason5,self_20260526_163232,clip_014,11,listen,76.026,1.3756,mock,
2026-05-26T16:48:06.065,jason5,self_20260526_163232,clip_014,11,listen,76.154,1.3695,mock,
2026-05-26T16:48:06.291,jason5,self_20260526_163232,clip_014,11,listen,76.557,1.3646,mock,
2026-05-26T16:48:06.517,jason5,self_20260526_163232,clip_014,11,listen,76.192,1.3716,mock,
2026-05-26T16:48:06.747,jason5,self_20260526_163232,clip_014,11,listen,74.595,1.3527,mock,
2026-05-26T16:48:06.973,jason5,self_20260526_163232,clip_014,11,listen,74.726,1.3906,mock,
2026-05-26T16:48:07.207,jason5,self_20260526_163232,clip_014,11,listen,75.268,1.3791,mock,
2026-05-26T16:48:07.429,jason5,self_20260526_163232,clip_014,11,listen,72.9,1.3788,mock,
2026-05-26T16:48:07.659,jason5,self_20260526_163232,clip_014,11,listen,74.808,1.3591,mock,
2026-05-26T16:48:07.884,jason5,self_20260526_163232,clip_014,11,listen,73.834,1.3665,mock,
2026-05-26T16:48:08.114,jason5,self_20260526_163232,clip_014,11,listen,75.327,1.3497,mock,
2026-05-26T16:48:08.342,jason5,self_20260526_163232,clip_014,11,listen,73.663,1.3848,mock,
2026-05-26T16:48:08.574,jason5,self_20260526_163232,clip_014,11,listen,73.486,1.3577,mock,
2026-05-26T16:48:08.799,jason5,self_20260526_163232,clip_014,11,listen,73.705,1.3432,mock,
2026-05-26T16:48:09.016,jason5,self_20260526_163232,clip_014,11,listen,73.63,1.3422,mock,
2026-05-26T16:48:09.239,jason5,self_20260526_163232,clip_014,11,listen,73.929,1.3589,mock,
2026-05-26T16:48:09.457,jason5,self_20260526_163232,clip_014,11,listen,74.741,1.3614,mock,
2026-05-26T16:48:09.679,jason5,self_20260526_163232,clip_014,11,listen,73.928,1.3359,mock,
2026-05-26T16:48:09.903,jason5,self_20260526_163232,clip_014,11,listen,72.711,1.3584,mock,
2026-05-26T16:48:10.124,jason5,self_20260526_163232,clip_014,11,listen,73.845,1.3264,mock,
2026-05-26T16:48:10.347,jason5,self_20260526_163232,clip_014,11,listen,73.14,1.3584,mock,
2026-05-26T16:48:10.571,jason5,self_20260526_163232,clip_014,11,listen,73.342,1.358,mock,
2026-05-26T16:48:10.791,jason5,self_20260526_163232,clip_014,11,listen,72.129,1.3372,mock,
2026-05-26T16:48:11.018,jason5,self_20260526_163232,clip_014,11,listen,71.037,1.3455,mock,
2026-05-26T16:48:11.239,jason5,self_20260526_163232,clip_014,11,listen,71.6,1.3705,mock,
2026-05-26T16:48:11.460,jason5,self_20260526_163232,clip_014,11,listen,71.13,1.3424,mock,
2026-05-26T16:48:11.682,jason5,self_20260526_163232,clip_014,11,listen,70.283,1.329,mock,
2026-05-26T16:48:11.903,jason5,self_20260526_163232,clip_014,11,listen,71.391,1.3446,mock,
2026-05-26T16:48:12.124,jason5,self_20260526_163232,clip_014,11,listen,72.049,1.3288,mock,
2026-05-26T16:48:12.346,jason5,self_20260526_163232,clip_014,11,listen,70.082,1.3334,mock,
2026-05-26T16:48:12.566,jason5,self_20260526_163232,clip_014,11,listen,71.058,1.331,mock,
2026-05-26T16:48:12.782,jason5,self_20260526_163232,clip_014,11,listen,70.044,1.3377,mock,
2026-05-26T16:48:13.005,jason5,self_20260526_163232,clip_014,11,listen,70.431,1.328,mock,
2026-05-26T16:48:13.229,jason5,self_20260526_163232,clip_014,11,listen,71.1,1.3235,mock,
2026-05-26T16:48:13.451,jason5,self_20260526_163232,clip_014,11,listen,70.251,1.3434,mock,
2026-05-26T16:48:13.674,jason5,self_20260526_163232,clip_014,11,listen,70.067,1.3033,mock,
2026-05-26T16:48:13.898,jason5,self_20260526_163232,clip_014,11,listen,69.825,1.3266,mock,
2026-05-26T16:48:14.116,jason5,self_20260526_163232,clip_014,11,listen,69.688,1.3088,mock,
2026-05-26T16:48:14.338,jason5,self_20260526_163232,clip_014,11,listen,70.302,1.2898,mock,
2026-05-26T16:48:14.563,jason5,self_20260526_163232,clip_014,11,listen,68.12,1.2985,mock,
2026-05-26T16:48:14.787,jason5,self_20260526_163232,clip_014,11,listen,69.359,1.2813,mock,
2026-05-26T16:48:15.008,jason5,self_20260526_163232,clip_014,11,listen,69.684,1.2959,mock,
2026-05-26T16:48:15.228,jason5,self_20260526_163232,clip_014,11,listen,68.261,1.291,mock,
2026-05-26T16:48:15.449,jason5,self_20260526_163232,clip_014,11,listen,68.708,1.2573,mock,
2026-05-26T16:48:15.671,jason5,self_20260526_163232,clip_014,11,listen,69.056,1.2751,mock,
2026-05-26T16:48:15.896,jason5,self_20260526_163232,clip_014,11,listen,68.117,1.2799,mock,
2026-05-26T16:48:16.121,jason5,self_20260526_163232,clip_014,11,listen,68.886,1.2596,mock,
2026-05-26T16:48:16.353,jason5,self_20260526_163232,clip_014,11,listen,68.735,1.2795,mock,
2026-05-26T16:48:16.575,jason5,self_20260526_163232,clip_014,11,listen,67.877,1.2662,mock,
2026-05-26T16:48:16.800,jason5,self_20260526_163232,clip_014,11,listen,68.305,1.2907,mock,
2026-05-26T16:48:17.024,jason5,self_20260526_163232,clip_014,11,listen,66.935,1.2633,mock,
2026-05-26T16:48:17.249,jason5,self_20260526_163232,clip_014,11,listen,67.967,1.2475,mock,
2026-05-26T16:48:17.472,jason5,self_20260526_163232,clip_014,11,listen,69.463,1.245,mock,
2026-05-26T16:48:17.691,jason5,self_20260526_163232,clip_014,11,listen,69.66,1.2348,mock,
2026-05-26T16:48:17.908,jason5,self_20260526_163232,clip_014,11,listen,68.303,1.2303,mock,
2026-05-26T16:48:18.124,jason5,self_20260526_163232,clip_014,11,listen,67.549,1.235,mock,
2026-05-26T16:48:18.346,jason5,self_20260526_163232,clip_014,11,listen,67.816,1.2333,mock,
2026-05-26T16:48:18.570,jason5,self_20260526_163232,clip_014,11,listen,66.529,1.2565,mock,
2026-05-26T16:48:18.791,jason5,self_20260526_163232,clip_014,11,listen,67.883,1.2489,mock,
2026-05-26T16:48:19.013,jason5,self_20260526_163232,clip_014,11,listen,67.3,1.2235,mock,
2026-05-26T16:48:19.267,jason5,self_20260526_163232,clip_014,11,listen,70.236,1.2019,mock,
2026-05-26T16:48:19.482,jason5,self_20260526_163232,clip_014,11,listen,66.995,1.2032,mock,
2026-05-26T16:48:19.703,jason5,self_20260526_163232,clip_014,11,listen,68.402,1.2182,mock,
2026-05-26T16:48:19.930,jason5,self_20260526_163232,clip_014,11,listen,69.012,1.2003,mock,
2026-05-26T16:48:20.152,jason5,self_20260526_163232,clip_014,11,listen,67.032,1.1942,mock,
2026-05-26T16:48:20.372,jason5,self_20260526_163232,clip_014,11,listen,69.074,1.2043,mock,
2026-05-26T16:48:20.591,jason5,self_20260526_163232,clip_014,11,listen,66.895,1.1934,mock,
2026-05-26T16:48:20.815,jason5,self_20260526_163232,clip_014,11,listen,69.312,1.2225,mock,
2026-05-26T16:48:21.033,jason5,self_20260526_163232,clip_014,11,listen,68.799,1.192,mock,
2026-05-26T16:48:21.255,jason5,self_20260526_163232,clip_014,11,listen,67.62,1.1715,mock,
2026-05-26T16:48:21.478,jason5,self_20260526_163232,clip_014,11,listen,68.61,1.1885,mock,
2026-05-26T16:48:21.701,jason5,self_20260526_163232,clip_014,11,listen,69.079,1.1707,mock,
2026-05-26T16:48:21.924,jason5,self_20260526_163232,clip_014,11,listen,67.968,1.1632,mock,
2026-05-26T16:48:22.147,jason5,self_20260526_163232,clip_014,11,listen,68.073,1.1816,mock,
2026-05-26T16:48:22.367,jason5,self_20260526_163232,clip_014,11,listen,67.378,1.1641,mock,
2026-05-26T16:48:22.609,jason5,self_20260526_163232,clip_014,11,listen,69.443,1.1889,mock,
2026-05-26T16:48:22.828,jason5,self_20260526_163232,clip_014,11,listen,69.302,1.1785,mock,
2026-05-26T16:48:23.049,jason5,self_20260526_163232,clip_014,11,listen,69.104,1.1497,mock,
2026-05-26T16:48:23.271,jason5,self_20260526_163232,clip_014,11,listen,69.048,1.1813,mock,
2026-05-26T16:48:23.494,jason5,self_20260526_163232,clip_014,11,listen,70.359,1.1633,mock,
2026-05-26T16:48:23.716,jason5,self_20260526_163232,clip_014,11,listen,72.141,1.1531,mock,
2026-05-26T16:48:23.939,jason5,self_20260526_163232,clip_014,11,listen,70.395,1.156,mock,
2026-05-26T16:48:24.165,jason5,self_20260526_163232,clip_014,11,listen,69.963,1.184,mock,
2026-05-26T16:48:24.384,jason5,self_20260526_163232,clip_014,11,listen,71.329,1.1263,mock,
2026-05-26T16:48:24.607,jason5,self_20260526_163232,clip_014,11,listen,70.157,1.1518,mock,
2026-05-26T16:48:24.829,jason5,self_20260526_163232,clip_014,11,listen,71.15,1.1233,mock,
2026-05-26T16:48:25.053,jason5,self_20260526_163232,clip_014,11,listen,69.192,1.1132,mock,
2026-05-26T16:48:25.276,jason5,self_20260526_163232,clip_014,11,listen,70.892,1.1387,mock,
