timestamp,user_id,session_id,clip_id,trial_index,phase,hr,eda,sensor_elapsed_ms,source,raw_line
2026-05-28T17:01:36.909,jbl6,self_20260528_170130,clip_005,1,rest,,2.1025,27468.0,raspberry_pi_seeed_gsr,"27468,2.1025"
2026-05-28T17:01:37.150,jbl6,self_20260528_170130,clip_005,1,rest,,2.1033,27489.0,raspberry_pi_seeed_gsr,"27489,2.1033"
2026-05-28T17:01:37.179,jbl6,self_20260528_170130,clip_005,1,rest,,2.1033,27510.0,raspberry_pi_seeed_gsr,"27510,2.1033"
2026-05-28T17:01:37.206,jbl6,self_20260528_170130,clip_005,1,rest,,2.1041,27531.0,raspberry_pi_seeed_gsr,"27531,2.1041"
2026-05-28T17:01:37.233,jbl6,self_20260528_170130,clip_005,1,rest,,2.1017,27552.0,raspberry_pi_seeed_gsr,"27552,2.1017"
2026-05-28T17:01:37.261,jbl6,self_20260528_170130,clip_005,1,rest,,2.1033,27573.0,raspberry_pi_seeed_gsr,"27573,2.1033"
2026-05-28T17:01:37.283,jbl6,self_20260528_170130,clip_005,1,rest,,2.1033,27594.0,raspberry_pi_seeed_gsr,"27594,2.1033"
2026-05-28T17:01:37.305,jbl6,self_20260528_170130,clip_005,1,rest,,2.1122,27615.0,raspberry_pi_seeed_gsr,"27615,2.1122"
2026-05-28T17:01:37.328,jbl6,self_20260528_170130,clip_005,1,rest,,2.1025,27636.0,raspberry_pi_seeed_gsr,"27636,2.1025"
2026-05-28T17:01:37.350,jbl6,self_20260528_170130,clip_005,1,rest,,2.1017,27657.0,raspberry_pi_seeed_gsr,"27657,2.1017"
2026-05-28T17:01:37.372,jbl6,self_20260528_170130,clip_005,1,rest,,2.1033,27678.0,raspberry_pi_seeed_gsr,"27678,2.1033"
2026-05-28T17:01:37.394,jbl6,self_20260528_170130,clip_005,1,rest,,2.0993,27699.0,raspberry_pi_seeed_gsr,"27699,2.0993"
2026-05-28T17:01:37.417,jbl6,self_20260528_170130,clip_005,1,rest,,2.1017,27720.0,raspberry_pi_seeed_gsr,"27720,2.1017"
2026-05-28T17:01:37.438,jbl6,self_20260528_170130,clip_005,1,rest,,2.1033,27741.0,raspberry_pi_seeed_gsr,"27741,2.1033"
2026-05-28T17:01:37.462,jbl6,self_20260528_170130,clip_005,1,rest,,2.1033,27762.0,raspberry_pi_seeed_gsr,"27762,2.1033"
2026-05-28T17:01:37.484,jbl6,self_20260528_170130,clip_005,1,rest,,2.1017,27784.0,raspberry_pi_seeed_gsr,"27784,2.1017"
2026-05-28T17:01:37.508,jbl6,self_20260528_170130,clip_005,1,rest,,2.1017,27804.0,raspberry_pi_seeed_gsr,"27804,2.1017"
2026-05-28T17:01:37.531,jbl6,self_20260528_170130,clip_005,1,rest,,2.1025,27825.0,raspberry_pi_seeed_gsr,"27825,2.1025"
2026-05-28T17:01:37.553,jbl6,self_20260528_170130,clip_005,1,rest,,2.0985,27846.0,raspberry_pi_seeed_gsr,"27846,2.0985"
2026-05-28T17:01:37.575,jbl6,self_20260528_170130,clip_005,1,rest,,2.1041,27867.0,raspberry_pi_seeed_gsr,"27867,2.1041"
2026-05-28T17:01:37.597,jbl6,self_20260528_170130,clip_005,1,rest,,2.1025,27888.0,raspberry_pi_seeed_gsr,"27888,2.1025"
2026-05-28T17:01:37.620,jbl6,self_20260528_170130,clip_005,1,rest,,2.1025,27909.0,raspberry_pi_seeed_gsr,"27909,2.1025"
2026-05-28T17:01:37.647,jbl6,self_20260528_170130,clip_005,1,rest,,2.1025,27930.0,raspberry_pi_seeed_gsr,"27930,2.1025"
2026-05-28T17:01:37.669,jbl6,self_20260528_170130,clip_005,1,rest,,2.1041,27951.0,raspberry_pi_seeed_gsr,"27951,2.1041"
2026-05-28T17:01:37.693,jbl6,self_20260528_170130,clip_005,1,rest,,2.1025,27972.0,raspberry_pi_seeed_gsr,"27972,2.1025"
2026-05-28T17:01:37.716,jbl6,self_20260528_170130,clip_005,1,rest,,2.1098,27993.0,raspberry_pi_seeed_gsr,"27993,2.1098"
2026-05-28T17:01:37.752,jbl6,self_20260528_170130,clip_005,1,rest,,2.109,28014.0,raspberry_pi_seeed_gsr,"28014,2.1090"
2026-05-28T17:01:37.774,jbl6,self_20260528_170130,clip_005,1,rest,,2.1017,28035.0,raspberry_pi_seeed_gsr,"28035,2.1017"
2026-05-28T17:01:37.797,jbl6,self_20260528_170130,clip_005,1,rest,,2.1082,28056.0,raspberry_pi_seeed_gsr,"28056,2.1082"
2026-05-28T17:01:37.818,jbl6,self_20260528_170130,clip_005,1,rest,,2.1065,28077.0,raspberry_pi_seeed_gsr,"28077,2.1065"
2026-05-28T17:01:37.842,jbl6,self_20260528_170130,clip_005,1,rest,,2.0945,28098.0,raspberry_pi_seeed_gsr,"28098,2.0945"
2026-05-28T17:01:37.866,jbl6,self_20260528_170130,clip_005,1,rest,,2.1001,28119.0,raspberry_pi_seeed_gsr,"28119,2.1001"
2026-05-28T17:01:37.888,jbl6,self_20260528_170130,clip_005,1,rest,,2.1025,28140.0,raspberry_pi_seeed_gsr,"28140,2.1025"
2026-05-28T17:01:37.911,jbl6,self_20260528_170130,clip_005,1,rest,,2.1049,28161.0,raspberry_pi_seeed_gsr,"28161,2.1049"
2026-05-28T17:01:37.935,jbl6,self_20260528_170130,clip_005,1,rest,,2.1098,28182.0,raspberry_pi_seeed_gsr,"28182,2.1098"
2026-05-28T17:01:37.958,jbl6,self_20260528_170130,clip_005,1,rest,,2.1033,28203.0,raspberry_pi_seeed_gsr,"28203,2.1033"
2026-05-28T17:01:37.982,jbl6,self_20260528_170130,clip_005,1,rest,,2.1025,28224.0,raspberry_pi_seeed_gsr,"28224,2.1025"
2026-05-28T17:01:38.004,jbl6,self_20260528_170130,clip_005,1,rest,,2.0969,28245.0,raspberry_pi_seeed_gsr,"28245,2.0969"
2026-05-28T17:01:38.027,jbl6,self_20260528_170130,clip_005,1,rest,,2.1025,28267.0,raspberry_pi_seeed_gsr,"28267,2.1025"
2026-05-28T17:01:38.051,jbl6,self_20260528_170130,clip_005,1,rest,,2.1025,28287.0,raspberry_pi_seeed_gsr,"28287,2.1025"
2026-05-28T17:01:38.075,jbl6,self_20260528_170130,clip_005,1,rest,,2.1033,28308.0,raspberry_pi_seeed_gsr,"28308,2.1033"
2026-05-28T17:01:38.099,jbl6,self_20260528_170130,clip_005,1,rest,,2.1025,28329.0,raspberry_pi_seeed_gsr,"28329,2.1025"
2026-05-28T17:01:38.123,jbl6,self_20260528_170130,clip_005,1,rest,,2.1025,28350.0,raspberry_pi_seeed_gsr,"28350,2.1025"
2026-05-28T17:01:38.148,jbl6,self_20260528_170130,clip_005,1,rest,,2.1033,28371.0,raspberry_pi_seeed_gsr,"28371,2.1033"
2026-05-28T17:01:38.173,jbl6,self_20260528_170130,clip_005,1,rest,,2.1033,28392.0,raspberry_pi_seeed_gsr,"28392,2.1033"
2026-05-28T17:01:38.197,jbl6,self_20260528_170130,clip_005,1,rest,,2.1041,28413.0,raspberry_pi_seeed_gsr,"28413,2.1041"
2026-05-28T17:01:38.224,jbl6,self_20260528_170130,clip_005,1,rest,,2.1049,28434.0,raspberry_pi_seeed_gsr,"28434,2.1049"
2026-05-28T17:01:38.250,jbl6,self_20260528_170130,clip_005,1,rest,,2.1041,28455.0,raspberry_pi_seeed_gsr,"28455,2.1041"
2026-05-28T17:01:38.275,jbl6,self_20260528_170130,clip_005,1,rest,,2.1033,28476.0,raspberry_pi_seeed_gsr,"28476,2.1033"
2026-05-28T17:01:38.310,jbl6,self_20260528_170130,clip_005,1,rest,,2.1033,28497.0,raspberry_pi_seeed_gsr,"28497,2.1033"
2026-05-28T17:01:38.334,jbl6,self_20260528_170130,clip_005,1,rest,,2.1227,28518.0,raspberry_pi_seeed_gsr,"28518,2.1227"
2026-05-28T17:01:38.359,jbl6,self_20260528_170130,clip_005,1,rest,,2.1017,28539.0,raspberry_pi_seeed_gsr,"28539,2.1017"
2026-05-28T17:01:38.383,jbl6,self_20260528_170130,clip_005,1,rest,,2.1009,28560.0,raspberry_pi_seeed_gsr,"28560,2.1009"
2026-05-28T17:01:38.407,jbl6,self_20260528_170130,clip_005,1,rest,,2.1017,28581.0,raspberry_pi_seeed_gsr,"28581,2.1017"
2026-05-28T17:01:38.430,jbl6,self_20260528_170130,clip_005,1,rest,,2.0993,28602.0,raspberry_pi_seeed_gsr,"28602,2.0993"
2026-05-28T17:01:38.456,jbl6,self_20260528_170130,clip_005,1,rest,,2.1017,28623.0,raspberry_pi_seeed_gsr,"28623,2.1017"
2026-05-28T17:01:38.481,jbl6,self_20260528_170130,clip_005,1,rest,,2.1001,28644.0,raspberry_pi_seeed_gsr,"28644,2.1001"
2026-05-28T17:01:38.505,jbl6,self_20260528_170130,clip_005,1,rest,,2.1025,28665.0,raspberry_pi_seeed_gsr,"28665,2.1025"
2026-05-28T17:01:38.530,jbl6,self_20260528_170130,clip_005,1,rest,,2.1057,28686.0,raspberry_pi_seeed_gsr,"28686,2.1057"
2026-05-28T17:01:38.557,jbl6,self_20260528_170130,clip_005,1,rest,,2.1033,28707.0,raspberry_pi_seeed_gsr,"28707,2.1033"
2026-05-28T17:01:38.585,jbl6,self_20260528_170130,clip_005,1,rest,,2.1009,28728.0,raspberry_pi_seeed_gsr,"28728,2.1009"
2026-05-28T17:01:38.609,jbl6,self_20260528_170130,clip_005,1,rest,,2.1025,28749.0,raspberry_pi_seeed_gsr,"28749,2.1025"
2026-05-28T17:01:38.631,jbl6,self_20260528_170130,clip_005,1,rest,,2.109,28771.0,raspberry_pi_seeed_gsr,"28771,2.1090"
2026-05-28T17:01:38.654,jbl6,self_20260528_170130,clip_005,1,rest,,2.1041,28791.0,raspberry_pi_seeed_gsr,"28791,2.1041"
2026-05-28T17:01:38.677,jbl6,self_20260528_170130,clip_005,1,rest,,2.1057,28812.0,raspberry_pi_seeed_gsr,"28812,2.1057"
2026-05-28T17:01:38.701,jbl6,self_20260528_170130,clip_005,1,rest,,2.1025,28833.0,raspberry_pi_seeed_gsr,"28833,2.1025"
2026-05-28T17:01:38.725,jbl6,self_20260528_170130,clip_005,1,rest,,2.1041,28854.0,raspberry_pi_seeed_gsr,"28854,2.1041"
2026-05-28T17:01:38.746,jbl6,self_20260528_170130,clip_005,1,rest,,2.0985,28875.0,raspberry_pi_seeed_gsr,"28875,2.0985"
2026-05-28T17:01:38.769,jbl6,self_20260528_170130,clip_005,1,rest,,2.1025,28896.0,raspberry_pi_seeed_gsr,"28896,2.1025"
2026-05-28T17:01:38.794,jbl6,self_20260528_170130,clip_005,1,rest,,2.1017,28917.0,raspberry_pi_seeed_gsr,"28917,2.1017"
2026-05-28T17:01:38.817,jbl6,self_20260528_170130,clip_005,1,rest,,2.1033,28938.0,raspberry_pi_seeed_gsr,"28938,2.1033"
2026-05-28T17:01:38.839,jbl6,self_20260528_170130,clip_005,1,rest,,2.1001,28959.0,raspberry_pi_seeed_gsr,"28959,2.1001"
2026-05-28T17:01:38.861,jbl6,self_20260528_170130,clip_005,1,rest,,2.1017,28980.0,raspberry_pi_seeed_gsr,"28980,2.1017"
2026-05-28T17:01:38.884,jbl6,self_20260528_170130,clip_005,1,rest,,2.1025,29001.0,raspberry_pi_seeed_gsr,"29001,2.1025"
2026-05-28T17:01:38.907,jbl6,self_20260528_170130,clip_005,1,rest,,2.1017,29022.0,raspberry_pi_seeed_gsr,"29022,2.1017"
2026-05-28T17:01:38.930,jbl6,self_20260528_170130,clip_005,1,rest,,2.1017,29043.0,raspberry_pi_seeed_gsr,"29043,2.1017"
2026-05-28T17:01:38.954,jbl6,self_20260528_170130,clip_005,1,rest,,2.0912,29064.0,raspberry_pi_seeed_gsr,"29064,2.0912"
2026-05-28T17:01:38.979,jbl6,self_20260528_170130,clip_005,1,rest,,2.1041,29085.0,raspberry_pi_seeed_gsr,"29085,2.1041"
2026-05-28T17:01:39.010,jbl6,self_20260528_170130,clip_005,1,rest,,2.1017,29106.0,raspberry_pi_seeed_gsr,"29106,2.1017"
2026-05-28T17:01:39.033,jbl6,self_20260528_170130,clip_005,1,rest,,2.1025,29127.0,raspberry_pi_seeed_gsr,"29127,2.1025"
2026-05-28T17:01:39.057,jbl6,self_20260528_170130,clip_005,1,rest,,2.1017,29148.0,raspberry_pi_seeed_gsr,"29148,2.1017"
2026-05-28T17:01:39.080,jbl6,self_20260528_170130,clip_005,1,rest,,2.1033,29169.0,raspberry_pi_seeed_gsr,"29169,2.1033"
2026-05-28T17:01:39.102,jbl6,self_20260528_170130,clip_005,1,rest,,2.1025,29190.0,raspberry_pi_seeed_gsr,"29190,2.1025"
2026-05-28T17:01:39.125,jbl6,self_20260528_170130,clip_005,1,rest,,2.1001,29211.0,raspberry_pi_seeed_gsr,"29211,2.1001"
2026-05-28T17:01:39.148,jbl6,self_20260528_170130,clip_005,1,rest,,2.1057,29232.0,raspberry_pi_seeed_gsr,"29232,2.1057"
2026-05-28T17:01:39.170,jbl6,self_20260528_170130,clip_005,1,rest,,2.1025,29253.0,raspberry_pi_seeed_gsr,"29253,2.1025"
2026-05-28T17:01:39.192,jbl6,self_20260528_170130,clip_005,1,rest,,2.1033,29274.0,raspberry_pi_seeed_gsr,"29274,2.1033"
2026-05-28T17:01:39.215,jbl6,self_20260528_170130,clip_005,1,rest,,2.0993,29296.0,raspberry_pi_seeed_gsr,"29296,2.0993"
2026-05-28T17:01:39.238,jbl6,self_20260528_170130,clip_005,1,rest,,2.1001,29316.0,raspberry_pi_seeed_gsr,"29316,2.1001"
2026-05-28T17:01:39.260,jbl6,self_20260528_170130,clip_005,1,rest,,2.1017,29336.0,raspberry_pi_seeed_gsr,"29336,2.1017"
2026-05-28T17:01:39.282,jbl6,self_20260528_170130,clip_005,1,rest,,2.1033,29357.0,raspberry_pi_seeed_gsr,"29357,2.1033"
2026-05-28T17:01:39.304,jbl6,self_20260528_170130,clip_005,1,rest,,2.1009,29378.0,raspberry_pi_seeed_gsr,"29378,2.1009"
2026-05-28T17:01:39.326,jbl6,self_20260528_170130,clip_005,1,rest,,2.1017,29399.0,raspberry_pi_seeed_gsr,"29399,2.1017"
2026-05-28T17:01:39.348,jbl6,self_20260528_170130,clip_005,1,rest,,2.0928,29420.0,raspberry_pi_seeed_gsr,"29420,2.0928"
2026-05-28T17:01:39.370,jbl6,self_20260528_170130,clip_005,1,rest,,2.0985,29441.0,raspberry_pi_seeed_gsr,"29441,2.0985"
2026-05-28T17:01:39.392,jbl6,self_20260528_170130,clip_005,1,rest,,2.1017,29462.0,raspberry_pi_seeed_gsr,"29462,2.1017"
2026-05-28T17:01:39.415,jbl6,self_20260528_170130,clip_005,1,rest,,2.0977,29483.0,raspberry_pi_seeed_gsr,"29483,2.0977"
2026-05-28T17:01:39.437,jbl6,self_20260528_170130,clip_005,1,rest,,2.109,29504.0,raspberry_pi_seeed_gsr,"29504,2.1090"
2026-05-28T17:01:39.461,jbl6,self_20260528_170130,clip_005,1,rest,,2.1041,29525.0,raspberry_pi_seeed_gsr,"29525,2.1041"
2026-05-28T17:01:39.482,jbl6,self_20260528_170130,clip_005,1,rest,,2.0993,29546.0,raspberry_pi_seeed_gsr,"29546,2.0993"
2026-05-28T17:01:39.506,jbl6,self_20260528_170130,clip_005,1,rest,,2.1057,29567.0,raspberry_pi_seeed_gsr,"29567,2.1057"
2026-05-28T17:01:39.528,jbl6,self_20260528_170130,clip_005,1,rest,,2.1033,29588.0,raspberry_pi_seeed_gsr,"29588,2.1033"
2026-05-28T17:01:39.551,jbl6,self_20260528_170130,clip_005,1,rest,,2.1033,29609.0,raspberry_pi_seeed_gsr,"29609,2.1033"
2026-05-28T17:01:39.573,jbl6,self_20260528_170130,clip_005,1,rest,,2.1017,29630.0,raspberry_pi_seeed_gsr,"29630,2.1017"
2026-05-28T17:01:39.596,jbl6,self_20260528_170130,clip_005,1,rest,,2.1025,29651.0,raspberry_pi_seeed_gsr,"29651,2.1025"
2026-05-28T17:01:39.617,jbl6,self_20260528_170130,clip_005,1,rest,,2.1114,29672.0,raspberry_pi_seeed_gsr,"29672,2.1114"
2026-05-28T17:01:39.640,jbl6,self_20260528_170130,clip_005,1,rest,,2.1025,29693.0,raspberry_pi_seeed_gsr,"29693,2.1025"
2026-05-28T17:01:39.667,jbl6,self_20260528_170130,clip_005,1,rest,,2.1025,29714.0,raspberry_pi_seeed_gsr,"29714,2.1025"
2026-05-28T17:01:39.689,jbl6,self_20260528_170130,clip_005,1,rest,,2.1049,29735.0,raspberry_pi_seeed_gsr,"29735,2.1049"
2026-05-28T17:01:39.712,jbl6,self_20260528_170130,clip_005,1,rest,,2.0937,29757.0,raspberry_pi_seeed_gsr,"29757,2.0937"
2026-05-28T17:01:39.735,jbl6,self_20260528_170130,clip_005,1,rest,,2.1001,29777.0,raspberry_pi_seeed_gsr,"29777,2.1001"
2026-05-28T17:01:39.756,jbl6,self_20260528_170130,clip_005,1,rest,,2.1009,29797.0,raspberry_pi_seeed_gsr,"29797,2.1009"
2026-05-28T17:01:39.778,jbl6,self_20260528_170130,clip_005,1,rest,,2.1057,29818.0,raspberry_pi_seeed_gsr,"29818,2.1057"
2026-05-28T17:01:39.799,jbl6,self_20260528_170130,clip_005,1,rest,,2.1033,29839.0,raspberry_pi_seeed_gsr,"29839,2.1033"
2026-05-28T17:01:39.822,jbl6,self_20260528_170130,clip_005,1,rest,,2.1033,29860.0,raspberry_pi_seeed_gsr,"29860,2.1033"
2026-05-28T17:01:39.843,jbl6,self_20260528_170130,clip_005,1,rest,,2.1017,29881.0,raspberry_pi_seeed_gsr,"29881,2.1017"
2026-05-28T17:01:39.866,jbl6,self_20260528_170130,clip_005,1,rest,,2.1017,29902.0,raspberry_pi_seeed_gsr,"29902,2.1017"
2026-05-28T17:01:39.889,jbl6,self_20260528_170130,clip_005,1,rest,,2.1049,29923.0,raspberry_pi_seeed_gsr,"29923,2.1049"
2026-05-28T17:01:39.912,jbl6,self_20260528_170130,clip_005,1,rest,,2.1082,29944.0,raspberry_pi_seeed_gsr,"29944,2.1082"
2026-05-28T17:01:39.934,jbl6,self_20260528_170130,clip_005,1,rest,,2.1122,29965.0,raspberry_pi_seeed_gsr,"29965,2.1122"
2026-05-28T17:01:39.957,jbl6,self_20260528_170130,clip_005,1,rest,,2.1025,29986.0,raspberry_pi_seeed_gsr,"29986,2.1025"
2026-05-28T17:01:39.980,jbl6,self_20260528_170130,clip_005,1,rest,,2.1025,30007.0,raspberry_pi_seeed_gsr,"30007,2.1025"
2026-05-28T17:01:40.002,jbl6,self_20260528_170130,clip_005,1,rest,,2.0969,30028.0,raspberry_pi_seeed_gsr,"30028,2.0969"
2026-05-28T17:01:40.024,jbl6,self_20260528_170130,clip_005,1,rest,,2.1017,30049.0,raspberry_pi_seeed_gsr,"30049,2.1017"
2026-05-28T17:01:40.047,jbl6,self_20260528_170130,clip_005,1,rest,,2.1017,30070.0,raspberry_pi_seeed_gsr,"30070,2.1017"
2026-05-28T17:01:40.069,jbl6,self_20260528_170130,clip_005,1,rest,,2.1001,30091.0,raspberry_pi_seeed_gsr,"30091,2.1001"
2026-05-28T17:01:40.092,jbl6,self_20260528_170130,clip_005,1,rest,,2.1017,30112.0,raspberry_pi_seeed_gsr,"30112,2.1017"
2026-05-28T17:01:40.116,jbl6,self_20260528_170130,clip_005,1,rest,,2.1017,30133.0,raspberry_pi_seeed_gsr,"30133,2.1017"
2026-05-28T17:01:40.139,jbl6,self_20260528_170130,clip_005,1,rest,,2.1049,30154.0,raspberry_pi_seeed_gsr,"30154,2.1049"
2026-05-28T17:01:40.163,jbl6,self_20260528_170130,clip_005,1,rest,,2.1001,30175.0,raspberry_pi_seeed_gsr,"30175,2.1001"
2026-05-28T17:01:40.187,jbl6,self_20260528_170130,clip_005,1,rest,,2.0937,30196.0,raspberry_pi_seeed_gsr,"30196,2.0937"
2026-05-28T17:01:40.211,jbl6,self_20260528_170130,clip_005,1,rest,,2.1033,30217.0,raspberry_pi_seeed_gsr,"30217,2.1033"
2026-05-28T17:01:40.234,jbl6,self_20260528_170130,clip_005,1,rest,,2.1017,30238.0,raspberry_pi_seeed_gsr,"30238,2.1017"
2026-05-28T17:01:40.257,jbl6,self_20260528_170130,clip_005,1,rest,,2.1033,30260.0,raspberry_pi_seeed_gsr,"30260,2.1033"
2026-05-28T17:01:40.278,jbl6,self_20260528_170130,clip_005,1,rest,,2.1017,30281.0,raspberry_pi_seeed_gsr,"30281,2.1017"
2026-05-28T17:01:40.301,jbl6,self_20260528_170130,clip_005,1,rest,,2.1025,30301.0,raspberry_pi_seeed_gsr,"30301,2.1025"
2026-05-28T17:01:40.324,jbl6,self_20260528_170130,clip_005,1,rest,,2.1057,30322.0,raspberry_pi_seeed_gsr,"30322,2.1057"
2026-05-28T17:01:40.346,jbl6,self_20260528_170130,clip_005,1,rest,,2.1041,30343.0,raspberry_pi_seeed_gsr,"30343,2.1041"
2026-05-28T17:01:40.367,jbl6,self_20260528_170130,clip_005,1,rest,,2.0977,30364.0,raspberry_pi_seeed_gsr,"30364,2.0977"
2026-05-28T17:01:40.390,jbl6,self_20260528_170130,clip_005,1,rest,,2.1082,30385.0,raspberry_pi_seeed_gsr,"30385,2.1082"
2026-05-28T17:01:40.412,jbl6,self_20260528_170130,clip_005,1,rest,,2.1033,30406.0,raspberry_pi_seeed_gsr,"30406,2.1033"
2026-05-28T17:01:40.435,jbl6,self_20260528_170130,clip_005,1,rest,,2.1001,30427.0,raspberry_pi_seeed_gsr,"30427,2.1001"
2026-05-28T17:01:40.457,jbl6,self_20260528_170130,clip_005,1,rest,,2.0928,30448.0,raspberry_pi_seeed_gsr,"30448,2.0928"
2026-05-28T17:01:40.480,jbl6,self_20260528_170130,clip_005,1,rest,,2.1025,30469.0,raspberry_pi_seeed_gsr,"30469,2.1025"
2026-05-28T17:01:40.502,jbl6,self_20260528_170130,clip_005,1,rest,,2.1017,30490.0,raspberry_pi_seeed_gsr,"30490,2.1017"
2026-05-28T17:01:40.525,jbl6,self_20260528_170130,clip_005,1,rest,,2.1057,30511.0,raspberry_pi_seeed_gsr,"30511,2.1057"
2026-05-28T17:01:40.549,jbl6,self_20260528_170130,clip_005,1,rest,,2.1017,30532.0,raspberry_pi_seeed_gsr,"30532,2.1017"
2026-05-28T17:01:40.572,jbl6,self_20260528_170130,clip_005,1,rest,,2.1057,30553.0,raspberry_pi_seeed_gsr,"30553,2.1057"
2026-05-28T17:01:40.595,jbl6,self_20260528_170130,clip_005,1,rest,,2.1033,30574.0,raspberry_pi_seeed_gsr,"30574,2.1033"
2026-05-28T17:01:40.617,jbl6,self_20260528_170130,clip_005,1,rest,,2.1001,30595.0,raspberry_pi_seeed_gsr,"30595,2.1001"
2026-05-28T17:01:40.640,jbl6,self_20260528_170130,clip_005,1,rest,,2.1025,30616.0,raspberry_pi_seeed_gsr,"30616,2.1025"
2026-05-28T17:01:40.691,jbl6,self_20260528_170130,clip_005,1,rest,,2.1025,30637.0,raspberry_pi_seeed_gsr,"30637,2.1025"
2026-05-28T17:01:40.715,jbl6,self_20260528_170130,clip_005,1,rest,,2.1025,30658.0,raspberry_pi_seeed_gsr,"30658,2.1025"
2026-05-28T17:01:40.738,jbl6,self_20260528_170130,clip_005,1,rest,,2.1009,30679.0,raspberry_pi_seeed_gsr,"30679,2.1009"
2026-05-28T17:01:40.761,jbl6,self_20260528_170130,clip_005,1,rest,,2.0953,30700.0,raspberry_pi_seeed_gsr,"30700,2.0953"
2026-05-28T17:01:40.783,jbl6,self_20260528_170130,clip_005,1,rest,,2.1049,30721.0,raspberry_pi_seeed_gsr,"30721,2.1049"
2026-05-28T17:01:40.806,jbl6,self_20260528_170130,clip_005,1,rest,,2.1033,30742.0,raspberry_pi_seeed_gsr,"30742,2.1033"
2026-05-28T17:01:40.829,jbl6,self_20260528_170130,clip_005,1,rest,,2.1017,30763.0,raspberry_pi_seeed_gsr,"30763,2.1017"
2026-05-28T17:01:40.852,jbl6,self_20260528_170130,clip_005,1,rest,,2.1033,30784.0,raspberry_pi_seeed_gsr,"30784,2.1033"
2026-05-28T17:01:40.874,jbl6,self_20260528_170130,clip_005,1,rest,,2.1025,30805.0,raspberry_pi_seeed_gsr,"30805,2.1025"
2026-05-28T17:01:40.898,jbl6,self_20260528_170130,clip_005,1,rest,,2.1025,30827.0,raspberry_pi_seeed_gsr,"30827,2.1025"
2026-05-28T17:01:40.921,jbl6,self_20260528_170130,clip_005,1,rest,,2.1009,30848.0,raspberry_pi_seeed_gsr,"30848,2.1009"
2026-05-28T17:01:40.945,jbl6,self_20260528_170130,clip_005,1,rest,,2.1025,30868.0,raspberry_pi_seeed_gsr,"30868,2.1025"
2026-05-28T17:01:40.967,jbl6,self_20260528_170130,clip_005,1,rest,,2.1001,30889.0,raspberry_pi_seeed_gsr,"30889,2.1001"
2026-05-28T17:01:40.990,jbl6,self_20260528_170130,clip_005,1,rest,,2.1025,30910.0,raspberry_pi_seeed_gsr,"30910,2.1025"
2026-05-28T17:01:41.014,jbl6,self_20260528_170130,clip_005,1,rest,,2.1033,30931.0,raspberry_pi_seeed_gsr,"30931,2.1033"
2026-05-28T17:01:41.037,jbl6,self_20260528_170130,clip_005,1,rest,,2.1001,30952.0,raspberry_pi_seeed_gsr,"30952,2.1001"
2026-05-28T17:01:41.060,jbl6,self_20260528_170130,clip_005,1,rest,,2.1017,30973.0,raspberry_pi_seeed_gsr,"30973,2.1017"
2026-05-28T17:01:41.083,jbl6,self_20260528_170130,clip_005,1,rest,,2.1033,30994.0,raspberry_pi_seeed_gsr,"30994,2.1033"
2026-05-28T17:01:41.107,jbl6,self_20260528_170130,clip_005,1,rest,,2.1033,31015.0,raspberry_pi_seeed_gsr,"31015,2.1033"
2026-05-28T17:01:41.129,jbl6,self_20260528_170130,clip_005,1,rest,,2.1041,31036.0,raspberry_pi_seeed_gsr,"31036,2.1041"
2026-05-28T17:01:41.153,jbl6,self_20260528_170130,clip_005,1,rest,,2.1025,31057.0,raspberry_pi_seeed_gsr,"31057,2.1025"
2026-05-28T17:01:41.175,jbl6,self_20260528_170130,clip_005,1,rest,,2.1033,31078.0,raspberry_pi_seeed_gsr,"31078,2.1033"
2026-05-28T17:01:41.197,jbl6,self_20260528_170130,clip_005,1,rest,,2.1033,31099.0,raspberry_pi_seeed_gsr,"31099,2.1033"
2026-05-28T17:01:41.219,jbl6,self_20260528_170130,clip_005,1,rest,,2.1041,31120.0,raspberry_pi_seeed_gsr,"31120,2.1041"
2026-05-28T17:01:41.241,jbl6,self_20260528_170130,clip_005,1,rest,,2.1033,31141.0,raspberry_pi_seeed_gsr,"31141,2.1033"
2026-05-28T17:01:41.264,jbl6,self_20260528_170130,clip_005,1,rest,,2.1025,31162.0,raspberry_pi_seeed_gsr,"31162,2.1025"
2026-05-28T17:01:41.290,jbl6,self_20260528_170130,clip_005,1,rest,,2.1033,31183.0,raspberry_pi_seeed_gsr,"31183,2.1033"
2026-05-28T17:01:41.313,jbl6,self_20260528_170130,clip_005,1,rest,,2.0993,31204.0,raspberry_pi_seeed_gsr,"31204,2.0993"
2026-05-28T17:01:41.336,jbl6,self_20260528_170130,clip_005,1,rest,,2.1017,31225.0,raspberry_pi_seeed_gsr,"31225,2.1017"
2026-05-28T17:01:41.358,jbl6,self_20260528_170130,clip_005,1,rest,,2.1017,31246.0,raspberry_pi_seeed_gsr,"31246,2.1017"
2026-05-28T17:01:41.381,jbl6,self_20260528_170130,clip_005,1,rest,,2.1001,31267.0,raspberry_pi_seeed_gsr,"31267,2.1001"
2026-05-28T17:01:41.415,jbl6,self_20260528_170130,clip_005,1,rest,,2.1025,31288.0,raspberry_pi_seeed_gsr,"31288,2.1025"
2026-05-28T17:01:41.438,jbl6,self_20260528_170130,clip_005,1,rest,,2.0953,31309.0,raspberry_pi_seeed_gsr,"31309,2.0953"
2026-05-28T17:01:41.460,jbl6,self_20260528_170130,clip_005,1,rest,,2.1049,31330.0,raspberry_pi_seeed_gsr,"31330,2.1049"
2026-05-28T17:01:41.483,jbl6,self_20260528_170130,clip_005,1,rest,,2.1009,31351.0,raspberry_pi_seeed_gsr,"31351,2.1009"
2026-05-28T17:01:41.505,jbl6,self_20260528_170130,clip_005,1,rest,,2.1057,31372.0,raspberry_pi_seeed_gsr,"31372,2.1057"
2026-05-28T17:01:41.526,jbl6,self_20260528_170130,clip_005,1,rest,,2.1082,31393.0,raspberry_pi_seeed_gsr,"31393,2.1082"
2026-05-28T17:01:41.548,jbl6,self_20260528_170130,clip_005,1,rest,,2.1049,31415.0,raspberry_pi_seeed_gsr,"31415,2.1049"
2026-05-28T17:01:41.570,jbl6,self_20260528_170130,clip_005,1,rest,,2.1017,31435.0,raspberry_pi_seeed_gsr,"31435,2.1017"
2026-05-28T17:01:41.592,jbl6,self_20260528_170130,clip_005,1,rest,,2.1009,31456.0,raspberry_pi_seeed_gsr,"31456,2.1009"
2026-05-28T17:01:41.614,jbl6,self_20260528_170130,clip_005,1,rest,,2.1017,31477.0,raspberry_pi_seeed_gsr,"31477,2.1017"
2026-05-28T17:01:41.636,jbl6,self_20260528_170130,clip_005,1,rest,,2.109,31498.0,raspberry_pi_seeed_gsr,"31498,2.1090"
2026-05-28T17:01:41.658,jbl6,self_20260528_170130,clip_005,1,rest,,2.0985,31519.0,raspberry_pi_seeed_gsr,"31519,2.0985"
2026-05-28T17:01:41.680,jbl6,self_20260528_170130,clip_005,1,rest,,2.0985,31540.0,raspberry_pi_seeed_gsr,"31540,2.0985"
2026-05-28T17:01:41.706,jbl6,self_20260528_170130,clip_005,1,rest,,2.1049,31561.0,raspberry_pi_seeed_gsr,"31561,2.1049"
2026-05-28T17:01:41.729,jbl6,self_20260528_170130,clip_005,1,rest,,2.1025,31582.0,raspberry_pi_seeed_gsr,"31582,2.1025"
2026-05-28T17:01:41.752,jbl6,self_20260528_170130,clip_005,1,rest,,2.1057,31603.0,raspberry_pi_seeed_gsr,"31603,2.1057"
2026-05-28T17:01:41.775,jbl6,self_20260528_170130,clip_005,1,rest,,2.1001,31624.0,raspberry_pi_seeed_gsr,"31624,2.1001"
2026-05-28T17:01:41.797,jbl6,self_20260528_170130,clip_005,1,rest,,2.0961,31645.0,raspberry_pi_seeed_gsr,"31645,2.0961"
2026-05-28T17:01:41.820,jbl6,self_20260528_170130,clip_005,1,rest,,2.1033,31666.0,raspberry_pi_seeed_gsr,"31666,2.1033"
2026-05-28T17:01:41.844,jbl6,self_20260528_170130,clip_005,1,rest,,2.1017,31687.0,raspberry_pi_seeed_gsr,"31687,2.1017"
2026-05-28T17:01:41.867,jbl6,self_20260528_170130,clip_005,1,rest,,2.1049,31708.0,raspberry_pi_seeed_gsr,"31708,2.1049"
2026-05-28T17:01:41.890,jbl6,self_20260528_170130,clip_005,1,rest,,2.109,31729.0,raspberry_pi_seeed_gsr,"31729,2.1090"
2026-05-28T17:01:41.914,jbl6,self_20260528_170130,clip_005,1,rest,,2.1049,31750.0,raspberry_pi_seeed_gsr,"31750,2.1049"
2026-05-28T17:01:41.938,jbl6,self_20260528_170130,clip_005,1,rest,,2.1033,31771.0,raspberry_pi_seeed_gsr,"31771,2.1033"
2026-05-28T17:01:41.961,jbl6,self_20260528_170130,clip_005,1,rest,,2.113,31792.0,raspberry_pi_seeed_gsr,"31792,2.1130"
2026-05-28T17:01:41.984,jbl6,self_20260528_170130,clip_005,1,rest,,2.1049,31813.0,raspberry_pi_seeed_gsr,"31813,2.1049"
2026-05-28T17:01:42.007,jbl6,self_20260528_170130,clip_005,1,rest,,2.1033,31834.0,raspberry_pi_seeed_gsr,"31834,2.1033"
2026-05-28T17:01:42.030,jbl6,self_20260528_170130,clip_005,1,rest,,2.0977,31855.0,raspberry_pi_seeed_gsr,"31855,2.0977"
2026-05-28T17:01:42.054,jbl6,self_20260528_170130,clip_005,1,rest,,2.1025,31876.0,raspberry_pi_seeed_gsr,"31876,2.1025"
2026-05-28T17:01:42.078,jbl6,self_20260528_170130,clip_005,1,rest,,2.1025,31898.0,raspberry_pi_seeed_gsr,"31898,2.1025"
2026-05-28T17:01:42.103,jbl6,self_20260528_170130,clip_005,1,rest,,2.1033,31918.0,raspberry_pi_seeed_gsr,"31918,2.1033"
2026-05-28T17:01:42.125,jbl6,self_20260528_170130,clip_005,1,rest,,2.1033,31939.0,raspberry_pi_seeed_gsr,"31939,2.1033"
2026-05-28T17:01:42.148,jbl6,self_20260528_170130,clip_005,1,rest,,2.0985,31960.0,raspberry_pi_seeed_gsr,"31960,2.0985"
2026-05-28T17:01:42.173,jbl6,self_20260528_170130,clip_005,1,rest,,2.0969,31981.0,raspberry_pi_seeed_gsr,"31981,2.0969"
2026-05-28T17:01:42.197,jbl6,self_20260528_170130,clip_005,1,rest,,2.0993,32002.0,raspberry_pi_seeed_gsr,"32002,2.0993"
2026-05-28T17:01:42.229,jbl6,self_20260528_170130,clip_005,1,rest,,2.1025,32023.0,raspberry_pi_seeed_gsr,"32023,2.1025"
2026-05-28T17:01:42.253,jbl6,self_20260528_170130,clip_005,1,rest,,2.0977,32044.0,raspberry_pi_seeed_gsr,"32044,2.0977"
2026-05-28T17:01:42.276,jbl6,self_20260528_170130,clip_005,1,rest,,2.1033,32065.0,raspberry_pi_seeed_gsr,"32065,2.1033"
2026-05-28T17:01:42.301,jbl6,self_20260528_170130,clip_005,1,rest,,2.1041,32086.0,raspberry_pi_seeed_gsr,"32086,2.1041"
2026-05-28T17:01:42.324,jbl6,self_20260528_170130,clip_005,1,rest,,2.0961,32107.0,raspberry_pi_seeed_gsr,"32107,2.0961"
2026-05-28T17:01:42.348,jbl6,self_20260528_170130,clip_005,1,rest,,2.1025,32128.0,raspberry_pi_seeed_gsr,"32128,2.1025"
2026-05-28T17:01:42.372,jbl6,self_20260528_170130,clip_005,1,rest,,2.1017,32149.0,raspberry_pi_seeed_gsr,"32149,2.1017"
2026-05-28T17:01:42.396,jbl6,self_20260528_170130,clip_005,1,rest,,2.0993,32170.0,raspberry_pi_seeed_gsr,"32170,2.0993"
2026-05-28T17:01:42.418,jbl6,self_20260528_170130,clip_005,1,rest,,2.1033,32191.0,raspberry_pi_seeed_gsr,"32191,2.1033"
2026-05-28T17:01:42.440,jbl6,self_20260528_170130,clip_005,1,rest,,2.0896,32212.0,raspberry_pi_seeed_gsr,"32212,2.0896"
2026-05-28T17:01:42.462,jbl6,self_20260528_170130,clip_005,1,rest,,2.1049,32233.0,raspberry_pi_seeed_gsr,"32233,2.1049"
2026-05-28T17:01:42.485,jbl6,self_20260528_170130,clip_005,1,rest,,2.1017,32254.0,raspberry_pi_seeed_gsr,"32254,2.1017"
2026-05-28T17:01:42.507,jbl6,self_20260528_170130,clip_005,1,rest,,2.0993,32275.0,raspberry_pi_seeed_gsr,"32275,2.0993"
2026-05-28T17:01:42.534,jbl6,self_20260528_170130,clip_005,1,rest,,2.1001,32296.0,raspberry_pi_seeed_gsr,"32296,2.1001"
2026-05-28T17:01:42.557,jbl6,self_20260528_170130,clip_005,1,rest,,2.1025,32317.0,raspberry_pi_seeed_gsr,"32317,2.1025"
2026-05-28T17:01:42.583,jbl6,self_20260528_170130,clip_005,1,rest,,2.1025,32338.0,raspberry_pi_seeed_gsr,"32338,2.1025"
2026-05-28T17:01:42.606,jbl6,self_20260528_170130,clip_005,1,rest,,2.0977,32359.0,raspberry_pi_seeed_gsr,"32359,2.0977"
2026-05-28T17:01:42.629,jbl6,self_20260528_170130,clip_005,1,rest,,2.1025,32380.0,raspberry_pi_seeed_gsr,"32380,2.1025"
2026-05-28T17:01:42.651,jbl6,self_20260528_170130,clip_005,1,rest,,2.1001,32402.0,raspberry_pi_seeed_gsr,"32402,2.1001"
2026-05-28T17:01:42.674,jbl6,self_20260528_170130,clip_005,1,rest,,2.1041,32422.0,raspberry_pi_seeed_gsr,"32422,2.1041"
2026-05-28T17:01:42.698,jbl6,self_20260528_170130,clip_005,1,rest,,2.0985,32444.0,raspberry_pi_seeed_gsr,"32444,2.0985"
2026-05-28T17:01:42.720,jbl6,self_20260528_170130,clip_005,1,rest,,2.1001,32464.0,raspberry_pi_seeed_gsr,"32464,2.1001"
2026-05-28T17:01:42.743,jbl6,self_20260528_170130,clip_005,1,rest,,2.1098,32484.0,raspberry_pi_seeed_gsr,"32484,2.1098"
2026-05-28T17:01:42.766,jbl6,self_20260528_170130,clip_005,1,rest,,2.0993,32505.0,raspberry_pi_seeed_gsr,"32505,2.0993"
2026-05-28T17:01:42.788,jbl6,self_20260528_170130,clip_005,1,rest,,2.1001,32526.0,raspberry_pi_seeed_gsr,"32526,2.1001"
2026-05-28T17:01:42.812,jbl6,self_20260528_170130,clip_005,1,rest,,2.1025,32547.0,raspberry_pi_seeed_gsr,"32547,2.1025"
2026-05-28T17:01:42.834,jbl6,self_20260528_170130,clip_005,1,rest,,2.1057,32568.0,raspberry_pi_seeed_gsr,"32568,2.1057"
2026-05-28T17:01:42.856,jbl6,self_20260528_170130,clip_005,1,rest,,2.1033,32589.0,raspberry_pi_seeed_gsr,"32589,2.1033"
2026-05-28T17:01:42.879,jbl6,self_20260528_170130,clip_005,1,rest,,2.1049,32610.0,raspberry_pi_seeed_gsr,"32610,2.1049"
2026-05-28T17:01:42.901,jbl6,self_20260528_170130,clip_005,1,rest,,2.0977,32631.0,raspberry_pi_seeed_gsr,"32631,2.0977"
2026-05-28T17:01:42.924,jbl6,self_20260528_170130,clip_005,1,rest,,2.1025,32652.0,raspberry_pi_seeed_gsr,"32652,2.1025"
2026-05-28T17:01:42.946,jbl6,self_20260528_170130,clip_005,1,rest,,2.1033,32673.0,raspberry_pi_seeed_gsr,"32673,2.1033"
2026-05-28T17:01:42.969,jbl6,self_20260528_170130,clip_005,1,rest,,2.1057,32694.0,raspberry_pi_seeed_gsr,"32694,2.1057"
2026-05-28T17:01:42.992,jbl6,self_20260528_170130,clip_005,1,rest,,2.0977,32715.0,raspberry_pi_seeed_gsr,"32715,2.0977"
2026-05-28T17:01:43.014,jbl6,self_20260528_170130,clip_005,1,rest,,2.1025,32736.0,raspberry_pi_seeed_gsr,"32736,2.1025"
2026-05-28T17:01:43.037,jbl6,self_20260528_170130,clip_005,1,rest,,2.0969,32757.0,raspberry_pi_seeed_gsr,"32757,2.0969"
2026-05-28T17:01:43.058,jbl6,self_20260528_170130,clip_005,1,rest,,2.1017,32778.0,raspberry_pi_seeed_gsr,"32778,2.1017"
2026-05-28T17:01:43.081,jbl6,self_20260528_170130,clip_005,1,rest,,2.1033,32799.0,raspberry_pi_seeed_gsr,"32799,2.1033"
2026-05-28T17:01:43.104,jbl6,self_20260528_170130,clip_005,1,rest,,2.1033,32820.0,raspberry_pi_seeed_gsr,"32820,2.1033"
2026-05-28T17:01:43.127,jbl6,self_20260528_170130,clip_005,1,rest,,2.1009,32841.0,raspberry_pi_seeed_gsr,"32841,2.1009"
2026-05-28T17:01:43.150,jbl6,self_20260528_170130,clip_005,1,rest,,2.1033,32862.0,raspberry_pi_seeed_gsr,"32862,2.1033"
2026-05-28T17:01:43.174,jbl6,self_20260528_170130,clip_005,1,rest,,2.1033,32883.0,raspberry_pi_seeed_gsr,"32883,2.1033"
2026-05-28T17:01:43.197,jbl6,self_20260528_170130,clip_005,1,rest,,2.1049,32904.0,raspberry_pi_seeed_gsr,"32904,2.1049"
2026-05-28T17:01:43.222,jbl6,self_20260528_170130,clip_005,1,rest,,2.1033,32926.0,raspberry_pi_seeed_gsr,"32926,2.1033"
2026-05-28T17:01:43.246,jbl6,self_20260528_170130,clip_005,1,rest,,2.1001,32946.0,raspberry_pi_seeed_gsr,"32946,2.1001"
2026-05-28T17:01:43.271,jbl6,self_20260528_170130,clip_005,1,rest,,2.1082,32966.0,raspberry_pi_seeed_gsr,"32966,2.1082"
2026-05-28T17:01:43.294,jbl6,self_20260528_170130,clip_005,1,rest,,2.1033,32987.0,raspberry_pi_seeed_gsr,"32987,2.1033"
2026-05-28T17:01:43.317,jbl6,self_20260528_170130,clip_005,1,rest,,2.0985,33008.0,raspberry_pi_seeed_gsr,"33008,2.0985"
2026-05-28T17:01:43.341,jbl6,self_20260528_170130,clip_005,1,rest,,2.1025,33029.0,raspberry_pi_seeed_gsr,"33029,2.1025"
2026-05-28T17:01:43.363,jbl6,self_20260528_170130,clip_005,1,rest,,2.0985,33050.0,raspberry_pi_seeed_gsr,"33050,2.0985"
2026-05-28T17:01:43.386,jbl6,self_20260528_170130,clip_005,1,rest,,2.1033,33071.0,raspberry_pi_seeed_gsr,"33071,2.1033"
2026-05-28T17:01:43.410,jbl6,self_20260528_170130,clip_005,1,rest,,2.1049,33092.0,raspberry_pi_seeed_gsr,"33092,2.1049"
2026-05-28T17:01:43.433,jbl6,self_20260528_170130,clip_005,1,rest,,2.1025,33113.0,raspberry_pi_seeed_gsr,"33113,2.1025"
2026-05-28T17:01:43.455,jbl6,self_20260528_170130,clip_005,1,rest,,2.1017,33134.0,raspberry_pi_seeed_gsr,"33134,2.1017"
2026-05-28T17:01:43.478,jbl6,self_20260528_170130,clip_005,1,rest,,2.1033,33155.0,raspberry_pi_seeed_gsr,"33155,2.1033"
2026-05-28T17:01:43.500,jbl6,self_20260528_170130,clip_005,1,rest,,2.1017,33176.0,raspberry_pi_seeed_gsr,"33176,2.1017"
2026-05-28T17:01:43.524,jbl6,self_20260528_170130,clip_005,1,rest,,2.1098,33197.0,raspberry_pi_seeed_gsr,"33197,2.1098"
2026-05-28T17:01:43.548,jbl6,self_20260528_170130,clip_005,1,rest,,2.1033,33218.0,raspberry_pi_seeed_gsr,"33218,2.1033"
2026-05-28T17:01:43.571,jbl6,self_20260528_170130,clip_005,1,rest,,2.1041,33239.0,raspberry_pi_seeed_gsr,"33239,2.1041"
2026-05-28T17:01:43.594,jbl6,self_20260528_170130,clip_005,1,rest,,2.1025,33260.0,raspberry_pi_seeed_gsr,"33260,2.1025"
2026-05-28T17:01:43.616,jbl6,self_20260528_170130,clip_005,1,rest,,2.0961,33281.0,raspberry_pi_seeed_gsr,"33281,2.0961"
2026-05-28T17:01:43.640,jbl6,self_20260528_170130,clip_005,1,rest,,2.1009,33302.0,raspberry_pi_seeed_gsr,"33302,2.1009"
2026-05-28T17:01:43.662,jbl6,self_20260528_170130,clip_005,1,rest,,2.1049,33323.0,raspberry_pi_seeed_gsr,"33323,2.1049"
2026-05-28T17:01:43.685,jbl6,self_20260528_170130,clip_005,1,rest,,2.1025,33344.0,raspberry_pi_seeed_gsr,"33344,2.1025"
2026-05-28T17:01:43.707,jbl6,self_20260528_170130,clip_005,1,rest,,2.1098,33366.0,raspberry_pi_seeed_gsr,"33366,2.1098"
2026-05-28T17:01:43.729,jbl6,self_20260528_170130,clip_005,1,rest,,2.1025,33386.0,raspberry_pi_seeed_gsr,"33386,2.1025"
2026-05-28T17:01:43.752,jbl6,self_20260528_170130,clip_005,1,rest,,2.0993,33407.0,raspberry_pi_seeed_gsr,"33407,2.0993"
2026-05-28T17:01:43.775,jbl6,self_20260528_170130,clip_005,1,rest,,1.9526,33428.0,raspberry_pi_seeed_gsr,"33428,1.9526"
2026-05-28T17:01:43.798,jbl6,self_20260528_170130,clip_005,1,rest,,1.5795,33449.0,raspberry_pi_seeed_gsr,"33449,1.5795"
2026-05-28T17:01:43.821,jbl6,self_20260528_170130,clip_005,1,rest,,1.287,33470.0,raspberry_pi_seeed_gsr,"33470,1.2870"
2026-05-28T17:01:43.844,jbl6,self_20260528_170130,clip_005,1,rest,,1.0549,33491.0,raspberry_pi_seeed_gsr,"33491,1.0549"
2026-05-28T17:01:43.867,jbl6,self_20260528_170130,clip_005,1,rest,,0.8582,33512.0,raspberry_pi_seeed_gsr,"33512,0.8582"
2026-05-28T17:01:43.889,jbl6,self_20260528_170130,clip_005,1,rest,,0.7067,33533.0,raspberry_pi_seeed_gsr,"33533,0.7067"
2026-05-28T17:01:43.912,jbl6,self_20260528_170130,clip_005,1,rest,,0.9582,33554.0,raspberry_pi_seeed_gsr,"33554,0.9582"
2026-05-28T17:01:43.965,jbl6,self_20260528_170130,clip_005,1,rest,,1.1733,33575.0,raspberry_pi_seeed_gsr,"33575,1.1733"
2026-05-28T17:01:43.988,jbl6,self_20260528_170130,clip_005,1,rest,,1.345,33596.0,raspberry_pi_seeed_gsr,"33596,1.3450"
2026-05-28T17:01:44.011,jbl6,self_20260528_170130,clip_005,1,rest,,1.4852,33617.0,raspberry_pi_seeed_gsr,"33617,1.4852"
2026-05-28T17:01:44.035,jbl6,self_20260528_170130,clip_005,1,rest,,1.6061,33638.0,raspberry_pi_seeed_gsr,"33638,1.6061"
2026-05-28T17:01:44.058,jbl6,self_20260528_170130,clip_005,1,rest,,1.6964,33659.0,raspberry_pi_seeed_gsr,"33659,1.6964"
2026-05-28T17:01:44.081,jbl6,self_20260528_170130,clip_005,1,rest,,1.7761,33680.0,raspberry_pi_seeed_gsr,"33680,1.7761"
2026-05-28T17:01:44.106,jbl6,self_20260528_170130,clip_005,1,rest,,1.8406,33701.0,raspberry_pi_seeed_gsr,"33701,1.8406"
2026-05-28T17:01:44.128,jbl6,self_20260528_170130,clip_005,1,rest,,1.8914,33722.0,raspberry_pi_seeed_gsr,"33722,1.8914"
2026-05-28T17:01:44.151,jbl6,self_20260528_170130,clip_005,1,rest,,1.93,33743.0,raspberry_pi_seeed_gsr,"33743,1.9300"
2026-05-28T17:01:44.174,jbl6,self_20260528_170130,clip_005,1,rest,,1.9639,33764.0,raspberry_pi_seeed_gsr,"33764,1.9639"
2026-05-28T17:01:44.197,jbl6,self_20260528_170130,clip_005,1,rest,,1.9921,33785.0,raspberry_pi_seeed_gsr,"33785,1.9921"
2026-05-28T17:01:44.219,jbl6,self_20260528_170130,clip_005,1,rest,,2.0227,33806.0,raspberry_pi_seeed_gsr,"33806,2.0227"
2026-05-28T17:01:44.246,jbl6,self_20260528_170130,clip_005,1,rest,,2.0291,33828.0,raspberry_pi_seeed_gsr,"33828,2.0291"
2026-05-28T17:01:44.271,jbl6,self_20260528_170130,clip_005,1,rest,,2.0461,33849.0,raspberry_pi_seeed_gsr,"33849,2.0461"
2026-05-28T17:01:44.293,jbl6,self_20260528_170130,clip_005,1,rest,,2.0622,33869.0,raspberry_pi_seeed_gsr,"33869,2.0622"
2026-05-28T17:01:44.317,jbl6,self_20260528_170130,clip_005,1,rest,,2.0622,33890.0,raspberry_pi_seeed_gsr,"33890,2.0622"
2026-05-28T17:01:44.339,jbl6,self_20260528_170130,clip_005,1,rest,,2.0703,33911.0,raspberry_pi_seeed_gsr,"33911,2.0703"
2026-05-28T17:01:44.362,jbl6,self_20260528_170130,clip_005,1,rest,,2.0679,33932.0,raspberry_pi_seeed_gsr,"33932,2.0679"
2026-05-28T17:01:44.384,jbl6,self_20260528_170130,clip_005,1,rest,,2.0808,33953.0,raspberry_pi_seeed_gsr,"33953,2.0808"
2026-05-28T17:01:44.407,jbl6,self_20260528_170130,clip_005,1,rest,,2.0848,33974.0,raspberry_pi_seeed_gsr,"33974,2.0848"
2026-05-28T17:01:44.429,jbl6,self_20260528_170130,clip_005,1,rest,,2.0872,33995.0,raspberry_pi_seeed_gsr,"33995,2.0872"
2026-05-28T17:01:44.451,jbl6,self_20260528_170130,clip_005,1,rest,,2.092,34016.0,raspberry_pi_seeed_gsr,"34016,2.0920"
2026-05-28T17:01:44.474,jbl6,self_20260528_170130,clip_005,1,rest,,2.0953,34037.0,raspberry_pi_seeed_gsr,"34037,2.0953"
2026-05-28T17:01:44.496,jbl6,self_20260528_170130,clip_005,1,rest,,2.0888,34058.0,raspberry_pi_seeed_gsr,"34058,2.0888"
2026-05-28T17:01:44.518,jbl6,self_20260528_170130,clip_005,1,rest,,2.0977,34079.0,raspberry_pi_seeed_gsr,"34079,2.0977"
2026-05-28T17:01:44.541,jbl6,self_20260528_170130,clip_005,1,rest,,2.0961,34100.0,raspberry_pi_seeed_gsr,"34100,2.0961"
2026-05-28T17:01:44.563,jbl6,self_20260528_170130,clip_005,1,rest,,2.0985,34121.0,raspberry_pi_seeed_gsr,"34121,2.0985"
2026-05-28T17:01:44.585,jbl6,self_20260528_170130,clip_005,1,rest,,2.0993,34142.0,raspberry_pi_seeed_gsr,"34142,2.0993"
2026-05-28T17:01:44.608,jbl6,self_20260528_170130,clip_005,1,rest,,2.1001,34163.0,raspberry_pi_seeed_gsr,"34163,2.1001"
2026-05-28T17:01:44.630,jbl6,self_20260528_170130,clip_005,1,rest,,2.1001,34184.0,raspberry_pi_seeed_gsr,"34184,2.1001"
2026-05-28T17:01:44.665,jbl6,self_20260528_170130,clip_005,1,rest,,2.1017,34205.0,raspberry_pi_seeed_gsr,"34205,2.1017"
2026-05-28T17:01:44.687,jbl6,self_20260528_170130,clip_005,1,rest,,2.0993,34226.0,raspberry_pi_seeed_gsr,"34226,2.0993"
2026-05-28T17:01:44.709,jbl6,self_20260528_170130,clip_005,1,rest,,2.0791,34247.0,raspberry_pi_seeed_gsr,"34247,2.0791"
2026-05-28T17:01:44.732,jbl6,self_20260528_170130,clip_005,1,rest,,2.0711,34268.0,raspberry_pi_seeed_gsr,"34268,2.0711"
2026-05-28T17:01:44.755,jbl6,self_20260528_170130,clip_005,1,rest,,2.0808,34289.0,raspberry_pi_seeed_gsr,"34289,2.0808"
2026-05-28T17:01:44.779,jbl6,self_20260528_170130,clip_005,1,rest,,2.0888,34310.0,raspberry_pi_seeed_gsr,"34310,2.0888"
2026-05-28T17:01:44.802,jbl6,self_20260528_170130,clip_005,1,rest,,2.0872,34331.0,raspberry_pi_seeed_gsr,"34331,2.0872"
2026-05-28T17:01:44.828,jbl6,self_20260528_170130,clip_005,1,rest,,2.0896,34352.0,raspberry_pi_seeed_gsr,"34352,2.0896"
2026-05-28T17:01:44.854,jbl6,self_20260528_170130,clip_005,1,rest,,2.092,34374.0,raspberry_pi_seeed_gsr,"34374,2.0920"
2026-05-28T17:01:44.878,jbl6,self_20260528_170130,clip_005,1,rest,,2.0904,34395.0,raspberry_pi_seeed_gsr,"34395,2.0904"
2026-05-28T17:01:44.903,jbl6,self_20260528_170130,clip_005,1,rest,,2.0961,34415.0,raspberry_pi_seeed_gsr,"34415,2.0961"
2026-05-28T17:01:44.927,jbl6,self_20260528_170130,clip_005,1,rest,,2.0977,34435.0,raspberry_pi_seeed_gsr,"34435,2.0977"
2026-05-28T17:01:44.949,jbl6,self_20260528_170130,clip_005,1,rest,,2.0969,34456.0,raspberry_pi_seeed_gsr,"34456,2.0969"
2026-05-28T17:01:44.977,jbl6,self_20260528_170130,clip_005,1,rest,,2.1178,34477.0,raspberry_pi_seeed_gsr,"34477,2.1178"
2026-05-28T17:01:45.000,jbl6,self_20260528_170130,clip_005,1,rest,,2.0977,34498.0,raspberry_pi_seeed_gsr,"34498,2.0977"
2026-05-28T17:01:45.022,jbl6,self_20260528_170130,clip_005,1,rest,,2.1001,34519.0,raspberry_pi_seeed_gsr,"34519,2.1001"
2026-05-28T17:01:45.044,jbl6,self_20260528_170130,clip_005,1,rest,,2.1041,34540.0,raspberry_pi_seeed_gsr,"34540,2.1041"
2026-05-28T17:01:45.066,jbl6,self_20260528_170130,clip_005,1,rest,,2.0993,34561.0,raspberry_pi_seeed_gsr,"34561,2.0993"
2026-05-28T17:01:45.089,jbl6,self_20260528_170130,clip_005,1,rest,,2.1017,34582.0,raspberry_pi_seeed_gsr,"34582,2.1017"
2026-05-28T17:01:45.114,jbl6,self_20260528_170130,clip_005,1,rest,,2.1049,34603.0,raspberry_pi_seeed_gsr,"34603,2.1049"
2026-05-28T17:01:45.138,jbl6,self_20260528_170130,clip_005,1,rest,,2.0961,34624.0,raspberry_pi_seeed_gsr,"34624,2.0961"
2026-05-28T17:01:45.160,jbl6,self_20260528_170130,clip_005,1,rest,,2.1017,34645.0,raspberry_pi_seeed_gsr,"34645,2.1017"
2026-05-28T17:01:45.184,jbl6,self_20260528_170130,clip_005,1,rest,,2.1025,34666.0,raspberry_pi_seeed_gsr,"34666,2.1025"
2026-05-28T17:01:45.207,jbl6,self_20260528_170130,clip_005,1,rest,,2.1098,34687.0,raspberry_pi_seeed_gsr,"34687,2.1098"
2026-05-28T17:01:45.230,jbl6,self_20260528_170130,clip_005,1,rest,,2.1025,34708.0,raspberry_pi_seeed_gsr,"34708,2.1025"
2026-05-28T17:01:45.252,jbl6,self_20260528_170130,clip_005,1,rest,,2.0993,34729.0,raspberry_pi_seeed_gsr,"34729,2.0993"
2026-05-28T17:01:45.275,jbl6,self_20260528_170130,clip_005,1,rest,,2.1025,34750.0,raspberry_pi_seeed_gsr,"34750,2.1025"
2026-05-28T17:01:45.298,jbl6,self_20260528_170130,clip_005,1,rest,,2.1049,34771.0,raspberry_pi_seeed_gsr,"34771,2.1049"
2026-05-28T17:01:45.327,jbl6,self_20260528_170130,clip_005,1,rest,,2.1017,34792.0,raspberry_pi_seeed_gsr,"34792,2.1017"
2026-05-28T17:01:45.352,jbl6,self_20260528_170130,clip_005,1,rest,,2.1017,34813.0,raspberry_pi_seeed_gsr,"34813,2.1017"
2026-05-28T17:01:45.376,jbl6,self_20260528_170130,clip_005,1,rest,,2.1033,34834.0,raspberry_pi_seeed_gsr,"34834,2.1033"
2026-05-28T17:01:45.399,jbl6,self_20260528_170130,clip_005,1,rest,,2.1025,34856.0,raspberry_pi_seeed_gsr,"34856,2.1025"
2026-05-28T17:01:45.422,jbl6,self_20260528_170130,clip_005,1,rest,,2.1033,34877.0,raspberry_pi_seeed_gsr,"34877,2.1033"
2026-05-28T17:01:45.446,jbl6,self_20260528_170130,clip_005,1,rest,,2.0928,34897.0,raspberry_pi_seeed_gsr,"34897,2.0928"
2026-05-28T17:01:45.469,jbl6,self_20260528_170130,clip_005,1,rest,,2.1025,34918.0,raspberry_pi_seeed_gsr,"34918,2.1025"
2026-05-28T17:01:45.499,jbl6,self_20260528_170130,clip_005,1,rest,,2.0937,34939.0,raspberry_pi_seeed_gsr,"34939,2.0937"
2026-05-28T17:01:45.522,jbl6,self_20260528_170130,clip_005,1,rest,,2.1041,34960.0,raspberry_pi_seeed_gsr,"34960,2.1041"
2026-05-28T17:01:45.545,jbl6,self_20260528_170130,clip_005,1,rest,,2.1025,34981.0,raspberry_pi_seeed_gsr,"34981,2.1025"
2026-05-28T17:01:45.568,jbl6,self_20260528_170130,clip_005,1,rest,,2.1049,35002.0,raspberry_pi_seeed_gsr,"35002,2.1049"
2026-05-28T17:01:45.591,jbl6,self_20260528_170130,clip_005,1,rest,,2.1017,35023.0,raspberry_pi_seeed_gsr,"35023,2.1017"
2026-05-28T17:01:45.613,jbl6,self_20260528_170130,clip_005,1,rest,,2.1025,35044.0,raspberry_pi_seeed_gsr,"35044,2.1025"
2026-05-28T17:01:45.636,jbl6,self_20260528_170130,clip_005,1,rest,,2.1057,35065.0,raspberry_pi_seeed_gsr,"35065,2.1057"
2026-05-28T17:01:45.659,jbl6,self_20260528_170130,clip_005,1,rest,,2.1033,35086.0,raspberry_pi_seeed_gsr,"35086,2.1033"
2026-05-28T17:01:45.682,jbl6,self_20260528_170130,clip_005,1,rest,,2.1057,35107.0,raspberry_pi_seeed_gsr,"35107,2.1057"
2026-05-28T17:01:45.704,jbl6,self_20260528_170130,clip_005,1,rest,,2.1025,35128.0,raspberry_pi_seeed_gsr,"35128,2.1025"
2026-05-28T17:01:45.725,jbl6,self_20260528_170130,clip_005,1,rest,,2.1049,35149.0,raspberry_pi_seeed_gsr,"35149,2.1049"
2026-05-28T17:01:45.749,jbl6,self_20260528_170130,clip_005,1,rest,,2.1033,35170.0,raspberry_pi_seeed_gsr,"35170,2.1033"
2026-05-28T17:01:45.773,jbl6,self_20260528_170130,clip_005,1,rest,,2.0993,35191.0,raspberry_pi_seeed_gsr,"35191,2.0993"
2026-05-28T17:01:45.797,jbl6,self_20260528_170130,clip_005,1,rest,,2.1033,35212.0,raspberry_pi_seeed_gsr,"35212,2.1033"
2026-05-28T17:01:45.821,jbl6,self_20260528_170130,clip_005,1,rest,,2.063,35233.0,raspberry_pi_seeed_gsr,"35233,2.0630"
2026-05-28T17:01:45.845,jbl6,self_20260528_170130,clip_005,1,rest,,1.6827,35254.0,raspberry_pi_seeed_gsr,"35254,1.6827"
2026-05-28T17:01:45.868,jbl6,self_20260528_170130,clip_005,1,rest,,1.3619,35275.0,raspberry_pi_seeed_gsr,"35275,1.3619"
2026-05-28T17:01:45.892,jbl6,self_20260528_170130,clip_005,1,rest,,1.2467,35296.0,raspberry_pi_seeed_gsr,"35296,1.2467"
2026-05-28T17:01:45.916,jbl6,self_20260528_170130,clip_005,1,rest,,1.4191,35317.0,raspberry_pi_seeed_gsr,"35317,1.4191"
2026-05-28T17:01:45.940,jbl6,self_20260528_170130,clip_005,1,rest,,1.5497,35338.0,raspberry_pi_seeed_gsr,"35338,1.5497"
2026-05-28T17:01:45.963,jbl6,self_20260528_170130,clip_005,1,rest,,1.6609,35359.0,raspberry_pi_seeed_gsr,"35359,1.6609"
2026-05-28T17:01:45.988,jbl6,self_20260528_170130,clip_005,1,rest,,1.7423,35381.0,raspberry_pi_seeed_gsr,"35381,1.7423"
2026-05-28T17:01:46.012,jbl6,self_20260528_170130,clip_005,1,rest,,1.814,35402.0,raspberry_pi_seeed_gsr,"35402,1.8140"
2026-05-28T17:01:46.036,jbl6,self_20260528_170130,clip_005,1,rest,,1.8664,35422.0,raspberry_pi_seeed_gsr,"35422,1.8664"
2026-05-28T17:01:46.060,jbl6,self_20260528_170130,clip_005,1,rest,,1.9099,35443.0,raspberry_pi_seeed_gsr,"35443,1.9099"
2026-05-28T17:01:46.083,jbl6,self_20260528_170130,clip_005,1,rest,,1.9478,35463.0,raspberry_pi_seeed_gsr,"35463,1.9478"
2026-05-28T17:01:46.107,jbl6,self_20260528_170130,clip_005,1,rest,,1.9792,35484.0,raspberry_pi_seeed_gsr,"35484,1.9792"
2026-05-28T17:01:46.130,jbl6,self_20260528_170130,clip_005,1,rest,,1.9937,35505.0,raspberry_pi_seeed_gsr,"35505,1.9937"
2026-05-28T17:01:46.154,jbl6,self_20260528_170130,clip_005,1,rest,,2.0275,35526.0,raspberry_pi_seeed_gsr,"35526,2.0275"
2026-05-28T17:01:46.177,jbl6,self_20260528_170130,clip_005,1,rest,,2.0436,35547.0,raspberry_pi_seeed_gsr,"35547,2.0436"
2026-05-28T17:01:46.201,jbl6,self_20260528_170130,clip_005,1,rest,,2.0525,35568.0,raspberry_pi_seeed_gsr,"35568,2.0525"
2026-05-28T17:01:46.224,jbl6,self_20260528_170130,clip_005,1,rest,,2.0622,35589.0,raspberry_pi_seeed_gsr,"35589,2.0622"
2026-05-28T17:01:46.247,jbl6,self_20260528_170130,clip_005,1,rest,,2.0646,35610.0,raspberry_pi_seeed_gsr,"35610,2.0646"
2026-05-28T17:01:46.271,jbl6,self_20260528_170130,clip_005,1,rest,,2.0808,35631.0,raspberry_pi_seeed_gsr,"35631,2.0808"
2026-05-28T17:01:46.294,jbl6,self_20260528_170130,clip_005,1,rest,,2.0896,35652.0,raspberry_pi_seeed_gsr,"35652,2.0896"
2026-05-28T17:01:46.317,jbl6,self_20260528_170130,clip_005,1,rest,,2.0848,35673.0,raspberry_pi_seeed_gsr,"35673,2.0848"
2026-05-28T17:01:46.340,jbl6,self_20260528_170130,clip_005,1,rest,,2.084,35694.0,raspberry_pi_seeed_gsr,"35694,2.0840"
2026-05-28T17:01:46.364,jbl6,self_20260528_170130,clip_005,1,rest,,2.084,35715.0,raspberry_pi_seeed_gsr,"35715,2.0840"
2026-05-28T17:01:46.388,jbl6,self_20260528_170130,clip_005,1,rest,,2.0937,35736.0,raspberry_pi_seeed_gsr,"35736,2.0937"
2026-05-28T17:01:46.411,jbl6,self_20260528_170130,clip_005,1,rest,,2.0928,35757.0,raspberry_pi_seeed_gsr,"35757,2.0928"
2026-05-28T17:01:46.436,jbl6,self_20260528_170130,clip_005,1,rest,,2.0937,35778.0,raspberry_pi_seeed_gsr,"35778,2.0937"
2026-05-28T17:01:46.459,jbl6,self_20260528_170130,clip_005,1,rest,,2.0969,35799.0,raspberry_pi_seeed_gsr,"35799,2.0969"
2026-05-28T17:01:46.482,jbl6,self_20260528_170130,clip_005,1,rest,,2.0969,35820.0,raspberry_pi_seeed_gsr,"35820,2.0969"
2026-05-28T17:01:46.504,jbl6,self_20260528_170130,clip_005,1,rest,,2.1001,35842.0,raspberry_pi_seeed_gsr,"35842,2.1001"
2026-05-28T17:01:46.534,jbl6,self_20260528_170130,clip_005,1,rest,,2.0977,35862.0,raspberry_pi_seeed_gsr,"35862,2.0977"
2026-05-28T17:01:46.558,jbl6,self_20260528_170130,clip_005,1,rest,,2.1001,35884.0,raspberry_pi_seeed_gsr,"35884,2.1001"
2026-05-28T17:01:46.580,jbl6,self_20260528_170130,clip_005,1,rest,,2.1001,35904.0,raspberry_pi_seeed_gsr,"35904,2.1001"
2026-05-28T17:01:46.604,jbl6,self_20260528_170130,clip_005,1,rest,,2.1057,35925.0,raspberry_pi_seeed_gsr,"35925,2.1057"
2026-05-28T17:01:46.627,jbl6,self_20260528_170130,clip_005,1,rest,,2.1049,35946.0,raspberry_pi_seeed_gsr,"35946,2.1049"
2026-05-28T17:01:46.651,jbl6,self_20260528_170130,clip_005,1,rest,,2.1017,35967.0,raspberry_pi_seeed_gsr,"35967,2.1017"
2026-05-28T17:01:46.674,jbl6,self_20260528_170130,clip_005,1,rest,,2.0896,35988.0,raspberry_pi_seeed_gsr,"35988,2.0896"
2026-05-28T17:01:46.697,jbl6,self_20260528_170130,clip_005,1,rest,,1.7495,36010.0,raspberry_pi_seeed_gsr,"36010,1.7495"
2026-05-28T17:01:46.719,jbl6,self_20260528_170130,clip_005,1,rest,,1.432,36030.0,raspberry_pi_seeed_gsr,"36030,1.4320"
2026-05-28T17:01:46.741,jbl6,self_20260528_170130,clip_005,1,rest,,1.5223,36051.0,raspberry_pi_seeed_gsr,"36051,1.5223"
2026-05-28T17:01:46.764,jbl6,self_20260528_170130,clip_005,1,rest,,1.6415,36072.0,raspberry_pi_seeed_gsr,"36072,1.6415"
2026-05-28T17:01:46.787,jbl6,self_20260528_170130,clip_005,1,rest,,1.7262,36093.0,raspberry_pi_seeed_gsr,"36093,1.7262"
2026-05-28T17:01:46.810,jbl6,self_20260528_170130,clip_005,1,rest,,1.8051,36114.0,raspberry_pi_seeed_gsr,"36114,1.8051"
2026-05-28T17:01:46.832,jbl6,self_20260528_170130,clip_005,1,rest,,1.8567,36135.0,raspberry_pi_seeed_gsr,"36135,1.8567"
2026-05-28T17:01:46.856,jbl6,self_20260528_170130,clip_005,1,rest,,1.9083,36156.0,raspberry_pi_seeed_gsr,"36156,1.9083"
2026-05-28T17:01:46.879,jbl6,self_20260528_170130,clip_005,1,rest,,1.9446,36177.0,raspberry_pi_seeed_gsr,"36177,1.9446"
2026-05-28T17:01:46.902,jbl6,self_20260528_170130,clip_005,1,rest,,1.9744,36198.0,raspberry_pi_seeed_gsr,"36198,1.9744"
2026-05-28T17:01:46.925,jbl6,self_20260528_170130,clip_005,1,rest,,2.0026,36219.0,raspberry_pi_seeed_gsr,"36219,2.0026"
2026-05-28T17:01:46.949,jbl6,self_20260528_170130,clip_005,1,rest,,2.0267,36240.0,raspberry_pi_seeed_gsr,"36240,2.0267"
2026-05-28T17:01:46.972,jbl6,self_20260528_170130,clip_005,1,rest,,2.0388,36261.0,raspberry_pi_seeed_gsr,"36261,2.0388"
2026-05-28T17:01:46.996,jbl6,self_20260528_170130,clip_005,1,rest,,2.0461,36282.0,raspberry_pi_seeed_gsr,"36282,2.0461"
2026-05-28T17:01:47.020,jbl6,self_20260528_170130,clip_005,1,rest,,2.0622,36303.0,raspberry_pi_seeed_gsr,"36303,2.0622"
2026-05-28T17:01:47.045,jbl6,self_20260528_170130,clip_005,1,rest,,2.0622,36324.0,raspberry_pi_seeed_gsr,"36324,2.0622"
2026-05-28T17:01:47.070,jbl6,self_20260528_170130,clip_005,1,rest,,2.0719,36345.0,raspberry_pi_seeed_gsr,"36345,2.0719"
2026-05-28T17:01:47.093,jbl6,self_20260528_170130,clip_005,1,rest,,2.0816,36366.0,raspberry_pi_seeed_gsr,"36366,2.0816"
2026-05-28T17:01:47.117,jbl6,self_20260528_170130,clip_005,1,rest,,2.0783,36387.0,raspberry_pi_seeed_gsr,"36387,2.0783"
2026-05-28T17:01:47.140,jbl6,self_20260528_170130,clip_005,1,rest,,2.0864,36408.0,raspberry_pi_seeed_gsr,"36408,2.0864"
2026-05-28T17:01:47.164,jbl6,self_20260528_170130,clip_005,1,rest,,2.0928,36429.0,raspberry_pi_seeed_gsr,"36429,2.0928"
2026-05-28T17:01:47.187,jbl6,self_20260528_170130,clip_005,1,rest,,2.0904,36450.0,raspberry_pi_seeed_gsr,"36450,2.0904"
2026-05-28T17:01:47.211,jbl6,self_20260528_170130,clip_005,1,rest,,2.0977,36471.0,raspberry_pi_seeed_gsr,"36471,2.0977"
2026-05-28T17:01:47.269,jbl6,self_20260528_170130,clip_005,1,rest,,2.0945,36493.0,raspberry_pi_seeed_gsr,"36493,2.0945"
2026-05-28T17:01:47.292,jbl6,self_20260528_170130,clip_005,1,rest,,2.0961,36513.0,raspberry_pi_seeed_gsr,"36513,2.0961"
2026-05-28T17:01:47.314,jbl6,self_20260528_170130,clip_005,1,rest,,2.1001,36534.0,raspberry_pi_seeed_gsr,"36534,2.1001"
2026-05-28T17:01:47.338,jbl6,self_20260528_170130,clip_005,1,rest,,2.0961,36554.0,raspberry_pi_seeed_gsr,"36554,2.0961"
2026-05-28T17:01:47.361,jbl6,self_20260528_170130,clip_005,1,rest,,2.1025,36575.0,raspberry_pi_seeed_gsr,"36575,2.1025"
2026-05-28T17:01:47.385,jbl6,self_20260528_170130,clip_005,1,rest,,2.0993,36596.0,raspberry_pi_seeed_gsr,"36596,2.0993"
2026-05-28T17:01:47.407,jbl6,self_20260528_170130,clip_005,1,rest,,2.1017,36617.0,raspberry_pi_seeed_gsr,"36617,2.1017"
2026-05-28T17:01:47.429,jbl6,self_20260528_170130,clip_005,1,rest,,2.0993,36638.0,raspberry_pi_seeed_gsr,"36638,2.0993"
2026-05-28T17:01:47.453,jbl6,self_20260528_170130,clip_005,1,rest,,2.1025,36659.0,raspberry_pi_seeed_gsr,"36659,2.1025"
2026-05-28T17:01:47.474,jbl6,self_20260528_170130,clip_005,1,rest,,2.1001,36680.0,raspberry_pi_seeed_gsr,"36680,2.1001"
2026-05-28T17:01:47.496,jbl6,self_20260528_170130,clip_005,1,rest,,2.1017,36701.0,raspberry_pi_seeed_gsr,"36701,2.1017"
2026-05-28T17:01:47.521,jbl6,self_20260528_170130,clip_005,1,rest,,2.1057,36722.0,raspberry_pi_seeed_gsr,"36722,2.1057"
2026-05-28T17:01:47.545,jbl6,self_20260528_170130,clip_005,1,rest,,2.1017,36743.0,raspberry_pi_seeed_gsr,"36743,2.1017"
2026-05-28T17:01:47.573,jbl6,self_20260528_170130,clip_005,1,rest,,2.1001,36764.0,raspberry_pi_seeed_gsr,"36764,2.1001"
2026-05-28T17:01:47.599,jbl6,self_20260528_170130,clip_005,1,rest,,2.0993,36785.0,raspberry_pi_seeed_gsr,"36785,2.0993"
2026-05-28T17:01:47.632,jbl6,self_20260528_170130,clip_005,1,rest,,2.1033,36806.0,raspberry_pi_seeed_gsr,"36806,2.1033"
2026-05-28T17:01:47.671,jbl6,self_20260528_170130,clip_005,1,rest,,2.1017,36827.0,raspberry_pi_seeed_gsr,"36827,2.1017"
2026-05-28T17:01:47.701,jbl6,self_20260528_170130,clip_005,1,rest,,2.1025,36848.0,raspberry_pi_seeed_gsr,"36848,2.1025"
2026-05-28T17:01:47.723,jbl6,self_20260528_170130,clip_005,1,rest,,2.1025,36869.0,raspberry_pi_seeed_gsr,"36869,2.1025"
2026-05-28T17:01:47.747,jbl6,self_20260528_170130,clip_005,1,rest,,2.1041,36890.0,raspberry_pi_seeed_gsr,"36890,2.1041"
2026-05-28T17:01:47.769,jbl6,self_20260528_170130,clip_005,1,rest,,2.1057,36911.0,raspberry_pi_seeed_gsr,"36911,2.1057"
2026-05-28T17:01:47.792,jbl6,self_20260528_170130,clip_005,1,rest,,2.1033,36932.0,raspberry_pi_seeed_gsr,"36932,2.1033"
2026-05-28T17:01:47.815,jbl6,self_20260528_170130,clip_005,1,rest,,2.1001,36953.0,raspberry_pi_seeed_gsr,"36953,2.1001"
2026-05-28T17:01:47.837,jbl6,self_20260528_170130,clip_005,1,rest,,2.1025,36974.0,raspberry_pi_seeed_gsr,"36974,2.1025"
2026-05-28T17:01:47.860,jbl6,self_20260528_170130,clip_005,1,rest,,2.1025,36995.0,raspberry_pi_seeed_gsr,"36995,2.1025"
2026-05-28T17:01:47.882,jbl6,self_20260528_170130,clip_005,1,rest,,2.1025,37016.0,raspberry_pi_seeed_gsr,"37016,2.1025"
2026-05-28T17:01:47.904,jbl6,self_20260528_170130,clip_005,1,rest,,2.1017,37037.0,raspberry_pi_seeed_gsr,"37037,2.1017"
2026-05-28T17:01:47.927,jbl6,self_20260528_170130,clip_005,1,rest,,2.1033,37059.0,raspberry_pi_seeed_gsr,"37059,2.1033"
2026-05-28T17:01:47.949,jbl6,self_20260528_170130,clip_005,1,rest,,2.1049,37079.0,raspberry_pi_seeed_gsr,"37079,2.1049"
2026-05-28T17:01:47.972,jbl6,self_20260528_170130,clip_005,1,rest,,2.1001,37099.0,raspberry_pi_seeed_gsr,"37099,2.1001"
2026-05-28T17:01:48.007,jbl6,self_20260528_170130,clip_005,1,rest,,2.0904,37120.0,raspberry_pi_seeed_gsr,"37120,2.0904"
2026-05-28T17:01:48.029,jbl6,self_20260528_170130,clip_005,1,rest,,2.1041,37141.0,raspberry_pi_seeed_gsr,"37141,2.1041"
2026-05-28T17:01:48.052,jbl6,self_20260528_170130,clip_005,1,rest,,2.1041,37162.0,raspberry_pi_seeed_gsr,"37162,2.1041"
2026-05-28T17:01:48.075,jbl6,self_20260528_170130,clip_005,1,rest,,2.1033,37183.0,raspberry_pi_seeed_gsr,"37183,2.1033"
2026-05-28T17:01:48.098,jbl6,self_20260528_170130,clip_005,1,rest,,2.0993,37204.0,raspberry_pi_seeed_gsr,"37204,2.0993"
2026-05-28T17:01:48.120,jbl6,self_20260528_170130,clip_005,1,rest,,2.1025,37225.0,raspberry_pi_seeed_gsr,"37225,2.1025"
2026-05-28T17:01:48.144,jbl6,self_20260528_170130,clip_005,1,rest,,2.1025,37246.0,raspberry_pi_seeed_gsr,"37246,2.1025"
2026-05-28T17:01:48.167,jbl6,self_20260528_170130,clip_005,1,rest,,2.1041,37267.0,raspberry_pi_seeed_gsr,"37267,2.1041"
2026-05-28T17:01:48.191,jbl6,self_20260528_170130,clip_005,1,rest,,2.0961,37288.0,raspberry_pi_seeed_gsr,"37288,2.0961"
2026-05-28T17:01:48.215,jbl6,self_20260528_170130,clip_005,1,rest,,2.1041,37309.0,raspberry_pi_seeed_gsr,"37309,2.1041"
2026-05-28T17:01:48.238,jbl6,self_20260528_170130,clip_005,1,rest,,2.1033,37330.0,raspberry_pi_seeed_gsr,"37330,2.1033"
2026-05-28T17:01:48.261,jbl6,self_20260528_170130,clip_005,1,rest,,2.1041,37351.0,raspberry_pi_seeed_gsr,"37351,2.1041"
2026-05-28T17:01:48.285,jbl6,self_20260528_170130,clip_005,1,rest,,2.1033,37372.0,raspberry_pi_seeed_gsr,"37372,2.1033"
2026-05-28T17:01:48.314,jbl6,self_20260528_170130,clip_005,1,rest,,2.1001,37393.0,raspberry_pi_seeed_gsr,"37393,2.1001"
2026-05-28T17:01:48.336,jbl6,self_20260528_170130,clip_005,1,rest,,2.0977,37414.0,raspberry_pi_seeed_gsr,"37414,2.0977"
2026-05-28T17:01:48.358,jbl6,self_20260528_170130,clip_005,1,rest,,2.1017,37435.0,raspberry_pi_seeed_gsr,"37435,2.1017"
2026-05-28T17:01:48.382,jbl6,self_20260528_170130,clip_005,1,rest,,2.1025,37456.0,raspberry_pi_seeed_gsr,"37456,2.1025"
2026-05-28T17:01:48.405,jbl6,self_20260528_170130,clip_005,1,rest,,2.1057,37477.0,raspberry_pi_seeed_gsr,"37477,2.1057"
2026-05-28T17:01:48.428,jbl6,self_20260528_170130,clip_005,1,rest,,2.1057,37498.0,raspberry_pi_seeed_gsr,"37498,2.1057"
2026-05-28T17:01:48.453,jbl6,self_20260528_170130,clip_005,1,rest,,2.1041,37519.0,raspberry_pi_seeed_gsr,"37519,2.1041"
2026-05-28T17:01:48.476,jbl6,self_20260528_170130,clip_005,1,rest,,2.1033,37541.0,raspberry_pi_seeed_gsr,"37541,2.1033"
2026-05-28T17:01:48.500,jbl6,self_20260528_170130,clip_005,1,rest,,2.1001,37562.0,raspberry_pi_seeed_gsr,"37562,2.1001"
2026-05-28T17:01:48.522,jbl6,self_20260528_170130,clip_005,1,rest,,2.1025,37582.0,raspberry_pi_seeed_gsr,"37582,2.1025"
2026-05-28T17:01:48.545,jbl6,self_20260528_170130,clip_005,1,rest,,2.1041,37604.0,raspberry_pi_seeed_gsr,"37604,2.1041"
2026-05-28T17:01:48.568,jbl6,self_20260528_170130,clip_005,1,rest,,2.1025,37624.0,raspberry_pi_seeed_gsr,"37624,2.1025"
2026-05-28T17:01:48.592,jbl6,self_20260528_170130,clip_005,1,rest,,2.1017,37645.0,raspberry_pi_seeed_gsr,"37645,2.1017"
2026-05-28T17:01:48.615,jbl6,self_20260528_170130,clip_005,1,rest,,2.1025,37666.0,raspberry_pi_seeed_gsr,"37666,2.1025"
2026-05-28T17:01:48.639,jbl6,self_20260528_170130,clip_005,1,rest,,2.1025,37687.0,raspberry_pi_seeed_gsr,"37687,2.1025"
2026-05-28T17:01:48.664,jbl6,self_20260528_170130,clip_005,1,rest,,2.1033,37708.0,raspberry_pi_seeed_gsr,"37708,2.1033"
2026-05-28T17:01:48.692,jbl6,self_20260528_170130,clip_005,1,rest,,2.1065,37729.0,raspberry_pi_seeed_gsr,"37729,2.1065"
2026-05-28T17:01:48.718,jbl6,self_20260528_170130,clip_005,1,rest,,2.1049,37750.0,raspberry_pi_seeed_gsr,"37750,2.1049"
2026-05-28T17:01:48.742,jbl6,self_20260528_170130,clip_005,1,rest,,2.1025,37771.0,raspberry_pi_seeed_gsr,"37771,2.1025"
2026-05-28T17:01:48.765,jbl6,self_20260528_170130,clip_005,1,rest,,2.1025,37792.0,raspberry_pi_seeed_gsr,"37792,2.1025"
2026-05-28T17:01:48.790,jbl6,self_20260528_170130,clip_005,1,rest,,2.0969,37813.0,raspberry_pi_seeed_gsr,"37813,2.0969"
2026-05-28T17:01:48.821,jbl6,self_20260528_170130,clip_005,1,rest,,2.1025,37834.0,raspberry_pi_seeed_gsr,"37834,2.1025"
2026-05-28T17:01:48.844,jbl6,self_20260528_170130,clip_005,1,rest,,2.1033,37855.0,raspberry_pi_seeed_gsr,"37855,2.1033"
2026-05-28T17:01:48.866,jbl6,self_20260528_170130,clip_005,1,rest,,2.1017,37876.0,raspberry_pi_seeed_gsr,"37876,2.1017"
2026-05-28T17:01:48.888,jbl6,self_20260528_170130,clip_005,1,rest,,2.1017,37897.0,raspberry_pi_seeed_gsr,"37897,2.1017"
2026-05-28T17:01:48.911,jbl6,self_20260528_170130,clip_005,1,rest,,2.1033,37918.0,raspberry_pi_seeed_gsr,"37918,2.1033"
2026-05-28T17:01:48.934,jbl6,self_20260528_170130,clip_005,1,rest,,2.1065,37939.0,raspberry_pi_seeed_gsr,"37939,2.1065"
2026-05-28T17:01:48.956,jbl6,self_20260528_170130,clip_005,1,rest,,2.0928,37960.0,raspberry_pi_seeed_gsr,"37960,2.0928"
2026-05-28T17:01:48.979,jbl6,self_20260528_170130,clip_005,1,rest,,2.1065,37981.0,raspberry_pi_seeed_gsr,"37981,2.1065"
2026-05-28T17:01:49.002,jbl6,self_20260528_170130,clip_005,1,rest,,2.1009,38002.0,raspberry_pi_seeed_gsr,"38002,2.1009"
2026-05-28T17:01:49.023,jbl6,self_20260528_170130,clip_005,1,rest,,2.1033,38024.0,raspberry_pi_seeed_gsr,"38024,2.1033"
2026-05-28T17:01:49.046,jbl6,self_20260528_170130,clip_005,1,rest,,2.0993,38044.0,raspberry_pi_seeed_gsr,"38044,2.0993"
2026-05-28T17:01:49.069,jbl6,self_20260528_170130,clip_005,1,rest,,2.0985,38065.0,raspberry_pi_seeed_gsr,"38065,2.0985"
2026-05-28T17:01:49.092,jbl6,self_20260528_170130,clip_005,1,rest,,2.1049,38086.0,raspberry_pi_seeed_gsr,"38086,2.1049"
2026-05-28T17:01:49.116,jbl6,self_20260528_170130,clip_005,1,rest,,2.1065,38107.0,raspberry_pi_seeed_gsr,"38107,2.1065"
2026-05-28T17:01:49.139,jbl6,self_20260528_170130,clip_005,1,rest,,2.0993,38128.0,raspberry_pi_seeed_gsr,"38128,2.0993"
2026-05-28T17:01:49.163,jbl6,self_20260528_170130,clip_005,1,rest,,2.0961,38149.0,raspberry_pi_seeed_gsr,"38149,2.0961"
2026-05-28T17:01:49.186,jbl6,self_20260528_170130,clip_005,1,rest,,2.1033,38170.0,raspberry_pi_seeed_gsr,"38170,2.1033"
2026-05-28T17:01:49.210,jbl6,self_20260528_170130,clip_005,1,rest,,2.1033,38191.0,raspberry_pi_seeed_gsr,"38191,2.1033"
2026-05-28T17:01:49.234,jbl6,self_20260528_170130,clip_005,1,rest,,2.0953,38212.0,raspberry_pi_seeed_gsr,"38212,2.0953"
2026-05-28T17:01:49.258,jbl6,self_20260528_170130,clip_005,1,rest,,2.1025,38233.0,raspberry_pi_seeed_gsr,"38233,2.1025"
2026-05-28T17:01:49.282,jbl6,self_20260528_170130,clip_005,1,rest,,2.1082,38254.0,raspberry_pi_seeed_gsr,"38254,2.1082"
2026-05-28T17:01:49.306,jbl6,self_20260528_170130,clip_005,1,rest,,2.1049,38275.0,raspberry_pi_seeed_gsr,"38275,2.1049"
2026-05-28T17:01:49.329,jbl6,self_20260528_170130,clip_005,1,rest,,2.1033,38296.0,raspberry_pi_seeed_gsr,"38296,2.1033"
2026-05-28T17:01:49.352,jbl6,self_20260528_170130,clip_005,1,rest,,2.1033,38317.0,raspberry_pi_seeed_gsr,"38317,2.1033"
2026-05-28T17:01:49.375,jbl6,self_20260528_170130,clip_005,1,rest,,2.1033,38338.0,raspberry_pi_seeed_gsr,"38338,2.1033"
2026-05-28T17:01:49.398,jbl6,self_20260528_170130,clip_005,1,rest,,2.0985,38359.0,raspberry_pi_seeed_gsr,"38359,2.0985"
2026-05-28T17:01:49.420,jbl6,self_20260528_170130,clip_005,1,rest,,2.1017,38380.0,raspberry_pi_seeed_gsr,"38380,2.1017"
2026-05-28T17:01:49.445,jbl6,self_20260528_170130,clip_005,1,rest,,2.1017,38401.0,raspberry_pi_seeed_gsr,"38401,2.1017"
2026-05-28T17:01:49.467,jbl6,self_20260528_170130,clip_005,1,rest,,2.1001,38422.0,raspberry_pi_seeed_gsr,"38422,2.1001"
2026-05-28T17:01:49.491,jbl6,self_20260528_170130,clip_005,1,rest,,2.1025,38443.0,raspberry_pi_seeed_gsr,"38443,2.1025"
2026-05-28T17:01:49.515,jbl6,self_20260528_170130,clip_005,1,rest,,2.0993,38464.0,raspberry_pi_seeed_gsr,"38464,2.0993"
2026-05-28T17:01:49.538,jbl6,self_20260528_170130,clip_005,1,rest,,2.1154,38485.0,raspberry_pi_seeed_gsr,"38485,2.1154"
2026-05-28T17:01:49.561,jbl6,self_20260528_170130,clip_005,1,rest,,2.1041,38506.0,raspberry_pi_seeed_gsr,"38506,2.1041"
2026-05-28T17:01:49.584,jbl6,self_20260528_170130,clip_005,1,rest,,2.1025,38528.0,raspberry_pi_seeed_gsr,"38528,2.1025"
2026-05-28T17:01:49.607,jbl6,self_20260528_170130,clip_005,1,rest,,2.1057,38548.0,raspberry_pi_seeed_gsr,"38548,2.1057"
2026-05-28T17:01:49.630,jbl6,self_20260528_170130,clip_005,1,rest,,2.1049,38569.0,raspberry_pi_seeed_gsr,"38569,2.1049"
2026-05-28T17:01:49.653,jbl6,self_20260528_170130,clip_005,1,rest,,2.0985,38590.0,raspberry_pi_seeed_gsr,"38590,2.0985"
2026-05-28T17:01:49.676,jbl6,self_20260528_170130,clip_005,1,rest,,2.1033,38611.0,raspberry_pi_seeed_gsr,"38611,2.1033"
2026-05-28T17:01:49.700,jbl6,self_20260528_170130,clip_005,1,rest,,2.1025,38632.0,raspberry_pi_seeed_gsr,"38632,2.1025"
2026-05-28T17:01:49.724,jbl6,self_20260528_170130,clip_005,1,rest,,2.1001,38653.0,raspberry_pi_seeed_gsr,"38653,2.1001"
2026-05-28T17:01:49.746,jbl6,self_20260528_170130,clip_005,1,rest,,2.1033,38674.0,raspberry_pi_seeed_gsr,"38674,2.1033"
2026-05-28T17:01:49.768,jbl6,self_20260528_170130,clip_005,1,rest,,2.1009,38695.0,raspberry_pi_seeed_gsr,"38695,2.1009"
2026-05-28T17:01:49.790,jbl6,self_20260528_170130,clip_005,1,rest,,2.1041,38716.0,raspberry_pi_seeed_gsr,"38716,2.1041"
2026-05-28T17:01:49.812,jbl6,self_20260528_170130,clip_005,1,rest,,2.1033,38737.0,raspberry_pi_seeed_gsr,"38737,2.1033"
2026-05-28T17:01:49.836,jbl6,self_20260528_170130,clip_005,1,rest,,2.0993,38758.0,raspberry_pi_seeed_gsr,"38758,2.0993"
2026-05-28T17:01:49.860,jbl6,self_20260528_170130,clip_005,1,rest,,2.0937,38779.0,raspberry_pi_seeed_gsr,"38779,2.0937"
2026-05-28T17:01:49.883,jbl6,self_20260528_170130,clip_005,1,rest,,2.1025,38800.0,raspberry_pi_seeed_gsr,"38800,2.1025"
2026-05-28T17:01:49.907,jbl6,self_20260528_170130,clip_005,1,rest,,2.1235,38821.0,raspberry_pi_seeed_gsr,"38821,2.1235"
2026-05-28T17:01:49.930,jbl6,self_20260528_170130,clip_005,1,rest,,2.1001,38842.0,raspberry_pi_seeed_gsr,"38842,2.1001"
2026-05-28T17:01:49.953,jbl6,self_20260528_170130,clip_005,1,rest,,2.1025,38863.0,raspberry_pi_seeed_gsr,"38863,2.1025"
2026-05-28T17:01:49.975,jbl6,self_20260528_170130,clip_005,1,rest,,2.1057,38884.0,raspberry_pi_seeed_gsr,"38884,2.1057"
2026-05-28T17:01:49.998,jbl6,self_20260528_170130,clip_005,1,rest,,2.0791,38905.0,raspberry_pi_seeed_gsr,"38905,2.0791"
2026-05-28T17:01:50.028,jbl6,self_20260528_170130,clip_005,1,rest,,2.1057,38926.0,raspberry_pi_seeed_gsr,"38926,2.1057"
2026-05-28T17:01:50.051,jbl6,self_20260528_170130,clip_005,1,rest,,2.1025,38947.0,raspberry_pi_seeed_gsr,"38947,2.1025"
2026-05-28T17:01:50.076,jbl6,self_20260528_170130,clip_005,1,rest,,2.1041,38968.0,raspberry_pi_seeed_gsr,"38968,2.1041"
2026-05-28T17:01:50.100,jbl6,self_20260528_170130,clip_005,1,rest,,2.1025,38989.0,raspberry_pi_seeed_gsr,"38989,2.1025"
2026-05-28T17:01:50.124,jbl6,self_20260528_170130,clip_005,1,rest,,2.1025,39010.0,raspberry_pi_seeed_gsr,"39010,2.1025"
2026-05-28T17:01:50.147,jbl6,self_20260528_170130,clip_005,1,rest,,2.0993,39031.0,raspberry_pi_seeed_gsr,"39031,2.0993"
2026-05-28T17:01:50.170,jbl6,self_20260528_170130,clip_005,1,rest,,2.1033,39053.0,raspberry_pi_seeed_gsr,"39053,2.1033"
2026-05-28T17:01:50.192,jbl6,self_20260528_170130,clip_005,1,rest,,2.1049,39074.0,raspberry_pi_seeed_gsr,"39074,2.1049"
2026-05-28T17:01:50.215,jbl6,self_20260528_170130,clip_005,1,rest,,2.109,39094.0,raspberry_pi_seeed_gsr,"39094,2.1090"
2026-05-28T17:01:50.238,jbl6,self_20260528_170130,clip_005,1,rest,,2.1033,39115.0,raspberry_pi_seeed_gsr,"39115,2.1033"
2026-05-28T17:01:50.261,jbl6,self_20260528_170130,clip_005,1,rest,,2.1049,39136.0,raspberry_pi_seeed_gsr,"39136,2.1049"
2026-05-28T17:01:50.286,jbl6,self_20260528_170130,clip_005,1,rest,,2.1025,39157.0,raspberry_pi_seeed_gsr,"39157,2.1025"
2026-05-28T17:01:50.308,jbl6,self_20260528_170130,clip_005,1,rest,,2.1017,39178.0,raspberry_pi_seeed_gsr,"39178,2.1017"
2026-05-28T17:01:50.330,jbl6,self_20260528_170130,clip_005,1,rest,,2.1009,39199.0,raspberry_pi_seeed_gsr,"39199,2.1009"
2026-05-28T17:01:50.353,jbl6,self_20260528_170130,clip_005,1,rest,,2.0993,39220.0,raspberry_pi_seeed_gsr,"39220,2.0993"
2026-05-28T17:01:50.377,jbl6,self_20260528_170130,clip_005,1,rest,,2.1025,39241.0,raspberry_pi_seeed_gsr,"39241,2.1025"
2026-05-28T17:01:50.400,jbl6,self_20260528_170130,clip_005,1,rest,,2.1017,39262.0,raspberry_pi_seeed_gsr,"39262,2.1017"
2026-05-28T17:01:50.422,jbl6,self_20260528_170130,clip_005,1,rest,,2.1025,39283.0,raspberry_pi_seeed_gsr,"39283,2.1025"
2026-05-28T17:01:50.446,jbl6,self_20260528_170130,clip_005,1,rest,,2.1025,39304.0,raspberry_pi_seeed_gsr,"39304,2.1025"
2026-05-28T17:01:50.469,jbl6,self_20260528_170130,clip_005,1,rest,,2.1041,39325.0,raspberry_pi_seeed_gsr,"39325,2.1041"
2026-05-28T17:01:50.492,jbl6,self_20260528_170130,clip_005,1,rest,,2.1025,39346.0,raspberry_pi_seeed_gsr,"39346,2.1025"
2026-05-28T17:01:50.514,jbl6,self_20260528_170130,clip_005,1,rest,,2.0977,39367.0,raspberry_pi_seeed_gsr,"39367,2.0977"
2026-05-28T17:01:50.572,jbl6,self_20260528_170130,clip_005,1,rest,,2.1041,39388.0,raspberry_pi_seeed_gsr,"39388,2.1041"
2026-05-28T17:01:50.595,jbl6,self_20260528_170130,clip_005,1,rest,,2.1025,39409.0,raspberry_pi_seeed_gsr,"39409,2.1025"
2026-05-28T17:01:50.618,jbl6,self_20260528_170130,clip_005,1,rest,,2.1033,39430.0,raspberry_pi_seeed_gsr,"39430,2.1033"
2026-05-28T17:01:50.639,jbl6,self_20260528_170130,clip_005,1,rest,,2.1025,39451.0,raspberry_pi_seeed_gsr,"39451,2.1025"
2026-05-28T17:01:50.662,jbl6,self_20260528_170130,clip_005,1,rest,,2.0985,39473.0,raspberry_pi_seeed_gsr,"39473,2.0985"
2026-05-28T17:01:50.685,jbl6,self_20260528_170130,clip_005,1,rest,,2.1025,39493.0,raspberry_pi_seeed_gsr,"39493,2.1025"
2026-05-28T17:01:50.708,jbl6,self_20260528_170130,clip_005,1,rest,,2.0961,39514.0,raspberry_pi_seeed_gsr,"39514,2.0961"
2026-05-28T17:01:50.732,jbl6,self_20260528_170130,clip_005,1,rest,,2.1082,39535.0,raspberry_pi_seeed_gsr,"39535,2.1082"
2026-05-28T17:01:50.755,jbl6,self_20260528_170130,clip_005,1,rest,,2.1041,39556.0,raspberry_pi_seeed_gsr,"39556,2.1041"
2026-05-28T17:01:50.777,jbl6,self_20260528_170130,clip_005,1,rest,,2.0993,39577.0,raspberry_pi_seeed_gsr,"39577,2.0993"
2026-05-28T17:01:50.799,jbl6,self_20260528_170130,clip_005,1,rest,,2.1025,39598.0,raspberry_pi_seeed_gsr,"39598,2.1025"
2026-05-28T17:01:50.822,jbl6,self_20260528_170130,clip_005,1,rest,,2.1065,39619.0,raspberry_pi_seeed_gsr,"39619,2.1065"
2026-05-28T17:01:50.845,jbl6,self_20260528_170130,clip_005,1,rest,,2.1033,39640.0,raspberry_pi_seeed_gsr,"39640,2.1033"
2026-05-28T17:01:50.867,jbl6,self_20260528_170130,clip_005,1,rest,,2.1033,39661.0,raspberry_pi_seeed_gsr,"39661,2.1033"
2026-05-28T17:01:50.890,jbl6,self_20260528_170130,clip_005,1,rest,,2.1017,39682.0,raspberry_pi_seeed_gsr,"39682,2.1017"
2026-05-28T17:01:50.914,jbl6,self_20260528_170130,clip_005,1,rest,,2.1033,39703.0,raspberry_pi_seeed_gsr,"39703,2.1033"
2026-05-28T17:01:50.938,jbl6,self_20260528_170130,clip_005,1,rest,,2.109,39724.0,raspberry_pi_seeed_gsr,"39724,2.1090"
2026-05-28T17:01:50.961,jbl6,self_20260528_170130,clip_005,1,rest,,2.0985,39745.0,raspberry_pi_seeed_gsr,"39745,2.0985"
2026-05-28T17:01:50.985,jbl6,self_20260528_170130,clip_005,1,rest,,2.0985,39766.0,raspberry_pi_seeed_gsr,"39766,2.0985"
2026-05-28T17:01:51.010,jbl6,self_20260528_170130,clip_005,1,rest,,2.1041,39787.0,raspberry_pi_seeed_gsr,"39787,2.1041"
2026-05-28T17:01:51.034,jbl6,self_20260528_170130,clip_005,1,rest,,2.1082,39808.0,raspberry_pi_seeed_gsr,"39808,2.1082"
2026-05-28T17:01:51.059,jbl6,self_20260528_170130,clip_005,1,rest,,2.1041,39829.0,raspberry_pi_seeed_gsr,"39829,2.1041"
2026-05-28T17:01:51.081,jbl6,self_20260528_170130,clip_005,1,rest,,2.1033,39850.0,raspberry_pi_seeed_gsr,"39850,2.1033"
2026-05-28T17:01:51.104,jbl6,self_20260528_170130,clip_005,1,rest,,2.0977,39871.0,raspberry_pi_seeed_gsr,"39871,2.0977"
2026-05-28T17:01:51.132,jbl6,self_20260528_170130,clip_005,1,rest,,2.1025,39892.0,raspberry_pi_seeed_gsr,"39892,2.1025"
2026-05-28T17:01:51.156,jbl6,self_20260528_170130,clip_005,1,rest,,2.1017,39913.0,raspberry_pi_seeed_gsr,"39913,2.1017"
2026-05-28T17:01:51.179,jbl6,self_20260528_170130,clip_005,1,rest,,2.1033,39934.0,raspberry_pi_seeed_gsr,"39934,2.1033"
2026-05-28T17:01:51.202,jbl6,self_20260528_170130,clip_005,1,rest,,2.1057,39955.0,raspberry_pi_seeed_gsr,"39955,2.1057"
2026-05-28T17:01:51.224,jbl6,self_20260528_170130,clip_005,1,rest,,2.1033,39975.0,raspberry_pi_seeed_gsr,"39975,2.1033"
2026-05-28T17:01:51.246,jbl6,self_20260528_170130,clip_005,1,rest,,2.1025,39996.0,raspberry_pi_seeed_gsr,"39996,2.1025"
2026-05-28T17:01:51.279,jbl6,self_20260528_170130,clip_005,1,rest,,2.1041,40017.0,raspberry_pi_seeed_gsr,"40017,2.1041"
2026-05-28T17:01:51.301,jbl6,self_20260528_170130,clip_005,1,rest,,2.1025,40038.0,raspberry_pi_seeed_gsr,"40038,2.1025"
2026-05-28T17:01:51.323,jbl6,self_20260528_170130,clip_005,1,rest,,2.1057,40059.0,raspberry_pi_seeed_gsr,"40059,2.1057"
2026-05-28T17:01:51.345,jbl6,self_20260528_170130,clip_005,1,rest,,2.1025,40080.0,raspberry_pi_seeed_gsr,"40080,2.1025"
2026-05-28T17:01:51.368,jbl6,self_20260528_170130,clip_005,1,rest,,2.1025,40101.0,raspberry_pi_seeed_gsr,"40101,2.1025"
2026-05-28T17:01:51.390,jbl6,self_20260528_170130,clip_005,1,rest,,2.1033,40122.0,raspberry_pi_seeed_gsr,"40122,2.1033"
2026-05-28T17:01:51.412,jbl6,self_20260528_170130,clip_005,1,rest,,2.1017,40143.0,raspberry_pi_seeed_gsr,"40143,2.1017"
2026-05-28T17:01:51.435,jbl6,self_20260528_170130,clip_005,1,rest,,2.0896,40164.0,raspberry_pi_seeed_gsr,"40164,2.0896"
2026-05-28T17:01:51.458,jbl6,self_20260528_170130,clip_005,1,rest,,2.0985,40185.0,raspberry_pi_seeed_gsr,"40185,2.0985"
2026-05-28T17:01:51.481,jbl6,self_20260528_170130,clip_005,1,rest,,2.1098,40206.0,raspberry_pi_seeed_gsr,"40206,2.1098"
2026-05-28T17:01:51.504,jbl6,self_20260528_170130,clip_005,1,rest,,2.1009,40227.0,raspberry_pi_seeed_gsr,"40227,2.1009"
2026-05-28T17:01:51.528,jbl6,self_20260528_170130,clip_005,1,rest,,2.1049,40248.0,raspberry_pi_seeed_gsr,"40248,2.1049"
2026-05-28T17:01:51.550,jbl6,self_20260528_170130,clip_005,1,rest,,2.1025,40269.0,raspberry_pi_seeed_gsr,"40269,2.1025"
2026-05-28T17:01:51.576,jbl6,self_20260528_170130,clip_005,1,rest,,2.1041,40290.0,raspberry_pi_seeed_gsr,"40290,2.1041"
2026-05-28T17:01:51.599,jbl6,self_20260528_170130,clip_005,1,rest,,2.1082,40311.0,raspberry_pi_seeed_gsr,"40311,2.1082"
2026-05-28T17:01:51.622,jbl6,self_20260528_170130,clip_005,1,rest,,2.1033,40333.0,raspberry_pi_seeed_gsr,"40333,2.1033"
2026-05-28T17:01:51.646,jbl6,self_20260528_170130,clip_005,1,rest,,2.1025,40353.0,raspberry_pi_seeed_gsr,"40353,2.1025"
2026-05-28T17:01:51.670,jbl6,self_20260528_170130,clip_005,1,rest,,2.1041,40373.0,raspberry_pi_seeed_gsr,"40373,2.1041"
2026-05-28T17:01:51.695,jbl6,self_20260528_170130,clip_005,1,rest,,2.1098,40394.0,raspberry_pi_seeed_gsr,"40394,2.1098"
2026-05-28T17:01:51.720,jbl6,self_20260528_170130,clip_005,1,rest,,2.1017,40415.0,raspberry_pi_seeed_gsr,"40415,2.1017"
2026-05-28T17:01:51.743,jbl6,self_20260528_170130,clip_005,1,rest,,2.1017,40436.0,raspberry_pi_seeed_gsr,"40436,2.1017"
2026-05-28T17:01:51.765,jbl6,self_20260528_170130,clip_005,1,rest,,2.1057,40457.0,raspberry_pi_seeed_gsr,"40457,2.1057"
2026-05-28T17:01:51.789,jbl6,self_20260528_170130,clip_005,1,rest,,2.1001,40478.0,raspberry_pi_seeed_gsr,"40478,2.1001"
2026-05-28T17:01:51.813,jbl6,self_20260528_170130,clip_005,1,rest,,2.1041,40499.0,raspberry_pi_seeed_gsr,"40499,2.1041"
2026-05-28T17:01:51.837,jbl6,self_20260528_170130,clip_005,1,rest,,2.1017,40520.0,raspberry_pi_seeed_gsr,"40520,2.1017"
2026-05-28T17:01:51.861,jbl6,self_20260528_170130,clip_005,1,rest,,2.1146,40541.0,raspberry_pi_seeed_gsr,"40541,2.1146"
2026-05-28T17:01:51.884,jbl6,self_20260528_170130,clip_005,1,rest,,2.1017,40562.0,raspberry_pi_seeed_gsr,"40562,2.1017"
2026-05-28T17:01:51.907,jbl6,self_20260528_170130,clip_005,1,rest,,2.1049,40583.0,raspberry_pi_seeed_gsr,"40583,2.1049"
2026-05-28T17:01:51.930,jbl6,self_20260528_170130,clip_005,1,rest,,2.1033,40604.0,raspberry_pi_seeed_gsr,"40604,2.1033"
2026-05-28T17:01:51.954,jbl6,self_20260528_170130,clip_005,1,rest,,2.0937,40625.0,raspberry_pi_seeed_gsr,"40625,2.0937"
2026-05-28T17:01:51.977,jbl6,self_20260528_170130,clip_005,1,rest,,2.1025,40646.0,raspberry_pi_seeed_gsr,"40646,2.1025"
2026-05-28T17:01:52.001,jbl6,self_20260528_170130,clip_005,1,rest,,2.1057,40667.0,raspberry_pi_seeed_gsr,"40667,2.1057"
2026-05-28T17:01:52.025,jbl6,self_20260528_170130,clip_005,1,rest,,2.1041,40688.0,raspberry_pi_seeed_gsr,"40688,2.1041"
2026-05-28T17:01:52.049,jbl6,self_20260528_170130,clip_005,1,rest,,2.0953,40709.0,raspberry_pi_seeed_gsr,"40709,2.0953"
2026-05-28T17:01:52.081,jbl6,self_20260528_170130,clip_005,1,rest,,2.0985,40730.0,raspberry_pi_seeed_gsr,"40730,2.0985"
2026-05-28T17:01:52.104,jbl6,self_20260528_170130,clip_005,1,rest,,2.1017,40751.0,raspberry_pi_seeed_gsr,"40751,2.1017"
2026-05-28T17:01:52.128,jbl6,self_20260528_170130,clip_005,1,rest,,2.1098,40772.0,raspberry_pi_seeed_gsr,"40772,2.1098"
2026-05-28T17:01:52.152,jbl6,self_20260528_170130,clip_005,1,rest,,2.1033,40793.0,raspberry_pi_seeed_gsr,"40793,2.1033"
2026-05-28T17:01:52.175,jbl6,self_20260528_170130,clip_005,1,rest,,2.1025,40814.0,raspberry_pi_seeed_gsr,"40814,2.1025"
2026-05-28T17:01:52.197,jbl6,self_20260528_170130,clip_005,1,rest,,2.1025,40836.0,raspberry_pi_seeed_gsr,"40836,2.1025"
2026-05-28T17:01:52.221,jbl6,self_20260528_170130,clip_005,1,rest,,2.1001,40856.0,raspberry_pi_seeed_gsr,"40856,2.1001"
2026-05-28T17:01:52.245,jbl6,self_20260528_170130,clip_005,1,rest,,1.8583,40876.0,raspberry_pi_seeed_gsr,"40876,1.8583"
2026-05-28T17:01:52.275,jbl6,self_20260528_170130,clip_005,1,rest,,1.5021,40897.0,raspberry_pi_seeed_gsr,"40897,1.5021"
2026-05-28T17:01:52.299,jbl6,self_20260528_170130,clip_005,1,rest,,1.2362,40918.0,raspberry_pi_seeed_gsr,"40918,1.2362"
2026-05-28T17:01:52.323,jbl6,self_20260528_170130,clip_005,1,rest,,1.0081,40939.0,raspberry_pi_seeed_gsr,"40939,1.0081"
2026-05-28T17:01:52.345,jbl6,self_20260528_170130,clip_005,1,rest,,0.8252,40960.0,raspberry_pi_seeed_gsr,"40960,0.8252"
2026-05-28T17:01:52.369,jbl6,self_20260528_170130,clip_005,1,rest,,0.6769,40981.0,raspberry_pi_seeed_gsr,"40981,0.6769"
2026-05-28T17:01:52.392,jbl6,self_20260528_170130,clip_005,1,rest,,0.5528,41002.0,raspberry_pi_seeed_gsr,"41002,0.5528"
2026-05-28T17:01:52.416,jbl6,self_20260528_170130,clip_005,1,rest,,0.4489,41023.0,raspberry_pi_seeed_gsr,"41023,0.4489"
2026-05-28T17:01:52.439,jbl6,self_20260528_170130,clip_005,1,rest,,0.3787,41044.0,raspberry_pi_seeed_gsr,"41044,0.3787"
2026-05-28T17:01:52.461,jbl6,self_20260528_170130,clip_005,1,rest,,0.3997,41065.0,raspberry_pi_seeed_gsr,"41065,0.3997"
2026-05-28T17:01:52.485,jbl6,self_20260528_170130,clip_005,1,rest,,0.7245,41086.0,raspberry_pi_seeed_gsr,"41086,0.7245"
2026-05-28T17:01:52.507,jbl6,self_20260528_170130,clip_005,1,rest,,0.988,41107.0,raspberry_pi_seeed_gsr,"41107,0.9880"
2026-05-28T17:01:52.531,jbl6,self_20260528_170130,clip_005,1,rest,,1.1927,41128.0,raspberry_pi_seeed_gsr,"41128,1.1927"
2026-05-28T17:01:52.554,jbl6,self_20260528_170130,clip_005,1,rest,,1.3611,41149.0,raspberry_pi_seeed_gsr,"41149,1.3611"
2026-05-28T17:01:52.576,jbl6,self_20260528_170130,clip_005,1,rest,,1.5029,41170.0,raspberry_pi_seeed_gsr,"41170,1.5029"
2026-05-28T17:01:52.599,jbl6,self_20260528_170130,clip_005,1,rest,,1.6085,41191.0,raspberry_pi_seeed_gsr,"41191,1.6085"
2026-05-28T17:01:52.622,jbl6,self_20260528_170130,clip_005,1,rest,,1.706,41212.0,raspberry_pi_seeed_gsr,"41212,1.7060"
2026-05-28T17:01:52.645,jbl6,self_20260528_170130,clip_005,1,rest,,1.7793,41233.0,raspberry_pi_seeed_gsr,"41233,1.7793"
2026-05-28T17:01:52.668,jbl6,self_20260528_170130,clip_005,1,rest,,1.8438,41254.0,raspberry_pi_seeed_gsr,"41254,1.8438"
2026-05-28T17:01:52.690,jbl6,self_20260528_170130,clip_005,1,rest,,1.8898,41275.0,raspberry_pi_seeed_gsr,"41275,1.8898"
2026-05-28T17:01:52.713,jbl6,self_20260528_170130,clip_005,1,rest,,1.9349,41297.0,raspberry_pi_seeed_gsr,"41297,1.9349"
2026-05-28T17:01:52.738,jbl6,self_20260528_170130,clip_005,1,rest,,1.9623,41317.0,raspberry_pi_seeed_gsr,"41317,1.9623"
2026-05-28T17:01:52.762,jbl6,self_20260528_170130,clip_005,1,rest,,1.9921,41338.0,raspberry_pi_seeed_gsr,"41338,1.9921"
2026-05-28T17:01:52.785,jbl6,self_20260528_170130,clip_005,1,rest,,2.0138,41359.0,raspberry_pi_seeed_gsr,"41359,2.0138"
2026-05-28T17:01:52.807,jbl6,self_20260528_170130,clip_005,1,rest,,2.0308,41380.0,raspberry_pi_seeed_gsr,"41380,2.0308"
2026-05-28T17:01:52.831,jbl6,self_20260528_170130,clip_005,1,rest,,2.042,41401.0,raspberry_pi_seeed_gsr,"41401,2.0420"
2026-05-28T17:01:52.855,jbl6,self_20260528_170130,clip_005,1,rest,,2.0557,41422.0,raspberry_pi_seeed_gsr,"41422,2.0557"
2026-05-28T17:01:52.879,jbl6,self_20260528_170130,clip_005,1,rest,,2.0622,41443.0,raspberry_pi_seeed_gsr,"41443,2.0622"
2026-05-28T17:01:52.903,jbl6,self_20260528_170130,clip_005,1,rest,,2.0663,41464.0,raspberry_pi_seeed_gsr,"41464,2.0663"
2026-05-28T17:01:52.927,jbl6,self_20260528_170130,clip_005,1,rest,,2.0743,41485.0,raspberry_pi_seeed_gsr,"41485,2.0743"
2026-05-28T17:01:52.951,jbl6,self_20260528_170130,clip_005,1,rest,,2.0783,41506.0,raspberry_pi_seeed_gsr,"41506,2.0783"
2026-05-28T17:01:52.975,jbl6,self_20260528_170130,clip_005,1,rest,,2.0864,41527.0,raspberry_pi_seeed_gsr,"41527,2.0864"
2026-05-28T17:01:52.997,jbl6,self_20260528_170130,clip_005,1,rest,,2.0856,41548.0,raspberry_pi_seeed_gsr,"41548,2.0856"
2026-05-28T17:01:53.020,jbl6,self_20260528_170130,clip_005,1,rest,,2.0912,41569.0,raspberry_pi_seeed_gsr,"41569,2.0912"
2026-05-28T17:01:53.043,jbl6,self_20260528_170130,clip_005,1,rest,,2.092,41590.0,raspberry_pi_seeed_gsr,"41590,2.0920"
2026-05-28T17:01:53.065,jbl6,self_20260528_170130,clip_005,1,rest,,2.0928,41611.0,raspberry_pi_seeed_gsr,"41611,2.0928"
2026-05-28T17:01:53.088,jbl6,self_20260528_170130,clip_005,1,rest,,2.092,41632.0,raspberry_pi_seeed_gsr,"41632,2.0920"
2026-05-28T17:01:53.112,jbl6,self_20260528_170130,clip_005,1,rest,,2.0961,41653.0,raspberry_pi_seeed_gsr,"41653,2.0961"
2026-05-28T17:01:53.136,jbl6,self_20260528_170130,clip_005,1,rest,,2.0953,41674.0,raspberry_pi_seeed_gsr,"41674,2.0953"
2026-05-28T17:01:53.159,jbl6,self_20260528_170130,clip_005,1,rest,,2.1009,41695.0,raspberry_pi_seeed_gsr,"41695,2.1009"
2026-05-28T17:01:53.182,jbl6,self_20260528_170130,clip_005,1,rest,,2.0977,41717.0,raspberry_pi_seeed_gsr,"41717,2.0977"
2026-05-28T17:01:53.205,jbl6,self_20260528_170130,clip_005,1,rest,,2.0993,41737.0,raspberry_pi_seeed_gsr,"41737,2.0993"
2026-05-28T17:01:53.228,jbl6,self_20260528_170130,clip_005,1,rest,,2.1001,41758.0,raspberry_pi_seeed_gsr,"41758,2.1001"
2026-05-28T17:01:53.250,jbl6,self_20260528_170130,clip_005,1,rest,,2.1001,41778.0,raspberry_pi_seeed_gsr,"41778,2.1001"
2026-05-28T17:01:53.274,jbl6,self_20260528_170130,clip_005,1,rest,,2.0993,41799.0,raspberry_pi_seeed_gsr,"41799,2.0993"
2026-05-28T17:01:53.304,jbl6,self_20260528_170130,clip_005,1,rest,,2.1001,41820.0,raspberry_pi_seeed_gsr,"41820,2.1001"
2026-05-28T17:01:53.327,jbl6,self_20260528_170130,clip_005,1,rest,,2.1065,41841.0,raspberry_pi_seeed_gsr,"41841,2.1065"
2026-05-28T17:01:53.349,jbl6,self_20260528_170130,clip_005,1,rest,,2.0985,41862.0,raspberry_pi_seeed_gsr,"41862,2.0985"
2026-05-28T17:01:53.372,jbl6,self_20260528_170130,clip_005,1,rest,,2.1025,41883.0,raspberry_pi_seeed_gsr,"41883,2.1025"
2026-05-28T17:01:53.395,jbl6,self_20260528_170130,clip_005,1,rest,,2.1001,41904.0,raspberry_pi_seeed_gsr,"41904,2.1001"
2026-05-28T17:01:53.418,jbl6,self_20260528_170130,clip_005,1,rest,,2.1017,41925.0,raspberry_pi_seeed_gsr,"41925,2.1017"
2026-05-28T17:01:53.441,jbl6,self_20260528_170130,clip_005,1,rest,,2.1033,41946.0,raspberry_pi_seeed_gsr,"41946,2.1033"
2026-05-28T17:01:53.465,jbl6,self_20260528_170130,clip_005,1,rest,,2.0993,41967.0,raspberry_pi_seeed_gsr,"41967,2.0993"
2026-05-28T17:01:53.488,jbl6,self_20260528_170130,clip_005,1,rest,,2.1041,41988.0,raspberry_pi_seeed_gsr,"41988,2.1041"
2026-05-28T17:01:53.511,jbl6,self_20260528_170130,clip_005,1,rest,,2.1033,42009.0,raspberry_pi_seeed_gsr,"42009,2.1033"
2026-05-28T17:01:53.535,jbl6,self_20260528_170130,clip_005,1,rest,,2.109,42030.0,raspberry_pi_seeed_gsr,"42030,2.1090"
2026-05-28T17:01:53.558,jbl6,self_20260528_170130,clip_005,1,rest,,2.1009,42051.0,raspberry_pi_seeed_gsr,"42051,2.1009"
2026-05-28T17:01:53.582,jbl6,self_20260528_170130,clip_005,1,rest,,2.1017,42072.0,raspberry_pi_seeed_gsr,"42072,2.1017"
2026-05-28T17:01:53.605,jbl6,self_20260528_170130,clip_005,1,rest,,2.1025,42093.0,raspberry_pi_seeed_gsr,"42093,2.1025"
2026-05-28T17:01:53.629,jbl6,self_20260528_170130,clip_005,1,rest,,2.1009,42114.0,raspberry_pi_seeed_gsr,"42114,2.1009"
2026-05-28T17:01:53.651,jbl6,self_20260528_170130,clip_005,1,rest,,2.1025,42135.0,raspberry_pi_seeed_gsr,"42135,2.1025"
2026-05-28T17:01:53.674,jbl6,self_20260528_170130,clip_005,1,rest,,2.0404,42156.0,raspberry_pi_seeed_gsr,"42156,2.0404"
2026-05-28T17:01:53.697,jbl6,self_20260528_170130,clip_005,1,rest,,2.0525,42177.0,raspberry_pi_seeed_gsr,"42177,2.0525"
2026-05-28T17:01:53.720,jbl6,self_20260528_170130,clip_005,1,rest,,2.0622,42198.0,raspberry_pi_seeed_gsr,"42198,2.0622"
2026-05-28T17:01:53.743,jbl6,self_20260528_170130,clip_005,1,rest,,2.0663,42219.0,raspberry_pi_seeed_gsr,"42219,2.0663"
2026-05-28T17:01:53.765,jbl6,self_20260528_170130,clip_005,1,rest,,2.0751,42240.0,raspberry_pi_seeed_gsr,"42240,2.0751"
2026-05-28T17:01:53.790,jbl6,self_20260528_170130,clip_005,1,rest,,2.0775,42261.0,raspberry_pi_seeed_gsr,"42261,2.0775"
2026-05-28T17:01:53.849,jbl6,self_20260528_170130,clip_005,1,rest,,2.084,42283.0,raspberry_pi_seeed_gsr,"42283,2.0840"
2026-05-28T17:01:53.871,jbl6,self_20260528_170130,clip_005,1,rest,,2.0912,42303.0,raspberry_pi_seeed_gsr,"42303,2.0912"
2026-05-28T17:01:53.894,jbl6,self_20260528_170130,clip_005,1,rest,,2.0888,42324.0,raspberry_pi_seeed_gsr,"42324,2.0888"
2026-05-28T17:01:53.917,jbl6,self_20260528_170130,clip_005,1,rest,,2.0904,42345.0,raspberry_pi_seeed_gsr,"42345,2.0904"
2026-05-28T17:01:53.940,jbl6,self_20260528_170130,clip_005,1,rest,,2.092,42366.0,raspberry_pi_seeed_gsr,"42366,2.0920"
2026-05-28T17:01:53.965,jbl6,self_20260528_170130,clip_005,1,rest,,2.0969,42387.0,raspberry_pi_seeed_gsr,"42387,2.0969"
2026-05-28T17:01:53.988,jbl6,self_20260528_170130,clip_005,1,rest,,2.0928,42408.0,raspberry_pi_seeed_gsr,"42408,2.0928"
2026-05-28T17:01:54.012,jbl6,self_20260528_170130,clip_005,1,rest,,2.0985,42429.0,raspberry_pi_seeed_gsr,"42429,2.0985"
2026-05-28T17:01:54.036,jbl6,self_20260528_170130,clip_005,1,rest,,2.0969,42450.0,raspberry_pi_seeed_gsr,"42450,2.0969"
2026-05-28T17:01:54.060,jbl6,self_20260528_170130,clip_005,1,rest,,2.0937,42471.0,raspberry_pi_seeed_gsr,"42471,2.0937"
2026-05-28T17:01:54.084,jbl6,self_20260528_170130,clip_005,1,rest,,2.1017,42492.0,raspberry_pi_seeed_gsr,"42492,2.1017"
2026-05-28T17:01:54.108,jbl6,self_20260528_170130,clip_005,1,rest,,2.0985,42513.0,raspberry_pi_seeed_gsr,"42513,2.0985"
2026-05-28T17:01:54.132,jbl6,self_20260528_170130,clip_005,1,rest,,2.1009,42534.0,raspberry_pi_seeed_gsr,"42534,2.1009"
2026-05-28T17:01:54.154,jbl6,self_20260528_170130,clip_005,1,rest,,2.1001,42555.0,raspberry_pi_seeed_gsr,"42555,2.1001"
2026-05-28T17:01:54.177,jbl6,self_20260528_170130,clip_005,1,rest,,2.1025,42576.0,raspberry_pi_seeed_gsr,"42576,2.1025"
2026-05-28T17:01:54.200,jbl6,self_20260528_170130,clip_005,1,rest,,2.1001,42597.0,raspberry_pi_seeed_gsr,"42597,2.1001"
2026-05-28T17:01:54.225,jbl6,self_20260528_170130,clip_005,1,rest,,2.0638,42618.0,raspberry_pi_seeed_gsr,"42618,2.0638"
2026-05-28T17:01:54.257,jbl6,self_20260528_170130,clip_005,1,rest,,1.7914,42639.0,raspberry_pi_seeed_gsr,"42639,1.7914"
2026-05-28T17:01:54.280,jbl6,self_20260528_170130,clip_005,1,rest,,1.457,42660.0,raspberry_pi_seeed_gsr,"42660,1.4570"
2026-05-28T17:01:54.303,jbl6,self_20260528_170130,clip_005,1,rest,,1.1894,42681.0,raspberry_pi_seeed_gsr,"42681,1.1894"
2026-05-28T17:01:54.325,jbl6,self_20260528_170130,clip_005,1,rest,,0.9654,42702.0,raspberry_pi_seeed_gsr,"42702,0.9654"
2026-05-28T17:01:54.347,jbl6,self_20260528_170130,clip_005,1,rest,,0.7978,42723.0,raspberry_pi_seeed_gsr,"42723,0.7978"
2026-05-28T17:01:54.369,jbl6,self_20260528_170130,clip_005,1,rest,,0.6527,42744.0,raspberry_pi_seeed_gsr,"42744,0.6527"
2026-05-28T17:01:54.391,jbl6,self_20260528_170130,clip_005,1,rest,,0.5318,42765.0,raspberry_pi_seeed_gsr,"42765,0.5318"
2026-05-28T17:01:54.414,jbl6,self_20260528_170130,clip_005,1,rest,,0.4384,42786.0,raspberry_pi_seeed_gsr,"42786,0.4384"
2026-05-28T17:01:54.438,jbl6,self_20260528_170130,clip_005,1,rest,,0.3707,42808.0,raspberry_pi_seeed_gsr,"42808,0.3707"
2026-05-28T17:01:54.460,jbl6,self_20260528_170130,clip_005,1,rest,,0.3046,42829.0,raspberry_pi_seeed_gsr,"42829,0.3046"
2026-05-28T17:01:54.482,jbl6,self_20260528_170130,clip_005,1,rest,,0.2546,42849.0,raspberry_pi_seeed_gsr,"42849,0.2546"
2026-05-28T17:01:54.505,jbl6,self_20260528_170130,clip_005,1,rest,,0.2152,42870.0,raspberry_pi_seeed_gsr,"42870,0.2152"
2026-05-28T17:01:54.526,jbl6,self_20260528_170130,clip_005,1,rest,,0.1837,42891.0,raspberry_pi_seeed_gsr,"42891,0.1837"
2026-05-28T17:01:54.558,jbl6,self_20260528_170130,clip_005,1,rest,,0.1499,42912.0,raspberry_pi_seeed_gsr,"42912,0.1499"
2026-05-28T17:01:54.582,jbl6,self_20260528_170130,clip_005,1,rest,,0.1289,42933.0,raspberry_pi_seeed_gsr,"42933,0.1289"
2026-05-28T17:01:54.604,jbl6,self_20260528_170130,clip_005,1,rest,,0.1112,42954.0,raspberry_pi_seeed_gsr,"42954,0.1112"
2026-05-28T17:01:54.625,jbl6,self_20260528_170130,clip_005,1,rest,,0.0951,42975.0,raspberry_pi_seeed_gsr,"42975,0.0951"
2026-05-28T17:01:54.648,jbl6,self_20260528_170130,clip_005,1,rest,,0.0782,42996.0,raspberry_pi_seeed_gsr,"42996,0.0782"
2026-05-28T17:01:54.671,jbl6,self_20260528_170130,clip_005,1,rest,,0.0532,43017.0,raspberry_pi_seeed_gsr,"43017,0.0532"
2026-05-28T17:01:54.694,jbl6,self_20260528_170130,clip_005,1,rest,,0.3497,43038.0,raspberry_pi_seeed_gsr,"43038,0.3497"
2026-05-28T17:01:54.718,jbl6,self_20260528_170130,clip_005,1,rest,,0.6753,43059.0,raspberry_pi_seeed_gsr,"43059,0.6753"
2026-05-28T17:01:54.741,jbl6,self_20260528_170130,clip_005,1,rest,,0.9388,43080.0,raspberry_pi_seeed_gsr,"43080,0.9388"
2026-05-28T17:01:54.765,jbl6,self_20260528_170130,clip_005,1,rest,,1.1653,43101.0,raspberry_pi_seeed_gsr,"43101,1.1653"
2026-05-28T17:01:54.788,jbl6,self_20260528_170130,clip_005,1,rest,,1.3385,43122.0,raspberry_pi_seeed_gsr,"43122,1.3385"
2026-05-28T17:01:54.812,jbl6,self_20260528_170130,clip_005,1,rest,,1.4796,43143.0,raspberry_pi_seeed_gsr,"43143,1.4796"
2026-05-28T17:01:54.836,jbl6,self_20260528_170130,clip_005,1,rest,,1.602,43164.0,raspberry_pi_seeed_gsr,"43164,1.6020"
2026-05-28T17:01:54.864,jbl6,self_20260528_170130,clip_005,1,rest,,1.6923,43185.0,raspberry_pi_seeed_gsr,"43185,1.6923"
2026-05-28T17:01:54.887,jbl6,self_20260528_170130,clip_005,1,rest,,1.7689,43206.0,raspberry_pi_seeed_gsr,"43206,1.7689"
2026-05-28T17:01:54.909,jbl6,self_20260528_170130,clip_005,1,rest,,1.8277,43227.0,raspberry_pi_seeed_gsr,"43227,1.8277"
2026-05-28T17:01:54.931,jbl6,self_20260528_170130,clip_005,1,rest,,1.8737,43248.0,raspberry_pi_seeed_gsr,"43248,1.8737"
2026-05-28T17:01:54.953,jbl6,self_20260528_170130,clip_005,1,rest,,1.9244,43270.0,raspberry_pi_seeed_gsr,"43270,1.9244"
2026-05-28T17:01:54.975,jbl6,self_20260528_170130,clip_005,1,rest,,1.955,43290.0,raspberry_pi_seeed_gsr,"43290,1.9550"
2026-05-28T17:01:55.002,jbl6,self_20260528_170130,clip_005,1,rest,,1.9856,43311.0,raspberry_pi_seeed_gsr,"43311,1.9856"
2026-05-28T17:01:55.026,jbl6,self_20260528_170130,clip_005,1,rest,,2.0082,43332.0,raspberry_pi_seeed_gsr,"43332,2.0082"
2026-05-28T17:01:55.050,jbl6,self_20260528_170130,clip_005,1,rest,,2.0267,43353.0,raspberry_pi_seeed_gsr,"43353,2.0267"
2026-05-28T17:01:55.074,jbl6,self_20260528_170130,clip_005,1,rest,,2.0332,43374.0,raspberry_pi_seeed_gsr,"43374,2.0332"
2026-05-28T17:01:55.097,jbl6,self_20260528_170130,clip_005,1,rest,,2.0525,43395.0,raspberry_pi_seeed_gsr,"43395,2.0525"
2026-05-28T17:01:55.121,jbl6,self_20260528_170130,clip_005,1,rest,,2.0622,43416.0,raspberry_pi_seeed_gsr,"43416,2.0622"
2026-05-28T17:01:55.145,jbl6,self_20260528_170130,clip_005,1,rest,,2.0735,43437.0,raspberry_pi_seeed_gsr,"43437,2.0735"
2026-05-28T17:01:55.170,jbl6,self_20260528_170130,clip_005,1,rest,,2.0727,43458.0,raspberry_pi_seeed_gsr,"43458,2.0727"
2026-05-28T17:01:55.195,jbl6,self_20260528_170130,clip_005,1,rest,,2.0848,43479.0,raspberry_pi_seeed_gsr,"43479,2.0848"
2026-05-28T17:01:55.219,jbl6,self_20260528_170130,clip_005,1,rest,,2.0864,43500.0,raspberry_pi_seeed_gsr,"43500,2.0864"
2026-05-28T17:01:55.243,jbl6,self_20260528_170130,clip_005,1,rest,,2.0848,43521.0,raspberry_pi_seeed_gsr,"43521,2.0848"
2026-05-28T17:01:55.267,jbl6,self_20260528_170130,clip_005,1,rest,,2.0848,43542.0,raspberry_pi_seeed_gsr,"43542,2.0848"
2026-05-28T17:01:55.291,jbl6,self_20260528_170130,clip_005,1,rest,,2.0912,43563.0,raspberry_pi_seeed_gsr,"43563,2.0912"
2026-05-28T17:01:55.314,jbl6,self_20260528_170130,clip_005,1,rest,,2.0928,43584.0,raspberry_pi_seeed_gsr,"43584,2.0928"
2026-05-28T17:01:55.345,jbl6,self_20260528_170130,clip_005,1,rest,,2.0937,43605.0,raspberry_pi_seeed_gsr,"43605,2.0937"
2026-05-28T17:01:55.376,jbl6,self_20260528_170130,clip_005,1,rest,,2.0864,43626.0,raspberry_pi_seeed_gsr,"43626,2.0864"
2026-05-28T17:01:55.400,jbl6,self_20260528_170130,clip_005,1,rest,,2.0928,43647.0,raspberry_pi_seeed_gsr,"43647,2.0928"
2026-05-28T17:01:55.422,jbl6,self_20260528_170130,clip_005,1,rest,,2.0977,43669.0,raspberry_pi_seeed_gsr,"43669,2.0977"
2026-05-28T17:01:55.446,jbl6,self_20260528_170130,clip_005,1,rest,,2.0993,43689.0,raspberry_pi_seeed_gsr,"43689,2.0993"
2026-05-28T17:01:55.468,jbl6,self_20260528_170130,clip_005,1,rest,,2.0985,43710.0,raspberry_pi_seeed_gsr,"43710,2.0985"
2026-05-28T17:01:55.491,jbl6,self_20260528_170130,clip_005,1,rest,,2.0985,43731.0,raspberry_pi_seeed_gsr,"43731,2.0985"
2026-05-28T17:01:55.513,jbl6,self_20260528_170130,clip_005,1,rest,,2.0993,43752.0,raspberry_pi_seeed_gsr,"43752,2.0993"
2026-05-28T17:01:55.537,jbl6,self_20260528_170130,clip_005,1,rest,,2.0993,43773.0,raspberry_pi_seeed_gsr,"43773,2.0993"
2026-05-28T17:01:55.559,jbl6,self_20260528_170130,clip_005,1,rest,,2.1009,43794.0,raspberry_pi_seeed_gsr,"43794,2.1009"
2026-05-28T17:01:55.582,jbl6,self_20260528_170130,clip_005,1,rest,,2.0993,43815.0,raspberry_pi_seeed_gsr,"43815,2.0993"
2026-05-28T17:01:55.604,jbl6,self_20260528_170130,clip_005,1,rest,,2.1033,43836.0,raspberry_pi_seeed_gsr,"43836,2.1033"
2026-05-28T17:01:55.626,jbl6,self_20260528_170130,clip_005,1,rest,,2.1017,43857.0,raspberry_pi_seeed_gsr,"43857,2.1017"
2026-05-28T17:01:55.649,jbl6,self_20260528_170130,clip_005,1,rest,,2.0993,43878.0,raspberry_pi_seeed_gsr,"43878,2.0993"
2026-05-28T17:01:55.672,jbl6,self_20260528_170130,clip_005,1,rest,,2.1017,43899.0,raspberry_pi_seeed_gsr,"43899,2.1017"
2026-05-28T17:01:55.695,jbl6,self_20260528_170130,clip_005,1,rest,,2.1033,43920.0,raspberry_pi_seeed_gsr,"43920,2.1033"
2026-05-28T17:01:55.718,jbl6,self_20260528_170130,clip_005,1,rest,,2.1033,43941.0,raspberry_pi_seeed_gsr,"43941,2.1033"
2026-05-28T17:01:55.741,jbl6,self_20260528_170130,clip_005,1,rest,,2.0985,43962.0,raspberry_pi_seeed_gsr,"43962,2.0985"
2026-05-28T17:01:55.764,jbl6,self_20260528_170130,clip_005,1,rest,,2.1017,43983.0,raspberry_pi_seeed_gsr,"43983,2.1017"
2026-05-28T17:01:55.787,jbl6,self_20260528_170130,clip_005,1,rest,,2.1001,44004.0,raspberry_pi_seeed_gsr,"44004,2.1001"
2026-05-28T17:01:55.811,jbl6,self_20260528_170130,clip_005,1,rest,,2.109,44025.0,raspberry_pi_seeed_gsr,"44025,2.1090"
2026-05-28T17:01:55.834,jbl6,self_20260528_170130,clip_005,1,rest,,2.1065,44046.0,raspberry_pi_seeed_gsr,"44046,2.1065"
2026-05-28T17:01:55.858,jbl6,self_20260528_170130,clip_005,1,rest,,2.1033,44067.0,raspberry_pi_seeed_gsr,"44067,2.1033"
2026-05-28T17:01:55.881,jbl6,self_20260528_170130,clip_005,1,rest,,2.1057,44088.0,raspberry_pi_seeed_gsr,"44088,2.1057"
2026-05-28T17:01:55.903,jbl6,self_20260528_170130,clip_005,1,rest,,2.0961,44109.0,raspberry_pi_seeed_gsr,"44109,2.0961"
2026-05-28T17:01:55.926,jbl6,self_20260528_170130,clip_005,1,rest,,2.1025,44130.0,raspberry_pi_seeed_gsr,"44130,2.1025"
2026-05-28T17:01:55.949,jbl6,self_20260528_170130,clip_005,1,rest,,2.1033,44151.0,raspberry_pi_seeed_gsr,"44151,2.1033"
2026-05-28T17:01:55.972,jbl6,self_20260528_170130,clip_005,1,rest,,2.1017,44172.0,raspberry_pi_seeed_gsr,"44172,2.1017"
2026-05-28T17:01:55.995,jbl6,self_20260528_170130,clip_005,1,rest,,2.1025,44193.0,raspberry_pi_seeed_gsr,"44193,2.1025"
2026-05-28T17:01:56.017,jbl6,self_20260528_170130,clip_005,1,rest,,2.1057,44214.0,raspberry_pi_seeed_gsr,"44214,2.1057"
2026-05-28T17:01:56.039,jbl6,self_20260528_170130,clip_005,1,rest,,2.1041,44235.0,raspberry_pi_seeed_gsr,"44235,2.1041"
2026-05-28T17:01:56.062,jbl6,self_20260528_170130,clip_005,1,rest,,2.1001,44256.0,raspberry_pi_seeed_gsr,"44256,2.1001"
2026-05-28T17:01:56.084,jbl6,self_20260528_170130,clip_005,1,rest,,2.1017,44277.0,raspberry_pi_seeed_gsr,"44277,2.1017"
2026-05-28T17:01:56.109,jbl6,self_20260528_170130,clip_005,1,rest,,2.1025,44298.0,raspberry_pi_seeed_gsr,"44298,2.1025"
2026-05-28T17:01:56.133,jbl6,self_20260528_170130,clip_005,1,rest,,2.1057,44319.0,raspberry_pi_seeed_gsr,"44319,2.1057"
2026-05-28T17:01:56.158,jbl6,self_20260528_170130,clip_005,1,rest,,2.1033,44340.0,raspberry_pi_seeed_gsr,"44340,2.1033"
2026-05-28T17:01:56.182,jbl6,self_20260528_170130,clip_005,1,rest,,2.0985,44361.0,raspberry_pi_seeed_gsr,"44361,2.0985"
2026-05-28T17:01:56.205,jbl6,self_20260528_170130,clip_005,1,rest,,2.1041,44382.0,raspberry_pi_seeed_gsr,"44382,2.1041"
2026-05-28T17:01:56.229,jbl6,self_20260528_170130,clip_005,1,rest,,2.1033,44403.0,raspberry_pi_seeed_gsr,"44403,2.1033"
2026-05-28T17:01:56.253,jbl6,self_20260528_170130,clip_005,1,rest,,2.1025,44424.0,raspberry_pi_seeed_gsr,"44424,2.1025"
2026-05-28T17:01:56.278,jbl6,self_20260528_170130,clip_005,1,rest,,2.0993,44445.0,raspberry_pi_seeed_gsr,"44445,2.0993"
2026-05-28T17:01:56.301,jbl6,self_20260528_170130,clip_005,1,rest,,2.0985,44466.0,raspberry_pi_seeed_gsr,"44466,2.0985"
2026-05-28T17:01:56.323,jbl6,self_20260528_170130,clip_005,1,rest,,2.1001,44487.0,raspberry_pi_seeed_gsr,"44487,2.1001"
2026-05-28T17:01:56.346,jbl6,self_20260528_170130,clip_005,1,rest,,2.1025,44508.0,raspberry_pi_seeed_gsr,"44508,2.1025"
2026-05-28T17:01:56.370,jbl6,self_20260528_170130,clip_005,1,rest,,2.0985,44529.0,raspberry_pi_seeed_gsr,"44529,2.0985"
2026-05-28T17:01:56.393,jbl6,self_20260528_170130,clip_005,1,rest,,2.1025,44550.0,raspberry_pi_seeed_gsr,"44550,2.1025"
2026-05-28T17:01:56.417,jbl6,self_20260528_170130,clip_005,1,rest,,2.1017,44571.0,raspberry_pi_seeed_gsr,"44571,2.1017"
2026-05-28T17:01:56.440,jbl6,self_20260528_170130,clip_005,1,rest,,2.1033,44592.0,raspberry_pi_seeed_gsr,"44592,2.1033"
2026-05-28T17:01:56.464,jbl6,self_20260528_170130,clip_005,1,rest,,2.1025,44613.0,raspberry_pi_seeed_gsr,"44613,2.1025"
2026-05-28T17:01:56.490,jbl6,self_20260528_170130,clip_005,1,rest,,2.1017,44634.0,raspberry_pi_seeed_gsr,"44634,2.1017"
2026-05-28T17:01:56.518,jbl6,self_20260528_170130,clip_005,1,rest,,2.1049,44655.0,raspberry_pi_seeed_gsr,"44655,2.1049"
2026-05-28T17:01:56.540,jbl6,self_20260528_170130,clip_005,1,rest,,2.1017,44676.0,raspberry_pi_seeed_gsr,"44676,2.1017"
2026-05-28T17:01:56.563,jbl6,self_20260528_170130,clip_005,1,rest,,2.1017,44697.0,raspberry_pi_seeed_gsr,"44697,2.1017"
2026-05-28T17:01:56.586,jbl6,self_20260528_170130,clip_005,1,rest,,2.1017,44719.0,raspberry_pi_seeed_gsr,"44719,2.1017"
2026-05-28T17:01:56.609,jbl6,self_20260528_170130,clip_005,1,rest,,2.0912,44739.0,raspberry_pi_seeed_gsr,"44739,2.0912"
2026-05-28T17:01:56.633,jbl6,self_20260528_170130,clip_005,1,rest,,2.1049,44760.0,raspberry_pi_seeed_gsr,"44760,2.1049"
2026-05-28T17:01:56.655,jbl6,self_20260528_170130,clip_005,1,rest,,2.1025,44781.0,raspberry_pi_seeed_gsr,"44781,2.1025"
2026-05-28T17:01:56.678,jbl6,self_20260528_170130,clip_005,1,rest,,2.1001,44802.0,raspberry_pi_seeed_gsr,"44802,2.1001"
2026-05-28T17:01:56.701,jbl6,self_20260528_170130,clip_005,1,rest,,2.1025,44823.0,raspberry_pi_seeed_gsr,"44823,2.1025"
2026-05-28T17:01:56.724,jbl6,self_20260528_170130,clip_005,1,rest,,2.1057,44844.0,raspberry_pi_seeed_gsr,"44844,2.1057"
2026-05-28T17:01:56.747,jbl6,self_20260528_170130,clip_005,1,rest,,2.1065,44865.0,raspberry_pi_seeed_gsr,"44865,2.1065"
2026-05-28T17:01:56.771,jbl6,self_20260528_170130,clip_005,1,rest,,2.1001,44886.0,raspberry_pi_seeed_gsr,"44886,2.1001"
2026-05-28T17:01:56.794,jbl6,self_20260528_170130,clip_005,1,rest,,2.1049,44907.0,raspberry_pi_seeed_gsr,"44907,2.1049"
2026-05-28T17:01:56.816,jbl6,self_20260528_170130,clip_005,1,rest,,2.1025,44928.0,raspberry_pi_seeed_gsr,"44928,2.1025"
2026-05-28T17:01:56.838,jbl6,self_20260528_170130,clip_005,1,rest,,2.1057,44949.0,raspberry_pi_seeed_gsr,"44949,2.1057"
2026-05-28T17:01:56.861,jbl6,self_20260528_170130,clip_005,1,rest,,2.1082,44970.0,raspberry_pi_seeed_gsr,"44970,2.1082"
2026-05-28T17:01:56.883,jbl6,self_20260528_170130,clip_005,1,rest,,2.1017,44991.0,raspberry_pi_seeed_gsr,"44991,2.1017"
2026-05-28T17:01:56.906,jbl6,self_20260528_170130,clip_005,1,rest,,2.1041,45012.0,raspberry_pi_seeed_gsr,"45012,2.1041"
2026-05-28T17:01:56.929,jbl6,self_20260528_170130,clip_005,1,rest,,2.1017,45033.0,raspberry_pi_seeed_gsr,"45033,2.1017"
2026-05-28T17:01:56.951,jbl6,self_20260528_170130,clip_005,1,rest,,2.1017,45054.0,raspberry_pi_seeed_gsr,"45054,2.1017"
2026-05-28T17:01:56.974,jbl6,self_20260528_170130,clip_005,1,rest,,2.1049,45075.0,raspberry_pi_seeed_gsr,"45075,2.1049"
2026-05-28T17:01:56.997,jbl6,self_20260528_170130,clip_005,1,rest,,2.1009,45096.0,raspberry_pi_seeed_gsr,"45096,2.1009"
2026-05-28T17:01:57.019,jbl6,self_20260528_170130,clip_005,1,rest,,2.1033,45117.0,raspberry_pi_seeed_gsr,"45117,2.1033"
2026-05-28T17:01:57.042,jbl6,self_20260528_170130,clip_005,1,rest,,2.1033,45138.0,raspberry_pi_seeed_gsr,"45138,2.1033"
2026-05-28T17:01:57.065,jbl6,self_20260528_170130,clip_005,1,rest,,2.1041,45159.0,raspberry_pi_seeed_gsr,"45159,2.1041"
2026-05-28T17:01:57.120,jbl6,self_20260528_170130,clip_005,1,rest,,2.1001,45180.0,raspberry_pi_seeed_gsr,"45180,2.1001"
2026-05-28T17:01:57.142,jbl6,self_20260528_170130,clip_005,1,rest,,2.1041,45201.0,raspberry_pi_seeed_gsr,"45201,2.1041"
2026-05-28T17:01:57.165,jbl6,self_20260528_170130,clip_005,1,rest,,2.1049,45222.0,raspberry_pi_seeed_gsr,"45222,2.1049"
2026-05-28T17:01:57.189,jbl6,self_20260528_170130,clip_005,1,rest,,2.1025,45243.0,raspberry_pi_seeed_gsr,"45243,2.1025"
2026-05-28T17:01:57.212,jbl6,self_20260528_170130,clip_005,1,rest,,2.1025,45264.0,raspberry_pi_seeed_gsr,"45264,2.1025"
2026-05-28T17:01:57.234,jbl6,self_20260528_170130,clip_005,1,rest,,2.1025,45286.0,raspberry_pi_seeed_gsr,"45286,2.1025"
2026-05-28T17:01:57.257,jbl6,self_20260528_170130,clip_005,1,rest,,2.1025,45306.0,raspberry_pi_seeed_gsr,"45306,2.1025"
2026-05-28T17:01:57.280,jbl6,self_20260528_170130,clip_005,1,rest,,2.1025,45327.0,raspberry_pi_seeed_gsr,"45327,2.1025"
2026-05-28T17:01:57.304,jbl6,self_20260528_170130,clip_005,1,rest,,2.1017,45348.0,raspberry_pi_seeed_gsr,"45348,2.1017"
2026-05-28T17:01:57.326,jbl6,self_20260528_170130,clip_005,1,rest,,2.1025,45369.0,raspberry_pi_seeed_gsr,"45369,2.1025"
2026-05-28T17:01:57.348,jbl6,self_20260528_170130,clip_005,1,rest,,2.1033,45390.0,raspberry_pi_seeed_gsr,"45390,2.1033"
2026-05-28T17:01:57.372,jbl6,self_20260528_170130,clip_005,1,rest,,2.1033,45411.0,raspberry_pi_seeed_gsr,"45411,2.1033"
2026-05-28T17:01:57.395,jbl6,self_20260528_170130,clip_005,1,rest,,2.1025,45432.0,raspberry_pi_seeed_gsr,"45432,2.1025"
2026-05-28T17:01:57.419,jbl6,self_20260528_170130,clip_005,1,rest,,2.0993,45453.0,raspberry_pi_seeed_gsr,"45453,2.0993"
2026-05-28T17:01:57.443,jbl6,self_20260528_170130,clip_005,1,rest,,2.1041,45474.0,raspberry_pi_seeed_gsr,"45474,2.1041"
2026-05-28T17:01:57.465,jbl6,self_20260528_170130,clip_005,1,rest,,2.1017,45495.0,raspberry_pi_seeed_gsr,"45495,2.1017"
2026-05-28T17:01:57.488,jbl6,self_20260528_170130,clip_005,1,rest,,2.1001,45516.0,raspberry_pi_seeed_gsr,"45516,2.1001"
2026-05-28T17:01:57.514,jbl6,self_20260528_170130,clip_005,1,rest,,2.1033,45537.0,raspberry_pi_seeed_gsr,"45537,2.1033"
2026-05-28T17:01:57.537,jbl6,self_20260528_170130,clip_005,1,rest,,2.1033,45558.0,raspberry_pi_seeed_gsr,"45558,2.1033"
2026-05-28T17:01:57.561,jbl6,self_20260528_170130,clip_005,1,rest,,2.1033,45579.0,raspberry_pi_seeed_gsr,"45579,2.1033"
2026-05-28T17:01:57.585,jbl6,self_20260528_170130,clip_005,1,rest,,2.0961,45600.0,raspberry_pi_seeed_gsr,"45600,2.0961"
2026-05-28T17:01:57.608,jbl6,self_20260528_170130,clip_005,1,rest,,2.1033,45621.0,raspberry_pi_seeed_gsr,"45621,2.1033"
2026-05-28T17:01:57.632,jbl6,self_20260528_170130,clip_005,1,rest,,2.1106,45642.0,raspberry_pi_seeed_gsr,"45642,2.1106"
2026-05-28T17:01:57.655,jbl6,self_20260528_170130,clip_005,1,rest,,2.1001,45663.0,raspberry_pi_seeed_gsr,"45663,2.1001"
2026-05-28T17:01:57.679,jbl6,self_20260528_170130,clip_005,1,rest,,2.1025,45684.0,raspberry_pi_seeed_gsr,"45684,2.1025"
2026-05-28T17:01:57.716,jbl6,self_20260528_170130,clip_005,1,rest,,2.0937,45705.0,raspberry_pi_seeed_gsr,"45705,2.0937"
2026-05-28T17:01:57.740,jbl6,self_20260528_170130,clip_005,1,rest,,2.1049,45726.0,raspberry_pi_seeed_gsr,"45726,2.1049"
2026-05-28T17:01:57.763,jbl6,self_20260528_170130,clip_005,1,rest,,2.0993,45747.0,raspberry_pi_seeed_gsr,"45747,2.0993"
2026-05-28T17:01:57.787,jbl6,self_20260528_170130,clip_005,1,rest,,2.1017,45768.0,raspberry_pi_seeed_gsr,"45768,2.1017"
2026-05-28T17:01:57.810,jbl6,self_20260528_170130,clip_005,1,rest,,2.1017,45789.0,raspberry_pi_seeed_gsr,"45789,2.1017"
2026-05-28T17:01:57.843,jbl6,self_20260528_170130,clip_005,1,rest,,2.1033,45811.0,raspberry_pi_seeed_gsr,"45811,2.1033"
2026-05-28T17:01:57.865,jbl6,self_20260528_170130,clip_005,1,rest,,2.1082,45831.0,raspberry_pi_seeed_gsr,"45831,2.1082"
2026-05-28T17:01:57.888,jbl6,self_20260528_170130,clip_005,1,rest,,2.1041,45852.0,raspberry_pi_seeed_gsr,"45852,2.1041"
2026-05-28T17:01:57.911,jbl6,self_20260528_170130,clip_005,1,rest,,2.1065,45873.0,raspberry_pi_seeed_gsr,"45873,2.1065"
2026-05-28T17:01:57.933,jbl6,self_20260528_170130,clip_005,1,rest,,2.1017,45894.0,raspberry_pi_seeed_gsr,"45894,2.1017"
2026-05-28T17:01:57.956,jbl6,self_20260528_170130,clip_005,1,rest,,2.1122,45915.0,raspberry_pi_seeed_gsr,"45915,2.1122"
2026-05-28T17:01:57.980,jbl6,self_20260528_170130,clip_005,1,rest,,2.109,45936.0,raspberry_pi_seeed_gsr,"45936,2.1090"
2026-05-28T17:01:58.002,jbl6,self_20260528_170130,clip_005,1,rest,,2.1009,45957.0,raspberry_pi_seeed_gsr,"45957,2.1009"
2026-05-28T17:01:58.023,jbl6,self_20260528_170130,clip_005,1,rest,,2.1025,45978.0,raspberry_pi_seeed_gsr,"45978,2.1025"
2026-05-28T17:01:58.046,jbl6,self_20260528_170130,clip_005,1,rest,,2.0969,45999.0,raspberry_pi_seeed_gsr,"45999,2.0969"
2026-05-28T17:01:58.069,jbl6,self_20260528_170130,clip_005,1,rest,,2.1098,46020.0,raspberry_pi_seeed_gsr,"46020,2.1098"
2026-05-28T17:01:58.091,jbl6,self_20260528_170130,clip_005,1,rest,,2.1049,46041.0,raspberry_pi_seeed_gsr,"46041,2.1049"
2026-05-28T17:01:58.115,jbl6,self_20260528_170130,clip_005,1,rest,,2.1082,46062.0,raspberry_pi_seeed_gsr,"46062,2.1082"
2026-05-28T17:01:58.142,jbl6,self_20260528_170130,clip_005,1,rest,,2.0993,46083.0,raspberry_pi_seeed_gsr,"46083,2.0993"
2026-05-28T17:01:58.164,jbl6,self_20260528_170130,clip_005,1,rest,,2.1017,46104.0,raspberry_pi_seeed_gsr,"46104,2.1017"
2026-05-28T17:01:58.188,jbl6,self_20260528_170130,clip_005,1,rest,,2.1009,46125.0,raspberry_pi_seeed_gsr,"46125,2.1009"
2026-05-28T17:01:58.212,jbl6,self_20260528_170130,clip_005,1,rest,,2.1017,46146.0,raspberry_pi_seeed_gsr,"46146,2.1017"
2026-05-28T17:01:58.236,jbl6,self_20260528_170130,clip_005,1,rest,,2.1017,46167.0,raspberry_pi_seeed_gsr,"46167,2.1017"
2026-05-28T17:01:58.260,jbl6,self_20260528_170130,clip_005,1,rest,,2.1033,46188.0,raspberry_pi_seeed_gsr,"46188,2.1033"
2026-05-28T17:01:58.286,jbl6,self_20260528_170130,clip_005,1,rest,,2.1001,46210.0,raspberry_pi_seeed_gsr,"46210,2.1001"
2026-05-28T17:01:58.311,jbl6,self_20260528_170130,clip_005,1,rest,,2.1025,46230.0,raspberry_pi_seeed_gsr,"46230,2.1025"
2026-05-28T17:01:58.335,jbl6,self_20260528_170130,clip_005,1,rest,,2.1025,46252.0,raspberry_pi_seeed_gsr,"46252,2.1025"
2026-05-28T17:01:58.360,jbl6,self_20260528_170130,clip_005,1,rest,,2.1033,46272.0,raspberry_pi_seeed_gsr,"46272,2.1033"
2026-05-28T17:01:58.385,jbl6,self_20260528_170130,clip_005,1,rest,,2.1017,46293.0,raspberry_pi_seeed_gsr,"46293,2.1017"
2026-05-28T17:01:58.408,jbl6,self_20260528_170130,clip_005,1,rest,,2.1033,46314.0,raspberry_pi_seeed_gsr,"46314,2.1033"
2026-05-28T17:01:58.432,jbl6,self_20260528_170130,clip_005,1,rest,,2.0961,46335.0,raspberry_pi_seeed_gsr,"46335,2.0961"
2026-05-28T17:01:58.456,jbl6,self_20260528_170130,clip_005,1,rest,,2.1082,46356.0,raspberry_pi_seeed_gsr,"46356,2.1082"
2026-05-28T17:01:58.480,jbl6,self_20260528_170130,clip_005,1,rest,,2.0961,46377.0,raspberry_pi_seeed_gsr,"46377,2.0961"
2026-05-28T17:01:58.503,jbl6,self_20260528_170130,clip_005,1,rest,,2.1033,46398.0,raspberry_pi_seeed_gsr,"46398,2.1033"
2026-05-28T17:01:58.527,jbl6,self_20260528_170130,clip_005,1,rest,,2.1033,46419.0,raspberry_pi_seeed_gsr,"46419,2.1033"
2026-05-28T17:01:58.552,jbl6,self_20260528_170130,clip_005,1,rest,,2.1033,46440.0,raspberry_pi_seeed_gsr,"46440,2.1033"
2026-05-28T17:01:58.577,jbl6,self_20260528_170130,clip_005,1,rest,,2.1033,46461.0,raspberry_pi_seeed_gsr,"46461,2.1033"
2026-05-28T17:01:58.601,jbl6,self_20260528_170130,clip_005,1,rest,,2.0961,46482.0,raspberry_pi_seeed_gsr,"46482,2.0961"
2026-05-28T17:01:58.627,jbl6,self_20260528_170130,clip_005,1,rest,,2.1082,46503.0,raspberry_pi_seeed_gsr,"46503,2.1082"
2026-05-28T17:01:58.652,jbl6,self_20260528_170130,clip_005,1,rest,,2.1025,46524.0,raspberry_pi_seeed_gsr,"46524,2.1025"
2026-05-28T17:01:58.684,jbl6,self_20260528_170130,clip_005,1,rest,,2.1033,46545.0,raspberry_pi_seeed_gsr,"46545,2.1033"
2026-05-28T17:01:58.707,jbl6,self_20260528_170130,clip_005,1,rest,,2.1017,46566.0,raspberry_pi_seeed_gsr,"46566,2.1017"
2026-05-28T17:01:58.730,jbl6,self_20260528_170130,clip_005,1,rest,,2.0993,46587.0,raspberry_pi_seeed_gsr,"46587,2.0993"
2026-05-28T17:01:58.754,jbl6,self_20260528_170130,clip_005,1,rest,,2.1041,46608.0,raspberry_pi_seeed_gsr,"46608,2.1041"
2026-05-28T17:01:58.778,jbl6,self_20260528_170130,clip_005,1,rest,,2.1009,46629.0,raspberry_pi_seeed_gsr,"46629,2.1009"
2026-05-28T17:01:58.801,jbl6,self_20260528_170130,clip_005,1,rest,,2.1017,46650.0,raspberry_pi_seeed_gsr,"46650,2.1017"
2026-05-28T17:01:58.826,jbl6,self_20260528_170130,clip_005,1,rest,,2.1017,46671.0,raspberry_pi_seeed_gsr,"46671,2.1017"
2026-05-28T17:01:58.849,jbl6,self_20260528_170130,clip_005,1,rest,,2.1082,46692.0,raspberry_pi_seeed_gsr,"46692,2.1082"
2026-05-28T17:01:58.873,jbl6,self_20260528_170130,clip_005,1,rest,,2.1025,46714.0,raspberry_pi_seeed_gsr,"46714,2.1025"
2026-05-28T17:01:58.898,jbl6,self_20260528_170130,clip_005,1,rest,,2.1106,46734.0,raspberry_pi_seeed_gsr,"46734,2.1106"
2026-05-28T17:01:58.921,jbl6,self_20260528_170130,clip_005,1,rest,,2.109,46754.0,raspberry_pi_seeed_gsr,"46754,2.1090"
2026-05-28T17:01:58.953,jbl6,self_20260528_170130,clip_005,1,rest,,2.1106,46775.0,raspberry_pi_seeed_gsr,"46775,2.1106"
2026-05-28T17:01:58.977,jbl6,self_20260528_170130,clip_005,1,rest,,2.1025,46796.0,raspberry_pi_seeed_gsr,"46796,2.1025"
2026-05-28T17:01:59.000,jbl6,self_20260528_170130,clip_005,1,rest,,2.092,46817.0,raspberry_pi_seeed_gsr,"46817,2.0920"
2026-05-28T17:01:59.024,jbl6,self_20260528_170130,clip_005,1,rest,,2.1041,46838.0,raspberry_pi_seeed_gsr,"46838,2.1041"
2026-05-28T17:01:59.048,jbl6,self_20260528_170130,clip_005,1,rest,,2.1033,46859.0,raspberry_pi_seeed_gsr,"46859,2.1033"
2026-05-28T17:01:59.072,jbl6,self_20260528_170130,clip_005,1,rest,,2.1033,46880.0,raspberry_pi_seeed_gsr,"46880,2.1033"
2026-05-28T17:01:59.096,jbl6,self_20260528_170130,clip_005,1,rest,,2.1049,46901.0,raspberry_pi_seeed_gsr,"46901,2.1049"
2026-05-28T17:01:59.118,jbl6,self_20260528_170130,clip_005,1,rest,,2.1106,46922.0,raspberry_pi_seeed_gsr,"46922,2.1106"
2026-05-28T17:01:59.143,jbl6,self_20260528_170130,clip_005,1,rest,,2.1009,46943.0,raspberry_pi_seeed_gsr,"46943,2.1009"
2026-05-28T17:01:59.166,jbl6,self_20260528_170130,clip_005,1,rest,,2.1098,46964.0,raspberry_pi_seeed_gsr,"46964,2.1098"
2026-05-28T17:01:59.189,jbl6,self_20260528_170130,clip_005,1,rest,,2.1025,46985.0,raspberry_pi_seeed_gsr,"46985,2.1025"
2026-05-28T17:01:59.212,jbl6,self_20260528_170130,clip_005,1,rest,,2.0993,47006.0,raspberry_pi_seeed_gsr,"47006,2.0993"
2026-05-28T17:01:59.235,jbl6,self_20260528_170130,clip_005,1,rest,,2.1009,47027.0,raspberry_pi_seeed_gsr,"47027,2.1009"
2026-05-28T17:01:59.259,jbl6,self_20260528_170130,clip_005,1,rest,,2.1025,47048.0,raspberry_pi_seeed_gsr,"47048,2.1025"
2026-05-28T17:01:59.282,jbl6,self_20260528_170130,clip_005,1,rest,,2.1049,47069.0,raspberry_pi_seeed_gsr,"47069,2.1049"
2026-05-28T17:01:59.305,jbl6,self_20260528_170130,clip_005,1,rest,,2.1033,47090.0,raspberry_pi_seeed_gsr,"47090,2.1033"
2026-05-28T17:01:59.327,jbl6,self_20260528_170130,clip_005,1,rest,,2.1025,47112.0,raspberry_pi_seeed_gsr,"47112,2.1025"
2026-05-28T17:01:59.351,jbl6,self_20260528_170130,clip_005,1,rest,,2.0985,47132.0,raspberry_pi_seeed_gsr,"47132,2.0985"
2026-05-28T17:01:59.375,jbl6,self_20260528_170130,clip_005,1,rest,,2.1001,47153.0,raspberry_pi_seeed_gsr,"47153,2.1001"
2026-05-28T17:01:59.399,jbl6,self_20260528_170130,clip_005,1,rest,,2.0993,47173.0,raspberry_pi_seeed_gsr,"47173,2.0993"
2026-05-28T17:01:59.423,jbl6,self_20260528_170130,clip_005,1,rest,,2.1057,47194.0,raspberry_pi_seeed_gsr,"47194,2.1057"
2026-05-28T17:01:59.447,jbl6,self_20260528_170130,clip_005,1,rest,,2.1025,47215.0,raspberry_pi_seeed_gsr,"47215,2.1025"
2026-05-28T17:01:59.469,jbl6,self_20260528_170130,clip_005,1,rest,,2.1033,47236.0,raspberry_pi_seeed_gsr,"47236,2.1033"
2026-05-28T17:01:59.493,jbl6,self_20260528_170130,clip_005,1,rest,,2.1057,47257.0,raspberry_pi_seeed_gsr,"47257,2.1057"
2026-05-28T17:01:59.515,jbl6,self_20260528_170130,clip_005,1,rest,,2.1017,47278.0,raspberry_pi_seeed_gsr,"47278,2.1017"
2026-05-28T17:01:59.539,jbl6,self_20260528_170130,clip_005,1,rest,,2.0977,47299.0,raspberry_pi_seeed_gsr,"47299,2.0977"
2026-05-28T17:01:59.561,jbl6,self_20260528_170130,clip_005,1,rest,,2.1057,47320.0,raspberry_pi_seeed_gsr,"47320,2.1057"
2026-05-28T17:01:59.583,jbl6,self_20260528_170130,clip_005,1,rest,,2.1041,47341.0,raspberry_pi_seeed_gsr,"47341,2.1041"
2026-05-28T17:01:59.605,jbl6,self_20260528_170130,clip_005,1,rest,,2.0961,47362.0,raspberry_pi_seeed_gsr,"47362,2.0961"
2026-05-28T17:01:59.629,jbl6,self_20260528_170130,clip_005,1,rest,,2.1065,47383.0,raspberry_pi_seeed_gsr,"47383,2.1065"
2026-05-28T17:01:59.652,jbl6,self_20260528_170130,clip_005,1,rest,,2.1041,47404.0,raspberry_pi_seeed_gsr,"47404,2.1041"
2026-05-28T17:01:59.675,jbl6,self_20260528_170130,clip_005,1,rest,,2.1025,47425.0,raspberry_pi_seeed_gsr,"47425,2.1025"
2026-05-28T17:01:59.700,jbl6,self_20260528_170130,clip_005,1,rest,,2.1009,47446.0,raspberry_pi_seeed_gsr,"47446,2.1009"
2026-05-28T17:01:59.723,jbl6,self_20260528_170130,clip_005,1,rest,,2.1033,47467.0,raspberry_pi_seeed_gsr,"47467,2.1033"
2026-05-28T17:01:59.748,jbl6,self_20260528_170130,clip_005,1,rest,,2.1033,47488.0,raspberry_pi_seeed_gsr,"47488,2.1033"
2026-05-28T17:01:59.771,jbl6,self_20260528_170130,clip_005,1,rest,,2.1001,47509.0,raspberry_pi_seeed_gsr,"47509,2.1001"
2026-05-28T17:01:59.794,jbl6,self_20260528_170130,clip_005,1,rest,,2.1001,47530.0,raspberry_pi_seeed_gsr,"47530,2.1001"
2026-05-28T17:01:59.818,jbl6,self_20260528_170130,clip_005,1,rest,,2.0985,47551.0,raspberry_pi_seeed_gsr,"47551,2.0985"
2026-05-28T17:01:59.840,jbl6,self_20260528_170130,clip_005,1,rest,,2.1017,47572.0,raspberry_pi_seeed_gsr,"47572,2.1017"
2026-05-28T17:01:59.863,jbl6,self_20260528_170130,clip_005,1,rest,,2.1025,47593.0,raspberry_pi_seeed_gsr,"47593,2.1025"
2026-05-28T17:01:59.885,jbl6,self_20260528_170130,clip_005,1,rest,,2.1025,47615.0,raspberry_pi_seeed_gsr,"47615,2.1025"
2026-05-28T17:01:59.907,jbl6,self_20260528_170130,clip_005,1,rest,,2.1041,47635.0,raspberry_pi_seeed_gsr,"47635,2.1041"
2026-05-28T17:01:59.931,jbl6,self_20260528_170130,clip_005,1,rest,,2.1057,47656.0,raspberry_pi_seeed_gsr,"47656,2.1057"
2026-05-28T17:01:59.954,jbl6,self_20260528_170130,clip_005,1,rest,,2.1049,47677.0,raspberry_pi_seeed_gsr,"47677,2.1049"
2026-05-28T17:01:59.977,jbl6,self_20260528_170130,clip_005,1,rest,,2.0993,47698.0,raspberry_pi_seeed_gsr,"47698,2.0993"
2026-05-28T17:01:59.999,jbl6,self_20260528_170130,clip_005,1,rest,,2.1025,47719.0,raspberry_pi_seeed_gsr,"47719,2.1025"
2026-05-28T17:02:00.023,jbl6,self_20260528_170130,clip_005,1,rest,,2.1033,47740.0,raspberry_pi_seeed_gsr,"47740,2.1033"
2026-05-28T17:02:00.045,jbl6,self_20260528_170130,clip_005,1,rest,,2.1001,47761.0,raspberry_pi_seeed_gsr,"47761,2.1001"
2026-05-28T17:02:00.068,jbl6,self_20260528_170130,clip_005,1,rest,,2.0985,47782.0,raspberry_pi_seeed_gsr,"47782,2.0985"
2026-05-28T17:02:00.097,jbl6,self_20260528_170130,clip_005,1,rest,,2.1033,47803.0,raspberry_pi_seeed_gsr,"47803,2.1033"
2026-05-28T17:02:00.122,jbl6,self_20260528_170130,clip_005,1,rest,,2.1017,47824.0,raspberry_pi_seeed_gsr,"47824,2.1017"
2026-05-28T17:02:00.145,jbl6,self_20260528_170130,clip_005,1,rest,,2.0977,47845.0,raspberry_pi_seeed_gsr,"47845,2.0977"
2026-05-28T17:02:00.167,jbl6,self_20260528_170130,clip_005,1,rest,,2.1017,47866.0,raspberry_pi_seeed_gsr,"47866,2.1017"
2026-05-28T17:02:00.189,jbl6,self_20260528_170130,clip_005,1,rest,,2.1057,47887.0,raspberry_pi_seeed_gsr,"47887,2.1057"
2026-05-28T17:02:00.212,jbl6,self_20260528_170130,clip_005,1,rest,,2.1065,47908.0,raspberry_pi_seeed_gsr,"47908,2.1065"
2026-05-28T17:02:00.235,jbl6,self_20260528_170130,clip_005,1,rest,,2.0985,47929.0,raspberry_pi_seeed_gsr,"47929,2.0985"
2026-05-28T17:02:00.258,jbl6,self_20260528_170130,clip_005,1,rest,,2.0985,47950.0,raspberry_pi_seeed_gsr,"47950,2.0985"
2026-05-28T17:02:00.280,jbl6,self_20260528_170130,clip_005,1,rest,,2.1065,47971.0,raspberry_pi_seeed_gsr,"47971,2.1065"
2026-05-28T17:02:00.302,jbl6,self_20260528_170130,clip_005,1,rest,,2.1098,47992.0,raspberry_pi_seeed_gsr,"47992,2.1098"
2026-05-28T17:02:00.325,jbl6,self_20260528_170130,clip_005,1,rest,,2.1057,48013.0,raspberry_pi_seeed_gsr,"48013,2.1057"
2026-05-28T17:02:00.348,jbl6,self_20260528_170130,clip_005,1,rest,,2.1017,48034.0,raspberry_pi_seeed_gsr,"48034,2.1017"
2026-05-28T17:02:00.371,jbl6,self_20260528_170130,clip_005,1,rest,,2.092,48055.0,raspberry_pi_seeed_gsr,"48055,2.0920"
2026-05-28T17:02:00.394,jbl6,self_20260528_170130,clip_005,1,rest,,2.1033,48076.0,raspberry_pi_seeed_gsr,"48076,2.1033"
2026-05-28T17:02:00.448,jbl6,self_20260528_170130,clip_005,1,rest,,2.1017,48098.0,raspberry_pi_seeed_gsr,"48098,2.1017"
2026-05-28T17:02:00.470,jbl6,self_20260528_170130,clip_005,1,rest,,2.1041,48119.0,raspberry_pi_seeed_gsr,"48119,2.1041"
2026-05-28T17:02:00.492,jbl6,self_20260528_170130,clip_005,1,rest,,2.1033,48139.0,raspberry_pi_seeed_gsr,"48139,2.1033"
2026-05-28T17:02:00.515,jbl6,self_20260528_170130,clip_005,1,rest,,2.1098,48160.0,raspberry_pi_seeed_gsr,"48160,2.1098"
2026-05-28T17:02:00.537,jbl6,self_20260528_170130,clip_005,1,rest,,2.1001,48181.0,raspberry_pi_seeed_gsr,"48181,2.1001"
2026-05-28T17:02:00.561,jbl6,self_20260528_170130,clip_005,1,rest,,2.1025,48201.0,raspberry_pi_seeed_gsr,"48201,2.1025"
2026-05-28T17:02:00.584,jbl6,self_20260528_170130,clip_005,1,rest,,2.1049,48222.0,raspberry_pi_seeed_gsr,"48222,2.1049"
2026-05-28T17:02:00.606,jbl6,self_20260528_170130,clip_005,1,rest,,2.1082,48243.0,raspberry_pi_seeed_gsr,"48243,2.1082"
2026-05-28T17:02:00.629,jbl6,self_20260528_170130,clip_005,1,rest,,2.1082,48264.0,raspberry_pi_seeed_gsr,"48264,2.1082"
2026-05-28T17:02:00.652,jbl6,self_20260528_170130,clip_005,1,rest,,2.1041,48285.0,raspberry_pi_seeed_gsr,"48285,2.1041"
2026-05-28T17:02:00.675,jbl6,self_20260528_170130,clip_005,1,rest,,2.1025,48306.0,raspberry_pi_seeed_gsr,"48306,2.1025"
2026-05-28T17:02:00.697,jbl6,self_20260528_170130,clip_005,1,rest,,2.1025,48327.0,raspberry_pi_seeed_gsr,"48327,2.1025"
2026-05-28T17:02:00.721,jbl6,self_20260528_170130,clip_005,1,rest,,2.1082,48348.0,raspberry_pi_seeed_gsr,"48348,2.1082"
2026-05-28T17:02:00.745,jbl6,self_20260528_170130,clip_005,1,rest,,2.0912,48369.0,raspberry_pi_seeed_gsr,"48369,2.0912"
2026-05-28T17:02:00.769,jbl6,self_20260528_170130,clip_005,1,rest,,2.1041,48390.0,raspberry_pi_seeed_gsr,"48390,2.1041"
2026-05-28T17:02:00.791,jbl6,self_20260528_170130,clip_005,1,rest,,2.1041,48411.0,raspberry_pi_seeed_gsr,"48411,2.1041"
2026-05-28T17:02:00.814,jbl6,self_20260528_170130,clip_005,1,rest,,2.0977,48432.0,raspberry_pi_seeed_gsr,"48432,2.0977"
2026-05-28T17:02:00.838,jbl6,self_20260528_170130,clip_005,1,rest,,2.0985,48453.0,raspberry_pi_seeed_gsr,"48453,2.0985"
2026-05-28T17:02:00.862,jbl6,self_20260528_170130,clip_005,1,rest,,2.1049,48474.0,raspberry_pi_seeed_gsr,"48474,2.1049"
2026-05-28T17:02:00.886,jbl6,self_20260528_170130,clip_005,1,rest,,2.1025,48495.0,raspberry_pi_seeed_gsr,"48495,2.1025"
2026-05-28T17:02:00.909,jbl6,self_20260528_170130,clip_005,1,rest,,2.1017,48516.0,raspberry_pi_seeed_gsr,"48516,2.1017"
2026-05-28T17:02:00.933,jbl6,self_20260528_170130,clip_005,1,rest,,2.1041,48537.0,raspberry_pi_seeed_gsr,"48537,2.1041"
2026-05-28T17:02:00.956,jbl6,self_20260528_170130,clip_005,1,rest,,2.1033,48558.0,raspberry_pi_seeed_gsr,"48558,2.1033"
2026-05-28T17:02:00.978,jbl6,self_20260528_170130,clip_005,1,rest,,2.1025,48580.0,raspberry_pi_seeed_gsr,"48580,2.1025"
2026-05-28T17:02:01.001,jbl6,self_20260528_170130,clip_005,1,rest,,2.1025,48600.0,raspberry_pi_seeed_gsr,"48600,2.1025"
2026-05-28T17:02:01.024,jbl6,self_20260528_170130,clip_005,1,rest,,2.1049,48621.0,raspberry_pi_seeed_gsr,"48621,2.1049"
2026-05-28T17:02:01.046,jbl6,self_20260528_170130,clip_005,1,rest,,2.0985,48642.0,raspberry_pi_seeed_gsr,"48642,2.0985"
2026-05-28T17:02:01.069,jbl6,self_20260528_170130,clip_005,1,rest,,2.1017,48663.0,raspberry_pi_seeed_gsr,"48663,2.1017"
2026-05-28T17:02:01.091,jbl6,self_20260528_170130,clip_005,1,rest,,2.1025,48684.0,raspberry_pi_seeed_gsr,"48684,2.1025"
2026-05-28T17:02:01.114,jbl6,self_20260528_170130,clip_005,1,rest,,2.1025,48705.0,raspberry_pi_seeed_gsr,"48705,2.1025"
2026-05-28T17:02:01.148,jbl6,self_20260528_170130,clip_005,1,rest,,2.109,48726.0,raspberry_pi_seeed_gsr,"48726,2.1090"
2026-05-28T17:02:01.172,jbl6,self_20260528_170130,clip_005,1,rest,,2.1033,48747.0,raspberry_pi_seeed_gsr,"48747,2.1033"
2026-05-28T17:02:01.194,jbl6,self_20260528_170130,clip_005,1,rest,,2.1049,48768.0,raspberry_pi_seeed_gsr,"48768,2.1049"
2026-05-28T17:02:01.218,jbl6,self_20260528_170130,clip_005,1,rest,,2.1033,48789.0,raspberry_pi_seeed_gsr,"48789,2.1033"
2026-05-28T17:02:01.242,jbl6,self_20260528_170130,clip_005,1,rest,,2.0961,48810.0,raspberry_pi_seeed_gsr,"48810,2.0961"
2026-05-28T17:02:01.266,jbl6,self_20260528_170130,clip_005,1,rest,,2.0993,48831.0,raspberry_pi_seeed_gsr,"48831,2.0993"
2026-05-28T17:02:01.290,jbl6,self_20260528_170130,clip_005,1,rest,,2.1033,48852.0,raspberry_pi_seeed_gsr,"48852,2.1033"
2026-05-28T17:02:01.321,jbl6,self_20260528_170130,clip_005,1,rest,,2.1049,48873.0,raspberry_pi_seeed_gsr,"48873,2.1049"
2026-05-28T17:02:01.343,jbl6,self_20260528_170130,clip_005,1,rest,,2.1057,48894.0,raspberry_pi_seeed_gsr,"48894,2.1057"
2026-05-28T17:02:01.365,jbl6,self_20260528_170130,clip_005,1,rest,,2.1009,48915.0,raspberry_pi_seeed_gsr,"48915,2.1009"
2026-05-28T17:02:01.386,jbl6,self_20260528_170130,clip_005,1,rest,,2.1025,48936.0,raspberry_pi_seeed_gsr,"48936,2.1025"
2026-05-28T17:02:01.409,jbl6,self_20260528_170130,clip_005,1,rest,,2.1065,48957.0,raspberry_pi_seeed_gsr,"48957,2.1065"
2026-05-28T17:02:01.433,jbl6,self_20260528_170130,clip_005,1,rest,,2.1057,48978.0,raspberry_pi_seeed_gsr,"48978,2.1057"
2026-05-28T17:02:01.460,jbl6,self_20260528_170130,clip_005,1,rest,,2.1025,49000.0,raspberry_pi_seeed_gsr,"49000,2.1025"
2026-05-28T17:02:01.483,jbl6,self_20260528_170130,clip_005,1,rest,,2.1106,49020.0,raspberry_pi_seeed_gsr,"49020,2.1106"
2026-05-28T17:02:01.507,jbl6,self_20260528_170130,clip_005,1,rest,,2.0711,49040.0,raspberry_pi_seeed_gsr,"49040,2.0711"
2026-05-28T17:02:01.530,jbl6,self_20260528_170130,clip_005,1,rest,,2.042,49061.0,raspberry_pi_seeed_gsr,"49061,2.0420"
2026-05-28T17:02:01.552,jbl6,self_20260528_170130,clip_005,1,rest,,1.9961,49082.0,raspberry_pi_seeed_gsr,"49082,1.9961"
2026-05-28T17:02:01.575,jbl6,self_20260528_170130,clip_005,1,rest,,1.9792,49103.0,raspberry_pi_seeed_gsr,"49103,1.9792"
2026-05-28T17:02:01.599,jbl6,self_20260528_170130,clip_005,1,rest,,1.9752,49124.0,raspberry_pi_seeed_gsr,"49124,1.9752"
2026-05-28T17:02:01.622,jbl6,self_20260528_170130,clip_005,1,rest,,1.951,49145.0,raspberry_pi_seeed_gsr,"49145,1.9510"
2026-05-28T17:02:01.644,jbl6,self_20260528_170130,clip_005,1,rest,,1.9373,49166.0,raspberry_pi_seeed_gsr,"49166,1.9373"
2026-05-28T17:02:01.666,jbl6,self_20260528_170130,clip_005,1,rest,,1.9325,49187.0,raspberry_pi_seeed_gsr,"49187,1.9325"
2026-05-28T17:02:01.689,jbl6,self_20260528_170130,clip_005,1,rest,,1.9663,49208.0,raspberry_pi_seeed_gsr,"49208,1.9663"
2026-05-28T17:02:01.713,jbl6,self_20260528_170130,clip_005,1,rest,,1.9985,49229.0,raspberry_pi_seeed_gsr,"49229,1.9985"
2026-05-28T17:02:01.736,jbl6,self_20260528_170130,clip_005,1,rest,,2.0163,49250.0,raspberry_pi_seeed_gsr,"49250,2.0163"
2026-05-28T17:02:01.759,jbl6,self_20260528_170130,clip_005,1,rest,,2.0372,49271.0,raspberry_pi_seeed_gsr,"49271,2.0372"
2026-05-28T17:02:01.781,jbl6,self_20260528_170130,clip_005,1,rest,,2.0525,49292.0,raspberry_pi_seeed_gsr,"49292,2.0525"
2026-05-28T17:02:01.806,jbl6,self_20260528_170130,clip_005,1,rest,,2.0598,49313.0,raspberry_pi_seeed_gsr,"49313,2.0598"
2026-05-28T17:02:01.831,jbl6,self_20260528_170130,clip_005,1,rest,,2.0525,49334.0,raspberry_pi_seeed_gsr,"49334,2.0525"
2026-05-28T17:02:01.856,jbl6,self_20260528_170130,clip_005,1,rest,,2.0735,49355.0,raspberry_pi_seeed_gsr,"49355,2.0735"
2026-05-28T17:02:01.881,jbl6,self_20260528_170130,clip_005,1,rest,,2.08,49376.0,raspberry_pi_seeed_gsr,"49376,2.0800"
2026-05-28T17:02:01.906,jbl6,self_20260528_170130,clip_005,1,rest,,2.0816,49397.0,raspberry_pi_seeed_gsr,"49397,2.0816"
2026-05-28T17:02:01.930,jbl6,self_20260528_170130,clip_005,1,rest,,2.0775,49418.0,raspberry_pi_seeed_gsr,"49418,2.0775"
2026-05-28T17:02:01.954,jbl6,self_20260528_170130,clip_005,1,rest,,2.0904,49439.0,raspberry_pi_seeed_gsr,"49439,2.0904"
2026-05-28T17:02:01.984,jbl6,self_20260528_170130,clip_005,1,rest,,2.0703,49460.0,raspberry_pi_seeed_gsr,"49460,2.0703"
2026-05-28T17:02:02.008,jbl6,self_20260528_170130,clip_005,1,rest,,2.0904,49482.0,raspberry_pi_seeed_gsr,"49482,2.0904"
2026-05-28T17:02:02.031,jbl6,self_20260528_170130,clip_005,1,rest,,2.0961,49502.0,raspberry_pi_seeed_gsr,"49502,2.0961"
2026-05-28T17:02:02.054,jbl6,self_20260528_170130,clip_005,1,rest,,2.0993,49523.0,raspberry_pi_seeed_gsr,"49523,2.0993"
2026-05-28T17:02:02.079,jbl6,self_20260528_170130,clip_005,1,rest,,2.0945,49544.0,raspberry_pi_seeed_gsr,"49544,2.0945"
2026-05-28T17:02:02.102,jbl6,self_20260528_170130,clip_005,1,rest,,2.1017,49565.0,raspberry_pi_seeed_gsr,"49565,2.1017"
2026-05-28T17:02:02.126,jbl6,self_20260528_170130,clip_005,1,rest,,2.1017,49586.0,raspberry_pi_seeed_gsr,"49586,2.1017"
2026-05-28T17:02:02.150,jbl6,self_20260528_170130,clip_005,1,rest,,2.1001,49607.0,raspberry_pi_seeed_gsr,"49607,2.1001"
2026-05-28T17:02:02.173,jbl6,self_20260528_170130,clip_005,1,rest,,2.0993,49628.0,raspberry_pi_seeed_gsr,"49628,2.0993"
2026-05-28T17:02:02.195,jbl6,self_20260528_170130,clip_005,1,rest,,2.1025,49649.0,raspberry_pi_seeed_gsr,"49649,2.1025"
2026-05-28T17:02:02.217,jbl6,self_20260528_170130,clip_005,1,rest,,2.1025,49670.0,raspberry_pi_seeed_gsr,"49670,2.1025"
2026-05-28T17:02:02.239,jbl6,self_20260528_170130,clip_005,1,rest,,2.1017,49691.0,raspberry_pi_seeed_gsr,"49691,2.1017"
2026-05-28T17:02:02.261,jbl6,self_20260528_170130,clip_005,1,rest,,2.1001,49712.0,raspberry_pi_seeed_gsr,"49712,2.1001"
2026-05-28T17:02:02.283,jbl6,self_20260528_170130,clip_005,1,rest,,2.0977,49733.0,raspberry_pi_seeed_gsr,"49733,2.0977"
2026-05-28T17:02:02.306,jbl6,self_20260528_170130,clip_005,1,rest,,2.0993,49754.0,raspberry_pi_seeed_gsr,"49754,2.0993"
2026-05-28T17:02:02.332,jbl6,self_20260528_170130,clip_005,1,rest,,2.0993,49775.0,raspberry_pi_seeed_gsr,"49775,2.0993"
2026-05-28T17:02:02.355,jbl6,self_20260528_170130,clip_005,1,rest,,2.1025,49796.0,raspberry_pi_seeed_gsr,"49796,2.1025"
2026-05-28T17:02:02.378,jbl6,self_20260528_170130,clip_005,1,rest,,2.1057,49817.0,raspberry_pi_seeed_gsr,"49817,2.1057"
2026-05-28T17:02:02.401,jbl6,self_20260528_170130,clip_005,1,rest,,2.1057,49838.0,raspberry_pi_seeed_gsr,"49838,2.1057"
2026-05-28T17:02:02.425,jbl6,self_20260528_170130,clip_005,1,rest,,2.1025,49859.0,raspberry_pi_seeed_gsr,"49859,2.1025"
2026-05-28T17:02:02.449,jbl6,self_20260528_170130,clip_005,1,rest,,2.1017,49880.0,raspberry_pi_seeed_gsr,"49880,2.1017"
2026-05-28T17:02:02.472,jbl6,self_20260528_170130,clip_005,1,rest,,2.1025,49901.0,raspberry_pi_seeed_gsr,"49901,2.1025"
2026-05-28T17:02:02.494,jbl6,self_20260528_170130,clip_005,1,rest,,2.1041,49922.0,raspberry_pi_seeed_gsr,"49922,2.1041"
2026-05-28T17:02:02.518,jbl6,self_20260528_170130,clip_005,1,rest,,2.0969,49943.0,raspberry_pi_seeed_gsr,"49943,2.0969"
2026-05-28T17:02:02.541,jbl6,self_20260528_170130,clip_005,1,rest,,2.1009,49964.0,raspberry_pi_seeed_gsr,"49964,2.1009"
2026-05-28T17:02:02.564,jbl6,self_20260528_170130,clip_005,1,rest,,2.1049,49986.0,raspberry_pi_seeed_gsr,"49986,2.1049"
2026-05-28T17:02:02.591,jbl6,self_20260528_170130,clip_005,1,rest,,2.1098,50006.0,raspberry_pi_seeed_gsr,"50006,2.1098"
2026-05-28T17:02:02.618,jbl6,self_20260528_170130,clip_005,1,rest,,2.1033,50027.0,raspberry_pi_seeed_gsr,"50027,2.1033"
2026-05-28T17:02:02.642,jbl6,self_20260528_170130,clip_005,1,rest,,2.1033,50048.0,raspberry_pi_seeed_gsr,"50048,2.1033"
2026-05-28T17:02:02.665,jbl6,self_20260528_170130,clip_005,1,rest,,2.1025,50069.0,raspberry_pi_seeed_gsr,"50069,2.1025"
2026-05-28T17:02:02.689,jbl6,self_20260528_170130,clip_005,1,rest,,2.1049,50090.0,raspberry_pi_seeed_gsr,"50090,2.1049"
2026-05-28T17:02:02.713,jbl6,self_20260528_170130,clip_005,1,rest,,2.1033,50111.0,raspberry_pi_seeed_gsr,"50111,2.1033"
2026-05-28T17:02:02.737,jbl6,self_20260528_170130,clip_005,1,rest,,2.1017,50132.0,raspberry_pi_seeed_gsr,"50132,2.1017"
2026-05-28T17:02:02.760,jbl6,self_20260528_170130,clip_005,1,rest,,2.1041,50153.0,raspberry_pi_seeed_gsr,"50153,2.1041"
2026-05-28T17:02:02.782,jbl6,self_20260528_170130,clip_005,1,rest,,2.109,50174.0,raspberry_pi_seeed_gsr,"50174,2.1090"
2026-05-28T17:02:02.804,jbl6,self_20260528_170130,clip_005,1,rest,,2.0993,50195.0,raspberry_pi_seeed_gsr,"50195,2.0993"
2026-05-28T17:02:02.825,jbl6,self_20260528_170130,clip_005,1,rest,,2.109,50216.0,raspberry_pi_seeed_gsr,"50216,2.1090"
2026-05-28T17:02:02.848,jbl6,self_20260528_170130,clip_005,1,rest,,2.1049,50237.0,raspberry_pi_seeed_gsr,"50237,2.1049"
2026-05-28T17:02:02.871,jbl6,self_20260528_170130,clip_005,1,rest,,2.0993,50258.0,raspberry_pi_seeed_gsr,"50258,2.0993"
2026-05-28T17:02:02.895,jbl6,self_20260528_170130,clip_005,1,rest,,2.1001,50279.0,raspberry_pi_seeed_gsr,"50279,2.1001"
2026-05-28T17:02:02.919,jbl6,self_20260528_170130,clip_005,1,rest,,2.1033,50300.0,raspberry_pi_seeed_gsr,"50300,2.1033"
2026-05-28T17:02:02.943,jbl6,self_20260528_170130,clip_005,1,rest,,2.1106,50321.0,raspberry_pi_seeed_gsr,"50321,2.1106"
2026-05-28T17:02:02.965,jbl6,self_20260528_170130,clip_005,1,rest,,2.1041,50342.0,raspberry_pi_seeed_gsr,"50342,2.1041"
2026-05-28T17:02:02.988,jbl6,self_20260528_170130,clip_005,1,rest,,2.1033,50363.0,raspberry_pi_seeed_gsr,"50363,2.1033"
2026-05-28T17:02:03.012,jbl6,self_20260528_170130,clip_005,1,rest,,2.1033,50384.0,raspberry_pi_seeed_gsr,"50384,2.1033"
2026-05-28T17:02:03.035,jbl6,self_20260528_170130,clip_005,1,rest,,2.1025,50405.0,raspberry_pi_seeed_gsr,"50405,2.1025"
2026-05-28T17:02:03.058,jbl6,self_20260528_170130,clip_005,1,rest,,2.1041,50426.0,raspberry_pi_seeed_gsr,"50426,2.1041"
2026-05-28T17:02:03.080,jbl6,self_20260528_170130,clip_005,1,rest,,2.1033,50447.0,raspberry_pi_seeed_gsr,"50447,2.1033"
2026-05-28T17:02:03.102,jbl6,self_20260528_170130,clip_005,1,rest,,2.0937,50468.0,raspberry_pi_seeed_gsr,"50468,2.0937"
2026-05-28T17:02:03.126,jbl6,self_20260528_170130,clip_005,1,rest,,2.1041,50489.0,raspberry_pi_seeed_gsr,"50489,2.1041"
2026-05-28T17:02:03.150,jbl6,self_20260528_170130,clip_005,1,rest,,2.1017,50511.0,raspberry_pi_seeed_gsr,"50511,2.1017"
2026-05-28T17:02:03.173,jbl6,self_20260528_170130,clip_005,1,rest,,2.1033,50531.0,raspberry_pi_seeed_gsr,"50531,2.1033"
2026-05-28T17:02:03.196,jbl6,self_20260528_170130,clip_005,1,rest,,2.1009,50552.0,raspberry_pi_seeed_gsr,"50552,2.1009"
2026-05-28T17:02:03.220,jbl6,self_20260528_170130,clip_005,1,rest,,2.1041,50573.0,raspberry_pi_seeed_gsr,"50573,2.1041"
2026-05-28T17:02:03.242,jbl6,self_20260528_170130,clip_005,1,rest,,2.1033,50594.0,raspberry_pi_seeed_gsr,"50594,2.1033"
2026-05-28T17:02:03.265,jbl6,self_20260528_170130,clip_005,1,rest,,2.1025,50615.0,raspberry_pi_seeed_gsr,"50615,2.1025"
2026-05-28T17:02:03.287,jbl6,self_20260528_170130,clip_005,1,rest,,2.1057,50636.0,raspberry_pi_seeed_gsr,"50636,2.1057"
2026-05-28T17:02:03.311,jbl6,self_20260528_170130,clip_005,1,rest,,2.1041,50657.0,raspberry_pi_seeed_gsr,"50657,2.1041"
2026-05-28T17:02:03.334,jbl6,self_20260528_170130,clip_005,1,rest,,2.1065,50678.0,raspberry_pi_seeed_gsr,"50678,2.1065"
2026-05-28T17:02:03.357,jbl6,self_20260528_170130,clip_005,1,rest,,2.1106,50699.0,raspberry_pi_seeed_gsr,"50699,2.1106"
2026-05-28T17:02:03.379,jbl6,self_20260528_170130,clip_005,1,rest,,2.1065,50720.0,raspberry_pi_seeed_gsr,"50720,2.1065"
2026-05-28T17:02:03.401,jbl6,self_20260528_170130,clip_005,1,rest,,2.1041,50741.0,raspberry_pi_seeed_gsr,"50741,2.1041"
2026-05-28T17:02:03.424,jbl6,self_20260528_170130,clip_005,1,rest,,2.1033,50762.0,raspberry_pi_seeed_gsr,"50762,2.1033"
2026-05-28T17:02:03.448,jbl6,self_20260528_170130,clip_005,1,rest,,2.1082,50783.0,raspberry_pi_seeed_gsr,"50783,2.1082"
2026-05-28T17:02:03.473,jbl6,self_20260528_170130,clip_005,1,rest,,2.1033,50804.0,raspberry_pi_seeed_gsr,"50804,2.1033"
2026-05-28T17:02:03.498,jbl6,self_20260528_170130,clip_005,1,rest,,2.0985,50825.0,raspberry_pi_seeed_gsr,"50825,2.0985"
2026-05-28T17:02:03.520,jbl6,self_20260528_170130,clip_005,1,rest,,2.1017,50846.0,raspberry_pi_seeed_gsr,"50846,2.1017"
2026-05-28T17:02:03.545,jbl6,self_20260528_170130,clip_005,1,rest,,2.1033,50866.0,raspberry_pi_seeed_gsr,"50866,2.1033"
2026-05-28T17:02:03.569,jbl6,self_20260528_170130,clip_005,1,rest,,2.1033,50886.0,raspberry_pi_seeed_gsr,"50886,2.1033"
2026-05-28T17:02:03.594,jbl6,self_20260528_170130,clip_005,1,rest,,2.1033,50906.0,raspberry_pi_seeed_gsr,"50906,2.1033"
2026-05-28T17:02:03.619,jbl6,self_20260528_170130,clip_005,1,rest,,2.1041,50926.0,raspberry_pi_seeed_gsr,"50926,2.1041"
2026-05-28T17:02:03.644,jbl6,self_20260528_170130,clip_005,1,rest,,2.1033,50946.0,raspberry_pi_seeed_gsr,"50946,2.1033"
2026-05-28T17:02:03.667,jbl6,self_20260528_170130,clip_005,1,rest,,2.1049,50966.0,raspberry_pi_seeed_gsr,"50966,2.1049"
2026-05-28T17:02:03.689,jbl6,self_20260528_170130,clip_005,1,rest,,2.0735,50986.0,raspberry_pi_seeed_gsr,"50986,2.0735"
2026-05-28T17:02:03.748,jbl6,self_20260528_170130,clip_005,1,rest,,2.0509,51006.0,raspberry_pi_seeed_gsr,"51006,2.0509"
2026-05-28T17:02:03.772,jbl6,self_20260528_170130,clip_005,1,rest,,2.0332,51026.0,raspberry_pi_seeed_gsr,"51026,2.0332"
2026-05-28T17:02:03.806,jbl6,self_20260528_170130,clip_005,1,rest,,1.9945,51046.0,raspberry_pi_seeed_gsr,"51046,1.9945"
2026-05-28T17:02:03.829,jbl6,self_20260528_170130,clip_005,1,rest,,1.9719,51066.0,raspberry_pi_seeed_gsr,"51066,1.9719"
2026-05-28T17:02:03.853,jbl6,self_20260528_170130,clip_005,1,rest,,1.9607,51086.0,raspberry_pi_seeed_gsr,"51086,1.9607"
2026-05-28T17:02:03.876,jbl6,self_20260528_170130,clip_005,1,rest,,1.955,51106.0,raspberry_pi_seeed_gsr,"51106,1.9550"
2026-05-28T17:02:03.898,jbl6,self_20260528_170130,clip_005,1,rest,,1.955,51126.0,raspberry_pi_seeed_gsr,"51126,1.9550"
2026-05-28T17:02:03.921,jbl6,self_20260528_170130,clip_005,1,rest,,1.93,51146.0,raspberry_pi_seeed_gsr,"51146,1.9300"
2026-05-28T17:02:03.944,jbl6,self_20260528_170130,clip_005,1,rest,,1.9131,51166.0,raspberry_pi_seeed_gsr,"51166,1.9131"
2026-05-28T17:02:03.968,jbl6,self_20260528_170130,clip_005,1,rest,,1.9172,51186.0,raspberry_pi_seeed_gsr,"51186,1.9172"
2026-05-28T17:02:03.990,jbl6,self_20260528_170130,clip_005,1,rest,,1.9212,51206.0,raspberry_pi_seeed_gsr,"51206,1.9212"
2026-05-28T17:02:04.012,jbl6,self_20260528_170130,clip_005,1,rest,,1.9212,51226.0,raspberry_pi_seeed_gsr,"51226,1.9212"
2026-05-28T17:02:04.036,jbl6,self_20260528_170130,clip_005,1,rest,,1.9035,51246.0,raspberry_pi_seeed_gsr,"51246,1.9035"
2026-05-28T17:02:04.058,jbl6,self_20260528_170130,clip_005,1,rest,,1.889,51266.0,raspberry_pi_seeed_gsr,"51266,1.8890"
2026-05-28T17:02:04.082,jbl6,self_20260528_170130,clip_005,1,rest,,1.9059,51286.0,raspberry_pi_seeed_gsr,"51286,1.9059"
2026-05-28T17:02:04.105,jbl6,self_20260528_170130,clip_005,1,rest,,1.9059,51306.0,raspberry_pi_seeed_gsr,"51306,1.9059"
2026-05-28T17:02:04.129,jbl6,self_20260528_170130,clip_005,1,rest,,1.9083,51326.0,raspberry_pi_seeed_gsr,"51326,1.9083"
2026-05-28T17:02:04.152,jbl6,self_20260528_170130,clip_005,1,rest,,1.8994,51346.0,raspberry_pi_seeed_gsr,"51346,1.8994"
2026-05-28T17:02:04.176,jbl6,self_20260528_170130,clip_005,1,rest,,1.8833,51366.0,raspberry_pi_seeed_gsr,"51366,1.8833"
2026-05-28T17:02:04.199,jbl6,self_20260528_170130,clip_005,1,rest,,1.889,51386.0,raspberry_pi_seeed_gsr,"51386,1.8890"
2026-05-28T17:02:04.222,jbl6,self_20260528_170130,clip_005,1,rest,,1.8978,51406.0,raspberry_pi_seeed_gsr,"51406,1.8978"
2026-05-28T17:02:04.245,jbl6,self_20260528_170130,clip_005,1,rest,,1.9059,51426.0,raspberry_pi_seeed_gsr,"51426,1.9059"
2026-05-28T17:02:04.268,jbl6,self_20260528_170130,clip_005,1,rest,,1.8962,51446.0,raspberry_pi_seeed_gsr,"51446,1.8962"
2026-05-28T17:02:04.291,jbl6,self_20260528_170130,clip_005,1,rest,,1.8817,51466.0,raspberry_pi_seeed_gsr,"51466,1.8817"
2026-05-28T17:02:04.314,jbl6,self_20260528_170130,clip_005,1,rest,,1.8857,51486.0,raspberry_pi_seeed_gsr,"51486,1.8857"
2026-05-28T17:02:04.338,jbl6,self_20260528_170130,clip_005,1,rest,,1.8986,51506.0,raspberry_pi_seeed_gsr,"51506,1.8986"
2026-05-28T17:02:04.361,jbl6,self_20260528_170130,clip_005,1,rest,,1.9035,51526.0,raspberry_pi_seeed_gsr,"51526,1.9035"
2026-05-28T17:02:04.386,jbl6,self_20260528_170130,clip_005,1,rest,,1.889,51546.0,raspberry_pi_seeed_gsr,"51546,1.8890"
2026-05-28T17:02:04.411,jbl6,self_20260528_170130,clip_005,1,rest,,1.8809,51566.0,raspberry_pi_seeed_gsr,"51566,1.8809"
2026-05-28T17:02:04.436,jbl6,self_20260528_170130,clip_005,1,rest,,1.889,51586.0,raspberry_pi_seeed_gsr,"51586,1.8890"
2026-05-28T17:02:04.472,jbl6,self_20260528_170130,clip_005,1,rest,,1.8938,51606.0,raspberry_pi_seeed_gsr,"51606,1.8938"
2026-05-28T17:02:04.497,jbl6,self_20260528_170130,clip_005,1,rest,,1.9043,51626.0,raspberry_pi_seeed_gsr,"51626,1.9043"
2026-05-28T17:02:04.519,jbl6,self_20260528_170130,clip_005,1,rest,,1.8801,51647.0,raspberry_pi_seeed_gsr,"51647,1.8801"
2026-05-28T17:02:04.541,jbl6,self_20260528_170130,clip_005,1,rest,,1.8825,51667.0,raspberry_pi_seeed_gsr,"51667,1.8825"
2026-05-28T17:02:04.563,jbl6,self_20260528_170130,clip_005,1,rest,,1.889,51687.0,raspberry_pi_seeed_gsr,"51687,1.8890"
2026-05-28T17:02:04.584,jbl6,self_20260528_170130,clip_005,1,rest,,1.8978,51707.0,raspberry_pi_seeed_gsr,"51707,1.8978"
2026-05-28T17:02:04.606,jbl6,self_20260528_170130,clip_005,1,rest,,1.9035,51727.0,raspberry_pi_seeed_gsr,"51727,1.9035"
2026-05-28T17:02:04.629,jbl6,self_20260528_170130,clip_005,1,rest,,1.8801,51747.0,raspberry_pi_seeed_gsr,"51747,1.8801"
2026-05-28T17:02:04.651,jbl6,self_20260528_170130,clip_005,1,rest,,1.8841,51767.0,raspberry_pi_seeed_gsr,"51767,1.8841"
2026-05-28T17:02:04.674,jbl6,self_20260528_170130,clip_005,1,rest,,1.8906,51787.0,raspberry_pi_seeed_gsr,"51787,1.8906"
2026-05-28T17:02:04.698,jbl6,self_20260528_170130,clip_005,1,rest,,1.9002,51807.0,raspberry_pi_seeed_gsr,"51807,1.9002"
2026-05-28T17:02:04.721,jbl6,self_20260528_170130,clip_005,1,rest,,1.897,51828.0,raspberry_pi_seeed_gsr,"51828,1.8970"
2026-05-28T17:02:04.743,jbl6,self_20260528_170130,clip_005,1,rest,,1.8833,51848.0,raspberry_pi_seeed_gsr,"51848,1.8833"
2026-05-28T17:02:04.771,jbl6,self_20260528_170130,clip_005,1,rest,,1.8849,51868.0,raspberry_pi_seeed_gsr,"51868,1.8849"
2026-05-28T17:02:04.795,jbl6,self_20260528_170130,clip_005,1,rest,,1.8865,51888.0,raspberry_pi_seeed_gsr,"51888,1.8865"
2026-05-28T17:02:04.818,jbl6,self_20260528_170130,clip_005,1,rest,,1.8978,51908.0,raspberry_pi_seeed_gsr,"51908,1.8978"
2026-05-28T17:02:04.841,jbl6,self_20260528_170130,clip_005,1,rest,,1.9018,51928.0,raspberry_pi_seeed_gsr,"51928,1.9018"
2026-05-28T17:02:04.863,jbl6,self_20260528_170130,clip_005,1,rest,,1.8809,51948.0,raspberry_pi_seeed_gsr,"51948,1.8809"
2026-05-28T17:02:04.885,jbl6,self_20260528_170130,clip_005,1,rest,,1.8857,51968.0,raspberry_pi_seeed_gsr,"51968,1.8857"
2026-05-28T17:02:04.914,jbl6,self_20260528_170130,clip_005,1,rest,,1.893,51988.0,raspberry_pi_seeed_gsr,"51988,1.8930"
2026-05-28T17:02:04.937,jbl6,self_20260528_170130,clip_005,1,rest,,1.8994,52008.0,raspberry_pi_seeed_gsr,"52008,1.8994"
2026-05-28T17:02:04.959,jbl6,self_20260528_170130,clip_005,1,rest,,1.8841,52028.0,raspberry_pi_seeed_gsr,"52028,1.8841"
2026-05-28T17:02:04.984,jbl6,self_20260528_170130,clip_005,1,rest,,1.8849,52048.0,raspberry_pi_seeed_gsr,"52048,1.8849"
2026-05-28T17:02:05.008,jbl6,self_20260528_170130,clip_005,1,rest,,1.901,52074.0,raspberry_pi_seeed_gsr,"52074,1.9010"
2026-05-28T17:02:05.031,jbl6,self_20260528_170130,clip_005,1,rest,,1.9091,52095.0,raspberry_pi_seeed_gsr,"52095,1.9091"
2026-05-28T17:02:05.056,jbl6,self_20260528_170130,clip_005,1,rest,,1.8801,52115.0,raspberry_pi_seeed_gsr,"52115,1.8801"
2026-05-28T17:02:05.079,jbl6,self_20260528_170130,clip_005,1,rest,,1.8865,52135.0,raspberry_pi_seeed_gsr,"52135,1.8865"
2026-05-28T17:02:05.104,jbl6,self_20260528_170130,clip_005,1,rest,,1.8938,52155.0,raspberry_pi_seeed_gsr,"52155,1.8938"
2026-05-28T17:02:05.132,jbl6,self_20260528_170130,clip_005,1,rest,,1.8994,52175.0,raspberry_pi_seeed_gsr,"52175,1.8994"
2026-05-28T17:02:05.155,jbl6,self_20260528_170130,clip_005,1,rest,,1.8978,52195.0,raspberry_pi_seeed_gsr,"52195,1.8978"
2026-05-28T17:02:05.177,jbl6,self_20260528_170130,clip_005,1,rest,,1.8777,52215.0,raspberry_pi_seeed_gsr,"52215,1.8777"
2026-05-28T17:02:05.199,jbl6,self_20260528_170130,clip_005,1,rest,,1.8906,52235.0,raspberry_pi_seeed_gsr,"52235,1.8906"
2026-05-28T17:02:05.220,jbl6,self_20260528_170130,clip_005,1,rest,,1.8938,52255.0,raspberry_pi_seeed_gsr,"52255,1.8938"
2026-05-28T17:02:05.246,jbl6,self_20260528_170130,clip_005,1,rest,,1.9035,52276.0,raspberry_pi_seeed_gsr,"52276,1.9035"
2026-05-28T17:02:05.272,jbl6,self_20260528_170130,clip_005,1,rest,,1.8825,52297.0,raspberry_pi_seeed_gsr,"52297,1.8825"
2026-05-28T17:02:05.304,jbl6,self_20260528_170130,clip_005,1,rest,,1.8825,52317.0,raspberry_pi_seeed_gsr,"52317,1.8825"
2026-05-28T17:02:05.326,jbl6,self_20260528_170130,clip_005,1,rest,,1.8954,52337.0,raspberry_pi_seeed_gsr,"52337,1.8954"
2026-05-28T17:02:05.348,jbl6,self_20260528_170130,clip_005,1,rest,,1.8978,52357.0,raspberry_pi_seeed_gsr,"52357,1.8978"
2026-05-28T17:02:05.370,jbl6,self_20260528_170130,clip_005,1,rest,,1.9043,52377.0,raspberry_pi_seeed_gsr,"52377,1.9043"
2026-05-28T17:02:05.392,jbl6,self_20260528_170130,clip_005,1,rest,,1.8785,52398.0,raspberry_pi_seeed_gsr,"52398,1.8785"
2026-05-28T17:02:05.415,jbl6,self_20260528_170130,clip_005,1,rest,,1.8857,52418.0,raspberry_pi_seeed_gsr,"52418,1.8857"
2026-05-28T17:02:05.439,jbl6,self_20260528_170130,clip_005,1,rest,,1.893,52438.0,raspberry_pi_seeed_gsr,"52438,1.8930"
2026-05-28T17:02:05.461,jbl6,self_20260528_170130,clip_005,1,rest,,1.9018,52458.0,raspberry_pi_seeed_gsr,"52458,1.9018"
2026-05-28T17:02:05.484,jbl6,self_20260528_170130,clip_005,1,rest,,1.9035,52478.0,raspberry_pi_seeed_gsr,"52478,1.9035"
2026-05-28T17:02:05.507,jbl6,self_20260528_170130,clip_005,1,rest,,1.8793,52498.0,raspberry_pi_seeed_gsr,"52498,1.8793"
2026-05-28T17:02:05.528,jbl6,self_20260528_170130,clip_005,1,rest,,1.8833,52518.0,raspberry_pi_seeed_gsr,"52518,1.8833"
2026-05-28T17:02:05.549,jbl6,self_20260528_170130,clip_005,1,rest,,1.8946,52539.0,raspberry_pi_seeed_gsr,"52539,1.8946"
2026-05-28T17:02:05.571,jbl6,self_20260528_170130,clip_005,1,rest,,1.9018,52559.0,raspberry_pi_seeed_gsr,"52559,1.9018"
2026-05-28T17:02:05.594,jbl6,self_20260528_170130,clip_005,1,rest,,1.9018,52579.0,raspberry_pi_seeed_gsr,"52579,1.9018"
2026-05-28T17:02:05.619,jbl6,self_20260528_170130,clip_005,1,rest,,1.8801,52599.0,raspberry_pi_seeed_gsr,"52599,1.8801"
2026-05-28T17:02:05.643,jbl6,self_20260528_170130,clip_005,1,rest,,1.8906,52619.0,raspberry_pi_seeed_gsr,"52619,1.8906"
2026-05-28T17:02:05.667,jbl6,self_20260528_170130,clip_005,1,rest,,1.8978,52639.0,raspberry_pi_seeed_gsr,"52639,1.8978"
2026-05-28T17:02:05.691,jbl6,self_20260528_170130,clip_005,1,rest,,1.9035,52659.0,raspberry_pi_seeed_gsr,"52659,1.9035"
2026-05-28T17:02:05.716,jbl6,self_20260528_170130,clip_005,1,rest,,1.8986,52679.0,raspberry_pi_seeed_gsr,"52679,1.8986"
2026-05-28T17:02:05.739,jbl6,self_20260528_170130,clip_005,1,rest,,1.8857,52699.0,raspberry_pi_seeed_gsr,"52699,1.8857"
2026-05-28T17:02:05.764,jbl6,self_20260528_170130,clip_005,1,rest,,1.8865,52719.0,raspberry_pi_seeed_gsr,"52719,1.8865"
2026-05-28T17:02:05.788,jbl6,self_20260528_170130,clip_005,1,rest,,1.8954,52739.0,raspberry_pi_seeed_gsr,"52739,1.8954"
2026-05-28T17:02:05.811,jbl6,self_20260528_170130,clip_005,1,rest,,1.9027,52759.0,raspberry_pi_seeed_gsr,"52759,1.9027"
2026-05-28T17:02:05.835,jbl6,self_20260528_170130,clip_005,1,rest,,1.8962,52779.0,raspberry_pi_seeed_gsr,"52779,1.8962"
2026-05-28T17:02:05.857,jbl6,self_20260528_170130,clip_005,1,rest,,1.8793,52799.0,raspberry_pi_seeed_gsr,"52799,1.8793"
2026-05-28T17:02:05.880,jbl6,self_20260528_170130,clip_005,1,rest,,1.8914,52819.0,raspberry_pi_seeed_gsr,"52819,1.8914"
2026-05-28T17:02:05.905,jbl6,self_20260528_170130,clip_005,1,rest,,1.8938,52839.0,raspberry_pi_seeed_gsr,"52839,1.8938"
2026-05-28T17:02:05.929,jbl6,self_20260528_170130,clip_005,1,rest,,1.8994,52859.0,raspberry_pi_seeed_gsr,"52859,1.8994"
2026-05-28T17:02:05.952,jbl6,self_20260528_170130,clip_005,1,rest,,1.8962,52879.0,raspberry_pi_seeed_gsr,"52879,1.8962"
2026-05-28T17:02:05.978,jbl6,self_20260528_170130,clip_005,1,rest,,1.8801,52899.0,raspberry_pi_seeed_gsr,"52899,1.8801"
2026-05-28T17:02:06.001,jbl6,self_20260528_170130,clip_005,1,rest,,1.8833,52919.0,raspberry_pi_seeed_gsr,"52919,1.8833"
2026-05-28T17:02:06.025,jbl6,self_20260528_170130,clip_005,1,rest,,1.8962,52939.0,raspberry_pi_seeed_gsr,"52939,1.8962"
2026-05-28T17:02:06.050,jbl6,self_20260528_170130,clip_005,1,rest,,1.893,52959.0,raspberry_pi_seeed_gsr,"52959,1.8930"
2026-05-28T17:02:06.074,jbl6,self_20260528_170130,clip_005,1,rest,,1.8986,52979.0,raspberry_pi_seeed_gsr,"52979,1.8986"
2026-05-28T17:02:06.099,jbl6,self_20260528_170130,clip_005,1,rest,,1.8777,52999.0,raspberry_pi_seeed_gsr,"52999,1.8777"
2026-05-28T17:02:06.123,jbl6,self_20260528_170130,clip_005,1,rest,,1.8857,53019.0,raspberry_pi_seeed_gsr,"53019,1.8857"
2026-05-28T17:02:06.145,jbl6,self_20260528_170130,clip_005,1,rest,,1.8938,53040.0,raspberry_pi_seeed_gsr,"53040,1.8938"
2026-05-28T17:02:06.167,jbl6,self_20260528_170130,clip_005,1,rest,,1.9043,53061.0,raspberry_pi_seeed_gsr,"53061,1.9043"
2026-05-28T17:02:06.189,jbl6,self_20260528_170130,clip_005,1,rest,,1.868,53082.0,raspberry_pi_seeed_gsr,"53082,1.8680"
2026-05-28T17:02:06.212,jbl6,self_20260528_170130,clip_005,1,rest,,1.8857,53102.0,raspberry_pi_seeed_gsr,"53102,1.8857"
2026-05-28T17:02:06.235,jbl6,self_20260528_170130,clip_005,1,rest,,1.8922,53122.0,raspberry_pi_seeed_gsr,"53122,1.8922"
2026-05-28T17:02:06.259,jbl6,self_20260528_170130,clip_005,1,rest,,1.9002,53143.0,raspberry_pi_seeed_gsr,"53143,1.9002"
2026-05-28T17:02:06.282,jbl6,self_20260528_170130,clip_005,1,rest,,1.8801,53164.0,raspberry_pi_seeed_gsr,"53164,1.8801"
2026-05-28T17:02:06.305,jbl6,self_20260528_170130,clip_005,1,rest,,1.8801,53184.0,raspberry_pi_seeed_gsr,"53184,1.8801"
2026-05-28T17:02:06.331,jbl6,self_20260528_170130,clip_005,1,rest,,1.8873,53204.0,raspberry_pi_seeed_gsr,"53204,1.8873"
2026-05-28T17:02:06.355,jbl6,self_20260528_170130,clip_005,1,rest,,1.8978,53225.0,raspberry_pi_seeed_gsr,"53225,1.8978"
2026-05-28T17:02:06.380,jbl6,self_20260528_170130,clip_005,1,rest,,1.9002,53245.0,raspberry_pi_seeed_gsr,"53245,1.9002"
2026-05-28T17:02:06.404,jbl6,self_20260528_170130,clip_005,1,rest,,1.8833,53266.0,raspberry_pi_seeed_gsr,"53266,1.8833"
2026-05-28T17:02:06.426,jbl6,self_20260528_170130,clip_005,1,rest,,1.8833,53286.0,raspberry_pi_seeed_gsr,"53286,1.8833"
2026-05-28T17:02:06.448,jbl6,self_20260528_170130,clip_005,1,rest,,1.893,53306.0,raspberry_pi_seeed_gsr,"53306,1.8930"
2026-05-28T17:02:06.470,jbl6,self_20260528_170130,clip_005,1,rest,,1.8978,53326.0,raspberry_pi_seeed_gsr,"53326,1.8978"
2026-05-28T17:02:06.491,jbl6,self_20260528_170130,clip_005,1,rest,,1.8906,53346.0,raspberry_pi_seeed_gsr,"53346,1.8906"
2026-05-28T17:02:06.512,jbl6,self_20260528_170130,clip_005,1,rest,,1.8801,53367.0,raspberry_pi_seeed_gsr,"53367,1.8801"
2026-05-28T17:02:06.536,jbl6,self_20260528_170130,clip_005,1,rest,,1.8898,53387.0,raspberry_pi_seeed_gsr,"53387,1.8898"
2026-05-28T17:02:06.559,jbl6,self_20260528_170130,clip_005,1,rest,,1.897,53407.0,raspberry_pi_seeed_gsr,"53407,1.8970"
2026-05-28T17:02:06.584,jbl6,self_20260528_170130,clip_005,1,rest,,1.9018,53427.0,raspberry_pi_seeed_gsr,"53427,1.9018"
2026-05-28T17:02:06.608,jbl6,self_20260528_170130,clip_005,1,rest,,1.8761,53448.0,raspberry_pi_seeed_gsr,"53448,1.8761"
2026-05-28T17:02:06.632,jbl6,self_20260528_170130,clip_005,1,rest,,1.8801,53468.0,raspberry_pi_seeed_gsr,"53468,1.8801"
2026-05-28T17:02:06.656,jbl6,self_20260528_170130,clip_005,1,rest,,1.889,53488.0,raspberry_pi_seeed_gsr,"53488,1.8890"
2026-05-28T17:02:06.681,jbl6,self_20260528_170130,clip_005,1,rest,,1.8978,53508.0,raspberry_pi_seeed_gsr,"53508,1.8978"
2026-05-28T17:02:06.705,jbl6,self_20260528_170130,clip_005,1,rest,,1.8994,53528.0,raspberry_pi_seeed_gsr,"53528,1.8994"
2026-05-28T17:02:06.728,jbl6,self_20260528_170130,clip_005,1,rest,,1.8712,53548.0,raspberry_pi_seeed_gsr,"53548,1.8712"
2026-05-28T17:02:06.753,jbl6,self_20260528_170130,clip_005,1,rest,,1.8857,53568.0,raspberry_pi_seeed_gsr,"53568,1.8857"
2026-05-28T17:02:06.777,jbl6,self_20260528_170130,clip_005,1,rest,,1.8882,53588.0,raspberry_pi_seeed_gsr,"53588,1.8882"
2026-05-28T17:02:06.800,jbl6,self_20260528_170130,clip_005,1,rest,,1.9027,53609.0,raspberry_pi_seeed_gsr,"53609,1.9027"
2026-05-28T17:02:06.822,jbl6,self_20260528_170130,clip_005,1,rest,,1.893,53629.0,raspberry_pi_seeed_gsr,"53629,1.8930"
2026-05-28T17:02:06.845,jbl6,self_20260528_170130,clip_005,1,rest,,1.8777,53650.0,raspberry_pi_seeed_gsr,"53650,1.8777"
2026-05-28T17:02:06.869,jbl6,self_20260528_170130,clip_005,1,rest,,1.8857,53670.0,raspberry_pi_seeed_gsr,"53670,1.8857"
2026-05-28T17:02:06.893,jbl6,self_20260528_170130,clip_005,1,rest,,1.8922,53690.0,raspberry_pi_seeed_gsr,"53690,1.8922"
2026-05-28T17:02:13.288,jbl6,self_20260528_170130,clip_005,1,listen,,0.8429,63853.0,raspberry_pi_seeed_gsr,"63853,0.8429"
2026-05-28T17:02:13.336,jbl6,self_20260528_170130,clip_005,1,listen,,0.8446,63874.0,raspberry_pi_seeed_gsr,"63874,0.8446"
2026-05-28T17:02:13.362,jbl6,self_20260528_170130,clip_005,1,listen,,0.8454,63895.0,raspberry_pi_seeed_gsr,"63895,0.8454"
2026-05-28T17:02:13.393,jbl6,self_20260528_170130,clip_005,1,listen,,0.8462,63916.0,raspberry_pi_seeed_gsr,"63916,0.8462"
2026-05-28T17:02:13.415,jbl6,self_20260528_170130,clip_005,1,listen,,0.8397,63937.0,raspberry_pi_seeed_gsr,"63937,0.8397"
2026-05-28T17:02:13.438,jbl6,self_20260528_170130,clip_005,1,listen,,0.8437,63958.0,raspberry_pi_seeed_gsr,"63958,0.8437"
2026-05-28T17:02:13.459,jbl6,self_20260528_170130,clip_005,1,listen,,0.847,63979.0,raspberry_pi_seeed_gsr,"63979,0.8470"
2026-05-28T17:02:13.480,jbl6,self_20260528_170130,clip_005,1,listen,,0.8454,64000.0,raspberry_pi_seeed_gsr,"64000,0.8454"
2026-05-28T17:02:13.503,jbl6,self_20260528_170130,clip_005,1,listen,,0.8405,64021.0,raspberry_pi_seeed_gsr,"64021,0.8405"
2026-05-28T17:02:13.524,jbl6,self_20260528_170130,clip_005,1,listen,,0.8446,64042.0,raspberry_pi_seeed_gsr,"64042,0.8446"
2026-05-28T17:02:13.546,jbl6,self_20260528_170130,clip_005,1,listen,,0.8478,64063.0,raspberry_pi_seeed_gsr,"64063,0.8478"
2026-05-28T17:02:13.568,jbl6,self_20260528_170130,clip_005,1,listen,,0.851,64084.0,raspberry_pi_seeed_gsr,"64084,0.8510"
2026-05-28T17:02:13.591,jbl6,self_20260528_170130,clip_005,1,listen,,0.8454,64105.0,raspberry_pi_seeed_gsr,"64105,0.8454"
2026-05-28T17:02:13.613,jbl6,self_20260528_170130,clip_005,1,listen,,0.8518,64126.0,raspberry_pi_seeed_gsr,"64126,0.8518"
2026-05-28T17:02:13.635,jbl6,self_20260528_170130,clip_005,1,listen,,0.8542,64147.0,raspberry_pi_seeed_gsr,"64147,0.8542"
2026-05-28T17:02:13.658,jbl6,self_20260528_170130,clip_005,1,listen,,0.8518,64168.0,raspberry_pi_seeed_gsr,"64168,0.8518"
2026-05-28T17:02:13.679,jbl6,self_20260528_170130,clip_005,1,listen,,0.855,64189.0,raspberry_pi_seeed_gsr,"64189,0.8550"
2026-05-28T17:02:13.701,jbl6,self_20260528_170130,clip_005,1,listen,,0.8679,64210.0,raspberry_pi_seeed_gsr,"64210,0.8679"
2026-05-28T17:02:13.723,jbl6,self_20260528_170130,clip_005,1,listen,,0.8736,64231.0,raspberry_pi_seeed_gsr,"64231,0.8736"
2026-05-28T17:02:13.746,jbl6,self_20260528_170130,clip_005,1,listen,,0.8744,64252.0,raspberry_pi_seeed_gsr,"64252,0.8744"
2026-05-28T17:02:13.769,jbl6,self_20260528_170130,clip_005,1,listen,,0.8816,64273.0,raspberry_pi_seeed_gsr,"64273,0.8816"
2026-05-28T17:02:13.793,jbl6,self_20260528_170130,clip_005,1,listen,,0.8945,64294.0,raspberry_pi_seeed_gsr,"64294,0.8945"
2026-05-28T17:02:13.816,jbl6,self_20260528_170130,clip_005,1,listen,,0.9001,64315.0,raspberry_pi_seeed_gsr,"64315,0.9001"
2026-05-28T17:02:13.839,jbl6,self_20260528_170130,clip_005,1,listen,,0.9009,64336.0,raspberry_pi_seeed_gsr,"64336,0.9009"
2026-05-28T17:02:13.863,jbl6,self_20260528_170130,clip_005,1,listen,,0.9026,64357.0,raspberry_pi_seeed_gsr,"64357,0.9026"
2026-05-28T17:02:13.886,jbl6,self_20260528_170130,clip_005,1,listen,,0.9163,64378.0,raspberry_pi_seeed_gsr,"64378,0.9163"
2026-05-28T17:02:13.910,jbl6,self_20260528_170130,clip_005,1,listen,,0.9122,64399.0,raspberry_pi_seeed_gsr,"64399,0.9122"
2026-05-28T17:02:13.935,jbl6,self_20260528_170130,clip_005,1,listen,,0.9074,64420.0,raspberry_pi_seeed_gsr,"64420,0.9074"
2026-05-28T17:02:13.958,jbl6,self_20260528_170130,clip_005,1,listen,,0.913,64441.0,raspberry_pi_seeed_gsr,"64441,0.9130"
2026-05-28T17:02:13.982,jbl6,self_20260528_170130,clip_005,1,listen,,0.9074,64462.0,raspberry_pi_seeed_gsr,"64462,0.9074"
2026-05-28T17:02:14.006,jbl6,self_20260528_170130,clip_005,1,listen,,0.9034,64483.0,raspberry_pi_seeed_gsr,"64483,0.9034"
2026-05-28T17:02:14.031,jbl6,self_20260528_170130,clip_005,1,listen,,0.8961,64504.0,raspberry_pi_seeed_gsr,"64504,0.8961"
2026-05-28T17:02:14.055,jbl6,self_20260528_170130,clip_005,1,listen,,0.8929,64525.0,raspberry_pi_seeed_gsr,"64525,0.8929"
2026-05-28T17:02:14.078,jbl6,self_20260528_170130,clip_005,1,listen,,0.8961,64546.0,raspberry_pi_seeed_gsr,"64546,0.8961"
2026-05-28T17:02:14.102,jbl6,self_20260528_170130,clip_005,1,listen,,0.8889,64567.0,raspberry_pi_seeed_gsr,"64567,0.8889"
2026-05-28T17:02:14.126,jbl6,self_20260528_170130,clip_005,1,listen,,0.8848,64588.0,raspberry_pi_seeed_gsr,"64588,0.8848"
2026-05-28T17:02:14.149,jbl6,self_20260528_170130,clip_005,1,listen,,0.8864,64609.0,raspberry_pi_seeed_gsr,"64609,0.8864"
2026-05-28T17:02:14.174,jbl6,self_20260528_170130,clip_005,1,listen,,0.8921,64630.0,raspberry_pi_seeed_gsr,"64630,0.8921"
2026-05-28T17:02:14.198,jbl6,self_20260528_170130,clip_005,1,listen,,0.884,64651.0,raspberry_pi_seeed_gsr,"64651,0.8840"
2026-05-28T17:02:14.222,jbl6,self_20260528_170130,clip_005,1,listen,,0.8816,64672.0,raspberry_pi_seeed_gsr,"64672,0.8816"
2026-05-28T17:02:14.247,jbl6,self_20260528_170130,clip_005,1,listen,,0.8889,64693.0,raspberry_pi_seeed_gsr,"64693,0.8889"
2026-05-28T17:02:14.271,jbl6,self_20260528_170130,clip_005,1,listen,,0.8977,64714.0,raspberry_pi_seeed_gsr,"64714,0.8977"
2026-05-28T17:02:14.296,jbl6,self_20260528_170130,clip_005,1,listen,,0.8897,64735.0,raspberry_pi_seeed_gsr,"64735,0.8897"
2026-05-28T17:02:14.319,jbl6,self_20260528_170130,clip_005,1,listen,,0.8977,64756.0,raspberry_pi_seeed_gsr,"64756,0.8977"
2026-05-28T17:02:14.344,jbl6,self_20260528_170130,clip_005,1,listen,,0.8881,64777.0,raspberry_pi_seeed_gsr,"64777,0.8881"
2026-05-28T17:02:14.369,jbl6,self_20260528_170130,clip_005,1,listen,,0.8921,64798.0,raspberry_pi_seeed_gsr,"64798,0.8921"
2026-05-28T17:02:14.394,jbl6,self_20260528_170130,clip_005,1,listen,,0.8864,64819.0,raspberry_pi_seeed_gsr,"64819,0.8864"
2026-05-28T17:02:14.420,jbl6,self_20260528_170130,clip_005,1,listen,,0.8881,64840.0,raspberry_pi_seeed_gsr,"64840,0.8881"
2026-05-28T17:02:14.445,jbl6,self_20260528_170130,clip_005,1,listen,,0.8921,64861.0,raspberry_pi_seeed_gsr,"64861,0.8921"
2026-05-28T17:02:14.471,jbl6,self_20260528_170130,clip_005,1,listen,,0.8937,64882.0,raspberry_pi_seeed_gsr,"64882,0.8937"
2026-05-28T17:02:14.496,jbl6,self_20260528_170130,clip_005,1,listen,,0.8913,64903.0,raspberry_pi_seeed_gsr,"64903,0.8913"
2026-05-28T17:02:14.526,jbl6,self_20260528_170130,clip_005,1,listen,,0.8752,64924.0,raspberry_pi_seeed_gsr,"64924,0.8752"
2026-05-28T17:02:14.552,jbl6,self_20260528_170130,clip_005,1,listen,,0.8969,64945.0,raspberry_pi_seeed_gsr,"64945,0.8969"
2026-05-28T17:02:14.577,jbl6,self_20260528_170130,clip_005,1,listen,,0.8913,64966.0,raspberry_pi_seeed_gsr,"64966,0.8913"
2026-05-28T17:02:14.602,jbl6,self_20260528_170130,clip_005,1,listen,,0.8848,64987.0,raspberry_pi_seeed_gsr,"64987,0.8848"
2026-05-28T17:02:14.628,jbl6,self_20260528_170130,clip_005,1,listen,,0.8808,65008.0,raspberry_pi_seeed_gsr,"65008,0.8808"
2026-05-28T17:02:14.654,jbl6,self_20260528_170130,clip_005,1,listen,,0.8881,65029.0,raspberry_pi_seeed_gsr,"65029,0.8881"
2026-05-28T17:02:14.679,jbl6,self_20260528_170130,clip_005,1,listen,,0.8848,65050.0,raspberry_pi_seeed_gsr,"65050,0.8848"
2026-05-28T17:02:14.705,jbl6,self_20260528_170130,clip_005,1,listen,,0.8808,65071.0,raspberry_pi_seeed_gsr,"65071,0.8808"
2026-05-28T17:02:14.730,jbl6,self_20260528_170130,clip_005,1,listen,,0.8832,65092.0,raspberry_pi_seeed_gsr,"65092,0.8832"
2026-05-28T17:02:14.756,jbl6,self_20260528_170130,clip_005,1,listen,,0.8856,65113.0,raspberry_pi_seeed_gsr,"65113,0.8856"
2026-05-28T17:02:14.778,jbl6,self_20260528_170130,clip_005,1,listen,,0.8792,65134.0,raspberry_pi_seeed_gsr,"65134,0.8792"
2026-05-28T17:02:14.802,jbl6,self_20260528_170130,clip_005,1,listen,,0.8808,65155.0,raspberry_pi_seeed_gsr,"65155,0.8808"
2026-05-28T17:02:14.825,jbl6,self_20260528_170130,clip_005,1,listen,,0.8816,65176.0,raspberry_pi_seeed_gsr,"65176,0.8816"
2026-05-28T17:02:14.848,jbl6,self_20260528_170130,clip_005,1,listen,,0.884,65197.0,raspberry_pi_seeed_gsr,"65197,0.8840"
2026-05-28T17:02:14.871,jbl6,self_20260528_170130,clip_005,1,listen,,0.8832,65218.0,raspberry_pi_seeed_gsr,"65218,0.8832"
2026-05-28T17:02:14.894,jbl6,self_20260528_170130,clip_005,1,listen,,0.8792,65239.0,raspberry_pi_seeed_gsr,"65239,0.8792"
2026-05-28T17:02:14.916,jbl6,self_20260528_170130,clip_005,1,listen,,0.8816,65260.0,raspberry_pi_seeed_gsr,"65260,0.8816"
2026-05-28T17:02:14.938,jbl6,self_20260528_170130,clip_005,1,listen,,0.8856,65281.0,raspberry_pi_seeed_gsr,"65281,0.8856"
2026-05-28T17:02:14.961,jbl6,self_20260528_170130,clip_005,1,listen,,0.8768,65302.0,raspberry_pi_seeed_gsr,"65302,0.8768"
2026-05-28T17:02:14.983,jbl6,self_20260528_170130,clip_005,1,listen,,0.8768,65323.0,raspberry_pi_seeed_gsr,"65323,0.8768"
2026-05-28T17:02:15.006,jbl6,self_20260528_170130,clip_005,1,listen,,0.8816,65344.0,raspberry_pi_seeed_gsr,"65344,0.8816"
2026-05-28T17:02:15.029,jbl6,self_20260528_170130,clip_005,1,listen,,0.884,65365.0,raspberry_pi_seeed_gsr,"65365,0.8840"
2026-05-28T17:02:15.053,jbl6,self_20260528_170130,clip_005,1,listen,,0.8832,65386.0,raspberry_pi_seeed_gsr,"65386,0.8832"
2026-05-28T17:02:15.106,jbl6,self_20260528_170130,clip_005,1,listen,,0.8776,65407.0,raspberry_pi_seeed_gsr,"65407,0.8776"
2026-05-28T17:02:15.128,jbl6,self_20260528_170130,clip_005,1,listen,,0.8832,65428.0,raspberry_pi_seeed_gsr,"65428,0.8832"
2026-05-28T17:02:15.152,jbl6,self_20260528_170130,clip_005,1,listen,,0.8816,65449.0,raspberry_pi_seeed_gsr,"65449,0.8816"
2026-05-28T17:02:15.175,jbl6,self_20260528_170130,clip_005,1,listen,,0.884,65470.0,raspberry_pi_seeed_gsr,"65470,0.8840"
2026-05-28T17:02:15.198,jbl6,self_20260528_170130,clip_005,1,listen,,0.8816,65491.0,raspberry_pi_seeed_gsr,"65491,0.8816"
2026-05-28T17:02:15.221,jbl6,self_20260528_170130,clip_005,1,listen,,0.8864,65512.0,raspberry_pi_seeed_gsr,"65512,0.8864"
2026-05-28T17:02:15.244,jbl6,self_20260528_170130,clip_005,1,listen,,0.8856,65533.0,raspberry_pi_seeed_gsr,"65533,0.8856"
2026-05-28T17:02:15.267,jbl6,self_20260528_170130,clip_005,1,listen,,0.8816,65554.0,raspberry_pi_seeed_gsr,"65554,0.8816"
2026-05-28T17:02:15.289,jbl6,self_20260528_170130,clip_005,1,listen,,0.8848,65575.0,raspberry_pi_seeed_gsr,"65575,0.8848"
2026-05-28T17:02:15.311,jbl6,self_20260528_170130,clip_005,1,listen,,0.8905,65596.0,raspberry_pi_seeed_gsr,"65596,0.8905"
2026-05-28T17:02:15.333,jbl6,self_20260528_170130,clip_005,1,listen,,0.8832,65617.0,raspberry_pi_seeed_gsr,"65617,0.8832"
2026-05-28T17:02:15.356,jbl6,self_20260528_170130,clip_005,1,listen,,0.8768,65638.0,raspberry_pi_seeed_gsr,"65638,0.8768"
2026-05-28T17:02:15.379,jbl6,self_20260528_170130,clip_005,1,listen,,0.8848,65659.0,raspberry_pi_seeed_gsr,"65659,0.8848"
2026-05-28T17:02:15.402,jbl6,self_20260528_170130,clip_005,1,listen,,0.8905,65680.0,raspberry_pi_seeed_gsr,"65680,0.8905"
2026-05-28T17:02:15.424,jbl6,self_20260528_170130,clip_005,1,listen,,0.8889,65701.0,raspberry_pi_seeed_gsr,"65701,0.8889"
2026-05-28T17:02:15.448,jbl6,self_20260528_170130,clip_005,1,listen,,0.884,65722.0,raspberry_pi_seeed_gsr,"65722,0.8840"
2026-05-28T17:02:15.470,jbl6,self_20260528_170130,clip_005,1,listen,,0.8687,65743.0,raspberry_pi_seeed_gsr,"65743,0.8687"
2026-05-28T17:02:15.493,jbl6,self_20260528_170130,clip_005,1,listen,,0.8937,65764.0,raspberry_pi_seeed_gsr,"65764,0.8937"
2026-05-28T17:02:15.517,jbl6,self_20260528_170130,clip_005,1,listen,,0.8776,65785.0,raspberry_pi_seeed_gsr,"65785,0.8776"
2026-05-28T17:02:15.542,jbl6,self_20260528_170130,clip_005,1,listen,,0.8864,65806.0,raspberry_pi_seeed_gsr,"65806,0.8864"
2026-05-28T17:02:15.565,jbl6,self_20260528_170130,clip_005,1,listen,,0.8921,65827.0,raspberry_pi_seeed_gsr,"65827,0.8921"
2026-05-28T17:02:15.588,jbl6,self_20260528_170130,clip_005,1,listen,,0.8921,65848.0,raspberry_pi_seeed_gsr,"65848,0.8921"
2026-05-28T17:02:15.611,jbl6,self_20260528_170130,clip_005,1,listen,,0.8889,65869.0,raspberry_pi_seeed_gsr,"65869,0.8889"
2026-05-28T17:02:15.634,jbl6,self_20260528_170130,clip_005,1,listen,,0.8889,65890.0,raspberry_pi_seeed_gsr,"65890,0.8889"
2026-05-28T17:02:15.657,jbl6,self_20260528_170130,clip_005,1,listen,,0.8929,65911.0,raspberry_pi_seeed_gsr,"65911,0.8929"
2026-05-28T17:02:15.682,jbl6,self_20260528_170130,clip_005,1,listen,,0.8921,65932.0,raspberry_pi_seeed_gsr,"65932,0.8921"
2026-05-28T17:02:15.705,jbl6,self_20260528_170130,clip_005,1,listen,,0.8897,65953.0,raspberry_pi_seeed_gsr,"65953,0.8897"
2026-05-28T17:02:15.729,jbl6,self_20260528_170130,clip_005,1,listen,,0.8881,65974.0,raspberry_pi_seeed_gsr,"65974,0.8881"
2026-05-28T17:02:15.752,jbl6,self_20260528_170130,clip_005,1,listen,,0.8921,65995.0,raspberry_pi_seeed_gsr,"65995,0.8921"
2026-05-28T17:02:15.775,jbl6,self_20260528_170130,clip_005,1,listen,,0.8929,66016.0,raspberry_pi_seeed_gsr,"66016,0.8929"
2026-05-28T17:02:15.799,jbl6,self_20260528_170130,clip_005,1,listen,,0.8905,66037.0,raspberry_pi_seeed_gsr,"66037,0.8905"
2026-05-28T17:02:15.833,jbl6,self_20260528_170130,clip_005,1,listen,,0.8913,66058.0,raspberry_pi_seeed_gsr,"66058,0.8913"
2026-05-28T17:02:15.856,jbl6,self_20260528_170130,clip_005,1,listen,,0.8937,66079.0,raspberry_pi_seeed_gsr,"66079,0.8937"
2026-05-28T17:02:15.879,jbl6,self_20260528_170130,clip_005,1,listen,,0.8945,66100.0,raspberry_pi_seeed_gsr,"66100,0.8945"
2026-05-28T17:02:15.901,jbl6,self_20260528_170130,clip_005,1,listen,,0.8921,66121.0,raspberry_pi_seeed_gsr,"66121,0.8921"
2026-05-28T17:02:15.925,jbl6,self_20260528_170130,clip_005,1,listen,,0.8913,66142.0,raspberry_pi_seeed_gsr,"66142,0.8913"
2026-05-28T17:02:15.948,jbl6,self_20260528_170130,clip_005,1,listen,,0.8985,66163.0,raspberry_pi_seeed_gsr,"66163,0.8985"
2026-05-28T17:02:15.971,jbl6,self_20260528_170130,clip_005,1,listen,,0.8937,66184.0,raspberry_pi_seeed_gsr,"66184,0.8937"
2026-05-28T17:02:15.994,jbl6,self_20260528_170130,clip_005,1,listen,,0.8897,66205.0,raspberry_pi_seeed_gsr,"66205,0.8897"
2026-05-28T17:02:16.017,jbl6,self_20260528_170130,clip_005,1,listen,,0.8969,66226.0,raspberry_pi_seeed_gsr,"66226,0.8969"
2026-05-28T17:02:16.040,jbl6,self_20260528_170130,clip_005,1,listen,,0.8937,66247.0,raspberry_pi_seeed_gsr,"66247,0.8937"
2026-05-28T17:02:16.063,jbl6,self_20260528_170130,clip_005,1,listen,,0.8905,66268.0,raspberry_pi_seeed_gsr,"66268,0.8905"
2026-05-28T17:02:16.087,jbl6,self_20260528_170130,clip_005,1,listen,,0.8945,66289.0,raspberry_pi_seeed_gsr,"66289,0.8945"
2026-05-28T17:02:16.110,jbl6,self_20260528_170130,clip_005,1,listen,,0.8929,66310.0,raspberry_pi_seeed_gsr,"66310,0.8929"
2026-05-28T17:02:16.137,jbl6,self_20260528_170130,clip_005,1,listen,,0.8929,66331.0,raspberry_pi_seeed_gsr,"66331,0.8929"
2026-05-28T17:02:16.160,jbl6,self_20260528_170130,clip_005,1,listen,,0.8711,66352.0,raspberry_pi_seeed_gsr,"66352,0.8711"
2026-05-28T17:02:16.184,jbl6,self_20260528_170130,clip_005,1,listen,,0.8873,66373.0,raspberry_pi_seeed_gsr,"66373,0.8873"
2026-05-28T17:02:16.206,jbl6,self_20260528_170130,clip_005,1,listen,,0.8889,66394.0,raspberry_pi_seeed_gsr,"66394,0.8889"
2026-05-28T17:02:16.229,jbl6,self_20260528_170130,clip_005,1,listen,,0.8921,66415.0,raspberry_pi_seeed_gsr,"66415,0.8921"
2026-05-28T17:02:16.252,jbl6,self_20260528_170130,clip_005,1,listen,,0.8905,66436.0,raspberry_pi_seeed_gsr,"66436,0.8905"
2026-05-28T17:02:16.277,jbl6,self_20260528_170130,clip_005,1,listen,,0.8873,66457.0,raspberry_pi_seeed_gsr,"66457,0.8873"
2026-05-28T17:02:16.299,jbl6,self_20260528_170130,clip_005,1,listen,,0.8937,66478.0,raspberry_pi_seeed_gsr,"66478,0.8937"
2026-05-28T17:02:16.322,jbl6,self_20260528_170130,clip_005,1,listen,,0.8897,66499.0,raspberry_pi_seeed_gsr,"66499,0.8897"
2026-05-28T17:02:16.347,jbl6,self_20260528_170130,clip_005,1,listen,,0.8929,66520.0,raspberry_pi_seeed_gsr,"66520,0.8929"
2026-05-28T17:02:16.371,jbl6,self_20260528_170130,clip_005,1,listen,,0.8873,66541.0,raspberry_pi_seeed_gsr,"66541,0.8873"
2026-05-28T17:02:16.395,jbl6,self_20260528_170130,clip_005,1,listen,,0.8881,66562.0,raspberry_pi_seeed_gsr,"66562,0.8881"
2026-05-28T17:02:16.417,jbl6,self_20260528_170130,clip_005,1,listen,,0.8921,66583.0,raspberry_pi_seeed_gsr,"66583,0.8921"
2026-05-28T17:02:16.441,jbl6,self_20260528_170130,clip_005,1,listen,,0.8897,66604.0,raspberry_pi_seeed_gsr,"66604,0.8897"
2026-05-28T17:02:16.463,jbl6,self_20260528_170130,clip_005,1,listen,,0.8873,66625.0,raspberry_pi_seeed_gsr,"66625,0.8873"
2026-05-28T17:02:16.486,jbl6,self_20260528_170130,clip_005,1,listen,,0.8921,66646.0,raspberry_pi_seeed_gsr,"66646,0.8921"
2026-05-28T17:02:16.509,jbl6,self_20260528_170130,clip_005,1,listen,,0.8873,66667.0,raspberry_pi_seeed_gsr,"66667,0.8873"
2026-05-28T17:02:16.532,jbl6,self_20260528_170130,clip_005,1,listen,,0.8856,66688.0,raspberry_pi_seeed_gsr,"66688,0.8856"
2026-05-28T17:02:16.556,jbl6,self_20260528_170130,clip_005,1,listen,,0.8889,66709.0,raspberry_pi_seeed_gsr,"66709,0.8889"
2026-05-28T17:02:16.580,jbl6,self_20260528_170130,clip_005,1,listen,,0.8905,66730.0,raspberry_pi_seeed_gsr,"66730,0.8905"
2026-05-28T17:02:16.610,jbl6,self_20260528_170130,clip_005,1,listen,,0.8881,66751.0,raspberry_pi_seeed_gsr,"66751,0.8881"
2026-05-28T17:02:16.642,jbl6,self_20260528_170130,clip_005,1,listen,,0.8832,66772.0,raspberry_pi_seeed_gsr,"66772,0.8832"
2026-05-28T17:02:16.665,jbl6,self_20260528_170130,clip_005,1,listen,,0.8905,66793.0,raspberry_pi_seeed_gsr,"66793,0.8905"
2026-05-28T17:02:16.688,jbl6,self_20260528_170130,clip_005,1,listen,,0.8881,66814.0,raspberry_pi_seeed_gsr,"66814,0.8881"
2026-05-28T17:02:16.711,jbl6,self_20260528_170130,clip_005,1,listen,,0.8856,66835.0,raspberry_pi_seeed_gsr,"66835,0.8856"
2026-05-28T17:02:16.733,jbl6,self_20260528_170130,clip_005,1,listen,,0.8832,66856.0,raspberry_pi_seeed_gsr,"66856,0.8832"
2026-05-28T17:02:16.756,jbl6,self_20260528_170130,clip_005,1,listen,,0.8913,66877.0,raspberry_pi_seeed_gsr,"66877,0.8913"
2026-05-28T17:02:16.778,jbl6,self_20260528_170130,clip_005,1,listen,,0.8905,66898.0,raspberry_pi_seeed_gsr,"66898,0.8905"
2026-05-28T17:02:16.802,jbl6,self_20260528_170130,clip_005,1,listen,,0.8913,66919.0,raspberry_pi_seeed_gsr,"66919,0.8913"
2026-05-28T17:02:16.825,jbl6,self_20260528_170130,clip_005,1,listen,,0.8832,66940.0,raspberry_pi_seeed_gsr,"66940,0.8832"
2026-05-28T17:02:16.847,jbl6,self_20260528_170130,clip_005,1,listen,,0.8864,66961.0,raspberry_pi_seeed_gsr,"66961,0.8864"
2026-05-28T17:02:16.870,jbl6,self_20260528_170130,clip_005,1,listen,,0.8873,66982.0,raspberry_pi_seeed_gsr,"66982,0.8873"
2026-05-28T17:02:16.893,jbl6,self_20260528_170130,clip_005,1,listen,,0.8719,67003.0,raspberry_pi_seeed_gsr,"67003,0.8719"
2026-05-28T17:02:16.915,jbl6,self_20260528_170130,clip_005,1,listen,,0.8816,67024.0,raspberry_pi_seeed_gsr,"67024,0.8816"
2026-05-28T17:02:16.938,jbl6,self_20260528_170130,clip_005,1,listen,,0.8856,67045.0,raspberry_pi_seeed_gsr,"67045,0.8856"
2026-05-28T17:02:16.961,jbl6,self_20260528_170130,clip_005,1,listen,,0.8792,67066.0,raspberry_pi_seeed_gsr,"67066,0.8792"
2026-05-28T17:02:16.985,jbl6,self_20260528_170130,clip_005,1,listen,,0.8752,67087.0,raspberry_pi_seeed_gsr,"67087,0.8752"
2026-05-28T17:02:17.009,jbl6,self_20260528_170130,clip_005,1,listen,,0.8816,67108.0,raspberry_pi_seeed_gsr,"67108,0.8816"
2026-05-28T17:02:17.032,jbl6,self_20260528_170130,clip_005,1,listen,,0.884,67129.0,raspberry_pi_seeed_gsr,"67129,0.8840"
2026-05-28T17:02:17.055,jbl6,self_20260528_170130,clip_005,1,listen,,0.884,67150.0,raspberry_pi_seeed_gsr,"67150,0.8840"
2026-05-28T17:02:17.078,jbl6,self_20260528_170130,clip_005,1,listen,,0.8776,67171.0,raspberry_pi_seeed_gsr,"67171,0.8776"
2026-05-28T17:02:17.101,jbl6,self_20260528_170130,clip_005,1,listen,,0.8816,67192.0,raspberry_pi_seeed_gsr,"67192,0.8816"
2026-05-28T17:02:17.124,jbl6,self_20260528_170130,clip_005,1,listen,,0.8856,67213.0,raspberry_pi_seeed_gsr,"67213,0.8856"
2026-05-28T17:02:17.147,jbl6,self_20260528_170130,clip_005,1,listen,,0.8808,67234.0,raspberry_pi_seeed_gsr,"67234,0.8808"
2026-05-28T17:02:17.169,jbl6,self_20260528_170130,clip_005,1,listen,,0.8736,67255.0,raspberry_pi_seeed_gsr,"67255,0.8736"
2026-05-28T17:02:17.193,jbl6,self_20260528_170130,clip_005,1,listen,,0.8832,67276.0,raspberry_pi_seeed_gsr,"67276,0.8832"
2026-05-28T17:02:17.215,jbl6,self_20260528_170130,clip_005,1,listen,,0.8816,67297.0,raspberry_pi_seeed_gsr,"67297,0.8816"
2026-05-28T17:02:17.238,jbl6,self_20260528_170130,clip_005,1,listen,,0.8752,67318.0,raspberry_pi_seeed_gsr,"67318,0.8752"
2026-05-28T17:02:17.261,jbl6,self_20260528_170130,clip_005,1,listen,,0.8792,67339.0,raspberry_pi_seeed_gsr,"67339,0.8792"
2026-05-28T17:02:17.284,jbl6,self_20260528_170130,clip_005,1,listen,,0.8792,67360.0,raspberry_pi_seeed_gsr,"67360,0.8792"
2026-05-28T17:02:17.307,jbl6,self_20260528_170130,clip_005,1,listen,,0.8727,67381.0,raspberry_pi_seeed_gsr,"67381,0.8727"
2026-05-28T17:02:17.330,jbl6,self_20260528_170130,clip_005,1,listen,,0.8719,67402.0,raspberry_pi_seeed_gsr,"67402,0.8719"
2026-05-28T17:02:17.354,jbl6,self_20260528_170130,clip_005,1,listen,,0.8711,67423.0,raspberry_pi_seeed_gsr,"67423,0.8711"
2026-05-28T17:02:17.377,jbl6,self_20260528_170130,clip_005,1,listen,,0.8776,67444.0,raspberry_pi_seeed_gsr,"67444,0.8776"
2026-05-28T17:02:17.400,jbl6,self_20260528_170130,clip_005,1,listen,,0.8703,67465.0,raspberry_pi_seeed_gsr,"67465,0.8703"
2026-05-28T17:02:17.422,jbl6,self_20260528_170130,clip_005,1,listen,,0.8671,67486.0,raspberry_pi_seeed_gsr,"67486,0.8671"
2026-05-28T17:02:17.445,jbl6,self_20260528_170130,clip_005,1,listen,,0.8663,67507.0,raspberry_pi_seeed_gsr,"67507,0.8663"
2026-05-28T17:02:17.470,jbl6,self_20260528_170130,clip_005,1,listen,,0.8703,67528.0,raspberry_pi_seeed_gsr,"67528,0.8703"
2026-05-28T17:02:17.494,jbl6,self_20260528_170130,clip_005,1,listen,,0.8736,67549.0,raspberry_pi_seeed_gsr,"67549,0.8736"
2026-05-28T17:02:17.517,jbl6,self_20260528_170130,clip_005,1,listen,,0.8631,67570.0,raspberry_pi_seeed_gsr,"67570,0.8631"
2026-05-28T17:02:17.540,jbl6,self_20260528_170130,clip_005,1,listen,,0.8591,67591.0,raspberry_pi_seeed_gsr,"67591,0.8591"
2026-05-28T17:02:17.563,jbl6,self_20260528_170130,clip_005,1,listen,,0.8655,67612.0,raspberry_pi_seeed_gsr,"67612,0.8655"
2026-05-28T17:02:17.586,jbl6,self_20260528_170130,clip_005,1,listen,,0.8631,67633.0,raspberry_pi_seeed_gsr,"67633,0.8631"
2026-05-28T17:02:17.608,jbl6,self_20260528_170130,clip_005,1,listen,,0.8542,67654.0,raspberry_pi_seeed_gsr,"67654,0.8542"
2026-05-28T17:02:17.633,jbl6,self_20260528_170130,clip_005,1,listen,,0.8534,67675.0,raspberry_pi_seeed_gsr,"67675,0.8534"
2026-05-28T17:02:17.656,jbl6,self_20260528_170130,clip_005,1,listen,,0.8639,67696.0,raspberry_pi_seeed_gsr,"67696,0.8639"
2026-05-28T17:02:17.680,jbl6,self_20260528_170130,clip_005,1,listen,,0.8599,67717.0,raspberry_pi_seeed_gsr,"67717,0.8599"
2026-05-28T17:02:17.702,jbl6,self_20260528_170130,clip_005,1,listen,,0.851,67738.0,raspberry_pi_seeed_gsr,"67738,0.8510"
2026-05-28T17:02:17.726,jbl6,self_20260528_170130,clip_005,1,listen,,0.8486,67759.0,raspberry_pi_seeed_gsr,"67759,0.8486"
2026-05-28T17:02:17.749,jbl6,self_20260528_170130,clip_005,1,listen,,0.8558,67780.0,raspberry_pi_seeed_gsr,"67780,0.8558"
2026-05-28T17:02:17.774,jbl6,self_20260528_170130,clip_005,1,listen,,0.8478,67801.0,raspberry_pi_seeed_gsr,"67801,0.8478"
2026-05-28T17:02:17.796,jbl6,self_20260528_170130,clip_005,1,listen,,0.8421,67822.0,raspberry_pi_seeed_gsr,"67822,0.8421"
2026-05-28T17:02:17.820,jbl6,self_20260528_170130,clip_005,1,listen,,0.8462,67843.0,raspberry_pi_seeed_gsr,"67843,0.8462"
2026-05-28T17:02:17.842,jbl6,self_20260528_170130,clip_005,1,listen,,0.8413,67864.0,raspberry_pi_seeed_gsr,"67864,0.8413"
2026-05-28T17:02:17.865,jbl6,self_20260528_170130,clip_005,1,listen,,0.8413,67885.0,raspberry_pi_seeed_gsr,"67885,0.8413"
2026-05-28T17:02:17.889,jbl6,self_20260528_170130,clip_005,1,listen,,0.8333,67906.0,raspberry_pi_seeed_gsr,"67906,0.8333"
2026-05-28T17:02:17.913,jbl6,self_20260528_170130,clip_005,1,listen,,0.8381,67927.0,raspberry_pi_seeed_gsr,"67927,0.8381"
2026-05-28T17:02:17.935,jbl6,self_20260528_170130,clip_005,1,listen,,0.8357,67948.0,raspberry_pi_seeed_gsr,"67948,0.8357"
2026-05-28T17:02:17.958,jbl6,self_20260528_170130,clip_005,1,listen,,0.8325,67969.0,raspberry_pi_seeed_gsr,"67969,0.8325"
2026-05-28T17:02:17.981,jbl6,self_20260528_170130,clip_005,1,listen,,0.8309,67990.0,raspberry_pi_seeed_gsr,"67990,0.8309"
2026-05-28T17:02:18.003,jbl6,self_20260528_170130,clip_005,1,listen,,0.8381,68011.0,raspberry_pi_seeed_gsr,"68011,0.8381"
2026-05-28T17:02:18.028,jbl6,self_20260528_170130,clip_005,1,listen,,0.8317,68032.0,raspberry_pi_seeed_gsr,"68032,0.8317"
2026-05-28T17:02:18.051,jbl6,self_20260528_170130,clip_005,1,listen,,0.826,68053.0,raspberry_pi_seeed_gsr,"68053,0.8260"
2026-05-28T17:02:18.075,jbl6,self_20260528_170130,clip_005,1,listen,,0.8227,68074.0,raspberry_pi_seeed_gsr,"68074,0.8227"
2026-05-28T17:02:18.098,jbl6,self_20260528_170130,clip_005,1,listen,,0.8252,68095.0,raspberry_pi_seeed_gsr,"68095,0.8252"
2026-05-28T17:02:18.121,jbl6,self_20260528_170130,clip_005,1,listen,,0.8227,68116.0,raspberry_pi_seeed_gsr,"68116,0.8227"
2026-05-28T17:02:18.144,jbl6,self_20260528_170130,clip_005,1,listen,,0.8171,68137.0,raspberry_pi_seeed_gsr,"68137,0.8171"
2026-05-28T17:02:18.168,jbl6,self_20260528_170130,clip_005,1,listen,,0.8163,68158.0,raspberry_pi_seeed_gsr,"68158,0.8163"
2026-05-28T17:02:18.192,jbl6,self_20260528_170130,clip_005,1,listen,,0.8211,68179.0,raspberry_pi_seeed_gsr,"68179,0.8211"
2026-05-28T17:02:18.215,jbl6,self_20260528_170130,clip_005,1,listen,,0.8163,68200.0,raspberry_pi_seeed_gsr,"68200,0.8163"
2026-05-28T17:02:18.238,jbl6,self_20260528_170130,clip_005,1,listen,,0.8026,68221.0,raspberry_pi_seeed_gsr,"68221,0.8026"
2026-05-28T17:02:18.262,jbl6,self_20260528_170130,clip_005,1,listen,,0.8123,68242.0,raspberry_pi_seeed_gsr,"68242,0.8123"
2026-05-28T17:02:18.284,jbl6,self_20260528_170130,clip_005,1,listen,,0.8155,68263.0,raspberry_pi_seeed_gsr,"68263,0.8155"
2026-05-28T17:02:18.307,jbl6,self_20260528_170130,clip_005,1,listen,,0.8099,68284.0,raspberry_pi_seeed_gsr,"68284,0.8099"
2026-05-28T17:02:18.365,jbl6,self_20260528_170130,clip_005,1,listen,,0.8058,68305.0,raspberry_pi_seeed_gsr,"68305,0.8058"
2026-05-28T17:02:18.389,jbl6,self_20260528_170130,clip_005,1,listen,,0.8082,68326.0,raspberry_pi_seeed_gsr,"68326,0.8082"
2026-05-28T17:02:18.411,jbl6,self_20260528_170130,clip_005,1,listen,,0.8107,68347.0,raspberry_pi_seeed_gsr,"68347,0.8107"
2026-05-28T17:02:18.435,jbl6,self_20260528_170130,clip_005,1,listen,,0.8034,68368.0,raspberry_pi_seeed_gsr,"68368,0.8034"
2026-05-28T17:02:18.458,jbl6,self_20260528_170130,clip_005,1,listen,,0.8034,68389.0,raspberry_pi_seeed_gsr,"68389,0.8034"
2026-05-28T17:02:18.482,jbl6,self_20260528_170130,clip_005,1,listen,,0.805,68410.0,raspberry_pi_seeed_gsr,"68410,0.8050"
2026-05-28T17:02:18.504,jbl6,self_20260528_170130,clip_005,1,listen,,0.8034,68431.0,raspberry_pi_seeed_gsr,"68431,0.8034"
2026-05-28T17:02:18.527,jbl6,self_20260528_170130,clip_005,1,listen,,0.797,68452.0,raspberry_pi_seeed_gsr,"68452,0.7970"
2026-05-28T17:02:18.550,jbl6,self_20260528_170130,clip_005,1,listen,,0.7962,68473.0,raspberry_pi_seeed_gsr,"68473,0.7962"
2026-05-28T17:02:18.573,jbl6,self_20260528_170130,clip_005,1,listen,,0.8002,68494.0,raspberry_pi_seeed_gsr,"68494,0.8002"
2026-05-28T17:02:18.597,jbl6,self_20260528_170130,clip_005,1,listen,,0.7994,68515.0,raspberry_pi_seeed_gsr,"68515,0.7994"
2026-05-28T17:02:18.621,jbl6,self_20260528_170130,clip_005,1,listen,,0.7937,68536.0,raspberry_pi_seeed_gsr,"68536,0.7937"
2026-05-28T17:02:18.644,jbl6,self_20260528_170130,clip_005,1,listen,,0.7937,68557.0,raspberry_pi_seeed_gsr,"68557,0.7937"
2026-05-28T17:02:18.673,jbl6,self_20260528_170130,clip_005,1,listen,,0.801,68578.0,raspberry_pi_seeed_gsr,"68578,0.8010"
2026-05-28T17:02:18.697,jbl6,self_20260528_170130,clip_005,1,listen,,0.7978,68599.0,raspberry_pi_seeed_gsr,"68599,0.7978"
2026-05-28T17:02:18.723,jbl6,self_20260528_170130,clip_005,1,listen,,0.7873,68620.0,raspberry_pi_seeed_gsr,"68620,0.7873"
2026-05-28T17:02:18.747,jbl6,self_20260528_170130,clip_005,1,listen,,0.7913,68641.0,raspberry_pi_seeed_gsr,"68641,0.7913"
2026-05-28T17:02:18.770,jbl6,self_20260528_170130,clip_005,1,listen,,0.7945,68662.0,raspberry_pi_seeed_gsr,"68662,0.7945"
2026-05-28T17:02:18.793,jbl6,self_20260528_170130,clip_005,1,listen,,0.7913,68683.0,raspberry_pi_seeed_gsr,"68683,0.7913"
2026-05-28T17:02:18.817,jbl6,self_20260528_170130,clip_005,1,listen,,0.7825,68704.0,raspberry_pi_seeed_gsr,"68704,0.7825"
2026-05-28T17:02:18.840,jbl6,self_20260528_170130,clip_005,1,listen,,0.7857,68725.0,raspberry_pi_seeed_gsr,"68725,0.7857"
2026-05-28T17:02:18.863,jbl6,self_20260528_170130,clip_005,1,listen,,0.7913,68746.0,raspberry_pi_seeed_gsr,"68746,0.7913"
2026-05-28T17:02:18.887,jbl6,self_20260528_170130,clip_005,1,listen,,0.7849,68767.0,raspberry_pi_seeed_gsr,"68767,0.7849"
2026-05-28T17:02:18.911,jbl6,self_20260528_170130,clip_005,1,listen,,0.7817,68788.0,raspberry_pi_seeed_gsr,"68788,0.7817"
2026-05-28T17:02:18.935,jbl6,self_20260528_170130,clip_005,1,listen,,0.7776,68809.0,raspberry_pi_seeed_gsr,"68809,0.7776"
2026-05-28T17:02:18.957,jbl6,self_20260528_170130,clip_005,1,listen,,0.7897,68830.0,raspberry_pi_seeed_gsr,"68830,0.7897"
2026-05-28T17:02:18.981,jbl6,self_20260528_170130,clip_005,1,listen,,0.7849,68851.0,raspberry_pi_seeed_gsr,"68851,0.7849"
2026-05-28T17:02:19.004,jbl6,self_20260528_170130,clip_005,1,listen,,0.7768,68872.0,raspberry_pi_seeed_gsr,"68872,0.7768"
2026-05-28T17:02:19.028,jbl6,self_20260528_170130,clip_005,1,listen,,0.7817,68893.0,raspberry_pi_seeed_gsr,"68893,0.7817"
2026-05-28T17:02:19.052,jbl6,self_20260528_170130,clip_005,1,listen,,0.7833,68914.0,raspberry_pi_seeed_gsr,"68914,0.7833"
2026-05-28T17:02:19.075,jbl6,self_20260528_170130,clip_005,1,listen,,0.7809,68935.0,raspberry_pi_seeed_gsr,"68935,0.7809"
2026-05-28T17:02:19.111,jbl6,self_20260528_170130,clip_005,1,listen,,0.7768,68956.0,raspberry_pi_seeed_gsr,"68956,0.7768"
2026-05-28T17:02:19.133,jbl6,self_20260528_170130,clip_005,1,listen,,0.7809,68977.0,raspberry_pi_seeed_gsr,"68977,0.7809"
2026-05-28T17:02:19.157,jbl6,self_20260528_170130,clip_005,1,listen,,0.7825,68998.0,raspberry_pi_seeed_gsr,"68998,0.7825"
2026-05-28T17:02:19.179,jbl6,self_20260528_170130,clip_005,1,listen,,0.7784,69019.0,raspberry_pi_seeed_gsr,"69019,0.7784"
2026-05-28T17:02:19.201,jbl6,self_20260528_170130,clip_005,1,listen,,0.7752,69040.0,raspberry_pi_seeed_gsr,"69040,0.7752"
2026-05-28T17:02:19.227,jbl6,self_20260528_170130,clip_005,1,listen,,0.7809,69061.0,raspberry_pi_seeed_gsr,"69061,0.7809"
2026-05-28T17:02:19.249,jbl6,self_20260528_170130,clip_005,1,listen,,0.7825,69082.0,raspberry_pi_seeed_gsr,"69082,0.7825"
2026-05-28T17:02:19.273,jbl6,self_20260528_170130,clip_005,1,listen,,0.7752,69103.0,raspberry_pi_seeed_gsr,"69103,0.7752"
2026-05-28T17:02:19.296,jbl6,self_20260528_170130,clip_005,1,listen,,0.7752,69124.0,raspberry_pi_seeed_gsr,"69124,0.7752"
2026-05-28T17:02:19.319,jbl6,self_20260528_170130,clip_005,1,listen,,0.7817,69145.0,raspberry_pi_seeed_gsr,"69145,0.7817"
2026-05-28T17:02:19.342,jbl6,self_20260528_170130,clip_005,1,listen,,0.7817,69166.0,raspberry_pi_seeed_gsr,"69166,0.7817"
2026-05-28T17:02:19.366,jbl6,self_20260528_170130,clip_005,1,listen,,0.7736,69187.0,raspberry_pi_seeed_gsr,"69187,0.7736"
2026-05-28T17:02:19.389,jbl6,self_20260528_170130,clip_005,1,listen,,0.7744,69208.0,raspberry_pi_seeed_gsr,"69208,0.7744"
2026-05-28T17:02:19.416,jbl6,self_20260528_170130,clip_005,1,listen,,0.7881,69229.0,raspberry_pi_seeed_gsr,"69229,0.7881"
2026-05-28T17:02:19.440,jbl6,self_20260528_170130,clip_005,1,listen,,0.7809,69250.0,raspberry_pi_seeed_gsr,"69250,0.7809"
2026-05-28T17:02:19.465,jbl6,self_20260528_170130,clip_005,1,listen,,0.7768,69271.0,raspberry_pi_seeed_gsr,"69271,0.7768"
2026-05-28T17:02:19.489,jbl6,self_20260528_170130,clip_005,1,listen,,0.7784,69292.0,raspberry_pi_seeed_gsr,"69292,0.7784"
2026-05-28T17:02:19.512,jbl6,self_20260528_170130,clip_005,1,listen,,0.7792,69313.0,raspberry_pi_seeed_gsr,"69313,0.7792"
2026-05-28T17:02:19.535,jbl6,self_20260528_170130,clip_005,1,listen,,0.78,69334.0,raspberry_pi_seeed_gsr,"69334,0.7800"
2026-05-28T17:02:19.561,jbl6,self_20260528_170130,clip_005,1,listen,,0.7768,69355.0,raspberry_pi_seeed_gsr,"69355,0.7768"
2026-05-28T17:02:19.583,jbl6,self_20260528_170130,clip_005,1,listen,,0.7784,69376.0,raspberry_pi_seeed_gsr,"69376,0.7784"
2026-05-28T17:02:19.608,jbl6,self_20260528_170130,clip_005,1,listen,,0.7833,69397.0,raspberry_pi_seeed_gsr,"69397,0.7833"
2026-05-28T17:02:19.633,jbl6,self_20260528_170130,clip_005,1,listen,,0.7744,69418.0,raspberry_pi_seeed_gsr,"69418,0.7744"
2026-05-28T17:02:19.656,jbl6,self_20260528_170130,clip_005,1,listen,,0.7841,69439.0,raspberry_pi_seeed_gsr,"69439,0.7841"
2026-05-28T17:02:19.679,jbl6,self_20260528_170130,clip_005,1,listen,,0.7857,69460.0,raspberry_pi_seeed_gsr,"69460,0.7857"
2026-05-28T17:02:19.702,jbl6,self_20260528_170130,clip_005,1,listen,,0.7865,69481.0,raspberry_pi_seeed_gsr,"69481,0.7865"
2026-05-28T17:02:19.726,jbl6,self_20260528_170130,clip_005,1,listen,,0.776,69502.0,raspberry_pi_seeed_gsr,"69502,0.7760"
2026-05-28T17:02:19.748,jbl6,self_20260528_170130,clip_005,1,listen,,0.78,69523.0,raspberry_pi_seeed_gsr,"69523,0.7800"
2026-05-28T17:02:19.771,jbl6,self_20260528_170130,clip_005,1,listen,,0.7784,69543.0,raspberry_pi_seeed_gsr,"69543,0.7784"
2026-05-28T17:02:19.795,jbl6,self_20260528_170130,clip_005,1,listen,,0.7841,69564.0,raspberry_pi_seeed_gsr,"69564,0.7841"
2026-05-28T17:02:19.819,jbl6,self_20260528_170130,clip_005,1,listen,,0.7768,69585.0,raspberry_pi_seeed_gsr,"69585,0.7768"
2026-05-28T17:02:19.843,jbl6,self_20260528_170130,clip_005,1,listen,,0.7776,69606.0,raspberry_pi_seeed_gsr,"69606,0.7776"
2026-05-28T17:02:19.866,jbl6,self_20260528_170130,clip_005,1,listen,,0.7817,69627.0,raspberry_pi_seeed_gsr,"69627,0.7817"
2026-05-28T17:02:19.891,jbl6,self_20260528_170130,clip_005,1,listen,,0.7849,69648.0,raspberry_pi_seeed_gsr,"69648,0.7849"
2026-05-28T17:02:19.916,jbl6,self_20260528_170130,clip_005,1,listen,,0.7809,69669.0,raspberry_pi_seeed_gsr,"69669,0.7809"
2026-05-28T17:02:19.949,jbl6,self_20260528_170130,clip_005,1,listen,,0.7784,69690.0,raspberry_pi_seeed_gsr,"69690,0.7784"
2026-05-28T17:02:19.972,jbl6,self_20260528_170130,clip_005,1,listen,,0.7825,69711.0,raspberry_pi_seeed_gsr,"69711,0.7825"
2026-05-28T17:02:19.995,jbl6,self_20260528_170130,clip_005,1,listen,,0.7913,69732.0,raspberry_pi_seeed_gsr,"69732,0.7913"
2026-05-28T17:02:20.017,jbl6,self_20260528_170130,clip_005,1,listen,,0.776,69753.0,raspberry_pi_seeed_gsr,"69753,0.7760"
2026-05-28T17:02:20.041,jbl6,self_20260528_170130,clip_005,1,listen,,0.7752,69774.0,raspberry_pi_seeed_gsr,"69774,0.7752"
2026-05-28T17:02:20.063,jbl6,self_20260528_170130,clip_005,1,listen,,0.78,69795.0,raspberry_pi_seeed_gsr,"69795,0.7800"
2026-05-28T17:02:20.086,jbl6,self_20260528_170130,clip_005,1,listen,,0.7809,69816.0,raspberry_pi_seeed_gsr,"69816,0.7809"
2026-05-28T17:02:20.109,jbl6,self_20260528_170130,clip_005,1,listen,,0.7752,69837.0,raspberry_pi_seeed_gsr,"69837,0.7752"
2026-05-28T17:02:20.132,jbl6,self_20260528_170130,clip_005,1,listen,,0.7784,69858.0,raspberry_pi_seeed_gsr,"69858,0.7784"
2026-05-28T17:02:20.156,jbl6,self_20260528_170130,clip_005,1,listen,,0.7825,69879.0,raspberry_pi_seeed_gsr,"69879,0.7825"
2026-05-28T17:02:20.180,jbl6,self_20260528_170130,clip_005,1,listen,,0.7825,69900.0,raspberry_pi_seeed_gsr,"69900,0.7825"
2026-05-28T17:02:20.204,jbl6,self_20260528_170130,clip_005,1,listen,,0.776,69921.0,raspberry_pi_seeed_gsr,"69921,0.7760"
2026-05-28T17:02:20.228,jbl6,self_20260528_170130,clip_005,1,listen,,0.7768,69942.0,raspberry_pi_seeed_gsr,"69942,0.7768"
2026-05-28T17:02:20.252,jbl6,self_20260528_170130,clip_005,1,listen,,0.7841,69963.0,raspberry_pi_seeed_gsr,"69963,0.7841"
2026-05-28T17:02:20.276,jbl6,self_20260528_170130,clip_005,1,listen,,0.7768,69984.0,raspberry_pi_seeed_gsr,"69984,0.7768"
2026-05-28T17:02:20.301,jbl6,self_20260528_170130,clip_005,1,listen,,0.776,70005.0,raspberry_pi_seeed_gsr,"70005,0.7760"
2026-05-28T17:02:20.325,jbl6,self_20260528_170130,clip_005,1,listen,,0.7809,70026.0,raspberry_pi_seeed_gsr,"70026,0.7809"
2026-05-28T17:02:20.349,jbl6,self_20260528_170130,clip_005,1,listen,,0.7841,70047.0,raspberry_pi_seeed_gsr,"70047,0.7841"
2026-05-28T17:02:20.373,jbl6,self_20260528_170130,clip_005,1,listen,,0.7809,70068.0,raspberry_pi_seeed_gsr,"70068,0.7809"
2026-05-28T17:02:20.396,jbl6,self_20260528_170130,clip_005,1,listen,,0.7776,70089.0,raspberry_pi_seeed_gsr,"70089,0.7776"
2026-05-28T17:02:20.420,jbl6,self_20260528_170130,clip_005,1,listen,,0.7817,70110.0,raspberry_pi_seeed_gsr,"70110,0.7817"
2026-05-28T17:02:20.444,jbl6,self_20260528_170130,clip_005,1,listen,,0.7865,70131.0,raspberry_pi_seeed_gsr,"70131,0.7865"
2026-05-28T17:02:20.468,jbl6,self_20260528_170130,clip_005,1,listen,,0.776,70152.0,raspberry_pi_seeed_gsr,"70152,0.7760"
2026-05-28T17:02:20.491,jbl6,self_20260528_170130,clip_005,1,listen,,0.7776,70173.0,raspberry_pi_seeed_gsr,"70173,0.7776"
2026-05-28T17:02:20.514,jbl6,self_20260528_170130,clip_005,1,listen,,0.7857,70194.0,raspberry_pi_seeed_gsr,"70194,0.7857"
2026-05-28T17:02:20.537,jbl6,self_20260528_170130,clip_005,1,listen,,0.7841,70215.0,raspberry_pi_seeed_gsr,"70215,0.7841"
2026-05-28T17:02:20.561,jbl6,self_20260528_170130,clip_005,1,listen,,0.776,70236.0,raspberry_pi_seeed_gsr,"70236,0.7760"
2026-05-28T17:02:20.584,jbl6,self_20260528_170130,clip_005,1,listen,,0.7817,70257.0,raspberry_pi_seeed_gsr,"70257,0.7817"
2026-05-28T17:02:20.609,jbl6,self_20260528_170130,clip_005,1,listen,,0.7873,70278.0,raspberry_pi_seeed_gsr,"70278,0.7873"
2026-05-28T17:02:20.632,jbl6,self_20260528_170130,clip_005,1,listen,,0.7857,70299.0,raspberry_pi_seeed_gsr,"70299,0.7857"
2026-05-28T17:02:20.656,jbl6,self_20260528_170130,clip_005,1,listen,,0.78,70320.0,raspberry_pi_seeed_gsr,"70320,0.7800"
2026-05-28T17:02:20.681,jbl6,self_20260528_170130,clip_005,1,listen,,0.776,70341.0,raspberry_pi_seeed_gsr,"70341,0.7760"
2026-05-28T17:02:20.704,jbl6,self_20260528_170130,clip_005,1,listen,,0.7865,70362.0,raspberry_pi_seeed_gsr,"70362,0.7865"
2026-05-28T17:02:20.727,jbl6,self_20260528_170130,clip_005,1,listen,,0.7841,70383.0,raspberry_pi_seeed_gsr,"70383,0.7841"
2026-05-28T17:02:20.750,jbl6,self_20260528_170130,clip_005,1,listen,,0.7809,70404.0,raspberry_pi_seeed_gsr,"70404,0.7809"
2026-05-28T17:02:20.772,jbl6,self_20260528_170130,clip_005,1,listen,,0.7809,70425.0,raspberry_pi_seeed_gsr,"70425,0.7809"
2026-05-28T17:02:20.796,jbl6,self_20260528_170130,clip_005,1,listen,,0.8002,70446.0,raspberry_pi_seeed_gsr,"70446,0.8002"
2026-05-28T17:02:20.819,jbl6,self_20260528_170130,clip_005,1,listen,,0.7825,70467.0,raspberry_pi_seeed_gsr,"70467,0.7825"
2026-05-28T17:02:20.842,jbl6,self_20260528_170130,clip_005,1,listen,,0.7825,70488.0,raspberry_pi_seeed_gsr,"70488,0.7825"
2026-05-28T17:02:20.865,jbl6,self_20260528_170130,clip_005,1,listen,,0.7817,70509.0,raspberry_pi_seeed_gsr,"70509,0.7817"
2026-05-28T17:02:20.889,jbl6,self_20260528_170130,clip_005,1,listen,,0.7857,70530.0,raspberry_pi_seeed_gsr,"70530,0.7857"
2026-05-28T17:02:20.912,jbl6,self_20260528_170130,clip_005,1,listen,,0.7825,70551.0,raspberry_pi_seeed_gsr,"70551,0.7825"
2026-05-28T17:02:20.937,jbl6,self_20260528_170130,clip_005,1,listen,,0.7792,70572.0,raspberry_pi_seeed_gsr,"70572,0.7792"
2026-05-28T17:02:20.969,jbl6,self_20260528_170130,clip_005,1,listen,,0.7841,70593.0,raspberry_pi_seeed_gsr,"70593,0.7841"
2026-05-28T17:02:20.994,jbl6,self_20260528_170130,clip_005,1,listen,,0.7849,70614.0,raspberry_pi_seeed_gsr,"70614,0.7849"
2026-05-28T17:02:21.017,jbl6,self_20260528_170130,clip_005,1,listen,,0.78,70635.0,raspberry_pi_seeed_gsr,"70635,0.7800"
2026-05-28T17:02:21.042,jbl6,self_20260528_170130,clip_005,1,listen,,0.7825,70656.0,raspberry_pi_seeed_gsr,"70656,0.7825"
2026-05-28T17:02:21.065,jbl6,self_20260528_170130,clip_005,1,listen,,0.7833,70677.0,raspberry_pi_seeed_gsr,"70677,0.7833"
2026-05-28T17:02:21.088,jbl6,self_20260528_170130,clip_005,1,listen,,0.7849,70698.0,raspberry_pi_seeed_gsr,"70698,0.7849"
2026-05-28T17:02:21.112,jbl6,self_20260528_170130,clip_005,1,listen,,0.7776,70719.0,raspberry_pi_seeed_gsr,"70719,0.7776"
2026-05-28T17:02:21.135,jbl6,self_20260528_170130,clip_005,1,listen,,0.7809,70740.0,raspberry_pi_seeed_gsr,"70740,0.7809"
2026-05-28T17:02:21.158,jbl6,self_20260528_170130,clip_005,1,listen,,0.7768,70761.0,raspberry_pi_seeed_gsr,"70761,0.7768"
2026-05-28T17:02:21.181,jbl6,self_20260528_170130,clip_005,1,listen,,0.7865,70782.0,raspberry_pi_seeed_gsr,"70782,0.7865"
2026-05-28T17:02:21.203,jbl6,self_20260528_170130,clip_005,1,listen,,0.7833,70803.0,raspberry_pi_seeed_gsr,"70803,0.7833"
2026-05-28T17:02:21.226,jbl6,self_20260528_170130,clip_005,1,listen,,0.7825,70824.0,raspberry_pi_seeed_gsr,"70824,0.7825"
2026-05-28T17:02:21.250,jbl6,self_20260528_170130,clip_005,1,listen,,0.7954,70845.0,raspberry_pi_seeed_gsr,"70845,0.7954"
2026-05-28T17:02:21.275,jbl6,self_20260528_170130,clip_005,1,listen,,0.7873,70866.0,raspberry_pi_seeed_gsr,"70866,0.7873"
2026-05-28T17:02:21.298,jbl6,self_20260528_170130,clip_005,1,listen,,0.7768,70887.0,raspberry_pi_seeed_gsr,"70887,0.7768"
2026-05-28T17:02:21.322,jbl6,self_20260528_170130,clip_005,1,listen,,0.7833,70908.0,raspberry_pi_seeed_gsr,"70908,0.7833"
2026-05-28T17:02:21.345,jbl6,self_20260528_170130,clip_005,1,listen,,0.7881,70929.0,raspberry_pi_seeed_gsr,"70929,0.7881"
2026-05-28T17:02:21.370,jbl6,self_20260528_170130,clip_005,1,listen,,0.7889,70950.0,raspberry_pi_seeed_gsr,"70950,0.7889"
2026-05-28T17:02:21.393,jbl6,self_20260528_170130,clip_005,1,listen,,0.7841,70971.0,raspberry_pi_seeed_gsr,"70971,0.7841"
2026-05-28T17:02:21.416,jbl6,self_20260528_170130,clip_005,1,listen,,0.7809,70992.0,raspberry_pi_seeed_gsr,"70992,0.7809"
2026-05-28T17:02:21.438,jbl6,self_20260528_170130,clip_005,1,listen,,0.7937,71013.0,raspberry_pi_seeed_gsr,"71013,0.7937"
2026-05-28T17:02:21.462,jbl6,self_20260528_170130,clip_005,1,listen,,0.7873,71034.0,raspberry_pi_seeed_gsr,"71034,0.7873"
2026-05-28T17:02:21.485,jbl6,self_20260528_170130,clip_005,1,listen,,0.7849,71055.0,raspberry_pi_seeed_gsr,"71055,0.7849"
2026-05-28T17:02:21.509,jbl6,self_20260528_170130,clip_005,1,listen,,0.7865,71076.0,raspberry_pi_seeed_gsr,"71076,0.7865"
2026-05-28T17:02:21.532,jbl6,self_20260528_170130,clip_005,1,listen,,0.7897,71097.0,raspberry_pi_seeed_gsr,"71097,0.7897"
2026-05-28T17:02:21.555,jbl6,self_20260528_170130,clip_005,1,listen,,0.7865,71118.0,raspberry_pi_seeed_gsr,"71118,0.7865"
2026-05-28T17:02:21.578,jbl6,self_20260528_170130,clip_005,1,listen,,0.7881,71139.0,raspberry_pi_seeed_gsr,"71139,0.7881"
2026-05-28T17:02:21.602,jbl6,self_20260528_170130,clip_005,1,listen,,0.7873,71160.0,raspberry_pi_seeed_gsr,"71160,0.7873"
2026-05-28T17:02:21.625,jbl6,self_20260528_170130,clip_005,1,listen,,0.7889,71181.0,raspberry_pi_seeed_gsr,"71181,0.7889"
2026-05-28T17:02:21.648,jbl6,self_20260528_170130,clip_005,1,listen,,0.78,71202.0,raspberry_pi_seeed_gsr,"71202,0.7800"
2026-05-28T17:02:21.671,jbl6,self_20260528_170130,clip_005,1,listen,,0.7865,71223.0,raspberry_pi_seeed_gsr,"71223,0.7865"
2026-05-28T17:02:21.728,jbl6,self_20260528_170130,clip_005,1,listen,,0.7913,71244.0,raspberry_pi_seeed_gsr,"71244,0.7913"
2026-05-28T17:02:21.751,jbl6,self_20260528_170130,clip_005,1,listen,,0.7889,71265.0,raspberry_pi_seeed_gsr,"71265,0.7889"
2026-05-28T17:02:21.775,jbl6,self_20260528_170130,clip_005,1,listen,,0.7873,71286.0,raspberry_pi_seeed_gsr,"71286,0.7873"
2026-05-28T17:02:21.798,jbl6,self_20260528_170130,clip_005,1,listen,,0.7873,71307.0,raspberry_pi_seeed_gsr,"71307,0.7873"
2026-05-28T17:02:21.821,jbl6,self_20260528_170130,clip_005,1,listen,,0.7889,71328.0,raspberry_pi_seeed_gsr,"71328,0.7889"
2026-05-28T17:02:21.843,jbl6,self_20260528_170130,clip_005,1,listen,,0.801,71349.0,raspberry_pi_seeed_gsr,"71349,0.8010"
2026-05-28T17:02:21.868,jbl6,self_20260528_170130,clip_005,1,listen,,0.7873,71370.0,raspberry_pi_seeed_gsr,"71370,0.7873"
2026-05-28T17:02:21.892,jbl6,self_20260528_170130,clip_005,1,listen,,0.7841,71391.0,raspberry_pi_seeed_gsr,"71391,0.7841"
2026-05-28T17:02:21.916,jbl6,self_20260528_170130,clip_005,1,listen,,0.7841,71412.0,raspberry_pi_seeed_gsr,"71412,0.7841"
2026-05-28T17:02:21.940,jbl6,self_20260528_170130,clip_005,1,listen,,0.7913,71433.0,raspberry_pi_seeed_gsr,"71433,0.7913"
2026-05-28T17:02:21.963,jbl6,self_20260528_170130,clip_005,1,listen,,0.7881,71454.0,raspberry_pi_seeed_gsr,"71454,0.7881"
2026-05-28T17:02:21.985,jbl6,self_20260528_170130,clip_005,1,listen,,0.7873,71475.0,raspberry_pi_seeed_gsr,"71475,0.7873"
2026-05-28T17:02:22.010,jbl6,self_20260528_170130,clip_005,1,listen,,0.7849,71496.0,raspberry_pi_seeed_gsr,"71496,0.7849"
2026-05-28T17:02:22.035,jbl6,self_20260528_170130,clip_005,1,listen,,0.7881,71517.0,raspberry_pi_seeed_gsr,"71517,0.7881"
2026-05-28T17:02:22.059,jbl6,self_20260528_170130,clip_005,1,listen,,0.7873,71538.0,raspberry_pi_seeed_gsr,"71538,0.7873"
2026-05-28T17:02:22.082,jbl6,self_20260528_170130,clip_005,1,listen,,0.7881,71559.0,raspberry_pi_seeed_gsr,"71559,0.7881"
2026-05-28T17:02:22.106,jbl6,self_20260528_170130,clip_005,1,listen,,0.7841,71580.0,raspberry_pi_seeed_gsr,"71580,0.7841"
2026-05-28T17:02:22.130,jbl6,self_20260528_170130,clip_005,1,listen,,0.7889,71601.0,raspberry_pi_seeed_gsr,"71601,0.7889"
2026-05-28T17:02:22.154,jbl6,self_20260528_170130,clip_005,1,listen,,0.7841,71622.0,raspberry_pi_seeed_gsr,"71622,0.7841"
2026-05-28T17:02:22.177,jbl6,self_20260528_170130,clip_005,1,listen,,0.7905,71643.0,raspberry_pi_seeed_gsr,"71643,0.7905"
2026-05-28T17:02:22.201,jbl6,self_20260528_170130,clip_005,1,listen,,0.7929,71664.0,raspberry_pi_seeed_gsr,"71664,0.7929"
2026-05-28T17:02:22.224,jbl6,self_20260528_170130,clip_005,1,listen,,0.7881,71685.0,raspberry_pi_seeed_gsr,"71685,0.7881"
2026-05-28T17:02:22.248,jbl6,self_20260528_170130,clip_005,1,listen,,0.7897,71706.0,raspberry_pi_seeed_gsr,"71706,0.7897"
2026-05-28T17:02:22.272,jbl6,self_20260528_170130,clip_005,1,listen,,0.7913,71727.0,raspberry_pi_seeed_gsr,"71727,0.7913"
2026-05-28T17:02:22.295,jbl6,self_20260528_170130,clip_005,1,listen,,0.7937,71748.0,raspberry_pi_seeed_gsr,"71748,0.7937"
2026-05-28T17:02:22.319,jbl6,self_20260528_170130,clip_005,1,listen,,0.78,71769.0,raspberry_pi_seeed_gsr,"71769,0.7800"
2026-05-28T17:02:22.343,jbl6,self_20260528_170130,clip_005,1,listen,,0.7865,71790.0,raspberry_pi_seeed_gsr,"71790,0.7865"
2026-05-28T17:02:22.366,jbl6,self_20260528_170130,clip_005,1,listen,,0.7913,71811.0,raspberry_pi_seeed_gsr,"71811,0.7913"
2026-05-28T17:02:22.389,jbl6,self_20260528_170130,clip_005,1,listen,,0.7945,71832.0,raspberry_pi_seeed_gsr,"71832,0.7945"
2026-05-28T17:02:22.411,jbl6,self_20260528_170130,clip_005,1,listen,,0.7889,71853.0,raspberry_pi_seeed_gsr,"71853,0.7889"
2026-05-28T17:02:22.446,jbl6,self_20260528_170130,clip_005,1,listen,,0.7905,71874.0,raspberry_pi_seeed_gsr,"71874,0.7905"
2026-05-28T17:02:22.468,jbl6,self_20260528_170130,clip_005,1,listen,,0.7913,71895.0,raspberry_pi_seeed_gsr,"71895,0.7913"
2026-05-28T17:02:22.491,jbl6,self_20260528_170130,clip_005,1,listen,,0.7954,71916.0,raspberry_pi_seeed_gsr,"71916,0.7954"
2026-05-28T17:02:22.514,jbl6,self_20260528_170130,clip_005,1,listen,,0.7889,71937.0,raspberry_pi_seeed_gsr,"71937,0.7889"
2026-05-28T17:02:22.537,jbl6,self_20260528_170130,clip_005,1,listen,,0.7905,71958.0,raspberry_pi_seeed_gsr,"71958,0.7905"
2026-05-28T17:02:22.560,jbl6,self_20260528_170130,clip_005,1,listen,,0.7929,71979.0,raspberry_pi_seeed_gsr,"71979,0.7929"
2026-05-28T17:02:22.583,jbl6,self_20260528_170130,clip_005,1,listen,,0.7929,72000.0,raspberry_pi_seeed_gsr,"72000,0.7929"
2026-05-28T17:02:22.606,jbl6,self_20260528_170130,clip_005,1,listen,,0.7881,72021.0,raspberry_pi_seeed_gsr,"72021,0.7881"
2026-05-28T17:02:22.629,jbl6,self_20260528_170130,clip_005,1,listen,,0.7889,72042.0,raspberry_pi_seeed_gsr,"72042,0.7889"
2026-05-28T17:02:22.652,jbl6,self_20260528_170130,clip_005,1,listen,,0.7937,72063.0,raspberry_pi_seeed_gsr,"72063,0.7937"
2026-05-28T17:02:22.675,jbl6,self_20260528_170130,clip_005,1,listen,,0.7897,72084.0,raspberry_pi_seeed_gsr,"72084,0.7897"
2026-05-28T17:02:22.698,jbl6,self_20260528_170130,clip_005,1,listen,,0.7962,72105.0,raspberry_pi_seeed_gsr,"72105,0.7962"
2026-05-28T17:02:22.722,jbl6,self_20260528_170130,clip_005,1,listen,,0.7889,72126.0,raspberry_pi_seeed_gsr,"72126,0.7889"
2026-05-28T17:02:22.751,jbl6,self_20260528_170130,clip_005,1,listen,,0.7945,72147.0,raspberry_pi_seeed_gsr,"72147,0.7945"
2026-05-28T17:02:22.775,jbl6,self_20260528_170130,clip_005,1,listen,,0.7913,72168.0,raspberry_pi_seeed_gsr,"72168,0.7913"
2026-05-28T17:02:22.800,jbl6,self_20260528_170130,clip_005,1,listen,,0.7889,72189.0,raspberry_pi_seeed_gsr,"72189,0.7889"
2026-05-28T17:02:22.824,jbl6,self_20260528_170130,clip_005,1,listen,,0.7929,72210.0,raspberry_pi_seeed_gsr,"72210,0.7929"
2026-05-28T17:02:22.849,jbl6,self_20260528_170130,clip_005,1,listen,,0.7945,72231.0,raspberry_pi_seeed_gsr,"72231,0.7945"
2026-05-28T17:02:22.873,jbl6,self_20260528_170130,clip_005,1,listen,,0.7897,72252.0,raspberry_pi_seeed_gsr,"72252,0.7897"
2026-05-28T17:02:22.899,jbl6,self_20260528_170130,clip_005,1,listen,,0.7833,72273.0,raspberry_pi_seeed_gsr,"72273,0.7833"
2026-05-28T17:02:22.923,jbl6,self_20260528_170130,clip_005,1,listen,,0.7945,72294.0,raspberry_pi_seeed_gsr,"72294,0.7945"
2026-05-28T17:02:22.947,jbl6,self_20260528_170130,clip_005,1,listen,,0.7954,72315.0,raspberry_pi_seeed_gsr,"72315,0.7954"
2026-05-28T17:02:22.971,jbl6,self_20260528_170130,clip_005,1,listen,,0.7865,72336.0,raspberry_pi_seeed_gsr,"72336,0.7865"
2026-05-28T17:02:22.996,jbl6,self_20260528_170130,clip_005,1,listen,,0.7905,72357.0,raspberry_pi_seeed_gsr,"72357,0.7905"
2026-05-28T17:02:23.019,jbl6,self_20260528_170130,clip_005,1,listen,,0.7913,72378.0,raspberry_pi_seeed_gsr,"72378,0.7913"
2026-05-28T17:02:23.042,jbl6,self_20260528_170130,clip_005,1,listen,,0.7921,72399.0,raspberry_pi_seeed_gsr,"72399,0.7921"
2026-05-28T17:02:23.065,jbl6,self_20260528_170130,clip_005,1,listen,,0.7857,72420.0,raspberry_pi_seeed_gsr,"72420,0.7857"
2026-05-28T17:02:23.089,jbl6,self_20260528_170130,clip_005,1,listen,,0.7881,72441.0,raspberry_pi_seeed_gsr,"72441,0.7881"
2026-05-28T17:02:23.126,jbl6,self_20260528_170130,clip_005,1,listen,,0.7905,72462.0,raspberry_pi_seeed_gsr,"72462,0.7905"
2026-05-28T17:02:23.152,jbl6,self_20260528_170130,clip_005,1,listen,,0.7905,72483.0,raspberry_pi_seeed_gsr,"72483,0.7905"
2026-05-28T17:02:23.177,jbl6,self_20260528_170130,clip_005,1,listen,,0.7945,72504.0,raspberry_pi_seeed_gsr,"72504,0.7945"
2026-05-28T17:02:23.202,jbl6,self_20260528_170130,clip_005,1,listen,,0.7873,72525.0,raspberry_pi_seeed_gsr,"72525,0.7873"
2026-05-28T17:02:23.226,jbl6,self_20260528_170130,clip_005,1,listen,,0.7897,72546.0,raspberry_pi_seeed_gsr,"72546,0.7897"
2026-05-28T17:02:23.250,jbl6,self_20260528_170130,clip_005,1,listen,,0.7913,72567.0,raspberry_pi_seeed_gsr,"72567,0.7913"
2026-05-28T17:02:23.281,jbl6,self_20260528_170130,clip_005,1,listen,,0.7889,72588.0,raspberry_pi_seeed_gsr,"72588,0.7889"
2026-05-28T17:02:23.305,jbl6,self_20260528_170130,clip_005,1,listen,,0.7841,72609.0,raspberry_pi_seeed_gsr,"72609,0.7841"
2026-05-28T17:02:23.327,jbl6,self_20260528_170130,clip_005,1,listen,,0.7929,72630.0,raspberry_pi_seeed_gsr,"72630,0.7929"
2026-05-28T17:02:23.351,jbl6,self_20260528_170130,clip_005,1,listen,,0.7913,72651.0,raspberry_pi_seeed_gsr,"72651,0.7913"
2026-05-28T17:02:23.373,jbl6,self_20260528_170130,clip_005,1,listen,,0.7833,72672.0,raspberry_pi_seeed_gsr,"72672,0.7833"
2026-05-28T17:02:23.397,jbl6,self_20260528_170130,clip_005,1,listen,,0.7889,72693.0,raspberry_pi_seeed_gsr,"72693,0.7889"
2026-05-28T17:02:23.419,jbl6,self_20260528_170130,clip_005,1,listen,,0.7929,72714.0,raspberry_pi_seeed_gsr,"72714,0.7929"
2026-05-28T17:02:23.444,jbl6,self_20260528_170130,clip_005,1,listen,,0.7889,72735.0,raspberry_pi_seeed_gsr,"72735,0.7889"
2026-05-28T17:02:23.467,jbl6,self_20260528_170130,clip_005,1,listen,,0.7841,72756.0,raspberry_pi_seeed_gsr,"72756,0.7841"
2026-05-28T17:02:23.491,jbl6,self_20260528_170130,clip_005,1,listen,,0.7905,72777.0,raspberry_pi_seeed_gsr,"72777,0.7905"
2026-05-28T17:02:23.514,jbl6,self_20260528_170130,clip_005,1,listen,,0.7913,72798.0,raspberry_pi_seeed_gsr,"72798,0.7913"
2026-05-28T17:02:23.537,jbl6,self_20260528_170130,clip_005,1,listen,,0.7849,72819.0,raspberry_pi_seeed_gsr,"72819,0.7849"
2026-05-28T17:02:23.561,jbl6,self_20260528_170130,clip_005,1,listen,,0.7841,72840.0,raspberry_pi_seeed_gsr,"72840,0.7841"
2026-05-28T17:02:23.584,jbl6,self_20260528_170130,clip_005,1,listen,,0.7913,72861.0,raspberry_pi_seeed_gsr,"72861,0.7913"
2026-05-28T17:02:23.608,jbl6,self_20260528_170130,clip_005,1,listen,,0.7913,72882.0,raspberry_pi_seeed_gsr,"72882,0.7913"
2026-05-28T17:02:23.632,jbl6,self_20260528_170130,clip_005,1,listen,,0.7889,72903.0,raspberry_pi_seeed_gsr,"72903,0.7889"
2026-05-28T17:02:23.656,jbl6,self_20260528_170130,clip_005,1,listen,,0.7857,72924.0,raspberry_pi_seeed_gsr,"72924,0.7857"
2026-05-28T17:02:23.680,jbl6,self_20260528_170130,clip_005,1,listen,,0.7865,72945.0,raspberry_pi_seeed_gsr,"72945,0.7865"
2026-05-28T17:02:23.704,jbl6,self_20260528_170130,clip_005,1,listen,,0.7921,72966.0,raspberry_pi_seeed_gsr,"72966,0.7921"
2026-05-28T17:02:23.728,jbl6,self_20260528_170130,clip_005,1,listen,,0.7873,72987.0,raspberry_pi_seeed_gsr,"72987,0.7873"
2026-05-28T17:02:23.751,jbl6,self_20260528_170130,clip_005,1,listen,,0.7873,73008.0,raspberry_pi_seeed_gsr,"73008,0.7873"
2026-05-28T17:02:23.776,jbl6,self_20260528_170130,clip_005,1,listen,,0.7994,73029.0,raspberry_pi_seeed_gsr,"73029,0.7994"
2026-05-28T17:02:23.801,jbl6,self_20260528_170130,clip_005,1,listen,,0.7905,73050.0,raspberry_pi_seeed_gsr,"73050,0.7905"
2026-05-28T17:02:23.824,jbl6,self_20260528_170130,clip_005,1,listen,,0.7873,73071.0,raspberry_pi_seeed_gsr,"73071,0.7873"
2026-05-28T17:02:23.849,jbl6,self_20260528_170130,clip_005,1,listen,,0.7817,73092.0,raspberry_pi_seeed_gsr,"73092,0.7817"
2026-05-28T17:02:23.873,jbl6,self_20260528_170130,clip_005,1,listen,,0.7945,73113.0,raspberry_pi_seeed_gsr,"73113,0.7945"
2026-05-28T17:02:23.899,jbl6,self_20260528_170130,clip_005,1,listen,,0.7905,73134.0,raspberry_pi_seeed_gsr,"73134,0.7905"
2026-05-28T17:02:23.923,jbl6,self_20260528_170130,clip_005,1,listen,,0.7841,73155.0,raspberry_pi_seeed_gsr,"73155,0.7841"
2026-05-28T17:02:23.948,jbl6,self_20260528_170130,clip_005,1,listen,,0.7881,73176.0,raspberry_pi_seeed_gsr,"73176,0.7881"
2026-05-28T17:02:23.972,jbl6,self_20260528_170130,clip_005,1,listen,,0.7913,73197.0,raspberry_pi_seeed_gsr,"73197,0.7913"
2026-05-28T17:02:23.998,jbl6,self_20260528_170130,clip_005,1,listen,,0.7865,73218.0,raspberry_pi_seeed_gsr,"73218,0.7865"
2026-05-28T17:02:24.022,jbl6,self_20260528_170130,clip_005,1,listen,,0.7865,73239.0,raspberry_pi_seeed_gsr,"73239,0.7865"
2026-05-28T17:02:24.045,jbl6,self_20260528_170130,clip_005,1,listen,,0.7873,73260.0,raspberry_pi_seeed_gsr,"73260,0.7873"
2026-05-28T17:02:24.068,jbl6,self_20260528_170130,clip_005,1,listen,,0.7905,73281.0,raspberry_pi_seeed_gsr,"73281,0.7905"
2026-05-28T17:02:24.092,jbl6,self_20260528_170130,clip_005,1,listen,,0.7881,73302.0,raspberry_pi_seeed_gsr,"73302,0.7881"
2026-05-28T17:02:24.115,jbl6,self_20260528_170130,clip_005,1,listen,,0.7833,73323.0,raspberry_pi_seeed_gsr,"73323,0.7833"
2026-05-28T17:02:24.139,jbl6,self_20260528_170130,clip_005,1,listen,,0.7954,73344.0,raspberry_pi_seeed_gsr,"73344,0.7954"
2026-05-28T17:02:24.163,jbl6,self_20260528_170130,clip_005,1,listen,,0.7889,73365.0,raspberry_pi_seeed_gsr,"73365,0.7889"
2026-05-28T17:02:24.187,jbl6,self_20260528_170130,clip_005,1,listen,,0.7833,73386.0,raspberry_pi_seeed_gsr,"73386,0.7833"
2026-05-28T17:02:24.211,jbl6,self_20260528_170130,clip_005,1,listen,,0.7817,73407.0,raspberry_pi_seeed_gsr,"73407,0.7817"
2026-05-28T17:02:24.235,jbl6,self_20260528_170130,clip_005,1,listen,,0.7905,73428.0,raspberry_pi_seeed_gsr,"73428,0.7905"
2026-05-28T17:02:24.260,jbl6,self_20260528_170130,clip_005,1,listen,,0.7937,73449.0,raspberry_pi_seeed_gsr,"73449,0.7937"
2026-05-28T17:02:24.285,jbl6,self_20260528_170130,clip_005,1,listen,,0.7817,73470.0,raspberry_pi_seeed_gsr,"73470,0.7817"
2026-05-28T17:02:24.309,jbl6,self_20260528_170130,clip_005,1,listen,,0.7881,73491.0,raspberry_pi_seeed_gsr,"73491,0.7881"
2026-05-28T17:02:24.333,jbl6,self_20260528_170130,clip_005,1,listen,,0.7905,73512.0,raspberry_pi_seeed_gsr,"73512,0.7905"
2026-05-28T17:02:24.358,jbl6,self_20260528_170130,clip_005,1,listen,,0.7929,73533.0,raspberry_pi_seeed_gsr,"73533,0.7929"
2026-05-28T17:02:24.383,jbl6,self_20260528_170130,clip_005,1,listen,,0.7841,73554.0,raspberry_pi_seeed_gsr,"73554,0.7841"
2026-05-28T17:02:24.407,jbl6,self_20260528_170130,clip_005,1,listen,,0.7841,73575.0,raspberry_pi_seeed_gsr,"73575,0.7841"
2026-05-28T17:02:24.432,jbl6,self_20260528_170130,clip_005,1,listen,,0.7905,73596.0,raspberry_pi_seeed_gsr,"73596,0.7905"
2026-05-28T17:02:24.457,jbl6,self_20260528_170130,clip_005,1,listen,,0.7905,73617.0,raspberry_pi_seeed_gsr,"73617,0.7905"
2026-05-28T17:02:24.481,jbl6,self_20260528_170130,clip_005,1,listen,,0.7889,73638.0,raspberry_pi_seeed_gsr,"73638,0.7889"
2026-05-28T17:02:24.504,jbl6,self_20260528_170130,clip_005,1,listen,,0.7962,73659.0,raspberry_pi_seeed_gsr,"73659,0.7962"
2026-05-28T17:02:24.529,jbl6,self_20260528_170130,clip_005,1,listen,,0.7865,73680.0,raspberry_pi_seeed_gsr,"73680,0.7865"
2026-05-28T17:02:24.554,jbl6,self_20260528_170130,clip_005,1,listen,,0.7905,73701.0,raspberry_pi_seeed_gsr,"73701,0.7905"
2026-05-28T17:02:24.579,jbl6,self_20260528_170130,clip_005,1,listen,,0.7865,73722.0,raspberry_pi_seeed_gsr,"73722,0.7865"
2026-05-28T17:02:24.604,jbl6,self_20260528_170130,clip_005,1,listen,,0.7889,73743.0,raspberry_pi_seeed_gsr,"73743,0.7889"
2026-05-28T17:02:24.628,jbl6,self_20260528_170130,clip_005,1,listen,,0.7945,73764.0,raspberry_pi_seeed_gsr,"73764,0.7945"
2026-05-28T17:02:24.654,jbl6,self_20260528_170130,clip_005,1,listen,,0.7905,73785.0,raspberry_pi_seeed_gsr,"73785,0.7905"
2026-05-28T17:02:24.679,jbl6,self_20260528_170130,clip_005,1,listen,,0.7873,73806.0,raspberry_pi_seeed_gsr,"73806,0.7873"
2026-05-28T17:02:24.702,jbl6,self_20260528_170130,clip_005,1,listen,,0.7913,73827.0,raspberry_pi_seeed_gsr,"73827,0.7913"
2026-05-28T17:02:24.727,jbl6,self_20260528_170130,clip_005,1,listen,,0.7978,73848.0,raspberry_pi_seeed_gsr,"73848,0.7978"
2026-05-28T17:02:24.751,jbl6,self_20260528_170130,clip_005,1,listen,,0.7905,73869.0,raspberry_pi_seeed_gsr,"73869,0.7905"
2026-05-28T17:02:24.775,jbl6,self_20260528_170130,clip_005,1,listen,,0.7857,73890.0,raspberry_pi_seeed_gsr,"73890,0.7857"
2026-05-28T17:02:24.798,jbl6,self_20260528_170130,clip_005,1,listen,,0.7913,73911.0,raspberry_pi_seeed_gsr,"73911,0.7913"
2026-05-28T17:02:24.822,jbl6,self_20260528_170130,clip_005,1,listen,,0.7913,73932.0,raspberry_pi_seeed_gsr,"73932,0.7913"
2026-05-28T17:02:24.846,jbl6,self_20260528_170130,clip_005,1,listen,,0.7865,73953.0,raspberry_pi_seeed_gsr,"73953,0.7865"
2026-05-28T17:02:24.871,jbl6,self_20260528_170130,clip_005,1,listen,,0.7865,73974.0,raspberry_pi_seeed_gsr,"73974,0.7865"
2026-05-28T17:02:24.895,jbl6,self_20260528_170130,clip_005,1,listen,,0.7865,73995.0,raspberry_pi_seeed_gsr,"73995,0.7865"
2026-05-28T17:02:24.919,jbl6,self_20260528_170130,clip_005,1,listen,,0.7921,74016.0,raspberry_pi_seeed_gsr,"74016,0.7921"
2026-05-28T17:02:24.945,jbl6,self_20260528_170130,clip_005,1,listen,,0.7873,74037.0,raspberry_pi_seeed_gsr,"74037,0.7873"
2026-05-28T17:02:24.969,jbl6,self_20260528_170130,clip_005,1,listen,,0.7849,74058.0,raspberry_pi_seeed_gsr,"74058,0.7849"
2026-05-28T17:02:24.994,jbl6,self_20260528_170130,clip_005,1,listen,,0.7913,74079.0,raspberry_pi_seeed_gsr,"74079,0.7913"
2026-05-28T17:02:25.019,jbl6,self_20260528_170130,clip_005,1,listen,,0.7897,74100.0,raspberry_pi_seeed_gsr,"74100,0.7897"
2026-05-28T17:02:25.044,jbl6,self_20260528_170130,clip_005,1,listen,,0.7849,74121.0,raspberry_pi_seeed_gsr,"74121,0.7849"
2026-05-28T17:02:25.099,jbl6,self_20260528_170130,clip_005,1,listen,,0.7873,74142.0,raspberry_pi_seeed_gsr,"74142,0.7873"
2026-05-28T17:02:25.123,jbl6,self_20260528_170130,clip_005,1,listen,,0.7905,74163.0,raspberry_pi_seeed_gsr,"74163,0.7905"
2026-05-28T17:02:25.146,jbl6,self_20260528_170130,clip_005,1,listen,,0.7881,74184.0,raspberry_pi_seeed_gsr,"74184,0.7881"
2026-05-28T17:02:25.170,jbl6,self_20260528_170130,clip_005,1,listen,,0.7776,74205.0,raspberry_pi_seeed_gsr,"74205,0.7776"
2026-05-28T17:02:25.193,jbl6,self_20260528_170130,clip_005,1,listen,,0.7857,74226.0,raspberry_pi_seeed_gsr,"74226,0.7857"
2026-05-28T17:02:25.227,jbl6,self_20260528_170130,clip_005,1,listen,,0.7954,74247.0,raspberry_pi_seeed_gsr,"74247,0.7954"
2026-05-28T17:02:25.251,jbl6,self_20260528_170130,clip_005,1,listen,,0.7865,74268.0,raspberry_pi_seeed_gsr,"74268,0.7865"
2026-05-28T17:02:25.274,jbl6,self_20260528_170130,clip_005,1,listen,,0.7857,74289.0,raspberry_pi_seeed_gsr,"74289,0.7857"
2026-05-28T17:02:25.299,jbl6,self_20260528_170130,clip_005,1,listen,,0.7889,74310.0,raspberry_pi_seeed_gsr,"74310,0.7889"
2026-05-28T17:02:25.323,jbl6,self_20260528_170130,clip_005,1,listen,,0.7937,74331.0,raspberry_pi_seeed_gsr,"74331,0.7937"
2026-05-28T17:02:25.346,jbl6,self_20260528_170130,clip_005,1,listen,,0.7849,74352.0,raspberry_pi_seeed_gsr,"74352,0.7849"
2026-05-28T17:02:25.370,jbl6,self_20260528_170130,clip_005,1,listen,,0.7833,74373.0,raspberry_pi_seeed_gsr,"74373,0.7833"
2026-05-28T17:02:25.394,jbl6,self_20260528_170130,clip_005,1,listen,,0.7897,74394.0,raspberry_pi_seeed_gsr,"74394,0.7897"
2026-05-28T17:02:25.417,jbl6,self_20260528_170130,clip_005,1,listen,,0.7962,74415.0,raspberry_pi_seeed_gsr,"74415,0.7962"
2026-05-28T17:02:25.442,jbl6,self_20260528_170130,clip_005,1,listen,,0.7865,74436.0,raspberry_pi_seeed_gsr,"74436,0.7865"
2026-05-28T17:02:25.466,jbl6,self_20260528_170130,clip_005,1,listen,,0.7849,74457.0,raspberry_pi_seeed_gsr,"74457,0.7849"
2026-05-28T17:02:25.488,jbl6,self_20260528_170130,clip_005,1,listen,,0.7945,74478.0,raspberry_pi_seeed_gsr,"74478,0.7945"
2026-05-28T17:02:25.512,jbl6,self_20260528_170130,clip_005,1,listen,,0.7937,74499.0,raspberry_pi_seeed_gsr,"74499,0.7937"
2026-05-28T17:02:25.536,jbl6,self_20260528_170130,clip_005,1,listen,,0.7873,74520.0,raspberry_pi_seeed_gsr,"74520,0.7873"
2026-05-28T17:02:25.559,jbl6,self_20260528_170130,clip_005,1,listen,,0.7873,74541.0,raspberry_pi_seeed_gsr,"74541,0.7873"
2026-05-28T17:02:25.581,jbl6,self_20260528_170130,clip_005,1,listen,,0.7921,74562.0,raspberry_pi_seeed_gsr,"74562,0.7921"
2026-05-28T17:02:25.605,jbl6,self_20260528_170130,clip_005,1,listen,,0.7945,74583.0,raspberry_pi_seeed_gsr,"74583,0.7945"
2026-05-28T17:02:25.628,jbl6,self_20260528_170130,clip_005,1,listen,,0.7857,74604.0,raspberry_pi_seeed_gsr,"74604,0.7857"
2026-05-28T17:02:25.652,jbl6,self_20260528_170130,clip_005,1,listen,,0.7881,74625.0,raspberry_pi_seeed_gsr,"74625,0.7881"
2026-05-28T17:02:25.676,jbl6,self_20260528_170130,clip_005,1,listen,,0.7913,74646.0,raspberry_pi_seeed_gsr,"74646,0.7913"
2026-05-28T17:02:25.698,jbl6,self_20260528_170130,clip_005,1,listen,,0.7962,74667.0,raspberry_pi_seeed_gsr,"74667,0.7962"
2026-05-28T17:02:25.721,jbl6,self_20260528_170130,clip_005,1,listen,,0.7889,74688.0,raspberry_pi_seeed_gsr,"74688,0.7889"
2026-05-28T17:02:25.746,jbl6,self_20260528_170130,clip_005,1,listen,,0.7889,74709.0,raspberry_pi_seeed_gsr,"74709,0.7889"
2026-05-28T17:02:25.769,jbl6,self_20260528_170130,clip_005,1,listen,,0.7994,74730.0,raspberry_pi_seeed_gsr,"74730,0.7994"
2026-05-28T17:02:25.792,jbl6,self_20260528_170130,clip_005,1,listen,,0.7945,74751.0,raspberry_pi_seeed_gsr,"74751,0.7945"
2026-05-28T17:02:25.828,jbl6,self_20260528_170130,clip_005,1,listen,,0.7865,74772.0,raspberry_pi_seeed_gsr,"74772,0.7865"
2026-05-28T17:02:25.851,jbl6,self_20260528_170130,clip_005,1,listen,,0.7857,74793.0,raspberry_pi_seeed_gsr,"74793,0.7857"
2026-05-28T17:02:25.874,jbl6,self_20260528_170130,clip_005,1,listen,,0.7945,74814.0,raspberry_pi_seeed_gsr,"74814,0.7945"
2026-05-28T17:02:25.897,jbl6,self_20260528_170130,clip_005,1,listen,,0.7937,74835.0,raspberry_pi_seeed_gsr,"74835,0.7937"
2026-05-28T17:02:25.920,jbl6,self_20260528_170130,clip_005,1,listen,,0.7784,74856.0,raspberry_pi_seeed_gsr,"74856,0.7784"
2026-05-28T17:02:25.943,jbl6,self_20260528_170130,clip_005,1,listen,,0.7897,74877.0,raspberry_pi_seeed_gsr,"74877,0.7897"
2026-05-28T17:02:25.967,jbl6,self_20260528_170130,clip_005,1,listen,,0.7937,74898.0,raspberry_pi_seeed_gsr,"74898,0.7937"
2026-05-28T17:02:25.990,jbl6,self_20260528_170130,clip_005,1,listen,,0.7873,74919.0,raspberry_pi_seeed_gsr,"74919,0.7873"
2026-05-28T17:02:26.014,jbl6,self_20260528_170130,clip_005,1,listen,,0.7833,74940.0,raspberry_pi_seeed_gsr,"74940,0.7833"
2026-05-28T17:02:26.039,jbl6,self_20260528_170130,clip_005,1,listen,,0.7825,74961.0,raspberry_pi_seeed_gsr,"74961,0.7825"
2026-05-28T17:02:26.063,jbl6,self_20260528_170130,clip_005,1,listen,,0.7897,74982.0,raspberry_pi_seeed_gsr,"74982,0.7897"
2026-05-28T17:02:26.086,jbl6,self_20260528_170130,clip_005,1,listen,,0.7841,75003.0,raspberry_pi_seeed_gsr,"75003,0.7841"
2026-05-28T17:02:26.109,jbl6,self_20260528_170130,clip_005,1,listen,,0.7817,75024.0,raspberry_pi_seeed_gsr,"75024,0.7817"
2026-05-28T17:02:26.137,jbl6,self_20260528_170130,clip_005,1,listen,,0.7833,75045.0,raspberry_pi_seeed_gsr,"75045,0.7833"
2026-05-28T17:02:26.161,jbl6,self_20260528_170130,clip_005,1,listen,,0.7897,75066.0,raspberry_pi_seeed_gsr,"75066,0.7897"
2026-05-28T17:02:26.184,jbl6,self_20260528_170130,clip_005,1,listen,,0.7776,75087.0,raspberry_pi_seeed_gsr,"75087,0.7776"
2026-05-28T17:02:26.206,jbl6,self_20260528_170130,clip_005,1,listen,,0.7865,75108.0,raspberry_pi_seeed_gsr,"75108,0.7865"
2026-05-28T17:02:26.229,jbl6,self_20260528_170130,clip_005,1,listen,,0.7881,75129.0,raspberry_pi_seeed_gsr,"75129,0.7881"
2026-05-28T17:02:26.253,jbl6,self_20260528_170130,clip_005,1,listen,,0.7889,75150.0,raspberry_pi_seeed_gsr,"75150,0.7889"
2026-05-28T17:02:26.278,jbl6,self_20260528_170130,clip_005,1,listen,,0.78,75171.0,raspberry_pi_seeed_gsr,"75171,0.7800"
2026-05-28T17:02:26.300,jbl6,self_20260528_170130,clip_005,1,listen,,0.7841,75192.0,raspberry_pi_seeed_gsr,"75192,0.7841"
2026-05-28T17:02:26.323,jbl6,self_20260528_170130,clip_005,1,listen,,0.7881,75213.0,raspberry_pi_seeed_gsr,"75213,0.7881"
2026-05-28T17:02:26.347,jbl6,self_20260528_170130,clip_005,1,listen,,0.7865,75234.0,raspberry_pi_seeed_gsr,"75234,0.7865"
2026-05-28T17:02:26.370,jbl6,self_20260528_170130,clip_005,1,listen,,0.7825,75255.0,raspberry_pi_seeed_gsr,"75255,0.7825"
2026-05-28T17:02:26.393,jbl6,self_20260528_170130,clip_005,1,listen,,0.7865,75276.0,raspberry_pi_seeed_gsr,"75276,0.7865"
2026-05-28T17:02:26.416,jbl6,self_20260528_170130,clip_005,1,listen,,0.7881,75297.0,raspberry_pi_seeed_gsr,"75297,0.7881"
2026-05-28T17:02:26.441,jbl6,self_20260528_170130,clip_005,1,listen,,0.7833,75318.0,raspberry_pi_seeed_gsr,"75318,0.7833"
2026-05-28T17:02:26.465,jbl6,self_20260528_170130,clip_005,1,listen,,0.7784,75339.0,raspberry_pi_seeed_gsr,"75339,0.7784"
2026-05-28T17:02:26.489,jbl6,self_20260528_170130,clip_005,1,listen,,0.7817,75360.0,raspberry_pi_seeed_gsr,"75360,0.7817"
2026-05-28T17:02:26.513,jbl6,self_20260528_170130,clip_005,1,listen,,0.7825,75381.0,raspberry_pi_seeed_gsr,"75381,0.7825"
2026-05-28T17:02:26.536,jbl6,self_20260528_170130,clip_005,1,listen,,0.7809,75402.0,raspberry_pi_seeed_gsr,"75402,0.7809"
2026-05-28T17:02:26.560,jbl6,self_20260528_170130,clip_005,1,listen,,0.7784,75423.0,raspberry_pi_seeed_gsr,"75423,0.7784"
2026-05-28T17:02:26.584,jbl6,self_20260528_170130,clip_005,1,listen,,0.7784,75444.0,raspberry_pi_seeed_gsr,"75444,0.7784"
2026-05-28T17:02:26.608,jbl6,self_20260528_170130,clip_005,1,listen,,0.7744,75465.0,raspberry_pi_seeed_gsr,"75465,0.7744"
2026-05-28T17:02:26.639,jbl6,self_20260528_170130,clip_005,1,listen,,0.7752,75486.0,raspberry_pi_seeed_gsr,"75486,0.7752"
2026-05-28T17:02:26.663,jbl6,self_20260528_170130,clip_005,1,listen,,0.7712,75507.0,raspberry_pi_seeed_gsr,"75507,0.7712"
2026-05-28T17:02:26.686,jbl6,self_20260528_170130,clip_005,1,listen,,0.7752,75528.0,raspberry_pi_seeed_gsr,"75528,0.7752"
2026-05-28T17:02:26.709,jbl6,self_20260528_170130,clip_005,1,listen,,0.7752,75549.0,raspberry_pi_seeed_gsr,"75549,0.7752"
2026-05-28T17:02:26.733,jbl6,self_20260528_170130,clip_005,1,listen,,0.7655,75570.0,raspberry_pi_seeed_gsr,"75570,0.7655"
2026-05-28T17:02:26.756,jbl6,self_20260528_170130,clip_005,1,listen,,0.7639,75591.0,raspberry_pi_seeed_gsr,"75591,0.7639"
2026-05-28T17:02:26.779,jbl6,self_20260528_170130,clip_005,1,listen,,0.7688,75612.0,raspberry_pi_seeed_gsr,"75612,0.7688"
2026-05-28T17:02:26.804,jbl6,self_20260528_170130,clip_005,1,listen,,0.7704,75633.0,raspberry_pi_seeed_gsr,"75633,0.7704"
2026-05-28T17:02:26.828,jbl6,self_20260528_170130,clip_005,1,listen,,0.7607,75654.0,raspberry_pi_seeed_gsr,"75654,0.7607"
2026-05-28T17:02:26.853,jbl6,self_20260528_170130,clip_005,1,listen,,0.7615,75675.0,raspberry_pi_seeed_gsr,"75675,0.7615"
2026-05-28T17:02:26.877,jbl6,self_20260528_170130,clip_005,1,listen,,0.7583,75696.0,raspberry_pi_seeed_gsr,"75696,0.7583"
2026-05-28T17:02:26.901,jbl6,self_20260528_170130,clip_005,1,listen,,0.7647,75717.0,raspberry_pi_seeed_gsr,"75717,0.7647"
2026-05-28T17:02:26.925,jbl6,self_20260528_170130,clip_005,1,listen,,0.7494,75738.0,raspberry_pi_seeed_gsr,"75738,0.7494"
2026-05-28T17:02:26.948,jbl6,self_20260528_170130,clip_005,1,listen,,0.747,75759.0,raspberry_pi_seeed_gsr,"75759,0.7470"
2026-05-28T17:02:26.973,jbl6,self_20260528_170130,clip_005,1,listen,,0.7478,75780.0,raspberry_pi_seeed_gsr,"75780,0.7478"
2026-05-28T17:02:26.999,jbl6,self_20260528_170130,clip_005,1,listen,,0.7446,75801.0,raspberry_pi_seeed_gsr,"75801,0.7446"
2026-05-28T17:02:27.023,jbl6,self_20260528_170130,clip_005,1,listen,,0.7382,75822.0,raspberry_pi_seeed_gsr,"75822,0.7382"
2026-05-28T17:02:27.047,jbl6,self_20260528_170130,clip_005,1,listen,,0.739,75843.0,raspberry_pi_seeed_gsr,"75843,0.7390"
2026-05-28T17:02:27.071,jbl6,self_20260528_170130,clip_005,1,listen,,0.7382,75864.0,raspberry_pi_seeed_gsr,"75864,0.7382"
2026-05-28T17:02:27.095,jbl6,self_20260528_170130,clip_005,1,listen,,0.7285,75885.0,raspberry_pi_seeed_gsr,"75885,0.7285"
2026-05-28T17:02:27.117,jbl6,self_20260528_170130,clip_005,1,listen,,0.7285,75906.0,raspberry_pi_seeed_gsr,"75906,0.7285"
2026-05-28T17:02:27.140,jbl6,self_20260528_170130,clip_005,1,listen,,0.7293,75927.0,raspberry_pi_seeed_gsr,"75927,0.7293"
2026-05-28T17:02:27.163,jbl6,self_20260528_170130,clip_005,1,listen,,0.7301,75948.0,raspberry_pi_seeed_gsr,"75948,0.7301"
2026-05-28T17:02:27.186,jbl6,self_20260528_170130,clip_005,1,listen,,0.7228,75969.0,raspberry_pi_seeed_gsr,"75969,0.7228"
2026-05-28T17:02:27.211,jbl6,self_20260528_170130,clip_005,1,listen,,0.7156,75990.0,raspberry_pi_seeed_gsr,"75990,0.7156"
2026-05-28T17:02:27.235,jbl6,self_20260528_170130,clip_005,1,listen,,0.7204,76011.0,raspberry_pi_seeed_gsr,"76011,0.7204"
2026-05-28T17:02:27.259,jbl6,self_20260528_170130,clip_005,1,listen,,0.7196,76032.0,raspberry_pi_seeed_gsr,"76032,0.7196"
2026-05-28T17:02:27.284,jbl6,self_20260528_170130,clip_005,1,listen,,0.7132,76053.0,raspberry_pi_seeed_gsr,"76053,0.7132"
2026-05-28T17:02:27.308,jbl6,self_20260528_170130,clip_005,1,listen,,0.7083,76074.0,raspberry_pi_seeed_gsr,"76074,0.7083"
2026-05-28T17:02:27.332,jbl6,self_20260528_170130,clip_005,1,listen,,0.71,76095.0,raspberry_pi_seeed_gsr,"76095,0.7100"
2026-05-28T17:02:27.356,jbl6,self_20260528_170130,clip_005,1,listen,,0.7108,76116.0,raspberry_pi_seeed_gsr,"76116,0.7108"
2026-05-28T17:02:27.380,jbl6,self_20260528_170130,clip_005,1,listen,,0.7019,76137.0,raspberry_pi_seeed_gsr,"76137,0.7019"
2026-05-28T17:02:27.404,jbl6,self_20260528_170130,clip_005,1,listen,,0.7059,76158.0,raspberry_pi_seeed_gsr,"76158,0.7059"
2026-05-28T17:02:27.438,jbl6,self_20260528_170130,clip_005,1,listen,,0.7035,76179.0,raspberry_pi_seeed_gsr,"76179,0.7035"
2026-05-28T17:02:27.462,jbl6,self_20260528_170130,clip_005,1,listen,,0.7003,76200.0,raspberry_pi_seeed_gsr,"76200,0.7003"
2026-05-28T17:02:27.484,jbl6,self_20260528_170130,clip_005,1,listen,,0.6995,76221.0,raspberry_pi_seeed_gsr,"76221,0.6995"
2026-05-28T17:02:27.508,jbl6,self_20260528_170130,clip_005,1,listen,,0.6922,76242.0,raspberry_pi_seeed_gsr,"76242,0.6922"
2026-05-28T17:02:27.533,jbl6,self_20260528_170130,clip_005,1,listen,,0.6954,76263.0,raspberry_pi_seeed_gsr,"76263,0.6954"
2026-05-28T17:02:27.556,jbl6,self_20260528_170130,clip_005,1,listen,,0.6971,76284.0,raspberry_pi_seeed_gsr,"76284,0.6971"
2026-05-28T17:02:27.579,jbl6,self_20260528_170130,clip_005,1,listen,,0.6898,76305.0,raspberry_pi_seeed_gsr,"76305,0.6898"
2026-05-28T17:02:27.603,jbl6,self_20260528_170130,clip_005,1,listen,,0.6882,76326.0,raspberry_pi_seeed_gsr,"76326,0.6882"
2026-05-28T17:02:27.626,jbl6,self_20260528_170130,clip_005,1,listen,,0.6906,76347.0,raspberry_pi_seeed_gsr,"76347,0.6906"
2026-05-28T17:02:27.649,jbl6,self_20260528_170130,clip_005,1,listen,,0.6866,76368.0,raspberry_pi_seeed_gsr,"76368,0.6866"
2026-05-28T17:02:27.672,jbl6,self_20260528_170130,clip_005,1,listen,,0.685,76389.0,raspberry_pi_seeed_gsr,"76389,0.6850"
2026-05-28T17:02:27.695,jbl6,self_20260528_170130,clip_005,1,listen,,0.6858,76410.0,raspberry_pi_seeed_gsr,"76410,0.6858"
2026-05-28T17:02:27.718,jbl6,self_20260528_170130,clip_005,1,listen,,0.6858,76431.0,raspberry_pi_seeed_gsr,"76431,0.6858"
2026-05-28T17:02:27.742,jbl6,self_20260528_170130,clip_005,1,listen,,0.6866,76452.0,raspberry_pi_seeed_gsr,"76452,0.6866"
2026-05-28T17:02:27.766,jbl6,self_20260528_170130,clip_005,1,listen,,0.6818,76473.0,raspberry_pi_seeed_gsr,"76473,0.6818"
2026-05-28T17:02:27.789,jbl6,self_20260528_170130,clip_005,1,listen,,0.6793,76494.0,raspberry_pi_seeed_gsr,"76494,0.6793"
2026-05-28T17:02:27.812,jbl6,self_20260528_170130,clip_005,1,listen,,0.6785,76515.0,raspberry_pi_seeed_gsr,"76515,0.6785"
2026-05-28T17:02:27.835,jbl6,self_20260528_170130,clip_005,1,listen,,0.6753,76536.0,raspberry_pi_seeed_gsr,"76536,0.6753"
2026-05-28T17:02:27.857,jbl6,self_20260528_170130,clip_005,1,listen,,0.6721,76557.0,raspberry_pi_seeed_gsr,"76557,0.6721"
2026-05-28T17:02:27.881,jbl6,self_20260528_170130,clip_005,1,listen,,0.6769,76578.0,raspberry_pi_seeed_gsr,"76578,0.6769"
2026-05-28T17:02:27.905,jbl6,self_20260528_170130,clip_005,1,listen,,0.6777,76599.0,raspberry_pi_seeed_gsr,"76599,0.6777"
2026-05-28T17:02:27.930,jbl6,self_20260528_170130,clip_005,1,listen,,0.6713,76620.0,raspberry_pi_seeed_gsr,"76620,0.6713"
2026-05-28T17:02:27.955,jbl6,self_20260528_170130,clip_005,1,listen,,0.6673,76641.0,raspberry_pi_seeed_gsr,"76641,0.6673"
2026-05-28T17:02:27.979,jbl6,self_20260528_170130,clip_005,1,listen,,0.6729,76662.0,raspberry_pi_seeed_gsr,"76662,0.6729"
2026-05-28T17:02:28.003,jbl6,self_20260528_170130,clip_005,1,listen,,0.6753,76683.0,raspberry_pi_seeed_gsr,"76683,0.6753"
2026-05-28T17:02:28.027,jbl6,self_20260528_170130,clip_005,1,listen,,0.6697,76704.0,raspberry_pi_seeed_gsr,"76704,0.6697"
2026-05-28T17:02:28.051,jbl6,self_20260528_170130,clip_005,1,listen,,0.6673,76725.0,raspberry_pi_seeed_gsr,"76725,0.6673"
2026-05-28T17:02:28.075,jbl6,self_20260528_170130,clip_005,1,listen,,0.6753,76746.0,raspberry_pi_seeed_gsr,"76746,0.6753"
2026-05-28T17:02:28.099,jbl6,self_20260528_170130,clip_005,1,listen,,0.6745,76767.0,raspberry_pi_seeed_gsr,"76767,0.6745"
2026-05-28T17:02:28.123,jbl6,self_20260528_170130,clip_005,1,listen,,0.6705,76788.0,raspberry_pi_seeed_gsr,"76788,0.6705"
2026-05-28T17:02:28.148,jbl6,self_20260528_170130,clip_005,1,listen,,0.6664,76809.0,raspberry_pi_seeed_gsr,"76809,0.6664"
2026-05-28T17:02:28.171,jbl6,self_20260528_170130,clip_005,1,listen,,0.6721,76830.0,raspberry_pi_seeed_gsr,"76830,0.6721"
2026-05-28T17:02:28.194,jbl6,self_20260528_170130,clip_005,1,listen,,0.6745,76851.0,raspberry_pi_seeed_gsr,"76851,0.6745"
2026-05-28T17:02:28.217,jbl6,self_20260528_170130,clip_005,1,listen,,0.6713,76872.0,raspberry_pi_seeed_gsr,"76872,0.6713"
2026-05-28T17:02:28.241,jbl6,self_20260528_170130,clip_005,1,listen,,0.6648,76893.0,raspberry_pi_seeed_gsr,"76893,0.6648"
2026-05-28T17:02:28.265,jbl6,self_20260528_170130,clip_005,1,listen,,0.6769,76914.0,raspberry_pi_seeed_gsr,"76914,0.6769"
2026-05-28T17:02:28.287,jbl6,self_20260528_170130,clip_005,1,listen,,0.6721,76935.0,raspberry_pi_seeed_gsr,"76935,0.6721"
2026-05-28T17:02:28.310,jbl6,self_20260528_170130,clip_005,1,listen,,0.6721,76956.0,raspberry_pi_seeed_gsr,"76956,0.6721"
2026-05-28T17:02:28.334,jbl6,self_20260528_170130,clip_005,1,listen,,0.6721,76977.0,raspberry_pi_seeed_gsr,"76977,0.6721"
2026-05-28T17:02:28.357,jbl6,self_20260528_170130,clip_005,1,listen,,0.6769,76998.0,raspberry_pi_seeed_gsr,"76998,0.6769"
2026-05-28T17:02:28.380,jbl6,self_20260528_170130,clip_005,1,listen,,0.6729,77019.0,raspberry_pi_seeed_gsr,"77019,0.6729"
2026-05-28T17:02:28.435,jbl6,self_20260528_170130,clip_005,1,listen,,0.6681,77040.0,raspberry_pi_seeed_gsr,"77040,0.6681"
2026-05-28T17:02:28.458,jbl6,self_20260528_170130,clip_005,1,listen,,0.6753,77061.0,raspberry_pi_seeed_gsr,"77061,0.6753"
2026-05-28T17:02:28.482,jbl6,self_20260528_170130,clip_005,1,listen,,0.6761,77082.0,raspberry_pi_seeed_gsr,"77082,0.6761"
2026-05-28T17:02:28.506,jbl6,self_20260528_170130,clip_005,1,listen,,0.6697,77103.0,raspberry_pi_seeed_gsr,"77103,0.6697"
2026-05-28T17:02:28.529,jbl6,self_20260528_170130,clip_005,1,listen,,0.6705,77124.0,raspberry_pi_seeed_gsr,"77124,0.6705"
2026-05-28T17:02:28.553,jbl6,self_20260528_170130,clip_005,1,listen,,0.6769,77145.0,raspberry_pi_seeed_gsr,"77145,0.6769"
2026-05-28T17:02:28.577,jbl6,self_20260528_170130,clip_005,1,listen,,0.6769,77166.0,raspberry_pi_seeed_gsr,"77166,0.6769"
2026-05-28T17:02:28.600,jbl6,self_20260528_170130,clip_005,1,listen,,0.6729,77187.0,raspberry_pi_seeed_gsr,"77187,0.6729"
2026-05-28T17:02:28.623,jbl6,self_20260528_170130,clip_005,1,listen,,0.6713,77208.0,raspberry_pi_seeed_gsr,"77208,0.6713"
2026-05-28T17:02:28.648,jbl6,self_20260528_170130,clip_005,1,listen,,0.6753,77229.0,raspberry_pi_seeed_gsr,"77229,0.6753"
2026-05-28T17:02:28.672,jbl6,self_20260528_170130,clip_005,1,listen,,0.6753,77250.0,raspberry_pi_seeed_gsr,"77250,0.6753"
2026-05-28T17:02:28.695,jbl6,self_20260528_170130,clip_005,1,listen,,0.6713,77271.0,raspberry_pi_seeed_gsr,"77271,0.6713"
2026-05-28T17:02:28.719,jbl6,self_20260528_170130,clip_005,1,listen,,0.6705,77292.0,raspberry_pi_seeed_gsr,"77292,0.6705"
2026-05-28T17:02:28.742,jbl6,self_20260528_170130,clip_005,1,listen,,0.6801,77313.0,raspberry_pi_seeed_gsr,"77313,0.6801"
2026-05-28T17:02:28.766,jbl6,self_20260528_170130,clip_005,1,listen,,0.6866,77334.0,raspberry_pi_seeed_gsr,"77334,0.6866"
2026-05-28T17:02:28.791,jbl6,self_20260528_170130,clip_005,1,listen,,0.6866,77355.0,raspberry_pi_seeed_gsr,"77355,0.6866"
2026-05-28T17:02:28.815,jbl6,self_20260528_170130,clip_005,1,listen,,0.6753,77376.0,raspberry_pi_seeed_gsr,"77376,0.6753"
2026-05-28T17:02:28.840,jbl6,self_20260528_170130,clip_005,1,listen,,0.6842,77397.0,raspberry_pi_seeed_gsr,"77397,0.6842"
2026-05-28T17:02:28.863,jbl6,self_20260528_170130,clip_005,1,listen,,0.6785,77418.0,raspberry_pi_seeed_gsr,"77418,0.6785"
2026-05-28T17:02:28.887,jbl6,self_20260528_170130,clip_005,1,listen,,0.6753,77439.0,raspberry_pi_seeed_gsr,"77439,0.6753"
2026-05-28T17:02:28.911,jbl6,self_20260528_170130,clip_005,1,listen,,0.6882,77460.0,raspberry_pi_seeed_gsr,"77460,0.6882"
2026-05-28T17:02:28.934,jbl6,self_20260528_170130,clip_005,1,listen,,0.6818,77481.0,raspberry_pi_seeed_gsr,"77481,0.6818"
2026-05-28T17:02:28.957,jbl6,self_20260528_170130,clip_005,1,listen,,0.6753,77502.0,raspberry_pi_seeed_gsr,"77502,0.6753"
2026-05-28T17:02:28.980,jbl6,self_20260528_170130,clip_005,1,listen,,0.6737,77523.0,raspberry_pi_seeed_gsr,"77523,0.6737"
2026-05-28T17:02:29.004,jbl6,self_20260528_170130,clip_005,1,listen,,0.6793,77544.0,raspberry_pi_seeed_gsr,"77544,0.6793"
2026-05-28T17:02:29.028,jbl6,self_20260528_170130,clip_005,1,listen,,0.6809,77565.0,raspberry_pi_seeed_gsr,"77565,0.6809"
2026-05-28T17:02:29.051,jbl6,self_20260528_170130,clip_005,1,listen,,0.6777,77586.0,raspberry_pi_seeed_gsr,"77586,0.6777"
2026-05-28T17:02:29.074,jbl6,self_20260528_170130,clip_005,1,listen,,0.6777,77607.0,raspberry_pi_seeed_gsr,"77607,0.6777"
2026-05-28T17:02:29.097,jbl6,self_20260528_170130,clip_005,1,listen,,0.6809,77628.0,raspberry_pi_seeed_gsr,"77628,0.6809"
2026-05-28T17:02:29.121,jbl6,self_20260528_170130,clip_005,1,listen,,0.6801,77649.0,raspberry_pi_seeed_gsr,"77649,0.6801"
2026-05-28T17:02:29.155,jbl6,self_20260528_170130,clip_005,1,listen,,0.6793,77670.0,raspberry_pi_seeed_gsr,"77670,0.6793"
2026-05-28T17:02:29.179,jbl6,self_20260528_170130,clip_005,1,listen,,0.6745,77691.0,raspberry_pi_seeed_gsr,"77691,0.6745"
2026-05-28T17:02:29.201,jbl6,self_20260528_170130,clip_005,1,listen,,0.6834,77712.0,raspberry_pi_seeed_gsr,"77712,0.6834"
2026-05-28T17:02:29.225,jbl6,self_20260528_170130,clip_005,1,listen,,0.6858,77733.0,raspberry_pi_seeed_gsr,"77733,0.6858"
2026-05-28T17:02:29.247,jbl6,self_20260528_170130,clip_005,1,listen,,0.6681,77754.0,raspberry_pi_seeed_gsr,"77754,0.6681"
2026-05-28T17:02:29.270,jbl6,self_20260528_170130,clip_005,1,listen,,0.6729,77775.0,raspberry_pi_seeed_gsr,"77775,0.6729"
2026-05-28T17:02:29.294,jbl6,self_20260528_170130,clip_005,1,listen,,0.6801,77796.0,raspberry_pi_seeed_gsr,"77796,0.6801"
2026-05-28T17:02:29.319,jbl6,self_20260528_170130,clip_005,1,listen,,0.6681,77817.0,raspberry_pi_seeed_gsr,"77817,0.6681"
2026-05-28T17:02:29.343,jbl6,self_20260528_170130,clip_005,1,listen,,0.6809,77838.0,raspberry_pi_seeed_gsr,"77838,0.6809"
2026-05-28T17:02:29.368,jbl6,self_20260528_170130,clip_005,1,listen,,0.6705,77859.0,raspberry_pi_seeed_gsr,"77859,0.6705"
2026-05-28T17:02:29.392,jbl6,self_20260528_170130,clip_005,1,listen,,0.6793,77880.0,raspberry_pi_seeed_gsr,"77880,0.6793"
2026-05-28T17:02:29.416,jbl6,self_20260528_170130,clip_005,1,listen,,0.6793,77901.0,raspberry_pi_seeed_gsr,"77901,0.6793"
2026-05-28T17:02:29.439,jbl6,self_20260528_170130,clip_005,1,listen,,0.6729,77922.0,raspberry_pi_seeed_gsr,"77922,0.6729"
2026-05-28T17:02:29.468,jbl6,self_20260528_170130,clip_005,1,listen,,0.6721,77943.0,raspberry_pi_seeed_gsr,"77943,0.6721"
2026-05-28T17:02:29.492,jbl6,self_20260528_170130,clip_005,1,listen,,0.6777,77964.0,raspberry_pi_seeed_gsr,"77964,0.6777"
2026-05-28T17:02:29.516,jbl6,self_20260528_170130,clip_005,1,listen,,0.6785,77985.0,raspberry_pi_seeed_gsr,"77985,0.6785"
2026-05-28T17:02:29.539,jbl6,self_20260528_170130,clip_005,1,listen,,0.6737,78006.0,raspberry_pi_seeed_gsr,"78006,0.6737"
2026-05-28T17:02:29.564,jbl6,self_20260528_170130,clip_005,1,listen,,0.6705,78027.0,raspberry_pi_seeed_gsr,"78027,0.6705"
2026-05-28T17:02:29.588,jbl6,self_20260528_170130,clip_005,1,listen,,0.6681,78048.0,raspberry_pi_seeed_gsr,"78048,0.6681"
2026-05-28T17:02:29.613,jbl6,self_20260528_170130,clip_005,1,listen,,0.6721,78069.0,raspberry_pi_seeed_gsr,"78069,0.6721"
2026-05-28T17:02:29.636,jbl6,self_20260528_170130,clip_005,1,listen,,0.6681,78090.0,raspberry_pi_seeed_gsr,"78090,0.6681"
2026-05-28T17:02:29.659,jbl6,self_20260528_170130,clip_005,1,listen,,0.6737,78111.0,raspberry_pi_seeed_gsr,"78111,0.6737"
2026-05-28T17:02:29.685,jbl6,self_20260528_170130,clip_005,1,listen,,0.6737,78132.0,raspberry_pi_seeed_gsr,"78132,0.6737"
2026-05-28T17:02:29.710,jbl6,self_20260528_170130,clip_005,1,listen,,0.6681,78153.0,raspberry_pi_seeed_gsr,"78153,0.6681"
2026-05-28T17:02:29.747,jbl6,self_20260528_170130,clip_005,1,listen,,0.6664,78174.0,raspberry_pi_seeed_gsr,"78174,0.6664"
2026-05-28T17:02:29.773,jbl6,self_20260528_170130,clip_005,1,listen,,0.6713,78195.0,raspberry_pi_seeed_gsr,"78195,0.6713"
2026-05-28T17:02:29.798,jbl6,self_20260528_170130,clip_005,1,listen,,0.6681,78216.0,raspberry_pi_seeed_gsr,"78216,0.6681"
2026-05-28T17:02:29.822,jbl6,self_20260528_170130,clip_005,1,listen,,0.6713,78237.0,raspberry_pi_seeed_gsr,"78237,0.6713"
2026-05-28T17:02:29.846,jbl6,self_20260528_170130,clip_005,1,listen,,0.6648,78258.0,raspberry_pi_seeed_gsr,"78258,0.6648"
2026-05-28T17:02:29.869,jbl6,self_20260528_170130,clip_005,1,listen,,0.6673,78279.0,raspberry_pi_seeed_gsr,"78279,0.6673"
2026-05-28T17:02:29.891,jbl6,self_20260528_170130,clip_005,1,listen,,0.6552,78300.0,raspberry_pi_seeed_gsr,"78300,0.6552"
2026-05-28T17:02:29.915,jbl6,self_20260528_170130,clip_005,1,listen,,0.6624,78321.0,raspberry_pi_seeed_gsr,"78321,0.6624"
2026-05-28T17:02:29.939,jbl6,self_20260528_170130,clip_005,1,listen,,0.664,78342.0,raspberry_pi_seeed_gsr,"78342,0.6640"
2026-05-28T17:02:29.963,jbl6,self_20260528_170130,clip_005,1,listen,,0.6648,78363.0,raspberry_pi_seeed_gsr,"78363,0.6648"
2026-05-28T17:02:29.996,jbl6,self_20260528_170130,clip_005,1,listen,,0.6681,78384.0,raspberry_pi_seeed_gsr,"78384,0.6681"
2026-05-28T17:02:30.019,jbl6,self_20260528_170130,clip_005,1,listen,,0.66,78405.0,raspberry_pi_seeed_gsr,"78405,0.6600"
2026-05-28T17:02:30.042,jbl6,self_20260528_170130,clip_005,1,listen,,0.6576,78426.0,raspberry_pi_seeed_gsr,"78426,0.6576"
2026-05-28T17:02:30.065,jbl6,self_20260528_170130,clip_005,1,listen,,0.6656,78447.0,raspberry_pi_seeed_gsr,"78447,0.6656"
2026-05-28T17:02:30.089,jbl6,self_20260528_170130,clip_005,1,listen,,0.656,78468.0,raspberry_pi_seeed_gsr,"78468,0.6560"
2026-05-28T17:02:30.111,jbl6,self_20260528_170130,clip_005,1,listen,,0.6592,78489.0,raspberry_pi_seeed_gsr,"78489,0.6592"
2026-05-28T17:02:30.134,jbl6,self_20260528_170130,clip_005,1,listen,,0.6592,78510.0,raspberry_pi_seeed_gsr,"78510,0.6592"
2026-05-28T17:02:30.158,jbl6,self_20260528_170130,clip_005,1,listen,,0.6648,78531.0,raspberry_pi_seeed_gsr,"78531,0.6648"
2026-05-28T17:02:30.181,jbl6,self_20260528_170130,clip_005,1,listen,,0.6624,78552.0,raspberry_pi_seeed_gsr,"78552,0.6624"
2026-05-28T17:02:30.207,jbl6,self_20260528_170130,clip_005,1,listen,,0.66,78573.0,raspberry_pi_seeed_gsr,"78573,0.6600"
2026-05-28T17:02:30.230,jbl6,self_20260528_170130,clip_005,1,listen,,0.6632,78594.0,raspberry_pi_seeed_gsr,"78594,0.6632"
2026-05-28T17:02:30.253,jbl6,self_20260528_170130,clip_005,1,listen,,0.6648,78615.0,raspberry_pi_seeed_gsr,"78615,0.6648"
2026-05-28T17:02:30.277,jbl6,self_20260528_170130,clip_005,1,listen,,0.6584,78636.0,raspberry_pi_seeed_gsr,"78636,0.6584"
2026-05-28T17:02:30.300,jbl6,self_20260528_170130,clip_005,1,listen,,0.6576,78657.0,raspberry_pi_seeed_gsr,"78657,0.6576"
2026-05-28T17:02:30.323,jbl6,self_20260528_170130,clip_005,1,listen,,0.6608,78678.0,raspberry_pi_seeed_gsr,"78678,0.6608"
2026-05-28T17:02:30.347,jbl6,self_20260528_170130,clip_005,1,listen,,0.6664,78699.0,raspberry_pi_seeed_gsr,"78699,0.6664"
2026-05-28T17:02:30.370,jbl6,self_20260528_170130,clip_005,1,listen,,0.6568,78720.0,raspberry_pi_seeed_gsr,"78720,0.6568"
2026-05-28T17:02:30.394,jbl6,self_20260528_170130,clip_005,1,listen,,0.6576,78741.0,raspberry_pi_seeed_gsr,"78741,0.6576"
2026-05-28T17:02:30.419,jbl6,self_20260528_170130,clip_005,1,listen,,0.656,78762.0,raspberry_pi_seeed_gsr,"78762,0.6560"
2026-05-28T17:02:30.444,jbl6,self_20260528_170130,clip_005,1,listen,,0.6656,78783.0,raspberry_pi_seeed_gsr,"78783,0.6656"
2026-05-28T17:02:30.468,jbl6,self_20260528_170130,clip_005,1,listen,,0.6584,78804.0,raspberry_pi_seeed_gsr,"78804,0.6584"
2026-05-28T17:02:30.494,jbl6,self_20260528_170130,clip_005,1,listen,,0.6584,78825.0,raspberry_pi_seeed_gsr,"78825,0.6584"
2026-05-28T17:02:30.517,jbl6,self_20260528_170130,clip_005,1,listen,,0.664,78846.0,raspberry_pi_seeed_gsr,"78846,0.6640"
2026-05-28T17:02:30.541,jbl6,self_20260528_170130,clip_005,1,listen,,0.664,78867.0,raspberry_pi_seeed_gsr,"78867,0.6640"
2026-05-28T17:02:30.565,jbl6,self_20260528_170130,clip_005,1,listen,,0.656,78888.0,raspberry_pi_seeed_gsr,"78888,0.6560"
2026-05-28T17:02:30.588,jbl6,self_20260528_170130,clip_005,1,listen,,0.6576,78909.0,raspberry_pi_seeed_gsr,"78909,0.6576"
2026-05-28T17:02:30.610,jbl6,self_20260528_170130,clip_005,1,listen,,0.6576,78930.0,raspberry_pi_seeed_gsr,"78930,0.6576"
2026-05-28T17:02:30.633,jbl6,self_20260528_170130,clip_005,1,listen,,0.664,78951.0,raspberry_pi_seeed_gsr,"78951,0.6640"
2026-05-28T17:02:30.657,jbl6,self_20260528_170130,clip_005,1,listen,,0.6584,78972.0,raspberry_pi_seeed_gsr,"78972,0.6584"
2026-05-28T17:02:30.681,jbl6,self_20260528_170130,clip_005,1,listen,,0.6576,78993.0,raspberry_pi_seeed_gsr,"78993,0.6576"
2026-05-28T17:02:30.704,jbl6,self_20260528_170130,clip_005,1,listen,,0.6648,79014.0,raspberry_pi_seeed_gsr,"79014,0.6648"
2026-05-28T17:02:30.728,jbl6,self_20260528_170130,clip_005,1,listen,,0.664,79035.0,raspberry_pi_seeed_gsr,"79035,0.6640"
2026-05-28T17:02:30.752,jbl6,self_20260528_170130,clip_005,1,listen,,0.6584,79056.0,raspberry_pi_seeed_gsr,"79056,0.6584"
2026-05-28T17:02:30.777,jbl6,self_20260528_170130,clip_005,1,listen,,0.6624,79077.0,raspberry_pi_seeed_gsr,"79077,0.6624"
2026-05-28T17:02:30.802,jbl6,self_20260528_170130,clip_005,1,listen,,0.6689,79098.0,raspberry_pi_seeed_gsr,"79098,0.6689"
2026-05-28T17:02:30.827,jbl6,self_20260528_170130,clip_005,1,listen,,0.66,79119.0,raspberry_pi_seeed_gsr,"79119,0.6600"
2026-05-28T17:02:30.850,jbl6,self_20260528_170130,clip_005,1,listen,,0.66,79140.0,raspberry_pi_seeed_gsr,"79140,0.6600"
2026-05-28T17:02:30.875,jbl6,self_20260528_170130,clip_005,1,listen,,0.6648,79161.0,raspberry_pi_seeed_gsr,"79161,0.6648"
2026-05-28T17:02:30.900,jbl6,self_20260528_170130,clip_005,1,listen,,0.6673,79182.0,raspberry_pi_seeed_gsr,"79182,0.6673"
2026-05-28T17:02:30.924,jbl6,self_20260528_170130,clip_005,1,listen,,0.6648,79203.0,raspberry_pi_seeed_gsr,"79203,0.6648"
2026-05-28T17:02:30.949,jbl6,self_20260528_170130,clip_005,1,listen,,0.6616,79224.0,raspberry_pi_seeed_gsr,"79224,0.6616"
2026-05-28T17:02:30.973,jbl6,self_20260528_170130,clip_005,1,listen,,0.6648,79245.0,raspberry_pi_seeed_gsr,"79245,0.6648"
2026-05-28T17:02:30.998,jbl6,self_20260528_170130,clip_005,1,listen,,0.6705,79266.0,raspberry_pi_seeed_gsr,"79266,0.6705"
2026-05-28T17:02:31.022,jbl6,self_20260528_170130,clip_005,1,listen,,0.6616,79287.0,raspberry_pi_seeed_gsr,"79287,0.6616"
2026-05-28T17:02:31.047,jbl6,self_20260528_170130,clip_005,1,listen,,0.6616,79308.0,raspberry_pi_seeed_gsr,"79308,0.6616"
2026-05-28T17:02:31.070,jbl6,self_20260528_170130,clip_005,1,listen,,0.6673,79329.0,raspberry_pi_seeed_gsr,"79329,0.6673"
2026-05-28T17:02:31.094,jbl6,self_20260528_170130,clip_005,1,listen,,0.6689,79350.0,raspberry_pi_seeed_gsr,"79350,0.6689"
2026-05-28T17:02:31.117,jbl6,self_20260528_170130,clip_005,1,listen,,0.6648,79371.0,raspberry_pi_seeed_gsr,"79371,0.6648"
2026-05-28T17:02:31.140,jbl6,self_20260528_170130,clip_005,1,listen,,0.6648,79392.0,raspberry_pi_seeed_gsr,"79392,0.6648"
2026-05-28T17:02:31.164,jbl6,self_20260528_170130,clip_005,1,listen,,0.6681,79413.0,raspberry_pi_seeed_gsr,"79413,0.6681"
2026-05-28T17:02:31.187,jbl6,self_20260528_170130,clip_005,1,listen,,0.6713,79434.0,raspberry_pi_seeed_gsr,"79434,0.6713"
2026-05-28T17:02:31.211,jbl6,self_20260528_170130,clip_005,1,listen,,0.6616,79455.0,raspberry_pi_seeed_gsr,"79455,0.6616"
2026-05-28T17:02:31.235,jbl6,self_20260528_170130,clip_005,1,listen,,0.6648,79476.0,raspberry_pi_seeed_gsr,"79476,0.6648"
2026-05-28T17:02:31.258,jbl6,self_20260528_170130,clip_005,1,listen,,0.6664,79497.0,raspberry_pi_seeed_gsr,"79497,0.6664"
2026-05-28T17:02:31.282,jbl6,self_20260528_170130,clip_005,1,listen,,0.6681,79518.0,raspberry_pi_seeed_gsr,"79518,0.6681"
2026-05-28T17:02:31.305,jbl6,self_20260528_170130,clip_005,1,listen,,0.6648,79539.0,raspberry_pi_seeed_gsr,"79539,0.6648"
2026-05-28T17:02:31.329,jbl6,self_20260528_170130,clip_005,1,listen,,0.6648,79560.0,raspberry_pi_seeed_gsr,"79560,0.6648"
2026-05-28T17:02:31.352,jbl6,self_20260528_170130,clip_005,1,listen,,0.6656,79581.0,raspberry_pi_seeed_gsr,"79581,0.6656"
2026-05-28T17:02:31.375,jbl6,self_20260528_170130,clip_005,1,listen,,0.6673,79602.0,raspberry_pi_seeed_gsr,"79602,0.6673"
2026-05-28T17:02:31.398,jbl6,self_20260528_170130,clip_005,1,listen,,0.6632,79623.0,raspberry_pi_seeed_gsr,"79623,0.6632"
2026-05-28T17:02:31.422,jbl6,self_20260528_170130,clip_005,1,listen,,0.664,79644.0,raspberry_pi_seeed_gsr,"79644,0.6640"
2026-05-28T17:02:31.447,jbl6,self_20260528_170130,clip_005,1,listen,,0.6673,79665.0,raspberry_pi_seeed_gsr,"79665,0.6673"
2026-05-28T17:02:31.471,jbl6,self_20260528_170130,clip_005,1,listen,,0.664,79686.0,raspberry_pi_seeed_gsr,"79686,0.6640"
2026-05-28T17:02:31.496,jbl6,self_20260528_170130,clip_005,1,listen,,0.6576,79707.0,raspberry_pi_seeed_gsr,"79707,0.6576"
2026-05-28T17:02:31.521,jbl6,self_20260528_170130,clip_005,1,listen,,0.6632,79728.0,raspberry_pi_seeed_gsr,"79728,0.6632"
2026-05-28T17:02:31.545,jbl6,self_20260528_170130,clip_005,1,listen,,0.6616,79749.0,raspberry_pi_seeed_gsr,"79749,0.6616"
2026-05-28T17:02:31.569,jbl6,self_20260528_170130,clip_005,1,listen,,0.6568,79770.0,raspberry_pi_seeed_gsr,"79770,0.6568"
2026-05-28T17:02:31.592,jbl6,self_20260528_170130,clip_005,1,listen,,0.6584,79791.0,raspberry_pi_seeed_gsr,"79791,0.6584"
2026-05-28T17:02:31.615,jbl6,self_20260528_170130,clip_005,1,listen,,0.6584,79812.0,raspberry_pi_seeed_gsr,"79812,0.6584"
2026-05-28T17:02:31.638,jbl6,self_20260528_170130,clip_005,1,listen,,0.6568,79833.0,raspberry_pi_seeed_gsr,"79833,0.6568"
2026-05-28T17:02:31.661,jbl6,self_20260528_170130,clip_005,1,listen,,0.6487,79854.0,raspberry_pi_seeed_gsr,"79854,0.6487"
2026-05-28T17:02:31.685,jbl6,self_20260528_170130,clip_005,1,listen,,0.6447,79875.0,raspberry_pi_seeed_gsr,"79875,0.6447"
2026-05-28T17:02:31.708,jbl6,self_20260528_170130,clip_005,1,listen,,0.6487,79896.0,raspberry_pi_seeed_gsr,"79896,0.6487"
2026-05-28T17:02:31.732,jbl6,self_20260528_170130,clip_005,1,listen,,0.6471,79917.0,raspberry_pi_seeed_gsr,"79917,0.6471"
2026-05-28T17:02:31.791,jbl6,self_20260528_170130,clip_005,1,listen,,0.6366,79938.0,raspberry_pi_seeed_gsr,"79938,0.6366"
2026-05-28T17:02:31.815,jbl6,self_20260528_170130,clip_005,1,listen,,0.6342,79959.0,raspberry_pi_seeed_gsr,"79959,0.6342"
2026-05-28T17:02:31.838,jbl6,self_20260528_170130,clip_005,1,listen,,0.6382,79980.0,raspberry_pi_seeed_gsr,"79980,0.6382"
2026-05-28T17:02:31.860,jbl6,self_20260528_170130,clip_005,1,listen,,0.6358,80001.0,raspberry_pi_seeed_gsr,"80001,0.6358"
2026-05-28T17:02:31.885,jbl6,self_20260528_170130,clip_005,1,listen,,0.627,80022.0,raspberry_pi_seeed_gsr,"80022,0.6270"
2026-05-28T17:02:31.908,jbl6,self_20260528_170130,clip_005,1,listen,,0.6254,80043.0,raspberry_pi_seeed_gsr,"80043,0.6254"
2026-05-28T17:02:31.932,jbl6,self_20260528_170130,clip_005,1,listen,,0.6278,80064.0,raspberry_pi_seeed_gsr,"80064,0.6278"
2026-05-28T17:02:31.954,jbl6,self_20260528_170130,clip_005,1,listen,,0.6229,80085.0,raspberry_pi_seeed_gsr,"80085,0.6229"
2026-05-28T17:02:31.978,jbl6,self_20260528_170130,clip_005,1,listen,,0.6148,80106.0,raspberry_pi_seeed_gsr,"80106,0.6148"
2026-05-28T17:02:32.000,jbl6,self_20260528_170130,clip_005,1,listen,,0.6084,80127.0,raspberry_pi_seeed_gsr,"80127,0.6084"
2026-05-28T17:02:32.035,jbl6,self_20260528_170130,clip_005,1,listen,,0.6205,80148.0,raspberry_pi_seeed_gsr,"80148,0.6205"
2026-05-28T17:02:32.062,jbl6,self_20260528_170130,clip_005,1,listen,,0.6092,80169.0,raspberry_pi_seeed_gsr,"80169,0.6092"
2026-05-28T17:02:32.086,jbl6,self_20260528_170130,clip_005,1,listen,,0.6036,80190.0,raspberry_pi_seeed_gsr,"80190,0.6036"
2026-05-28T17:02:32.109,jbl6,self_20260528_170130,clip_005,1,listen,,0.6036,80211.0,raspberry_pi_seeed_gsr,"80211,0.6036"
2026-05-28T17:02:32.132,jbl6,self_20260528_170130,clip_005,1,listen,,0.6027,80232.0,raspberry_pi_seeed_gsr,"80232,0.6027"
2026-05-28T17:02:32.154,jbl6,self_20260528_170130,clip_005,1,listen,,0.5979,80253.0,raspberry_pi_seeed_gsr,"80253,0.5979"
2026-05-28T17:02:32.177,jbl6,self_20260528_170130,clip_005,1,listen,,0.5979,80274.0,raspberry_pi_seeed_gsr,"80274,0.5979"
2026-05-28T17:02:32.202,jbl6,self_20260528_170130,clip_005,1,listen,,0.5947,80295.0,raspberry_pi_seeed_gsr,"80295,0.5947"
2026-05-28T17:02:32.225,jbl6,self_20260528_170130,clip_005,1,listen,,0.5931,80316.0,raspberry_pi_seeed_gsr,"80316,0.5931"
2026-05-28T17:02:32.248,jbl6,self_20260528_170130,clip_005,1,listen,,0.5866,80337.0,raspberry_pi_seeed_gsr,"80337,0.5866"
2026-05-28T17:02:32.272,jbl6,self_20260528_170130,clip_005,1,listen,,0.5818,80358.0,raspberry_pi_seeed_gsr,"80358,0.5818"
2026-05-28T17:02:32.295,jbl6,self_20260528_170130,clip_005,1,listen,,0.585,80379.0,raspberry_pi_seeed_gsr,"80379,0.5850"
2026-05-28T17:02:32.318,jbl6,self_20260528_170130,clip_005,1,listen,,0.5899,80400.0,raspberry_pi_seeed_gsr,"80400,0.5899"
2026-05-28T17:02:32.343,jbl6,self_20260528_170130,clip_005,1,listen,,0.5778,80421.0,raspberry_pi_seeed_gsr,"80421,0.5778"
2026-05-28T17:02:32.366,jbl6,self_20260528_170130,clip_005,1,listen,,0.5762,80442.0,raspberry_pi_seeed_gsr,"80442,0.5762"
2026-05-28T17:02:32.389,jbl6,self_20260528_170130,clip_005,1,listen,,0.5915,80463.0,raspberry_pi_seeed_gsr,"80463,0.5915"
2026-05-28T17:02:32.411,jbl6,self_20260528_170130,clip_005,1,listen,,0.577,80484.0,raspberry_pi_seeed_gsr,"80484,0.5770"
2026-05-28T17:02:32.435,jbl6,self_20260528_170130,clip_005,1,listen,,0.5705,80505.0,raspberry_pi_seeed_gsr,"80505,0.5705"
2026-05-28T17:02:32.457,jbl6,self_20260528_170130,clip_005,1,listen,,0.5673,80526.0,raspberry_pi_seeed_gsr,"80526,0.5673"
2026-05-28T17:02:32.479,jbl6,self_20260528_170130,clip_005,1,listen,,0.5705,80547.0,raspberry_pi_seeed_gsr,"80547,0.5705"
2026-05-28T17:02:32.513,jbl6,self_20260528_170130,clip_005,1,listen,,0.5705,80568.0,raspberry_pi_seeed_gsr,"80568,0.5705"
2026-05-28T17:02:32.537,jbl6,self_20260528_170130,clip_005,1,listen,,0.5584,80589.0,raspberry_pi_seeed_gsr,"80589,0.5584"
2026-05-28T17:02:32.562,jbl6,self_20260528_170130,clip_005,1,listen,,0.5625,80610.0,raspberry_pi_seeed_gsr,"80610,0.5625"
2026-05-28T17:02:32.585,jbl6,self_20260528_170130,clip_005,1,listen,,0.5625,80631.0,raspberry_pi_seeed_gsr,"80631,0.5625"
2026-05-28T17:02:32.610,jbl6,self_20260528_170130,clip_005,1,listen,,0.5641,80652.0,raspberry_pi_seeed_gsr,"80652,0.5641"
2026-05-28T17:02:32.634,jbl6,self_20260528_170130,clip_005,1,listen,,0.5576,80673.0,raspberry_pi_seeed_gsr,"80673,0.5576"
2026-05-28T17:02:32.657,jbl6,self_20260528_170130,clip_005,1,listen,,0.5592,80694.0,raspberry_pi_seeed_gsr,"80694,0.5592"
2026-05-28T17:02:32.679,jbl6,self_20260528_170130,clip_005,1,listen,,0.5617,80715.0,raspberry_pi_seeed_gsr,"80715,0.5617"
2026-05-28T17:02:32.704,jbl6,self_20260528_170130,clip_005,1,listen,,0.5584,80736.0,raspberry_pi_seeed_gsr,"80736,0.5584"
2026-05-28T17:02:32.729,jbl6,self_20260528_170130,clip_005,1,listen,,0.5512,80757.0,raspberry_pi_seeed_gsr,"80757,0.5512"
2026-05-28T17:02:32.753,jbl6,self_20260528_170130,clip_005,1,listen,,0.5536,80778.0,raspberry_pi_seeed_gsr,"80778,0.5536"
2026-05-28T17:02:32.777,jbl6,self_20260528_170130,clip_005,1,listen,,0.5552,80799.0,raspberry_pi_seeed_gsr,"80799,0.5552"
2026-05-28T17:02:32.801,jbl6,self_20260528_170130,clip_005,1,listen,,0.5512,80820.0,raspberry_pi_seeed_gsr,"80820,0.5512"
2026-05-28T17:02:32.830,jbl6,self_20260528_170130,clip_005,1,listen,,0.548,80841.0,raspberry_pi_seeed_gsr,"80841,0.5480"
2026-05-28T17:02:32.854,jbl6,self_20260528_170130,clip_005,1,listen,,0.5496,80862.0,raspberry_pi_seeed_gsr,"80862,0.5496"
2026-05-28T17:02:32.879,jbl6,self_20260528_170130,clip_005,1,listen,,0.5528,80883.0,raspberry_pi_seeed_gsr,"80883,0.5528"
2026-05-28T17:02:32.903,jbl6,self_20260528_170130,clip_005,1,listen,,0.5455,80904.0,raspberry_pi_seeed_gsr,"80904,0.5455"
2026-05-28T17:02:32.926,jbl6,self_20260528_170130,clip_005,1,listen,,0.5439,80925.0,raspberry_pi_seeed_gsr,"80925,0.5439"
2026-05-28T17:02:32.949,jbl6,self_20260528_170130,clip_005,1,listen,,0.5447,80946.0,raspberry_pi_seeed_gsr,"80946,0.5447"
2026-05-28T17:02:32.975,jbl6,self_20260528_170130,clip_005,1,listen,,0.548,80967.0,raspberry_pi_seeed_gsr,"80967,0.5480"
2026-05-28T17:02:33.000,jbl6,self_20260528_170130,clip_005,1,listen,,0.5431,80988.0,raspberry_pi_seeed_gsr,"80988,0.5431"
2026-05-28T17:02:33.025,jbl6,self_20260528_170130,clip_005,1,listen,,0.5504,81009.0,raspberry_pi_seeed_gsr,"81009,0.5504"
2026-05-28T17:02:33.050,jbl6,self_20260528_170130,clip_005,1,listen,,0.5496,81030.0,raspberry_pi_seeed_gsr,"81030,0.5496"
2026-05-28T17:02:33.074,jbl6,self_20260528_170130,clip_005,1,listen,,0.548,81051.0,raspberry_pi_seeed_gsr,"81051,0.5480"
2026-05-28T17:02:33.098,jbl6,self_20260528_170130,clip_005,1,listen,,0.5423,81072.0,raspberry_pi_seeed_gsr,"81072,0.5423"
2026-05-28T17:02:33.122,jbl6,self_20260528_170130,clip_005,1,listen,,0.5423,81093.0,raspberry_pi_seeed_gsr,"81093,0.5423"
2026-05-28T17:02:33.147,jbl6,self_20260528_170130,clip_005,1,listen,,0.5488,81114.0,raspberry_pi_seeed_gsr,"81114,0.5488"
2026-05-28T17:02:33.171,jbl6,self_20260528_170130,clip_005,1,listen,,0.5455,81135.0,raspberry_pi_seeed_gsr,"81135,0.5455"
2026-05-28T17:02:33.195,jbl6,self_20260528_170130,clip_005,1,listen,,0.5391,81156.0,raspberry_pi_seeed_gsr,"81156,0.5391"
2026-05-28T17:02:33.219,jbl6,self_20260528_170130,clip_005,1,listen,,0.548,81177.0,raspberry_pi_seeed_gsr,"81177,0.5480"
2026-05-28T17:02:33.243,jbl6,self_20260528_170130,clip_005,1,listen,,0.5463,81198.0,raspberry_pi_seeed_gsr,"81198,0.5463"
2026-05-28T17:02:33.268,jbl6,self_20260528_170130,clip_005,1,listen,,0.5447,81219.0,raspberry_pi_seeed_gsr,"81219,0.5447"
2026-05-28T17:02:33.293,jbl6,self_20260528_170130,clip_005,1,listen,,0.5407,81240.0,raspberry_pi_seeed_gsr,"81240,0.5407"
2026-05-28T17:02:33.318,jbl6,self_20260528_170130,clip_005,1,listen,,0.5447,81261.0,raspberry_pi_seeed_gsr,"81261,0.5447"
2026-05-28T17:02:33.342,jbl6,self_20260528_170130,clip_005,1,listen,,0.5504,81282.0,raspberry_pi_seeed_gsr,"81282,0.5504"
2026-05-28T17:02:33.375,jbl6,self_20260528_170130,clip_005,1,listen,,0.5463,81303.0,raspberry_pi_seeed_gsr,"81303,0.5463"
2026-05-28T17:02:33.400,jbl6,self_20260528_170130,clip_005,1,listen,,0.5447,81324.0,raspberry_pi_seeed_gsr,"81324,0.5447"
2026-05-28T17:02:33.424,jbl6,self_20260528_170130,clip_005,1,listen,,0.5463,81345.0,raspberry_pi_seeed_gsr,"81345,0.5463"
2026-05-28T17:02:33.448,jbl6,self_20260528_170130,clip_005,1,listen,,0.552,81366.0,raspberry_pi_seeed_gsr,"81366,0.5520"
2026-05-28T17:02:33.472,jbl6,self_20260528_170130,clip_005,1,listen,,0.5463,81387.0,raspberry_pi_seeed_gsr,"81387,0.5463"
2026-05-28T17:02:33.494,jbl6,self_20260528_170130,clip_005,1,listen,,0.548,81408.0,raspberry_pi_seeed_gsr,"81408,0.5480"
2026-05-28T17:02:33.516,jbl6,self_20260528_170130,clip_005,1,listen,,0.5463,81429.0,raspberry_pi_seeed_gsr,"81429,0.5463"
2026-05-28T17:02:33.540,jbl6,self_20260528_170130,clip_005,1,listen,,0.552,81450.0,raspberry_pi_seeed_gsr,"81450,0.5520"
2026-05-28T17:02:33.564,jbl6,self_20260528_170130,clip_005,1,listen,,0.5496,81471.0,raspberry_pi_seeed_gsr,"81471,0.5496"
2026-05-28T17:02:33.588,jbl6,self_20260528_170130,clip_005,1,listen,,0.5463,81492.0,raspberry_pi_seeed_gsr,"81492,0.5463"
2026-05-28T17:02:33.612,jbl6,self_20260528_170130,clip_005,1,listen,,0.5439,81513.0,raspberry_pi_seeed_gsr,"81513,0.5439"
2026-05-28T17:02:33.636,jbl6,self_20260528_170130,clip_005,1,listen,,0.5528,81534.0,raspberry_pi_seeed_gsr,"81534,0.5528"
2026-05-28T17:02:33.659,jbl6,self_20260528_170130,clip_005,1,listen,,0.5472,81555.0,raspberry_pi_seeed_gsr,"81555,0.5472"
2026-05-28T17:02:33.683,jbl6,self_20260528_170130,clip_005,1,listen,,0.548,81576.0,raspberry_pi_seeed_gsr,"81576,0.5480"
2026-05-28T17:02:33.707,jbl6,self_20260528_170130,clip_005,1,listen,,0.5552,81597.0,raspberry_pi_seeed_gsr,"81597,0.5552"
2026-05-28T17:02:33.730,jbl6,self_20260528_170130,clip_005,1,listen,,0.556,81618.0,raspberry_pi_seeed_gsr,"81618,0.5560"
2026-05-28T17:02:33.753,jbl6,self_20260528_170130,clip_005,1,listen,,0.5512,81639.0,raspberry_pi_seeed_gsr,"81639,0.5512"
2026-05-28T17:02:33.776,jbl6,self_20260528_170130,clip_005,1,listen,,0.5512,81660.0,raspberry_pi_seeed_gsr,"81660,0.5512"
2026-05-28T17:02:33.801,jbl6,self_20260528_170130,clip_005,1,listen,,0.5592,81681.0,raspberry_pi_seeed_gsr,"81681,0.5592"
2026-05-28T17:02:33.825,jbl6,self_20260528_170130,clip_005,1,listen,,0.5576,81702.0,raspberry_pi_seeed_gsr,"81702,0.5576"
2026-05-28T17:02:33.848,jbl6,self_20260528_170130,clip_005,1,listen,,0.5544,81723.0,raspberry_pi_seeed_gsr,"81723,0.5544"
2026-05-28T17:02:33.872,jbl6,self_20260528_170130,clip_005,1,listen,,0.5609,81744.0,raspberry_pi_seeed_gsr,"81744,0.5609"
2026-05-28T17:02:33.896,jbl6,self_20260528_170130,clip_005,1,listen,,0.5552,81765.0,raspberry_pi_seeed_gsr,"81765,0.5552"
2026-05-28T17:02:33.919,jbl6,self_20260528_170130,clip_005,1,listen,,0.56,81786.0,raspberry_pi_seeed_gsr,"81786,0.5600"
2026-05-28T17:02:33.943,jbl6,self_20260528_170130,clip_005,1,listen,,0.5568,81807.0,raspberry_pi_seeed_gsr,"81807,0.5568"
2026-05-28T17:02:33.967,jbl6,self_20260528_170130,clip_005,1,listen,,0.5649,81828.0,raspberry_pi_seeed_gsr,"81828,0.5649"
2026-05-28T17:02:33.990,jbl6,self_20260528_170130,clip_005,1,listen,,0.5649,81849.0,raspberry_pi_seeed_gsr,"81849,0.5649"
2026-05-28T17:02:34.013,jbl6,self_20260528_170130,clip_005,1,listen,,0.5609,81870.0,raspberry_pi_seeed_gsr,"81870,0.5609"
2026-05-28T17:02:34.036,jbl6,self_20260528_170130,clip_005,1,listen,,0.5592,81891.0,raspberry_pi_seeed_gsr,"81891,0.5592"
2026-05-28T17:02:34.059,jbl6,self_20260528_170130,clip_005,1,listen,,0.5657,81912.0,raspberry_pi_seeed_gsr,"81912,0.5657"
2026-05-28T17:02:34.083,jbl6,self_20260528_170130,clip_005,1,listen,,0.5665,81933.0,raspberry_pi_seeed_gsr,"81933,0.5665"
2026-05-28T17:02:34.107,jbl6,self_20260528_170130,clip_005,1,listen,,0.5625,81954.0,raspberry_pi_seeed_gsr,"81954,0.5625"
2026-05-28T17:02:34.130,jbl6,self_20260528_170130,clip_005,1,listen,,0.5649,81975.0,raspberry_pi_seeed_gsr,"81975,0.5649"
2026-05-28T17:02:34.153,jbl6,self_20260528_170130,clip_005,1,listen,,0.5649,81996.0,raspberry_pi_seeed_gsr,"81996,0.5649"
2026-05-28T17:02:34.178,jbl6,self_20260528_170130,clip_005,1,listen,,0.5689,82017.0,raspberry_pi_seeed_gsr,"82017,0.5689"
2026-05-28T17:02:34.203,jbl6,self_20260528_170130,clip_005,1,listen,,0.5641,82038.0,raspberry_pi_seeed_gsr,"82038,0.5641"
2026-05-28T17:02:34.227,jbl6,self_20260528_170130,clip_005,1,listen,,0.5625,82059.0,raspberry_pi_seeed_gsr,"82059,0.5625"
2026-05-28T17:02:34.251,jbl6,self_20260528_170130,clip_005,1,listen,,0.5673,82080.0,raspberry_pi_seeed_gsr,"82080,0.5673"
2026-05-28T17:02:34.277,jbl6,self_20260528_170130,clip_005,1,listen,,0.5689,82101.0,raspberry_pi_seeed_gsr,"82101,0.5689"
2026-05-28T17:02:34.301,jbl6,self_20260528_170130,clip_005,1,listen,,0.5649,82122.0,raspberry_pi_seeed_gsr,"82122,0.5649"
2026-05-28T17:02:34.325,jbl6,self_20260528_170130,clip_005,1,listen,,0.5617,82143.0,raspberry_pi_seeed_gsr,"82143,0.5617"
2026-05-28T17:02:34.348,jbl6,self_20260528_170130,clip_005,1,listen,,0.5689,82164.0,raspberry_pi_seeed_gsr,"82164,0.5689"
2026-05-28T17:02:34.372,jbl6,self_20260528_170130,clip_005,1,listen,,0.5689,82185.0,raspberry_pi_seeed_gsr,"82185,0.5689"
2026-05-28T17:02:34.397,jbl6,self_20260528_170130,clip_005,1,listen,,0.5649,82206.0,raspberry_pi_seeed_gsr,"82206,0.5649"
2026-05-28T17:02:34.422,jbl6,self_20260528_170130,clip_005,1,listen,,0.5633,82227.0,raspberry_pi_seeed_gsr,"82227,0.5633"
2026-05-28T17:02:34.456,jbl6,self_20260528_170130,clip_005,1,listen,,0.5649,82248.0,raspberry_pi_seeed_gsr,"82248,0.5649"
2026-05-28T17:02:34.483,jbl6,self_20260528_170130,clip_005,1,listen,,0.5681,82269.0,raspberry_pi_seeed_gsr,"82269,0.5681"
2026-05-28T17:02:34.508,jbl6,self_20260528_170130,clip_005,1,listen,,0.5633,82290.0,raspberry_pi_seeed_gsr,"82290,0.5633"
2026-05-28T17:02:34.532,jbl6,self_20260528_170130,clip_005,1,listen,,0.5625,82311.0,raspberry_pi_seeed_gsr,"82311,0.5625"
2026-05-28T17:02:34.557,jbl6,self_20260528_170130,clip_005,1,listen,,0.5681,82332.0,raspberry_pi_seeed_gsr,"82332,0.5681"
2026-05-28T17:02:34.581,jbl6,self_20260528_170130,clip_005,1,listen,,0.5657,82353.0,raspberry_pi_seeed_gsr,"82353,0.5657"
2026-05-28T17:02:34.604,jbl6,self_20260528_170130,clip_005,1,listen,,0.5609,82374.0,raspberry_pi_seeed_gsr,"82374,0.5609"
2026-05-28T17:02:34.627,jbl6,self_20260528_170130,clip_005,1,listen,,0.5617,82395.0,raspberry_pi_seeed_gsr,"82395,0.5617"
2026-05-28T17:02:34.651,jbl6,self_20260528_170130,clip_005,1,listen,,0.5681,82416.0,raspberry_pi_seeed_gsr,"82416,0.5681"
2026-05-28T17:02:34.675,jbl6,self_20260528_170130,clip_005,1,listen,,0.5641,82437.0,raspberry_pi_seeed_gsr,"82437,0.5641"
2026-05-28T17:02:34.698,jbl6,self_20260528_170130,clip_005,1,listen,,0.5625,82458.0,raspberry_pi_seeed_gsr,"82458,0.5625"
2026-05-28T17:02:34.722,jbl6,self_20260528_170130,clip_005,1,listen,,0.5633,82479.0,raspberry_pi_seeed_gsr,"82479,0.5633"
2026-05-28T17:02:34.746,jbl6,self_20260528_170130,clip_005,1,listen,,0.5713,82500.0,raspberry_pi_seeed_gsr,"82500,0.5713"
2026-05-28T17:02:34.770,jbl6,self_20260528_170130,clip_005,1,listen,,0.56,82521.0,raspberry_pi_seeed_gsr,"82521,0.5600"
2026-05-28T17:02:34.793,jbl6,self_20260528_170130,clip_005,1,listen,,0.5592,82542.0,raspberry_pi_seeed_gsr,"82542,0.5592"
2026-05-28T17:02:34.817,jbl6,self_20260528_170130,clip_005,1,listen,,0.5649,82563.0,raspberry_pi_seeed_gsr,"82563,0.5649"
2026-05-28T17:02:34.841,jbl6,self_20260528_170130,clip_005,1,listen,,0.5697,82584.0,raspberry_pi_seeed_gsr,"82584,0.5697"
2026-05-28T17:02:34.864,jbl6,self_20260528_170130,clip_005,1,listen,,0.556,82605.0,raspberry_pi_seeed_gsr,"82605,0.5560"
2026-05-28T17:02:34.887,jbl6,self_20260528_170130,clip_005,1,listen,,0.556,82626.0,raspberry_pi_seeed_gsr,"82626,0.5560"
2026-05-28T17:02:34.910,jbl6,self_20260528_170130,clip_005,1,listen,,0.5609,82647.0,raspberry_pi_seeed_gsr,"82647,0.5609"
2026-05-28T17:02:34.934,jbl6,self_20260528_170130,clip_005,1,listen,,0.5609,82668.0,raspberry_pi_seeed_gsr,"82668,0.5609"
2026-05-28T17:02:34.958,jbl6,self_20260528_170130,clip_005,1,listen,,0.5552,82689.0,raspberry_pi_seeed_gsr,"82689,0.5552"
2026-05-28T17:02:34.981,jbl6,self_20260528_170130,clip_005,1,listen,,0.556,82710.0,raspberry_pi_seeed_gsr,"82710,0.5560"
2026-05-28T17:02:35.005,jbl6,self_20260528_170130,clip_005,1,listen,,0.5584,82731.0,raspberry_pi_seeed_gsr,"82731,0.5584"
2026-05-28T17:02:35.030,jbl6,self_20260528_170130,clip_005,1,listen,,0.5584,82752.0,raspberry_pi_seeed_gsr,"82752,0.5584"
2026-05-28T17:02:35.055,jbl6,self_20260528_170130,clip_005,1,listen,,0.5528,82773.0,raspberry_pi_seeed_gsr,"82773,0.5528"
2026-05-28T17:02:35.079,jbl6,self_20260528_170130,clip_005,1,listen,,0.5528,82794.0,raspberry_pi_seeed_gsr,"82794,0.5528"
2026-05-28T17:02:35.102,jbl6,self_20260528_170130,clip_005,1,listen,,0.5584,82815.0,raspberry_pi_seeed_gsr,"82815,0.5584"
2026-05-28T17:02:35.126,jbl6,self_20260528_170130,clip_005,1,listen,,0.5584,82836.0,raspberry_pi_seeed_gsr,"82836,0.5584"
2026-05-28T17:02:35.186,jbl6,self_20260528_170130,clip_005,1,listen,,0.5528,82857.0,raspberry_pi_seeed_gsr,"82857,0.5528"
2026-05-28T17:02:35.210,jbl6,self_20260528_170130,clip_005,1,listen,,0.5544,82878.0,raspberry_pi_seeed_gsr,"82878,0.5544"
2026-05-28T17:02:35.233,jbl6,self_20260528_170130,clip_005,1,listen,,0.5528,82899.0,raspberry_pi_seeed_gsr,"82899,0.5528"
2026-05-28T17:02:35.257,jbl6,self_20260528_170130,clip_005,1,listen,,0.556,82920.0,raspberry_pi_seeed_gsr,"82920,0.5560"
2026-05-28T17:02:35.279,jbl6,self_20260528_170130,clip_005,1,listen,,0.5504,82941.0,raspberry_pi_seeed_gsr,"82941,0.5504"
2026-05-28T17:02:35.303,jbl6,self_20260528_170130,clip_005,1,listen,,0.5528,82962.0,raspberry_pi_seeed_gsr,"82962,0.5528"
2026-05-28T17:02:35.327,jbl6,self_20260528_170130,clip_005,1,listen,,0.5584,82983.0,raspberry_pi_seeed_gsr,"82983,0.5584"
2026-05-28T17:02:35.351,jbl6,self_20260528_170130,clip_005,1,listen,,0.5536,83004.0,raspberry_pi_seeed_gsr,"83004,0.5536"
2026-05-28T17:02:35.374,jbl6,self_20260528_170130,clip_005,1,listen,,0.5488,83025.0,raspberry_pi_seeed_gsr,"83025,0.5488"
2026-05-28T17:02:35.398,jbl6,self_20260528_170130,clip_005,1,listen,,0.5504,83046.0,raspberry_pi_seeed_gsr,"83046,0.5504"
2026-05-28T17:02:35.421,jbl6,self_20260528_170130,clip_005,1,listen,,0.556,83067.0,raspberry_pi_seeed_gsr,"83067,0.5560"
2026-05-28T17:02:35.445,jbl6,self_20260528_170130,clip_005,1,listen,,0.5496,83088.0,raspberry_pi_seeed_gsr,"83088,0.5496"
2026-05-28T17:02:35.468,jbl6,self_20260528_170130,clip_005,1,listen,,0.556,83109.0,raspberry_pi_seeed_gsr,"83109,0.5560"
2026-05-28T17:02:35.490,jbl6,self_20260528_170130,clip_005,1,listen,,0.5568,83130.0,raspberry_pi_seeed_gsr,"83130,0.5568"
2026-05-28T17:02:35.512,jbl6,self_20260528_170130,clip_005,1,listen,,0.5544,83151.0,raspberry_pi_seeed_gsr,"83151,0.5544"
2026-05-28T17:02:35.535,jbl6,self_20260528_170130,clip_005,1,listen,,0.5463,83172.0,raspberry_pi_seeed_gsr,"83172,0.5463"
2026-05-28T17:02:35.559,jbl6,self_20260528_170130,clip_005,1,listen,,0.5488,83193.0,raspberry_pi_seeed_gsr,"83193,0.5488"
2026-05-28T17:02:35.582,jbl6,self_20260528_170130,clip_005,1,listen,,0.552,83214.0,raspberry_pi_seeed_gsr,"83214,0.5520"
2026-05-28T17:02:35.607,jbl6,self_20260528_170130,clip_005,1,listen,,0.5568,83235.0,raspberry_pi_seeed_gsr,"83235,0.5568"
2026-05-28T17:02:35.630,jbl6,self_20260528_170130,clip_005,1,listen,,0.5496,83256.0,raspberry_pi_seeed_gsr,"83256,0.5496"
2026-05-28T17:02:35.653,jbl6,self_20260528_170130,clip_005,1,listen,,0.5617,83277.0,raspberry_pi_seeed_gsr,"83277,0.5617"
2026-05-28T17:02:35.678,jbl6,self_20260528_170130,clip_005,1,listen,,0.5552,83298.0,raspberry_pi_seeed_gsr,"83298,0.5552"
2026-05-28T17:02:35.702,jbl6,self_20260528_170130,clip_005,1,listen,,0.556,83319.0,raspberry_pi_seeed_gsr,"83319,0.5560"
2026-05-28T17:02:35.726,jbl6,self_20260528_170130,clip_005,1,listen,,0.5496,83340.0,raspberry_pi_seeed_gsr,"83340,0.5496"
2026-05-28T17:02:35.752,jbl6,self_20260528_170130,clip_005,1,listen,,0.552,83361.0,raspberry_pi_seeed_gsr,"83361,0.5520"
2026-05-28T17:02:35.776,jbl6,self_20260528_170130,clip_005,1,listen,,0.5544,83382.0,raspberry_pi_seeed_gsr,"83382,0.5544"
2026-05-28T17:02:35.799,jbl6,self_20260528_170130,clip_005,1,listen,,0.5399,83403.0,raspberry_pi_seeed_gsr,"83403,0.5399"
2026-05-28T17:02:35.822,jbl6,self_20260528_170130,clip_005,1,listen,,0.5512,83424.0,raspberry_pi_seeed_gsr,"83424,0.5512"
2026-05-28T17:02:35.845,jbl6,self_20260528_170130,clip_005,1,listen,,0.552,83445.0,raspberry_pi_seeed_gsr,"83445,0.5520"
2026-05-28T17:02:35.869,jbl6,self_20260528_170130,clip_005,1,listen,,0.5665,83466.0,raspberry_pi_seeed_gsr,"83466,0.5665"
2026-05-28T17:02:35.905,jbl6,self_20260528_170130,clip_005,1,listen,,0.5552,83487.0,raspberry_pi_seeed_gsr,"83487,0.5552"
2026-05-28T17:02:35.927,jbl6,self_20260528_170130,clip_005,1,listen,,0.5528,83508.0,raspberry_pi_seeed_gsr,"83508,0.5528"
2026-05-28T17:02:35.952,jbl6,self_20260528_170130,clip_005,1,listen,,0.5504,83529.0,raspberry_pi_seeed_gsr,"83529,0.5504"
2026-05-28T17:02:35.977,jbl6,self_20260528_170130,clip_005,1,listen,,0.5568,83550.0,raspberry_pi_seeed_gsr,"83550,0.5568"
2026-05-28T17:02:36.002,jbl6,self_20260528_170130,clip_005,1,listen,,0.5528,83571.0,raspberry_pi_seeed_gsr,"83571,0.5528"
2026-05-28T17:02:36.027,jbl6,self_20260528_170130,clip_005,1,listen,,0.5512,83592.0,raspberry_pi_seeed_gsr,"83592,0.5512"
2026-05-28T17:02:36.052,jbl6,self_20260528_170130,clip_005,1,listen,,0.556,83613.0,raspberry_pi_seeed_gsr,"83613,0.5560"
2026-05-28T17:02:36.076,jbl6,self_20260528_170130,clip_005,1,listen,,0.5584,83634.0,raspberry_pi_seeed_gsr,"83634,0.5584"
2026-05-28T17:02:36.098,jbl6,self_20260528_170130,clip_005,1,listen,,0.5568,83655.0,raspberry_pi_seeed_gsr,"83655,0.5568"
2026-05-28T17:02:36.121,jbl6,self_20260528_170130,clip_005,1,listen,,0.5512,83676.0,raspberry_pi_seeed_gsr,"83676,0.5512"
2026-05-28T17:02:36.144,jbl6,self_20260528_170130,clip_005,1,listen,,0.556,83697.0,raspberry_pi_seeed_gsr,"83697,0.5560"
2026-05-28T17:02:36.168,jbl6,self_20260528_170130,clip_005,1,listen,,0.5592,83718.0,raspberry_pi_seeed_gsr,"83718,0.5592"
2026-05-28T17:02:36.192,jbl6,self_20260528_170130,clip_005,1,listen,,0.5552,83739.0,raspberry_pi_seeed_gsr,"83739,0.5552"
2026-05-28T17:02:36.219,jbl6,self_20260528_170130,clip_005,1,listen,,0.5544,83760.0,raspberry_pi_seeed_gsr,"83760,0.5544"
2026-05-28T17:02:36.243,jbl6,self_20260528_170130,clip_005,1,listen,,0.56,83781.0,raspberry_pi_seeed_gsr,"83781,0.5600"
2026-05-28T17:02:36.267,jbl6,self_20260528_170130,clip_005,1,listen,,0.5592,83802.0,raspberry_pi_seeed_gsr,"83802,0.5592"
2026-05-28T17:02:36.291,jbl6,self_20260528_170130,clip_005,1,listen,,0.5512,83823.0,raspberry_pi_seeed_gsr,"83823,0.5512"
2026-05-28T17:02:36.316,jbl6,self_20260528_170130,clip_005,1,listen,,0.5528,83844.0,raspberry_pi_seeed_gsr,"83844,0.5528"
2026-05-28T17:02:36.341,jbl6,self_20260528_170130,clip_005,1,listen,,0.5625,83865.0,raspberry_pi_seeed_gsr,"83865,0.5625"
2026-05-28T17:02:36.368,jbl6,self_20260528_170130,clip_005,1,listen,,0.5592,83886.0,raspberry_pi_seeed_gsr,"83886,0.5592"
2026-05-28T17:02:36.392,jbl6,self_20260528_170130,clip_005,1,listen,,0.556,83907.0,raspberry_pi_seeed_gsr,"83907,0.5560"
2026-05-28T17:02:36.415,jbl6,self_20260528_170130,clip_005,1,listen,,0.5576,83928.0,raspberry_pi_seeed_gsr,"83928,0.5576"
2026-05-28T17:02:36.439,jbl6,self_20260528_170130,clip_005,1,listen,,0.5592,83949.0,raspberry_pi_seeed_gsr,"83949,0.5592"
2026-05-28T17:02:36.463,jbl6,self_20260528_170130,clip_005,1,listen,,0.556,83970.0,raspberry_pi_seeed_gsr,"83970,0.5560"
2026-05-28T17:02:36.489,jbl6,self_20260528_170130,clip_005,1,listen,,0.556,83991.0,raspberry_pi_seeed_gsr,"83991,0.5560"
2026-05-28T17:02:36.513,jbl6,self_20260528_170130,clip_005,1,listen,,0.5552,84012.0,raspberry_pi_seeed_gsr,"84012,0.5552"
2026-05-28T17:02:36.538,jbl6,self_20260528_170130,clip_005,1,listen,,0.5592,84033.0,raspberry_pi_seeed_gsr,"84033,0.5592"
2026-05-28T17:02:36.562,jbl6,self_20260528_170130,clip_005,1,listen,,0.5544,84054.0,raspberry_pi_seeed_gsr,"84054,0.5544"
2026-05-28T17:02:36.587,jbl6,self_20260528_170130,clip_005,1,listen,,0.5528,84075.0,raspberry_pi_seeed_gsr,"84075,0.5528"
2026-05-28T17:02:36.611,jbl6,self_20260528_170130,clip_005,1,listen,,0.556,84096.0,raspberry_pi_seeed_gsr,"84096,0.5560"
2026-05-28T17:02:36.636,jbl6,self_20260528_170130,clip_005,1,listen,,0.5568,84117.0,raspberry_pi_seeed_gsr,"84117,0.5568"
2026-05-28T17:02:36.660,jbl6,self_20260528_170130,clip_005,1,listen,,0.556,84138.0,raspberry_pi_seeed_gsr,"84138,0.5560"
2026-05-28T17:02:36.683,jbl6,self_20260528_170130,clip_005,1,listen,,0.5504,84159.0,raspberry_pi_seeed_gsr,"84159,0.5504"
2026-05-28T17:02:36.707,jbl6,self_20260528_170130,clip_005,1,listen,,0.5544,84180.0,raspberry_pi_seeed_gsr,"84180,0.5544"
2026-05-28T17:02:36.730,jbl6,self_20260528_170130,clip_005,1,listen,,0.5633,84201.0,raspberry_pi_seeed_gsr,"84201,0.5633"
2026-05-28T17:02:36.762,jbl6,self_20260528_170130,clip_005,1,listen,,0.5488,84222.0,raspberry_pi_seeed_gsr,"84222,0.5488"
2026-05-28T17:02:36.786,jbl6,self_20260528_170130,clip_005,1,listen,,0.5496,84243.0,raspberry_pi_seeed_gsr,"84243,0.5496"
2026-05-28T17:02:36.810,jbl6,self_20260528_170130,clip_005,1,listen,,0.552,84264.0,raspberry_pi_seeed_gsr,"84264,0.5520"
2026-05-28T17:02:36.835,jbl6,self_20260528_170130,clip_005,1,listen,,0.5528,84285.0,raspberry_pi_seeed_gsr,"84285,0.5528"
2026-05-28T17:02:36.860,jbl6,self_20260528_170130,clip_005,1,listen,,0.5496,84306.0,raspberry_pi_seeed_gsr,"84306,0.5496"
2026-05-28T17:02:36.884,jbl6,self_20260528_170130,clip_005,1,listen,,0.5504,84327.0,raspberry_pi_seeed_gsr,"84327,0.5504"
2026-05-28T17:02:36.909,jbl6,self_20260528_170130,clip_005,1,listen,,0.5528,84348.0,raspberry_pi_seeed_gsr,"84348,0.5528"
2026-05-28T17:02:36.933,jbl6,self_20260528_170130,clip_005,1,listen,,0.5455,84369.0,raspberry_pi_seeed_gsr,"84369,0.5455"
2026-05-28T17:02:36.957,jbl6,self_20260528_170130,clip_005,1,listen,,0.5496,84390.0,raspberry_pi_seeed_gsr,"84390,0.5496"
2026-05-28T17:02:36.979,jbl6,self_20260528_170130,clip_005,1,listen,,0.5455,84411.0,raspberry_pi_seeed_gsr,"84411,0.5455"
2026-05-28T17:02:37.002,jbl6,self_20260528_170130,clip_005,1,listen,,0.552,84432.0,raspberry_pi_seeed_gsr,"84432,0.5520"
2026-05-28T17:02:37.039,jbl6,self_20260528_170130,clip_005,1,listen,,0.5488,84453.0,raspberry_pi_seeed_gsr,"84453,0.5488"
2026-05-28T17:02:37.064,jbl6,self_20260528_170130,clip_005,1,listen,,0.5439,84474.0,raspberry_pi_seeed_gsr,"84474,0.5439"
2026-05-28T17:02:37.088,jbl6,self_20260528_170130,clip_005,1,listen,,0.5455,84495.0,raspberry_pi_seeed_gsr,"84495,0.5455"
2026-05-28T17:02:37.112,jbl6,self_20260528_170130,clip_005,1,listen,,0.5496,84516.0,raspberry_pi_seeed_gsr,"84516,0.5496"
2026-05-28T17:02:37.136,jbl6,self_20260528_170130,clip_005,1,listen,,0.548,84537.0,raspberry_pi_seeed_gsr,"84537,0.5480"
2026-05-28T17:02:37.160,jbl6,self_20260528_170130,clip_005,1,listen,,0.5455,84558.0,raspberry_pi_seeed_gsr,"84558,0.5455"
2026-05-28T17:02:37.183,jbl6,self_20260528_170130,clip_005,1,listen,,0.552,84579.0,raspberry_pi_seeed_gsr,"84579,0.5520"
2026-05-28T17:02:37.208,jbl6,self_20260528_170130,clip_005,1,listen,,0.5584,84600.0,raspberry_pi_seeed_gsr,"84600,0.5584"
2026-05-28T17:02:37.232,jbl6,self_20260528_170130,clip_005,1,listen,,0.552,84621.0,raspberry_pi_seeed_gsr,"84621,0.5520"
2026-05-28T17:02:37.255,jbl6,self_20260528_170130,clip_005,1,listen,,0.5423,84642.0,raspberry_pi_seeed_gsr,"84642,0.5423"
2026-05-28T17:02:37.277,jbl6,self_20260528_170130,clip_005,1,listen,,0.5447,84663.0,raspberry_pi_seeed_gsr,"84663,0.5447"
2026-05-28T17:02:37.299,jbl6,self_20260528_170130,clip_005,1,listen,,0.5504,84684.0,raspberry_pi_seeed_gsr,"84684,0.5504"
2026-05-28T17:02:37.323,jbl6,self_20260528_170130,clip_005,1,listen,,0.5496,84705.0,raspberry_pi_seeed_gsr,"84705,0.5496"
2026-05-28T17:02:37.347,jbl6,self_20260528_170130,clip_005,1,listen,,0.5415,84726.0,raspberry_pi_seeed_gsr,"84726,0.5415"
2026-05-28T17:02:37.371,jbl6,self_20260528_170130,clip_005,1,listen,,0.5431,84747.0,raspberry_pi_seeed_gsr,"84747,0.5431"
2026-05-28T17:02:37.395,jbl6,self_20260528_170130,clip_005,1,listen,,0.5463,84768.0,raspberry_pi_seeed_gsr,"84768,0.5463"
2026-05-28T17:02:37.418,jbl6,self_20260528_170130,clip_005,1,listen,,0.5431,84789.0,raspberry_pi_seeed_gsr,"84789,0.5431"
2026-05-28T17:02:37.442,jbl6,self_20260528_170130,clip_005,1,listen,,0.5415,84810.0,raspberry_pi_seeed_gsr,"84810,0.5415"
2026-05-28T17:02:37.466,jbl6,self_20260528_170130,clip_005,1,listen,,0.5488,84831.0,raspberry_pi_seeed_gsr,"84831,0.5488"
2026-05-28T17:02:37.491,jbl6,self_20260528_170130,clip_005,1,listen,,0.548,84852.0,raspberry_pi_seeed_gsr,"84852,0.5480"
2026-05-28T17:02:37.514,jbl6,self_20260528_170130,clip_005,1,listen,,0.5455,84873.0,raspberry_pi_seeed_gsr,"84873,0.5455"
2026-05-28T17:02:37.537,jbl6,self_20260528_170130,clip_005,1,listen,,0.5415,84894.0,raspberry_pi_seeed_gsr,"84894,0.5415"
2026-05-28T17:02:37.560,jbl6,self_20260528_170130,clip_005,1,listen,,0.5463,84915.0,raspberry_pi_seeed_gsr,"84915,0.5463"
2026-05-28T17:02:37.584,jbl6,self_20260528_170130,clip_005,1,listen,,0.5447,84936.0,raspberry_pi_seeed_gsr,"84936,0.5447"
2026-05-28T17:02:37.608,jbl6,self_20260528_170130,clip_005,1,listen,,0.5423,84957.0,raspberry_pi_seeed_gsr,"84957,0.5423"
2026-05-28T17:02:37.631,jbl6,self_20260528_170130,clip_005,1,listen,,0.5496,84978.0,raspberry_pi_seeed_gsr,"84978,0.5496"
2026-05-28T17:02:37.656,jbl6,self_20260528_170130,clip_005,1,listen,,0.5504,84999.0,raspberry_pi_seeed_gsr,"84999,0.5504"
2026-05-28T17:02:37.679,jbl6,self_20260528_170130,clip_005,1,listen,,0.5447,85020.0,raspberry_pi_seeed_gsr,"85020,0.5447"
2026-05-28T17:02:37.703,jbl6,self_20260528_170130,clip_005,1,listen,,0.5423,85041.0,raspberry_pi_seeed_gsr,"85041,0.5423"
2026-05-28T17:02:37.727,jbl6,self_20260528_170130,clip_005,1,listen,,0.5455,85062.0,raspberry_pi_seeed_gsr,"85062,0.5455"
2026-05-28T17:02:37.752,jbl6,self_20260528_170130,clip_005,1,listen,,0.5504,85083.0,raspberry_pi_seeed_gsr,"85083,0.5504"
2026-05-28T17:02:37.776,jbl6,self_20260528_170130,clip_005,1,listen,,0.5447,85104.0,raspberry_pi_seeed_gsr,"85104,0.5447"
2026-05-28T17:02:37.799,jbl6,self_20260528_170130,clip_005,1,listen,,0.5423,85125.0,raspberry_pi_seeed_gsr,"85125,0.5423"
2026-05-28T17:02:37.821,jbl6,self_20260528_170130,clip_005,1,listen,,0.5447,85146.0,raspberry_pi_seeed_gsr,"85146,0.5447"
2026-05-28T17:02:37.844,jbl6,self_20260528_170130,clip_005,1,listen,,0.5496,85167.0,raspberry_pi_seeed_gsr,"85167,0.5496"
2026-05-28T17:02:37.867,jbl6,self_20260528_170130,clip_005,1,listen,,0.5423,85188.0,raspberry_pi_seeed_gsr,"85188,0.5423"
2026-05-28T17:02:37.892,jbl6,self_20260528_170130,clip_005,1,listen,,0.5391,85209.0,raspberry_pi_seeed_gsr,"85209,0.5391"
2026-05-28T17:02:37.915,jbl6,self_20260528_170130,clip_005,1,listen,,0.5488,85230.0,raspberry_pi_seeed_gsr,"85230,0.5488"
2026-05-28T17:02:37.940,jbl6,self_20260528_170130,clip_005,1,listen,,0.548,85251.0,raspberry_pi_seeed_gsr,"85251,0.5480"
2026-05-28T17:02:37.964,jbl6,self_20260528_170130,clip_005,1,listen,,0.5423,85272.0,raspberry_pi_seeed_gsr,"85272,0.5423"
2026-05-28T17:02:37.987,jbl6,self_20260528_170130,clip_005,1,listen,,0.5431,85293.0,raspberry_pi_seeed_gsr,"85293,0.5431"
2026-05-28T17:02:38.011,jbl6,self_20260528_170130,clip_005,1,listen,,0.5463,85314.0,raspberry_pi_seeed_gsr,"85314,0.5463"
2026-05-28T17:02:38.036,jbl6,self_20260528_170130,clip_005,1,listen,,0.5504,85335.0,raspberry_pi_seeed_gsr,"85335,0.5504"
2026-05-28T17:02:38.061,jbl6,self_20260528_170130,clip_005,1,listen,,0.5399,85356.0,raspberry_pi_seeed_gsr,"85356,0.5399"
2026-05-28T17:02:38.085,jbl6,self_20260528_170130,clip_005,1,listen,,0.5439,85377.0,raspberry_pi_seeed_gsr,"85377,0.5439"
2026-05-28T17:02:38.108,jbl6,self_20260528_170130,clip_005,1,listen,,0.5463,85398.0,raspberry_pi_seeed_gsr,"85398,0.5463"
2026-05-28T17:02:38.131,jbl6,self_20260528_170130,clip_005,1,listen,,0.552,85419.0,raspberry_pi_seeed_gsr,"85419,0.5520"
2026-05-28T17:02:38.154,jbl6,self_20260528_170130,clip_005,1,listen,,0.5463,85440.0,raspberry_pi_seeed_gsr,"85440,0.5463"
2026-05-28T17:02:38.179,jbl6,self_20260528_170130,clip_005,1,listen,,0.5439,85461.0,raspberry_pi_seeed_gsr,"85461,0.5439"
2026-05-28T17:02:38.203,jbl6,self_20260528_170130,clip_005,1,listen,,0.5496,85482.0,raspberry_pi_seeed_gsr,"85482,0.5496"
2026-05-28T17:02:38.228,jbl6,self_20260528_170130,clip_005,1,listen,,0.5544,85503.0,raspberry_pi_seeed_gsr,"85503,0.5544"
2026-05-28T17:02:38.253,jbl6,self_20260528_170130,clip_005,1,listen,,0.5447,85524.0,raspberry_pi_seeed_gsr,"85524,0.5447"
2026-05-28T17:02:38.277,jbl6,self_20260528_170130,clip_005,1,listen,,0.5504,85545.0,raspberry_pi_seeed_gsr,"85545,0.5504"
2026-05-28T17:02:38.302,jbl6,self_20260528_170130,clip_005,1,listen,,0.5407,85566.0,raspberry_pi_seeed_gsr,"85566,0.5407"
2026-05-28T17:02:38.326,jbl6,self_20260528_170130,clip_005,1,listen,,0.5488,85587.0,raspberry_pi_seeed_gsr,"85587,0.5488"
2026-05-28T17:02:38.350,jbl6,self_20260528_170130,clip_005,1,listen,,0.5512,85608.0,raspberry_pi_seeed_gsr,"85608,0.5512"
2026-05-28T17:02:38.373,jbl6,self_20260528_170130,clip_005,1,listen,,0.5504,85629.0,raspberry_pi_seeed_gsr,"85629,0.5504"
2026-05-28T17:02:38.397,jbl6,self_20260528_170130,clip_005,1,listen,,0.5536,85650.0,raspberry_pi_seeed_gsr,"85650,0.5536"
2026-05-28T17:02:38.419,jbl6,self_20260528_170130,clip_005,1,listen,,0.5399,85671.0,raspberry_pi_seeed_gsr,"85671,0.5399"
2026-05-28T17:02:38.444,jbl6,self_20260528_170130,clip_005,1,listen,,0.5496,85692.0,raspberry_pi_seeed_gsr,"85692,0.5496"
2026-05-28T17:02:38.468,jbl6,self_20260528_170130,clip_005,1,listen,,0.5512,85713.0,raspberry_pi_seeed_gsr,"85713,0.5512"
2026-05-28T17:02:38.492,jbl6,self_20260528_170130,clip_005,1,listen,,0.5617,85734.0,raspberry_pi_seeed_gsr,"85734,0.5617"
2026-05-28T17:02:38.517,jbl6,self_20260528_170130,clip_005,1,listen,,0.5536,85755.0,raspberry_pi_seeed_gsr,"85755,0.5536"
2026-05-28T17:02:38.575,jbl6,self_20260528_170130,clip_005,1,listen,,0.5504,85776.0,raspberry_pi_seeed_gsr,"85776,0.5504"
2026-05-28T17:02:38.598,jbl6,self_20260528_170130,clip_005,1,listen,,0.5528,85797.0,raspberry_pi_seeed_gsr,"85797,0.5528"
2026-05-28T17:02:38.621,jbl6,self_20260528_170130,clip_005,1,listen,,0.5552,85818.0,raspberry_pi_seeed_gsr,"85818,0.5552"
2026-05-28T17:02:38.644,jbl6,self_20260528_170130,clip_005,1,listen,,0.5488,85839.0,raspberry_pi_seeed_gsr,"85839,0.5488"
2026-05-28T17:02:38.666,jbl6,self_20260528_170130,clip_005,1,listen,,0.5504,85860.0,raspberry_pi_seeed_gsr,"85860,0.5504"
2026-05-28T17:02:38.688,jbl6,self_20260528_170130,clip_005,1,listen,,0.5528,85881.0,raspberry_pi_seeed_gsr,"85881,0.5528"
2026-05-28T17:02:38.712,jbl6,self_20260528_170130,clip_005,1,listen,,0.5584,85902.0,raspberry_pi_seeed_gsr,"85902,0.5584"
2026-05-28T17:02:38.737,jbl6,self_20260528_170130,clip_005,1,listen,,0.5512,85923.0,raspberry_pi_seeed_gsr,"85923,0.5512"
2026-05-28T17:02:38.762,jbl6,self_20260528_170130,clip_005,1,listen,,0.5512,85944.0,raspberry_pi_seeed_gsr,"85944,0.5512"
2026-05-28T17:02:38.785,jbl6,self_20260528_170130,clip_005,1,listen,,0.5576,85965.0,raspberry_pi_seeed_gsr,"85965,0.5576"
2026-05-28T17:02:38.809,jbl6,self_20260528_170130,clip_005,1,listen,,0.5576,85986.0,raspberry_pi_seeed_gsr,"85986,0.5576"
2026-05-28T17:02:38.834,jbl6,self_20260528_170130,clip_005,1,listen,,0.5528,86007.0,raspberry_pi_seeed_gsr,"86007,0.5528"
2026-05-28T17:02:38.859,jbl6,self_20260528_170130,clip_005,1,listen,,0.5536,86028.0,raspberry_pi_seeed_gsr,"86028,0.5536"
2026-05-28T17:02:38.883,jbl6,self_20260528_170130,clip_005,1,listen,,0.56,86049.0,raspberry_pi_seeed_gsr,"86049,0.5600"
2026-05-28T17:02:38.907,jbl6,self_20260528_170130,clip_005,1,listen,,0.5592,86070.0,raspberry_pi_seeed_gsr,"86070,0.5592"
2026-05-28T17:02:38.930,jbl6,self_20260528_170130,clip_005,1,listen,,0.5552,86091.0,raspberry_pi_seeed_gsr,"86091,0.5552"
2026-05-28T17:02:38.954,jbl6,self_20260528_170130,clip_005,1,listen,,0.5617,86112.0,raspberry_pi_seeed_gsr,"86112,0.5617"
2026-05-28T17:02:38.978,jbl6,self_20260528_170130,clip_005,1,listen,,0.5584,86133.0,raspberry_pi_seeed_gsr,"86133,0.5584"
2026-05-28T17:02:39.001,jbl6,self_20260528_170130,clip_005,1,listen,,0.5576,86154.0,raspberry_pi_seeed_gsr,"86154,0.5576"
2026-05-28T17:02:39.025,jbl6,self_20260528_170130,clip_005,1,listen,,0.5552,86175.0,raspberry_pi_seeed_gsr,"86175,0.5552"
2026-05-28T17:02:39.048,jbl6,self_20260528_170130,clip_005,1,listen,,0.5576,86196.0,raspberry_pi_seeed_gsr,"86196,0.5576"
2026-05-28T17:02:39.072,jbl6,self_20260528_170130,clip_005,1,listen,,0.5592,86217.0,raspberry_pi_seeed_gsr,"86217,0.5592"
2026-05-28T17:02:39.096,jbl6,self_20260528_170130,clip_005,1,listen,,0.556,86238.0,raspberry_pi_seeed_gsr,"86238,0.5560"
2026-05-28T17:02:39.120,jbl6,self_20260528_170130,clip_005,1,listen,,0.5552,86259.0,raspberry_pi_seeed_gsr,"86259,0.5552"
2026-05-28T17:02:39.143,jbl6,self_20260528_170130,clip_005,1,listen,,0.5584,86280.0,raspberry_pi_seeed_gsr,"86280,0.5584"
2026-05-28T17:02:39.166,jbl6,self_20260528_170130,clip_005,1,listen,,0.5609,86301.0,raspberry_pi_seeed_gsr,"86301,0.5609"
2026-05-28T17:02:39.189,jbl6,self_20260528_170130,clip_005,1,listen,,0.5552,86322.0,raspberry_pi_seeed_gsr,"86322,0.5552"
2026-05-28T17:02:39.212,jbl6,self_20260528_170130,clip_005,1,listen,,0.5528,86343.0,raspberry_pi_seeed_gsr,"86343,0.5528"
2026-05-28T17:02:39.235,jbl6,self_20260528_170130,clip_005,1,listen,,0.5609,86364.0,raspberry_pi_seeed_gsr,"86364,0.5609"
2026-05-28T17:02:39.259,jbl6,self_20260528_170130,clip_005,1,listen,,0.5649,86385.0,raspberry_pi_seeed_gsr,"86385,0.5649"
2026-05-28T17:02:39.293,jbl6,self_20260528_170130,clip_005,1,listen,,0.5463,86406.0,raspberry_pi_seeed_gsr,"86406,0.5463"
2026-05-28T17:02:39.317,jbl6,self_20260528_170130,clip_005,1,listen,,0.5568,86427.0,raspberry_pi_seeed_gsr,"86427,0.5568"
2026-05-28T17:02:39.341,jbl6,self_20260528_170130,clip_005,1,listen,,0.5592,86448.0,raspberry_pi_seeed_gsr,"86448,0.5592"
2026-05-28T17:02:39.364,jbl6,self_20260528_170130,clip_005,1,listen,,0.5609,86469.0,raspberry_pi_seeed_gsr,"86469,0.5609"
2026-05-28T17:02:39.389,jbl6,self_20260528_170130,clip_005,1,listen,,0.5504,86490.0,raspberry_pi_seeed_gsr,"86490,0.5504"
2026-05-28T17:02:39.413,jbl6,self_20260528_170130,clip_005,1,listen,,0.5592,86511.0,raspberry_pi_seeed_gsr,"86511,0.5592"
2026-05-28T17:02:39.436,jbl6,self_20260528_170130,clip_005,1,listen,,0.5657,86532.0,raspberry_pi_seeed_gsr,"86532,0.5657"
2026-05-28T17:02:39.460,jbl6,self_20260528_170130,clip_005,1,listen,,0.5584,86553.0,raspberry_pi_seeed_gsr,"86553,0.5584"
2026-05-28T17:02:39.483,jbl6,self_20260528_170130,clip_005,1,listen,,0.556,86574.0,raspberry_pi_seeed_gsr,"86574,0.5560"
2026-05-28T17:02:39.517,jbl6,self_20260528_170130,clip_005,1,listen,,0.5568,86595.0,raspberry_pi_seeed_gsr,"86595,0.5568"
2026-05-28T17:02:39.542,jbl6,self_20260528_170130,clip_005,1,listen,,0.5633,86616.0,raspberry_pi_seeed_gsr,"86616,0.5633"
2026-05-28T17:02:39.566,jbl6,self_20260528_170130,clip_005,1,listen,,0.5641,86637.0,raspberry_pi_seeed_gsr,"86637,0.5641"
2026-05-28T17:02:39.589,jbl6,self_20260528_170130,clip_005,1,listen,,0.5576,86658.0,raspberry_pi_seeed_gsr,"86658,0.5576"
2026-05-28T17:02:39.615,jbl6,self_20260528_170130,clip_005,1,listen,,0.5625,86679.0,raspberry_pi_seeed_gsr,"86679,0.5625"
2026-05-28T17:02:39.639,jbl6,self_20260528_170130,clip_005,1,listen,,0.5544,86700.0,raspberry_pi_seeed_gsr,"86700,0.5544"
2026-05-28T17:02:39.664,jbl6,self_20260528_170130,clip_005,1,listen,,0.5617,86721.0,raspberry_pi_seeed_gsr,"86721,0.5617"
2026-05-28T17:02:39.687,jbl6,self_20260528_170130,clip_005,1,listen,,0.5568,86742.0,raspberry_pi_seeed_gsr,"86742,0.5568"
2026-05-28T17:02:39.710,jbl6,self_20260528_170130,clip_005,1,listen,,0.5609,86763.0,raspberry_pi_seeed_gsr,"86763,0.5609"
2026-05-28T17:02:39.733,jbl6,self_20260528_170130,clip_005,1,listen,,0.5673,86784.0,raspberry_pi_seeed_gsr,"86784,0.5673"
2026-05-28T17:02:39.760,jbl6,self_20260528_170130,clip_005,1,listen,,0.5633,86805.0,raspberry_pi_seeed_gsr,"86805,0.5633"
2026-05-28T17:02:39.784,jbl6,self_20260528_170130,clip_005,1,listen,,0.5584,86826.0,raspberry_pi_seeed_gsr,"86826,0.5584"
2026-05-28T17:02:39.807,jbl6,self_20260528_170130,clip_005,1,listen,,0.5689,86847.0,raspberry_pi_seeed_gsr,"86847,0.5689"
2026-05-28T17:02:39.832,jbl6,self_20260528_170130,clip_005,1,listen,,0.5649,86868.0,raspberry_pi_seeed_gsr,"86868,0.5649"
2026-05-28T17:02:39.855,jbl6,self_20260528_170130,clip_005,1,listen,,0.5584,86889.0,raspberry_pi_seeed_gsr,"86889,0.5584"
2026-05-28T17:02:39.879,jbl6,self_20260528_170130,clip_005,1,listen,,0.5592,86910.0,raspberry_pi_seeed_gsr,"86910,0.5592"
2026-05-28T17:02:39.902,jbl6,self_20260528_170130,clip_005,1,listen,,0.5713,86931.0,raspberry_pi_seeed_gsr,"86931,0.5713"
2026-05-28T17:02:39.925,jbl6,self_20260528_170130,clip_005,1,listen,,0.5625,86952.0,raspberry_pi_seeed_gsr,"86952,0.5625"
2026-05-28T17:02:39.947,jbl6,self_20260528_170130,clip_005,1,listen,,0.5552,86973.0,raspberry_pi_seeed_gsr,"86973,0.5552"
2026-05-28T17:02:39.971,jbl6,self_20260528_170130,clip_005,1,listen,,0.5576,86994.0,raspberry_pi_seeed_gsr,"86994,0.5576"
2026-05-28T17:02:39.995,jbl6,self_20260528_170130,clip_005,1,listen,,0.5649,87015.0,raspberry_pi_seeed_gsr,"87015,0.5649"
2026-05-28T17:02:40.018,jbl6,self_20260528_170130,clip_005,1,listen,,0.5625,87036.0,raspberry_pi_seeed_gsr,"87036,0.5625"
2026-05-28T17:02:40.042,jbl6,self_20260528_170130,clip_005,1,listen,,0.5568,87057.0,raspberry_pi_seeed_gsr,"87057,0.5568"
2026-05-28T17:02:40.066,jbl6,self_20260528_170130,clip_005,1,listen,,0.5584,87078.0,raspberry_pi_seeed_gsr,"87078,0.5584"
2026-05-28T17:02:40.091,jbl6,self_20260528_170130,clip_005,1,listen,,0.5609,87099.0,raspberry_pi_seeed_gsr,"87099,0.5609"
2026-05-28T17:02:40.114,jbl6,self_20260528_170130,clip_005,1,listen,,0.5617,87120.0,raspberry_pi_seeed_gsr,"87120,0.5617"
2026-05-28T17:02:40.146,jbl6,self_20260528_170130,clip_005,1,listen,,0.5633,87141.0,raspberry_pi_seeed_gsr,"87141,0.5633"
2026-05-28T17:02:40.170,jbl6,self_20260528_170130,clip_005,1,listen,,0.5576,87162.0,raspberry_pi_seeed_gsr,"87162,0.5576"
2026-05-28T17:02:40.194,jbl6,self_20260528_170130,clip_005,1,listen,,0.5625,87183.0,raspberry_pi_seeed_gsr,"87183,0.5625"
2026-05-28T17:02:40.217,jbl6,self_20260528_170130,clip_005,1,listen,,0.556,87204.0,raspberry_pi_seeed_gsr,"87204,0.5560"
2026-05-28T17:02:40.240,jbl6,self_20260528_170130,clip_005,1,listen,,0.552,87225.0,raspberry_pi_seeed_gsr,"87225,0.5520"
2026-05-28T17:02:40.264,jbl6,self_20260528_170130,clip_005,1,listen,,0.5528,87246.0,raspberry_pi_seeed_gsr,"87246,0.5528"
2026-05-28T17:02:40.288,jbl6,self_20260528_170130,clip_005,1,listen,,0.5568,87267.0,raspberry_pi_seeed_gsr,"87267,0.5568"
2026-05-28T17:02:40.311,jbl6,self_20260528_170130,clip_005,1,listen,,0.5528,87288.0,raspberry_pi_seeed_gsr,"87288,0.5528"
2026-05-28T17:02:40.335,jbl6,self_20260528_170130,clip_005,1,listen,,0.5496,87309.0,raspberry_pi_seeed_gsr,"87309,0.5496"
2026-05-28T17:02:40.358,jbl6,self_20260528_170130,clip_005,1,listen,,0.5528,87330.0,raspberry_pi_seeed_gsr,"87330,0.5528"
2026-05-28T17:02:40.381,jbl6,self_20260528_170130,clip_005,1,listen,,0.5512,87351.0,raspberry_pi_seeed_gsr,"87351,0.5512"
2026-05-28T17:02:40.407,jbl6,self_20260528_170130,clip_005,1,listen,,0.5504,87372.0,raspberry_pi_seeed_gsr,"87372,0.5504"
2026-05-28T17:02:40.431,jbl6,self_20260528_170130,clip_005,1,listen,,0.5512,87393.0,raspberry_pi_seeed_gsr,"87393,0.5512"
2026-05-28T17:02:40.455,jbl6,self_20260528_170130,clip_005,1,listen,,0.548,87414.0,raspberry_pi_seeed_gsr,"87414,0.5480"
2026-05-28T17:02:40.479,jbl6,self_20260528_170130,clip_005,1,listen,,0.5617,87435.0,raspberry_pi_seeed_gsr,"87435,0.5617"
2026-05-28T17:02:40.503,jbl6,self_20260528_170130,clip_005,1,listen,,0.5463,87456.0,raspberry_pi_seeed_gsr,"87456,0.5463"
2026-05-28T17:02:40.526,jbl6,self_20260528_170130,clip_005,1,listen,,0.5431,87477.0,raspberry_pi_seeed_gsr,"87477,0.5431"
2026-05-28T17:02:40.549,jbl6,self_20260528_170130,clip_005,1,listen,,0.5504,87498.0,raspberry_pi_seeed_gsr,"87498,0.5504"
2026-05-28T17:02:40.573,jbl6,self_20260528_170130,clip_005,1,listen,,0.5455,87519.0,raspberry_pi_seeed_gsr,"87519,0.5455"
2026-05-28T17:02:40.596,jbl6,self_20260528_170130,clip_005,1,listen,,0.5439,87540.0,raspberry_pi_seeed_gsr,"87540,0.5439"
2026-05-28T17:02:40.620,jbl6,self_20260528_170130,clip_005,1,listen,,0.5399,87561.0,raspberry_pi_seeed_gsr,"87561,0.5399"
2026-05-28T17:02:40.643,jbl6,self_20260528_170130,clip_005,1,listen,,0.5496,87582.0,raspberry_pi_seeed_gsr,"87582,0.5496"
2026-05-28T17:02:40.667,jbl6,self_20260528_170130,clip_005,1,listen,,0.5439,87603.0,raspberry_pi_seeed_gsr,"87603,0.5439"
2026-05-28T17:02:40.693,jbl6,self_20260528_170130,clip_005,1,listen,,0.5391,87624.0,raspberry_pi_seeed_gsr,"87624,0.5391"
2026-05-28T17:02:40.718,jbl6,self_20260528_170130,clip_005,1,listen,,0.5383,87645.0,raspberry_pi_seeed_gsr,"87645,0.5383"
2026-05-28T17:02:40.742,jbl6,self_20260528_170130,clip_005,1,listen,,0.5367,87666.0,raspberry_pi_seeed_gsr,"87666,0.5367"
2026-05-28T17:02:40.765,jbl6,self_20260528_170130,clip_005,1,listen,,0.5383,87687.0,raspberry_pi_seeed_gsr,"87687,0.5383"
2026-05-28T17:02:40.789,jbl6,self_20260528_170130,clip_005,1,listen,,0.5367,87708.0,raspberry_pi_seeed_gsr,"87708,0.5367"
2026-05-28T17:02:40.812,jbl6,self_20260528_170130,clip_005,1,listen,,0.5351,87729.0,raspberry_pi_seeed_gsr,"87729,0.5351"
2026-05-28T17:02:40.835,jbl6,self_20260528_170130,clip_005,1,listen,,0.5415,87750.0,raspberry_pi_seeed_gsr,"87750,0.5415"
2026-05-28T17:02:40.857,jbl6,self_20260528_170130,clip_005,1,listen,,0.5375,87771.0,raspberry_pi_seeed_gsr,"87771,0.5375"
2026-05-28T17:02:40.879,jbl6,self_20260528_170130,clip_005,1,listen,,0.5351,87792.0,raspberry_pi_seeed_gsr,"87792,0.5351"
2026-05-28T17:02:40.903,jbl6,self_20260528_170130,clip_005,1,listen,,0.5335,87813.0,raspberry_pi_seeed_gsr,"87813,0.5335"
2026-05-28T17:02:40.926,jbl6,self_20260528_170130,clip_005,1,listen,,0.5455,87834.0,raspberry_pi_seeed_gsr,"87834,0.5455"
2026-05-28T17:02:40.949,jbl6,self_20260528_170130,clip_005,1,listen,,0.5367,87855.0,raspberry_pi_seeed_gsr,"87855,0.5367"
2026-05-28T17:02:40.973,jbl6,self_20260528_170130,clip_005,1,listen,,0.5351,87876.0,raspberry_pi_seeed_gsr,"87876,0.5351"
2026-05-28T17:02:40.997,jbl6,self_20260528_170130,clip_005,1,listen,,0.5367,87897.0,raspberry_pi_seeed_gsr,"87897,0.5367"
2026-05-28T17:02:41.021,jbl6,self_20260528_170130,clip_005,1,listen,,0.5359,87918.0,raspberry_pi_seeed_gsr,"87918,0.5359"
2026-05-28T17:02:41.045,jbl6,self_20260528_170130,clip_005,1,listen,,0.5327,87939.0,raspberry_pi_seeed_gsr,"87939,0.5327"
2026-05-28T17:02:41.068,jbl6,self_20260528_170130,clip_005,1,listen,,0.5327,87960.0,raspberry_pi_seeed_gsr,"87960,0.5327"
2026-05-28T17:02:41.091,jbl6,self_20260528_170130,clip_005,1,listen,,0.5335,87981.0,raspberry_pi_seeed_gsr,"87981,0.5335"
2026-05-28T17:02:41.115,jbl6,self_20260528_170130,clip_005,1,listen,,0.5383,88002.0,raspberry_pi_seeed_gsr,"88002,0.5383"
2026-05-28T17:02:41.138,jbl6,self_20260528_170130,clip_005,1,listen,,0.5327,88023.0,raspberry_pi_seeed_gsr,"88023,0.5327"
2026-05-28T17:02:41.162,jbl6,self_20260528_170130,clip_005,1,listen,,0.527,88044.0,raspberry_pi_seeed_gsr,"88044,0.5270"
2026-05-28T17:02:41.185,jbl6,self_20260528_170130,clip_005,1,listen,,0.5318,88065.0,raspberry_pi_seeed_gsr,"88065,0.5318"
2026-05-28T17:02:41.209,jbl6,self_20260528_170130,clip_005,1,listen,,0.5367,88086.0,raspberry_pi_seeed_gsr,"88086,0.5367"
2026-05-28T17:02:41.233,jbl6,self_20260528_170130,clip_005,1,listen,,0.531,88107.0,raspberry_pi_seeed_gsr,"88107,0.5310"
2026-05-28T17:02:41.257,jbl6,self_20260528_170130,clip_005,1,listen,,0.5327,88128.0,raspberry_pi_seeed_gsr,"88128,0.5327"
2026-05-28T17:02:41.282,jbl6,self_20260528_170130,clip_005,1,listen,,0.5351,88149.0,raspberry_pi_seeed_gsr,"88149,0.5351"
2026-05-28T17:02:41.305,jbl6,self_20260528_170130,clip_005,1,listen,,0.5278,88170.0,raspberry_pi_seeed_gsr,"88170,0.5278"
2026-05-28T17:02:41.329,jbl6,self_20260528_170130,clip_005,1,listen,,0.5286,88191.0,raspberry_pi_seeed_gsr,"88191,0.5286"
2026-05-28T17:02:41.353,jbl6,self_20260528_170130,clip_005,1,listen,,0.5327,88212.0,raspberry_pi_seeed_gsr,"88212,0.5327"
2026-05-28T17:02:41.377,jbl6,self_20260528_170130,clip_005,1,listen,,0.5327,88233.0,raspberry_pi_seeed_gsr,"88233,0.5327"
2026-05-28T17:02:41.405,jbl6,self_20260528_170130,clip_005,1,listen,,0.5391,88254.0,raspberry_pi_seeed_gsr,"88254,0.5391"
2026-05-28T17:02:41.428,jbl6,self_20260528_170130,clip_005,1,listen,,0.5286,88275.0,raspberry_pi_seeed_gsr,"88275,0.5286"
2026-05-28T17:02:41.453,jbl6,self_20260528_170130,clip_005,1,listen,,0.5367,88296.0,raspberry_pi_seeed_gsr,"88296,0.5367"
2026-05-28T17:02:41.475,jbl6,self_20260528_170130,clip_005,1,listen,,0.5375,88317.0,raspberry_pi_seeed_gsr,"88317,0.5375"
2026-05-28T17:02:41.497,jbl6,self_20260528_170130,clip_005,1,listen,,0.5359,88338.0,raspberry_pi_seeed_gsr,"88338,0.5359"
2026-05-28T17:02:41.519,jbl6,self_20260528_170130,clip_005,1,listen,,0.5327,88359.0,raspberry_pi_seeed_gsr,"88359,0.5327"
2026-05-28T17:02:41.541,jbl6,self_20260528_170130,clip_005,1,listen,,0.5367,88380.0,raspberry_pi_seeed_gsr,"88380,0.5367"
2026-05-28T17:02:41.564,jbl6,self_20260528_170130,clip_005,1,listen,,0.5439,88401.0,raspberry_pi_seeed_gsr,"88401,0.5439"
2026-05-28T17:02:41.588,jbl6,self_20260528_170130,clip_005,1,listen,,0.5383,88422.0,raspberry_pi_seeed_gsr,"88422,0.5383"
2026-05-28T17:02:41.612,jbl6,self_20260528_170130,clip_005,1,listen,,0.5318,88443.0,raspberry_pi_seeed_gsr,"88443,0.5318"
2026-05-28T17:02:41.635,jbl6,self_20260528_170130,clip_005,1,listen,,0.5359,88464.0,raspberry_pi_seeed_gsr,"88464,0.5359"
2026-05-28T17:02:41.659,jbl6,self_20260528_170130,clip_005,1,listen,,0.5415,88485.0,raspberry_pi_seeed_gsr,"88485,0.5415"
2026-05-28T17:02:41.683,jbl6,self_20260528_170130,clip_005,1,listen,,0.5399,88506.0,raspberry_pi_seeed_gsr,"88506,0.5399"
2026-05-28T17:02:41.706,jbl6,self_20260528_170130,clip_005,1,listen,,0.5359,88527.0,raspberry_pi_seeed_gsr,"88527,0.5359"
2026-05-28T17:02:41.729,jbl6,self_20260528_170130,clip_005,1,listen,,0.5415,88548.0,raspberry_pi_seeed_gsr,"88548,0.5415"
2026-05-28T17:02:41.752,jbl6,self_20260528_170130,clip_005,1,listen,,0.5399,88569.0,raspberry_pi_seeed_gsr,"88569,0.5399"
2026-05-28T17:02:41.775,jbl6,self_20260528_170130,clip_005,1,listen,,0.5383,88590.0,raspberry_pi_seeed_gsr,"88590,0.5383"
2026-05-28T17:02:41.799,jbl6,self_20260528_170130,clip_005,1,listen,,0.5391,88611.0,raspberry_pi_seeed_gsr,"88611,0.5391"
2026-05-28T17:02:41.822,jbl6,self_20260528_170130,clip_005,1,listen,,0.5504,88632.0,raspberry_pi_seeed_gsr,"88632,0.5504"
2026-05-28T17:02:41.844,jbl6,self_20260528_170130,clip_005,1,listen,,0.5447,88653.0,raspberry_pi_seeed_gsr,"88653,0.5447"
2026-05-28T17:02:41.868,jbl6,self_20260528_170130,clip_005,1,listen,,0.5391,88674.0,raspberry_pi_seeed_gsr,"88674,0.5391"
2026-05-28T17:02:41.929,jbl6,self_20260528_170130,clip_005,1,listen,,0.5399,88695.0,raspberry_pi_seeed_gsr,"88695,0.5399"
2026-05-28T17:02:41.953,jbl6,self_20260528_170130,clip_005,1,listen,,0.5447,88716.0,raspberry_pi_seeed_gsr,"88716,0.5447"
2026-05-28T17:02:41.977,jbl6,self_20260528_170130,clip_005,1,listen,,0.5455,88737.0,raspberry_pi_seeed_gsr,"88737,0.5455"
2026-05-28T17:02:42.001,jbl6,self_20260528_170130,clip_005,1,listen,,0.5447,88758.0,raspberry_pi_seeed_gsr,"88758,0.5447"
2026-05-28T17:02:42.024,jbl6,self_20260528_170130,clip_005,1,listen,,0.5399,88779.0,raspberry_pi_seeed_gsr,"88779,0.5399"
2026-05-28T17:02:42.047,jbl6,self_20260528_170130,clip_005,1,listen,,0.5455,88800.0,raspberry_pi_seeed_gsr,"88800,0.5455"
2026-05-28T17:02:42.072,jbl6,self_20260528_170130,clip_005,1,listen,,0.548,88821.0,raspberry_pi_seeed_gsr,"88821,0.5480"
2026-05-28T17:02:42.095,jbl6,self_20260528_170130,clip_005,1,listen,,0.5391,88842.0,raspberry_pi_seeed_gsr,"88842,0.5391"
2026-05-28T17:02:42.119,jbl6,self_20260528_170130,clip_005,1,listen,,0.5423,88863.0,raspberry_pi_seeed_gsr,"88863,0.5423"
2026-05-28T17:02:42.142,jbl6,self_20260528_170130,clip_005,1,listen,,0.5496,88884.0,raspberry_pi_seeed_gsr,"88884,0.5496"
2026-05-28T17:02:42.165,jbl6,self_20260528_170130,clip_005,1,listen,,0.5496,88905.0,raspberry_pi_seeed_gsr,"88905,0.5496"
2026-05-28T17:02:42.188,jbl6,self_20260528_170130,clip_005,1,listen,,0.5359,88926.0,raspberry_pi_seeed_gsr,"88926,0.5359"
2026-05-28T17:02:42.211,jbl6,self_20260528_170130,clip_005,1,listen,,0.5455,88947.0,raspberry_pi_seeed_gsr,"88947,0.5455"
2026-05-28T17:02:42.235,jbl6,self_20260528_170130,clip_005,1,listen,,0.5512,88968.0,raspberry_pi_seeed_gsr,"88968,0.5512"
2026-05-28T17:02:42.261,jbl6,self_20260528_170130,clip_005,1,listen,,0.5439,88989.0,raspberry_pi_seeed_gsr,"88989,0.5439"
2026-05-28T17:02:42.296,jbl6,self_20260528_170130,clip_005,1,listen,,0.5447,89010.0,raspberry_pi_seeed_gsr,"89010,0.5447"
2026-05-28T17:02:42.320,jbl6,self_20260528_170130,clip_005,1,listen,,0.5609,89031.0,raspberry_pi_seeed_gsr,"89031,0.5609"
2026-05-28T17:02:42.345,jbl6,self_20260528_170130,clip_005,1,listen,,0.552,89052.0,raspberry_pi_seeed_gsr,"89052,0.5520"
2026-05-28T17:02:42.369,jbl6,self_20260528_170130,clip_005,1,listen,,0.5463,89073.0,raspberry_pi_seeed_gsr,"89073,0.5463"
2026-05-28T17:02:42.392,jbl6,self_20260528_170130,clip_005,1,listen,,0.5439,89094.0,raspberry_pi_seeed_gsr,"89094,0.5439"
2026-05-28T17:02:42.416,jbl6,self_20260528_170130,clip_005,1,listen,,0.552,89115.0,raspberry_pi_seeed_gsr,"89115,0.5520"
2026-05-28T17:02:42.440,jbl6,self_20260528_170130,clip_005,1,listen,,0.5528,89136.0,raspberry_pi_seeed_gsr,"89136,0.5528"
2026-05-28T17:02:42.465,jbl6,self_20260528_170130,clip_005,1,listen,,0.548,89157.0,raspberry_pi_seeed_gsr,"89157,0.5480"
2026-05-28T17:02:42.489,jbl6,self_20260528_170130,clip_005,1,listen,,0.5504,89178.0,raspberry_pi_seeed_gsr,"89178,0.5504"
2026-05-28T17:02:42.511,jbl6,self_20260528_170130,clip_005,1,listen,,0.5552,89199.0,raspberry_pi_seeed_gsr,"89199,0.5552"
2026-05-28T17:02:42.534,jbl6,self_20260528_170130,clip_005,1,listen,,0.5576,89220.0,raspberry_pi_seeed_gsr,"89220,0.5576"
2026-05-28T17:02:42.556,jbl6,self_20260528_170130,clip_005,1,listen,,0.5488,89241.0,raspberry_pi_seeed_gsr,"89241,0.5488"
2026-05-28T17:02:42.579,jbl6,self_20260528_170130,clip_005,1,listen,,0.5488,89262.0,raspberry_pi_seeed_gsr,"89262,0.5488"
2026-05-28T17:02:42.603,jbl6,self_20260528_170130,clip_005,1,listen,,0.5633,89283.0,raspberry_pi_seeed_gsr,"89283,0.5633"
2026-05-28T17:02:42.627,jbl6,self_20260528_170130,clip_005,1,listen,,0.5584,89304.0,raspberry_pi_seeed_gsr,"89304,0.5584"
2026-05-28T17:02:42.661,jbl6,self_20260528_170130,clip_005,1,listen,,0.5504,89325.0,raspberry_pi_seeed_gsr,"89325,0.5504"
2026-05-28T17:02:42.684,jbl6,self_20260528_170130,clip_005,1,listen,,0.552,89346.0,raspberry_pi_seeed_gsr,"89346,0.5520"
2026-05-28T17:02:42.707,jbl6,self_20260528_170130,clip_005,1,listen,,0.5552,89367.0,raspberry_pi_seeed_gsr,"89367,0.5552"
2026-05-28T17:02:42.731,jbl6,self_20260528_170130,clip_005,1,listen,,0.5592,89388.0,raspberry_pi_seeed_gsr,"89388,0.5592"
2026-05-28T17:02:42.754,jbl6,self_20260528_170130,clip_005,1,listen,,0.5504,89409.0,raspberry_pi_seeed_gsr,"89409,0.5504"
2026-05-28T17:02:42.777,jbl6,self_20260528_170130,clip_005,1,listen,,0.5568,89430.0,raspberry_pi_seeed_gsr,"89430,0.5568"
2026-05-28T17:02:42.801,jbl6,self_20260528_170130,clip_005,1,listen,,0.5584,89451.0,raspberry_pi_seeed_gsr,"89451,0.5584"
2026-05-28T17:02:42.823,jbl6,self_20260528_170130,clip_005,1,listen,,0.5544,89472.0,raspberry_pi_seeed_gsr,"89472,0.5544"
2026-05-28T17:02:42.845,jbl6,self_20260528_170130,clip_005,1,listen,,0.552,89493.0,raspberry_pi_seeed_gsr,"89493,0.5520"
2026-05-28T17:02:42.868,jbl6,self_20260528_170130,clip_005,1,listen,,0.5584,89514.0,raspberry_pi_seeed_gsr,"89514,0.5584"
2026-05-28T17:02:42.890,jbl6,self_20260528_170130,clip_005,1,listen,,0.5592,89535.0,raspberry_pi_seeed_gsr,"89535,0.5592"
2026-05-28T17:02:42.913,jbl6,self_20260528_170130,clip_005,1,listen,,0.5544,89556.0,raspberry_pi_seeed_gsr,"89556,0.5544"
2026-05-28T17:02:42.937,jbl6,self_20260528_170130,clip_005,1,listen,,0.5544,89577.0,raspberry_pi_seeed_gsr,"89577,0.5544"
2026-05-28T17:02:42.965,jbl6,self_20260528_170130,clip_005,1,listen,,0.5576,89598.0,raspberry_pi_seeed_gsr,"89598,0.5576"
2026-05-28T17:02:42.990,jbl6,self_20260528_170130,clip_005,1,listen,,0.5592,89619.0,raspberry_pi_seeed_gsr,"89619,0.5592"
2026-05-28T17:02:43.014,jbl6,self_20260528_170130,clip_005,1,listen,,0.5552,89640.0,raspberry_pi_seeed_gsr,"89640,0.5552"
2026-05-28T17:02:43.039,jbl6,self_20260528_170130,clip_005,1,listen,,0.5512,89661.0,raspberry_pi_seeed_gsr,"89661,0.5512"
2026-05-28T17:02:43.061,jbl6,self_20260528_170130,clip_005,1,listen,,0.5649,89682.0,raspberry_pi_seeed_gsr,"89682,0.5649"
2026-05-28T17:02:43.086,jbl6,self_20260528_170130,clip_005,1,listen,,0.56,89703.0,raspberry_pi_seeed_gsr,"89703,0.5600"
2026-05-28T17:02:43.112,jbl6,self_20260528_170130,clip_005,1,listen,,0.556,89724.0,raspberry_pi_seeed_gsr,"89724,0.5560"
2026-05-28T17:02:43.136,jbl6,self_20260528_170130,clip_005,1,listen,,0.5665,89745.0,raspberry_pi_seeed_gsr,"89745,0.5665"
2026-05-28T17:02:43.159,jbl6,self_20260528_170130,clip_005,1,listen,,0.5617,89766.0,raspberry_pi_seeed_gsr,"89766,0.5617"
2026-05-28T17:02:43.183,jbl6,self_20260528_170130,clip_005,1,listen,,0.5552,89787.0,raspberry_pi_seeed_gsr,"89787,0.5552"
2026-05-28T17:02:43.206,jbl6,self_20260528_170130,clip_005,1,listen,,0.5552,89808.0,raspberry_pi_seeed_gsr,"89808,0.5552"
2026-05-28T17:02:43.230,jbl6,self_20260528_170130,clip_005,1,listen,,0.5584,89829.0,raspberry_pi_seeed_gsr,"89829,0.5584"
2026-05-28T17:02:43.253,jbl6,self_20260528_170130,clip_005,1,listen,,0.5625,89850.0,raspberry_pi_seeed_gsr,"89850,0.5625"
2026-05-28T17:02:43.276,jbl6,self_20260528_170130,clip_005,1,listen,,0.5617,89871.0,raspberry_pi_seeed_gsr,"89871,0.5617"
