timestamp,user_id,session_id,clip_id,trial_index,phase,hr,eda,sensor_elapsed_ms,source,raw_line
2026-05-31T15:25:01.440,test67,self_20260531_152452,clip_100,1,rest,,61.0,,raspberry_pi_seeed_gsr,61
2026-05-31T15:25:01.441,test67,self_20260531_152452,clip_100,1,rest,,2.092,1174271.0,raspberry_pi_seeed_gsr,"1174271,2.0920"
2026-05-31T15:25:01.442,test67,self_20260531_152452,clip_100,1,rest,,2.1017,1174292.0,raspberry_pi_seeed_gsr,"1174292,2.1017"
2026-05-31T15:25:01.443,test67,self_20260531_152452,clip_100,1,rest,,2.0977,1174313.0,raspberry_pi_seeed_gsr,"1174313,2.0977"
2026-05-31T15:25:01.443,test67,self_20260531_152452,clip_100,1,rest,,2.0985,1174334.0,raspberry_pi_seeed_gsr,"1174334,2.0985"
2026-05-31T15:25:01.444,test67,self_20260531_152452,clip_100,1,rest,,2.0953,1174355.0,raspberry_pi_seeed_gsr,"1174355,2.0953"
2026-05-31T15:25:01.444,test67,self_20260531_152452,clip_100,1,rest,,2.1106,1174376.0,raspberry_pi_seeed_gsr,"1174376,2.1106"
2026-05-31T15:25:01.445,test67,self_20260531_152452,clip_100,1,rest,,2.0888,1174397.0,raspberry_pi_seeed_gsr,"1174397,2.0888"
2026-05-31T15:25:01.445,test67,self_20260531_152452,clip_100,1,rest,,2.1001,1174418.0,raspberry_pi_seeed_gsr,"1174418,2.1001"
2026-05-31T15:25:01.446,test67,self_20260531_152452,clip_100,1,rest,,2.0977,1174439.0,raspberry_pi_seeed_gsr,"1174439,2.0977"
2026-05-31T15:25:01.447,test67,self_20260531_152452,clip_100,1,rest,,2.0985,1174460.0,raspberry_pi_seeed_gsr,"1174460,2.0985"
2026-05-31T15:25:01.447,test67,self_20260531_152452,clip_100,1,rest,,2.0993,1174481.0,raspberry_pi_seeed_gsr,"1174481,2.0993"
2026-05-31T15:25:01.447,test67,self_20260531_152452,clip_100,1,rest,,2.1057,1174502.0,raspberry_pi_seeed_gsr,"1174502,2.1057"
2026-05-31T15:25:01.448,test67,self_20260531_152452,clip_100,1,rest,,2.1033,1174523.0,raspberry_pi_seeed_gsr,"1174523,2.1033"
2026-05-31T15:25:01.448,test67,self_20260531_152452,clip_100,1,rest,,2.1009,1174544.0,raspberry_pi_seeed_gsr,"1174544,2.1009"
2026-05-31T15:25:01.449,test67,self_20260531_152452,clip_100,1,rest,,2.0993,1174565.0,raspberry_pi_seeed_gsr,"1174565,2.0993"
2026-05-31T15:25:01.449,test67,self_20260531_152452,clip_100,1,rest,,2.1009,1174586.0,raspberry_pi_seeed_gsr,"1174586,2.1009"
2026-05-31T15:25:01.450,test67,self_20260531_152452,clip_100,1,rest,,2.0961,1174607.0,raspberry_pi_seeed_gsr,"1174607,2.0961"
2026-05-31T15:25:01.450,test67,self_20260531_152452,clip_100,1,rest,,2.0953,1174628.0,raspberry_pi_seeed_gsr,"1174628,2.0953"
2026-05-31T15:25:01.450,test67,self_20260531_152452,clip_100,1,rest,,2.1114,1174649.0,raspberry_pi_seeed_gsr,"1174649,2.1114"
2026-05-31T15:25:01.450,test67,self_20260531_152452,clip_100,1,rest,,2.1009,1174670.0,raspberry_pi_seeed_gsr,"1174670,2.1009"
2026-05-31T15:25:01.451,test67,self_20260531_152452,clip_100,1,rest,,2.1033,1174691.0,raspberry_pi_seeed_gsr,"1174691,2.1033"
2026-05-31T15:25:01.451,test67,self_20260531_152452,clip_100,1,rest,,2.1025,1174712.0,raspberry_pi_seeed_gsr,"1174712,2.1025"
2026-05-31T15:25:01.451,test67,self_20260531_152452,clip_100,1,rest,,2.1001,1174733.0,raspberry_pi_seeed_gsr,"1174733,2.1001"
2026-05-31T15:25:01.452,test67,self_20260531_152452,clip_100,1,rest,,2.1001,1174754.0,raspberry_pi_seeed_gsr,"1174754,2.1001"
2026-05-31T15:25:01.452,test67,self_20260531_152452,clip_100,1,rest,,2.0985,1174775.0,raspberry_pi_seeed_gsr,"1174775,2.0985"
2026-05-31T15:25:01.452,test67,self_20260531_152452,clip_100,1,rest,,2.1057,1174796.0,raspberry_pi_seeed_gsr,"1174796,2.1057"
2026-05-31T15:25:01.452,test67,self_20260531_152452,clip_100,1,rest,,2.1509,1174817.0,raspberry_pi_seeed_gsr,"1174817,2.1509"
2026-05-31T15:25:01.453,test67,self_20260531_152452,clip_100,1,rest,,2.1049,1174838.0,raspberry_pi_seeed_gsr,"1174838,2.1049"
2026-05-31T15:25:01.453,test67,self_20260531_152452,clip_100,1,rest,,2.0993,1174859.0,raspberry_pi_seeed_gsr,"1174859,2.0993"
2026-05-31T15:25:01.453,test67,self_20260531_152452,clip_100,1,rest,,2.0993,1174880.0,raspberry_pi_seeed_gsr,"1174880,2.0993"
2026-05-31T15:25:01.453,test67,self_20260531_152452,clip_100,1,rest,,2.1041,1174901.0,raspberry_pi_seeed_gsr,"1174901,2.1041"
2026-05-31T15:25:01.461,test67,self_20260531_152452,clip_100,1,rest,,2.1041,1174922.0,raspberry_pi_seeed_gsr,"1174922,2.1041"
2026-05-31T15:25:01.482,test67,self_20260531_152452,clip_100,1,rest,,2.0977,1174943.0,raspberry_pi_seeed_gsr,"1174943,2.0977"
2026-05-31T15:25:01.503,test67,self_20260531_152452,clip_100,1,rest,,2.0969,1174964.0,raspberry_pi_seeed_gsr,"1174964,2.0969"
2026-05-31T15:25:01.524,test67,self_20260531_152452,clip_100,1,rest,,2.0993,1174985.0,raspberry_pi_seeed_gsr,"1174985,2.0993"
2026-05-31T15:25:01.545,test67,self_20260531_152452,clip_100,1,rest,,2.0993,1175006.0,raspberry_pi_seeed_gsr,"1175006,2.0993"
2026-05-31T15:25:01.566,test67,self_20260531_152452,clip_100,1,rest,,2.0928,1175027.0,raspberry_pi_seeed_gsr,"1175027,2.0928"
2026-05-31T15:25:01.587,test67,self_20260531_152452,clip_100,1,rest,,2.0961,1175048.0,raspberry_pi_seeed_gsr,"1175048,2.0961"
2026-05-31T15:25:01.608,test67,self_20260531_152452,clip_100,1,rest,,2.1017,1175069.0,raspberry_pi_seeed_gsr,"1175069,2.1017"
2026-05-31T15:25:01.629,test67,self_20260531_152452,clip_100,1,rest,,2.0928,1175090.0,raspberry_pi_seeed_gsr,"1175090,2.0928"
2026-05-31T15:25:01.650,test67,self_20260531_152452,clip_100,1,rest,,2.1017,1175111.0,raspberry_pi_seeed_gsr,"1175111,2.1017"
2026-05-31T15:25:01.671,test67,self_20260531_152452,clip_100,1,rest,,2.0993,1175132.0,raspberry_pi_seeed_gsr,"1175132,2.0993"
2026-05-31T15:25:01.692,test67,self_20260531_152452,clip_100,1,rest,,2.1041,1175153.0,raspberry_pi_seeed_gsr,"1175153,2.1041"
2026-05-31T15:25:01.713,test67,self_20260531_152452,clip_100,1,rest,,2.0928,1175174.0,raspberry_pi_seeed_gsr,"1175174,2.0928"
2026-05-31T15:25:01.734,test67,self_20260531_152452,clip_100,1,rest,,2.0896,1175195.0,raspberry_pi_seeed_gsr,"1175195,2.0896"
2026-05-31T15:25:01.755,test67,self_20260531_152452,clip_100,1,rest,,2.0977,1175216.0,raspberry_pi_seeed_gsr,"1175216,2.0977"
2026-05-31T15:25:01.776,test67,self_20260531_152452,clip_100,1,rest,,2.1082,1175237.0,raspberry_pi_seeed_gsr,"1175237,2.1082"
2026-05-31T15:25:01.797,test67,self_20260531_152452,clip_100,1,rest,,2.0977,1175258.0,raspberry_pi_seeed_gsr,"1175258,2.0977"
2026-05-31T15:25:01.819,test67,self_20260531_152452,clip_100,1,rest,,2.1001,1175279.0,raspberry_pi_seeed_gsr,"1175279,2.1001"
2026-05-31T15:25:01.839,test67,self_20260531_152452,clip_100,1,rest,,2.0993,1175300.0,raspberry_pi_seeed_gsr,"1175300,2.0993"
2026-05-31T15:25:01.860,test67,self_20260531_152452,clip_100,1,rest,,2.0937,1175321.0,raspberry_pi_seeed_gsr,"1175321,2.0937"
2026-05-31T15:25:01.881,test67,self_20260531_152452,clip_100,1,rest,,2.0985,1175342.0,raspberry_pi_seeed_gsr,"1175342,2.0985"
2026-05-31T15:25:01.902,test67,self_20260531_152452,clip_100,1,rest,,2.0985,1175363.0,raspberry_pi_seeed_gsr,"1175363,2.0985"
2026-05-31T15:25:01.923,test67,self_20260531_152452,clip_100,1,rest,,2.0985,1175384.0,raspberry_pi_seeed_gsr,"1175384,2.0985"
2026-05-31T15:25:01.944,test67,self_20260531_152452,clip_100,1,rest,,2.092,1175405.0,raspberry_pi_seeed_gsr,"1175405,2.0920"
2026-05-31T15:25:01.978,test67,self_20260531_152452,clip_100,1,rest,,2.0969,1175426.0,raspberry_pi_seeed_gsr,"1175426,2.0969"
2026-05-31T15:25:01.986,test67,self_20260531_152452,clip_100,1,rest,,2.0993,1175447.0,raspberry_pi_seeed_gsr,"1175447,2.0993"
2026-05-31T15:25:02.007,test67,self_20260531_152452,clip_100,1,rest,,2.0912,1175468.0,raspberry_pi_seeed_gsr,"1175468,2.0912"
2026-05-31T15:25:02.028,test67,self_20260531_152452,clip_100,1,rest,,2.1001,1175489.0,raspberry_pi_seeed_gsr,"1175489,2.1001"
2026-05-31T15:25:02.049,test67,self_20260531_152452,clip_100,1,rest,,2.0993,1175510.0,raspberry_pi_seeed_gsr,"1175510,2.0993"
2026-05-31T15:25:02.070,test67,self_20260531_152452,clip_100,1,rest,,2.0977,1175531.0,raspberry_pi_seeed_gsr,"1175531,2.0977"
2026-05-31T15:25:02.091,test67,self_20260531_152452,clip_100,1,rest,,2.1065,1175552.0,raspberry_pi_seeed_gsr,"1175552,2.1065"
2026-05-31T15:25:02.112,test67,self_20260531_152452,clip_100,1,rest,,2.1041,1175573.0,raspberry_pi_seeed_gsr,"1175573,2.1041"
2026-05-31T15:25:02.133,test67,self_20260531_152452,clip_100,1,rest,,2.0985,1175594.0,raspberry_pi_seeed_gsr,"1175594,2.0985"
2026-05-31T15:25:02.154,test67,self_20260531_152452,clip_100,1,rest,,2.0993,1175615.0,raspberry_pi_seeed_gsr,"1175615,2.0993"
2026-05-31T15:25:02.175,test67,self_20260531_152452,clip_100,1,rest,,2.0969,1175636.0,raspberry_pi_seeed_gsr,"1175636,2.0969"
2026-05-31T15:25:02.196,test67,self_20260531_152452,clip_100,1,rest,,2.1017,1175657.0,raspberry_pi_seeed_gsr,"1175657,2.1017"
2026-05-31T15:25:02.217,test67,self_20260531_152452,clip_100,1,rest,,2.0953,1175678.0,raspberry_pi_seeed_gsr,"1175678,2.0953"
2026-05-31T15:25:02.238,test67,self_20260531_152452,clip_100,1,rest,,2.1017,1175699.0,raspberry_pi_seeed_gsr,"1175699,2.1017"
2026-05-31T15:25:02.259,test67,self_20260531_152452,clip_100,1,rest,,2.0993,1175720.0,raspberry_pi_seeed_gsr,"1175720,2.0993"
2026-05-31T15:25:02.280,test67,self_20260531_152452,clip_100,1,rest,,2.1033,1175741.0,raspberry_pi_seeed_gsr,"1175741,2.1033"
2026-05-31T15:25:02.301,test67,self_20260531_152452,clip_100,1,rest,,2.1025,1175762.0,raspberry_pi_seeed_gsr,"1175762,2.1025"
2026-05-31T15:25:02.322,test67,self_20260531_152452,clip_100,1,rest,,2.0977,1175783.0,raspberry_pi_seeed_gsr,"1175783,2.0977"
2026-05-31T15:25:02.343,test67,self_20260531_152452,clip_100,1,rest,,2.0977,1175804.0,raspberry_pi_seeed_gsr,"1175804,2.0977"
2026-05-31T15:25:02.364,test67,self_20260531_152452,clip_100,1,rest,,2.0985,1175825.0,raspberry_pi_seeed_gsr,"1175825,2.0985"
2026-05-31T15:25:02.385,test67,self_20260531_152452,clip_100,1,rest,,2.0993,1175846.0,raspberry_pi_seeed_gsr,"1175846,2.0993"
2026-05-31T15:25:02.406,test67,self_20260531_152452,clip_100,1,rest,,2.1106,1175867.0,raspberry_pi_seeed_gsr,"1175867,2.1106"
2026-05-31T15:25:02.427,test67,self_20260531_152452,clip_100,1,rest,,2.0969,1175888.0,raspberry_pi_seeed_gsr,"1175888,2.0969"
2026-05-31T15:25:02.448,test67,self_20260531_152452,clip_100,1,rest,,2.0928,1175909.0,raspberry_pi_seeed_gsr,"1175909,2.0928"
2026-05-31T15:25:02.469,test67,self_20260531_152452,clip_100,1,rest,,2.0985,1175930.0,raspberry_pi_seeed_gsr,"1175930,2.0985"
2026-05-31T15:25:02.490,test67,self_20260531_152452,clip_100,1,rest,,2.0969,1175951.0,raspberry_pi_seeed_gsr,"1175951,2.0969"
2026-05-31T15:25:02.511,test67,self_20260531_152452,clip_100,1,rest,,2.1082,1175972.0,raspberry_pi_seeed_gsr,"1175972,2.1082"
2026-05-31T15:25:02.532,test67,self_20260531_152452,clip_100,1,rest,,2.0993,1175993.0,raspberry_pi_seeed_gsr,"1175993,2.0993"
2026-05-31T15:25:02.553,test67,self_20260531_152452,clip_100,1,rest,,2.1017,1176014.0,raspberry_pi_seeed_gsr,"1176014,2.1017"
2026-05-31T15:25:02.574,test67,self_20260531_152452,clip_100,1,rest,,2.0977,1176035.0,raspberry_pi_seeed_gsr,"1176035,2.0977"
2026-05-31T15:25:02.595,test67,self_20260531_152452,clip_100,1,rest,,2.1001,1176056.0,raspberry_pi_seeed_gsr,"1176056,2.1001"
2026-05-31T15:25:02.616,test67,self_20260531_152452,clip_100,1,rest,,2.0993,1176077.0,raspberry_pi_seeed_gsr,"1176077,2.0993"
2026-05-31T15:25:02.637,test67,self_20260531_152452,clip_100,1,rest,,2.0993,1176098.0,raspberry_pi_seeed_gsr,"1176098,2.0993"
2026-05-31T15:25:02.658,test67,self_20260531_152452,clip_100,1,rest,,2.0985,1176119.0,raspberry_pi_seeed_gsr,"1176119,2.0985"
2026-05-31T15:25:02.680,test67,self_20260531_152452,clip_100,1,rest,,2.0969,1176140.0,raspberry_pi_seeed_gsr,"1176140,2.0969"
2026-05-31T15:25:02.700,test67,self_20260531_152452,clip_100,1,rest,,2.0937,1176161.0,raspberry_pi_seeed_gsr,"1176161,2.0937"
2026-05-31T15:25:02.721,test67,self_20260531_152452,clip_100,1,rest,,2.1001,1176182.0,raspberry_pi_seeed_gsr,"1176182,2.1001"
2026-05-31T15:25:02.742,test67,self_20260531_152452,clip_100,1,rest,,2.0977,1176203.0,raspberry_pi_seeed_gsr,"1176203,2.0977"
2026-05-31T15:25:02.763,test67,self_20260531_152452,clip_100,1,rest,,2.0985,1176224.0,raspberry_pi_seeed_gsr,"1176224,2.0985"
2026-05-31T15:25:02.784,test67,self_20260531_152452,clip_100,1,rest,,2.0977,1176245.0,raspberry_pi_seeed_gsr,"1176245,2.0977"
2026-05-31T15:25:02.805,test67,self_20260531_152452,clip_100,1,rest,,2.1017,1176266.0,raspberry_pi_seeed_gsr,"1176266,2.1017"
2026-05-31T15:25:02.826,test67,self_20260531_152452,clip_100,1,rest,,2.1049,1176287.0,raspberry_pi_seeed_gsr,"1176287,2.1049"
2026-05-31T15:25:02.847,test67,self_20260531_152452,clip_100,1,rest,,2.1001,1176308.0,raspberry_pi_seeed_gsr,"1176308,2.1001"
2026-05-31T15:25:02.868,test67,self_20260531_152452,clip_100,1,rest,,2.1009,1176329.0,raspberry_pi_seeed_gsr,"1176329,2.1009"
2026-05-31T15:25:02.889,test67,self_20260531_152452,clip_100,1,rest,,2.0912,1176350.0,raspberry_pi_seeed_gsr,"1176350,2.0912"
2026-05-31T15:25:02.910,test67,self_20260531_152452,clip_100,1,rest,,2.1001,1176371.0,raspberry_pi_seeed_gsr,"1176371,2.1001"
2026-05-31T15:25:02.931,test67,self_20260531_152452,clip_100,1,rest,,2.0993,1176392.0,raspberry_pi_seeed_gsr,"1176392,2.0993"
2026-05-31T15:25:02.952,test67,self_20260531_152452,clip_100,1,rest,,2.0977,1176413.0,raspberry_pi_seeed_gsr,"1176413,2.0977"
2026-05-31T15:25:02.973,test67,self_20260531_152452,clip_100,1,rest,,2.0993,1176434.0,raspberry_pi_seeed_gsr,"1176434,2.0993"
2026-05-31T15:25:02.994,test67,self_20260531_152452,clip_100,1,rest,,2.0993,1176455.0,raspberry_pi_seeed_gsr,"1176455,2.0993"
2026-05-31T15:25:03.015,test67,self_20260531_152452,clip_100,1,rest,,2.1033,1176476.0,raspberry_pi_seeed_gsr,"1176476,2.1033"
2026-05-31T15:25:03.036,test67,self_20260531_152452,clip_100,1,rest,,2.0969,1176497.0,raspberry_pi_seeed_gsr,"1176497,2.0969"
2026-05-31T15:25:03.057,test67,self_20260531_152452,clip_100,1,rest,,2.1001,1176518.0,raspberry_pi_seeed_gsr,"1176518,2.1001"
2026-05-31T15:25:03.078,test67,self_20260531_152452,clip_100,1,rest,,2.1001,1176539.0,raspberry_pi_seeed_gsr,"1176539,2.1001"
2026-05-31T15:25:03.099,test67,self_20260531_152452,clip_100,1,rest,,2.1065,1176560.0,raspberry_pi_seeed_gsr,"1176560,2.1065"
2026-05-31T15:25:03.120,test67,self_20260531_152452,clip_100,1,rest,,2.0985,1176581.0,raspberry_pi_seeed_gsr,"1176581,2.0985"
2026-05-31T15:25:03.141,test67,self_20260531_152452,clip_100,1,rest,,2.0985,1176602.0,raspberry_pi_seeed_gsr,"1176602,2.0985"
2026-05-31T15:25:03.162,test67,self_20260531_152452,clip_100,1,rest,,2.1001,1176623.0,raspberry_pi_seeed_gsr,"1176623,2.1001"
2026-05-31T15:25:03.183,test67,self_20260531_152452,clip_100,1,rest,,2.1025,1176644.0,raspberry_pi_seeed_gsr,"1176644,2.1025"
2026-05-31T15:25:03.204,test67,self_20260531_152452,clip_100,1,rest,,2.0937,1176665.0,raspberry_pi_seeed_gsr,"1176665,2.0937"
2026-05-31T15:25:03.225,test67,self_20260531_152452,clip_100,1,rest,,2.0969,1176686.0,raspberry_pi_seeed_gsr,"1176686,2.0969"
2026-05-31T15:25:03.246,test67,self_20260531_152452,clip_100,1,rest,,2.0953,1176707.0,raspberry_pi_seeed_gsr,"1176707,2.0953"
2026-05-31T15:25:03.267,test67,self_20260531_152452,clip_100,1,rest,,2.0993,1176728.0,raspberry_pi_seeed_gsr,"1176728,2.0993"
2026-05-31T15:25:03.288,test67,self_20260531_152452,clip_100,1,rest,,2.1082,1176749.0,raspberry_pi_seeed_gsr,"1176749,2.1082"
2026-05-31T15:25:03.309,test67,self_20260531_152452,clip_100,1,rest,,2.0993,1176770.0,raspberry_pi_seeed_gsr,"1176770,2.0993"
2026-05-31T15:25:03.330,test67,self_20260531_152452,clip_100,1,rest,,2.0969,1176791.0,raspberry_pi_seeed_gsr,"1176791,2.0969"
2026-05-31T15:25:03.351,test67,self_20260531_152452,clip_100,1,rest,,2.1041,1176812.0,raspberry_pi_seeed_gsr,"1176812,2.1041"
2026-05-31T15:25:03.372,test67,self_20260531_152452,clip_100,1,rest,,2.1001,1176833.0,raspberry_pi_seeed_gsr,"1176833,2.1001"
2026-05-31T15:25:03.393,test67,self_20260531_152452,clip_100,1,rest,,2.1001,1176854.0,raspberry_pi_seeed_gsr,"1176854,2.1001"
2026-05-31T15:25:03.414,test67,self_20260531_152452,clip_100,1,rest,,2.0985,1176875.0,raspberry_pi_seeed_gsr,"1176875,2.0985"
2026-05-31T15:25:03.435,test67,self_20260531_152452,clip_100,1,rest,,2.0695,1176896.0,raspberry_pi_seeed_gsr,"1176896,2.0695"
2026-05-31T15:25:03.456,test67,self_20260531_152452,clip_100,1,rest,,2.0848,1176917.0,raspberry_pi_seeed_gsr,"1176917,2.0848"
2026-05-31T15:25:03.477,test67,self_20260531_152452,clip_100,1,rest,,2.0928,1176938.0,raspberry_pi_seeed_gsr,"1176938,2.0928"
2026-05-31T15:25:03.498,test67,self_20260531_152452,clip_100,1,rest,,2.0985,1176959.0,raspberry_pi_seeed_gsr,"1176959,2.0985"
2026-05-31T15:25:03.519,test67,self_20260531_152452,clip_100,1,rest,,2.0945,1176980.0,raspberry_pi_seeed_gsr,"1176980,2.0945"
2026-05-31T15:25:03.540,test67,self_20260531_152452,clip_100,1,rest,,2.0993,1177001.0,raspberry_pi_seeed_gsr,"1177001,2.0993"
2026-05-31T15:25:03.561,test67,self_20260531_152452,clip_100,1,rest,,2.0912,1177022.0,raspberry_pi_seeed_gsr,"1177022,2.0912"
2026-05-31T15:25:03.582,test67,self_20260531_152452,clip_100,1,rest,,2.0985,1177043.0,raspberry_pi_seeed_gsr,"1177043,2.0985"
2026-05-31T15:25:03.603,test67,self_20260531_152452,clip_100,1,rest,,2.1001,1177064.0,raspberry_pi_seeed_gsr,"1177064,2.1001"
2026-05-31T15:25:03.624,test67,self_20260531_152452,clip_100,1,rest,,2.0969,1177085.0,raspberry_pi_seeed_gsr,"1177085,2.0969"
2026-05-31T15:25:03.645,test67,self_20260531_152452,clip_100,1,rest,,2.1001,1177106.0,raspberry_pi_seeed_gsr,"1177106,2.1001"
2026-05-31T15:25:03.666,test67,self_20260531_152452,clip_100,1,rest,,2.1017,1177127.0,raspberry_pi_seeed_gsr,"1177127,2.1017"
2026-05-31T15:25:03.687,test67,self_20260531_152452,clip_100,1,rest,,2.0993,1177148.0,raspberry_pi_seeed_gsr,"1177148,2.0993"
2026-05-31T15:25:03.708,test67,self_20260531_152452,clip_100,1,rest,,2.0896,1177169.0,raspberry_pi_seeed_gsr,"1177169,2.0896"
2026-05-31T15:25:03.729,test67,self_20260531_152452,clip_100,1,rest,,2.092,1177190.0,raspberry_pi_seeed_gsr,"1177190,2.0920"
2026-05-31T15:25:03.750,test67,self_20260531_152452,clip_100,1,rest,,2.0993,1177211.0,raspberry_pi_seeed_gsr,"1177211,2.0993"
2026-05-31T15:25:03.771,test67,self_20260531_152452,clip_100,1,rest,,2.0953,1177232.0,raspberry_pi_seeed_gsr,"1177232,2.0953"
2026-05-31T15:25:03.792,test67,self_20260531_152452,clip_100,1,rest,,2.0961,1177253.0,raspberry_pi_seeed_gsr,"1177253,2.0961"
2026-05-31T15:25:03.813,test67,self_20260531_152452,clip_100,1,rest,,2.1001,1177274.0,raspberry_pi_seeed_gsr,"1177274,2.1001"
2026-05-31T15:25:03.834,test67,self_20260531_152452,clip_100,1,rest,,2.0993,1177295.0,raspberry_pi_seeed_gsr,"1177295,2.0993"
2026-05-31T15:25:03.855,test67,self_20260531_152452,clip_100,1,rest,,2.0961,1177316.0,raspberry_pi_seeed_gsr,"1177316,2.0961"
2026-05-31T15:25:03.876,test67,self_20260531_152452,clip_100,1,rest,,2.0993,1177337.0,raspberry_pi_seeed_gsr,"1177337,2.0993"
2026-05-31T15:25:03.897,test67,self_20260531_152452,clip_100,1,rest,,2.1017,1177358.0,raspberry_pi_seeed_gsr,"1177358,2.1017"
2026-05-31T15:25:03.918,test67,self_20260531_152452,clip_100,1,rest,,2.0961,1177379.0,raspberry_pi_seeed_gsr,"1177379,2.0961"
2026-05-31T15:25:03.939,test67,self_20260531_152452,clip_100,1,rest,,2.0937,1177400.0,raspberry_pi_seeed_gsr,"1177400,2.0937"
2026-05-31T15:25:03.960,test67,self_20260531_152452,clip_100,1,rest,,2.1001,1177421.0,raspberry_pi_seeed_gsr,"1177421,2.1001"
2026-05-31T15:25:03.981,test67,self_20260531_152452,clip_100,1,rest,,2.0985,1177442.0,raspberry_pi_seeed_gsr,"1177442,2.0985"
2026-05-31T15:25:04.003,test67,self_20260531_152452,clip_100,1,rest,,2.1001,1177463.0,raspberry_pi_seeed_gsr,"1177463,2.1001"
2026-05-31T15:25:04.023,test67,self_20260531_152452,clip_100,1,rest,,2.0977,1177484.0,raspberry_pi_seeed_gsr,"1177484,2.0977"
2026-05-31T15:25:04.044,test67,self_20260531_152452,clip_100,1,rest,,2.1041,1177505.0,raspberry_pi_seeed_gsr,"1177505,2.1041"
2026-05-31T15:25:04.065,test67,self_20260531_152452,clip_100,1,rest,,2.0872,1177526.0,raspberry_pi_seeed_gsr,"1177526,2.0872"
2026-05-31T15:25:04.087,test67,self_20260531_152452,clip_100,1,rest,,2.0969,1177547.0,raspberry_pi_seeed_gsr,"1177547,2.0969"
2026-05-31T15:25:04.107,test67,self_20260531_152452,clip_100,1,rest,,2.1194,1177568.0,raspberry_pi_seeed_gsr,"1177568,2.1194"
2026-05-31T15:25:04.128,test67,self_20260531_152452,clip_100,1,rest,,2.0993,1177589.0,raspberry_pi_seeed_gsr,"1177589,2.0993"
2026-05-31T15:25:04.149,test67,self_20260531_152452,clip_100,1,rest,,2.1001,1177610.0,raspberry_pi_seeed_gsr,"1177610,2.1001"
2026-05-31T15:25:04.170,test67,self_20260531_152452,clip_100,1,rest,,2.0977,1177631.0,raspberry_pi_seeed_gsr,"1177631,2.0977"
2026-05-31T15:25:04.191,test67,self_20260531_152452,clip_100,1,rest,,2.1001,1177652.0,raspberry_pi_seeed_gsr,"1177652,2.1001"
2026-05-31T15:25:04.212,test67,self_20260531_152452,clip_100,1,rest,,2.0985,1177673.0,raspberry_pi_seeed_gsr,"1177673,2.0985"
2026-05-31T15:25:04.233,test67,self_20260531_152452,clip_100,1,rest,,2.0993,1177694.0,raspberry_pi_seeed_gsr,"1177694,2.0993"
2026-05-31T15:25:04.254,test67,self_20260531_152452,clip_100,1,rest,,2.0993,1177715.0,raspberry_pi_seeed_gsr,"1177715,2.0993"
2026-05-31T15:25:04.276,test67,self_20260531_152452,clip_100,1,rest,,2.0985,1177736.0,raspberry_pi_seeed_gsr,"1177736,2.0985"
2026-05-31T15:25:04.296,test67,self_20260531_152452,clip_100,1,rest,,2.1001,1177757.0,raspberry_pi_seeed_gsr,"1177757,2.1001"
2026-05-31T15:25:04.317,test67,self_20260531_152452,clip_100,1,rest,,2.0977,1177778.0,raspberry_pi_seeed_gsr,"1177778,2.0977"
2026-05-31T15:25:04.338,test67,self_20260531_152452,clip_100,1,rest,,2.0993,1177799.0,raspberry_pi_seeed_gsr,"1177799,2.0993"
2026-05-31T15:25:04.359,test67,self_20260531_152452,clip_100,1,rest,,2.0969,1177820.0,raspberry_pi_seeed_gsr,"1177820,2.0969"
2026-05-31T15:25:04.380,test67,self_20260531_152452,clip_100,1,rest,,2.0985,1177841.0,raspberry_pi_seeed_gsr,"1177841,2.0985"
2026-05-31T15:25:04.401,test67,self_20260531_152452,clip_100,1,rest,,2.0993,1177862.0,raspberry_pi_seeed_gsr,"1177862,2.0993"
2026-05-31T15:25:04.422,test67,self_20260531_152452,clip_100,1,rest,,2.1041,1177883.0,raspberry_pi_seeed_gsr,"1177883,2.1041"
2026-05-31T15:25:04.443,test67,self_20260531_152452,clip_100,1,rest,,2.1033,1177904.0,raspberry_pi_seeed_gsr,"1177904,2.1033"
2026-05-31T15:25:04.464,test67,self_20260531_152452,clip_100,1,rest,,2.1114,1177925.0,raspberry_pi_seeed_gsr,"1177925,2.1114"
2026-05-31T15:25:04.485,test67,self_20260531_152452,clip_100,1,rest,,2.0961,1177946.0,raspberry_pi_seeed_gsr,"1177946,2.0961"
2026-05-31T15:25:04.506,test67,self_20260531_152452,clip_100,1,rest,,2.1025,1177967.0,raspberry_pi_seeed_gsr,"1177967,2.1025"
2026-05-31T15:25:04.527,test67,self_20260531_152452,clip_100,1,rest,,2.0993,1177988.0,raspberry_pi_seeed_gsr,"1177988,2.0993"
2026-05-31T15:25:04.548,test67,self_20260531_152452,clip_100,1,rest,,2.0937,1178009.0,raspberry_pi_seeed_gsr,"1178009,2.0937"
2026-05-31T15:25:04.569,test67,self_20260531_152452,clip_100,1,rest,,2.1001,1178030.0,raspberry_pi_seeed_gsr,"1178030,2.1001"
2026-05-31T15:25:04.590,test67,self_20260531_152452,clip_100,1,rest,,2.0985,1178051.0,raspberry_pi_seeed_gsr,"1178051,2.0985"
2026-05-31T15:25:04.611,test67,self_20260531_152452,clip_100,1,rest,,2.0856,1178072.0,raspberry_pi_seeed_gsr,"1178072,2.0856"
2026-05-31T15:25:04.632,test67,self_20260531_152452,clip_100,1,rest,,2.1017,1178093.0,raspberry_pi_seeed_gsr,"1178093,2.1017"
2026-05-31T15:25:04.653,test67,self_20260531_152452,clip_100,1,rest,,2.1009,1178114.0,raspberry_pi_seeed_gsr,"1178114,2.1009"
2026-05-31T15:25:04.675,test67,self_20260531_152452,clip_100,1,rest,,2.0993,1178135.0,raspberry_pi_seeed_gsr,"1178135,2.0993"
2026-05-31T15:25:04.695,test67,self_20260531_152452,clip_100,1,rest,,2.1001,1178156.0,raspberry_pi_seeed_gsr,"1178156,2.1001"
2026-05-31T15:25:04.716,test67,self_20260531_152452,clip_100,1,rest,,2.0993,1178177.0,raspberry_pi_seeed_gsr,"1178177,2.0993"
2026-05-31T15:25:04.737,test67,self_20260531_152452,clip_100,1,rest,,2.0993,1178198.0,raspberry_pi_seeed_gsr,"1178198,2.0993"
2026-05-31T15:25:04.758,test67,self_20260531_152452,clip_100,1,rest,,2.0969,1178219.0,raspberry_pi_seeed_gsr,"1178219,2.0969"
2026-05-31T15:25:04.779,test67,self_20260531_152452,clip_100,1,rest,,2.0993,1178240.0,raspberry_pi_seeed_gsr,"1178240,2.0993"
2026-05-31T15:25:04.800,test67,self_20260531_152452,clip_100,1,rest,,2.0888,1178261.0,raspberry_pi_seeed_gsr,"1178261,2.0888"
2026-05-31T15:25:04.821,test67,self_20260531_152452,clip_100,1,rest,,2.0896,1178282.0,raspberry_pi_seeed_gsr,"1178282,2.0896"
2026-05-31T15:25:04.842,test67,self_20260531_152452,clip_100,1,rest,,2.0904,1178303.0,raspberry_pi_seeed_gsr,"1178303,2.0904"
2026-05-31T15:25:04.863,test67,self_20260531_152452,clip_100,1,rest,,2.0985,1178324.0,raspberry_pi_seeed_gsr,"1178324,2.0985"
2026-05-31T15:25:04.884,test67,self_20260531_152452,clip_100,1,rest,,2.0985,1178345.0,raspberry_pi_seeed_gsr,"1178345,2.0985"
2026-05-31T15:25:04.905,test67,self_20260531_152452,clip_100,1,rest,,2.0977,1178366.0,raspberry_pi_seeed_gsr,"1178366,2.0977"
2026-05-31T15:25:04.926,test67,self_20260531_152452,clip_100,1,rest,,2.0953,1178387.0,raspberry_pi_seeed_gsr,"1178387,2.0953"
2026-05-31T15:25:04.947,test67,self_20260531_152452,clip_100,1,rest,,2.0969,1178408.0,raspberry_pi_seeed_gsr,"1178408,2.0969"
2026-05-31T15:25:04.968,test67,self_20260531_152452,clip_100,1,rest,,2.1025,1178429.0,raspberry_pi_seeed_gsr,"1178429,2.1025"
2026-05-31T15:25:04.989,test67,self_20260531_152452,clip_100,1,rest,,2.0953,1178450.0,raspberry_pi_seeed_gsr,"1178450,2.0953"
2026-05-31T15:25:05.010,test67,self_20260531_152452,clip_100,1,rest,,2.1001,1178471.0,raspberry_pi_seeed_gsr,"1178471,2.1001"
2026-05-31T15:25:05.032,test67,self_20260531_152452,clip_100,1,rest,,2.0977,1178492.0,raspberry_pi_seeed_gsr,"1178492,2.0977"
2026-05-31T15:25:05.052,test67,self_20260531_152452,clip_100,1,rest,,2.0985,1178513.0,raspberry_pi_seeed_gsr,"1178513,2.0985"
2026-05-31T15:25:05.073,test67,self_20260531_152452,clip_100,1,rest,,2.0985,1178534.0,raspberry_pi_seeed_gsr,"1178534,2.0985"
2026-05-31T15:25:05.094,test67,self_20260531_152452,clip_100,1,rest,,2.1082,1178555.0,raspberry_pi_seeed_gsr,"1178555,2.1082"
2026-05-31T15:25:05.115,test67,self_20260531_152452,clip_100,1,rest,,2.0711,1178576.0,raspberry_pi_seeed_gsr,"1178576,2.0711"
2026-05-31T15:25:05.136,test67,self_20260531_152452,clip_100,1,rest,,2.0549,1178597.0,raspberry_pi_seeed_gsr,"1178597,2.0549"
2026-05-31T15:25:05.157,test67,self_20260531_152452,clip_100,1,rest,,2.0928,1178618.0,raspberry_pi_seeed_gsr,"1178618,2.0928"
2026-05-31T15:25:05.178,test67,self_20260531_152452,clip_100,1,rest,,2.0985,1178639.0,raspberry_pi_seeed_gsr,"1178639,2.0985"
2026-05-31T15:25:05.199,test67,self_20260531_152452,clip_100,1,rest,,2.1025,1178660.0,raspberry_pi_seeed_gsr,"1178660,2.1025"
2026-05-31T15:25:05.220,test67,self_20260531_152452,clip_100,1,rest,,2.1001,1178681.0,raspberry_pi_seeed_gsr,"1178681,2.1001"
2026-05-31T15:25:05.241,test67,self_20260531_152452,clip_100,1,rest,,2.0993,1178702.0,raspberry_pi_seeed_gsr,"1178702,2.0993"
2026-05-31T15:25:05.262,test67,self_20260531_152452,clip_100,1,rest,,2.1001,1178723.0,raspberry_pi_seeed_gsr,"1178723,2.1001"
2026-05-31T15:25:05.283,test67,self_20260531_152452,clip_100,1,rest,,2.0985,1178744.0,raspberry_pi_seeed_gsr,"1178744,2.0985"
2026-05-31T15:25:05.304,test67,self_20260531_152452,clip_100,1,rest,,2.0977,1178765.0,raspberry_pi_seeed_gsr,"1178765,2.0977"
2026-05-31T15:25:05.325,test67,self_20260531_152452,clip_100,1,rest,,2.0993,1178786.0,raspberry_pi_seeed_gsr,"1178786,2.0993"
2026-05-31T15:25:05.347,test67,self_20260531_152452,clip_100,1,rest,,2.0985,1178807.0,raspberry_pi_seeed_gsr,"1178807,2.0985"
2026-05-31T15:25:05.367,test67,self_20260531_152452,clip_100,1,rest,,2.0977,1178828.0,raspberry_pi_seeed_gsr,"1178828,2.0977"
2026-05-31T15:25:05.388,test67,self_20260531_152452,clip_100,1,rest,,2.0993,1178849.0,raspberry_pi_seeed_gsr,"1178849,2.0993"
2026-05-31T15:25:05.409,test67,self_20260531_152452,clip_100,1,rest,,2.1017,1178870.0,raspberry_pi_seeed_gsr,"1178870,2.1017"
2026-05-31T15:25:05.430,test67,self_20260531_152452,clip_100,1,rest,,2.0993,1178891.0,raspberry_pi_seeed_gsr,"1178891,2.0993"
2026-05-31T15:25:05.451,test67,self_20260531_152452,clip_100,1,rest,,2.0864,1178912.0,raspberry_pi_seeed_gsr,"1178912,2.0864"
2026-05-31T15:25:05.472,test67,self_20260531_152452,clip_100,1,rest,,2.1065,1178933.0,raspberry_pi_seeed_gsr,"1178933,2.1065"
2026-05-31T15:25:05.493,test67,self_20260531_152452,clip_100,1,rest,,2.0993,1178954.0,raspberry_pi_seeed_gsr,"1178954,2.0993"
2026-05-31T15:25:05.514,test67,self_20260531_152452,clip_100,1,rest,,2.0993,1178975.0,raspberry_pi_seeed_gsr,"1178975,2.0993"
2026-05-31T15:25:05.535,test67,self_20260531_152452,clip_100,1,rest,,2.1033,1178996.0,raspberry_pi_seeed_gsr,"1178996,2.1033"
2026-05-31T15:25:05.556,test67,self_20260531_152452,clip_100,1,rest,,2.1057,1179017.0,raspberry_pi_seeed_gsr,"1179017,2.1057"
2026-05-31T15:25:05.577,test67,self_20260531_152452,clip_100,1,rest,,2.1001,1179038.0,raspberry_pi_seeed_gsr,"1179038,2.1001"
2026-05-31T15:25:05.598,test67,self_20260531_152452,clip_100,1,rest,,2.109,1179059.0,raspberry_pi_seeed_gsr,"1179059,2.1090"
2026-05-31T15:25:05.619,test67,self_20260531_152452,clip_100,1,rest,,2.1049,1179080.0,raspberry_pi_seeed_gsr,"1179080,2.1049"
2026-05-31T15:25:05.640,test67,self_20260531_152452,clip_100,1,rest,,2.0977,1179101.0,raspberry_pi_seeed_gsr,"1179101,2.0977"
2026-05-31T15:25:05.661,test67,self_20260531_152452,clip_100,1,rest,,2.1017,1179122.0,raspberry_pi_seeed_gsr,"1179122,2.1017"
2026-05-31T15:25:05.682,test67,self_20260531_152452,clip_100,1,rest,,2.0993,1179143.0,raspberry_pi_seeed_gsr,"1179143,2.0993"
2026-05-31T15:25:05.703,test67,self_20260531_152452,clip_100,1,rest,,2.1033,1179164.0,raspberry_pi_seeed_gsr,"1179164,2.1033"
2026-05-31T15:25:05.724,test67,self_20260531_152452,clip_100,1,rest,,2.1033,1179185.0,raspberry_pi_seeed_gsr,"1179185,2.1033"
2026-05-31T15:25:05.745,test67,self_20260531_152452,clip_100,1,rest,,2.0977,1179206.0,raspberry_pi_seeed_gsr,"1179206,2.0977"
2026-05-31T15:25:05.766,test67,self_20260531_152452,clip_100,1,rest,,2.0985,1179227.0,raspberry_pi_seeed_gsr,"1179227,2.0985"
2026-05-31T15:25:05.787,test67,self_20260531_152452,clip_100,1,rest,,2.1082,1179248.0,raspberry_pi_seeed_gsr,"1179248,2.1082"
2026-05-31T15:25:05.808,test67,self_20260531_152452,clip_100,1,rest,,2.0993,1179269.0,raspberry_pi_seeed_gsr,"1179269,2.0993"
2026-05-31T15:25:05.829,test67,self_20260531_152452,clip_100,1,rest,,2.0985,1179290.0,raspberry_pi_seeed_gsr,"1179290,2.0985"
2026-05-31T15:25:05.850,test67,self_20260531_152452,clip_100,1,rest,,2.0872,1179311.0,raspberry_pi_seeed_gsr,"1179311,2.0872"
2026-05-31T15:25:05.871,test67,self_20260531_152452,clip_100,1,rest,,2.0993,1179332.0,raspberry_pi_seeed_gsr,"1179332,2.0993"
2026-05-31T15:25:05.892,test67,self_20260531_152452,clip_100,1,rest,,2.1017,1179353.0,raspberry_pi_seeed_gsr,"1179353,2.1017"
2026-05-31T15:25:05.913,test67,self_20260531_152452,clip_100,1,rest,,2.1041,1179374.0,raspberry_pi_seeed_gsr,"1179374,2.1041"
2026-05-31T15:25:05.934,test67,self_20260531_152452,clip_100,1,rest,,2.1025,1179395.0,raspberry_pi_seeed_gsr,"1179395,2.1025"
2026-05-31T15:25:05.955,test67,self_20260531_152452,clip_100,1,rest,,2.0961,1179416.0,raspberry_pi_seeed_gsr,"1179416,2.0961"
2026-05-31T15:25:05.976,test67,self_20260531_152452,clip_100,1,rest,,2.1049,1179437.0,raspberry_pi_seeed_gsr,"1179437,2.1049"
2026-05-31T15:25:05.997,test67,self_20260531_152452,clip_100,1,rest,,2.1025,1179458.0,raspberry_pi_seeed_gsr,"1179458,2.1025"
2026-05-31T15:25:06.018,test67,self_20260531_152452,clip_100,1,rest,,2.0977,1179479.0,raspberry_pi_seeed_gsr,"1179479,2.0977"
2026-05-31T15:25:06.039,test67,self_20260531_152452,clip_100,1,rest,,2.0993,1179500.0,raspberry_pi_seeed_gsr,"1179500,2.0993"
2026-05-31T15:25:06.060,test67,self_20260531_152452,clip_100,1,rest,,2.1017,1179521.0,raspberry_pi_seeed_gsr,"1179521,2.1017"
2026-05-31T15:25:06.081,test67,self_20260531_152452,clip_100,1,rest,,2.1017,1179542.0,raspberry_pi_seeed_gsr,"1179542,2.1017"
2026-05-31T15:25:06.103,test67,self_20260531_152452,clip_100,1,rest,,2.0985,1179563.0,raspberry_pi_seeed_gsr,"1179563,2.0985"
2026-05-31T15:25:06.123,test67,self_20260531_152452,clip_100,1,rest,,2.1001,1179584.0,raspberry_pi_seeed_gsr,"1179584,2.1001"
2026-05-31T15:25:06.144,test67,self_20260531_152452,clip_100,1,rest,,2.0993,1179605.0,raspberry_pi_seeed_gsr,"1179605,2.0993"
2026-05-31T15:25:06.165,test67,self_20260531_152452,clip_100,1,rest,,2.1283,1179626.0,raspberry_pi_seeed_gsr,"1179626,2.1283"
2026-05-31T15:25:06.186,test67,self_20260531_152452,clip_100,1,rest,,2.1001,1179647.0,raspberry_pi_seeed_gsr,"1179647,2.1001"
2026-05-31T15:25:06.207,test67,self_20260531_152452,clip_100,1,rest,,2.0993,1179668.0,raspberry_pi_seeed_gsr,"1179668,2.0993"
2026-05-31T15:25:06.228,test67,self_20260531_152452,clip_100,1,rest,,2.0985,1179689.0,raspberry_pi_seeed_gsr,"1179689,2.0985"
2026-05-31T15:25:06.249,test67,self_20260531_152452,clip_100,1,rest,,2.1106,1179710.0,raspberry_pi_seeed_gsr,"1179710,2.1106"
2026-05-31T15:25:06.270,test67,self_20260531_152452,clip_100,1,rest,,2.092,1179731.0,raspberry_pi_seeed_gsr,"1179731,2.0920"
2026-05-31T15:25:06.291,test67,self_20260531_152452,clip_100,1,rest,,2.1033,1179752.0,raspberry_pi_seeed_gsr,"1179752,2.1033"
2026-05-31T15:25:06.313,test67,self_20260531_152452,clip_100,1,rest,,2.0928,1179773.0,raspberry_pi_seeed_gsr,"1179773,2.0928"
2026-05-31T15:25:06.333,test67,self_20260531_152452,clip_100,1,rest,,2.0977,1179794.0,raspberry_pi_seeed_gsr,"1179794,2.0977"
2026-05-31T15:25:06.354,test67,self_20260531_152452,clip_100,1,rest,,2.1033,1179815.0,raspberry_pi_seeed_gsr,"1179815,2.1033"
2026-05-31T15:25:06.375,test67,self_20260531_152452,clip_100,1,rest,,2.1114,1179836.0,raspberry_pi_seeed_gsr,"1179836,2.1114"
2026-05-31T15:25:06.396,test67,self_20260531_152452,clip_100,1,rest,,2.0985,1179857.0,raspberry_pi_seeed_gsr,"1179857,2.0985"
2026-05-31T15:25:06.417,test67,self_20260531_152452,clip_100,1,rest,,2.0969,1179878.0,raspberry_pi_seeed_gsr,"1179878,2.0969"
2026-05-31T15:25:06.438,test67,self_20260531_152452,clip_100,1,rest,,2.0985,1179899.0,raspberry_pi_seeed_gsr,"1179899,2.0985"
2026-05-31T15:25:06.459,test67,self_20260531_152452,clip_100,1,rest,,2.1098,1179920.0,raspberry_pi_seeed_gsr,"1179920,2.1098"
2026-05-31T15:25:06.480,test67,self_20260531_152452,clip_100,1,rest,,2.0735,1179941.0,raspberry_pi_seeed_gsr,"1179941,2.0735"
2026-05-31T15:25:06.501,test67,self_20260531_152452,clip_100,1,rest,,2.0985,1179962.0,raspberry_pi_seeed_gsr,"1179962,2.0985"
2026-05-31T15:25:06.522,test67,self_20260531_152452,clip_100,1,rest,,2.0928,1179983.0,raspberry_pi_seeed_gsr,"1179983,2.0928"
2026-05-31T15:25:06.543,test67,self_20260531_152452,clip_100,1,rest,,2.1041,1180004.0,raspberry_pi_seeed_gsr,"1180004,2.1041"
2026-05-31T15:25:06.564,test67,self_20260531_152452,clip_100,1,rest,,2.1041,1180025.0,raspberry_pi_seeed_gsr,"1180025,2.1041"
2026-05-31T15:25:06.585,test67,self_20260531_152452,clip_100,1,rest,,2.1082,1180046.0,raspberry_pi_seeed_gsr,"1180046,2.1082"
2026-05-31T15:25:06.606,test67,self_20260531_152452,clip_100,1,rest,,2.0985,1180067.0,raspberry_pi_seeed_gsr,"1180067,2.0985"
2026-05-31T15:25:06.627,test67,self_20260531_152452,clip_100,1,rest,,2.0953,1180088.0,raspberry_pi_seeed_gsr,"1180088,2.0953"
2026-05-31T15:25:06.648,test67,self_20260531_152452,clip_100,1,rest,,2.1033,1180109.0,raspberry_pi_seeed_gsr,"1180109,2.1033"
2026-05-31T15:25:06.669,test67,self_20260531_152452,clip_100,1,rest,,2.1033,1180130.0,raspberry_pi_seeed_gsr,"1180130,2.1033"
2026-05-31T15:25:06.690,test67,self_20260531_152452,clip_100,1,rest,,2.1009,1180151.0,raspberry_pi_seeed_gsr,"1180151,2.1009"
2026-05-31T15:25:06.711,test67,self_20260531_152452,clip_100,1,rest,,2.0937,1180172.0,raspberry_pi_seeed_gsr,"1180172,2.0937"
2026-05-31T15:25:06.732,test67,self_20260531_152452,clip_100,1,rest,,2.0985,1180193.0,raspberry_pi_seeed_gsr,"1180193,2.0985"
2026-05-31T15:25:06.753,test67,self_20260531_152452,clip_100,1,rest,,2.0928,1180214.0,raspberry_pi_seeed_gsr,"1180214,2.0928"
2026-05-31T15:25:06.774,test67,self_20260531_152452,clip_100,1,rest,,2.092,1180235.0,raspberry_pi_seeed_gsr,"1180235,2.0920"
2026-05-31T15:25:06.795,test67,self_20260531_152452,clip_100,1,rest,,2.0953,1180256.0,raspberry_pi_seeed_gsr,"1180256,2.0953"
2026-05-31T15:25:06.816,test67,self_20260531_152452,clip_100,1,rest,,2.0993,1180277.0,raspberry_pi_seeed_gsr,"1180277,2.0993"
2026-05-31T15:25:06.837,test67,self_20260531_152452,clip_100,1,rest,,2.0993,1180298.0,raspberry_pi_seeed_gsr,"1180298,2.0993"
2026-05-31T15:25:06.858,test67,self_20260531_152452,clip_100,1,rest,,2.0953,1180319.0,raspberry_pi_seeed_gsr,"1180319,2.0953"
2026-05-31T15:25:06.879,test67,self_20260531_152452,clip_100,1,rest,,2.1025,1180340.0,raspberry_pi_seeed_gsr,"1180340,2.1025"
2026-05-31T15:25:06.900,test67,self_20260531_152452,clip_100,1,rest,,2.0985,1180361.0,raspberry_pi_seeed_gsr,"1180361,2.0985"
2026-05-31T15:25:06.921,test67,self_20260531_152452,clip_100,1,rest,,2.0969,1180382.0,raspberry_pi_seeed_gsr,"1180382,2.0969"
2026-05-31T15:25:06.942,test67,self_20260531_152452,clip_100,1,rest,,2.0993,1180403.0,raspberry_pi_seeed_gsr,"1180403,2.0993"
2026-05-31T15:25:06.963,test67,self_20260531_152452,clip_100,1,rest,,2.0969,1180424.0,raspberry_pi_seeed_gsr,"1180424,2.0969"
2026-05-31T15:25:06.984,test67,self_20260531_152452,clip_100,1,rest,,2.1049,1180445.0,raspberry_pi_seeed_gsr,"1180445,2.1049"
2026-05-31T15:25:07.005,test67,self_20260531_152452,clip_100,1,rest,,2.0977,1180466.0,raspberry_pi_seeed_gsr,"1180466,2.0977"
2026-05-31T15:25:07.026,test67,self_20260531_152452,clip_100,1,rest,,2.0993,1180487.0,raspberry_pi_seeed_gsr,"1180487,2.0993"
2026-05-31T15:25:07.047,test67,self_20260531_152452,clip_100,1,rest,,2.1041,1180508.0,raspberry_pi_seeed_gsr,"1180508,2.1041"
2026-05-31T15:25:07.068,test67,self_20260531_152452,clip_100,1,rest,,2.1033,1180529.0,raspberry_pi_seeed_gsr,"1180529,2.1033"
2026-05-31T15:25:07.089,test67,self_20260531_152452,clip_100,1,rest,,2.0856,1180550.0,raspberry_pi_seeed_gsr,"1180550,2.0856"
2026-05-31T15:25:07.110,test67,self_20260531_152452,clip_100,1,rest,,2.0953,1180571.0,raspberry_pi_seeed_gsr,"1180571,2.0953"
2026-05-31T15:25:07.131,test67,self_20260531_152452,clip_100,1,rest,,2.1065,1180592.0,raspberry_pi_seeed_gsr,"1180592,2.1065"
2026-05-31T15:25:07.153,test67,self_20260531_152452,clip_100,1,rest,,2.0977,1180613.0,raspberry_pi_seeed_gsr,"1180613,2.0977"
2026-05-31T15:25:07.173,test67,self_20260531_152452,clip_100,1,rest,,2.0977,1180634.0,raspberry_pi_seeed_gsr,"1180634,2.0977"
2026-05-31T15:25:07.194,test67,self_20260531_152452,clip_100,1,rest,,2.0993,1180655.0,raspberry_pi_seeed_gsr,"1180655,2.0993"
2026-05-31T15:25:07.215,test67,self_20260531_152452,clip_100,1,rest,,2.0993,1180676.0,raspberry_pi_seeed_gsr,"1180676,2.0993"
2026-05-31T15:25:07.236,test67,self_20260531_152452,clip_100,1,rest,,2.0928,1180697.0,raspberry_pi_seeed_gsr,"1180697,2.0928"
2026-05-31T15:25:07.257,test67,self_20260531_152452,clip_100,1,rest,,2.0977,1180718.0,raspberry_pi_seeed_gsr,"1180718,2.0977"
2026-05-31T15:25:07.278,test67,self_20260531_152452,clip_100,1,rest,,2.0985,1180739.0,raspberry_pi_seeed_gsr,"1180739,2.0985"
2026-05-31T15:25:07.299,test67,self_20260531_152452,clip_100,1,rest,,2.1001,1180760.0,raspberry_pi_seeed_gsr,"1180760,2.1001"
2026-05-31T15:25:07.320,test67,self_20260531_152452,clip_100,1,rest,,2.0977,1180781.0,raspberry_pi_seeed_gsr,"1180781,2.0977"
2026-05-31T15:25:07.341,test67,self_20260531_152452,clip_100,1,rest,,2.0985,1180802.0,raspberry_pi_seeed_gsr,"1180802,2.0985"
2026-05-31T15:25:07.362,test67,self_20260531_152452,clip_100,1,rest,,2.1025,1180823.0,raspberry_pi_seeed_gsr,"1180823,2.1025"
2026-05-31T15:25:07.383,test67,self_20260531_152452,clip_100,1,rest,,2.0985,1180844.0,raspberry_pi_seeed_gsr,"1180844,2.0985"
2026-05-31T15:25:07.404,test67,self_20260531_152452,clip_100,1,rest,,2.0969,1180865.0,raspberry_pi_seeed_gsr,"1180865,2.0969"
2026-05-31T15:25:07.425,test67,self_20260531_152452,clip_100,1,rest,,2.1098,1180886.0,raspberry_pi_seeed_gsr,"1180886,2.1098"
2026-05-31T15:25:07.446,test67,self_20260531_152452,clip_100,1,rest,,2.0904,1180907.0,raspberry_pi_seeed_gsr,"1180907,2.0904"
2026-05-31T15:25:07.467,test67,self_20260531_152452,clip_100,1,rest,,2.1509,1180928.0,raspberry_pi_seeed_gsr,"1180928,2.1509"
2026-05-31T15:25:07.488,test67,self_20260531_152452,clip_100,1,rest,,2.0977,1180949.0,raspberry_pi_seeed_gsr,"1180949,2.0977"
2026-05-31T15:25:07.509,test67,self_20260531_152452,clip_100,1,rest,,2.0759,1180970.0,raspberry_pi_seeed_gsr,"1180970,2.0759"
2026-05-31T15:25:07.530,test67,self_20260531_152452,clip_100,1,rest,,2.0993,1180991.0,raspberry_pi_seeed_gsr,"1180991,2.0993"
2026-05-31T15:25:07.551,test67,self_20260531_152452,clip_100,1,rest,,2.0993,1181012.0,raspberry_pi_seeed_gsr,"1181012,2.0993"
2026-05-31T15:25:07.572,test67,self_20260531_152452,clip_100,1,rest,,2.0928,1181033.0,raspberry_pi_seeed_gsr,"1181033,2.0928"
2026-05-31T15:25:07.593,test67,self_20260531_152452,clip_100,1,rest,,2.1009,1181054.0,raspberry_pi_seeed_gsr,"1181054,2.1009"
2026-05-31T15:25:07.614,test67,self_20260531_152452,clip_100,1,rest,,2.0928,1181075.0,raspberry_pi_seeed_gsr,"1181075,2.0928"
2026-05-31T15:25:07.635,test67,self_20260531_152452,clip_100,1,rest,,2.0937,1181096.0,raspberry_pi_seeed_gsr,"1181096,2.0937"
2026-05-31T15:25:07.656,test67,self_20260531_152452,clip_100,1,rest,,2.1025,1181117.0,raspberry_pi_seeed_gsr,"1181117,2.1025"
2026-05-31T15:25:07.677,test67,self_20260531_152452,clip_100,1,rest,,2.1001,1181138.0,raspberry_pi_seeed_gsr,"1181138,2.1001"
2026-05-31T15:25:07.698,test67,self_20260531_152452,clip_100,1,rest,,2.0985,1181159.0,raspberry_pi_seeed_gsr,"1181159,2.0985"
2026-05-31T15:25:07.720,test67,self_20260531_152452,clip_100,1,rest,,2.1017,1181180.0,raspberry_pi_seeed_gsr,"1181180,2.1017"
2026-05-31T15:25:07.740,test67,self_20260531_152452,clip_100,1,rest,,2.0985,1181201.0,raspberry_pi_seeed_gsr,"1181201,2.0985"
2026-05-31T15:25:07.761,test67,self_20260531_152452,clip_100,1,rest,,2.1065,1181222.0,raspberry_pi_seeed_gsr,"1181222,2.1065"
2026-05-31T15:25:07.782,test67,self_20260531_152452,clip_100,1,rest,,2.1001,1181243.0,raspberry_pi_seeed_gsr,"1181243,2.1001"
2026-05-31T15:25:07.803,test67,self_20260531_152452,clip_100,1,rest,,2.0985,1181264.0,raspberry_pi_seeed_gsr,"1181264,2.0985"
2026-05-31T15:25:07.824,test67,self_20260531_152452,clip_100,1,rest,,2.0912,1181285.0,raspberry_pi_seeed_gsr,"1181285,2.0912"
2026-05-31T15:25:07.845,test67,self_20260531_152452,clip_100,1,rest,,2.0977,1181306.0,raspberry_pi_seeed_gsr,"1181306,2.0977"
2026-05-31T15:25:07.866,test67,self_20260531_152452,clip_100,1,rest,,2.0969,1181327.0,raspberry_pi_seeed_gsr,"1181327,2.0969"
2026-05-31T15:25:07.887,test67,self_20260531_152452,clip_100,1,rest,,2.1009,1181348.0,raspberry_pi_seeed_gsr,"1181348,2.1009"
2026-05-31T15:25:07.908,test67,self_20260531_152452,clip_100,1,rest,,2.1001,1181369.0,raspberry_pi_seeed_gsr,"1181369,2.1001"
2026-05-31T15:25:07.929,test67,self_20260531_152452,clip_100,1,rest,,2.0985,1181390.0,raspberry_pi_seeed_gsr,"1181390,2.0985"
2026-05-31T15:25:07.950,test67,self_20260531_152452,clip_100,1,rest,,2.0985,1181411.0,raspberry_pi_seeed_gsr,"1181411,2.0985"
2026-05-31T15:25:07.971,test67,self_20260531_152452,clip_100,1,rest,,2.0993,1181432.0,raspberry_pi_seeed_gsr,"1181432,2.0993"
2026-05-31T15:25:07.992,test67,self_20260531_152452,clip_100,1,rest,,2.109,1181453.0,raspberry_pi_seeed_gsr,"1181453,2.1090"
2026-05-31T15:25:08.013,test67,self_20260531_152452,clip_100,1,rest,,2.0993,1181474.0,raspberry_pi_seeed_gsr,"1181474,2.0993"
2026-05-31T15:25:08.034,test67,self_20260531_152452,clip_100,1,rest,,2.1001,1181495.0,raspberry_pi_seeed_gsr,"1181495,2.1001"
2026-05-31T15:25:08.055,test67,self_20260531_152452,clip_100,1,rest,,2.1001,1181516.0,raspberry_pi_seeed_gsr,"1181516,2.1001"
2026-05-31T15:25:08.076,test67,self_20260531_152452,clip_100,1,rest,,2.0977,1181537.0,raspberry_pi_seeed_gsr,"1181537,2.0977"
2026-05-31T15:25:08.097,test67,self_20260531_152452,clip_100,1,rest,,2.0993,1181558.0,raspberry_pi_seeed_gsr,"1181558,2.0993"
2026-05-31T15:25:08.118,test67,self_20260531_152452,clip_100,1,rest,,2.0937,1181579.0,raspberry_pi_seeed_gsr,"1181579,2.0937"
2026-05-31T15:25:08.139,test67,self_20260531_152452,clip_100,1,rest,,2.0961,1181600.0,raspberry_pi_seeed_gsr,"1181600,2.0961"
2026-05-31T15:25:08.161,test67,self_20260531_152452,clip_100,1,rest,,2.1412,1181621.0,raspberry_pi_seeed_gsr,"1181621,2.1412"
2026-05-31T15:25:08.181,test67,self_20260531_152452,clip_100,1,rest,,2.0961,1181642.0,raspberry_pi_seeed_gsr,"1181642,2.0961"
2026-05-31T15:25:08.202,test67,self_20260531_152452,clip_100,1,rest,,2.0977,1181663.0,raspberry_pi_seeed_gsr,"1181663,2.0977"
2026-05-31T15:25:08.223,test67,self_20260531_152452,clip_100,1,rest,,2.0993,1181684.0,raspberry_pi_seeed_gsr,"1181684,2.0993"
2026-05-31T15:25:08.244,test67,self_20260531_152452,clip_100,1,rest,,2.0953,1181705.0,raspberry_pi_seeed_gsr,"1181705,2.0953"
2026-05-31T15:25:08.265,test67,self_20260531_152452,clip_100,1,rest,,2.1017,1181726.0,raspberry_pi_seeed_gsr,"1181726,2.1017"
2026-05-31T15:25:08.286,test67,self_20260531_152452,clip_100,1,rest,,2.0993,1181747.0,raspberry_pi_seeed_gsr,"1181747,2.0993"
2026-05-31T15:25:08.307,test67,self_20260531_152452,clip_100,1,rest,,2.1025,1181768.0,raspberry_pi_seeed_gsr,"1181768,2.1025"
2026-05-31T15:25:08.328,test67,self_20260531_152452,clip_100,1,rest,,2.0977,1181789.0,raspberry_pi_seeed_gsr,"1181789,2.0977"
2026-05-31T15:25:08.349,test67,self_20260531_152452,clip_100,1,rest,,2.1057,1181810.0,raspberry_pi_seeed_gsr,"1181810,2.1057"
2026-05-31T15:25:08.370,test67,self_20260531_152452,clip_100,1,rest,,2.1033,1181831.0,raspberry_pi_seeed_gsr,"1181831,2.1033"
2026-05-31T15:25:08.391,test67,self_20260531_152452,clip_100,1,rest,,2.1057,1181852.0,raspberry_pi_seeed_gsr,"1181852,2.1057"
2026-05-31T15:25:08.412,test67,self_20260531_152452,clip_100,1,rest,,2.0888,1181873.0,raspberry_pi_seeed_gsr,"1181873,2.0888"
2026-05-31T15:25:08.433,test67,self_20260531_152452,clip_100,1,rest,,2.0977,1181894.0,raspberry_pi_seeed_gsr,"1181894,2.0977"
2026-05-31T15:25:08.454,test67,self_20260531_152452,clip_100,1,rest,,2.0977,1181915.0,raspberry_pi_seeed_gsr,"1181915,2.0977"
2026-05-31T15:25:08.475,test67,self_20260531_152452,clip_100,1,rest,,2.0969,1181936.0,raspberry_pi_seeed_gsr,"1181936,2.0969"
2026-05-31T15:25:08.496,test67,self_20260531_152452,clip_100,1,rest,,2.0985,1181957.0,raspberry_pi_seeed_gsr,"1181957,2.0985"
2026-05-31T15:25:08.517,test67,self_20260531_152452,clip_100,1,rest,,2.0856,1181978.0,raspberry_pi_seeed_gsr,"1181978,2.0856"
2026-05-31T15:25:08.538,test67,self_20260531_152452,clip_100,1,rest,,2.1025,1181999.0,raspberry_pi_seeed_gsr,"1181999,2.1025"
2026-05-31T15:25:08.559,test67,self_20260531_152452,clip_100,1,rest,,2.0969,1182020.0,raspberry_pi_seeed_gsr,"1182020,2.0969"
2026-05-31T15:25:08.580,test67,self_20260531_152452,clip_100,1,rest,,2.0977,1182041.0,raspberry_pi_seeed_gsr,"1182041,2.0977"
2026-05-31T15:25:08.601,test67,self_20260531_152452,clip_100,1,rest,,2.0985,1182062.0,raspberry_pi_seeed_gsr,"1182062,2.0985"
2026-05-31T15:25:08.622,test67,self_20260531_152452,clip_100,1,rest,,2.1001,1182083.0,raspberry_pi_seeed_gsr,"1182083,2.1001"
2026-05-31T15:25:08.643,test67,self_20260531_152452,clip_100,1,rest,,2.0993,1182104.0,raspberry_pi_seeed_gsr,"1182104,2.0993"
2026-05-31T15:25:08.664,test67,self_20260531_152452,clip_100,1,rest,,2.0977,1182125.0,raspberry_pi_seeed_gsr,"1182125,2.0977"
2026-05-31T15:25:08.685,test67,self_20260531_152452,clip_100,1,rest,,2.1001,1182146.0,raspberry_pi_seeed_gsr,"1182146,2.1001"
2026-05-31T15:25:08.706,test67,self_20260531_152452,clip_100,1,rest,,2.0969,1182167.0,raspberry_pi_seeed_gsr,"1182167,2.0969"
2026-05-31T15:25:08.728,test67,self_20260531_152452,clip_100,1,rest,,2.0969,1182188.0,raspberry_pi_seeed_gsr,"1182188,2.0969"
2026-05-31T15:25:08.748,test67,self_20260531_152452,clip_100,1,rest,,2.0985,1182209.0,raspberry_pi_seeed_gsr,"1182209,2.0985"
2026-05-31T15:25:08.769,test67,self_20260531_152452,clip_100,1,rest,,2.0912,1182230.0,raspberry_pi_seeed_gsr,"1182230,2.0912"
2026-05-31T15:25:08.790,test67,self_20260531_152452,clip_100,1,rest,,2.0969,1182251.0,raspberry_pi_seeed_gsr,"1182251,2.0969"
2026-05-31T15:25:08.811,test67,self_20260531_152452,clip_100,1,rest,,2.1009,1182272.0,raspberry_pi_seeed_gsr,"1182272,2.1009"
2026-05-31T15:25:08.832,test67,self_20260531_152452,clip_100,1,rest,,2.0977,1182293.0,raspberry_pi_seeed_gsr,"1182293,2.0977"
2026-05-31T15:25:08.853,test67,self_20260531_152452,clip_100,1,rest,,2.1065,1182314.0,raspberry_pi_seeed_gsr,"1182314,2.1065"
2026-05-31T15:25:08.874,test67,self_20260531_152452,clip_100,1,rest,,2.0945,1182335.0,raspberry_pi_seeed_gsr,"1182335,2.0945"
2026-05-31T15:25:08.895,test67,self_20260531_152452,clip_100,1,rest,,2.0985,1182356.0,raspberry_pi_seeed_gsr,"1182356,2.0985"
2026-05-31T15:25:08.917,test67,self_20260531_152452,clip_100,1,rest,,2.1025,1182377.0,raspberry_pi_seeed_gsr,"1182377,2.1025"
2026-05-31T15:25:08.937,test67,self_20260531_152452,clip_100,1,rest,,2.1001,1182398.0,raspberry_pi_seeed_gsr,"1182398,2.1001"
2026-05-31T15:25:08.958,test67,self_20260531_152452,clip_100,1,rest,,2.1001,1182419.0,raspberry_pi_seeed_gsr,"1182419,2.1001"
2026-05-31T15:25:08.979,test67,self_20260531_152452,clip_100,1,rest,,2.0928,1182440.0,raspberry_pi_seeed_gsr,"1182440,2.0928"
2026-05-31T15:25:09.000,test67,self_20260531_152452,clip_100,1,rest,,2.1041,1182461.0,raspberry_pi_seeed_gsr,"1182461,2.1041"
2026-05-31T15:25:09.021,test67,self_20260531_152452,clip_100,1,rest,,2.1098,1182482.0,raspberry_pi_seeed_gsr,"1182482,2.1098"
2026-05-31T15:25:09.042,test67,self_20260531_152452,clip_100,1,rest,,2.0993,1182503.0,raspberry_pi_seeed_gsr,"1182503,2.0993"
2026-05-31T15:25:09.063,test67,self_20260531_152452,clip_100,1,rest,,2.0961,1182524.0,raspberry_pi_seeed_gsr,"1182524,2.0961"
2026-05-31T15:25:09.084,test67,self_20260531_152452,clip_100,1,rest,,2.0985,1182545.0,raspberry_pi_seeed_gsr,"1182545,2.0985"
2026-05-31T15:25:09.105,test67,self_20260531_152452,clip_100,1,rest,,2.0961,1182566.0,raspberry_pi_seeed_gsr,"1182566,2.0961"
2026-05-31T15:25:09.126,test67,self_20260531_152452,clip_100,1,rest,,2.0937,1182587.0,raspberry_pi_seeed_gsr,"1182587,2.0937"
2026-05-31T15:25:09.147,test67,self_20260531_152452,clip_100,1,rest,,2.0848,1182608.0,raspberry_pi_seeed_gsr,"1182608,2.0848"
2026-05-31T15:25:09.168,test67,self_20260531_152452,clip_100,1,rest,,2.0961,1182629.0,raspberry_pi_seeed_gsr,"1182629,2.0961"
2026-05-31T15:25:09.189,test67,self_20260531_152452,clip_100,1,rest,,2.0977,1182650.0,raspberry_pi_seeed_gsr,"1182650,2.0977"
2026-05-31T15:25:09.241,test67,self_20260531_152452,clip_100,1,rest,,2.0985,1182671.0,raspberry_pi_seeed_gsr,"1182671,2.0985"
2026-05-31T15:25:09.241,test67,self_20260531_152452,clip_100,1,rest,,2.1017,1182692.0,raspberry_pi_seeed_gsr,"1182692,2.1017"
2026-05-31T15:25:09.252,test67,self_20260531_152452,clip_100,1,rest,,2.0969,1182713.0,raspberry_pi_seeed_gsr,"1182713,2.0969"
2026-05-31T15:25:09.273,test67,self_20260531_152452,clip_100,1,rest,,2.0993,1182734.0,raspberry_pi_seeed_gsr,"1182734,2.0993"
2026-05-31T15:25:09.294,test67,self_20260531_152452,clip_100,1,rest,,2.1001,1182755.0,raspberry_pi_seeed_gsr,"1182755,2.1001"
2026-05-31T15:25:09.315,test67,self_20260531_152452,clip_100,1,rest,,2.0977,1182776.0,raspberry_pi_seeed_gsr,"1182776,2.0977"
2026-05-31T15:25:09.336,test67,self_20260531_152452,clip_100,1,rest,,2.109,1182797.0,raspberry_pi_seeed_gsr,"1182797,2.1090"
2026-05-31T15:25:09.357,test67,self_20260531_152452,clip_100,1,rest,,2.0904,1182818.0,raspberry_pi_seeed_gsr,"1182818,2.0904"
2026-05-31T15:25:09.378,test67,self_20260531_152452,clip_100,1,rest,,2.0993,1182839.0,raspberry_pi_seeed_gsr,"1182839,2.0993"
2026-05-31T15:25:09.399,test67,self_20260531_152452,clip_100,1,rest,,2.1025,1182860.0,raspberry_pi_seeed_gsr,"1182860,2.1025"
2026-05-31T15:25:09.420,test67,self_20260531_152452,clip_100,1,rest,,2.1178,1182881.0,raspberry_pi_seeed_gsr,"1182881,2.1178"
2026-05-31T15:25:09.441,test67,self_20260531_152452,clip_100,1,rest,,2.1017,1182902.0,raspberry_pi_seeed_gsr,"1182902,2.1017"
2026-05-31T15:25:09.462,test67,self_20260531_152452,clip_100,1,rest,,2.1017,1182923.0,raspberry_pi_seeed_gsr,"1182923,2.1017"
2026-05-31T15:25:09.483,test67,self_20260531_152452,clip_100,1,rest,,2.0985,1182944.0,raspberry_pi_seeed_gsr,"1182944,2.0985"
2026-05-31T15:25:09.504,test67,self_20260531_152452,clip_100,1,rest,,2.1041,1182965.0,raspberry_pi_seeed_gsr,"1182965,2.1041"
2026-05-31T15:25:09.525,test67,self_20260531_152452,clip_100,1,rest,,2.0993,1182986.0,raspberry_pi_seeed_gsr,"1182986,2.0993"
2026-05-31T15:25:09.546,test67,self_20260531_152452,clip_100,1,rest,,2.1001,1183007.0,raspberry_pi_seeed_gsr,"1183007,2.1001"
2026-05-31T15:25:09.567,test67,self_20260531_152452,clip_100,1,rest,,2.0985,1183028.0,raspberry_pi_seeed_gsr,"1183028,2.0985"
2026-05-31T15:25:09.588,test67,self_20260531_152452,clip_100,1,rest,,2.1017,1183049.0,raspberry_pi_seeed_gsr,"1183049,2.1017"
2026-05-31T15:25:09.609,test67,self_20260531_152452,clip_100,1,rest,,2.0985,1183070.0,raspberry_pi_seeed_gsr,"1183070,2.0985"
2026-05-31T15:25:09.630,test67,self_20260531_152452,clip_100,1,rest,,2.1041,1183091.0,raspberry_pi_seeed_gsr,"1183091,2.1041"
2026-05-31T15:25:09.651,test67,self_20260531_152452,clip_100,1,rest,,2.1017,1183112.0,raspberry_pi_seeed_gsr,"1183112,2.1017"
2026-05-31T15:25:09.672,test67,self_20260531_152452,clip_100,1,rest,,2.0985,1183133.0,raspberry_pi_seeed_gsr,"1183133,2.0985"
2026-05-31T15:25:09.693,test67,self_20260531_152452,clip_100,1,rest,,2.1001,1183154.0,raspberry_pi_seeed_gsr,"1183154,2.1001"
2026-05-31T15:25:09.714,test67,self_20260531_152452,clip_100,1,rest,,2.0993,1183175.0,raspberry_pi_seeed_gsr,"1183175,2.0993"
2026-05-31T15:25:09.735,test67,self_20260531_152452,clip_100,1,rest,,2.0937,1183196.0,raspberry_pi_seeed_gsr,"1183196,2.0937"
2026-05-31T15:25:09.756,test67,self_20260531_152452,clip_100,1,rest,,2.0993,1183217.0,raspberry_pi_seeed_gsr,"1183217,2.0993"
2026-05-31T15:25:09.777,test67,self_20260531_152452,clip_100,1,rest,,2.0993,1183238.0,raspberry_pi_seeed_gsr,"1183238,2.0993"
2026-05-31T15:25:09.798,test67,self_20260531_152452,clip_100,1,rest,,2.1082,1183259.0,raspberry_pi_seeed_gsr,"1183259,2.1082"
2026-05-31T15:25:09.819,test67,self_20260531_152452,clip_100,1,rest,,2.0985,1183280.0,raspberry_pi_seeed_gsr,"1183280,2.0985"
2026-05-31T15:25:09.840,test67,self_20260531_152452,clip_100,1,rest,,2.0993,1183301.0,raspberry_pi_seeed_gsr,"1183301,2.0993"
2026-05-31T15:25:09.861,test67,self_20260531_152452,clip_100,1,rest,,2.0985,1183322.0,raspberry_pi_seeed_gsr,"1183322,2.0985"
2026-05-31T15:25:09.882,test67,self_20260531_152452,clip_100,1,rest,,2.0993,1183343.0,raspberry_pi_seeed_gsr,"1183343,2.0993"
2026-05-31T15:25:09.903,test67,self_20260531_152452,clip_100,1,rest,,2.0928,1183364.0,raspberry_pi_seeed_gsr,"1183364,2.0928"
2026-05-31T15:25:09.924,test67,self_20260531_152452,clip_100,1,rest,,2.1057,1183385.0,raspberry_pi_seeed_gsr,"1183385,2.1057"
2026-05-31T15:25:09.945,test67,self_20260531_152452,clip_100,1,rest,,2.0985,1183406.0,raspberry_pi_seeed_gsr,"1183406,2.0985"
2026-05-31T15:25:09.966,test67,self_20260531_152452,clip_100,1,rest,,2.1009,1183427.0,raspberry_pi_seeed_gsr,"1183427,2.1009"
2026-05-31T15:25:09.987,test67,self_20260531_152452,clip_100,1,rest,,2.0969,1183448.0,raspberry_pi_seeed_gsr,"1183448,2.0969"
2026-05-31T15:25:10.008,test67,self_20260531_152452,clip_100,1,rest,,2.092,1183469.0,raspberry_pi_seeed_gsr,"1183469,2.0920"
2026-05-31T15:25:10.029,test67,self_20260531_152452,clip_100,1,rest,,2.1082,1183490.0,raspberry_pi_seeed_gsr,"1183490,2.1082"
2026-05-31T15:25:10.050,test67,self_20260531_152452,clip_100,1,rest,,2.1009,1183511.0,raspberry_pi_seeed_gsr,"1183511,2.1009"
2026-05-31T15:25:10.071,test67,self_20260531_152452,clip_100,1,rest,,2.0993,1183532.0,raspberry_pi_seeed_gsr,"1183532,2.0993"
2026-05-31T15:25:10.092,test67,self_20260531_152452,clip_100,1,rest,,2.1001,1183553.0,raspberry_pi_seeed_gsr,"1183553,2.1001"
2026-05-31T15:25:10.113,test67,self_20260531_152452,clip_100,1,rest,,2.0969,1183574.0,raspberry_pi_seeed_gsr,"1183574,2.0969"
2026-05-31T15:25:10.134,test67,self_20260531_152452,clip_100,1,rest,,2.1009,1183595.0,raspberry_pi_seeed_gsr,"1183595,2.1009"
2026-05-31T15:25:10.155,test67,self_20260531_152452,clip_100,1,rest,,2.0937,1183616.0,raspberry_pi_seeed_gsr,"1183616,2.0937"
2026-05-31T15:25:10.176,test67,self_20260531_152452,clip_100,1,rest,,2.1025,1183637.0,raspberry_pi_seeed_gsr,"1183637,2.1025"
2026-05-31T15:25:10.197,test67,self_20260531_152452,clip_100,1,rest,,2.1412,1183658.0,raspberry_pi_seeed_gsr,"1183658,2.1412"
2026-05-31T15:25:10.219,test67,self_20260531_152452,clip_100,1,rest,,2.0993,1183679.0,raspberry_pi_seeed_gsr,"1183679,2.0993"
2026-05-31T15:25:10.239,test67,self_20260531_152452,clip_100,1,rest,,2.1001,1183700.0,raspberry_pi_seeed_gsr,"1183700,2.1001"
2026-05-31T15:25:10.260,test67,self_20260531_152452,clip_100,1,rest,,2.0993,1183721.0,raspberry_pi_seeed_gsr,"1183721,2.0993"
2026-05-31T15:25:10.281,test67,self_20260531_152452,clip_100,1,rest,,2.1001,1183742.0,raspberry_pi_seeed_gsr,"1183742,2.1001"
2026-05-31T15:25:10.302,test67,self_20260531_152452,clip_100,1,rest,,2.1001,1183763.0,raspberry_pi_seeed_gsr,"1183763,2.1001"
2026-05-31T15:25:10.323,test67,self_20260531_152452,clip_100,1,rest,,2.0977,1183784.0,raspberry_pi_seeed_gsr,"1183784,2.0977"
2026-05-31T15:25:10.344,test67,self_20260531_152452,clip_100,1,rest,,2.1009,1183805.0,raspberry_pi_seeed_gsr,"1183805,2.1009"
2026-05-31T15:25:10.366,test67,self_20260531_152452,clip_100,1,rest,,2.1001,1183826.0,raspberry_pi_seeed_gsr,"1183826,2.1001"
2026-05-31T15:25:10.386,test67,self_20260531_152452,clip_100,1,rest,,2.0985,1183847.0,raspberry_pi_seeed_gsr,"1183847,2.0985"
2026-05-31T15:25:10.407,test67,self_20260531_152452,clip_100,1,rest,,2.0985,1183868.0,raspberry_pi_seeed_gsr,"1183868,2.0985"
2026-05-31T15:25:10.428,test67,self_20260531_152452,clip_100,1,rest,,2.0985,1183889.0,raspberry_pi_seeed_gsr,"1183889,2.0985"
2026-05-31T15:25:10.449,test67,self_20260531_152452,clip_100,1,rest,,2.1033,1183910.0,raspberry_pi_seeed_gsr,"1183910,2.1033"
2026-05-31T15:25:10.470,test67,self_20260531_152452,clip_100,1,rest,,2.0904,1183931.0,raspberry_pi_seeed_gsr,"1183931,2.0904"
2026-05-31T15:25:10.491,test67,self_20260531_152452,clip_100,1,rest,,2.0993,1183952.0,raspberry_pi_seeed_gsr,"1183952,2.0993"
2026-05-31T15:25:10.512,test67,self_20260531_152452,clip_100,1,rest,,2.1025,1183973.0,raspberry_pi_seeed_gsr,"1183973,2.1025"
2026-05-31T15:25:10.533,test67,self_20260531_152452,clip_100,1,rest,,2.1041,1183994.0,raspberry_pi_seeed_gsr,"1183994,2.1041"
2026-05-31T15:25:10.554,test67,self_20260531_152452,clip_100,1,rest,,2.0904,1184015.0,raspberry_pi_seeed_gsr,"1184015,2.0904"
2026-05-31T15:25:10.575,test67,self_20260531_152452,clip_100,1,rest,,2.0993,1184036.0,raspberry_pi_seeed_gsr,"1184036,2.0993"
2026-05-31T15:25:10.596,test67,self_20260531_152452,clip_100,1,rest,,2.0928,1184057.0,raspberry_pi_seeed_gsr,"1184057,2.0928"
2026-05-31T15:25:10.617,test67,self_20260531_152452,clip_100,1,rest,,2.0985,1184078.0,raspberry_pi_seeed_gsr,"1184078,2.0985"
2026-05-31T15:25:10.638,test67,self_20260531_152452,clip_100,1,rest,,2.0961,1184099.0,raspberry_pi_seeed_gsr,"1184099,2.0961"
2026-05-31T15:25:10.659,test67,self_20260531_152452,clip_100,1,rest,,2.0985,1184120.0,raspberry_pi_seeed_gsr,"1184120,2.0985"
2026-05-31T15:25:10.680,test67,self_20260531_152452,clip_100,1,rest,,2.1001,1184141.0,raspberry_pi_seeed_gsr,"1184141,2.1001"
2026-05-31T15:25:10.701,test67,self_20260531_152452,clip_100,1,rest,,2.1017,1184162.0,raspberry_pi_seeed_gsr,"1184162,2.1017"
2026-05-31T15:25:10.722,test67,self_20260531_152452,clip_100,1,rest,,2.0993,1184183.0,raspberry_pi_seeed_gsr,"1184183,2.0993"
2026-05-31T15:25:10.743,test67,self_20260531_152452,clip_100,1,rest,,2.0969,1184204.0,raspberry_pi_seeed_gsr,"1184204,2.0969"
2026-05-31T15:25:10.764,test67,self_20260531_152452,clip_100,1,rest,,2.0993,1184225.0,raspberry_pi_seeed_gsr,"1184225,2.0993"
2026-05-31T15:25:10.785,test67,self_20260531_152452,clip_100,1,rest,,2.0985,1184246.0,raspberry_pi_seeed_gsr,"1184246,2.0985"
2026-05-31T15:25:10.806,test67,self_20260531_152452,clip_100,1,rest,,2.0961,1184267.0,raspberry_pi_seeed_gsr,"1184267,2.0961"
2026-05-31T15:25:10.827,test67,self_20260531_152452,clip_100,1,rest,,2.0977,1184288.0,raspberry_pi_seeed_gsr,"1184288,2.0977"
2026-05-31T15:25:10.848,test67,self_20260531_152452,clip_100,1,rest,,2.0985,1184309.0,raspberry_pi_seeed_gsr,"1184309,2.0985"
2026-05-31T15:25:10.870,test67,self_20260531_152452,clip_100,1,rest,,2.0953,1184330.0,raspberry_pi_seeed_gsr,"1184330,2.0953"
2026-05-31T15:25:10.890,test67,self_20260531_152452,clip_100,1,rest,,2.1009,1184351.0,raspberry_pi_seeed_gsr,"1184351,2.1009"
2026-05-31T15:25:10.911,test67,self_20260531_152452,clip_100,1,rest,,2.092,1184372.0,raspberry_pi_seeed_gsr,"1184372,2.0920"
2026-05-31T15:25:10.932,test67,self_20260531_152452,clip_100,1,rest,,2.0993,1184393.0,raspberry_pi_seeed_gsr,"1184393,2.0993"
2026-05-31T15:25:10.954,test67,self_20260531_152452,clip_100,1,rest,,2.0985,1184414.0,raspberry_pi_seeed_gsr,"1184414,2.0985"
2026-05-31T15:25:10.974,test67,self_20260531_152452,clip_100,1,rest,,2.0985,1184435.0,raspberry_pi_seeed_gsr,"1184435,2.0985"
2026-05-31T15:25:10.995,test67,self_20260531_152452,clip_100,1,rest,,2.0969,1184456.0,raspberry_pi_seeed_gsr,"1184456,2.0969"
2026-05-31T15:25:11.016,test67,self_20260531_152452,clip_100,1,rest,,2.0977,1184477.0,raspberry_pi_seeed_gsr,"1184477,2.0977"
2026-05-31T15:25:11.037,test67,self_20260531_152452,clip_100,1,rest,,2.0888,1184498.0,raspberry_pi_seeed_gsr,"1184498,2.0888"
2026-05-31T15:25:11.058,test67,self_20260531_152452,clip_100,1,rest,,2.0993,1184519.0,raspberry_pi_seeed_gsr,"1184519,2.0993"
2026-05-31T15:25:11.079,test67,self_20260531_152452,clip_100,1,rest,,2.0985,1184540.0,raspberry_pi_seeed_gsr,"1184540,2.0985"
2026-05-31T15:25:11.100,test67,self_20260531_152452,clip_100,1,rest,,2.0977,1184561.0,raspberry_pi_seeed_gsr,"1184561,2.0977"
2026-05-31T15:25:11.121,test67,self_20260531_152452,clip_100,1,rest,,2.109,1184582.0,raspberry_pi_seeed_gsr,"1184582,2.1090"
2026-05-31T15:25:11.142,test67,self_20260531_152452,clip_100,1,rest,,2.0953,1184603.0,raspberry_pi_seeed_gsr,"1184603,2.0953"
2026-05-31T15:25:11.163,test67,self_20260531_152452,clip_100,1,rest,,2.1065,1184624.0,raspberry_pi_seeed_gsr,"1184624,2.1065"
2026-05-31T15:25:11.184,test67,self_20260531_152452,clip_100,1,rest,,2.1001,1184645.0,raspberry_pi_seeed_gsr,"1184645,2.1001"
2026-05-31T15:25:11.205,test67,self_20260531_152452,clip_100,1,rest,,2.1017,1184666.0,raspberry_pi_seeed_gsr,"1184666,2.1017"
2026-05-31T15:25:11.226,test67,self_20260531_152452,clip_100,1,rest,,2.1001,1184687.0,raspberry_pi_seeed_gsr,"1184687,2.1001"
2026-05-31T15:25:11.247,test67,self_20260531_152452,clip_100,1,rest,,2.0969,1184708.0,raspberry_pi_seeed_gsr,"1184708,2.0969"
2026-05-31T15:25:11.268,test67,self_20260531_152452,clip_100,1,rest,,2.1001,1184729.0,raspberry_pi_seeed_gsr,"1184729,2.1001"
2026-05-31T15:25:11.289,test67,self_20260531_152452,clip_100,1,rest,,2.0993,1184750.0,raspberry_pi_seeed_gsr,"1184750,2.0993"
2026-05-31T15:25:11.310,test67,self_20260531_152452,clip_100,1,rest,,2.0977,1184771.0,raspberry_pi_seeed_gsr,"1184771,2.0977"
2026-05-31T15:25:11.331,test67,self_20260531_152452,clip_100,1,rest,,2.0953,1184792.0,raspberry_pi_seeed_gsr,"1184792,2.0953"
2026-05-31T15:25:11.352,test67,self_20260531_152452,clip_100,1,rest,,2.0985,1184813.0,raspberry_pi_seeed_gsr,"1184813,2.0985"
2026-05-31T15:25:11.373,test67,self_20260531_152452,clip_100,1,rest,,2.0985,1184834.0,raspberry_pi_seeed_gsr,"1184834,2.0985"
2026-05-31T15:25:11.395,test67,self_20260531_152452,clip_100,1,rest,,2.0977,1184855.0,raspberry_pi_seeed_gsr,"1184855,2.0977"
2026-05-31T15:25:11.415,test67,self_20260531_152452,clip_100,1,rest,,2.1009,1184876.0,raspberry_pi_seeed_gsr,"1184876,2.1009"
2026-05-31T15:25:11.436,test67,self_20260531_152452,clip_100,1,rest,,2.0912,1184897.0,raspberry_pi_seeed_gsr,"1184897,2.0912"
2026-05-31T15:25:11.457,test67,self_20260531_152452,clip_100,1,rest,,2.0937,1184918.0,raspberry_pi_seeed_gsr,"1184918,2.0937"
2026-05-31T15:25:11.478,test67,self_20260531_152452,clip_100,1,rest,,2.0993,1184939.0,raspberry_pi_seeed_gsr,"1184939,2.0993"
2026-05-31T15:25:11.499,test67,self_20260531_152452,clip_100,1,rest,,2.1001,1184960.0,raspberry_pi_seeed_gsr,"1184960,2.1001"
2026-05-31T15:25:11.520,test67,self_20260531_152452,clip_100,1,rest,,2.0985,1184981.0,raspberry_pi_seeed_gsr,"1184981,2.0985"
2026-05-31T15:25:11.541,test67,self_20260531_152452,clip_100,1,rest,,2.0904,1185002.0,raspberry_pi_seeed_gsr,"1185002,2.0904"
2026-05-31T15:25:11.562,test67,self_20260531_152452,clip_100,1,rest,,2.0961,1185023.0,raspberry_pi_seeed_gsr,"1185023,2.0961"
2026-05-31T15:25:11.583,test67,self_20260531_152452,clip_100,1,rest,,2.0977,1185044.0,raspberry_pi_seeed_gsr,"1185044,2.0977"
2026-05-31T15:25:11.604,test67,self_20260531_152452,clip_100,1,rest,,2.0993,1185065.0,raspberry_pi_seeed_gsr,"1185065,2.0993"
2026-05-31T15:25:11.625,test67,self_20260531_152452,clip_100,1,rest,,2.1106,1185086.0,raspberry_pi_seeed_gsr,"1185086,2.1106"
2026-05-31T15:25:11.646,test67,self_20260531_152452,clip_100,1,rest,,2.1025,1185107.0,raspberry_pi_seeed_gsr,"1185107,2.1025"
2026-05-31T15:25:11.667,test67,self_20260531_152452,clip_100,1,rest,,2.0985,1185128.0,raspberry_pi_seeed_gsr,"1185128,2.0985"
2026-05-31T15:25:11.688,test67,self_20260531_152452,clip_100,1,rest,,2.1033,1185149.0,raspberry_pi_seeed_gsr,"1185149,2.1033"
2026-05-31T15:25:11.709,test67,self_20260531_152452,clip_100,1,rest,,2.0993,1185170.0,raspberry_pi_seeed_gsr,"1185170,2.0993"
2026-05-31T15:25:11.730,test67,self_20260531_152452,clip_100,1,rest,,2.092,1185191.0,raspberry_pi_seeed_gsr,"1185191,2.0920"
2026-05-31T15:25:11.751,test67,self_20260531_152452,clip_100,1,rest,,2.1049,1185212.0,raspberry_pi_seeed_gsr,"1185212,2.1049"
2026-05-31T15:25:11.772,test67,self_20260531_152452,clip_100,1,rest,,2.1017,1185233.0,raspberry_pi_seeed_gsr,"1185233,2.1017"
2026-05-31T15:25:11.793,test67,self_20260531_152452,clip_100,1,rest,,2.0912,1185254.0,raspberry_pi_seeed_gsr,"1185254,2.0912"
2026-05-31T15:25:11.814,test67,self_20260531_152452,clip_100,1,rest,,2.1025,1185275.0,raspberry_pi_seeed_gsr,"1185275,2.1025"
2026-05-31T15:25:11.836,test67,self_20260531_152452,clip_100,1,rest,,2.0993,1185296.0,raspberry_pi_seeed_gsr,"1185296,2.0993"
2026-05-31T15:25:11.856,test67,self_20260531_152452,clip_100,1,rest,,2.1017,1185317.0,raspberry_pi_seeed_gsr,"1185317,2.1017"
2026-05-31T15:25:11.877,test67,self_20260531_152452,clip_100,1,rest,,2.0993,1185338.0,raspberry_pi_seeed_gsr,"1185338,2.0993"
2026-05-31T15:25:11.898,test67,self_20260531_152452,clip_100,1,rest,,2.0969,1185359.0,raspberry_pi_seeed_gsr,"1185359,2.0969"
2026-05-31T15:25:11.919,test67,self_20260531_152452,clip_100,1,rest,,2.1009,1185380.0,raspberry_pi_seeed_gsr,"1185380,2.1009"
2026-05-31T15:25:11.940,test67,self_20260531_152452,clip_100,1,rest,,2.1001,1185401.0,raspberry_pi_seeed_gsr,"1185401,2.1001"
2026-05-31T15:25:11.961,test67,self_20260531_152452,clip_100,1,rest,,2.0953,1185422.0,raspberry_pi_seeed_gsr,"1185422,2.0953"
2026-05-31T15:25:11.982,test67,self_20260531_152452,clip_100,1,rest,,2.1057,1185443.0,raspberry_pi_seeed_gsr,"1185443,2.1057"
2026-05-31T15:25:12.003,test67,self_20260531_152452,clip_100,1,rest,,2.0969,1185464.0,raspberry_pi_seeed_gsr,"1185464,2.0969"
2026-05-31T15:25:12.024,test67,self_20260531_152452,clip_100,1,rest,,2.0985,1185485.0,raspberry_pi_seeed_gsr,"1185485,2.0985"
2026-05-31T15:25:12.045,test67,self_20260531_152452,clip_100,1,rest,,2.0912,1185506.0,raspberry_pi_seeed_gsr,"1185506,2.0912"
2026-05-31T15:25:12.067,test67,self_20260531_152452,clip_100,1,rest,,2.0904,1185527.0,raspberry_pi_seeed_gsr,"1185527,2.0904"
2026-05-31T15:25:12.087,test67,self_20260531_152452,clip_100,1,rest,,2.0928,1185548.0,raspberry_pi_seeed_gsr,"1185548,2.0928"
2026-05-31T15:25:12.108,test67,self_20260531_152452,clip_100,1,rest,,2.1001,1185569.0,raspberry_pi_seeed_gsr,"1185569,2.1001"
2026-05-31T15:25:12.129,test67,self_20260531_152452,clip_100,1,rest,,2.0985,1185590.0,raspberry_pi_seeed_gsr,"1185590,2.0985"
2026-05-31T15:25:12.150,test67,self_20260531_152452,clip_100,1,rest,,2.0993,1185611.0,raspberry_pi_seeed_gsr,"1185611,2.0993"
2026-05-31T15:25:12.171,test67,self_20260531_152452,clip_100,1,rest,,2.0961,1185632.0,raspberry_pi_seeed_gsr,"1185632,2.0961"
2026-05-31T15:25:12.192,test67,self_20260531_152452,clip_100,1,rest,,2.0993,1185653.0,raspberry_pi_seeed_gsr,"1185653,2.0993"
2026-05-31T15:25:12.213,test67,self_20260531_152452,clip_100,1,rest,,2.0977,1185674.0,raspberry_pi_seeed_gsr,"1185674,2.0977"
2026-05-31T15:25:12.234,test67,self_20260531_152452,clip_100,1,rest,,2.0961,1185695.0,raspberry_pi_seeed_gsr,"1185695,2.0961"
2026-05-31T15:25:12.255,test67,self_20260531_152452,clip_100,1,rest,,2.1114,1185716.0,raspberry_pi_seeed_gsr,"1185716,2.1114"
2026-05-31T15:25:12.276,test67,self_20260531_152452,clip_100,1,rest,,2.1001,1185737.0,raspberry_pi_seeed_gsr,"1185737,2.1001"
2026-05-31T15:25:12.297,test67,self_20260531_152452,clip_100,1,rest,,2.1017,1185758.0,raspberry_pi_seeed_gsr,"1185758,2.1017"
2026-05-31T15:25:12.318,test67,self_20260531_152452,clip_100,1,rest,,2.0985,1185779.0,raspberry_pi_seeed_gsr,"1185779,2.0985"
2026-05-31T15:25:12.339,test67,self_20260531_152452,clip_100,1,rest,,2.1065,1185800.0,raspberry_pi_seeed_gsr,"1185800,2.1065"
2026-05-31T15:25:12.360,test67,self_20260531_152452,clip_100,1,rest,,2.0969,1185821.0,raspberry_pi_seeed_gsr,"1185821,2.0969"
2026-05-31T15:25:12.381,test67,self_20260531_152452,clip_100,1,rest,,2.0904,1185842.0,raspberry_pi_seeed_gsr,"1185842,2.0904"
2026-05-31T15:25:12.402,test67,self_20260531_152452,clip_100,1,rest,,2.1001,1185863.0,raspberry_pi_seeed_gsr,"1185863,2.1001"
2026-05-31T15:25:12.423,test67,self_20260531_152452,clip_100,1,rest,,2.0928,1185884.0,raspberry_pi_seeed_gsr,"1185884,2.0928"
2026-05-31T15:25:12.444,test67,self_20260531_152452,clip_100,1,rest,,2.0969,1185905.0,raspberry_pi_seeed_gsr,"1185905,2.0969"
2026-05-31T15:25:12.465,test67,self_20260531_152452,clip_100,1,rest,,2.1041,1185926.0,raspberry_pi_seeed_gsr,"1185926,2.1041"
2026-05-31T15:25:12.486,test67,self_20260531_152452,clip_100,1,rest,,2.1017,1185947.0,raspberry_pi_seeed_gsr,"1185947,2.1017"
2026-05-31T15:25:12.507,test67,self_20260531_152452,clip_100,1,rest,,2.1146,1185968.0,raspberry_pi_seeed_gsr,"1185968,2.1146"
2026-05-31T15:25:12.528,test67,self_20260531_152452,clip_100,1,rest,,2.1001,1185989.0,raspberry_pi_seeed_gsr,"1185989,2.1001"
2026-05-31T15:25:12.549,test67,self_20260531_152452,clip_100,1,rest,,2.0985,1186010.0,raspberry_pi_seeed_gsr,"1186010,2.0985"
2026-05-31T15:25:12.570,test67,self_20260531_152452,clip_100,1,rest,,2.0985,1186031.0,raspberry_pi_seeed_gsr,"1186031,2.0985"
2026-05-31T15:25:12.591,test67,self_20260531_152452,clip_100,1,rest,,2.0872,1186052.0,raspberry_pi_seeed_gsr,"1186052,2.0872"
2026-05-31T15:25:12.612,test67,self_20260531_152452,clip_100,1,rest,,2.0993,1186073.0,raspberry_pi_seeed_gsr,"1186073,2.0993"
2026-05-31T15:25:12.633,test67,self_20260531_152452,clip_100,1,rest,,2.0985,1186094.0,raspberry_pi_seeed_gsr,"1186094,2.0985"
2026-05-31T15:25:12.654,test67,self_20260531_152452,clip_100,1,rest,,2.1065,1186115.0,raspberry_pi_seeed_gsr,"1186115,2.1065"
2026-05-31T15:25:12.675,test67,self_20260531_152452,clip_100,1,rest,,2.1186,1186136.0,raspberry_pi_seeed_gsr,"1186136,2.1186"
2026-05-31T15:25:12.696,test67,self_20260531_152452,clip_100,1,rest,,2.084,1186157.0,raspberry_pi_seeed_gsr,"1186157,2.0840"
2026-05-31T15:25:12.717,test67,self_20260531_152452,clip_100,1,rest,,2.0985,1186178.0,raspberry_pi_seeed_gsr,"1186178,2.0985"
2026-05-31T15:25:12.738,test67,self_20260531_152452,clip_100,1,rest,,2.0993,1186199.0,raspberry_pi_seeed_gsr,"1186199,2.0993"
2026-05-31T15:25:12.759,test67,self_20260531_152452,clip_100,1,rest,,2.0977,1186220.0,raspberry_pi_seeed_gsr,"1186220,2.0977"
2026-05-31T15:25:12.780,test67,self_20260531_152452,clip_100,1,rest,,2.0993,1186241.0,raspberry_pi_seeed_gsr,"1186241,2.0993"
2026-05-31T15:25:12.801,test67,self_20260531_152452,clip_100,1,rest,,2.1001,1186262.0,raspberry_pi_seeed_gsr,"1186262,2.1001"
2026-05-31T15:25:12.822,test67,self_20260531_152452,clip_100,1,rest,,2.1009,1186283.0,raspberry_pi_seeed_gsr,"1186283,2.1009"
2026-05-31T15:25:12.843,test67,self_20260531_152452,clip_100,1,rest,,2.092,1186304.0,raspberry_pi_seeed_gsr,"1186304,2.0920"
2026-05-31T15:25:12.864,test67,self_20260531_152452,clip_100,1,rest,,2.1041,1186325.0,raspberry_pi_seeed_gsr,"1186325,2.1041"
2026-05-31T15:25:12.885,test67,self_20260531_152452,clip_100,1,rest,,2.1082,1186346.0,raspberry_pi_seeed_gsr,"1186346,2.1082"
2026-05-31T15:25:12.906,test67,self_20260531_152452,clip_100,1,rest,,2.0993,1186367.0,raspberry_pi_seeed_gsr,"1186367,2.0993"
2026-05-31T15:25:12.927,test67,self_20260531_152452,clip_100,1,rest,,2.0953,1186388.0,raspberry_pi_seeed_gsr,"1186388,2.0953"
2026-05-31T15:25:12.948,test67,self_20260531_152452,clip_100,1,rest,,2.1049,1186409.0,raspberry_pi_seeed_gsr,"1186409,2.1049"
2026-05-31T15:25:12.969,test67,self_20260531_152452,clip_100,1,rest,,2.1041,1186430.0,raspberry_pi_seeed_gsr,"1186430,2.1041"
2026-05-31T15:25:12.990,test67,self_20260531_152452,clip_100,1,rest,,2.092,1186451.0,raspberry_pi_seeed_gsr,"1186451,2.0920"
2026-05-31T15:25:13.011,test67,self_20260531_152452,clip_100,1,rest,,2.0977,1186472.0,raspberry_pi_seeed_gsr,"1186472,2.0977"
2026-05-31T15:25:13.032,test67,self_20260531_152452,clip_100,1,rest,,2.1049,1186493.0,raspberry_pi_seeed_gsr,"1186493,2.1049"
2026-05-31T15:25:13.053,test67,self_20260531_152452,clip_100,1,rest,,2.0985,1186514.0,raspberry_pi_seeed_gsr,"1186514,2.0985"
2026-05-31T15:25:13.074,test67,self_20260531_152452,clip_100,1,rest,,2.1049,1186535.0,raspberry_pi_seeed_gsr,"1186535,2.1049"
2026-05-31T15:25:13.096,test67,self_20260531_152452,clip_100,1,rest,,2.0985,1186556.0,raspberry_pi_seeed_gsr,"1186556,2.0985"
2026-05-31T15:25:13.116,test67,self_20260531_152452,clip_100,1,rest,,2.0977,1186577.0,raspberry_pi_seeed_gsr,"1186577,2.0977"
2026-05-31T15:25:13.137,test67,self_20260531_152452,clip_100,1,rest,,2.0953,1186598.0,raspberry_pi_seeed_gsr,"1186598,2.0953"
2026-05-31T15:25:13.158,test67,self_20260531_152452,clip_100,1,rest,,2.0928,1186619.0,raspberry_pi_seeed_gsr,"1186619,2.0928"
2026-05-31T15:25:13.179,test67,self_20260531_152452,clip_100,1,rest,,2.0985,1186640.0,raspberry_pi_seeed_gsr,"1186640,2.0985"
2026-05-31T15:25:13.200,test67,self_20260531_152452,clip_100,1,rest,,2.0622,1186661.0,raspberry_pi_seeed_gsr,"1186661,2.0622"
2026-05-31T15:25:13.221,test67,self_20260531_152452,clip_100,1,rest,,2.1082,1186682.0,raspberry_pi_seeed_gsr,"1186682,2.1082"
2026-05-31T15:25:13.242,test67,self_20260531_152452,clip_100,1,rest,,2.1098,1186703.0,raspberry_pi_seeed_gsr,"1186703,2.1098"
2026-05-31T15:25:13.263,test67,self_20260531_152452,clip_100,1,rest,,2.0969,1186724.0,raspberry_pi_seeed_gsr,"1186724,2.0969"
2026-05-31T15:25:13.284,test67,self_20260531_152452,clip_100,1,rest,,2.0928,1186745.0,raspberry_pi_seeed_gsr,"1186745,2.0928"
2026-05-31T15:25:13.305,test67,self_20260531_152452,clip_100,1,rest,,2.1049,1186766.0,raspberry_pi_seeed_gsr,"1186766,2.1049"
2026-05-31T15:25:13.326,test67,self_20260531_152452,clip_100,1,rest,,2.0977,1186787.0,raspberry_pi_seeed_gsr,"1186787,2.0977"
2026-05-31T15:25:13.347,test67,self_20260531_152452,clip_100,1,rest,,2.0953,1186808.0,raspberry_pi_seeed_gsr,"1186808,2.0953"
2026-05-31T15:25:13.368,test67,self_20260531_152452,clip_100,1,rest,,2.0937,1186829.0,raspberry_pi_seeed_gsr,"1186829,2.0937"
2026-05-31T15:25:13.389,test67,self_20260531_152452,clip_100,1,rest,,2.0928,1186850.0,raspberry_pi_seeed_gsr,"1186850,2.0928"
2026-05-31T15:25:13.410,test67,self_20260531_152452,clip_100,1,rest,,2.0961,1186871.0,raspberry_pi_seeed_gsr,"1186871,2.0961"
2026-05-31T15:25:13.431,test67,self_20260531_152452,clip_100,1,rest,,2.0993,1186892.0,raspberry_pi_seeed_gsr,"1186892,2.0993"
2026-05-31T15:25:13.452,test67,self_20260531_152452,clip_100,1,rest,,2.0969,1186913.0,raspberry_pi_seeed_gsr,"1186913,2.0969"
2026-05-31T15:25:13.473,test67,self_20260531_152452,clip_100,1,rest,,2.1049,1186934.0,raspberry_pi_seeed_gsr,"1186934,2.1049"
2026-05-31T15:25:13.494,test67,self_20260531_152452,clip_100,1,rest,,2.1033,1186955.0,raspberry_pi_seeed_gsr,"1186955,2.1033"
2026-05-31T15:25:13.515,test67,self_20260531_152452,clip_100,1,rest,,2.0977,1186976.0,raspberry_pi_seeed_gsr,"1186976,2.0977"
2026-05-31T15:25:13.536,test67,self_20260531_152452,clip_100,1,rest,,2.0993,1186997.0,raspberry_pi_seeed_gsr,"1186997,2.0993"
2026-05-31T15:25:13.557,test67,self_20260531_152452,clip_100,1,rest,,2.0985,1187018.0,raspberry_pi_seeed_gsr,"1187018,2.0985"
2026-05-31T15:25:13.578,test67,self_20260531_152452,clip_100,1,rest,,2.1049,1187039.0,raspberry_pi_seeed_gsr,"1187039,2.1049"
2026-05-31T15:25:13.599,test67,self_20260531_152452,clip_100,1,rest,,2.092,1187060.0,raspberry_pi_seeed_gsr,"1187060,2.0920"
2026-05-31T15:25:13.620,test67,self_20260531_152452,clip_100,1,rest,,2.0977,1187081.0,raspberry_pi_seeed_gsr,"1187081,2.0977"
2026-05-31T15:25:13.641,test67,self_20260531_152452,clip_100,1,rest,,2.1041,1187102.0,raspberry_pi_seeed_gsr,"1187102,2.1041"
2026-05-31T15:25:13.662,test67,self_20260531_152452,clip_100,1,rest,,2.0928,1187123.0,raspberry_pi_seeed_gsr,"1187123,2.0928"
2026-05-31T15:25:13.683,test67,self_20260531_152452,clip_100,1,rest,,2.1017,1187144.0,raspberry_pi_seeed_gsr,"1187144,2.1017"
2026-05-31T15:25:13.704,test67,self_20260531_152452,clip_100,1,rest,,2.0977,1187165.0,raspberry_pi_seeed_gsr,"1187165,2.0977"
2026-05-31T15:25:13.725,test67,self_20260531_152452,clip_100,1,rest,,2.0928,1187186.0,raspberry_pi_seeed_gsr,"1187186,2.0928"
2026-05-31T15:25:13.746,test67,self_20260531_152452,clip_100,1,rest,,2.1033,1187207.0,raspberry_pi_seeed_gsr,"1187207,2.1033"
2026-05-31T15:25:13.767,test67,self_20260531_152452,clip_100,1,rest,,2.0993,1187228.0,raspberry_pi_seeed_gsr,"1187228,2.0993"
2026-05-31T15:25:13.788,test67,self_20260531_152452,clip_100,1,rest,,2.0985,1187249.0,raspberry_pi_seeed_gsr,"1187249,2.0985"
2026-05-31T15:25:13.809,test67,self_20260531_152452,clip_100,1,rest,,2.109,1187270.0,raspberry_pi_seeed_gsr,"1187270,2.1090"
2026-05-31T15:25:13.830,test67,self_20260531_152452,clip_100,1,rest,,2.0953,1187291.0,raspberry_pi_seeed_gsr,"1187291,2.0953"
2026-05-31T15:25:13.851,test67,self_20260531_152452,clip_100,1,rest,,2.109,1187312.0,raspberry_pi_seeed_gsr,"1187312,2.1090"
2026-05-31T15:25:13.872,test67,self_20260531_152452,clip_100,1,rest,,2.1049,1187333.0,raspberry_pi_seeed_gsr,"1187333,2.1049"
2026-05-31T15:25:13.893,test67,self_20260531_152452,clip_100,1,rest,,2.0977,1187354.0,raspberry_pi_seeed_gsr,"1187354,2.0977"
2026-05-31T15:25:13.914,test67,self_20260531_152452,clip_100,1,rest,,2.0937,1187375.0,raspberry_pi_seeed_gsr,"1187375,2.0937"
2026-05-31T15:25:13.935,test67,self_20260531_152452,clip_100,1,rest,,2.0969,1187396.0,raspberry_pi_seeed_gsr,"1187396,2.0969"
2026-05-31T15:25:13.956,test67,self_20260531_152452,clip_100,1,rest,,2.0993,1187417.0,raspberry_pi_seeed_gsr,"1187417,2.0993"
2026-05-31T15:25:13.977,test67,self_20260531_152452,clip_100,1,rest,,2.0985,1187438.0,raspberry_pi_seeed_gsr,"1187438,2.0985"
2026-05-31T15:25:13.998,test67,self_20260531_152452,clip_100,1,rest,,2.1001,1187459.0,raspberry_pi_seeed_gsr,"1187459,2.1001"
2026-05-31T15:25:14.019,test67,self_20260531_152452,clip_100,1,rest,,2.1001,1187480.0,raspberry_pi_seeed_gsr,"1187480,2.1001"
2026-05-31T15:25:14.040,test67,self_20260531_152452,clip_100,1,rest,,2.0985,1187501.0,raspberry_pi_seeed_gsr,"1187501,2.0985"
2026-05-31T15:25:14.061,test67,self_20260531_152452,clip_100,1,rest,,2.0993,1187522.0,raspberry_pi_seeed_gsr,"1187522,2.0993"
2026-05-31T15:25:14.082,test67,self_20260531_152452,clip_100,1,rest,,2.1009,1187543.0,raspberry_pi_seeed_gsr,"1187543,2.1009"
2026-05-31T15:25:14.103,test67,self_20260531_152452,clip_100,1,rest,,2.0977,1187564.0,raspberry_pi_seeed_gsr,"1187564,2.0977"
2026-05-31T15:25:14.124,test67,self_20260531_152452,clip_100,1,rest,,2.0985,1187585.0,raspberry_pi_seeed_gsr,"1187585,2.0985"
2026-05-31T15:25:14.145,test67,self_20260531_152452,clip_100,1,rest,,2.0993,1187606.0,raspberry_pi_seeed_gsr,"1187606,2.0993"
2026-05-31T15:25:14.166,test67,self_20260531_152452,clip_100,1,rest,,2.0969,1187627.0,raspberry_pi_seeed_gsr,"1187627,2.0969"
2026-05-31T15:25:14.187,test67,self_20260531_152452,clip_100,1,rest,,2.0985,1187648.0,raspberry_pi_seeed_gsr,"1187648,2.0985"
2026-05-31T15:25:14.208,test67,self_20260531_152452,clip_100,1,rest,,2.0985,1187669.0,raspberry_pi_seeed_gsr,"1187669,2.0985"
2026-05-31T15:25:14.229,test67,self_20260531_152452,clip_100,1,rest,,2.0993,1187690.0,raspberry_pi_seeed_gsr,"1187690,2.0993"
2026-05-31T15:25:14.250,test67,self_20260531_152452,clip_100,1,rest,,2.1033,1187711.0,raspberry_pi_seeed_gsr,"1187711,2.1033"
2026-05-31T15:25:14.271,test67,self_20260531_152452,clip_100,1,rest,,2.1098,1187732.0,raspberry_pi_seeed_gsr,"1187732,2.1098"
2026-05-31T15:25:14.292,test67,self_20260531_152452,clip_100,1,rest,,2.0993,1187753.0,raspberry_pi_seeed_gsr,"1187753,2.0993"
2026-05-31T15:25:14.313,test67,self_20260531_152452,clip_100,1,rest,,2.0977,1187774.0,raspberry_pi_seeed_gsr,"1187774,2.0977"
2026-05-31T15:25:14.334,test67,self_20260531_152452,clip_100,1,rest,,2.0961,1187795.0,raspberry_pi_seeed_gsr,"1187795,2.0961"
2026-05-31T15:25:14.355,test67,self_20260531_152452,clip_100,1,rest,,2.1049,1187816.0,raspberry_pi_seeed_gsr,"1187816,2.1049"
2026-05-31T15:25:14.376,test67,self_20260531_152452,clip_100,1,rest,,2.0993,1187837.0,raspberry_pi_seeed_gsr,"1187837,2.0993"
2026-05-31T15:25:14.397,test67,self_20260531_152452,clip_100,1,rest,,2.0993,1187858.0,raspberry_pi_seeed_gsr,"1187858,2.0993"
2026-05-31T15:25:14.418,test67,self_20260531_152452,clip_100,1,rest,,2.0953,1187879.0,raspberry_pi_seeed_gsr,"1187879,2.0953"
2026-05-31T15:25:14.439,test67,self_20260531_152452,clip_100,1,rest,,2.0961,1187900.0,raspberry_pi_seeed_gsr,"1187900,2.0961"
2026-05-31T15:25:14.460,test67,self_20260531_152452,clip_100,1,rest,,2.1025,1187921.0,raspberry_pi_seeed_gsr,"1187921,2.1025"
2026-05-31T15:25:14.481,test67,self_20260531_152452,clip_100,1,rest,,2.1065,1187942.0,raspberry_pi_seeed_gsr,"1187942,2.1065"
2026-05-31T15:25:14.502,test67,self_20260531_152452,clip_100,1,rest,,2.1033,1187963.0,raspberry_pi_seeed_gsr,"1187963,2.1033"
2026-05-31T15:25:14.523,test67,self_20260531_152452,clip_100,1,rest,,2.0969,1187984.0,raspberry_pi_seeed_gsr,"1187984,2.0969"
2026-05-31T15:25:14.544,test67,self_20260531_152452,clip_100,1,rest,,2.1001,1188005.0,raspberry_pi_seeed_gsr,"1188005,2.1001"
2026-05-31T15:25:14.565,test67,self_20260531_152452,clip_100,1,rest,,2.0993,1188026.0,raspberry_pi_seeed_gsr,"1188026,2.0993"
2026-05-31T15:25:14.586,test67,self_20260531_152452,clip_100,1,rest,,2.1025,1188047.0,raspberry_pi_seeed_gsr,"1188047,2.1025"
2026-05-31T15:25:14.607,test67,self_20260531_152452,clip_100,1,rest,,2.0985,1188068.0,raspberry_pi_seeed_gsr,"1188068,2.0985"
2026-05-31T15:25:14.628,test67,self_20260531_152452,clip_100,1,rest,,2.0969,1188089.0,raspberry_pi_seeed_gsr,"1188089,2.0969"
2026-05-31T15:25:14.649,test67,self_20260531_152452,clip_100,1,rest,,2.0985,1188110.0,raspberry_pi_seeed_gsr,"1188110,2.0985"
2026-05-31T15:25:14.670,test67,self_20260531_152452,clip_100,1,rest,,2.0993,1188131.0,raspberry_pi_seeed_gsr,"1188131,2.0993"
2026-05-31T15:25:14.691,test67,self_20260531_152452,clip_100,1,rest,,2.0953,1188152.0,raspberry_pi_seeed_gsr,"1188152,2.0953"
2026-05-31T15:25:14.712,test67,self_20260531_152452,clip_100,1,rest,,2.0961,1188173.0,raspberry_pi_seeed_gsr,"1188173,2.0961"
2026-05-31T15:25:14.733,test67,self_20260531_152452,clip_100,1,rest,,2.0969,1188194.0,raspberry_pi_seeed_gsr,"1188194,2.0969"
2026-05-31T15:25:14.754,test67,self_20260531_152452,clip_100,1,rest,,2.0993,1188215.0,raspberry_pi_seeed_gsr,"1188215,2.0993"
2026-05-31T15:25:14.777,test67,self_20260531_152452,clip_100,1,rest,,2.1194,1188236.0,raspberry_pi_seeed_gsr,"1188236,2.1194"
2026-05-31T15:25:14.796,test67,self_20260531_152452,clip_100,1,rest,,2.0985,1188257.0,raspberry_pi_seeed_gsr,"1188257,2.0985"
2026-05-31T15:25:14.817,test67,self_20260531_152452,clip_100,1,rest,,2.0961,1188278.0,raspberry_pi_seeed_gsr,"1188278,2.0961"
2026-05-31T15:25:14.838,test67,self_20260531_152452,clip_100,1,rest,,2.0711,1188299.0,raspberry_pi_seeed_gsr,"1188299,2.0711"
2026-05-31T15:25:14.859,test67,self_20260531_152452,clip_100,1,rest,,2.1001,1188320.0,raspberry_pi_seeed_gsr,"1188320,2.1001"
2026-05-31T15:25:14.880,test67,self_20260531_152452,clip_100,1,rest,,2.0993,1188341.0,raspberry_pi_seeed_gsr,"1188341,2.0993"
2026-05-31T15:25:14.901,test67,self_20260531_152452,clip_100,1,rest,,2.109,1188362.0,raspberry_pi_seeed_gsr,"1188362,2.1090"
2026-05-31T15:25:14.922,test67,self_20260531_152452,clip_100,1,rest,,2.0606,1188383.0,raspberry_pi_seeed_gsr,"1188383,2.0606"
2026-05-31T15:25:14.943,test67,self_20260531_152452,clip_100,1,rest,,2.1106,1188404.0,raspberry_pi_seeed_gsr,"1188404,2.1106"
2026-05-31T15:25:14.964,test67,self_20260531_152452,clip_100,1,rest,,2.1082,1188425.0,raspberry_pi_seeed_gsr,"1188425,2.1082"
2026-05-31T15:25:14.985,test67,self_20260531_152452,clip_100,1,rest,,2.0993,1188446.0,raspberry_pi_seeed_gsr,"1188446,2.0993"
2026-05-31T15:25:15.006,test67,self_20260531_152452,clip_100,1,rest,,2.1025,1188467.0,raspberry_pi_seeed_gsr,"1188467,2.1025"
2026-05-31T15:25:15.027,test67,self_20260531_152452,clip_100,1,rest,,2.1114,1188488.0,raspberry_pi_seeed_gsr,"1188488,2.1114"
2026-05-31T15:25:15.048,test67,self_20260531_152452,clip_100,1,rest,,2.0969,1188509.0,raspberry_pi_seeed_gsr,"1188509,2.0969"
2026-05-31T15:25:15.069,test67,self_20260531_152452,clip_100,1,rest,,2.0945,1188530.0,raspberry_pi_seeed_gsr,"1188530,2.0945"
2026-05-31T15:25:15.090,test67,self_20260531_152452,clip_100,1,rest,,2.1017,1188551.0,raspberry_pi_seeed_gsr,"1188551,2.1017"
2026-05-31T15:25:15.111,test67,self_20260531_152452,clip_100,1,rest,,2.0977,1188572.0,raspberry_pi_seeed_gsr,"1188572,2.0977"
2026-05-31T15:25:15.132,test67,self_20260531_152452,clip_100,1,rest,,2.1065,1188593.0,raspberry_pi_seeed_gsr,"1188593,2.1065"
2026-05-31T15:25:15.153,test67,self_20260531_152452,clip_100,1,rest,,2.092,1188614.0,raspberry_pi_seeed_gsr,"1188614,2.0920"
2026-05-31T15:25:15.174,test67,self_20260531_152452,clip_100,1,rest,,2.0993,1188635.0,raspberry_pi_seeed_gsr,"1188635,2.0993"
2026-05-31T15:25:15.195,test67,self_20260531_152452,clip_100,1,rest,,2.092,1188656.0,raspberry_pi_seeed_gsr,"1188656,2.0920"
2026-05-31T15:25:15.216,test67,self_20260531_152452,clip_100,1,rest,,2.0937,1188677.0,raspberry_pi_seeed_gsr,"1188677,2.0937"
2026-05-31T15:25:15.238,test67,self_20260531_152452,clip_100,1,rest,,2.1001,1188698.0,raspberry_pi_seeed_gsr,"1188698,2.1001"
2026-05-31T15:25:15.258,test67,self_20260531_152452,clip_100,1,rest,,2.0985,1188719.0,raspberry_pi_seeed_gsr,"1188719,2.0985"
2026-05-31T15:25:15.279,test67,self_20260531_152452,clip_100,1,rest,,2.1017,1188740.0,raspberry_pi_seeed_gsr,"1188740,2.1017"
2026-05-31T15:25:15.300,test67,self_20260531_152452,clip_100,1,rest,,2.0961,1188761.0,raspberry_pi_seeed_gsr,"1188761,2.0961"
2026-05-31T15:25:15.321,test67,self_20260531_152452,clip_100,1,rest,,2.0969,1188782.0,raspberry_pi_seeed_gsr,"1188782,2.0969"
2026-05-31T15:25:15.342,test67,self_20260531_152452,clip_100,1,rest,,2.0993,1188803.0,raspberry_pi_seeed_gsr,"1188803,2.0993"
2026-05-31T15:25:15.363,test67,self_20260531_152452,clip_100,1,rest,,2.0928,1188824.0,raspberry_pi_seeed_gsr,"1188824,2.0928"
2026-05-31T15:25:15.384,test67,self_20260531_152452,clip_100,1,rest,,2.0961,1188845.0,raspberry_pi_seeed_gsr,"1188845,2.0961"
2026-05-31T15:25:15.405,test67,self_20260531_152452,clip_100,1,rest,,2.0969,1188866.0,raspberry_pi_seeed_gsr,"1188866,2.0969"
2026-05-31T15:25:15.426,test67,self_20260531_152452,clip_100,1,rest,,2.1073,1188887.0,raspberry_pi_seeed_gsr,"1188887,2.1073"
2026-05-31T15:25:15.447,test67,self_20260531_152452,clip_100,1,rest,,2.0977,1188908.0,raspberry_pi_seeed_gsr,"1188908,2.0977"
2026-05-31T15:25:15.468,test67,self_20260531_152452,clip_100,1,rest,,2.1001,1188929.0,raspberry_pi_seeed_gsr,"1188929,2.1001"
2026-05-31T15:25:15.489,test67,self_20260531_152452,clip_100,1,rest,,2.0993,1188950.0,raspberry_pi_seeed_gsr,"1188950,2.0993"
2026-05-31T15:25:15.511,test67,self_20260531_152452,clip_100,1,rest,,2.0993,1188971.0,raspberry_pi_seeed_gsr,"1188971,2.0993"
2026-05-31T15:25:15.531,test67,self_20260531_152452,clip_100,1,rest,,2.0985,1188992.0,raspberry_pi_seeed_gsr,"1188992,2.0985"
2026-05-31T15:25:15.552,test67,self_20260531_152452,clip_100,1,rest,,2.0961,1189013.0,raspberry_pi_seeed_gsr,"1189013,2.0961"
2026-05-31T15:25:15.573,test67,self_20260531_152452,clip_100,1,rest,,2.0977,1189034.0,raspberry_pi_seeed_gsr,"1189034,2.0977"
2026-05-31T15:25:15.594,test67,self_20260531_152452,clip_100,1,rest,,2.0928,1189055.0,raspberry_pi_seeed_gsr,"1189055,2.0928"
2026-05-31T15:25:15.615,test67,self_20260531_152452,clip_100,1,rest,,2.1082,1189076.0,raspberry_pi_seeed_gsr,"1189076,2.1082"
2026-05-31T15:25:15.636,test67,self_20260531_152452,clip_100,1,rest,,2.1049,1189097.0,raspberry_pi_seeed_gsr,"1189097,2.1049"
2026-05-31T15:25:15.657,test67,self_20260531_152452,clip_100,1,rest,,2.1001,1189118.0,raspberry_pi_seeed_gsr,"1189118,2.1001"
2026-05-31T15:25:15.678,test67,self_20260531_152452,clip_100,1,rest,,2.1065,1189139.0,raspberry_pi_seeed_gsr,"1189139,2.1065"
2026-05-31T15:25:15.699,test67,self_20260531_152452,clip_100,1,rest,,2.0969,1189160.0,raspberry_pi_seeed_gsr,"1189160,2.0969"
2026-05-31T15:25:15.720,test67,self_20260531_152452,clip_100,1,rest,,2.109,1189181.0,raspberry_pi_seeed_gsr,"1189181,2.1090"
2026-05-31T15:25:15.741,test67,self_20260531_152452,clip_100,1,rest,,2.1178,1189202.0,raspberry_pi_seeed_gsr,"1189202,2.1178"
2026-05-31T15:25:15.762,test67,self_20260531_152452,clip_100,1,rest,,2.0557,1189223.0,raspberry_pi_seeed_gsr,"1189223,2.0557"
2026-05-31T15:25:15.783,test67,self_20260531_152452,clip_100,1,rest,,2.0945,1189244.0,raspberry_pi_seeed_gsr,"1189244,2.0945"
2026-05-31T15:25:15.804,test67,self_20260531_152452,clip_100,1,rest,,2.0872,1189265.0,raspberry_pi_seeed_gsr,"1189265,2.0872"
2026-05-31T15:25:15.825,test67,self_20260531_152452,clip_100,1,rest,,2.0993,1189286.0,raspberry_pi_seeed_gsr,"1189286,2.0993"
2026-05-31T15:25:15.846,test67,self_20260531_152452,clip_100,1,rest,,2.0985,1189307.0,raspberry_pi_seeed_gsr,"1189307,2.0985"
2026-05-31T15:25:15.867,test67,self_20260531_152452,clip_100,1,rest,,2.1033,1189328.0,raspberry_pi_seeed_gsr,"1189328,2.1033"
2026-05-31T15:25:15.888,test67,self_20260531_152452,clip_100,1,rest,,2.0969,1189349.0,raspberry_pi_seeed_gsr,"1189349,2.0969"
2026-05-31T15:25:15.909,test67,self_20260531_152452,clip_100,1,rest,,2.0953,1189370.0,raspberry_pi_seeed_gsr,"1189370,2.0953"
2026-05-31T15:25:15.930,test67,self_20260531_152452,clip_100,1,rest,,2.1065,1189391.0,raspberry_pi_seeed_gsr,"1189391,2.1065"
2026-05-31T15:25:15.951,test67,self_20260531_152452,clip_100,1,rest,,2.1049,1189412.0,raspberry_pi_seeed_gsr,"1189412,2.1049"
2026-05-31T15:25:15.972,test67,self_20260531_152452,clip_100,1,rest,,2.092,1189433.0,raspberry_pi_seeed_gsr,"1189433,2.0920"
2026-05-31T15:25:15.993,test67,self_20260531_152452,clip_100,1,rest,,2.1106,1189454.0,raspberry_pi_seeed_gsr,"1189454,2.1106"
2026-05-31T15:25:16.014,test67,self_20260531_152452,clip_100,1,rest,,2.0969,1189475.0,raspberry_pi_seeed_gsr,"1189475,2.0969"
2026-05-31T15:25:16.036,test67,self_20260531_152452,clip_100,1,rest,,2.1041,1189496.0,raspberry_pi_seeed_gsr,"1189496,2.1041"
2026-05-31T15:25:16.056,test67,self_20260531_152452,clip_100,1,rest,,2.1017,1189517.0,raspberry_pi_seeed_gsr,"1189517,2.1017"
2026-05-31T15:25:16.078,test67,self_20260531_152452,clip_100,1,rest,,2.0977,1189538.0,raspberry_pi_seeed_gsr,"1189538,2.0977"
2026-05-31T15:25:16.098,test67,self_20260531_152452,clip_100,1,rest,,2.0985,1189559.0,raspberry_pi_seeed_gsr,"1189559,2.0985"
2026-05-31T15:25:16.119,test67,self_20260531_152452,clip_100,1,rest,,2.1009,1189580.0,raspberry_pi_seeed_gsr,"1189580,2.1009"
2026-05-31T15:25:16.140,test67,self_20260531_152452,clip_100,1,rest,,2.1001,1189601.0,raspberry_pi_seeed_gsr,"1189601,2.1001"
2026-05-31T15:25:16.161,test67,self_20260531_152452,clip_100,1,rest,,2.0985,1189622.0,raspberry_pi_seeed_gsr,"1189622,2.0985"
2026-05-31T15:25:16.182,test67,self_20260531_152452,clip_100,1,rest,,2.0993,1189643.0,raspberry_pi_seeed_gsr,"1189643,2.0993"
2026-05-31T15:25:16.203,test67,self_20260531_152452,clip_100,1,rest,,2.0977,1189664.0,raspberry_pi_seeed_gsr,"1189664,2.0977"
2026-05-31T15:25:16.224,test67,self_20260531_152452,clip_100,1,rest,,2.0937,1189685.0,raspberry_pi_seeed_gsr,"1189685,2.0937"
2026-05-31T15:25:16.245,test67,self_20260531_152452,clip_100,1,rest,,2.0977,1189706.0,raspberry_pi_seeed_gsr,"1189706,2.0977"
2026-05-31T15:25:16.266,test67,self_20260531_152452,clip_100,1,rest,,2.1009,1189727.0,raspberry_pi_seeed_gsr,"1189727,2.1009"
2026-05-31T15:25:16.287,test67,self_20260531_152452,clip_100,1,rest,,2.0872,1189748.0,raspberry_pi_seeed_gsr,"1189748,2.0872"
2026-05-31T15:25:16.308,test67,self_20260531_152452,clip_100,1,rest,,2.0985,1189769.0,raspberry_pi_seeed_gsr,"1189769,2.0985"
2026-05-31T15:25:16.329,test67,self_20260531_152452,clip_100,1,rest,,2.0977,1189790.0,raspberry_pi_seeed_gsr,"1189790,2.0977"
2026-05-31T15:25:16.350,test67,self_20260531_152452,clip_100,1,rest,,2.1017,1189811.0,raspberry_pi_seeed_gsr,"1189811,2.1017"
2026-05-31T15:25:16.371,test67,self_20260531_152452,clip_100,1,rest,,2.092,1189832.0,raspberry_pi_seeed_gsr,"1189832,2.0920"
2026-05-31T15:25:16.392,test67,self_20260531_152452,clip_100,1,rest,,2.092,1189853.0,raspberry_pi_seeed_gsr,"1189853,2.0920"
2026-05-31T15:25:16.413,test67,self_20260531_152452,clip_100,1,rest,,2.1017,1189874.0,raspberry_pi_seeed_gsr,"1189874,2.1017"
2026-05-31T15:25:16.434,test67,self_20260531_152452,clip_100,1,rest,,2.1033,1189895.0,raspberry_pi_seeed_gsr,"1189895,2.1033"
2026-05-31T15:25:16.455,test67,self_20260531_152452,clip_100,1,rest,,2.0937,1189916.0,raspberry_pi_seeed_gsr,"1189916,2.0937"
2026-05-31T15:25:16.476,test67,self_20260531_152452,clip_100,1,rest,,2.0977,1189937.0,raspberry_pi_seeed_gsr,"1189937,2.0977"
2026-05-31T15:25:16.497,test67,self_20260531_152452,clip_100,1,rest,,2.1025,1189958.0,raspberry_pi_seeed_gsr,"1189958,2.1025"
2026-05-31T15:25:16.518,test67,self_20260531_152452,clip_100,1,rest,,2.0888,1189979.0,raspberry_pi_seeed_gsr,"1189979,2.0888"
2026-05-31T15:25:16.539,test67,self_20260531_152452,clip_100,1,rest,,2.1114,1190000.0,raspberry_pi_seeed_gsr,"1190000,2.1114"
2026-05-31T15:25:16.560,test67,self_20260531_152452,clip_100,1,rest,,2.0912,1190021.0,raspberry_pi_seeed_gsr,"1190021,2.0912"
2026-05-31T15:25:16.581,test67,self_20260531_152452,clip_100,1,rest,,2.1009,1190042.0,raspberry_pi_seeed_gsr,"1190042,2.1009"
2026-05-31T15:25:16.603,test67,self_20260531_152452,clip_100,1,rest,,2.1017,1190063.0,raspberry_pi_seeed_gsr,"1190063,2.1017"
2026-05-31T15:25:16.623,test67,self_20260531_152452,clip_100,1,rest,,2.1017,1190084.0,raspberry_pi_seeed_gsr,"1190084,2.1017"
2026-05-31T15:25:16.645,test67,self_20260531_152452,clip_100,1,rest,,2.1025,1190105.0,raspberry_pi_seeed_gsr,"1190105,2.1025"
2026-05-31T15:25:16.665,test67,self_20260531_152452,clip_100,1,rest,,2.0937,1190126.0,raspberry_pi_seeed_gsr,"1190126,2.0937"
2026-05-31T15:25:16.686,test67,self_20260531_152452,clip_100,1,rest,,2.1106,1190147.0,raspberry_pi_seeed_gsr,"1190147,2.1106"
2026-05-31T15:25:16.707,test67,self_20260531_152452,clip_100,1,rest,,2.1001,1190168.0,raspberry_pi_seeed_gsr,"1190168,2.1001"
2026-05-31T15:25:16.728,test67,self_20260531_152452,clip_100,1,rest,,2.0993,1190189.0,raspberry_pi_seeed_gsr,"1190189,2.0993"
2026-05-31T15:25:16.749,test67,self_20260531_152452,clip_100,1,rest,,2.1033,1190210.0,raspberry_pi_seeed_gsr,"1190210,2.1033"
2026-05-31T15:25:16.770,test67,self_20260531_152452,clip_100,1,rest,,2.0904,1190231.0,raspberry_pi_seeed_gsr,"1190231,2.0904"
2026-05-31T15:25:16.791,test67,self_20260531_152452,clip_100,1,rest,,2.0993,1190252.0,raspberry_pi_seeed_gsr,"1190252,2.0993"
2026-05-31T15:25:16.813,test67,self_20260531_152452,clip_100,1,rest,,2.0864,1190273.0,raspberry_pi_seeed_gsr,"1190273,2.0864"
2026-05-31T15:25:16.833,test67,self_20260531_152452,clip_100,1,rest,,2.0985,1190294.0,raspberry_pi_seeed_gsr,"1190294,2.0985"
2026-05-31T15:25:16.854,test67,self_20260531_152452,clip_100,1,rest,,2.0937,1190315.0,raspberry_pi_seeed_gsr,"1190315,2.0937"
2026-05-31T15:25:16.875,test67,self_20260531_152452,clip_100,1,rest,,2.0977,1190336.0,raspberry_pi_seeed_gsr,"1190336,2.0977"
2026-05-31T15:25:16.896,test67,self_20260531_152452,clip_100,1,rest,,2.0969,1190357.0,raspberry_pi_seeed_gsr,"1190357,2.0969"
2026-05-31T15:25:16.917,test67,self_20260531_152452,clip_100,1,rest,,2.0977,1190378.0,raspberry_pi_seeed_gsr,"1190378,2.0977"
2026-05-31T15:25:16.938,test67,self_20260531_152452,clip_100,1,rest,,2.0977,1190399.0,raspberry_pi_seeed_gsr,"1190399,2.0977"
2026-05-31T15:25:16.959,test67,self_20260531_152452,clip_100,1,rest,,2.1017,1190420.0,raspberry_pi_seeed_gsr,"1190420,2.1017"
2026-05-31T15:25:16.980,test67,self_20260531_152452,clip_100,1,rest,,2.0985,1190441.0,raspberry_pi_seeed_gsr,"1190441,2.0985"
2026-05-31T15:25:17.001,test67,self_20260531_152452,clip_100,1,rest,,2.0985,1190462.0,raspberry_pi_seeed_gsr,"1190462,2.0985"
2026-05-31T15:25:17.022,test67,self_20260531_152452,clip_100,1,rest,,2.1017,1190483.0,raspberry_pi_seeed_gsr,"1190483,2.1017"
2026-05-31T15:25:17.043,test67,self_20260531_152452,clip_100,1,rest,,2.0993,1190504.0,raspberry_pi_seeed_gsr,"1190504,2.0993"
2026-05-31T15:25:17.064,test67,self_20260531_152452,clip_100,1,rest,,2.0953,1190525.0,raspberry_pi_seeed_gsr,"1190525,2.0953"
2026-05-31T15:25:17.085,test67,self_20260531_152452,clip_100,1,rest,,2.0977,1190546.0,raspberry_pi_seeed_gsr,"1190546,2.0977"
2026-05-31T15:25:17.106,test67,self_20260531_152452,clip_100,1,rest,,2.0985,1190567.0,raspberry_pi_seeed_gsr,"1190567,2.0985"
2026-05-31T15:25:17.127,test67,self_20260531_152452,clip_100,1,rest,,2.0985,1190588.0,raspberry_pi_seeed_gsr,"1190588,2.0985"
2026-05-31T15:25:17.148,test67,self_20260531_152452,clip_100,1,rest,,2.0953,1190609.0,raspberry_pi_seeed_gsr,"1190609,2.0953"
2026-05-31T15:25:17.169,test67,self_20260531_152452,clip_100,1,rest,,2.0977,1190630.0,raspberry_pi_seeed_gsr,"1190630,2.0977"
2026-05-31T15:25:17.190,test67,self_20260531_152452,clip_100,1,rest,,2.0977,1190651.0,raspberry_pi_seeed_gsr,"1190651,2.0977"
2026-05-31T15:25:17.211,test67,self_20260531_152452,clip_100,1,rest,,2.0993,1190672.0,raspberry_pi_seeed_gsr,"1190672,2.0993"
2026-05-31T15:25:17.232,test67,self_20260531_152452,clip_100,1,rest,,2.1001,1190693.0,raspberry_pi_seeed_gsr,"1190693,2.1001"
2026-05-31T15:25:17.253,test67,self_20260531_152452,clip_100,1,rest,,2.0985,1190714.0,raspberry_pi_seeed_gsr,"1190714,2.0985"
2026-05-31T15:25:17.274,test67,self_20260531_152452,clip_100,1,rest,,2.1025,1190735.0,raspberry_pi_seeed_gsr,"1190735,2.1025"
2026-05-31T15:25:17.295,test67,self_20260531_152452,clip_100,1,rest,,2.0993,1190756.0,raspberry_pi_seeed_gsr,"1190756,2.0993"
2026-05-31T15:25:17.316,test67,self_20260531_152452,clip_100,1,rest,,2.0937,1190777.0,raspberry_pi_seeed_gsr,"1190777,2.0937"
2026-05-31T15:25:17.337,test67,self_20260531_152452,clip_100,1,rest,,2.0937,1190798.0,raspberry_pi_seeed_gsr,"1190798,2.0937"
2026-05-31T15:25:17.358,test67,self_20260531_152452,clip_100,1,rest,,2.0953,1190819.0,raspberry_pi_seeed_gsr,"1190819,2.0953"
2026-05-31T15:25:17.379,test67,self_20260531_152452,clip_100,1,rest,,2.1017,1190840.0,raspberry_pi_seeed_gsr,"1190840,2.1017"
2026-05-31T15:25:17.400,test67,self_20260531_152452,clip_100,1,rest,,2.0912,1190861.0,raspberry_pi_seeed_gsr,"1190861,2.0912"
2026-05-31T15:25:17.421,test67,self_20260531_152452,clip_100,1,rest,,2.092,1190882.0,raspberry_pi_seeed_gsr,"1190882,2.0920"
2026-05-31T15:25:17.442,test67,self_20260531_152452,clip_100,1,rest,,2.0969,1190903.0,raspberry_pi_seeed_gsr,"1190903,2.0969"
2026-05-31T15:25:17.463,test67,self_20260531_152452,clip_100,1,rest,,2.0977,1190924.0,raspberry_pi_seeed_gsr,"1190924,2.0977"
2026-05-31T15:25:17.484,test67,self_20260531_152452,clip_100,1,rest,,2.0993,1190945.0,raspberry_pi_seeed_gsr,"1190945,2.0993"
2026-05-31T15:25:17.505,test67,self_20260531_152452,clip_100,1,rest,,2.1033,1190966.0,raspberry_pi_seeed_gsr,"1190966,2.1033"
2026-05-31T15:25:17.527,test67,self_20260531_152452,clip_100,1,rest,,2.1017,1190987.0,raspberry_pi_seeed_gsr,"1190987,2.1017"
2026-05-31T15:25:17.547,test67,self_20260531_152452,clip_100,1,rest,,2.0993,1191008.0,raspberry_pi_seeed_gsr,"1191008,2.0993"
2026-05-31T15:25:17.569,test67,self_20260531_152452,clip_100,1,rest,,2.0993,1191029.0,raspberry_pi_seeed_gsr,"1191029,2.0993"
2026-05-31T15:25:17.589,test67,self_20260531_152452,clip_100,1,rest,,2.0993,1191050.0,raspberry_pi_seeed_gsr,"1191050,2.0993"
2026-05-31T15:25:17.610,test67,self_20260531_152452,clip_100,1,rest,,2.0993,1191071.0,raspberry_pi_seeed_gsr,"1191071,2.0993"
2026-05-31T15:25:17.631,test67,self_20260531_152452,clip_100,1,rest,,2.1041,1191092.0,raspberry_pi_seeed_gsr,"1191092,2.1041"
2026-05-31T15:25:17.653,test67,self_20260531_152452,clip_100,1,rest,,2.1001,1191113.0,raspberry_pi_seeed_gsr,"1191113,2.1001"
2026-05-31T15:25:17.673,test67,self_20260531_152452,clip_100,1,rest,,2.0985,1191134.0,raspberry_pi_seeed_gsr,"1191134,2.0985"
2026-05-31T15:25:17.694,test67,self_20260531_152452,clip_100,1,rest,,2.1001,1191155.0,raspberry_pi_seeed_gsr,"1191155,2.1001"
2026-05-31T15:25:17.715,test67,self_20260531_152452,clip_100,1,rest,,2.0993,1191176.0,raspberry_pi_seeed_gsr,"1191176,2.0993"
2026-05-31T15:25:17.737,test67,self_20260531_152452,clip_100,1,rest,,2.1001,1191197.0,raspberry_pi_seeed_gsr,"1191197,2.1001"
2026-05-31T15:25:17.757,test67,self_20260531_152452,clip_100,1,rest,,2.0985,1191218.0,raspberry_pi_seeed_gsr,"1191218,2.0985"
2026-05-31T15:25:17.778,test67,self_20260531_152452,clip_100,1,rest,,2.1001,1191239.0,raspberry_pi_seeed_gsr,"1191239,2.1001"
2026-05-31T15:25:17.799,test67,self_20260531_152452,clip_100,1,rest,,2.1001,1191260.0,raspberry_pi_seeed_gsr,"1191260,2.1001"
2026-05-31T15:25:17.820,test67,self_20260531_152452,clip_100,1,rest,,2.1082,1191281.0,raspberry_pi_seeed_gsr,"1191281,2.1082"
2026-05-31T15:25:17.841,test67,self_20260531_152452,clip_100,1,rest,,2.1009,1191302.0,raspberry_pi_seeed_gsr,"1191302,2.1009"
2026-05-31T15:25:17.862,test67,self_20260531_152452,clip_100,1,rest,,2.0993,1191323.0,raspberry_pi_seeed_gsr,"1191323,2.0993"
2026-05-31T15:25:17.883,test67,self_20260531_152452,clip_100,1,rest,,2.0937,1191344.0,raspberry_pi_seeed_gsr,"1191344,2.0937"
2026-05-31T15:25:17.904,test67,self_20260531_152452,clip_100,1,rest,,2.1001,1191365.0,raspberry_pi_seeed_gsr,"1191365,2.1001"
2026-05-31T15:25:17.925,test67,self_20260531_152452,clip_100,1,rest,,2.0888,1191386.0,raspberry_pi_seeed_gsr,"1191386,2.0888"
2026-05-31T15:25:17.946,test67,self_20260531_152452,clip_100,1,rest,,2.0888,1191407.0,raspberry_pi_seeed_gsr,"1191407,2.0888"
2026-05-31T15:25:17.967,test67,self_20260531_152452,clip_100,1,rest,,2.0969,1191428.0,raspberry_pi_seeed_gsr,"1191428,2.0969"
2026-05-31T15:25:17.988,test67,self_20260531_152452,clip_100,1,rest,,2.0985,1191449.0,raspberry_pi_seeed_gsr,"1191449,2.0985"
2026-05-31T15:25:18.009,test67,self_20260531_152452,clip_100,1,rest,,2.0977,1191470.0,raspberry_pi_seeed_gsr,"1191470,2.0977"
2026-05-31T15:25:18.030,test67,self_20260531_152452,clip_100,1,rest,,2.1025,1191491.0,raspberry_pi_seeed_gsr,"1191491,2.1025"
2026-05-31T15:25:18.051,test67,self_20260531_152452,clip_100,1,rest,,2.0977,1191512.0,raspberry_pi_seeed_gsr,"1191512,2.0977"
2026-05-31T15:25:18.072,test67,self_20260531_152452,clip_100,1,rest,,2.0953,1191533.0,raspberry_pi_seeed_gsr,"1191533,2.0953"
2026-05-31T15:25:18.093,test67,self_20260531_152452,clip_100,1,rest,,2.0985,1191554.0,raspberry_pi_seeed_gsr,"1191554,2.0985"
2026-05-31T15:25:18.114,test67,self_20260531_152452,clip_100,1,rest,,2.1049,1191575.0,raspberry_pi_seeed_gsr,"1191575,2.1049"
2026-05-31T15:25:18.136,test67,self_20260531_152452,clip_100,1,rest,,2.0896,1191596.0,raspberry_pi_seeed_gsr,"1191596,2.0896"
2026-05-31T15:25:18.156,test67,self_20260531_152452,clip_100,1,rest,,2.1001,1191617.0,raspberry_pi_seeed_gsr,"1191617,2.1001"
2026-05-31T15:25:18.178,test67,self_20260531_152452,clip_100,1,rest,,2.0993,1191638.0,raspberry_pi_seeed_gsr,"1191638,2.0993"
2026-05-31T15:25:18.198,test67,self_20260531_152452,clip_100,1,rest,,2.0961,1191659.0,raspberry_pi_seeed_gsr,"1191659,2.0961"
2026-05-31T15:25:18.220,test67,self_20260531_152452,clip_100,1,rest,,2.0977,1191680.0,raspberry_pi_seeed_gsr,"1191680,2.0977"
2026-05-31T15:25:18.240,test67,self_20260531_152452,clip_100,1,rest,,2.1041,1191701.0,raspberry_pi_seeed_gsr,"1191701,2.1041"
2026-05-31T15:25:18.261,test67,self_20260531_152452,clip_100,1,rest,,2.0993,1191722.0,raspberry_pi_seeed_gsr,"1191722,2.0993"
2026-05-31T15:25:18.282,test67,self_20260531_152452,clip_100,1,rest,,2.0912,1191743.0,raspberry_pi_seeed_gsr,"1191743,2.0912"
2026-05-31T15:25:18.304,test67,self_20260531_152452,clip_100,1,rest,,2.0985,1191764.0,raspberry_pi_seeed_gsr,"1191764,2.0985"
2026-05-31T15:25:18.324,test67,self_20260531_152452,clip_100,1,rest,,2.1001,1191785.0,raspberry_pi_seeed_gsr,"1191785,2.1001"
2026-05-31T15:25:18.345,test67,self_20260531_152452,clip_100,1,rest,,2.0985,1191806.0,raspberry_pi_seeed_gsr,"1191806,2.0985"
2026-05-31T15:25:18.366,test67,self_20260531_152452,clip_100,1,rest,,2.0961,1191827.0,raspberry_pi_seeed_gsr,"1191827,2.0961"
2026-05-31T15:25:18.387,test67,self_20260531_152452,clip_100,1,rest,,2.0969,1191848.0,raspberry_pi_seeed_gsr,"1191848,2.0969"
2026-05-31T15:25:18.408,test67,self_20260531_152452,clip_100,1,rest,,2.1033,1191869.0,raspberry_pi_seeed_gsr,"1191869,2.1033"
2026-05-31T15:25:18.429,test67,self_20260531_152452,clip_100,1,rest,,2.0953,1191890.0,raspberry_pi_seeed_gsr,"1191890,2.0953"
2026-05-31T15:25:18.450,test67,self_20260531_152452,clip_100,1,rest,,2.0928,1191911.0,raspberry_pi_seeed_gsr,"1191911,2.0928"
2026-05-31T15:25:18.471,test67,self_20260531_152452,clip_100,1,rest,,2.1001,1191932.0,raspberry_pi_seeed_gsr,"1191932,2.1001"
2026-05-31T15:25:18.492,test67,self_20260531_152452,clip_100,1,rest,,2.1001,1191953.0,raspberry_pi_seeed_gsr,"1191953,2.1001"
2026-05-31T15:25:18.513,test67,self_20260531_152452,clip_100,1,rest,,2.0937,1191974.0,raspberry_pi_seeed_gsr,"1191974,2.0937"
2026-05-31T15:25:18.534,test67,self_20260531_152452,clip_100,1,rest,,2.1001,1191995.0,raspberry_pi_seeed_gsr,"1191995,2.1001"
2026-05-31T15:25:18.555,test67,self_20260531_152452,clip_100,1,rest,,2.0993,1192016.0,raspberry_pi_seeed_gsr,"1192016,2.0993"
2026-05-31T15:25:18.576,test67,self_20260531_152452,clip_100,1,rest,,2.0928,1192037.0,raspberry_pi_seeed_gsr,"1192037,2.0928"
2026-05-31T15:25:18.597,test67,self_20260531_152452,clip_100,1,rest,,2.1001,1192058.0,raspberry_pi_seeed_gsr,"1192058,2.1001"
2026-05-31T15:25:18.618,test67,self_20260531_152452,clip_100,1,rest,,2.1057,1192079.0,raspberry_pi_seeed_gsr,"1192079,2.1057"
2026-05-31T15:25:18.639,test67,self_20260531_152452,clip_100,1,rest,,2.1017,1192100.0,raspberry_pi_seeed_gsr,"1192100,2.1017"
2026-05-31T15:25:18.660,test67,self_20260531_152452,clip_100,1,rest,,2.1001,1192121.0,raspberry_pi_seeed_gsr,"1192121,2.1001"
2026-05-31T15:25:18.681,test67,self_20260531_152452,clip_100,1,rest,,2.0993,1192142.0,raspberry_pi_seeed_gsr,"1192142,2.0993"
2026-05-31T15:25:18.702,test67,self_20260531_152452,clip_100,1,rest,,2.0953,1192163.0,raspberry_pi_seeed_gsr,"1192163,2.0953"
2026-05-31T15:25:18.723,test67,self_20260531_152452,clip_100,1,rest,,2.1057,1192184.0,raspberry_pi_seeed_gsr,"1192184,2.1057"
2026-05-31T15:25:18.744,test67,self_20260531_152452,clip_100,1,rest,,2.1009,1192205.0,raspberry_pi_seeed_gsr,"1192205,2.1009"
2026-05-31T15:25:18.766,test67,self_20260531_152452,clip_100,1,rest,,2.0977,1192226.0,raspberry_pi_seeed_gsr,"1192226,2.0977"
2026-05-31T15:25:18.786,test67,self_20260531_152452,clip_100,1,rest,,2.0985,1192247.0,raspberry_pi_seeed_gsr,"1192247,2.0985"
2026-05-31T15:25:18.807,test67,self_20260531_152452,clip_100,1,rest,,2.1001,1192268.0,raspberry_pi_seeed_gsr,"1192268,2.1001"
2026-05-31T15:25:18.828,test67,self_20260531_152452,clip_100,1,rest,,2.0985,1192289.0,raspberry_pi_seeed_gsr,"1192289,2.0985"
2026-05-31T15:25:18.849,test67,self_20260531_152452,clip_100,1,rest,,2.0977,1192310.0,raspberry_pi_seeed_gsr,"1192310,2.0977"
2026-05-31T15:25:18.870,test67,self_20260531_152452,clip_100,1,rest,,2.1001,1192331.0,raspberry_pi_seeed_gsr,"1192331,2.1001"
2026-05-31T15:25:18.891,test67,self_20260531_152452,clip_100,1,rest,,2.0985,1192352.0,raspberry_pi_seeed_gsr,"1192352,2.0985"
2026-05-31T15:25:18.912,test67,self_20260531_152452,clip_100,1,rest,,2.0912,1192373.0,raspberry_pi_seeed_gsr,"1192373,2.0912"
2026-05-31T15:25:18.933,test67,self_20260531_152452,clip_100,1,rest,,2.1114,1192394.0,raspberry_pi_seeed_gsr,"1192394,2.1114"
2026-05-31T15:25:18.954,test67,self_20260531_152452,clip_100,1,rest,,2.1001,1192415.0,raspberry_pi_seeed_gsr,"1192415,2.1001"
2026-05-31T15:25:18.975,test67,self_20260531_152452,clip_100,1,rest,,2.0985,1192436.0,raspberry_pi_seeed_gsr,"1192436,2.0985"
2026-05-31T15:25:18.997,test67,self_20260531_152452,clip_100,1,rest,,2.084,1192457.0,raspberry_pi_seeed_gsr,"1192457,2.0840"
2026-05-31T15:25:19.017,test67,self_20260531_152452,clip_100,1,rest,,2.1001,1192478.0,raspberry_pi_seeed_gsr,"1192478,2.1001"
2026-05-31T15:25:19.038,test67,self_20260531_152452,clip_100,1,rest,,2.0969,1192499.0,raspberry_pi_seeed_gsr,"1192499,2.0969"
2026-05-31T15:25:19.059,test67,self_20260531_152452,clip_100,1,rest,,2.0985,1192520.0,raspberry_pi_seeed_gsr,"1192520,2.0985"
2026-05-31T15:25:19.080,test67,self_20260531_152452,clip_100,1,rest,,2.0969,1192541.0,raspberry_pi_seeed_gsr,"1192541,2.0969"
2026-05-31T15:25:19.101,test67,self_20260531_152452,clip_100,1,rest,,2.0993,1192562.0,raspberry_pi_seeed_gsr,"1192562,2.0993"
2026-05-31T15:25:19.122,test67,self_20260531_152452,clip_100,1,rest,,2.0888,1192583.0,raspberry_pi_seeed_gsr,"1192583,2.0888"
2026-05-31T15:25:19.143,test67,self_20260531_152452,clip_100,1,rest,,2.0969,1192604.0,raspberry_pi_seeed_gsr,"1192604,2.0969"
2026-05-31T15:25:19.164,test67,self_20260531_152452,clip_100,1,rest,,2.0912,1192625.0,raspberry_pi_seeed_gsr,"1192625,2.0912"
2026-05-31T15:25:19.186,test67,self_20260531_152452,clip_100,1,rest,,2.1033,1192646.0,raspberry_pi_seeed_gsr,"1192646,2.1033"
2026-05-31T15:25:19.206,test67,self_20260531_152452,clip_100,1,rest,,2.0969,1192667.0,raspberry_pi_seeed_gsr,"1192667,2.0969"
2026-05-31T15:25:19.227,test67,self_20260531_152452,clip_100,1,rest,,2.1017,1192688.0,raspberry_pi_seeed_gsr,"1192688,2.1017"
2026-05-31T15:25:19.248,test67,self_20260531_152452,clip_100,1,rest,,2.0977,1192709.0,raspberry_pi_seeed_gsr,"1192709,2.0977"
2026-05-31T15:25:19.269,test67,self_20260531_152452,clip_100,1,rest,,2.0977,1192730.0,raspberry_pi_seeed_gsr,"1192730,2.0977"
2026-05-31T15:25:19.290,test67,self_20260531_152452,clip_100,1,rest,,2.1017,1192751.0,raspberry_pi_seeed_gsr,"1192751,2.1017"
2026-05-31T15:25:19.311,test67,self_20260531_152452,clip_100,1,rest,,2.0985,1192772.0,raspberry_pi_seeed_gsr,"1192772,2.0985"
2026-05-31T15:25:19.332,test67,self_20260531_152452,clip_100,1,rest,,2.1017,1192793.0,raspberry_pi_seeed_gsr,"1192793,2.1017"
2026-05-31T15:25:19.353,test67,self_20260531_152452,clip_100,1,rest,,2.0993,1192814.0,raspberry_pi_seeed_gsr,"1192814,2.0993"
2026-05-31T15:25:19.374,test67,self_20260531_152452,clip_100,1,rest,,2.0993,1192835.0,raspberry_pi_seeed_gsr,"1192835,2.0993"
2026-05-31T15:25:19.396,test67,self_20260531_152452,clip_100,1,rest,,2.1065,1192856.0,raspberry_pi_seeed_gsr,"1192856,2.1065"
2026-05-31T15:25:19.416,test67,self_20260531_152452,clip_100,1,rest,,2.1033,1192877.0,raspberry_pi_seeed_gsr,"1192877,2.1033"
2026-05-31T15:25:19.437,test67,self_20260531_152452,clip_100,1,rest,,2.1017,1192898.0,raspberry_pi_seeed_gsr,"1192898,2.1017"
2026-05-31T15:25:19.458,test67,self_20260531_152452,clip_100,1,rest,,2.1057,1192919.0,raspberry_pi_seeed_gsr,"1192919,2.1057"
2026-05-31T15:25:19.479,test67,self_20260531_152452,clip_100,1,rest,,2.0993,1192940.0,raspberry_pi_seeed_gsr,"1192940,2.0993"
2026-05-31T15:25:19.500,test67,self_20260531_152452,clip_100,1,rest,,2.1033,1192961.0,raspberry_pi_seeed_gsr,"1192961,2.1033"
2026-05-31T15:25:19.521,test67,self_20260531_152452,clip_100,1,rest,,2.092,1192982.0,raspberry_pi_seeed_gsr,"1192982,2.0920"
2026-05-31T15:25:19.542,test67,self_20260531_152452,clip_100,1,rest,,2.0985,1193003.0,raspberry_pi_seeed_gsr,"1193003,2.0985"
2026-05-31T15:25:19.563,test67,self_20260531_152452,clip_100,1,rest,,2.0953,1193024.0,raspberry_pi_seeed_gsr,"1193024,2.0953"
2026-05-31T15:25:19.584,test67,self_20260531_152452,clip_100,1,rest,,2.0856,1193045.0,raspberry_pi_seeed_gsr,"1193045,2.0856"
2026-05-31T15:25:19.605,test67,self_20260531_152452,clip_100,1,rest,,2.0977,1193066.0,raspberry_pi_seeed_gsr,"1193066,2.0977"
2026-05-31T15:25:19.626,test67,self_20260531_152452,clip_100,1,rest,,2.0985,1193087.0,raspberry_pi_seeed_gsr,"1193087,2.0985"
2026-05-31T15:25:19.647,test67,self_20260531_152452,clip_100,1,rest,,2.0928,1193108.0,raspberry_pi_seeed_gsr,"1193108,2.0928"
2026-05-31T15:25:19.668,test67,self_20260531_152452,clip_100,1,rest,,2.1033,1193129.0,raspberry_pi_seeed_gsr,"1193129,2.1033"
2026-05-31T15:25:19.689,test67,self_20260531_152452,clip_100,1,rest,,2.0864,1193150.0,raspberry_pi_seeed_gsr,"1193150,2.0864"
2026-05-31T15:25:19.710,test67,self_20260531_152452,clip_100,1,rest,,2.1033,1193171.0,raspberry_pi_seeed_gsr,"1193171,2.1033"
2026-05-31T15:25:19.731,test67,self_20260531_152452,clip_100,1,rest,,2.092,1193192.0,raspberry_pi_seeed_gsr,"1193192,2.0920"
2026-05-31T15:25:19.752,test67,self_20260531_152452,clip_100,1,rest,,2.0993,1193213.0,raspberry_pi_seeed_gsr,"1193213,2.0993"
2026-05-31T15:25:19.773,test67,self_20260531_152452,clip_100,1,rest,,2.0977,1193234.0,raspberry_pi_seeed_gsr,"1193234,2.0977"
2026-05-31T15:25:19.794,test67,self_20260531_152452,clip_100,1,rest,,2.1001,1193255.0,raspberry_pi_seeed_gsr,"1193255,2.1001"
2026-05-31T15:25:19.820,test67,self_20260531_152452,clip_100,1,rest,,2.0985,1193281.0,raspberry_pi_seeed_gsr,"1193281,2.0985"
2026-05-31T15:25:19.841,test67,self_20260531_152452,clip_100,1,rest,,2.0985,1193302.0,raspberry_pi_seeed_gsr,"1193302,2.0985"
2026-05-31T15:25:19.862,test67,self_20260531_152452,clip_100,1,rest,,2.1098,1193323.0,raspberry_pi_seeed_gsr,"1193323,2.1098"
2026-05-31T15:25:19.884,test67,self_20260531_152452,clip_100,1,rest,,2.0977,1193344.0,raspberry_pi_seeed_gsr,"1193344,2.0977"
2026-05-31T15:25:19.904,test67,self_20260531_152452,clip_100,1,rest,,2.1025,1193365.0,raspberry_pi_seeed_gsr,"1193365,2.1025"
2026-05-31T15:25:19.925,test67,self_20260531_152452,clip_100,1,rest,,2.0824,1193386.0,raspberry_pi_seeed_gsr,"1193386,2.0824"
2026-05-31T15:25:19.946,test67,self_20260531_152452,clip_100,1,rest,,2.0928,1193407.0,raspberry_pi_seeed_gsr,"1193407,2.0928"
2026-05-31T15:25:19.967,test67,self_20260531_152452,clip_100,1,rest,,2.0961,1193428.0,raspberry_pi_seeed_gsr,"1193428,2.0961"
2026-05-31T15:25:19.988,test67,self_20260531_152452,clip_100,1,rest,,2.1025,1193449.0,raspberry_pi_seeed_gsr,"1193449,2.1025"
2026-05-31T15:25:20.010,test67,self_20260531_152452,clip_100,1,rest,,2.0985,1193470.0,raspberry_pi_seeed_gsr,"1193470,2.0985"
2026-05-31T15:25:20.030,test67,self_20260531_152452,clip_100,1,rest,,2.0961,1193491.0,raspberry_pi_seeed_gsr,"1193491,2.0961"
2026-05-31T15:25:20.051,test67,self_20260531_152452,clip_100,1,rest,,2.0888,1193512.0,raspberry_pi_seeed_gsr,"1193512,2.0888"
2026-05-31T15:25:20.072,test67,self_20260531_152452,clip_100,1,rest,,2.0953,1193533.0,raspberry_pi_seeed_gsr,"1193533,2.0953"
2026-05-31T15:25:20.093,test67,self_20260531_152452,clip_100,1,rest,,2.1001,1193554.0,raspberry_pi_seeed_gsr,"1193554,2.1001"
2026-05-31T15:25:20.114,test67,self_20260531_152452,clip_100,1,rest,,2.0977,1193575.0,raspberry_pi_seeed_gsr,"1193575,2.0977"
2026-05-31T15:25:20.135,test67,self_20260531_152452,clip_100,1,rest,,2.0993,1193596.0,raspberry_pi_seeed_gsr,"1193596,2.0993"
2026-05-31T15:25:20.156,test67,self_20260531_152452,clip_100,1,rest,,2.0985,1193617.0,raspberry_pi_seeed_gsr,"1193617,2.0985"
2026-05-31T15:25:20.177,test67,self_20260531_152452,clip_100,1,rest,,2.1001,1193638.0,raspberry_pi_seeed_gsr,"1193638,2.1001"
2026-05-31T15:25:20.198,test67,self_20260531_152452,clip_100,1,rest,,2.1001,1193659.0,raspberry_pi_seeed_gsr,"1193659,2.1001"
2026-05-31T15:25:20.219,test67,self_20260531_152452,clip_100,1,rest,,2.0985,1193680.0,raspberry_pi_seeed_gsr,"1193680,2.0985"
2026-05-31T15:25:20.240,test67,self_20260531_152452,clip_100,1,rest,,2.0953,1193701.0,raspberry_pi_seeed_gsr,"1193701,2.0953"
2026-05-31T15:25:20.261,test67,self_20260531_152452,clip_100,1,rest,,2.0977,1193722.0,raspberry_pi_seeed_gsr,"1193722,2.0977"
2026-05-31T15:25:20.282,test67,self_20260531_152452,clip_100,1,rest,,2.0993,1193743.0,raspberry_pi_seeed_gsr,"1193743,2.0993"
2026-05-31T15:25:20.303,test67,self_20260531_152452,clip_100,1,rest,,2.0969,1193764.0,raspberry_pi_seeed_gsr,"1193764,2.0969"
2026-05-31T15:25:20.324,test67,self_20260531_152452,clip_100,1,rest,,2.0977,1193785.0,raspberry_pi_seeed_gsr,"1193785,2.0977"
2026-05-31T15:25:20.346,test67,self_20260531_152452,clip_100,1,rest,,2.0896,1193806.0,raspberry_pi_seeed_gsr,"1193806,2.0896"
2026-05-31T15:25:20.366,test67,self_20260531_152452,clip_100,1,rest,,2.0937,1193827.0,raspberry_pi_seeed_gsr,"1193827,2.0937"
2026-05-31T15:25:20.387,test67,self_20260531_152452,clip_100,1,rest,,2.0993,1193848.0,raspberry_pi_seeed_gsr,"1193848,2.0993"
2026-05-31T15:25:20.408,test67,self_20260531_152452,clip_100,1,rest,,2.1025,1193869.0,raspberry_pi_seeed_gsr,"1193869,2.1025"
2026-05-31T15:25:20.429,test67,self_20260531_152452,clip_100,1,rest,,2.0961,1193890.0,raspberry_pi_seeed_gsr,"1193890,2.0961"
2026-05-31T15:25:20.451,test67,self_20260531_152452,clip_100,1,rest,,2.1001,1193911.0,raspberry_pi_seeed_gsr,"1193911,2.1001"
2026-05-31T15:25:20.471,test67,self_20260531_152452,clip_100,1,rest,,2.109,1193932.0,raspberry_pi_seeed_gsr,"1193932,2.1090"
2026-05-31T15:25:20.492,test67,self_20260531_152452,clip_100,1,rest,,2.0969,1193953.0,raspberry_pi_seeed_gsr,"1193953,2.0969"
2026-05-31T15:25:20.513,test67,self_20260531_152452,clip_100,1,rest,,2.1017,1193974.0,raspberry_pi_seeed_gsr,"1193974,2.1017"
2026-05-31T15:25:20.534,test67,self_20260531_152452,clip_100,1,rest,,2.0953,1193995.0,raspberry_pi_seeed_gsr,"1193995,2.0953"
2026-05-31T15:25:20.555,test67,self_20260531_152452,clip_100,1,rest,,2.0985,1194016.0,raspberry_pi_seeed_gsr,"1194016,2.0985"
2026-05-31T15:25:20.576,test67,self_20260531_152452,clip_100,1,rest,,2.1001,1194037.0,raspberry_pi_seeed_gsr,"1194037,2.1001"
2026-05-31T15:25:20.597,test67,self_20260531_152452,clip_100,1,rest,,2.1057,1194058.0,raspberry_pi_seeed_gsr,"1194058,2.1057"
2026-05-31T15:25:20.618,test67,self_20260531_152452,clip_100,1,rest,,2.0993,1194079.0,raspberry_pi_seeed_gsr,"1194079,2.0993"
2026-05-31T15:25:20.639,test67,self_20260531_152452,clip_100,1,rest,,2.0993,1194100.0,raspberry_pi_seeed_gsr,"1194100,2.0993"
2026-05-31T15:25:20.660,test67,self_20260531_152452,clip_100,1,rest,,2.0969,1194121.0,raspberry_pi_seeed_gsr,"1194121,2.0969"
2026-05-31T15:25:20.681,test67,self_20260531_152452,clip_100,1,rest,,2.0993,1194142.0,raspberry_pi_seeed_gsr,"1194142,2.0993"
2026-05-31T15:25:20.703,test67,self_20260531_152452,clip_100,1,rest,,2.0969,1194163.0,raspberry_pi_seeed_gsr,"1194163,2.0969"
2026-05-31T15:25:20.723,test67,self_20260531_152452,clip_100,1,rest,,2.1098,1194184.0,raspberry_pi_seeed_gsr,"1194184,2.1098"
2026-05-31T15:25:20.744,test67,self_20260531_152452,clip_100,1,rest,,2.0993,1194205.0,raspberry_pi_seeed_gsr,"1194205,2.0993"
2026-05-31T15:25:20.765,test67,self_20260531_152452,clip_100,1,rest,,2.1057,1194226.0,raspberry_pi_seeed_gsr,"1194226,2.1057"
2026-05-31T15:25:20.786,test67,self_20260531_152452,clip_100,1,rest,,2.0985,1194247.0,raspberry_pi_seeed_gsr,"1194247,2.0985"
2026-05-31T15:25:20.807,test67,self_20260531_152452,clip_100,1,rest,,2.0985,1194268.0,raspberry_pi_seeed_gsr,"1194268,2.0985"
2026-05-31T15:25:20.828,test67,self_20260531_152452,clip_100,1,rest,,2.0993,1194289.0,raspberry_pi_seeed_gsr,"1194289,2.0993"
2026-05-31T15:25:20.849,test67,self_20260531_152452,clip_100,1,rest,,2.0985,1194310.0,raspberry_pi_seeed_gsr,"1194310,2.0985"
2026-05-31T15:25:20.870,test67,self_20260531_152452,clip_100,1,rest,,2.0993,1194331.0,raspberry_pi_seeed_gsr,"1194331,2.0993"
2026-05-31T15:25:20.891,test67,self_20260531_152452,clip_100,1,rest,,2.0888,1194352.0,raspberry_pi_seeed_gsr,"1194352,2.0888"
2026-05-31T15:25:20.913,test67,self_20260531_152452,clip_100,1,rest,,2.0985,1194373.0,raspberry_pi_seeed_gsr,"1194373,2.0985"
2026-05-31T15:25:20.934,test67,self_20260531_152452,clip_100,1,rest,,2.0977,1194394.0,raspberry_pi_seeed_gsr,"1194394,2.0977"
2026-05-31T15:25:20.954,test67,self_20260531_152452,clip_100,1,rest,,2.1001,1194415.0,raspberry_pi_seeed_gsr,"1194415,2.1001"
2026-05-31T15:25:20.975,test67,self_20260531_152452,clip_100,1,rest,,2.0985,1194436.0,raspberry_pi_seeed_gsr,"1194436,2.0985"
2026-05-31T15:25:20.996,test67,self_20260531_152452,clip_100,1,rest,,2.0985,1194457.0,raspberry_pi_seeed_gsr,"1194457,2.0985"
2026-05-31T15:25:21.017,test67,self_20260531_152452,clip_100,1,rest,,2.1082,1194478.0,raspberry_pi_seeed_gsr,"1194478,2.1082"
2026-05-31T15:25:21.038,test67,self_20260531_152452,clip_100,1,rest,,2.0928,1194499.0,raspberry_pi_seeed_gsr,"1194499,2.0928"
2026-05-31T15:25:21.059,test67,self_20260531_152452,clip_100,1,rest,,2.0993,1194520.0,raspberry_pi_seeed_gsr,"1194520,2.0993"
2026-05-31T15:25:21.080,test67,self_20260531_152452,clip_100,1,rest,,2.0993,1194541.0,raspberry_pi_seeed_gsr,"1194541,2.0993"
2026-05-31T15:25:21.101,test67,self_20260531_152452,clip_100,1,rest,,2.0993,1194562.0,raspberry_pi_seeed_gsr,"1194562,2.0993"
2026-05-31T15:25:21.122,test67,self_20260531_152452,clip_100,1,rest,,2.0985,1194583.0,raspberry_pi_seeed_gsr,"1194583,2.0985"
2026-05-31T15:25:21.143,test67,self_20260531_152452,clip_100,1,rest,,2.1033,1194604.0,raspberry_pi_seeed_gsr,"1194604,2.1033"
2026-05-31T15:25:21.164,test67,self_20260531_152452,clip_100,1,rest,,2.0977,1194625.0,raspberry_pi_seeed_gsr,"1194625,2.0977"
2026-05-31T15:25:21.185,test67,self_20260531_152452,clip_100,1,rest,,2.0953,1194646.0,raspberry_pi_seeed_gsr,"1194646,2.0953"
2026-05-31T15:25:21.206,test67,self_20260531_152452,clip_100,1,rest,,2.0993,1194667.0,raspberry_pi_seeed_gsr,"1194667,2.0993"
2026-05-31T15:25:21.227,test67,self_20260531_152452,clip_100,1,rest,,2.1001,1194688.0,raspberry_pi_seeed_gsr,"1194688,2.1001"
2026-05-31T15:25:21.248,test67,self_20260531_152452,clip_100,1,rest,,2.0985,1194709.0,raspberry_pi_seeed_gsr,"1194709,2.0985"
2026-05-31T15:25:21.269,test67,self_20260531_152452,clip_100,1,rest,,2.1049,1194730.0,raspberry_pi_seeed_gsr,"1194730,2.1049"
2026-05-31T15:25:21.290,test67,self_20260531_152452,clip_100,1,rest,,2.0969,1194751.0,raspberry_pi_seeed_gsr,"1194751,2.0969"
2026-05-31T15:25:21.311,test67,self_20260531_152452,clip_100,1,rest,,2.0969,1194772.0,raspberry_pi_seeed_gsr,"1194772,2.0969"
2026-05-31T15:25:21.332,test67,self_20260531_152452,clip_100,1,rest,,2.0993,1194793.0,raspberry_pi_seeed_gsr,"1194793,2.0993"
2026-05-31T15:25:21.354,test67,self_20260531_152452,clip_100,1,rest,,2.0969,1194814.0,raspberry_pi_seeed_gsr,"1194814,2.0969"
2026-05-31T15:25:21.374,test67,self_20260531_152452,clip_100,1,rest,,2.092,1194835.0,raspberry_pi_seeed_gsr,"1194835,2.0920"
2026-05-31T15:25:21.396,test67,self_20260531_152452,clip_100,1,rest,,2.0977,1194856.0,raspberry_pi_seeed_gsr,"1194856,2.0977"
2026-05-31T15:25:21.416,test67,self_20260531_152452,clip_100,1,rest,,2.1017,1194877.0,raspberry_pi_seeed_gsr,"1194877,2.1017"
2026-05-31T15:25:21.437,test67,self_20260531_152452,clip_100,1,rest,,2.0985,1194898.0,raspberry_pi_seeed_gsr,"1194898,2.0985"
2026-05-31T15:25:21.458,test67,self_20260531_152452,clip_100,1,rest,,2.0977,1194919.0,raspberry_pi_seeed_gsr,"1194919,2.0977"
2026-05-31T15:25:35.706,test67,self_20260531_152452,clip_100,1,listen,,49.0,,raspberry_pi_seeed_gsr,49
2026-05-31T15:25:35.706,test67,self_20260531_152452,clip_100,1,listen,,2.1009,1208547.0,raspberry_pi_seeed_gsr,"1208547,2.1009"
2026-05-31T15:25:35.707,test67,self_20260531_152452,clip_100,1,listen,,2.109,1208568.0,raspberry_pi_seeed_gsr,"1208568,2.1090"
2026-05-31T15:25:35.707,test67,self_20260531_152452,clip_100,1,listen,,2.0969,1208589.0,raspberry_pi_seeed_gsr,"1208589,2.0969"
2026-05-31T15:25:35.707,test67,self_20260531_152452,clip_100,1,listen,,2.1025,1208610.0,raspberry_pi_seeed_gsr,"1208610,2.1025"
2026-05-31T15:25:35.707,test67,self_20260531_152452,clip_100,1,listen,,2.1025,1208631.0,raspberry_pi_seeed_gsr,"1208631,2.1025"
2026-05-31T15:25:35.707,test67,self_20260531_152452,clip_100,1,listen,,2.0985,1208652.0,raspberry_pi_seeed_gsr,"1208652,2.0985"
2026-05-31T15:25:35.708,test67,self_20260531_152452,clip_100,1,listen,,2.1098,1208673.0,raspberry_pi_seeed_gsr,"1208673,2.1098"
2026-05-31T15:25:35.708,test67,self_20260531_152452,clip_100,1,listen,,2.1194,1208694.0,raspberry_pi_seeed_gsr,"1208694,2.1194"
2026-05-31T15:25:35.708,test67,self_20260531_152452,clip_100,1,listen,,2.1041,1208715.0,raspberry_pi_seeed_gsr,"1208715,2.1041"
2026-05-31T15:25:35.708,test67,self_20260531_152452,clip_100,1,listen,,2.109,1208736.0,raspberry_pi_seeed_gsr,"1208736,2.1090"
2026-05-31T15:25:35.708,test67,self_20260531_152452,clip_100,1,listen,,2.0888,1208757.0,raspberry_pi_seeed_gsr,"1208757,2.0888"
2026-05-31T15:25:35.709,test67,self_20260531_152452,clip_100,1,listen,,2.0993,1208778.0,raspberry_pi_seeed_gsr,"1208778,2.0993"
2026-05-31T15:25:35.709,test67,self_20260531_152452,clip_100,1,listen,,2.1057,1208799.0,raspberry_pi_seeed_gsr,"1208799,2.1057"
2026-05-31T15:25:35.709,test67,self_20260531_152452,clip_100,1,listen,,2.0969,1208820.0,raspberry_pi_seeed_gsr,"1208820,2.0969"
2026-05-31T15:25:35.709,test67,self_20260531_152452,clip_100,1,listen,,2.1114,1208841.0,raspberry_pi_seeed_gsr,"1208841,2.1114"
2026-05-31T15:25:35.709,test67,self_20260531_152452,clip_100,1,listen,,2.1082,1208862.0,raspberry_pi_seeed_gsr,"1208862,2.1082"
2026-05-31T15:25:35.709,test67,self_20260531_152452,clip_100,1,listen,,2.1065,1208883.0,raspberry_pi_seeed_gsr,"1208883,2.1065"
2026-05-31T15:25:35.710,test67,self_20260531_152452,clip_100,1,listen,,2.092,1208904.0,raspberry_pi_seeed_gsr,"1208904,2.0920"
2026-05-31T15:25:35.710,test67,self_20260531_152452,clip_100,1,listen,,2.1057,1208925.0,raspberry_pi_seeed_gsr,"1208925,2.1057"
2026-05-31T15:25:35.710,test67,self_20260531_152452,clip_100,1,listen,,2.0977,1208946.0,raspberry_pi_seeed_gsr,"1208946,2.0977"
2026-05-31T15:25:35.710,test67,self_20260531_152452,clip_100,1,listen,,2.0977,1208967.0,raspberry_pi_seeed_gsr,"1208967,2.0977"
2026-05-31T15:25:35.710,test67,self_20260531_152452,clip_100,1,listen,,2.1049,1208988.0,raspberry_pi_seeed_gsr,"1208988,2.1049"
2026-05-31T15:25:35.711,test67,self_20260531_152452,clip_100,1,listen,,2.0993,1209009.0,raspberry_pi_seeed_gsr,"1209009,2.0993"
2026-05-31T15:25:35.711,test67,self_20260531_152452,clip_100,1,listen,,2.1001,1209030.0,raspberry_pi_seeed_gsr,"1209030,2.1001"
2026-05-31T15:25:35.711,test67,self_20260531_152452,clip_100,1,listen,,2.0993,1209051.0,raspberry_pi_seeed_gsr,"1209051,2.0993"
2026-05-31T15:25:35.711,test67,self_20260531_152452,clip_100,1,listen,,2.1001,1209072.0,raspberry_pi_seeed_gsr,"1209072,2.1001"
2026-05-31T15:25:35.711,test67,self_20260531_152452,clip_100,1,listen,,2.1017,1209093.0,raspberry_pi_seeed_gsr,"1209093,2.1017"
2026-05-31T15:25:35.712,test67,self_20260531_152452,clip_100,1,listen,,2.1017,1209114.0,raspberry_pi_seeed_gsr,"1209114,2.1017"
2026-05-31T15:25:35.712,test67,self_20260531_152452,clip_100,1,listen,,2.1025,1209135.0,raspberry_pi_seeed_gsr,"1209135,2.1025"
2026-05-31T15:25:35.712,test67,self_20260531_152452,clip_100,1,listen,,2.1065,1209156.0,raspberry_pi_seeed_gsr,"1209156,2.1065"
2026-05-31T15:25:35.716,test67,self_20260531_152452,clip_100,1,listen,,2.0969,1209177.0,raspberry_pi_seeed_gsr,"1209177,2.0969"
2026-05-31T15:25:35.737,test67,self_20260531_152452,clip_100,1,listen,,2.0953,1209198.0,raspberry_pi_seeed_gsr,"1209198,2.0953"
2026-05-31T15:25:35.758,test67,self_20260531_152452,clip_100,1,listen,,2.0711,1209219.0,raspberry_pi_seeed_gsr,"1209219,2.0711"
2026-05-31T15:25:35.779,test67,self_20260531_152452,clip_100,1,listen,,2.0985,1209240.0,raspberry_pi_seeed_gsr,"1209240,2.0985"
2026-05-31T15:25:35.800,test67,self_20260531_152452,clip_100,1,listen,,2.1146,1209261.0,raspberry_pi_seeed_gsr,"1209261,2.1146"
2026-05-31T15:25:35.821,test67,self_20260531_152452,clip_100,1,listen,,2.0961,1209282.0,raspberry_pi_seeed_gsr,"1209282,2.0961"
2026-05-31T15:25:35.842,test67,self_20260531_152452,clip_100,1,listen,,2.1049,1209303.0,raspberry_pi_seeed_gsr,"1209303,2.1049"
2026-05-31T15:25:35.863,test67,self_20260531_152452,clip_100,1,listen,,2.1017,1209324.0,raspberry_pi_seeed_gsr,"1209324,2.1017"
2026-05-31T15:25:35.884,test67,self_20260531_152452,clip_100,1,listen,,2.0993,1209345.0,raspberry_pi_seeed_gsr,"1209345,2.0993"
2026-05-31T15:25:35.905,test67,self_20260531_152452,clip_100,1,listen,,2.0977,1209366.0,raspberry_pi_seeed_gsr,"1209366,2.0977"
2026-05-31T15:25:35.926,test67,self_20260531_152452,clip_100,1,listen,,2.0953,1209387.0,raspberry_pi_seeed_gsr,"1209387,2.0953"
2026-05-31T15:25:35.947,test67,self_20260531_152452,clip_100,1,listen,,2.1339,1209408.0,raspberry_pi_seeed_gsr,"1209408,2.1339"
2026-05-31T15:25:35.968,test67,self_20260531_152452,clip_100,1,listen,,2.0945,1209429.0,raspberry_pi_seeed_gsr,"1209429,2.0945"
2026-05-31T15:25:35.989,test67,self_20260531_152452,clip_100,1,listen,,2.1251,1209450.0,raspberry_pi_seeed_gsr,"1209450,2.1251"
2026-05-31T15:25:36.011,test67,self_20260531_152452,clip_100,1,listen,,2.1098,1209471.0,raspberry_pi_seeed_gsr,"1209471,2.1098"
2026-05-31T15:25:36.031,test67,self_20260531_152452,clip_100,1,listen,,2.1001,1209492.0,raspberry_pi_seeed_gsr,"1209492,2.1001"
2026-05-31T15:25:36.053,test67,self_20260531_152452,clip_100,1,listen,,2.1041,1209513.0,raspberry_pi_seeed_gsr,"1209513,2.1041"
2026-05-31T15:25:36.074,test67,self_20260531_152452,clip_100,1,listen,,2.1017,1209534.0,raspberry_pi_seeed_gsr,"1209534,2.1017"
2026-05-31T15:25:36.095,test67,self_20260531_152452,clip_100,1,listen,,2.1025,1209555.0,raspberry_pi_seeed_gsr,"1209555,2.1025"
2026-05-31T15:25:36.116,test67,self_20260531_152452,clip_100,1,listen,,2.0912,1209576.0,raspberry_pi_seeed_gsr,"1209576,2.0912"
2026-05-31T15:25:36.137,test67,self_20260531_152452,clip_100,1,listen,,2.1001,1209597.0,raspberry_pi_seeed_gsr,"1209597,2.1001"
2026-05-31T15:25:36.158,test67,self_20260531_152452,clip_100,1,listen,,2.1001,1209618.0,raspberry_pi_seeed_gsr,"1209618,2.1001"
2026-05-31T15:25:36.179,test67,self_20260531_152452,clip_100,1,listen,,2.0993,1209639.0,raspberry_pi_seeed_gsr,"1209639,2.0993"
2026-05-31T15:25:36.200,test67,self_20260531_152452,clip_100,1,listen,,2.1017,1209660.0,raspberry_pi_seeed_gsr,"1209660,2.1017"
2026-05-31T15:25:36.221,test67,self_20260531_152452,clip_100,1,listen,,2.0928,1209681.0,raspberry_pi_seeed_gsr,"1209681,2.0928"
2026-05-31T15:25:36.242,test67,self_20260531_152452,clip_100,1,listen,,2.0969,1209702.0,raspberry_pi_seeed_gsr,"1209702,2.0969"
2026-05-31T15:25:36.263,test67,self_20260531_152452,clip_100,1,listen,,2.1001,1209723.0,raspberry_pi_seeed_gsr,"1209723,2.1001"
2026-05-31T15:25:36.283,test67,self_20260531_152452,clip_100,1,listen,,2.1001,1209744.0,raspberry_pi_seeed_gsr,"1209744,2.1001"
2026-05-31T15:25:36.305,test67,self_20260531_152452,clip_100,1,listen,,2.0985,1209765.0,raspberry_pi_seeed_gsr,"1209765,2.0985"
2026-05-31T15:25:36.325,test67,self_20260531_152452,clip_100,1,listen,,2.0993,1209786.0,raspberry_pi_seeed_gsr,"1209786,2.0993"
2026-05-31T15:25:36.346,test67,self_20260531_152452,clip_100,1,listen,,2.0985,1209807.0,raspberry_pi_seeed_gsr,"1209807,2.0985"
2026-05-31T15:25:36.368,test67,self_20260531_152452,clip_100,1,listen,,2.0993,1209828.0,raspberry_pi_seeed_gsr,"1209828,2.0993"
2026-05-31T15:25:36.389,test67,self_20260531_152452,clip_100,1,listen,,2.0977,1209849.0,raspberry_pi_seeed_gsr,"1209849,2.0977"
2026-05-31T15:25:36.410,test67,self_20260531_152452,clip_100,1,listen,,2.1073,1209870.0,raspberry_pi_seeed_gsr,"1209870,2.1073"
2026-05-31T15:25:36.430,test67,self_20260531_152452,clip_100,1,listen,,2.0985,1209891.0,raspberry_pi_seeed_gsr,"1209891,2.0985"
2026-05-31T15:25:36.451,test67,self_20260531_152452,clip_100,1,listen,,2.1025,1209912.0,raspberry_pi_seeed_gsr,"1209912,2.1025"
2026-05-31T15:25:36.472,test67,self_20260531_152452,clip_100,1,listen,,2.0969,1209933.0,raspberry_pi_seeed_gsr,"1209933,2.0969"
2026-05-31T15:25:36.493,test67,self_20260531_152452,clip_100,1,listen,,2.0977,1209954.0,raspberry_pi_seeed_gsr,"1209954,2.0977"
2026-05-31T15:25:36.514,test67,self_20260531_152452,clip_100,1,listen,,2.109,1209975.0,raspberry_pi_seeed_gsr,"1209975,2.1090"
2026-05-31T15:25:36.535,test67,self_20260531_152452,clip_100,1,listen,,2.1001,1209996.0,raspberry_pi_seeed_gsr,"1209996,2.1001"
2026-05-31T15:25:36.556,test67,self_20260531_152452,clip_100,1,listen,,2.0993,1210017.0,raspberry_pi_seeed_gsr,"1210017,2.0993"
2026-05-31T15:25:36.577,test67,self_20260531_152452,clip_100,1,listen,,2.1436,1210038.0,raspberry_pi_seeed_gsr,"1210038,2.1436"
2026-05-31T15:25:36.598,test67,self_20260531_152452,clip_100,1,listen,,2.1009,1210059.0,raspberry_pi_seeed_gsr,"1210059,2.1009"
2026-05-31T15:25:36.619,test67,self_20260531_152452,clip_100,1,listen,,2.0912,1210080.0,raspberry_pi_seeed_gsr,"1210080,2.0912"
2026-05-31T15:25:36.640,test67,self_20260531_152452,clip_100,1,listen,,2.1114,1210101.0,raspberry_pi_seeed_gsr,"1210101,2.1114"
2026-05-31T15:25:36.661,test67,self_20260531_152452,clip_100,1,listen,,2.1001,1210122.0,raspberry_pi_seeed_gsr,"1210122,2.1001"
2026-05-31T15:25:36.682,test67,self_20260531_152452,clip_100,1,listen,,2.0953,1210143.0,raspberry_pi_seeed_gsr,"1210143,2.0953"
2026-05-31T15:25:36.703,test67,self_20260531_152452,clip_100,1,listen,,2.1033,1210164.0,raspberry_pi_seeed_gsr,"1210164,2.1033"
2026-05-31T15:25:36.724,test67,self_20260531_152452,clip_100,1,listen,,2.1001,1210185.0,raspberry_pi_seeed_gsr,"1210185,2.1001"
2026-05-31T15:25:36.746,test67,self_20260531_152452,clip_100,1,listen,,2.0961,1210206.0,raspberry_pi_seeed_gsr,"1210206,2.0961"
2026-05-31T15:25:36.767,test67,self_20260531_152452,clip_100,1,listen,,2.092,1210227.0,raspberry_pi_seeed_gsr,"1210227,2.0920"
2026-05-31T15:25:36.787,test67,self_20260531_152452,clip_100,1,listen,,2.1073,1210248.0,raspberry_pi_seeed_gsr,"1210248,2.1073"
2026-05-31T15:25:36.809,test67,self_20260531_152452,clip_100,1,listen,,2.0961,1210269.0,raspberry_pi_seeed_gsr,"1210269,2.0961"
2026-05-31T15:25:36.830,test67,self_20260531_152452,clip_100,1,listen,,2.1009,1210290.0,raspberry_pi_seeed_gsr,"1210290,2.1009"
2026-05-31T15:25:36.851,test67,self_20260531_152452,clip_100,1,listen,,2.0912,1210311.0,raspberry_pi_seeed_gsr,"1210311,2.0912"
2026-05-31T15:25:36.871,test67,self_20260531_152452,clip_100,1,listen,,2.0977,1210332.0,raspberry_pi_seeed_gsr,"1210332,2.0977"
2026-05-31T15:25:36.892,test67,self_20260531_152452,clip_100,1,listen,,2.0928,1210353.0,raspberry_pi_seeed_gsr,"1210353,2.0928"
2026-05-31T15:25:36.913,test67,self_20260531_152452,clip_100,1,listen,,2.0961,1210374.0,raspberry_pi_seeed_gsr,"1210374,2.0961"
2026-05-31T15:25:36.935,test67,self_20260531_152452,clip_100,1,listen,,2.0953,1210395.0,raspberry_pi_seeed_gsr,"1210395,2.0953"
2026-05-31T15:25:36.956,test67,self_20260531_152452,clip_100,1,listen,,2.0993,1210416.0,raspberry_pi_seeed_gsr,"1210416,2.0993"
2026-05-31T15:25:36.976,test67,self_20260531_152452,clip_100,1,listen,,2.0928,1210437.0,raspberry_pi_seeed_gsr,"1210437,2.0928"
2026-05-31T15:25:36.997,test67,self_20260531_152452,clip_100,1,listen,,2.1138,1210458.0,raspberry_pi_seeed_gsr,"1210458,2.1138"
2026-05-31T15:25:37.018,test67,self_20260531_152452,clip_100,1,listen,,2.08,1210479.0,raspberry_pi_seeed_gsr,"1210479,2.0800"
2026-05-31T15:25:37.039,test67,self_20260531_152452,clip_100,1,listen,,2.1065,1210500.0,raspberry_pi_seeed_gsr,"1210500,2.1065"
2026-05-31T15:25:37.060,test67,self_20260531_152452,clip_100,1,listen,,2.1009,1210521.0,raspberry_pi_seeed_gsr,"1210521,2.1009"
2026-05-31T15:25:37.081,test67,self_20260531_152452,clip_100,1,listen,,2.0904,1210542.0,raspberry_pi_seeed_gsr,"1210542,2.0904"
2026-05-31T15:25:37.102,test67,self_20260531_152452,clip_100,1,listen,,2.0985,1210563.0,raspberry_pi_seeed_gsr,"1210563,2.0985"
2026-05-31T15:25:37.123,test67,self_20260531_152452,clip_100,1,listen,,2.1065,1210584.0,raspberry_pi_seeed_gsr,"1210584,2.1065"
2026-05-31T15:25:37.145,test67,self_20260531_152452,clip_100,1,listen,,2.1041,1210605.0,raspberry_pi_seeed_gsr,"1210605,2.1041"
2026-05-31T15:25:37.166,test67,self_20260531_152452,clip_100,1,listen,,2.109,1210626.0,raspberry_pi_seeed_gsr,"1210626,2.1090"
2026-05-31T15:25:37.187,test67,self_20260531_152452,clip_100,1,listen,,2.1017,1210647.0,raspberry_pi_seeed_gsr,"1210647,2.1017"
2026-05-31T15:25:37.207,test67,self_20260531_152452,clip_100,1,listen,,2.1001,1210668.0,raspberry_pi_seeed_gsr,"1210668,2.1001"
2026-05-31T15:25:37.228,test67,self_20260531_152452,clip_100,1,listen,,2.0993,1210689.0,raspberry_pi_seeed_gsr,"1210689,2.0993"
2026-05-31T15:25:37.249,test67,self_20260531_152452,clip_100,1,listen,,2.0977,1210710.0,raspberry_pi_seeed_gsr,"1210710,2.0977"
2026-05-31T15:25:37.271,test67,self_20260531_152452,clip_100,1,listen,,2.1017,1210731.0,raspberry_pi_seeed_gsr,"1210731,2.1017"
2026-05-31T15:25:37.292,test67,self_20260531_152452,clip_100,1,listen,,2.0977,1210752.0,raspberry_pi_seeed_gsr,"1210752,2.0977"
2026-05-31T15:25:37.313,test67,self_20260531_152452,clip_100,1,listen,,2.0896,1210773.0,raspberry_pi_seeed_gsr,"1210773,2.0896"
2026-05-31T15:25:37.334,test67,self_20260531_152452,clip_100,1,listen,,2.1082,1210794.0,raspberry_pi_seeed_gsr,"1210794,2.1082"
2026-05-31T15:25:37.355,test67,self_20260531_152452,clip_100,1,listen,,2.0953,1210815.0,raspberry_pi_seeed_gsr,"1210815,2.0953"
2026-05-31T15:25:37.376,test67,self_20260531_152452,clip_100,1,listen,,2.0985,1210836.0,raspberry_pi_seeed_gsr,"1210836,2.0985"
2026-05-31T15:25:37.397,test67,self_20260531_152452,clip_100,1,listen,,2.092,1210857.0,raspberry_pi_seeed_gsr,"1210857,2.0920"
2026-05-31T15:25:37.418,test67,self_20260531_152452,clip_100,1,listen,,2.0953,1210878.0,raspberry_pi_seeed_gsr,"1210878,2.0953"
2026-05-31T15:25:37.439,test67,self_20260531_152452,clip_100,1,listen,,2.0912,1210899.0,raspberry_pi_seeed_gsr,"1210899,2.0912"
2026-05-31T15:25:37.460,test67,self_20260531_152452,clip_100,1,listen,,2.1049,1210920.0,raspberry_pi_seeed_gsr,"1210920,2.1049"
2026-05-31T15:25:37.481,test67,self_20260531_152452,clip_100,1,listen,,2.1033,1210941.0,raspberry_pi_seeed_gsr,"1210941,2.1033"
2026-05-31T15:25:37.502,test67,self_20260531_152452,clip_100,1,listen,,2.1106,1210962.0,raspberry_pi_seeed_gsr,"1210962,2.1106"
2026-05-31T15:25:37.522,test67,self_20260531_152452,clip_100,1,listen,,2.092,1210983.0,raspberry_pi_seeed_gsr,"1210983,2.0920"
2026-05-31T15:25:37.543,test67,self_20260531_152452,clip_100,1,listen,,2.1009,1211004.0,raspberry_pi_seeed_gsr,"1211004,2.1009"
2026-05-31T15:25:37.564,test67,self_20260531_152452,clip_100,1,listen,,2.0953,1211025.0,raspberry_pi_seeed_gsr,"1211025,2.0953"
2026-05-31T15:25:37.585,test67,self_20260531_152452,clip_100,1,listen,,2.1033,1211046.0,raspberry_pi_seeed_gsr,"1211046,2.1033"
2026-05-31T15:25:37.606,test67,self_20260531_152452,clip_100,1,listen,,2.1009,1211067.0,raspberry_pi_seeed_gsr,"1211067,2.1009"
2026-05-31T15:25:37.627,test67,self_20260531_152452,clip_100,1,listen,,2.0985,1211088.0,raspberry_pi_seeed_gsr,"1211088,2.0985"
2026-05-31T15:25:37.648,test67,self_20260531_152452,clip_100,1,listen,,2.1001,1211109.0,raspberry_pi_seeed_gsr,"1211109,2.1001"
2026-05-31T15:25:37.669,test67,self_20260531_152452,clip_100,1,listen,,2.0969,1211130.0,raspberry_pi_seeed_gsr,"1211130,2.0969"
2026-05-31T15:25:37.691,test67,self_20260531_152452,clip_100,1,listen,,2.1009,1211151.0,raspberry_pi_seeed_gsr,"1211151,2.1009"
2026-05-31T15:25:37.712,test67,self_20260531_152452,clip_100,1,listen,,2.0961,1211172.0,raspberry_pi_seeed_gsr,"1211172,2.0961"
2026-05-31T15:25:37.732,test67,self_20260531_152452,clip_100,1,listen,,2.0896,1211193.0,raspberry_pi_seeed_gsr,"1211193,2.0896"
2026-05-31T15:25:37.754,test67,self_20260531_152452,clip_100,1,listen,,2.0848,1211214.0,raspberry_pi_seeed_gsr,"1211214,2.0848"
2026-05-31T15:25:37.775,test67,self_20260531_152452,clip_100,1,listen,,2.0969,1211235.0,raspberry_pi_seeed_gsr,"1211235,2.0969"
2026-05-31T15:25:37.796,test67,self_20260531_152452,clip_100,1,listen,,2.0985,1211256.0,raspberry_pi_seeed_gsr,"1211256,2.0985"
2026-05-31T15:25:37.817,test67,self_20260531_152452,clip_100,1,listen,,2.0969,1211277.0,raspberry_pi_seeed_gsr,"1211277,2.0969"
2026-05-31T15:25:37.838,test67,self_20260531_152452,clip_100,1,listen,,2.0969,1211298.0,raspberry_pi_seeed_gsr,"1211298,2.0969"
2026-05-31T15:25:37.859,test67,self_20260531_152452,clip_100,1,listen,,2.1049,1211319.0,raspberry_pi_seeed_gsr,"1211319,2.1049"
2026-05-31T15:25:37.880,test67,self_20260531_152452,clip_100,1,listen,,2.092,1211340.0,raspberry_pi_seeed_gsr,"1211340,2.0920"
2026-05-31T15:25:37.901,test67,self_20260531_152452,clip_100,1,listen,,2.092,1211361.0,raspberry_pi_seeed_gsr,"1211361,2.0920"
2026-05-31T15:25:37.922,test67,self_20260531_152452,clip_100,1,listen,,2.1041,1211382.0,raspberry_pi_seeed_gsr,"1211382,2.1041"
2026-05-31T15:25:37.943,test67,self_20260531_152452,clip_100,1,listen,,2.1082,1211403.0,raspberry_pi_seeed_gsr,"1211403,2.1082"
2026-05-31T15:25:37.963,test67,self_20260531_152452,clip_100,1,listen,,2.1178,1211424.0,raspberry_pi_seeed_gsr,"1211424,2.1178"
2026-05-31T15:25:37.985,test67,self_20260531_152452,clip_100,1,listen,,2.0969,1211445.0,raspberry_pi_seeed_gsr,"1211445,2.0969"
2026-05-31T15:25:38.006,test67,self_20260531_152452,clip_100,1,listen,,2.1017,1211466.0,raspberry_pi_seeed_gsr,"1211466,2.1017"
2026-05-31T15:25:38.027,test67,self_20260531_152452,clip_100,1,listen,,2.1057,1211487.0,raspberry_pi_seeed_gsr,"1211487,2.1057"
2026-05-31T15:25:38.047,test67,self_20260531_152452,clip_100,1,listen,,2.1017,1211508.0,raspberry_pi_seeed_gsr,"1211508,2.1017"
2026-05-31T15:25:38.069,test67,self_20260531_152452,clip_100,1,listen,,2.1065,1211529.0,raspberry_pi_seeed_gsr,"1211529,2.1065"
2026-05-31T15:25:38.089,test67,self_20260531_152452,clip_100,1,listen,,2.0969,1211550.0,raspberry_pi_seeed_gsr,"1211550,2.0969"
2026-05-31T15:25:38.111,test67,self_20260531_152452,clip_100,1,listen,,2.1057,1211571.0,raspberry_pi_seeed_gsr,"1211571,2.1057"
2026-05-31T15:25:38.131,test67,self_20260531_152452,clip_100,1,listen,,2.0993,1211592.0,raspberry_pi_seeed_gsr,"1211592,2.0993"
2026-05-31T15:25:38.152,test67,self_20260531_152452,clip_100,1,listen,,2.0816,1211613.0,raspberry_pi_seeed_gsr,"1211613,2.0816"
2026-05-31T15:25:38.173,test67,self_20260531_152452,clip_100,1,listen,,2.1033,1211634.0,raspberry_pi_seeed_gsr,"1211634,2.1033"
2026-05-31T15:25:38.194,test67,self_20260531_152452,clip_100,1,listen,,2.0969,1211655.0,raspberry_pi_seeed_gsr,"1211655,2.0969"
2026-05-31T15:25:38.215,test67,self_20260531_152452,clip_100,1,listen,,2.0928,1211676.0,raspberry_pi_seeed_gsr,"1211676,2.0928"
2026-05-31T15:25:38.236,test67,self_20260531_152452,clip_100,1,listen,,2.092,1211697.0,raspberry_pi_seeed_gsr,"1211697,2.0920"
2026-05-31T15:25:38.257,test67,self_20260531_152452,clip_100,1,listen,,2.0993,1211718.0,raspberry_pi_seeed_gsr,"1211718,2.0993"
2026-05-31T15:25:38.278,test67,self_20260531_152452,clip_100,1,listen,,2.1283,1211739.0,raspberry_pi_seeed_gsr,"1211739,2.1283"
2026-05-31T15:25:38.299,test67,self_20260531_152452,clip_100,1,listen,,2.0937,1211760.0,raspberry_pi_seeed_gsr,"1211760,2.0937"
2026-05-31T15:25:38.320,test67,self_20260531_152452,clip_100,1,listen,,2.0993,1211781.0,raspberry_pi_seeed_gsr,"1211781,2.0993"
2026-05-31T15:25:38.341,test67,self_20260531_152452,clip_100,1,listen,,2.1033,1211802.0,raspberry_pi_seeed_gsr,"1211802,2.1033"
2026-05-31T15:25:38.362,test67,self_20260531_152452,clip_100,1,listen,,2.1017,1211823.0,raspberry_pi_seeed_gsr,"1211823,2.1017"
2026-05-31T15:25:38.383,test67,self_20260531_152452,clip_100,1,listen,,2.0912,1211844.0,raspberry_pi_seeed_gsr,"1211844,2.0912"
2026-05-31T15:25:38.404,test67,self_20260531_152452,clip_100,1,listen,,2.1154,1211865.0,raspberry_pi_seeed_gsr,"1211865,2.1154"
2026-05-31T15:25:38.425,test67,self_20260531_152452,clip_100,1,listen,,2.0961,1211886.0,raspberry_pi_seeed_gsr,"1211886,2.0961"
2026-05-31T15:25:38.446,test67,self_20260531_152452,clip_100,1,listen,,2.0912,1211907.0,raspberry_pi_seeed_gsr,"1211907,2.0912"
2026-05-31T15:25:38.468,test67,self_20260531_152452,clip_100,1,listen,,2.0864,1211928.0,raspberry_pi_seeed_gsr,"1211928,2.0864"
2026-05-31T15:25:38.489,test67,self_20260531_152452,clip_100,1,listen,,2.0912,1211949.0,raspberry_pi_seeed_gsr,"1211949,2.0912"
2026-05-31T15:25:38.510,test67,self_20260531_152452,clip_100,1,listen,,2.1025,1211970.0,raspberry_pi_seeed_gsr,"1211970,2.1025"
2026-05-31T15:25:38.531,test67,self_20260531_152452,clip_100,1,listen,,2.0848,1211991.0,raspberry_pi_seeed_gsr,"1211991,2.0848"
2026-05-31T15:25:38.552,test67,self_20260531_152452,clip_100,1,listen,,2.1041,1212012.0,raspberry_pi_seeed_gsr,"1212012,2.1041"
2026-05-31T15:25:38.572,test67,self_20260531_152452,clip_100,1,listen,,2.0993,1212033.0,raspberry_pi_seeed_gsr,"1212033,2.0993"
2026-05-31T15:25:38.594,test67,self_20260531_152452,clip_100,1,listen,,2.0985,1212054.0,raspberry_pi_seeed_gsr,"1212054,2.0985"
2026-05-31T15:25:38.615,test67,self_20260531_152452,clip_100,1,listen,,2.0969,1212075.0,raspberry_pi_seeed_gsr,"1212075,2.0969"
2026-05-31T15:25:38.636,test67,self_20260531_152452,clip_100,1,listen,,2.1049,1212096.0,raspberry_pi_seeed_gsr,"1212096,2.1049"
2026-05-31T15:25:38.657,test67,self_20260531_152452,clip_100,1,listen,,2.0953,1212117.0,raspberry_pi_seeed_gsr,"1212117,2.0953"
2026-05-31T15:25:38.678,test67,self_20260531_152452,clip_100,1,listen,,2.0993,1212138.0,raspberry_pi_seeed_gsr,"1212138,2.0993"
2026-05-31T15:25:38.699,test67,self_20260531_152452,clip_100,1,listen,,2.1025,1212159.0,raspberry_pi_seeed_gsr,"1212159,2.1025"
2026-05-31T15:25:38.720,test67,self_20260531_152452,clip_100,1,listen,,2.0783,1212180.0,raspberry_pi_seeed_gsr,"1212180,2.0783"
2026-05-31T15:25:38.741,test67,self_20260531_152452,clip_100,1,listen,,2.1025,1212201.0,raspberry_pi_seeed_gsr,"1212201,2.1025"
2026-05-31T15:25:38.762,test67,self_20260531_152452,clip_100,1,listen,,2.0985,1212222.0,raspberry_pi_seeed_gsr,"1212222,2.0985"
2026-05-31T15:25:38.783,test67,self_20260531_152452,clip_100,1,listen,,2.0896,1212243.0,raspberry_pi_seeed_gsr,"1212243,2.0896"
2026-05-31T15:25:38.804,test67,self_20260531_152452,clip_100,1,listen,,2.0977,1212264.0,raspberry_pi_seeed_gsr,"1212264,2.0977"
2026-05-31T15:25:38.825,test67,self_20260531_152452,clip_100,1,listen,,2.0937,1212285.0,raspberry_pi_seeed_gsr,"1212285,2.0937"
2026-05-31T15:25:38.846,test67,self_20260531_152452,clip_100,1,listen,,2.092,1212306.0,raspberry_pi_seeed_gsr,"1212306,2.0920"
2026-05-31T15:25:38.867,test67,self_20260531_152452,clip_100,1,listen,,2.1114,1212327.0,raspberry_pi_seeed_gsr,"1212327,2.1114"
2026-05-31T15:25:38.888,test67,self_20260531_152452,clip_100,1,listen,,2.1057,1212348.0,raspberry_pi_seeed_gsr,"1212348,2.1057"
2026-05-31T15:25:38.909,test67,self_20260531_152452,clip_100,1,listen,,2.0912,1212369.0,raspberry_pi_seeed_gsr,"1212369,2.0912"
2026-05-31T15:25:38.929,test67,self_20260531_152452,clip_100,1,listen,,2.0969,1212390.0,raspberry_pi_seeed_gsr,"1212390,2.0969"
2026-05-31T15:25:38.951,test67,self_20260531_152452,clip_100,1,listen,,2.0912,1212411.0,raspberry_pi_seeed_gsr,"1212411,2.0912"
2026-05-31T15:25:38.972,test67,self_20260531_152452,clip_100,1,listen,,2.0655,1212432.0,raspberry_pi_seeed_gsr,"1212432,2.0655"
2026-05-31T15:25:38.993,test67,self_20260531_152452,clip_100,1,listen,,2.0848,1212453.0,raspberry_pi_seeed_gsr,"1212453,2.0848"
2026-05-31T15:25:39.014,test67,self_20260531_152452,clip_100,1,listen,,2.0937,1212474.0,raspberry_pi_seeed_gsr,"1212474,2.0937"
2026-05-31T15:25:39.035,test67,self_20260531_152452,clip_100,1,listen,,2.0953,1212495.0,raspberry_pi_seeed_gsr,"1212495,2.0953"
2026-05-31T15:25:39.056,test67,self_20260531_152452,clip_100,1,listen,,2.0977,1212516.0,raspberry_pi_seeed_gsr,"1212516,2.0977"
2026-05-31T15:25:39.077,test67,self_20260531_152452,clip_100,1,listen,,2.092,1212537.0,raspberry_pi_seeed_gsr,"1212537,2.0920"
2026-05-31T15:25:39.097,test67,self_20260531_152452,clip_100,1,listen,,2.1009,1212558.0,raspberry_pi_seeed_gsr,"1212558,2.1009"
2026-05-31T15:25:39.119,test67,self_20260531_152452,clip_100,1,listen,,2.1017,1212579.0,raspberry_pi_seeed_gsr,"1212579,2.1017"
2026-05-31T15:25:39.140,test67,self_20260531_152452,clip_100,1,listen,,2.0872,1212600.0,raspberry_pi_seeed_gsr,"1212600,2.0872"
2026-05-31T15:25:39.161,test67,self_20260531_152452,clip_100,1,listen,,2.0928,1212621.0,raspberry_pi_seeed_gsr,"1212621,2.0928"
2026-05-31T15:25:39.181,test67,self_20260531_152452,clip_100,1,listen,,2.0969,1212642.0,raspberry_pi_seeed_gsr,"1212642,2.0969"
2026-05-31T15:25:39.203,test67,self_20260531_152452,clip_100,1,listen,,2.0993,1212663.0,raspberry_pi_seeed_gsr,"1212663,2.0993"
2026-05-31T15:25:39.224,test67,self_20260531_152452,clip_100,1,listen,,2.0969,1212684.0,raspberry_pi_seeed_gsr,"1212684,2.0969"
2026-05-31T15:25:39.245,test67,self_20260531_152452,clip_100,1,listen,,2.092,1212705.0,raspberry_pi_seeed_gsr,"1212705,2.0920"
2026-05-31T15:25:39.266,test67,self_20260531_152452,clip_100,1,listen,,2.0791,1212726.0,raspberry_pi_seeed_gsr,"1212726,2.0791"
2026-05-31T15:25:39.287,test67,self_20260531_152452,clip_100,1,listen,,2.0993,1212747.0,raspberry_pi_seeed_gsr,"1212747,2.0993"
2026-05-31T15:25:39.308,test67,self_20260531_152452,clip_100,1,listen,,2.1082,1212768.0,raspberry_pi_seeed_gsr,"1212768,2.1082"
2026-05-31T15:25:39.328,test67,self_20260531_152452,clip_100,1,listen,,2.1041,1212789.0,raspberry_pi_seeed_gsr,"1212789,2.1041"
2026-05-31T15:25:39.350,test67,self_20260531_152452,clip_100,1,listen,,2.0928,1212810.0,raspberry_pi_seeed_gsr,"1212810,2.0928"
2026-05-31T15:25:39.371,test67,self_20260531_152452,clip_100,1,listen,,2.1017,1212831.0,raspberry_pi_seeed_gsr,"1212831,2.1017"
2026-05-31T15:25:39.392,test67,self_20260531_152452,clip_100,1,listen,,2.1001,1212852.0,raspberry_pi_seeed_gsr,"1212852,2.1001"
2026-05-31T15:25:39.413,test67,self_20260531_152452,clip_100,1,listen,,2.1057,1212873.0,raspberry_pi_seeed_gsr,"1212873,2.1057"
2026-05-31T15:25:39.434,test67,self_20260531_152452,clip_100,1,listen,,2.1049,1212894.0,raspberry_pi_seeed_gsr,"1212894,2.1049"
2026-05-31T15:25:39.455,test67,self_20260531_152452,clip_100,1,listen,,2.1017,1212915.0,raspberry_pi_seeed_gsr,"1212915,2.1017"
2026-05-31T15:25:39.476,test67,self_20260531_152452,clip_100,1,listen,,2.0961,1212936.0,raspberry_pi_seeed_gsr,"1212936,2.0961"
2026-05-31T15:25:39.497,test67,self_20260531_152452,clip_100,1,listen,,2.1001,1212957.0,raspberry_pi_seeed_gsr,"1212957,2.1001"
2026-05-31T15:25:39.518,test67,self_20260531_152452,clip_100,1,listen,,2.0993,1212978.0,raspberry_pi_seeed_gsr,"1212978,2.0993"
2026-05-31T15:25:39.538,test67,self_20260531_152452,clip_100,1,listen,,2.1106,1212999.0,raspberry_pi_seeed_gsr,"1212999,2.1106"
2026-05-31T15:25:39.560,test67,self_20260531_152452,clip_100,1,listen,,2.0985,1213020.0,raspberry_pi_seeed_gsr,"1213020,2.0985"
2026-05-31T15:25:39.581,test67,self_20260531_152452,clip_100,1,listen,,2.1033,1213041.0,raspberry_pi_seeed_gsr,"1213041,2.1033"
2026-05-31T15:25:39.602,test67,self_20260531_152452,clip_100,1,listen,,2.1049,1213062.0,raspberry_pi_seeed_gsr,"1213062,2.1049"
2026-05-31T15:25:39.622,test67,self_20260531_152452,clip_100,1,listen,,2.0969,1213083.0,raspberry_pi_seeed_gsr,"1213083,2.0969"
2026-05-31T15:25:39.644,test67,self_20260531_152452,clip_100,1,listen,,2.0977,1213104.0,raspberry_pi_seeed_gsr,"1213104,2.0977"
2026-05-31T15:25:39.664,test67,self_20260531_152452,clip_100,1,listen,,2.1017,1213125.0,raspberry_pi_seeed_gsr,"1213125,2.1017"
2026-05-31T15:25:39.686,test67,self_20260531_152452,clip_100,1,listen,,2.1033,1213146.0,raspberry_pi_seeed_gsr,"1213146,2.1033"
2026-05-31T15:25:39.706,test67,self_20260531_152452,clip_100,1,listen,,2.0961,1213167.0,raspberry_pi_seeed_gsr,"1213167,2.0961"
2026-05-31T15:25:39.728,test67,self_20260531_152452,clip_100,1,listen,,2.0977,1213188.0,raspberry_pi_seeed_gsr,"1213188,2.0977"
2026-05-31T15:25:39.749,test67,self_20260531_152452,clip_100,1,listen,,2.1025,1213209.0,raspberry_pi_seeed_gsr,"1213209,2.1025"
2026-05-31T15:25:39.770,test67,self_20260531_152452,clip_100,1,listen,,2.0993,1213230.0,raspberry_pi_seeed_gsr,"1213230,2.0993"
2026-05-31T15:25:39.791,test67,self_20260531_152452,clip_100,1,listen,,2.1114,1213251.0,raspberry_pi_seeed_gsr,"1213251,2.1114"
2026-05-31T15:25:39.812,test67,self_20260531_152452,clip_100,1,listen,,2.1025,1213272.0,raspberry_pi_seeed_gsr,"1213272,2.1025"
2026-05-31T15:25:39.833,test67,self_20260531_152452,clip_100,1,listen,,2.1057,1213293.0,raspberry_pi_seeed_gsr,"1213293,2.1057"
2026-05-31T15:25:39.854,test67,self_20260531_152452,clip_100,1,listen,,2.0928,1213314.0,raspberry_pi_seeed_gsr,"1213314,2.0928"
2026-05-31T15:25:39.875,test67,self_20260531_152452,clip_100,1,listen,,2.1355,1213335.0,raspberry_pi_seeed_gsr,"1213335,2.1355"
2026-05-31T15:25:39.895,test67,self_20260531_152452,clip_100,1,listen,,2.0961,1213356.0,raspberry_pi_seeed_gsr,"1213356,2.0961"
2026-05-31T15:25:39.917,test67,self_20260531_152452,clip_100,1,listen,,2.0961,1213377.0,raspberry_pi_seeed_gsr,"1213377,2.0961"
2026-05-31T15:25:39.937,test67,self_20260531_152452,clip_100,1,listen,,2.0969,1213398.0,raspberry_pi_seeed_gsr,"1213398,2.0969"
2026-05-31T15:25:39.958,test67,self_20260531_152452,clip_100,1,listen,,2.1098,1213419.0,raspberry_pi_seeed_gsr,"1213419,2.1098"
2026-05-31T15:25:39.979,test67,self_20260531_152452,clip_100,1,listen,,2.0977,1213440.0,raspberry_pi_seeed_gsr,"1213440,2.0977"
2026-05-31T15:25:40.001,test67,self_20260531_152452,clip_100,1,listen,,2.1041,1213461.0,raspberry_pi_seeed_gsr,"1213461,2.1041"
2026-05-31T15:25:40.022,test67,self_20260531_152452,clip_100,1,listen,,2.0848,1213482.0,raspberry_pi_seeed_gsr,"1213482,2.0848"
2026-05-31T15:25:40.043,test67,self_20260531_152452,clip_100,1,listen,,2.1009,1213503.0,raspberry_pi_seeed_gsr,"1213503,2.1009"
2026-05-31T15:25:40.064,test67,self_20260531_152452,clip_100,1,listen,,2.0993,1213524.0,raspberry_pi_seeed_gsr,"1213524,2.0993"
2026-05-31T15:25:40.085,test67,self_20260531_152452,clip_100,1,listen,,2.113,1213545.0,raspberry_pi_seeed_gsr,"1213545,2.1130"
2026-05-31T15:25:40.106,test67,self_20260531_152452,clip_100,1,listen,,2.0937,1213566.0,raspberry_pi_seeed_gsr,"1213566,2.0937"
2026-05-31T15:25:40.127,test67,self_20260531_152452,clip_100,1,listen,,2.1041,1213587.0,raspberry_pi_seeed_gsr,"1213587,2.1041"
2026-05-31T15:25:40.148,test67,self_20260531_152452,clip_100,1,listen,,2.1049,1213608.0,raspberry_pi_seeed_gsr,"1213608,2.1049"
2026-05-31T15:25:40.169,test67,self_20260531_152452,clip_100,1,listen,,2.0904,1213629.0,raspberry_pi_seeed_gsr,"1213629,2.0904"
2026-05-31T15:25:40.189,test67,self_20260531_152452,clip_100,1,listen,,2.0864,1213650.0,raspberry_pi_seeed_gsr,"1213650,2.0864"
2026-05-31T15:25:40.211,test67,self_20260531_152452,clip_100,1,listen,,2.0953,1213671.0,raspberry_pi_seeed_gsr,"1213671,2.0953"
2026-05-31T15:25:40.231,test67,self_20260531_152452,clip_100,1,listen,,2.117,1213692.0,raspberry_pi_seeed_gsr,"1213692,2.1170"
2026-05-31T15:25:40.253,test67,self_20260531_152452,clip_100,1,listen,,2.1057,1213713.0,raspberry_pi_seeed_gsr,"1213713,2.1057"
2026-05-31T15:25:40.273,test67,self_20260531_152452,clip_100,1,listen,,2.0961,1213734.0,raspberry_pi_seeed_gsr,"1213734,2.0961"
2026-05-31T15:25:40.295,test67,self_20260531_152452,clip_100,1,listen,,2.0977,1213755.0,raspberry_pi_seeed_gsr,"1213755,2.0977"
2026-05-31T15:25:40.316,test67,self_20260531_152452,clip_100,1,listen,,2.1057,1213776.0,raspberry_pi_seeed_gsr,"1213776,2.1057"
2026-05-31T15:25:40.336,test67,self_20260531_152452,clip_100,1,listen,,2.0896,1213797.0,raspberry_pi_seeed_gsr,"1213797,2.0896"
2026-05-31T15:25:40.358,test67,self_20260531_152452,clip_100,1,listen,,2.1025,1213818.0,raspberry_pi_seeed_gsr,"1213818,2.1025"
2026-05-31T15:25:40.379,test67,self_20260531_152452,clip_100,1,listen,,2.0985,1213839.0,raspberry_pi_seeed_gsr,"1213839,2.0985"
2026-05-31T15:25:40.400,test67,self_20260531_152452,clip_100,1,listen,,2.1057,1213860.0,raspberry_pi_seeed_gsr,"1213860,2.1057"
2026-05-31T15:25:40.421,test67,self_20260531_152452,clip_100,1,listen,,2.1033,1213881.0,raspberry_pi_seeed_gsr,"1213881,2.1033"
2026-05-31T15:25:40.442,test67,self_20260531_152452,clip_100,1,listen,,2.0993,1213902.0,raspberry_pi_seeed_gsr,"1213902,2.0993"
2026-05-31T15:25:40.463,test67,self_20260531_152452,clip_100,1,listen,,2.0993,1213923.0,raspberry_pi_seeed_gsr,"1213923,2.0993"
2026-05-31T15:25:40.484,test67,self_20260531_152452,clip_100,1,listen,,2.1017,1213944.0,raspberry_pi_seeed_gsr,"1213944,2.1017"
2026-05-31T15:25:40.505,test67,self_20260531_152452,clip_100,1,listen,,2.1017,1213965.0,raspberry_pi_seeed_gsr,"1213965,2.1017"
2026-05-31T15:25:40.526,test67,self_20260531_152452,clip_100,1,listen,,2.0993,1213986.0,raspberry_pi_seeed_gsr,"1213986,2.0993"
2026-05-31T15:25:40.547,test67,self_20260531_152452,clip_100,1,listen,,2.092,1214007.0,raspberry_pi_seeed_gsr,"1214007,2.0920"
2026-05-31T15:25:40.568,test67,self_20260531_152452,clip_100,1,listen,,2.0977,1214028.0,raspberry_pi_seeed_gsr,"1214028,2.0977"
2026-05-31T15:25:40.589,test67,self_20260531_152452,clip_100,1,listen,,2.1009,1214049.0,raspberry_pi_seeed_gsr,"1214049,2.1009"
2026-05-31T15:25:40.610,test67,self_20260531_152452,clip_100,1,listen,,2.0832,1214070.0,raspberry_pi_seeed_gsr,"1214070,2.0832"
2026-05-31T15:25:40.631,test67,self_20260531_152452,clip_100,1,listen,,2.0888,1214091.0,raspberry_pi_seeed_gsr,"1214091,2.0888"
2026-05-31T15:25:40.652,test67,self_20260531_152452,clip_100,1,listen,,2.0977,1214112.0,raspberry_pi_seeed_gsr,"1214112,2.0977"
2026-05-31T15:25:40.673,test67,self_20260531_152452,clip_100,1,listen,,2.1001,1214133.0,raspberry_pi_seeed_gsr,"1214133,2.1001"
2026-05-31T15:25:40.694,test67,self_20260531_152452,clip_100,1,listen,,2.0977,1214154.0,raspberry_pi_seeed_gsr,"1214154,2.0977"
2026-05-31T15:25:40.714,test67,self_20260531_152452,clip_100,1,listen,,2.0993,1214175.0,raspberry_pi_seeed_gsr,"1214175,2.0993"
2026-05-31T15:25:40.736,test67,self_20260531_152452,clip_100,1,listen,,2.0912,1214196.0,raspberry_pi_seeed_gsr,"1214196,2.0912"
2026-05-31T15:25:40.757,test67,self_20260531_152452,clip_100,1,listen,,2.0953,1214217.0,raspberry_pi_seeed_gsr,"1214217,2.0953"
2026-05-31T15:25:40.778,test67,self_20260531_152452,clip_100,1,listen,,2.1017,1214238.0,raspberry_pi_seeed_gsr,"1214238,2.1017"
2026-05-31T15:25:40.799,test67,self_20260531_152452,clip_100,1,listen,,2.0928,1214259.0,raspberry_pi_seeed_gsr,"1214259,2.0928"
2026-05-31T15:25:40.820,test67,self_20260531_152452,clip_100,1,listen,,2.1049,1214280.0,raspberry_pi_seeed_gsr,"1214280,2.1049"
2026-05-31T15:25:40.841,test67,self_20260531_152452,clip_100,1,listen,,2.0937,1214301.0,raspberry_pi_seeed_gsr,"1214301,2.0937"
2026-05-31T15:25:40.862,test67,self_20260531_152452,clip_100,1,listen,,2.1017,1214322.0,raspberry_pi_seeed_gsr,"1214322,2.1017"
2026-05-31T15:25:40.883,test67,self_20260531_152452,clip_100,1,listen,,2.0937,1214343.0,raspberry_pi_seeed_gsr,"1214343,2.0937"
2026-05-31T15:25:40.904,test67,self_20260531_152452,clip_100,1,listen,,2.0985,1214364.0,raspberry_pi_seeed_gsr,"1214364,2.0985"
2026-05-31T15:25:40.925,test67,self_20260531_152452,clip_100,1,listen,,2.0953,1214385.0,raspberry_pi_seeed_gsr,"1214385,2.0953"
2026-05-31T15:25:40.946,test67,self_20260531_152452,clip_100,1,listen,,2.0928,1214406.0,raspberry_pi_seeed_gsr,"1214406,2.0928"
2026-05-31T15:25:40.967,test67,self_20260531_152452,clip_100,1,listen,,2.1009,1214427.0,raspberry_pi_seeed_gsr,"1214427,2.1009"
2026-05-31T15:25:40.988,test67,self_20260531_152452,clip_100,1,listen,,2.1049,1214448.0,raspberry_pi_seeed_gsr,"1214448,2.1049"
2026-05-31T15:25:41.009,test67,self_20260531_152452,clip_100,1,listen,,2.0912,1214469.0,raspberry_pi_seeed_gsr,"1214469,2.0912"
2026-05-31T15:25:41.030,test67,self_20260531_152452,clip_100,1,listen,,2.0969,1214490.0,raspberry_pi_seeed_gsr,"1214490,2.0969"
2026-05-31T15:25:41.051,test67,self_20260531_152452,clip_100,1,listen,,2.0985,1214511.0,raspberry_pi_seeed_gsr,"1214511,2.0985"
2026-05-31T15:25:41.072,test67,self_20260531_152452,clip_100,1,listen,,2.1025,1214532.0,raspberry_pi_seeed_gsr,"1214532,2.1025"
2026-05-31T15:25:41.093,test67,self_20260531_152452,clip_100,1,listen,,2.0904,1214553.0,raspberry_pi_seeed_gsr,"1214553,2.0904"
2026-05-31T15:25:41.114,test67,self_20260531_152452,clip_100,1,listen,,2.0864,1214574.0,raspberry_pi_seeed_gsr,"1214574,2.0864"
2026-05-31T15:25:41.135,test67,self_20260531_152452,clip_100,1,listen,,2.0969,1214595.0,raspberry_pi_seeed_gsr,"1214595,2.0969"
2026-05-31T15:25:41.156,test67,self_20260531_152452,clip_100,1,listen,,2.1049,1214616.0,raspberry_pi_seeed_gsr,"1214616,2.1049"
2026-05-31T15:25:41.177,test67,self_20260531_152452,clip_100,1,listen,,2.1049,1214637.0,raspberry_pi_seeed_gsr,"1214637,2.1049"
2026-05-31T15:25:41.198,test67,self_20260531_152452,clip_100,1,listen,,2.1122,1214658.0,raspberry_pi_seeed_gsr,"1214658,2.1122"
2026-05-31T15:25:41.219,test67,self_20260531_152452,clip_100,1,listen,,2.0969,1214679.0,raspberry_pi_seeed_gsr,"1214679,2.0969"
2026-05-31T15:25:41.239,test67,self_20260531_152452,clip_100,1,listen,,2.0872,1214700.0,raspberry_pi_seeed_gsr,"1214700,2.0872"
2026-05-31T15:25:41.261,test67,self_20260531_152452,clip_100,1,listen,,2.0896,1214721.0,raspberry_pi_seeed_gsr,"1214721,2.0896"
2026-05-31T15:25:41.282,test67,self_20260531_152452,clip_100,1,listen,,2.0888,1214742.0,raspberry_pi_seeed_gsr,"1214742,2.0888"
2026-05-31T15:25:41.303,test67,self_20260531_152452,clip_100,1,listen,,2.0912,1214763.0,raspberry_pi_seeed_gsr,"1214763,2.0912"
2026-05-31T15:25:41.324,test67,self_20260531_152452,clip_100,1,listen,,2.109,1214784.0,raspberry_pi_seeed_gsr,"1214784,2.1090"
2026-05-31T15:25:41.345,test67,self_20260531_152452,clip_100,1,listen,,2.0985,1214805.0,raspberry_pi_seeed_gsr,"1214805,2.0985"
2026-05-31T15:25:41.366,test67,self_20260531_152452,clip_100,1,listen,,2.0896,1214826.0,raspberry_pi_seeed_gsr,"1214826,2.0896"
2026-05-31T15:25:41.387,test67,self_20260531_152452,clip_100,1,listen,,2.0937,1214847.0,raspberry_pi_seeed_gsr,"1214847,2.0937"
2026-05-31T15:25:41.407,test67,self_20260531_152452,clip_100,1,listen,,2.1001,1214868.0,raspberry_pi_seeed_gsr,"1214868,2.1001"
2026-05-31T15:25:41.429,test67,self_20260531_152452,clip_100,1,listen,,2.0953,1214889.0,raspberry_pi_seeed_gsr,"1214889,2.0953"
2026-05-31T15:25:41.450,test67,self_20260531_152452,clip_100,1,listen,,2.0896,1214910.0,raspberry_pi_seeed_gsr,"1214910,2.0896"
2026-05-31T15:25:41.471,test67,self_20260531_152452,clip_100,1,listen,,2.1017,1214931.0,raspberry_pi_seeed_gsr,"1214931,2.1017"
2026-05-31T15:25:41.492,test67,self_20260531_152452,clip_100,1,listen,,2.1025,1214952.0,raspberry_pi_seeed_gsr,"1214952,2.1025"
2026-05-31T15:25:41.513,test67,self_20260531_152452,clip_100,1,listen,,2.1001,1214973.0,raspberry_pi_seeed_gsr,"1214973,2.1001"
2026-05-31T15:25:41.534,test67,self_20260531_152452,clip_100,1,listen,,2.0993,1214994.0,raspberry_pi_seeed_gsr,"1214994,2.0993"
2026-05-31T15:25:41.555,test67,self_20260531_152452,clip_100,1,listen,,2.1098,1215015.0,raspberry_pi_seeed_gsr,"1215015,2.1098"
2026-05-31T15:25:41.576,test67,self_20260531_152452,clip_100,1,listen,,2.0961,1215036.0,raspberry_pi_seeed_gsr,"1215036,2.0961"
2026-05-31T15:25:41.597,test67,self_20260531_152452,clip_100,1,listen,,2.0993,1215057.0,raspberry_pi_seeed_gsr,"1215057,2.0993"
2026-05-31T15:25:41.618,test67,self_20260531_152452,clip_100,1,listen,,2.0937,1215078.0,raspberry_pi_seeed_gsr,"1215078,2.0937"
2026-05-31T15:25:41.639,test67,self_20260531_152452,clip_100,1,listen,,2.1001,1215099.0,raspberry_pi_seeed_gsr,"1215099,2.1001"
2026-05-31T15:25:41.660,test67,self_20260531_152452,clip_100,1,listen,,2.0969,1215120.0,raspberry_pi_seeed_gsr,"1215120,2.0969"
2026-05-31T15:25:41.681,test67,self_20260531_152452,clip_100,1,listen,,2.0912,1215141.0,raspberry_pi_seeed_gsr,"1215141,2.0912"
2026-05-31T15:25:41.702,test67,self_20260531_152452,clip_100,1,listen,,2.1001,1215162.0,raspberry_pi_seeed_gsr,"1215162,2.1001"
2026-05-31T15:25:41.722,test67,self_20260531_152452,clip_100,1,listen,,2.0985,1215183.0,raspberry_pi_seeed_gsr,"1215183,2.0985"
2026-05-31T15:25:41.743,test67,self_20260531_152452,clip_100,1,listen,,2.0977,1215204.0,raspberry_pi_seeed_gsr,"1215204,2.0977"
2026-05-31T15:25:41.764,test67,self_20260531_152452,clip_100,1,listen,,2.1017,1215225.0,raspberry_pi_seeed_gsr,"1215225,2.1017"
2026-05-31T15:25:41.785,test67,self_20260531_152452,clip_100,1,listen,,2.092,1215246.0,raspberry_pi_seeed_gsr,"1215246,2.0920"
2026-05-31T15:25:41.806,test67,self_20260531_152452,clip_100,1,listen,,2.0977,1215267.0,raspberry_pi_seeed_gsr,"1215267,2.0977"
2026-05-31T15:25:41.827,test67,self_20260531_152452,clip_100,1,listen,,2.0912,1215288.0,raspberry_pi_seeed_gsr,"1215288,2.0912"
2026-05-31T15:25:41.848,test67,self_20260531_152452,clip_100,1,listen,,2.1017,1215309.0,raspberry_pi_seeed_gsr,"1215309,2.1017"
2026-05-31T15:25:41.870,test67,self_20260531_152452,clip_100,1,listen,,2.0953,1215330.0,raspberry_pi_seeed_gsr,"1215330,2.0953"
2026-05-31T15:25:41.891,test67,self_20260531_152452,clip_100,1,listen,,2.0953,1215351.0,raspberry_pi_seeed_gsr,"1215351,2.0953"
2026-05-31T15:25:41.912,test67,self_20260531_152452,clip_100,1,listen,,2.1186,1215372.0,raspberry_pi_seeed_gsr,"1215372,2.1186"
2026-05-31T15:25:41.932,test67,self_20260531_152452,clip_100,1,listen,,2.0969,1215393.0,raspberry_pi_seeed_gsr,"1215393,2.0969"
2026-05-31T15:25:41.953,test67,self_20260531_152452,clip_100,1,listen,,2.1049,1215414.0,raspberry_pi_seeed_gsr,"1215414,2.1049"
2026-05-31T15:25:41.974,test67,self_20260531_152452,clip_100,1,listen,,2.1001,1215435.0,raspberry_pi_seeed_gsr,"1215435,2.1001"
2026-05-31T15:25:41.995,test67,self_20260531_152452,clip_100,1,listen,,2.0985,1215456.0,raspberry_pi_seeed_gsr,"1215456,2.0985"
2026-05-31T15:25:42.016,test67,self_20260531_152452,clip_100,1,listen,,2.0985,1215477.0,raspberry_pi_seeed_gsr,"1215477,2.0985"
2026-05-31T15:25:42.038,test67,self_20260531_152452,clip_100,1,listen,,2.138,1215498.0,raspberry_pi_seeed_gsr,"1215498,2.1380"
2026-05-31T15:25:42.058,test67,self_20260531_152452,clip_100,1,listen,,2.1033,1215519.0,raspberry_pi_seeed_gsr,"1215519,2.1033"
2026-05-31T15:25:42.079,test67,self_20260531_152452,clip_100,1,listen,,2.1082,1215540.0,raspberry_pi_seeed_gsr,"1215540,2.1082"
2026-05-31T15:25:42.100,test67,self_20260531_152452,clip_100,1,listen,,2.1057,1215561.0,raspberry_pi_seeed_gsr,"1215561,2.1057"
2026-05-31T15:25:42.121,test67,self_20260531_152452,clip_100,1,listen,,2.0622,1215582.0,raspberry_pi_seeed_gsr,"1215582,2.0622"
2026-05-31T15:25:42.142,test67,self_20260531_152452,clip_100,1,listen,,2.0977,1215603.0,raspberry_pi_seeed_gsr,"1215603,2.0977"
2026-05-31T15:25:42.164,test67,self_20260531_152452,clip_100,1,listen,,2.08,1215624.0,raspberry_pi_seeed_gsr,"1215624,2.0800"
2026-05-31T15:25:42.185,test67,self_20260531_152452,clip_100,1,listen,,2.0985,1215645.0,raspberry_pi_seeed_gsr,"1215645,2.0985"
2026-05-31T15:25:42.205,test67,self_20260531_152452,clip_100,1,listen,,2.0985,1215666.0,raspberry_pi_seeed_gsr,"1215666,2.0985"
2026-05-31T15:25:42.226,test67,self_20260531_152452,clip_100,1,listen,,2.1073,1215687.0,raspberry_pi_seeed_gsr,"1215687,2.1073"
2026-05-31T15:25:42.247,test67,self_20260531_152452,clip_100,1,listen,,2.1565,1215708.0,raspberry_pi_seeed_gsr,"1215708,2.1565"
2026-05-31T15:25:42.268,test67,self_20260531_152452,clip_100,1,listen,,2.0977,1215729.0,raspberry_pi_seeed_gsr,"1215729,2.0977"
2026-05-31T15:25:42.289,test67,self_20260531_152452,clip_100,1,listen,,2.0969,1215750.0,raspberry_pi_seeed_gsr,"1215750,2.0969"
2026-05-31T15:25:42.311,test67,self_20260531_152452,clip_100,1,listen,,2.0912,1215771.0,raspberry_pi_seeed_gsr,"1215771,2.0912"
2026-05-31T15:25:42.332,test67,self_20260531_152452,clip_100,1,listen,,2.0969,1215792.0,raspberry_pi_seeed_gsr,"1215792,2.0969"
2026-05-31T15:25:42.353,test67,self_20260531_152452,clip_100,1,listen,,2.0622,1215813.0,raspberry_pi_seeed_gsr,"1215813,2.0622"
2026-05-31T15:25:42.374,test67,self_20260531_152452,clip_100,1,listen,,2.1025,1215834.0,raspberry_pi_seeed_gsr,"1215834,2.1025"
2026-05-31T15:25:42.395,test67,self_20260531_152452,clip_100,1,listen,,2.0969,1215855.0,raspberry_pi_seeed_gsr,"1215855,2.0969"
2026-05-31T15:25:42.416,test67,self_20260531_152452,clip_100,1,listen,,2.1073,1215876.0,raspberry_pi_seeed_gsr,"1215876,2.1073"
2026-05-31T15:25:42.437,test67,self_20260531_152452,clip_100,1,listen,,2.0735,1215897.0,raspberry_pi_seeed_gsr,"1215897,2.0735"
2026-05-31T15:25:42.458,test67,self_20260531_152452,clip_100,1,listen,,2.1041,1215918.0,raspberry_pi_seeed_gsr,"1215918,2.1041"
2026-05-31T15:25:42.479,test67,self_20260531_152452,clip_100,1,listen,,2.0937,1215939.0,raspberry_pi_seeed_gsr,"1215939,2.0937"
2026-05-31T15:25:42.499,test67,self_20260531_152452,clip_100,1,listen,,2.0767,1215960.0,raspberry_pi_seeed_gsr,"1215960,2.0767"
2026-05-31T15:25:42.520,test67,self_20260531_152452,clip_100,1,listen,,2.0961,1215981.0,raspberry_pi_seeed_gsr,"1215981,2.0961"
2026-05-31T15:25:42.541,test67,self_20260531_152452,clip_100,1,listen,,2.1001,1216002.0,raspberry_pi_seeed_gsr,"1216002,2.1001"
2026-05-31T15:25:42.563,test67,self_20260531_152452,clip_100,1,listen,,2.0977,1216023.0,raspberry_pi_seeed_gsr,"1216023,2.0977"
2026-05-31T15:25:42.584,test67,self_20260531_152452,clip_100,1,listen,,2.0759,1216044.0,raspberry_pi_seeed_gsr,"1216044,2.0759"
2026-05-31T15:25:42.605,test67,self_20260531_152452,clip_100,1,listen,,2.0977,1216065.0,raspberry_pi_seeed_gsr,"1216065,2.0977"
2026-05-31T15:25:42.626,test67,self_20260531_152452,clip_100,1,listen,,2.1001,1216086.0,raspberry_pi_seeed_gsr,"1216086,2.1001"
2026-05-31T15:25:42.647,test67,self_20260531_152452,clip_100,1,listen,,2.0985,1216107.0,raspberry_pi_seeed_gsr,"1216107,2.0985"
2026-05-31T15:25:42.667,test67,self_20260531_152452,clip_100,1,listen,,2.0985,1216128.0,raspberry_pi_seeed_gsr,"1216128,2.0985"
2026-05-31T15:25:42.688,test67,self_20260531_152452,clip_100,1,listen,,2.0953,1216149.0,raspberry_pi_seeed_gsr,"1216149,2.0953"
2026-05-31T15:25:42.710,test67,self_20260531_152452,clip_100,1,listen,,2.0977,1216170.0,raspberry_pi_seeed_gsr,"1216170,2.0977"
2026-05-31T15:25:42.731,test67,self_20260531_152452,clip_100,1,listen,,2.0961,1216191.0,raspberry_pi_seeed_gsr,"1216191,2.0961"
2026-05-31T15:25:42.751,test67,self_20260531_152452,clip_100,1,listen,,2.0928,1216212.0,raspberry_pi_seeed_gsr,"1216212,2.0928"
2026-05-31T15:25:42.772,test67,self_20260531_152452,clip_100,1,listen,,2.0953,1216233.0,raspberry_pi_seeed_gsr,"1216233,2.0953"
2026-05-31T15:25:42.793,test67,self_20260531_152452,clip_100,1,listen,,2.0928,1216254.0,raspberry_pi_seeed_gsr,"1216254,2.0928"
2026-05-31T15:25:42.814,test67,self_20260531_152452,clip_100,1,listen,,2.1009,1216275.0,raspberry_pi_seeed_gsr,"1216275,2.1009"
2026-05-31T15:25:42.835,test67,self_20260531_152452,clip_100,1,listen,,2.1001,1216296.0,raspberry_pi_seeed_gsr,"1216296,2.1001"
2026-05-31T15:25:42.856,test67,self_20260531_152452,clip_100,1,listen,,2.1001,1216317.0,raspberry_pi_seeed_gsr,"1216317,2.1001"
2026-05-31T15:25:42.877,test67,self_20260531_152452,clip_100,1,listen,,2.0993,1216338.0,raspberry_pi_seeed_gsr,"1216338,2.0993"
2026-05-31T15:25:42.898,test67,self_20260531_152452,clip_100,1,listen,,2.0993,1216359.0,raspberry_pi_seeed_gsr,"1216359,2.0993"
2026-05-31T15:25:42.919,test67,self_20260531_152452,clip_100,1,listen,,2.0985,1216380.0,raspberry_pi_seeed_gsr,"1216380,2.0985"
2026-05-31T15:25:42.940,test67,self_20260531_152452,clip_100,1,listen,,2.1001,1216401.0,raspberry_pi_seeed_gsr,"1216401,2.1001"
2026-05-31T15:25:42.961,test67,self_20260531_152452,clip_100,1,listen,,2.1009,1216422.0,raspberry_pi_seeed_gsr,"1216422,2.1009"
2026-05-31T15:25:42.982,test67,self_20260531_152452,clip_100,1,listen,,2.1057,1216443.0,raspberry_pi_seeed_gsr,"1216443,2.1057"
2026-05-31T15:25:43.003,test67,self_20260531_152452,clip_100,1,listen,,2.0985,1216464.0,raspberry_pi_seeed_gsr,"1216464,2.0985"
2026-05-31T15:25:43.024,test67,self_20260531_152452,clip_100,1,listen,,2.1049,1216485.0,raspberry_pi_seeed_gsr,"1216485,2.1049"
2026-05-31T15:25:43.045,test67,self_20260531_152452,clip_100,1,listen,,2.0993,1216506.0,raspberry_pi_seeed_gsr,"1216506,2.0993"
2026-05-31T15:25:43.066,test67,self_20260531_152452,clip_100,1,listen,,2.1033,1216527.0,raspberry_pi_seeed_gsr,"1216527,2.1033"
2026-05-31T15:25:43.087,test67,self_20260531_152452,clip_100,1,listen,,2.0993,1216548.0,raspberry_pi_seeed_gsr,"1216548,2.0993"
2026-05-31T15:25:43.108,test67,self_20260531_152452,clip_100,1,listen,,2.0985,1216569.0,raspberry_pi_seeed_gsr,"1216569,2.0985"
2026-05-31T15:25:43.129,test67,self_20260531_152452,clip_100,1,listen,,2.0695,1216590.0,raspberry_pi_seeed_gsr,"1216590,2.0695"
2026-05-31T15:25:43.150,test67,self_20260531_152452,clip_100,1,listen,,2.1025,1216611.0,raspberry_pi_seeed_gsr,"1216611,2.1025"
2026-05-31T15:25:43.171,test67,self_20260531_152452,clip_100,1,listen,,2.0928,1216632.0,raspberry_pi_seeed_gsr,"1216632,2.0928"
2026-05-31T15:25:43.192,test67,self_20260531_152452,clip_100,1,listen,,2.0969,1216653.0,raspberry_pi_seeed_gsr,"1216653,2.0969"
2026-05-31T15:25:43.213,test67,self_20260531_152452,clip_100,1,listen,,2.0937,1216674.0,raspberry_pi_seeed_gsr,"1216674,2.0937"
2026-05-31T15:25:43.234,test67,self_20260531_152452,clip_100,1,listen,,2.0977,1216695.0,raspberry_pi_seeed_gsr,"1216695,2.0977"
2026-05-31T15:25:43.255,test67,self_20260531_152452,clip_100,1,listen,,2.0969,1216716.0,raspberry_pi_seeed_gsr,"1216716,2.0969"
2026-05-31T15:25:43.276,test67,self_20260531_152452,clip_100,1,listen,,2.1057,1216737.0,raspberry_pi_seeed_gsr,"1216737,2.1057"
2026-05-31T15:25:43.297,test67,self_20260531_152452,clip_100,1,listen,,2.0969,1216758.0,raspberry_pi_seeed_gsr,"1216758,2.0969"
2026-05-31T15:25:43.318,test67,self_20260531_152452,clip_100,1,listen,,2.0953,1216779.0,raspberry_pi_seeed_gsr,"1216779,2.0953"
2026-05-31T15:25:43.339,test67,self_20260531_152452,clip_100,1,listen,,2.0912,1216800.0,raspberry_pi_seeed_gsr,"1216800,2.0912"
2026-05-31T15:25:43.360,test67,self_20260531_152452,clip_100,1,listen,,2.1098,1216821.0,raspberry_pi_seeed_gsr,"1216821,2.1098"
2026-05-31T15:25:43.381,test67,self_20260531_152452,clip_100,1,listen,,2.092,1216842.0,raspberry_pi_seeed_gsr,"1216842,2.0920"
2026-05-31T15:25:43.402,test67,self_20260531_152452,clip_100,1,listen,,2.1017,1216863.0,raspberry_pi_seeed_gsr,"1216863,2.1017"
2026-05-31T15:25:43.424,test67,self_20260531_152452,clip_100,1,listen,,2.1057,1216884.0,raspberry_pi_seeed_gsr,"1216884,2.1057"
2026-05-31T15:25:43.444,test67,self_20260531_152452,clip_100,1,listen,,2.0961,1216905.0,raspberry_pi_seeed_gsr,"1216905,2.0961"
2026-05-31T15:25:43.465,test67,self_20260531_152452,clip_100,1,listen,,2.0993,1216926.0,raspberry_pi_seeed_gsr,"1216926,2.0993"
2026-05-31T15:25:43.486,test67,self_20260531_152452,clip_100,1,listen,,2.1033,1216947.0,raspberry_pi_seeed_gsr,"1216947,2.1033"
2026-05-31T15:25:43.507,test67,self_20260531_152452,clip_100,1,listen,,2.1025,1216968.0,raspberry_pi_seeed_gsr,"1216968,2.1025"
2026-05-31T15:25:43.528,test67,self_20260531_152452,clip_100,1,listen,,2.0945,1216989.0,raspberry_pi_seeed_gsr,"1216989,2.0945"
2026-05-31T15:25:43.549,test67,self_20260531_152452,clip_100,1,listen,,2.0969,1217010.0,raspberry_pi_seeed_gsr,"1217010,2.0969"
2026-05-31T15:25:43.570,test67,self_20260531_152452,clip_100,1,listen,,2.1057,1217031.0,raspberry_pi_seeed_gsr,"1217031,2.1057"
2026-05-31T15:25:43.591,test67,self_20260531_152452,clip_100,1,listen,,2.0904,1217052.0,raspberry_pi_seeed_gsr,"1217052,2.0904"
2026-05-31T15:25:43.612,test67,self_20260531_152452,clip_100,1,listen,,2.0961,1217073.0,raspberry_pi_seeed_gsr,"1217073,2.0961"
2026-05-31T15:25:43.633,test67,self_20260531_152452,clip_100,1,listen,,2.0977,1217094.0,raspberry_pi_seeed_gsr,"1217094,2.0977"
2026-05-31T15:25:43.654,test67,self_20260531_152452,clip_100,1,listen,,2.0993,1217115.0,raspberry_pi_seeed_gsr,"1217115,2.0993"
2026-05-31T15:25:43.675,test67,self_20260531_152452,clip_100,1,listen,,2.1001,1217136.0,raspberry_pi_seeed_gsr,"1217136,2.1001"
2026-05-31T15:25:43.696,test67,self_20260531_152452,clip_100,1,listen,,2.1073,1217157.0,raspberry_pi_seeed_gsr,"1217157,2.1073"
2026-05-31T15:25:43.717,test67,self_20260531_152452,clip_100,1,listen,,2.0888,1217178.0,raspberry_pi_seeed_gsr,"1217178,2.0888"
2026-05-31T15:25:43.738,test67,self_20260531_152452,clip_100,1,listen,,2.1001,1217199.0,raspberry_pi_seeed_gsr,"1217199,2.1001"
2026-05-31T15:25:43.759,test67,self_20260531_152452,clip_100,1,listen,,2.0985,1217220.0,raspberry_pi_seeed_gsr,"1217220,2.0985"
2026-05-31T15:25:43.780,test67,self_20260531_152452,clip_100,1,listen,,2.1001,1217241.0,raspberry_pi_seeed_gsr,"1217241,2.1001"
2026-05-31T15:25:43.801,test67,self_20260531_152452,clip_100,1,listen,,2.1001,1217262.0,raspberry_pi_seeed_gsr,"1217262,2.1001"
2026-05-31T15:25:43.823,test67,self_20260531_152452,clip_100,1,listen,,2.0985,1217283.0,raspberry_pi_seeed_gsr,"1217283,2.0985"
2026-05-31T15:25:43.843,test67,self_20260531_152452,clip_100,1,listen,,2.1001,1217304.0,raspberry_pi_seeed_gsr,"1217304,2.1001"
2026-05-31T15:25:43.866,test67,self_20260531_152452,clip_100,1,listen,,2.0993,1217325.0,raspberry_pi_seeed_gsr,"1217325,2.0993"
2026-05-31T15:25:43.885,test67,self_20260531_152452,clip_100,1,listen,,2.0969,1217346.0,raspberry_pi_seeed_gsr,"1217346,2.0969"
2026-05-31T15:25:43.907,test67,self_20260531_152452,clip_100,1,listen,,2.0993,1217367.0,raspberry_pi_seeed_gsr,"1217367,2.0993"
2026-05-31T15:25:43.928,test67,self_20260531_152452,clip_100,1,listen,,2.0953,1217388.0,raspberry_pi_seeed_gsr,"1217388,2.0953"
2026-05-31T15:25:43.948,test67,self_20260531_152452,clip_100,1,listen,,2.1009,1217409.0,raspberry_pi_seeed_gsr,"1217409,2.1009"
2026-05-31T15:25:43.969,test67,self_20260531_152452,clip_100,1,listen,,2.0993,1217430.0,raspberry_pi_seeed_gsr,"1217430,2.0993"
2026-05-31T15:25:43.991,test67,self_20260531_152452,clip_100,1,listen,,2.0928,1217451.0,raspberry_pi_seeed_gsr,"1217451,2.0928"
2026-05-31T15:25:44.011,test67,self_20260531_152452,clip_100,1,listen,,2.109,1217472.0,raspberry_pi_seeed_gsr,"1217472,2.1090"
2026-05-31T15:25:44.032,test67,self_20260531_152452,clip_100,1,listen,,2.0977,1217493.0,raspberry_pi_seeed_gsr,"1217493,2.0977"
2026-05-31T15:25:44.053,test67,self_20260531_152452,clip_100,1,listen,,2.1025,1217514.0,raspberry_pi_seeed_gsr,"1217514,2.1025"
2026-05-31T15:25:44.074,test67,self_20260531_152452,clip_100,1,listen,,2.1001,1217535.0,raspberry_pi_seeed_gsr,"1217535,2.1001"
2026-05-31T15:25:44.095,test67,self_20260531_152452,clip_100,1,listen,,2.0977,1217556.0,raspberry_pi_seeed_gsr,"1217556,2.0977"
2026-05-31T15:25:44.116,test67,self_20260531_152452,clip_100,1,listen,,2.0985,1217577.0,raspberry_pi_seeed_gsr,"1217577,2.0985"
2026-05-31T15:25:44.137,test67,self_20260531_152452,clip_100,1,listen,,2.0993,1217598.0,raspberry_pi_seeed_gsr,"1217598,2.0993"
2026-05-31T15:25:44.158,test67,self_20260531_152452,clip_100,1,listen,,2.1017,1217619.0,raspberry_pi_seeed_gsr,"1217619,2.1017"
2026-05-31T15:25:44.179,test67,self_20260531_152452,clip_100,1,listen,,2.0961,1217640.0,raspberry_pi_seeed_gsr,"1217640,2.0961"
2026-05-31T15:25:44.200,test67,self_20260531_152452,clip_100,1,listen,,2.0985,1217661.0,raspberry_pi_seeed_gsr,"1217661,2.0985"
2026-05-31T15:25:44.221,test67,self_20260531_152452,clip_100,1,listen,,2.0953,1217682.0,raspberry_pi_seeed_gsr,"1217682,2.0953"
2026-05-31T15:25:44.242,test67,self_20260531_152452,clip_100,1,listen,,2.0928,1217703.0,raspberry_pi_seeed_gsr,"1217703,2.0928"
2026-05-31T15:25:44.263,test67,self_20260531_152452,clip_100,1,listen,,2.1001,1217724.0,raspberry_pi_seeed_gsr,"1217724,2.1001"
2026-05-31T15:25:44.284,test67,self_20260531_152452,clip_100,1,listen,,2.0977,1217745.0,raspberry_pi_seeed_gsr,"1217745,2.0977"
2026-05-31T15:25:44.305,test67,self_20260531_152452,clip_100,1,listen,,2.1001,1217766.0,raspberry_pi_seeed_gsr,"1217766,2.1001"
2026-05-31T15:25:44.326,test67,self_20260531_152452,clip_100,1,listen,,2.1033,1217787.0,raspberry_pi_seeed_gsr,"1217787,2.1033"
2026-05-31T15:25:44.347,test67,self_20260531_152452,clip_100,1,listen,,2.1017,1217808.0,raspberry_pi_seeed_gsr,"1217808,2.1017"
2026-05-31T15:25:44.368,test67,self_20260531_152452,clip_100,1,listen,,2.0953,1217829.0,raspberry_pi_seeed_gsr,"1217829,2.0953"
2026-05-31T15:25:44.389,test67,self_20260531_152452,clip_100,1,listen,,2.0985,1217850.0,raspberry_pi_seeed_gsr,"1217850,2.0985"
2026-05-31T15:25:44.410,test67,self_20260531_152452,clip_100,1,listen,,2.0969,1217871.0,raspberry_pi_seeed_gsr,"1217871,2.0969"
2026-05-31T15:25:44.431,test67,self_20260531_152452,clip_100,1,listen,,2.0969,1217892.0,raspberry_pi_seeed_gsr,"1217892,2.0969"
2026-05-31T15:25:44.453,test67,self_20260531_152452,clip_100,1,listen,,2.0977,1217913.0,raspberry_pi_seeed_gsr,"1217913,2.0977"
2026-05-31T15:25:44.473,test67,self_20260531_152452,clip_100,1,listen,,2.0937,1217934.0,raspberry_pi_seeed_gsr,"1217934,2.0937"
2026-05-31T15:25:44.494,test67,self_20260531_152452,clip_100,1,listen,,2.0993,1217955.0,raspberry_pi_seeed_gsr,"1217955,2.0993"
2026-05-31T15:25:44.515,test67,self_20260531_152452,clip_100,1,listen,,2.0977,1217976.0,raspberry_pi_seeed_gsr,"1217976,2.0977"
2026-05-31T15:25:44.537,test67,self_20260531_152452,clip_100,1,listen,,2.0961,1217997.0,raspberry_pi_seeed_gsr,"1217997,2.0961"
2026-05-31T15:25:44.557,test67,self_20260531_152452,clip_100,1,listen,,2.0985,1218018.0,raspberry_pi_seeed_gsr,"1218018,2.0985"
2026-05-31T15:25:44.579,test67,self_20260531_152452,clip_100,1,listen,,2.0985,1218039.0,raspberry_pi_seeed_gsr,"1218039,2.0985"
2026-05-31T15:25:44.599,test67,self_20260531_152452,clip_100,1,listen,,2.0977,1218060.0,raspberry_pi_seeed_gsr,"1218060,2.0977"
2026-05-31T15:25:44.620,test67,self_20260531_152452,clip_100,1,listen,,2.0993,1218081.0,raspberry_pi_seeed_gsr,"1218081,2.0993"
2026-05-31T15:25:44.641,test67,self_20260531_152452,clip_100,1,listen,,2.1001,1218102.0,raspberry_pi_seeed_gsr,"1218102,2.1001"
2026-05-31T15:25:44.662,test67,self_20260531_152452,clip_100,1,listen,,2.0993,1218123.0,raspberry_pi_seeed_gsr,"1218123,2.0993"
2026-05-31T15:25:44.683,test67,self_20260531_152452,clip_100,1,listen,,2.1025,1218144.0,raspberry_pi_seeed_gsr,"1218144,2.1025"
2026-05-31T15:25:44.704,test67,self_20260531_152452,clip_100,1,listen,,2.0993,1218165.0,raspberry_pi_seeed_gsr,"1218165,2.0993"
2026-05-31T15:25:44.725,test67,self_20260531_152452,clip_100,1,listen,,2.1001,1218186.0,raspberry_pi_seeed_gsr,"1218186,2.1001"
2026-05-31T15:25:44.747,test67,self_20260531_152452,clip_100,1,listen,,2.0985,1218207.0,raspberry_pi_seeed_gsr,"1218207,2.0985"
2026-05-31T15:25:44.767,test67,self_20260531_152452,clip_100,1,listen,,2.0977,1218228.0,raspberry_pi_seeed_gsr,"1218228,2.0977"
2026-05-31T15:25:44.789,test67,self_20260531_152452,clip_100,1,listen,,2.0961,1218249.0,raspberry_pi_seeed_gsr,"1218249,2.0961"
2026-05-31T15:25:44.810,test67,self_20260531_152452,clip_100,1,listen,,2.0985,1218270.0,raspberry_pi_seeed_gsr,"1218270,2.0985"
2026-05-31T15:25:44.830,test67,self_20260531_152452,clip_100,1,listen,,2.1033,1218291.0,raspberry_pi_seeed_gsr,"1218291,2.1033"
2026-05-31T15:25:44.851,test67,self_20260531_152452,clip_100,1,listen,,2.1001,1218312.0,raspberry_pi_seeed_gsr,"1218312,2.1001"
2026-05-31T15:25:44.872,test67,self_20260531_152452,clip_100,1,listen,,2.0961,1218333.0,raspberry_pi_seeed_gsr,"1218333,2.0961"
2026-05-31T15:25:44.894,test67,self_20260531_152452,clip_100,1,listen,,2.0985,1218354.0,raspberry_pi_seeed_gsr,"1218354,2.0985"
2026-05-31T15:25:44.915,test67,self_20260531_152452,clip_100,1,listen,,2.1025,1218375.0,raspberry_pi_seeed_gsr,"1218375,2.1025"
2026-05-31T15:25:44.936,test67,self_20260531_152452,clip_100,1,listen,,2.092,1218396.0,raspberry_pi_seeed_gsr,"1218396,2.0920"
2026-05-31T15:25:44.957,test67,self_20260531_152452,clip_100,1,listen,,2.0969,1218417.0,raspberry_pi_seeed_gsr,"1218417,2.0969"
2026-05-31T15:25:44.977,test67,self_20260531_152452,clip_100,1,listen,,2.1057,1218438.0,raspberry_pi_seeed_gsr,"1218438,2.1057"
2026-05-31T15:25:44.999,test67,self_20260531_152452,clip_100,1,listen,,2.0993,1218459.0,raspberry_pi_seeed_gsr,"1218459,2.0993"
2026-05-31T15:25:45.019,test67,self_20260531_152452,clip_100,1,listen,,2.1049,1218480.0,raspberry_pi_seeed_gsr,"1218480,2.1049"
2026-05-31T15:25:45.040,test67,self_20260531_152452,clip_100,1,listen,,2.1001,1218501.0,raspberry_pi_seeed_gsr,"1218501,2.1001"
2026-05-31T15:25:45.061,test67,self_20260531_152452,clip_100,1,listen,,2.0977,1218522.0,raspberry_pi_seeed_gsr,"1218522,2.0977"
2026-05-31T15:25:45.082,test67,self_20260531_152452,clip_100,1,listen,,2.0969,1218543.0,raspberry_pi_seeed_gsr,"1218543,2.0969"
2026-05-31T15:25:45.103,test67,self_20260531_152452,clip_100,1,listen,,2.0985,1218564.0,raspberry_pi_seeed_gsr,"1218564,2.0985"
2026-05-31T15:25:45.124,test67,self_20260531_152452,clip_100,1,listen,,2.0985,1218585.0,raspberry_pi_seeed_gsr,"1218585,2.0985"
2026-05-31T15:25:45.146,test67,self_20260531_152452,clip_100,1,listen,,2.1057,1218606.0,raspberry_pi_seeed_gsr,"1218606,2.1057"
2026-05-31T15:25:45.166,test67,self_20260531_152452,clip_100,1,listen,,2.0977,1218627.0,raspberry_pi_seeed_gsr,"1218627,2.0977"
2026-05-31T15:25:45.188,test67,self_20260531_152452,clip_100,1,listen,,2.0961,1218648.0,raspberry_pi_seeed_gsr,"1218648,2.0961"
2026-05-31T15:25:45.209,test67,self_20260531_152452,clip_100,1,listen,,2.0961,1218669.0,raspberry_pi_seeed_gsr,"1218669,2.0961"
2026-05-31T15:25:45.230,test67,self_20260531_152452,clip_100,1,listen,,2.1009,1218690.0,raspberry_pi_seeed_gsr,"1218690,2.1009"
2026-05-31T15:25:45.251,test67,self_20260531_152452,clip_100,1,listen,,2.0993,1218711.0,raspberry_pi_seeed_gsr,"1218711,2.0993"
2026-05-31T15:25:45.272,test67,self_20260531_152452,clip_100,1,listen,,2.1025,1218732.0,raspberry_pi_seeed_gsr,"1218732,2.1025"
2026-05-31T15:25:45.293,test67,self_20260531_152452,clip_100,1,listen,,2.109,1218753.0,raspberry_pi_seeed_gsr,"1218753,2.1090"
2026-05-31T15:25:45.313,test67,self_20260531_152452,clip_100,1,listen,,2.0985,1218774.0,raspberry_pi_seeed_gsr,"1218774,2.0985"
2026-05-31T15:25:45.334,test67,self_20260531_152452,clip_100,1,listen,,2.1009,1218795.0,raspberry_pi_seeed_gsr,"1218795,2.1009"
2026-05-31T15:25:45.355,test67,self_20260531_152452,clip_100,1,listen,,2.0977,1218816.0,raspberry_pi_seeed_gsr,"1218816,2.0977"
2026-05-31T15:25:45.376,test67,self_20260531_152452,clip_100,1,listen,,2.1227,1218837.0,raspberry_pi_seeed_gsr,"1218837,2.1227"
2026-05-31T15:25:45.399,test67,self_20260531_152452,clip_100,1,listen,,2.0993,1218858.0,raspberry_pi_seeed_gsr,"1218858,2.0993"
2026-05-31T15:25:45.419,test67,self_20260531_152452,clip_100,1,listen,,2.0977,1218879.0,raspberry_pi_seeed_gsr,"1218879,2.0977"
2026-05-31T15:25:45.439,test67,self_20260531_152452,clip_100,1,listen,,2.1017,1218900.0,raspberry_pi_seeed_gsr,"1218900,2.1017"
2026-05-31T15:25:45.460,test67,self_20260531_152452,clip_100,1,listen,,2.0969,1218921.0,raspberry_pi_seeed_gsr,"1218921,2.0969"
2026-05-31T15:25:45.481,test67,self_20260531_152452,clip_100,1,listen,,2.0969,1218942.0,raspberry_pi_seeed_gsr,"1218942,2.0969"
2026-05-31T15:25:45.503,test67,self_20260531_152452,clip_100,1,listen,,2.0856,1218963.0,raspberry_pi_seeed_gsr,"1218963,2.0856"
2026-05-31T15:25:45.523,test67,self_20260531_152452,clip_100,1,listen,,2.0993,1218984.0,raspberry_pi_seeed_gsr,"1218984,2.0993"
2026-05-31T15:25:45.544,test67,self_20260531_152452,clip_100,1,listen,,2.0969,1219005.0,raspberry_pi_seeed_gsr,"1219005,2.0969"
2026-05-31T15:25:45.566,test67,self_20260531_152452,clip_100,1,listen,,2.0985,1219026.0,raspberry_pi_seeed_gsr,"1219026,2.0985"
2026-05-31T15:25:45.586,test67,self_20260531_152452,clip_100,1,listen,,2.1001,1219047.0,raspberry_pi_seeed_gsr,"1219047,2.1001"
2026-05-31T15:25:45.608,test67,self_20260531_152452,clip_100,1,listen,,2.0993,1219068.0,raspberry_pi_seeed_gsr,"1219068,2.0993"
2026-05-31T15:25:45.629,test67,self_20260531_152452,clip_100,1,listen,,2.1041,1219089.0,raspberry_pi_seeed_gsr,"1219089,2.1041"
2026-05-31T15:25:45.650,test67,self_20260531_152452,clip_100,1,listen,,2.1057,1219110.0,raspberry_pi_seeed_gsr,"1219110,2.1057"
2026-05-31T15:25:45.671,test67,self_20260531_152452,clip_100,1,listen,,2.092,1219131.0,raspberry_pi_seeed_gsr,"1219131,2.0920"
2026-05-31T15:25:45.691,test67,self_20260531_152452,clip_100,1,listen,,2.0937,1219152.0,raspberry_pi_seeed_gsr,"1219152,2.0937"
2026-05-31T15:25:45.712,test67,self_20260531_152452,clip_100,1,listen,,2.0969,1219173.0,raspberry_pi_seeed_gsr,"1219173,2.0969"
2026-05-31T15:25:45.734,test67,self_20260531_152452,clip_100,1,listen,,2.0993,1219194.0,raspberry_pi_seeed_gsr,"1219194,2.0993"
2026-05-31T15:25:45.755,test67,self_20260531_152452,clip_100,1,listen,,2.092,1219215.0,raspberry_pi_seeed_gsr,"1219215,2.0920"
2026-05-31T15:25:45.776,test67,self_20260531_152452,clip_100,1,listen,,2.0912,1219236.0,raspberry_pi_seeed_gsr,"1219236,2.0912"
2026-05-31T15:25:45.797,test67,self_20260531_152452,clip_100,1,listen,,2.1098,1219257.0,raspberry_pi_seeed_gsr,"1219257,2.1098"
2026-05-31T15:25:45.818,test67,self_20260531_152452,clip_100,1,listen,,2.0985,1219278.0,raspberry_pi_seeed_gsr,"1219278,2.0985"
2026-05-31T15:25:45.839,test67,self_20260531_152452,clip_100,1,listen,,2.1017,1219299.0,raspberry_pi_seeed_gsr,"1219299,2.1017"
2026-05-31T15:25:45.859,test67,self_20260531_152452,clip_100,1,listen,,2.1001,1219320.0,raspberry_pi_seeed_gsr,"1219320,2.1001"
2026-05-31T15:25:45.881,test67,self_20260531_152452,clip_100,1,listen,,2.0985,1219341.0,raspberry_pi_seeed_gsr,"1219341,2.0985"
2026-05-31T15:25:45.902,test67,self_20260531_152452,clip_100,1,listen,,2.1017,1219362.0,raspberry_pi_seeed_gsr,"1219362,2.1017"
2026-05-31T15:25:45.923,test67,self_20260531_152452,clip_100,1,listen,,2.0969,1219383.0,raspberry_pi_seeed_gsr,"1219383,2.0969"
2026-05-31T15:25:45.944,test67,self_20260531_152452,clip_100,1,listen,,2.0985,1219404.0,raspberry_pi_seeed_gsr,"1219404,2.0985"
2026-05-31T15:25:45.965,test67,self_20260531_152452,clip_100,1,listen,,2.0953,1219425.0,raspberry_pi_seeed_gsr,"1219425,2.0953"
2026-05-31T15:25:45.986,test67,self_20260531_152452,clip_100,1,listen,,2.092,1219446.0,raspberry_pi_seeed_gsr,"1219446,2.0920"
2026-05-31T15:25:46.006,test67,self_20260531_152452,clip_100,1,listen,,2.0985,1219467.0,raspberry_pi_seeed_gsr,"1219467,2.0985"
2026-05-31T15:25:46.028,test67,self_20260531_152452,clip_100,1,listen,,2.0985,1219488.0,raspberry_pi_seeed_gsr,"1219488,2.0985"
2026-05-31T15:25:46.049,test67,self_20260531_152452,clip_100,1,listen,,2.1001,1219509.0,raspberry_pi_seeed_gsr,"1219509,2.1001"
2026-05-31T15:25:46.069,test67,self_20260531_152452,clip_100,1,listen,,2.1009,1219530.0,raspberry_pi_seeed_gsr,"1219530,2.1009"
2026-05-31T15:25:46.091,test67,self_20260531_152452,clip_100,1,listen,,2.0993,1219551.0,raspberry_pi_seeed_gsr,"1219551,2.0993"
2026-05-31T15:25:46.112,test67,self_20260531_152452,clip_100,1,listen,,2.0961,1219572.0,raspberry_pi_seeed_gsr,"1219572,2.0961"
2026-05-31T15:25:46.133,test67,self_20260531_152452,clip_100,1,listen,,2.1009,1219593.0,raspberry_pi_seeed_gsr,"1219593,2.1009"
2026-05-31T15:25:46.154,test67,self_20260531_152452,clip_100,1,listen,,2.0888,1219614.0,raspberry_pi_seeed_gsr,"1219614,2.0888"
2026-05-31T15:25:46.175,test67,self_20260531_152452,clip_100,1,listen,,2.0993,1219635.0,raspberry_pi_seeed_gsr,"1219635,2.0993"
2026-05-31T15:25:46.196,test67,self_20260531_152452,clip_100,1,listen,,2.0985,1219656.0,raspberry_pi_seeed_gsr,"1219656,2.0985"
2026-05-31T15:25:46.217,test67,self_20260531_152452,clip_100,1,listen,,2.0985,1219677.0,raspberry_pi_seeed_gsr,"1219677,2.0985"
2026-05-31T15:25:46.237,test67,self_20260531_152452,clip_100,1,listen,,2.0985,1219698.0,raspberry_pi_seeed_gsr,"1219698,2.0985"
2026-05-31T15:25:46.259,test67,self_20260531_152452,clip_100,1,listen,,2.1009,1219719.0,raspberry_pi_seeed_gsr,"1219719,2.1009"
2026-05-31T15:25:46.279,test67,self_20260531_152452,clip_100,1,listen,,2.0993,1219740.0,raspberry_pi_seeed_gsr,"1219740,2.0993"
2026-05-31T15:25:46.300,test67,self_20260531_152452,clip_100,1,listen,,2.0993,1219761.0,raspberry_pi_seeed_gsr,"1219761,2.0993"
2026-05-31T15:25:46.321,test67,self_20260531_152452,clip_100,1,listen,,2.1001,1219782.0,raspberry_pi_seeed_gsr,"1219782,2.1001"
2026-05-31T15:25:46.342,test67,self_20260531_152452,clip_100,1,listen,,2.0969,1219803.0,raspberry_pi_seeed_gsr,"1219803,2.0969"
2026-05-31T15:25:46.363,test67,self_20260531_152452,clip_100,1,listen,,2.0969,1219824.0,raspberry_pi_seeed_gsr,"1219824,2.0969"
2026-05-31T15:25:46.385,test67,self_20260531_152452,clip_100,1,listen,,2.0985,1219845.0,raspberry_pi_seeed_gsr,"1219845,2.0985"
2026-05-31T15:25:46.406,test67,self_20260531_152452,clip_100,1,listen,,2.0993,1219866.0,raspberry_pi_seeed_gsr,"1219866,2.0993"
2026-05-31T15:25:46.426,test67,self_20260531_152452,clip_100,1,listen,,2.0977,1219887.0,raspberry_pi_seeed_gsr,"1219887,2.0977"
2026-05-31T15:25:46.448,test67,self_20260531_152452,clip_100,1,listen,,2.1041,1219908.0,raspberry_pi_seeed_gsr,"1219908,2.1041"
2026-05-31T15:25:46.468,test67,self_20260531_152452,clip_100,1,listen,,2.109,1219929.0,raspberry_pi_seeed_gsr,"1219929,2.1090"
2026-05-31T15:25:46.490,test67,self_20260531_152452,clip_100,1,listen,,2.0977,1219950.0,raspberry_pi_seeed_gsr,"1219950,2.0977"
2026-05-31T15:25:46.511,test67,self_20260531_152452,clip_100,1,listen,,2.1025,1219971.0,raspberry_pi_seeed_gsr,"1219971,2.1025"
2026-05-31T15:25:46.532,test67,self_20260531_152452,clip_100,1,listen,,2.0969,1219992.0,raspberry_pi_seeed_gsr,"1219992,2.0969"
2026-05-31T15:25:46.553,test67,self_20260531_152452,clip_100,1,listen,,2.0993,1220013.0,raspberry_pi_seeed_gsr,"1220013,2.0993"
2026-05-31T15:25:46.574,test67,self_20260531_152452,clip_100,1,listen,,2.0985,1220034.0,raspberry_pi_seeed_gsr,"1220034,2.0985"
2026-05-31T15:25:46.595,test67,self_20260531_152452,clip_100,1,listen,,2.1009,1220055.0,raspberry_pi_seeed_gsr,"1220055,2.1009"
2026-05-31T15:25:46.615,test67,self_20260531_152452,clip_100,1,listen,,2.0977,1220076.0,raspberry_pi_seeed_gsr,"1220076,2.0977"
2026-05-31T15:25:46.637,test67,self_20260531_152452,clip_100,1,listen,,2.0993,1220097.0,raspberry_pi_seeed_gsr,"1220097,2.0993"
2026-05-31T15:25:46.658,test67,self_20260531_152452,clip_100,1,listen,,2.1025,1220118.0,raspberry_pi_seeed_gsr,"1220118,2.1025"
2026-05-31T15:25:46.678,test67,self_20260531_152452,clip_100,1,listen,,2.0993,1220139.0,raspberry_pi_seeed_gsr,"1220139,2.0993"
2026-05-31T15:25:46.699,test67,self_20260531_152452,clip_100,1,listen,,2.1001,1220160.0,raspberry_pi_seeed_gsr,"1220160,2.1001"
2026-05-31T15:25:46.720,test67,self_20260531_152452,clip_100,1,listen,,2.0985,1220181.0,raspberry_pi_seeed_gsr,"1220181,2.0985"
2026-05-31T15:25:46.741,test67,self_20260531_152452,clip_100,1,listen,,2.1001,1220202.0,raspberry_pi_seeed_gsr,"1220202,2.1001"
2026-05-31T15:25:46.762,test67,self_20260531_152452,clip_100,1,listen,,2.0928,1220223.0,raspberry_pi_seeed_gsr,"1220223,2.0928"
2026-05-31T15:25:46.783,test67,self_20260531_152452,clip_100,1,listen,,2.0872,1220244.0,raspberry_pi_seeed_gsr,"1220244,2.0872"
2026-05-31T15:25:46.805,test67,self_20260531_152452,clip_100,1,listen,,2.0985,1220265.0,raspberry_pi_seeed_gsr,"1220265,2.0985"
2026-05-31T15:25:46.826,test67,self_20260531_152452,clip_100,1,listen,,2.0977,1220286.0,raspberry_pi_seeed_gsr,"1220286,2.0977"
2026-05-31T15:25:46.846,test67,self_20260531_152452,clip_100,1,listen,,2.0622,1220307.0,raspberry_pi_seeed_gsr,"1220307,2.0622"
2026-05-31T15:25:46.868,test67,self_20260531_152452,clip_100,1,listen,,2.0888,1220328.0,raspberry_pi_seeed_gsr,"1220328,2.0888"
2026-05-31T15:25:46.888,test67,self_20260531_152452,clip_100,1,listen,,2.1001,1220349.0,raspberry_pi_seeed_gsr,"1220349,2.1001"
2026-05-31T15:25:46.909,test67,self_20260531_152452,clip_100,1,listen,,2.0961,1220370.0,raspberry_pi_seeed_gsr,"1220370,2.0961"
2026-05-31T15:25:46.930,test67,self_20260531_152452,clip_100,1,listen,,2.0977,1220391.0,raspberry_pi_seeed_gsr,"1220391,2.0977"
2026-05-31T15:25:46.951,test67,self_20260531_152452,clip_100,1,listen,,2.1009,1220412.0,raspberry_pi_seeed_gsr,"1220412,2.1009"
2026-05-31T15:25:46.973,test67,self_20260531_152452,clip_100,1,listen,,2.1106,1220433.0,raspberry_pi_seeed_gsr,"1220433,2.1106"
2026-05-31T15:25:46.993,test67,self_20260531_152452,clip_100,1,listen,,2.1017,1220454.0,raspberry_pi_seeed_gsr,"1220454,2.1017"
2026-05-31T15:25:47.014,test67,self_20260531_152452,clip_100,1,listen,,2.0985,1220475.0,raspberry_pi_seeed_gsr,"1220475,2.0985"
2026-05-31T15:25:47.035,test67,self_20260531_152452,clip_100,1,listen,,2.0993,1220496.0,raspberry_pi_seeed_gsr,"1220496,2.0993"
2026-05-31T15:25:47.056,test67,self_20260531_152452,clip_100,1,listen,,2.1001,1220517.0,raspberry_pi_seeed_gsr,"1220517,2.1001"
2026-05-31T15:25:47.077,test67,self_20260531_152452,clip_100,1,listen,,2.0993,1220538.0,raspberry_pi_seeed_gsr,"1220538,2.0993"
2026-05-31T15:25:47.098,test67,self_20260531_152452,clip_100,1,listen,,2.0993,1220559.0,raspberry_pi_seeed_gsr,"1220559,2.0993"
2026-05-31T15:25:47.120,test67,self_20260531_152452,clip_100,1,listen,,2.0928,1220580.0,raspberry_pi_seeed_gsr,"1220580,2.0928"
2026-05-31T15:25:47.140,test67,self_20260531_152452,clip_100,1,listen,,2.0816,1220601.0,raspberry_pi_seeed_gsr,"1220601,2.0816"
2026-05-31T15:25:47.162,test67,self_20260531_152452,clip_100,1,listen,,2.0977,1220622.0,raspberry_pi_seeed_gsr,"1220622,2.0977"
2026-05-31T15:25:47.182,test67,self_20260531_152452,clip_100,1,listen,,2.0961,1220643.0,raspberry_pi_seeed_gsr,"1220643,2.0961"
2026-05-31T15:25:47.203,test67,self_20260531_152452,clip_100,1,listen,,2.0937,1220664.0,raspberry_pi_seeed_gsr,"1220664,2.0937"
2026-05-31T15:25:47.224,test67,self_20260531_152452,clip_100,1,listen,,2.1025,1220685.0,raspberry_pi_seeed_gsr,"1220685,2.1025"
2026-05-31T15:25:47.245,test67,self_20260531_152452,clip_100,1,listen,,2.0985,1220706.0,raspberry_pi_seeed_gsr,"1220706,2.0985"
2026-05-31T15:25:47.266,test67,self_20260531_152452,clip_100,1,listen,,2.1001,1220727.0,raspberry_pi_seeed_gsr,"1220727,2.1001"
2026-05-31T15:25:47.287,test67,self_20260531_152452,clip_100,1,listen,,2.1001,1220748.0,raspberry_pi_seeed_gsr,"1220748,2.1001"
2026-05-31T15:25:47.308,test67,self_20260531_152452,clip_100,1,listen,,2.092,1220769.0,raspberry_pi_seeed_gsr,"1220769,2.0920"
2026-05-31T15:25:47.329,test67,self_20260531_152452,clip_100,1,listen,,2.0985,1220790.0,raspberry_pi_seeed_gsr,"1220790,2.0985"
2026-05-31T15:25:47.351,test67,self_20260531_152452,clip_100,1,listen,,2.1017,1220811.0,raspberry_pi_seeed_gsr,"1220811,2.1017"
2026-05-31T15:25:47.372,test67,self_20260531_152452,clip_100,1,listen,,2.0872,1220832.0,raspberry_pi_seeed_gsr,"1220832,2.0872"
2026-05-31T15:25:47.392,test67,self_20260531_152452,clip_100,1,listen,,2.0937,1220853.0,raspberry_pi_seeed_gsr,"1220853,2.0937"
2026-05-31T15:25:47.413,test67,self_20260531_152452,clip_100,1,listen,,2.0977,1220874.0,raspberry_pi_seeed_gsr,"1220874,2.0977"
2026-05-31T15:25:47.435,test67,self_20260531_152452,clip_100,1,listen,,2.0977,1220895.0,raspberry_pi_seeed_gsr,"1220895,2.0977"
2026-05-31T15:25:47.455,test67,self_20260531_152452,clip_100,1,listen,,2.0985,1220916.0,raspberry_pi_seeed_gsr,"1220916,2.0985"
2026-05-31T15:25:47.476,test67,self_20260531_152452,clip_100,1,listen,,2.1001,1220937.0,raspberry_pi_seeed_gsr,"1220937,2.1001"
2026-05-31T15:25:47.497,test67,self_20260531_152452,clip_100,1,listen,,2.0977,1220958.0,raspberry_pi_seeed_gsr,"1220958,2.0977"
2026-05-31T15:25:47.519,test67,self_20260531_152452,clip_100,1,listen,,2.0985,1220979.0,raspberry_pi_seeed_gsr,"1220979,2.0985"
2026-05-31T15:25:47.540,test67,self_20260531_152452,clip_100,1,listen,,2.0985,1221000.0,raspberry_pi_seeed_gsr,"1221000,2.0985"
2026-05-31T15:25:47.561,test67,self_20260531_152452,clip_100,1,listen,,2.0993,1221021.0,raspberry_pi_seeed_gsr,"1221021,2.0993"
2026-05-31T15:25:47.581,test67,self_20260531_152452,clip_100,1,listen,,2.0856,1221042.0,raspberry_pi_seeed_gsr,"1221042,2.0856"
2026-05-31T15:25:47.603,test67,self_20260531_152452,clip_100,1,listen,,2.0985,1221063.0,raspberry_pi_seeed_gsr,"1221063,2.0985"
2026-05-31T15:25:47.623,test67,self_20260531_152452,clip_100,1,listen,,2.1025,1221084.0,raspberry_pi_seeed_gsr,"1221084,2.1025"
2026-05-31T15:25:47.645,test67,self_20260531_152452,clip_100,1,listen,,2.1049,1221105.0,raspberry_pi_seeed_gsr,"1221105,2.1049"
2026-05-31T15:25:47.665,test67,self_20260531_152452,clip_100,1,listen,,2.0985,1221126.0,raspberry_pi_seeed_gsr,"1221126,2.0985"
2026-05-31T15:25:47.687,test67,self_20260531_152452,clip_100,1,listen,,2.0937,1221147.0,raspberry_pi_seeed_gsr,"1221147,2.0937"
2026-05-31T15:25:47.707,test67,self_20260531_152452,clip_100,1,listen,,2.1001,1221168.0,raspberry_pi_seeed_gsr,"1221168,2.1001"
2026-05-31T15:25:47.729,test67,self_20260531_152452,clip_100,1,listen,,2.1017,1221189.0,raspberry_pi_seeed_gsr,"1221189,2.1017"
2026-05-31T15:25:47.750,test67,self_20260531_152452,clip_100,1,listen,,2.1001,1221210.0,raspberry_pi_seeed_gsr,"1221210,2.1001"
2026-05-31T15:25:47.770,test67,self_20260531_152452,clip_100,1,listen,,2.1001,1221231.0,raspberry_pi_seeed_gsr,"1221231,2.1001"
2026-05-31T15:25:47.792,test67,self_20260531_152452,clip_100,1,listen,,2.0993,1221252.0,raspberry_pi_seeed_gsr,"1221252,2.0993"
2026-05-31T15:25:47.812,test67,self_20260531_152452,clip_100,1,listen,,2.0985,1221273.0,raspberry_pi_seeed_gsr,"1221273,2.0985"
2026-05-31T15:25:47.834,test67,self_20260531_152452,clip_100,1,listen,,2.0912,1221294.0,raspberry_pi_seeed_gsr,"1221294,2.0912"
2026-05-31T15:25:47.855,test67,self_20260531_152452,clip_100,1,listen,,2.0953,1221315.0,raspberry_pi_seeed_gsr,"1221315,2.0953"
2026-05-31T15:25:47.875,test67,self_20260531_152452,clip_100,1,listen,,2.0953,1221336.0,raspberry_pi_seeed_gsr,"1221336,2.0953"
2026-05-31T15:25:47.897,test67,self_20260531_152452,clip_100,1,listen,,2.1033,1221357.0,raspberry_pi_seeed_gsr,"1221357,2.1033"
2026-05-31T15:25:47.917,test67,self_20260531_152452,clip_100,1,listen,,2.1001,1221378.0,raspberry_pi_seeed_gsr,"1221378,2.1001"
2026-05-31T15:25:47.939,test67,self_20260531_152452,clip_100,1,listen,,2.0993,1221399.0,raspberry_pi_seeed_gsr,"1221399,2.0993"
2026-05-31T15:25:47.959,test67,self_20260531_152452,clip_100,1,listen,,2.1082,1221420.0,raspberry_pi_seeed_gsr,"1221420,2.1082"
2026-05-31T15:25:47.981,test67,self_20260531_152452,clip_100,1,listen,,2.0993,1221441.0,raspberry_pi_seeed_gsr,"1221441,2.0993"
2026-05-31T15:25:48.001,test67,self_20260531_152452,clip_100,1,listen,,2.1001,1221462.0,raspberry_pi_seeed_gsr,"1221462,2.1001"
2026-05-31T15:25:48.023,test67,self_20260531_152452,clip_100,1,listen,,2.0969,1221483.0,raspberry_pi_seeed_gsr,"1221483,2.0969"
2026-05-31T15:25:48.044,test67,self_20260531_152452,clip_100,1,listen,,2.1017,1221504.0,raspberry_pi_seeed_gsr,"1221504,2.1017"
2026-05-31T15:25:48.064,test67,self_20260531_152452,clip_100,1,listen,,2.0977,1221525.0,raspberry_pi_seeed_gsr,"1221525,2.0977"
2026-05-31T15:25:48.085,test67,self_20260531_152452,clip_100,1,listen,,2.1001,1221546.0,raspberry_pi_seeed_gsr,"1221546,2.1001"
2026-05-31T15:25:48.107,test67,self_20260531_152452,clip_100,1,listen,,2.0993,1221567.0,raspberry_pi_seeed_gsr,"1221567,2.0993"
2026-05-31T15:25:48.128,test67,self_20260531_152452,clip_100,1,listen,,2.0953,1221588.0,raspberry_pi_seeed_gsr,"1221588,2.0953"
2026-05-31T15:25:48.148,test67,self_20260531_152452,clip_100,1,listen,,2.0912,1221609.0,raspberry_pi_seeed_gsr,"1221609,2.0912"
2026-05-31T15:25:48.170,test67,self_20260531_152452,clip_100,1,listen,,2.1017,1221630.0,raspberry_pi_seeed_gsr,"1221630,2.1017"
2026-05-31T15:25:48.190,test67,self_20260531_152452,clip_100,1,listen,,2.1001,1221651.0,raspberry_pi_seeed_gsr,"1221651,2.1001"
2026-05-31T15:25:48.211,test67,self_20260531_152452,clip_100,1,listen,,2.1001,1221672.0,raspberry_pi_seeed_gsr,"1221672,2.1001"
2026-05-31T15:25:48.232,test67,self_20260531_152452,clip_100,1,listen,,2.0985,1221693.0,raspberry_pi_seeed_gsr,"1221693,2.0985"
2026-05-31T15:25:48.253,test67,self_20260531_152452,clip_100,1,listen,,2.092,1221714.0,raspberry_pi_seeed_gsr,"1221714,2.0920"
2026-05-31T15:25:48.274,test67,self_20260531_152452,clip_100,1,listen,,2.1251,1221735.0,raspberry_pi_seeed_gsr,"1221735,2.1251"
2026-05-31T15:25:48.298,test67,self_20260531_152452,clip_100,1,listen,,2.0953,1221756.0,raspberry_pi_seeed_gsr,"1221756,2.0953"
2026-05-31T15:25:48.317,test67,self_20260531_152452,clip_100,1,listen,,2.0928,1221777.0,raspberry_pi_seeed_gsr,"1221777,2.0928"
2026-05-31T15:25:48.338,test67,self_20260531_152452,clip_100,1,listen,,2.0953,1221798.0,raspberry_pi_seeed_gsr,"1221798,2.0953"
2026-05-31T15:25:48.358,test67,self_20260531_152452,clip_100,1,listen,,2.1114,1221819.0,raspberry_pi_seeed_gsr,"1221819,2.1114"
2026-05-31T15:25:48.379,test67,self_20260531_152452,clip_100,1,listen,,2.0937,1221840.0,raspberry_pi_seeed_gsr,"1221840,2.0937"
2026-05-31T15:25:48.400,test67,self_20260531_152452,clip_100,1,listen,,2.1001,1221861.0,raspberry_pi_seeed_gsr,"1221861,2.1001"
2026-05-31T15:25:48.421,test67,self_20260531_152452,clip_100,1,listen,,2.0985,1221882.0,raspberry_pi_seeed_gsr,"1221882,2.0985"
2026-05-31T15:25:48.442,test67,self_20260531_152452,clip_100,1,listen,,2.0961,1221903.0,raspberry_pi_seeed_gsr,"1221903,2.0961"
2026-05-31T15:25:48.463,test67,self_20260531_152452,clip_100,1,listen,,2.1057,1221924.0,raspberry_pi_seeed_gsr,"1221924,2.1057"
2026-05-31T15:25:48.484,test67,self_20260531_152452,clip_100,1,listen,,2.092,1221945.0,raspberry_pi_seeed_gsr,"1221945,2.0920"
2026-05-31T15:25:48.505,test67,self_20260531_152452,clip_100,1,listen,,2.1033,1221966.0,raspberry_pi_seeed_gsr,"1221966,2.1033"
2026-05-31T15:25:48.526,test67,self_20260531_152452,clip_100,1,listen,,2.0953,1221987.0,raspberry_pi_seeed_gsr,"1221987,2.0953"
2026-05-31T15:25:48.547,test67,self_20260531_152452,clip_100,1,listen,,2.0993,1222008.0,raspberry_pi_seeed_gsr,"1222008,2.0993"
2026-05-31T15:25:48.568,test67,self_20260531_152452,clip_100,1,listen,,2.1001,1222029.0,raspberry_pi_seeed_gsr,"1222029,2.1001"
2026-05-31T15:25:48.589,test67,self_20260531_152452,clip_100,1,listen,,2.0985,1222050.0,raspberry_pi_seeed_gsr,"1222050,2.0985"
2026-05-31T15:25:48.610,test67,self_20260531_152452,clip_100,1,listen,,2.1009,1222071.0,raspberry_pi_seeed_gsr,"1222071,2.1009"
2026-05-31T15:25:48.631,test67,self_20260531_152452,clip_100,1,listen,,2.0993,1222092.0,raspberry_pi_seeed_gsr,"1222092,2.0993"
2026-05-31T15:25:48.652,test67,self_20260531_152452,clip_100,1,listen,,2.0953,1222113.0,raspberry_pi_seeed_gsr,"1222113,2.0953"
2026-05-31T15:25:48.673,test67,self_20260531_152452,clip_100,1,listen,,2.0953,1222134.0,raspberry_pi_seeed_gsr,"1222134,2.0953"
2026-05-31T15:25:48.694,test67,self_20260531_152452,clip_100,1,listen,,2.1001,1222155.0,raspberry_pi_seeed_gsr,"1222155,2.1001"
2026-05-31T15:25:48.715,test67,self_20260531_152452,clip_100,1,listen,,2.1001,1222176.0,raspberry_pi_seeed_gsr,"1222176,2.1001"
2026-05-31T15:25:48.736,test67,self_20260531_152452,clip_100,1,listen,,2.1001,1222197.0,raspberry_pi_seeed_gsr,"1222197,2.1001"
2026-05-31T15:25:48.757,test67,self_20260531_152452,clip_100,1,listen,,2.0977,1222218.0,raspberry_pi_seeed_gsr,"1222218,2.0977"
2026-05-31T15:25:48.778,test67,self_20260531_152452,clip_100,1,listen,,2.0985,1222239.0,raspberry_pi_seeed_gsr,"1222239,2.0985"
2026-05-31T15:25:48.799,test67,self_20260531_152452,clip_100,1,listen,,2.0993,1222260.0,raspberry_pi_seeed_gsr,"1222260,2.0993"
2026-05-31T15:25:48.821,test67,self_20260531_152452,clip_100,1,listen,,2.0928,1222281.0,raspberry_pi_seeed_gsr,"1222281,2.0928"
2026-05-31T15:25:48.842,test67,self_20260531_152452,clip_100,1,listen,,2.0896,1222302.0,raspberry_pi_seeed_gsr,"1222302,2.0896"
2026-05-31T15:25:48.863,test67,self_20260531_152452,clip_100,1,listen,,2.1033,1222323.0,raspberry_pi_seeed_gsr,"1222323,2.1033"
2026-05-31T15:25:48.883,test67,self_20260531_152452,clip_100,1,listen,,2.0937,1222344.0,raspberry_pi_seeed_gsr,"1222344,2.0937"
2026-05-31T15:25:48.904,test67,self_20260531_152452,clip_100,1,listen,,2.1098,1222365.0,raspberry_pi_seeed_gsr,"1222365,2.1098"
2026-05-31T15:25:48.925,test67,self_20260531_152452,clip_100,1,listen,,2.0993,1222386.0,raspberry_pi_seeed_gsr,"1222386,2.0993"
2026-05-31T15:25:48.946,test67,self_20260531_152452,clip_100,1,listen,,2.0985,1222407.0,raspberry_pi_seeed_gsr,"1222407,2.0985"
2026-05-31T15:25:48.967,test67,self_20260531_152452,clip_100,1,listen,,2.1025,1222428.0,raspberry_pi_seeed_gsr,"1222428,2.1025"
2026-05-31T15:25:48.988,test67,self_20260531_152452,clip_100,1,listen,,2.0985,1222449.0,raspberry_pi_seeed_gsr,"1222449,2.0985"
2026-05-31T15:25:49.010,test67,self_20260531_152452,clip_100,1,listen,,2.1017,1222470.0,raspberry_pi_seeed_gsr,"1222470,2.1017"
2026-05-31T15:25:49.030,test67,self_20260531_152452,clip_100,1,listen,,2.0977,1222491.0,raspberry_pi_seeed_gsr,"1222491,2.0977"
2026-05-31T15:25:49.051,test67,self_20260531_152452,clip_100,1,listen,,2.0985,1222512.0,raspberry_pi_seeed_gsr,"1222512,2.0985"
2026-05-31T15:25:49.073,test67,self_20260531_152452,clip_100,1,listen,,2.0993,1222533.0,raspberry_pi_seeed_gsr,"1222533,2.0993"
2026-05-31T15:25:49.094,test67,self_20260531_152452,clip_100,1,listen,,2.0912,1222554.0,raspberry_pi_seeed_gsr,"1222554,2.0912"
2026-05-31T15:25:49.114,test67,self_20260531_152452,clip_100,1,listen,,2.0977,1222575.0,raspberry_pi_seeed_gsr,"1222575,2.0977"
2026-05-31T15:25:49.135,test67,self_20260531_152452,clip_100,1,listen,,2.1025,1222596.0,raspberry_pi_seeed_gsr,"1222596,2.1025"
2026-05-31T15:25:49.156,test67,self_20260531_152452,clip_100,1,listen,,2.1017,1222617.0,raspberry_pi_seeed_gsr,"1222617,2.1017"
2026-05-31T15:25:49.177,test67,self_20260531_152452,clip_100,1,listen,,2.0928,1222638.0,raspberry_pi_seeed_gsr,"1222638,2.0928"
2026-05-31T15:25:49.199,test67,self_20260531_152452,clip_100,1,listen,,2.1025,1222659.0,raspberry_pi_seeed_gsr,"1222659,2.1025"
2026-05-31T15:25:49.219,test67,self_20260531_152452,clip_100,1,listen,,2.0993,1222680.0,raspberry_pi_seeed_gsr,"1222680,2.0993"
2026-05-31T15:25:49.241,test67,self_20260531_152452,clip_100,1,listen,,2.0985,1222701.0,raspberry_pi_seeed_gsr,"1222701,2.0985"
2026-05-31T15:25:49.261,test67,self_20260531_152452,clip_100,1,listen,,2.0985,1222722.0,raspberry_pi_seeed_gsr,"1222722,2.0985"
2026-05-31T15:25:49.283,test67,self_20260531_152452,clip_100,1,listen,,2.1009,1222743.0,raspberry_pi_seeed_gsr,"1222743,2.1009"
2026-05-31T15:25:49.304,test67,self_20260531_152452,clip_100,1,listen,,2.0928,1222764.0,raspberry_pi_seeed_gsr,"1222764,2.0928"
2026-05-31T15:25:49.325,test67,self_20260531_152452,clip_100,1,listen,,2.0985,1222785.0,raspberry_pi_seeed_gsr,"1222785,2.0985"
2026-05-31T15:25:49.346,test67,self_20260531_152452,clip_100,1,listen,,2.0985,1222806.0,raspberry_pi_seeed_gsr,"1222806,2.0985"
2026-05-31T15:25:49.367,test67,self_20260531_152452,clip_100,1,listen,,2.1009,1222827.0,raspberry_pi_seeed_gsr,"1222827,2.1009"
2026-05-31T15:25:49.388,test67,self_20260531_152452,clip_100,1,listen,,2.0993,1222848.0,raspberry_pi_seeed_gsr,"1222848,2.0993"
2026-05-31T15:25:49.408,test67,self_20260531_152452,clip_100,1,listen,,2.1025,1222869.0,raspberry_pi_seeed_gsr,"1222869,2.1025"
2026-05-31T15:25:49.430,test67,self_20260531_152452,clip_100,1,listen,,2.0993,1222890.0,raspberry_pi_seeed_gsr,"1222890,2.0993"
2026-05-31T15:25:49.451,test67,self_20260531_152452,clip_100,1,listen,,2.0993,1222911.0,raspberry_pi_seeed_gsr,"1222911,2.0993"
2026-05-31T15:25:49.472,test67,self_20260531_152452,clip_100,1,listen,,2.1009,1222932.0,raspberry_pi_seeed_gsr,"1222932,2.1009"
2026-05-31T15:25:49.493,test67,self_20260531_152452,clip_100,1,listen,,2.1001,1222953.0,raspberry_pi_seeed_gsr,"1222953,2.1001"
2026-05-31T15:25:49.514,test67,self_20260531_152452,clip_100,1,listen,,2.1001,1222974.0,raspberry_pi_seeed_gsr,"1222974,2.1001"
2026-05-31T15:25:49.535,test67,self_20260531_152452,clip_100,1,listen,,2.0993,1222995.0,raspberry_pi_seeed_gsr,"1222995,2.0993"
2026-05-31T15:25:49.556,test67,self_20260531_152452,clip_100,1,listen,,2.1098,1223016.0,raspberry_pi_seeed_gsr,"1223016,2.1098"
2026-05-31T15:25:49.577,test67,self_20260531_152452,clip_100,1,listen,,2.0993,1223037.0,raspberry_pi_seeed_gsr,"1223037,2.0993"
2026-05-31T15:25:49.598,test67,self_20260531_152452,clip_100,1,listen,,2.0993,1223058.0,raspberry_pi_seeed_gsr,"1223058,2.0993"
2026-05-31T15:25:49.619,test67,self_20260531_152452,clip_100,1,listen,,2.1049,1223079.0,raspberry_pi_seeed_gsr,"1223079,2.1049"
2026-05-31T15:25:49.640,test67,self_20260531_152452,clip_100,1,listen,,2.0993,1223100.0,raspberry_pi_seeed_gsr,"1223100,2.0993"
2026-05-31T15:25:49.661,test67,self_20260531_152452,clip_100,1,listen,,2.092,1223121.0,raspberry_pi_seeed_gsr,"1223121,2.0920"
2026-05-31T15:25:49.681,test67,self_20260531_152452,clip_100,1,listen,,2.1001,1223142.0,raspberry_pi_seeed_gsr,"1223142,2.1001"
2026-05-31T15:25:49.702,test67,self_20260531_152452,clip_100,1,listen,,2.0993,1223163.0,raspberry_pi_seeed_gsr,"1223163,2.0993"
2026-05-31T15:25:49.723,test67,self_20260531_152452,clip_100,1,listen,,2.0969,1223184.0,raspberry_pi_seeed_gsr,"1223184,2.0969"
2026-05-31T15:25:49.745,test67,self_20260531_152452,clip_100,1,listen,,2.1065,1223205.0,raspberry_pi_seeed_gsr,"1223205,2.1065"
2026-05-31T15:25:49.766,test67,self_20260531_152452,clip_100,1,listen,,2.1017,1223226.0,raspberry_pi_seeed_gsr,"1223226,2.1017"
2026-05-31T15:25:49.786,test67,self_20260531_152452,clip_100,1,listen,,2.1025,1223247.0,raspberry_pi_seeed_gsr,"1223247,2.1025"
2026-05-31T15:25:49.808,test67,self_20260531_152452,clip_100,1,listen,,2.0985,1223268.0,raspberry_pi_seeed_gsr,"1223268,2.0985"
2026-05-31T15:25:49.829,test67,self_20260531_152452,clip_100,1,listen,,2.1057,1223289.0,raspberry_pi_seeed_gsr,"1223289,2.1057"
2026-05-31T15:25:49.850,test67,self_20260531_152452,clip_100,1,listen,,2.0985,1223310.0,raspberry_pi_seeed_gsr,"1223310,2.0985"
2026-05-31T15:25:49.871,test67,self_20260531_152452,clip_100,1,listen,,2.0985,1223331.0,raspberry_pi_seeed_gsr,"1223331,2.0985"
2026-05-31T15:25:49.892,test67,self_20260531_152452,clip_100,1,listen,,2.0993,1223352.0,raspberry_pi_seeed_gsr,"1223352,2.0993"
2026-05-31T15:25:49.913,test67,self_20260531_152452,clip_100,1,listen,,2.1017,1223373.0,raspberry_pi_seeed_gsr,"1223373,2.1017"
2026-05-31T15:25:49.934,test67,self_20260531_152452,clip_100,1,listen,,2.0993,1223394.0,raspberry_pi_seeed_gsr,"1223394,2.0993"
2026-05-31T15:25:49.955,test67,self_20260531_152452,clip_100,1,listen,,2.0993,1223415.0,raspberry_pi_seeed_gsr,"1223415,2.0993"
2026-05-31T15:25:49.975,test67,self_20260531_152452,clip_100,1,listen,,2.0904,1223436.0,raspberry_pi_seeed_gsr,"1223436,2.0904"
2026-05-31T15:25:49.996,test67,self_20260531_152452,clip_100,1,listen,,2.1001,1223457.0,raspberry_pi_seeed_gsr,"1223457,2.1001"
2026-05-31T15:25:50.018,test67,self_20260531_152452,clip_100,1,listen,,2.1001,1223478.0,raspberry_pi_seeed_gsr,"1223478,2.1001"
2026-05-31T15:25:50.038,test67,self_20260531_152452,clip_100,1,listen,,2.0912,1223499.0,raspberry_pi_seeed_gsr,"1223499,2.0912"
2026-05-31T15:25:50.060,test67,self_20260531_152452,clip_100,1,listen,,2.0928,1223520.0,raspberry_pi_seeed_gsr,"1223520,2.0928"
2026-05-31T15:25:50.081,test67,self_20260531_152452,clip_100,1,listen,,2.0993,1223541.0,raspberry_pi_seeed_gsr,"1223541,2.0993"
2026-05-31T15:25:50.102,test67,self_20260531_152452,clip_100,1,listen,,2.0937,1223562.0,raspberry_pi_seeed_gsr,"1223562,2.0937"
2026-05-31T15:25:50.123,test67,self_20260531_152452,clip_100,1,listen,,2.0993,1223583.0,raspberry_pi_seeed_gsr,"1223583,2.0993"
2026-05-31T15:25:50.144,test67,self_20260531_152452,clip_100,1,listen,,2.1049,1223604.0,raspberry_pi_seeed_gsr,"1223604,2.1049"
2026-05-31T15:25:50.165,test67,self_20260531_152452,clip_100,1,listen,,2.0993,1223625.0,raspberry_pi_seeed_gsr,"1223625,2.0993"
2026-05-31T15:25:50.186,test67,self_20260531_152452,clip_100,1,listen,,2.1017,1223646.0,raspberry_pi_seeed_gsr,"1223646,2.1017"
2026-05-31T15:25:50.207,test67,self_20260531_152452,clip_100,1,listen,,2.0977,1223667.0,raspberry_pi_seeed_gsr,"1223667,2.0977"
2026-05-31T15:25:50.227,test67,self_20260531_152452,clip_100,1,listen,,2.0961,1223688.0,raspberry_pi_seeed_gsr,"1223688,2.0961"
2026-05-31T15:25:50.248,test67,self_20260531_152452,clip_100,1,listen,,2.0904,1223709.0,raspberry_pi_seeed_gsr,"1223709,2.0904"
2026-05-31T15:25:50.270,test67,self_20260531_152452,clip_100,1,listen,,2.1049,1223730.0,raspberry_pi_seeed_gsr,"1223730,2.1049"
2026-05-31T15:25:50.291,test67,self_20260531_152452,clip_100,1,listen,,2.0856,1223751.0,raspberry_pi_seeed_gsr,"1223751,2.0856"
2026-05-31T15:25:50.311,test67,self_20260531_152452,clip_100,1,listen,,2.1009,1223772.0,raspberry_pi_seeed_gsr,"1223772,2.1009"
2026-05-31T15:25:50.333,test67,self_20260531_152452,clip_100,1,listen,,2.1025,1223793.0,raspberry_pi_seeed_gsr,"1223793,2.1025"
2026-05-31T15:25:50.354,test67,self_20260531_152452,clip_100,1,listen,,2.0977,1223814.0,raspberry_pi_seeed_gsr,"1223814,2.0977"
2026-05-31T15:25:50.375,test67,self_20260531_152452,clip_100,1,listen,,2.1017,1223835.0,raspberry_pi_seeed_gsr,"1223835,2.1017"
2026-05-31T15:25:50.395,test67,self_20260531_152452,clip_100,1,listen,,2.1025,1223856.0,raspberry_pi_seeed_gsr,"1223856,2.1025"
2026-05-31T15:25:50.417,test67,self_20260531_152452,clip_100,1,listen,,2.0993,1223877.0,raspberry_pi_seeed_gsr,"1223877,2.0993"
2026-05-31T15:25:50.437,test67,self_20260531_152452,clip_100,1,listen,,2.0969,1223898.0,raspberry_pi_seeed_gsr,"1223898,2.0969"
2026-05-31T15:25:50.459,test67,self_20260531_152452,clip_100,1,listen,,2.1057,1223919.0,raspberry_pi_seeed_gsr,"1223919,2.1057"
2026-05-31T15:25:50.479,test67,self_20260531_152452,clip_100,1,listen,,2.1001,1223940.0,raspberry_pi_seeed_gsr,"1223940,2.1001"
2026-05-31T15:25:50.500,test67,self_20260531_152452,clip_100,1,listen,,2.0985,1223961.0,raspberry_pi_seeed_gsr,"1223961,2.0985"
2026-05-31T15:25:50.522,test67,self_20260531_152452,clip_100,1,listen,,2.0993,1223982.0,raspberry_pi_seeed_gsr,"1223982,2.0993"
2026-05-31T15:25:50.543,test67,self_20260531_152452,clip_100,1,listen,,2.0977,1224003.0,raspberry_pi_seeed_gsr,"1224003,2.0977"
2026-05-31T15:25:50.563,test67,self_20260531_152452,clip_100,1,listen,,2.0993,1224024.0,raspberry_pi_seeed_gsr,"1224024,2.0993"
2026-05-31T15:25:50.585,test67,self_20260531_152452,clip_100,1,listen,,2.0985,1224045.0,raspberry_pi_seeed_gsr,"1224045,2.0985"
2026-05-31T15:25:50.606,test67,self_20260531_152452,clip_100,1,listen,,2.0977,1224066.0,raspberry_pi_seeed_gsr,"1224066,2.0977"
2026-05-31T15:25:50.627,test67,self_20260531_152452,clip_100,1,listen,,2.0977,1224087.0,raspberry_pi_seeed_gsr,"1224087,2.0977"
2026-05-31T15:25:50.648,test67,self_20260531_152452,clip_100,1,listen,,2.1146,1224108.0,raspberry_pi_seeed_gsr,"1224108,2.1146"
2026-05-31T15:25:50.669,test67,self_20260531_152452,clip_100,1,listen,,2.1017,1224129.0,raspberry_pi_seeed_gsr,"1224129,2.1017"
2026-05-31T15:25:50.690,test67,self_20260531_152452,clip_100,1,listen,,2.1065,1224150.0,raspberry_pi_seeed_gsr,"1224150,2.1065"
2026-05-31T15:25:50.711,test67,self_20260531_152452,clip_100,1,listen,,2.0961,1224171.0,raspberry_pi_seeed_gsr,"1224171,2.0961"
2026-05-31T15:25:50.731,test67,self_20260531_152452,clip_100,1,listen,,2.1001,1224192.0,raspberry_pi_seeed_gsr,"1224192,2.1001"
2026-05-31T15:25:50.753,test67,self_20260531_152452,clip_100,1,listen,,2.0993,1224213.0,raspberry_pi_seeed_gsr,"1224213,2.0993"
2026-05-31T15:25:50.774,test67,self_20260531_152452,clip_100,1,listen,,2.0993,1224234.0,raspberry_pi_seeed_gsr,"1224234,2.0993"
2026-05-31T15:25:50.795,test67,self_20260531_152452,clip_100,1,listen,,2.0985,1224255.0,raspberry_pi_seeed_gsr,"1224255,2.0985"
2026-05-31T15:25:50.816,test67,self_20260531_152452,clip_100,1,listen,,2.0993,1224276.0,raspberry_pi_seeed_gsr,"1224276,2.0993"
2026-05-31T15:25:50.837,test67,self_20260531_152452,clip_100,1,listen,,2.0985,1224297.0,raspberry_pi_seeed_gsr,"1224297,2.0985"
2026-05-31T15:25:50.858,test67,self_20260531_152452,clip_100,1,listen,,2.1009,1224318.0,raspberry_pi_seeed_gsr,"1224318,2.1009"
2026-05-31T15:25:50.879,test67,self_20260531_152452,clip_100,1,listen,,2.0985,1224339.0,raspberry_pi_seeed_gsr,"1224339,2.0985"
2026-05-31T15:25:50.900,test67,self_20260531_152452,clip_100,1,listen,,2.0985,1224360.0,raspberry_pi_seeed_gsr,"1224360,2.0985"
2026-05-31T15:25:50.921,test67,self_20260531_152452,clip_100,1,listen,,2.0993,1224381.0,raspberry_pi_seeed_gsr,"1224381,2.0993"
2026-05-31T15:25:50.942,test67,self_20260531_152452,clip_100,1,listen,,2.0985,1224402.0,raspberry_pi_seeed_gsr,"1224402,2.0985"
2026-05-31T15:25:50.963,test67,self_20260531_152452,clip_100,1,listen,,2.0985,1224423.0,raspberry_pi_seeed_gsr,"1224423,2.0985"
2026-05-31T15:25:50.984,test67,self_20260531_152452,clip_100,1,listen,,2.0985,1224444.0,raspberry_pi_seeed_gsr,"1224444,2.0985"
2026-05-31T15:25:51.005,test67,self_20260531_152452,clip_100,1,listen,,2.0953,1224465.0,raspberry_pi_seeed_gsr,"1224465,2.0953"
2026-05-31T15:25:51.026,test67,self_20260531_152452,clip_100,1,listen,,2.0937,1224486.0,raspberry_pi_seeed_gsr,"1224486,2.0937"
2026-05-31T15:25:51.047,test67,self_20260531_152452,clip_100,1,listen,,2.0993,1224507.0,raspberry_pi_seeed_gsr,"1224507,2.0993"
2026-05-31T15:25:51.067,test67,self_20260531_152452,clip_100,1,listen,,2.1033,1224528.0,raspberry_pi_seeed_gsr,"1224528,2.1033"
2026-05-31T15:25:51.089,test67,self_20260531_152452,clip_100,1,listen,,2.0977,1224549.0,raspberry_pi_seeed_gsr,"1224549,2.0977"
2026-05-31T15:25:51.110,test67,self_20260531_152452,clip_100,1,listen,,2.0993,1224570.0,raspberry_pi_seeed_gsr,"1224570,2.0993"
2026-05-31T15:25:51.131,test67,self_20260531_152452,clip_100,1,listen,,2.0912,1224591.0,raspberry_pi_seeed_gsr,"1224591,2.0912"
2026-05-31T15:25:51.152,test67,self_20260531_152452,clip_100,1,listen,,2.1025,1224612.0,raspberry_pi_seeed_gsr,"1224612,2.1025"
2026-05-31T15:25:51.173,test67,self_20260531_152452,clip_100,1,listen,,2.1025,1224633.0,raspberry_pi_seeed_gsr,"1224633,2.1025"
2026-05-31T15:25:51.194,test67,self_20260531_152452,clip_100,1,listen,,2.0961,1224654.0,raspberry_pi_seeed_gsr,"1224654,2.0961"
2026-05-31T15:25:51.215,test67,self_20260531_152452,clip_100,1,listen,,2.092,1224675.0,raspberry_pi_seeed_gsr,"1224675,2.0920"
2026-05-31T15:25:51.235,test67,self_20260531_152452,clip_100,1,listen,,2.1033,1224696.0,raspberry_pi_seeed_gsr,"1224696,2.1033"
2026-05-31T15:25:51.257,test67,self_20260531_152452,clip_100,1,listen,,2.1082,1224717.0,raspberry_pi_seeed_gsr,"1224717,2.1082"
2026-05-31T15:25:51.278,test67,self_20260531_152452,clip_100,1,listen,,2.0953,1224738.0,raspberry_pi_seeed_gsr,"1224738,2.0953"
2026-05-31T15:25:51.299,test67,self_20260531_152452,clip_100,1,listen,,2.1122,1224759.0,raspberry_pi_seeed_gsr,"1224759,2.1122"
2026-05-31T15:25:51.320,test67,self_20260531_152452,clip_100,1,listen,,2.1025,1224780.0,raspberry_pi_seeed_gsr,"1224780,2.1025"
2026-05-31T15:25:51.341,test67,self_20260531_152452,clip_100,1,listen,,2.0985,1224801.0,raspberry_pi_seeed_gsr,"1224801,2.0985"
2026-05-31T15:25:51.362,test67,self_20260531_152452,clip_100,1,listen,,2.0985,1224822.0,raspberry_pi_seeed_gsr,"1224822,2.0985"
2026-05-31T15:25:51.383,test67,self_20260531_152452,clip_100,1,listen,,2.1033,1224843.0,raspberry_pi_seeed_gsr,"1224843,2.1033"
2026-05-31T15:25:51.404,test67,self_20260531_152452,clip_100,1,listen,,2.0969,1224864.0,raspberry_pi_seeed_gsr,"1224864,2.0969"
2026-05-31T15:25:51.425,test67,self_20260531_152452,clip_100,1,listen,,2.0993,1224885.0,raspberry_pi_seeed_gsr,"1224885,2.0993"
2026-05-31T15:25:51.446,test67,self_20260531_152452,clip_100,1,listen,,2.0953,1224906.0,raspberry_pi_seeed_gsr,"1224906,2.0953"
2026-05-31T15:25:51.467,test67,self_20260531_152452,clip_100,1,listen,,2.0993,1224927.0,raspberry_pi_seeed_gsr,"1224927,2.0993"
2026-05-31T15:25:51.487,test67,self_20260531_152452,clip_100,1,listen,,2.1001,1224948.0,raspberry_pi_seeed_gsr,"1224948,2.1001"
2026-05-31T15:25:51.508,test67,self_20260531_152452,clip_100,1,listen,,2.0993,1224969.0,raspberry_pi_seeed_gsr,"1224969,2.0993"
2026-05-31T15:25:51.530,test67,self_20260531_152452,clip_100,1,listen,,2.0993,1224990.0,raspberry_pi_seeed_gsr,"1224990,2.0993"
2026-05-31T15:25:51.551,test67,self_20260531_152452,clip_100,1,listen,,2.1033,1225011.0,raspberry_pi_seeed_gsr,"1225011,2.1033"
2026-05-31T15:25:51.572,test67,self_20260531_152452,clip_100,1,listen,,2.0655,1225032.0,raspberry_pi_seeed_gsr,"1225032,2.0655"
2026-05-31T15:25:51.593,test67,self_20260531_152452,clip_100,1,listen,,2.1009,1225053.0,raspberry_pi_seeed_gsr,"1225053,2.1009"
2026-05-31T15:25:51.614,test67,self_20260531_152452,clip_100,1,listen,,2.1017,1225074.0,raspberry_pi_seeed_gsr,"1225074,2.1017"
2026-05-31T15:25:51.635,test67,self_20260531_152452,clip_100,1,listen,,2.1017,1225095.0,raspberry_pi_seeed_gsr,"1225095,2.1017"
2026-05-31T15:25:51.656,test67,self_20260531_152452,clip_100,1,listen,,2.0961,1225116.0,raspberry_pi_seeed_gsr,"1225116,2.0961"
2026-05-31T15:25:51.677,test67,self_20260531_152452,clip_100,1,listen,,2.1082,1225137.0,raspberry_pi_seeed_gsr,"1225137,2.1082"
2026-05-31T15:25:51.698,test67,self_20260531_152452,clip_100,1,listen,,2.0937,1225158.0,raspberry_pi_seeed_gsr,"1225158,2.0937"
2026-05-31T15:25:51.719,test67,self_20260531_152452,clip_100,1,listen,,2.0977,1225179.0,raspberry_pi_seeed_gsr,"1225179,2.0977"
2026-05-31T15:25:51.740,test67,self_20260531_152452,clip_100,1,listen,,2.1065,1225200.0,raspberry_pi_seeed_gsr,"1225200,2.1065"
2026-05-31T15:25:51.761,test67,self_20260531_152452,clip_100,1,listen,,2.0961,1225221.0,raspberry_pi_seeed_gsr,"1225221,2.0961"
2026-05-31T15:25:51.782,test67,self_20260531_152452,clip_100,1,listen,,2.0993,1225242.0,raspberry_pi_seeed_gsr,"1225242,2.0993"
2026-05-31T15:25:51.803,test67,self_20260531_152452,clip_100,1,listen,,2.1033,1225263.0,raspberry_pi_seeed_gsr,"1225263,2.1033"
2026-05-31T15:25:51.824,test67,self_20260531_152452,clip_100,1,listen,,2.0961,1225284.0,raspberry_pi_seeed_gsr,"1225284,2.0961"
2026-05-31T15:25:51.845,test67,self_20260531_152452,clip_100,1,listen,,2.0985,1225305.0,raspberry_pi_seeed_gsr,"1225305,2.0985"
2026-05-31T15:25:51.866,test67,self_20260531_152452,clip_100,1,listen,,2.0985,1225326.0,raspberry_pi_seeed_gsr,"1225326,2.0985"
2026-05-31T15:25:51.887,test67,self_20260531_152452,clip_100,1,listen,,2.1001,1225347.0,raspberry_pi_seeed_gsr,"1225347,2.1001"
2026-05-31T15:25:51.908,test67,self_20260531_152452,clip_100,1,listen,,2.0993,1225368.0,raspberry_pi_seeed_gsr,"1225368,2.0993"
2026-05-31T15:25:51.929,test67,self_20260531_152452,clip_100,1,listen,,2.1017,1225389.0,raspberry_pi_seeed_gsr,"1225389,2.1017"
2026-05-31T15:25:51.950,test67,self_20260531_152452,clip_100,1,listen,,2.0969,1225410.0,raspberry_pi_seeed_gsr,"1225410,2.0969"
2026-05-31T15:25:51.971,test67,self_20260531_152452,clip_100,1,listen,,2.0937,1225431.0,raspberry_pi_seeed_gsr,"1225431,2.0937"
2026-05-31T15:25:51.992,test67,self_20260531_152452,clip_100,1,listen,,2.1001,1225452.0,raspberry_pi_seeed_gsr,"1225452,2.1001"
2026-05-31T15:25:52.013,test67,self_20260531_152452,clip_100,1,listen,,2.1033,1225473.0,raspberry_pi_seeed_gsr,"1225473,2.1033"
2026-05-31T15:25:52.034,test67,self_20260531_152452,clip_100,1,listen,,2.1001,1225494.0,raspberry_pi_seeed_gsr,"1225494,2.1001"
2026-05-31T15:25:52.055,test67,self_20260531_152452,clip_100,1,listen,,2.0993,1225515.0,raspberry_pi_seeed_gsr,"1225515,2.0993"
2026-05-31T15:25:52.076,test67,self_20260531_152452,clip_100,1,listen,,2.0985,1225536.0,raspberry_pi_seeed_gsr,"1225536,2.0985"
2026-05-31T15:25:52.097,test67,self_20260531_152452,clip_100,1,listen,,2.0993,1225557.0,raspberry_pi_seeed_gsr,"1225557,2.0993"
2026-05-31T15:25:52.118,test67,self_20260531_152452,clip_100,1,listen,,2.0961,1225578.0,raspberry_pi_seeed_gsr,"1225578,2.0961"
2026-05-31T15:25:52.139,test67,self_20260531_152452,clip_100,1,listen,,2.1001,1225599.0,raspberry_pi_seeed_gsr,"1225599,2.1001"
2026-05-31T15:25:52.160,test67,self_20260531_152452,clip_100,1,listen,,2.0985,1225620.0,raspberry_pi_seeed_gsr,"1225620,2.0985"
2026-05-31T15:25:52.181,test67,self_20260531_152452,clip_100,1,listen,,2.0928,1225641.0,raspberry_pi_seeed_gsr,"1225641,2.0928"
2026-05-31T15:25:52.202,test67,self_20260531_152452,clip_100,1,listen,,2.1009,1225662.0,raspberry_pi_seeed_gsr,"1225662,2.1009"
2026-05-31T15:25:52.223,test67,self_20260531_152452,clip_100,1,listen,,2.0985,1225683.0,raspberry_pi_seeed_gsr,"1225683,2.0985"
2026-05-31T15:25:52.244,test67,self_20260531_152452,clip_100,1,listen,,2.0993,1225704.0,raspberry_pi_seeed_gsr,"1225704,2.0993"
2026-05-31T15:25:52.265,test67,self_20260531_152452,clip_100,1,listen,,2.1041,1225725.0,raspberry_pi_seeed_gsr,"1225725,2.1041"
2026-05-31T15:25:52.286,test67,self_20260531_152452,clip_100,1,listen,,2.1033,1225746.0,raspberry_pi_seeed_gsr,"1225746,2.1033"
2026-05-31T15:25:52.307,test67,self_20260531_152452,clip_100,1,listen,,2.1162,1225767.0,raspberry_pi_seeed_gsr,"1225767,2.1162"
2026-05-31T15:25:52.328,test67,self_20260531_152452,clip_100,1,listen,,2.0993,1225788.0,raspberry_pi_seeed_gsr,"1225788,2.0993"
2026-05-31T15:25:52.349,test67,self_20260531_152452,clip_100,1,listen,,2.1001,1225809.0,raspberry_pi_seeed_gsr,"1225809,2.1001"
2026-05-31T15:25:52.370,test67,self_20260531_152452,clip_100,1,listen,,2.1017,1225830.0,raspberry_pi_seeed_gsr,"1225830,2.1017"
2026-05-31T15:25:52.391,test67,self_20260531_152452,clip_100,1,listen,,2.0961,1225851.0,raspberry_pi_seeed_gsr,"1225851,2.0961"
2026-05-31T15:25:52.412,test67,self_20260531_152452,clip_100,1,listen,,2.0582,1225872.0,raspberry_pi_seeed_gsr,"1225872,2.0582"
2026-05-31T15:25:52.433,test67,self_20260531_152452,clip_100,1,listen,,2.1017,1225893.0,raspberry_pi_seeed_gsr,"1225893,2.1017"
2026-05-31T15:25:52.454,test67,self_20260531_152452,clip_100,1,listen,,2.1001,1225914.0,raspberry_pi_seeed_gsr,"1225914,2.1001"
2026-05-31T15:25:52.475,test67,self_20260531_152452,clip_100,1,listen,,2.1001,1225935.0,raspberry_pi_seeed_gsr,"1225935,2.1001"
2026-05-31T15:25:52.496,test67,self_20260531_152452,clip_100,1,listen,,2.0993,1225956.0,raspberry_pi_seeed_gsr,"1225956,2.0993"
2026-05-31T15:25:52.517,test67,self_20260531_152452,clip_100,1,listen,,2.1009,1225977.0,raspberry_pi_seeed_gsr,"1225977,2.1009"
2026-05-31T15:25:52.538,test67,self_20260531_152452,clip_100,1,listen,,2.1001,1225998.0,raspberry_pi_seeed_gsr,"1225998,2.1001"
2026-05-31T15:25:52.559,test67,self_20260531_152452,clip_100,1,listen,,2.0993,1226019.0,raspberry_pi_seeed_gsr,"1226019,2.0993"
2026-05-31T15:25:52.580,test67,self_20260531_152452,clip_100,1,listen,,2.1315,1226040.0,raspberry_pi_seeed_gsr,"1226040,2.1315"
2026-05-31T15:25:52.601,test67,self_20260531_152452,clip_100,1,listen,,2.1017,1226061.0,raspberry_pi_seeed_gsr,"1226061,2.1017"
2026-05-31T15:25:52.622,test67,self_20260531_152452,clip_100,1,listen,,2.0993,1226082.0,raspberry_pi_seeed_gsr,"1226082,2.0993"
2026-05-31T15:25:52.643,test67,self_20260531_152452,clip_100,1,listen,,2.1017,1226103.0,raspberry_pi_seeed_gsr,"1226103,2.1017"
2026-05-31T15:25:52.664,test67,self_20260531_152452,clip_100,1,listen,,2.1009,1226124.0,raspberry_pi_seeed_gsr,"1226124,2.1009"
2026-05-31T15:25:52.685,test67,self_20260531_152452,clip_100,1,listen,,2.0977,1226145.0,raspberry_pi_seeed_gsr,"1226145,2.0977"
2026-05-31T15:25:52.706,test67,self_20260531_152452,clip_100,1,listen,,2.0985,1226166.0,raspberry_pi_seeed_gsr,"1226166,2.0985"
2026-05-31T15:25:52.727,test67,self_20260531_152452,clip_100,1,listen,,2.1001,1226187.0,raspberry_pi_seeed_gsr,"1226187,2.1001"
2026-05-31T15:25:52.748,test67,self_20260531_152452,clip_100,1,listen,,2.0993,1226208.0,raspberry_pi_seeed_gsr,"1226208,2.0993"
2026-05-31T15:25:52.769,test67,self_20260531_152452,clip_100,1,listen,,2.1098,1226229.0,raspberry_pi_seeed_gsr,"1226229,2.1098"
2026-05-31T15:25:52.790,test67,self_20260531_152452,clip_100,1,listen,,2.1017,1226250.0,raspberry_pi_seeed_gsr,"1226250,2.1017"
2026-05-31T15:25:52.811,test67,self_20260531_152452,clip_100,1,listen,,2.1041,1226271.0,raspberry_pi_seeed_gsr,"1226271,2.1041"
2026-05-31T15:25:52.832,test67,self_20260531_152452,clip_100,1,listen,,2.0953,1226292.0,raspberry_pi_seeed_gsr,"1226292,2.0953"
2026-05-31T15:25:52.853,test67,self_20260531_152452,clip_100,1,listen,,2.0896,1226313.0,raspberry_pi_seeed_gsr,"1226313,2.0896"
2026-05-31T15:25:52.874,test67,self_20260531_152452,clip_100,1,listen,,2.0977,1226334.0,raspberry_pi_seeed_gsr,"1226334,2.0977"
2026-05-31T15:25:52.895,test67,self_20260531_152452,clip_100,1,listen,,2.0953,1226355.0,raspberry_pi_seeed_gsr,"1226355,2.0953"
2026-05-31T15:25:52.916,test67,self_20260531_152452,clip_100,1,listen,,2.1065,1226376.0,raspberry_pi_seeed_gsr,"1226376,2.1065"
2026-05-31T15:25:52.937,test67,self_20260531_152452,clip_100,1,listen,,2.1106,1226397.0,raspberry_pi_seeed_gsr,"1226397,2.1106"
2026-05-31T15:25:52.958,test67,self_20260531_152452,clip_100,1,listen,,2.0969,1226418.0,raspberry_pi_seeed_gsr,"1226418,2.0969"
2026-05-31T15:25:52.979,test67,self_20260531_152452,clip_100,1,listen,,2.1025,1226439.0,raspberry_pi_seeed_gsr,"1226439,2.1025"
2026-05-31T15:25:53.000,test67,self_20260531_152452,clip_100,1,listen,,2.1001,1226460.0,raspberry_pi_seeed_gsr,"1226460,2.1001"
2026-05-31T15:25:53.021,test67,self_20260531_152452,clip_100,1,listen,,2.1009,1226481.0,raspberry_pi_seeed_gsr,"1226481,2.1009"
2026-05-31T15:25:53.042,test67,self_20260531_152452,clip_100,1,listen,,2.0993,1226502.0,raspberry_pi_seeed_gsr,"1226502,2.0993"
2026-05-31T15:25:53.063,test67,self_20260531_152452,clip_100,1,listen,,2.0985,1226523.0,raspberry_pi_seeed_gsr,"1226523,2.0985"
2026-05-31T15:25:53.084,test67,self_20260531_152452,clip_100,1,listen,,2.0993,1226544.0,raspberry_pi_seeed_gsr,"1226544,2.0993"
2026-05-31T15:25:53.105,test67,self_20260531_152452,clip_100,1,listen,,2.1017,1226565.0,raspberry_pi_seeed_gsr,"1226565,2.1017"
2026-05-31T15:25:53.126,test67,self_20260531_152452,clip_100,1,listen,,2.1025,1226586.0,raspberry_pi_seeed_gsr,"1226586,2.1025"
2026-05-31T15:25:53.147,test67,self_20260531_152452,clip_100,1,listen,,2.0993,1226607.0,raspberry_pi_seeed_gsr,"1226607,2.0993"
2026-05-31T15:25:53.168,test67,self_20260531_152452,clip_100,1,listen,,2.1057,1226628.0,raspberry_pi_seeed_gsr,"1226628,2.1057"
2026-05-31T15:25:53.189,test67,self_20260531_152452,clip_100,1,listen,,2.1235,1226649.0,raspberry_pi_seeed_gsr,"1226649,2.1235"
2026-05-31T15:25:53.210,test67,self_20260531_152452,clip_100,1,listen,,2.092,1226670.0,raspberry_pi_seeed_gsr,"1226670,2.0920"
2026-05-31T15:25:53.231,test67,self_20260531_152452,clip_100,1,listen,,2.1033,1226691.0,raspberry_pi_seeed_gsr,"1226691,2.1033"
2026-05-31T15:25:53.252,test67,self_20260531_152452,clip_100,1,listen,,2.0961,1226712.0,raspberry_pi_seeed_gsr,"1226712,2.0961"
2026-05-31T15:25:53.273,test67,self_20260531_152452,clip_100,1,listen,,2.0985,1226733.0,raspberry_pi_seeed_gsr,"1226733,2.0985"
2026-05-31T15:25:53.294,test67,self_20260531_152452,clip_100,1,listen,,2.0969,1226754.0,raspberry_pi_seeed_gsr,"1226754,2.0969"
2026-05-31T15:25:53.315,test67,self_20260531_152452,clip_100,1,listen,,2.0953,1226775.0,raspberry_pi_seeed_gsr,"1226775,2.0953"
2026-05-31T15:25:53.336,test67,self_20260531_152452,clip_100,1,listen,,2.0969,1226796.0,raspberry_pi_seeed_gsr,"1226796,2.0969"
2026-05-31T15:25:53.357,test67,self_20260531_152452,clip_100,1,listen,,2.0993,1226817.0,raspberry_pi_seeed_gsr,"1226817,2.0993"
2026-05-31T15:25:53.378,test67,self_20260531_152452,clip_100,1,listen,,2.1017,1226838.0,raspberry_pi_seeed_gsr,"1226838,2.1017"
2026-05-31T15:25:53.399,test67,self_20260531_152452,clip_100,1,listen,,2.092,1226859.0,raspberry_pi_seeed_gsr,"1226859,2.0920"
2026-05-31T15:25:53.420,test67,self_20260531_152452,clip_100,1,listen,,2.0912,1226880.0,raspberry_pi_seeed_gsr,"1226880,2.0912"
2026-05-31T15:25:53.441,test67,self_20260531_152452,clip_100,1,listen,,2.0912,1226901.0,raspberry_pi_seeed_gsr,"1226901,2.0912"
2026-05-31T15:25:53.462,test67,self_20260531_152452,clip_100,1,listen,,2.0961,1226922.0,raspberry_pi_seeed_gsr,"1226922,2.0961"
2026-05-31T15:25:53.483,test67,self_20260531_152452,clip_100,1,listen,,2.1009,1226943.0,raspberry_pi_seeed_gsr,"1226943,2.1009"
2026-05-31T15:25:53.504,test67,self_20260531_152452,clip_100,1,listen,,2.0928,1226964.0,raspberry_pi_seeed_gsr,"1226964,2.0928"
2026-05-31T15:25:53.525,test67,self_20260531_152452,clip_100,1,listen,,2.1025,1226985.0,raspberry_pi_seeed_gsr,"1226985,2.1025"
2026-05-31T15:25:53.546,test67,self_20260531_152452,clip_100,1,listen,,2.1001,1227006.0,raspberry_pi_seeed_gsr,"1227006,2.1001"
2026-05-31T15:25:53.567,test67,self_20260531_152452,clip_100,1,listen,,2.0985,1227027.0,raspberry_pi_seeed_gsr,"1227027,2.0985"
2026-05-31T15:25:53.588,test67,self_20260531_152452,clip_100,1,listen,,2.0904,1227048.0,raspberry_pi_seeed_gsr,"1227048,2.0904"
2026-05-31T15:25:53.609,test67,self_20260531_152452,clip_100,1,listen,,2.0977,1227069.0,raspberry_pi_seeed_gsr,"1227069,2.0977"
2026-05-31T15:25:53.630,test67,self_20260531_152452,clip_100,1,listen,,2.1025,1227090.0,raspberry_pi_seeed_gsr,"1227090,2.1025"
2026-05-31T15:25:53.651,test67,self_20260531_152452,clip_100,1,listen,,2.1001,1227111.0,raspberry_pi_seeed_gsr,"1227111,2.1001"
2026-05-31T15:25:53.672,test67,self_20260531_152452,clip_100,1,listen,,2.092,1227132.0,raspberry_pi_seeed_gsr,"1227132,2.0920"
2026-05-31T15:25:53.693,test67,self_20260531_152452,clip_100,1,listen,,2.0985,1227153.0,raspberry_pi_seeed_gsr,"1227153,2.0985"
2026-05-31T15:25:53.714,test67,self_20260531_152452,clip_100,1,listen,,2.0969,1227174.0,raspberry_pi_seeed_gsr,"1227174,2.0969"
2026-05-31T15:25:53.735,test67,self_20260531_152452,clip_100,1,listen,,2.1009,1227195.0,raspberry_pi_seeed_gsr,"1227195,2.1009"
2026-05-31T15:25:53.756,test67,self_20260531_152452,clip_100,1,listen,,2.0985,1227216.0,raspberry_pi_seeed_gsr,"1227216,2.0985"
2026-05-31T15:25:53.777,test67,self_20260531_152452,clip_100,1,listen,,2.1162,1227237.0,raspberry_pi_seeed_gsr,"1227237,2.1162"
2026-05-31T15:25:53.798,test67,self_20260531_152452,clip_100,1,listen,,2.1025,1227258.0,raspberry_pi_seeed_gsr,"1227258,2.1025"
2026-05-31T15:25:53.819,test67,self_20260531_152452,clip_100,1,listen,,2.0977,1227279.0,raspberry_pi_seeed_gsr,"1227279,2.0977"
2026-05-31T15:25:53.840,test67,self_20260531_152452,clip_100,1,listen,,2.1025,1227300.0,raspberry_pi_seeed_gsr,"1227300,2.1025"
2026-05-31T15:25:53.861,test67,self_20260531_152452,clip_100,1,listen,,2.109,1227321.0,raspberry_pi_seeed_gsr,"1227321,2.1090"
2026-05-31T15:25:53.882,test67,self_20260531_152452,clip_100,1,listen,,2.0969,1227342.0,raspberry_pi_seeed_gsr,"1227342,2.0969"
2026-05-31T15:25:53.903,test67,self_20260531_152452,clip_100,1,listen,,2.092,1227363.0,raspberry_pi_seeed_gsr,"1227363,2.0920"
2026-05-31T15:25:53.923,test67,self_20260531_152452,clip_100,1,listen,,2.1001,1227384.0,raspberry_pi_seeed_gsr,"1227384,2.1001"
2026-05-31T15:25:53.945,test67,self_20260531_152452,clip_100,1,listen,,2.0993,1227405.0,raspberry_pi_seeed_gsr,"1227405,2.0993"
2026-05-31T15:25:53.966,test67,self_20260531_152452,clip_100,1,listen,,2.1025,1227426.0,raspberry_pi_seeed_gsr,"1227426,2.1025"
2026-05-31T15:25:53.987,test67,self_20260531_152452,clip_100,1,listen,,2.0977,1227447.0,raspberry_pi_seeed_gsr,"1227447,2.0977"
2026-05-31T15:25:54.007,test67,self_20260531_152452,clip_100,1,listen,,2.1001,1227468.0,raspberry_pi_seeed_gsr,"1227468,2.1001"
2026-05-31T15:25:54.029,test67,self_20260531_152452,clip_100,1,listen,,2.0993,1227489.0,raspberry_pi_seeed_gsr,"1227489,2.0993"
2026-05-31T15:25:54.050,test67,self_20260531_152452,clip_100,1,listen,,2.0969,1227510.0,raspberry_pi_seeed_gsr,"1227510,2.0969"
2026-05-31T15:25:54.072,test67,self_20260531_152452,clip_100,1,listen,,2.0622,1227531.0,raspberry_pi_seeed_gsr,"1227531,2.0622"
2026-05-31T15:25:54.092,test67,self_20260531_152452,clip_100,1,listen,,2.0977,1227552.0,raspberry_pi_seeed_gsr,"1227552,2.0977"
2026-05-31T15:25:54.113,test67,self_20260531_152452,clip_100,1,listen,,2.0953,1227573.0,raspberry_pi_seeed_gsr,"1227573,2.0953"
2026-05-31T15:25:54.134,test67,self_20260531_152452,clip_100,1,listen,,2.0961,1227594.0,raspberry_pi_seeed_gsr,"1227594,2.0961"
2026-05-31T15:25:54.155,test67,self_20260531_152452,clip_100,1,listen,,2.0985,1227615.0,raspberry_pi_seeed_gsr,"1227615,2.0985"
2026-05-31T15:25:54.176,test67,self_20260531_152452,clip_100,1,listen,,2.1017,1227636.0,raspberry_pi_seeed_gsr,"1227636,2.1017"
2026-05-31T15:25:54.197,test67,self_20260531_152452,clip_100,1,listen,,2.0961,1227657.0,raspberry_pi_seeed_gsr,"1227657,2.0961"
2026-05-31T15:25:54.218,test67,self_20260531_152452,clip_100,1,listen,,2.0993,1227678.0,raspberry_pi_seeed_gsr,"1227678,2.0993"
2026-05-31T15:25:54.239,test67,self_20260531_152452,clip_100,1,listen,,2.0832,1227699.0,raspberry_pi_seeed_gsr,"1227699,2.0832"
2026-05-31T15:25:54.260,test67,self_20260531_152452,clip_100,1,listen,,2.0904,1227720.0,raspberry_pi_seeed_gsr,"1227720,2.0904"
2026-05-31T15:25:54.281,test67,self_20260531_152452,clip_100,1,listen,,2.1049,1227741.0,raspberry_pi_seeed_gsr,"1227741,2.1049"
2026-05-31T15:25:54.302,test67,self_20260531_152452,clip_100,1,listen,,2.1017,1227762.0,raspberry_pi_seeed_gsr,"1227762,2.1017"
2026-05-31T15:25:54.323,test67,self_20260531_152452,clip_100,1,listen,,2.0985,1227783.0,raspberry_pi_seeed_gsr,"1227783,2.0985"
2026-05-31T15:25:54.344,test67,self_20260531_152452,clip_100,1,listen,,2.0977,1227804.0,raspberry_pi_seeed_gsr,"1227804,2.0977"
2026-05-31T15:25:54.365,test67,self_20260531_152452,clip_100,1,listen,,2.1339,1227825.0,raspberry_pi_seeed_gsr,"1227825,2.1339"
2026-05-31T15:25:54.386,test67,self_20260531_152452,clip_100,1,listen,,2.1049,1227846.0,raspberry_pi_seeed_gsr,"1227846,2.1049"
2026-05-31T15:25:54.407,test67,self_20260531_152452,clip_100,1,listen,,2.0993,1227867.0,raspberry_pi_seeed_gsr,"1227867,2.0993"
2026-05-31T15:25:54.428,test67,self_20260531_152452,clip_100,1,listen,,2.0985,1227888.0,raspberry_pi_seeed_gsr,"1227888,2.0985"
2026-05-31T15:25:54.449,test67,self_20260531_152452,clip_100,1,listen,,2.1202,1227909.0,raspberry_pi_seeed_gsr,"1227909,2.1202"
2026-05-31T15:25:54.470,test67,self_20260531_152452,clip_100,1,listen,,2.1098,1227930.0,raspberry_pi_seeed_gsr,"1227930,2.1098"
2026-05-31T15:25:54.492,test67,self_20260531_152452,clip_100,1,listen,,2.0985,1227951.0,raspberry_pi_seeed_gsr,"1227951,2.0985"
2026-05-31T15:25:54.512,test67,self_20260531_152452,clip_100,1,listen,,2.1009,1227972.0,raspberry_pi_seeed_gsr,"1227972,2.1009"
2026-05-31T15:25:54.533,test67,self_20260531_152452,clip_100,1,listen,,2.0969,1227993.0,raspberry_pi_seeed_gsr,"1227993,2.0969"
2026-05-31T15:25:54.554,test67,self_20260531_152452,clip_100,1,listen,,2.1065,1228014.0,raspberry_pi_seeed_gsr,"1228014,2.1065"
2026-05-31T15:25:54.574,test67,self_20260531_152452,clip_100,1,listen,,2.1001,1228035.0,raspberry_pi_seeed_gsr,"1228035,2.1001"
2026-05-31T15:25:54.595,test67,self_20260531_152452,clip_100,1,listen,,2.1001,1228056.0,raspberry_pi_seeed_gsr,"1228056,2.1001"
2026-05-31T15:25:54.617,test67,self_20260531_152452,clip_100,1,listen,,2.1017,1228077.0,raspberry_pi_seeed_gsr,"1228077,2.1017"
2026-05-31T15:25:54.638,test67,self_20260531_152452,clip_100,1,listen,,2.0977,1228098.0,raspberry_pi_seeed_gsr,"1228098,2.0977"
2026-05-31T15:25:54.665,test67,self_20260531_152452,clip_100,1,listen,,2.1033,1228119.0,raspberry_pi_seeed_gsr,"1228119,2.1033"
2026-05-31T15:25:54.680,test67,self_20260531_152452,clip_100,1,listen,,2.0985,1228140.0,raspberry_pi_seeed_gsr,"1228140,2.0985"
2026-05-31T15:25:54.701,test67,self_20260531_152452,clip_100,1,listen,,2.1025,1228161.0,raspberry_pi_seeed_gsr,"1228161,2.1025"
2026-05-31T15:25:54.722,test67,self_20260531_152452,clip_100,1,listen,,2.0993,1228182.0,raspberry_pi_seeed_gsr,"1228182,2.0993"
2026-05-31T15:25:54.743,test67,self_20260531_152452,clip_100,1,listen,,2.1033,1228203.0,raspberry_pi_seeed_gsr,"1228203,2.1033"
2026-05-31T15:25:54.764,test67,self_20260531_152452,clip_100,1,listen,,2.1001,1228224.0,raspberry_pi_seeed_gsr,"1228224,2.1001"
2026-05-31T15:25:54.785,test67,self_20260531_152452,clip_100,1,listen,,2.1001,1228245.0,raspberry_pi_seeed_gsr,"1228245,2.1001"
2026-05-31T15:25:54.806,test67,self_20260531_152452,clip_100,1,listen,,2.0993,1228266.0,raspberry_pi_seeed_gsr,"1228266,2.0993"
2026-05-31T15:25:54.827,test67,self_20260531_152452,clip_100,1,listen,,2.1001,1228287.0,raspberry_pi_seeed_gsr,"1228287,2.1001"
2026-05-31T15:25:54.848,test67,self_20260531_152452,clip_100,1,listen,,2.0993,1228308.0,raspberry_pi_seeed_gsr,"1228308,2.0993"
2026-05-31T15:25:54.869,test67,self_20260531_152452,clip_100,1,listen,,2.1017,1228329.0,raspberry_pi_seeed_gsr,"1228329,2.1017"
2026-05-31T15:25:54.890,test67,self_20260531_152452,clip_100,1,listen,,2.0993,1228350.0,raspberry_pi_seeed_gsr,"1228350,2.0993"
2026-05-31T15:25:54.911,test67,self_20260531_152452,clip_100,1,listen,,2.1033,1228371.0,raspberry_pi_seeed_gsr,"1228371,2.1033"
2026-05-31T15:25:54.932,test67,self_20260531_152452,clip_100,1,listen,,2.1041,1228392.0,raspberry_pi_seeed_gsr,"1228392,2.1041"
2026-05-31T15:25:54.953,test67,self_20260531_152452,clip_100,1,listen,,2.0961,1228413.0,raspberry_pi_seeed_gsr,"1228413,2.0961"
2026-05-31T15:25:54.974,test67,self_20260531_152452,clip_100,1,listen,,2.0993,1228434.0,raspberry_pi_seeed_gsr,"1228434,2.0993"
2026-05-31T15:25:54.995,test67,self_20260531_152452,clip_100,1,listen,,2.1057,1228455.0,raspberry_pi_seeed_gsr,"1228455,2.1057"
2026-05-31T15:25:55.016,test67,self_20260531_152452,clip_100,1,listen,,2.092,1228476.0,raspberry_pi_seeed_gsr,"1228476,2.0920"
2026-05-31T15:25:55.037,test67,self_20260531_152452,clip_100,1,listen,,2.1041,1228497.0,raspberry_pi_seeed_gsr,"1228497,2.1041"
2026-05-31T15:25:55.058,test67,self_20260531_152452,clip_100,1,listen,,2.1025,1228518.0,raspberry_pi_seeed_gsr,"1228518,2.1025"
2026-05-31T15:25:55.079,test67,self_20260531_152452,clip_100,1,listen,,2.0977,1228539.0,raspberry_pi_seeed_gsr,"1228539,2.0977"
2026-05-31T15:25:55.100,test67,self_20260531_152452,clip_100,1,listen,,2.0953,1228560.0,raspberry_pi_seeed_gsr,"1228560,2.0953"
2026-05-31T15:25:55.121,test67,self_20260531_152452,clip_100,1,listen,,2.0993,1228581.0,raspberry_pi_seeed_gsr,"1228581,2.0993"
2026-05-31T15:25:55.142,test67,self_20260531_152452,clip_100,1,listen,,2.0953,1228602.0,raspberry_pi_seeed_gsr,"1228602,2.0953"
2026-05-31T15:25:55.163,test67,self_20260531_152452,clip_100,1,listen,,2.0977,1228623.0,raspberry_pi_seeed_gsr,"1228623,2.0977"
2026-05-31T15:25:55.184,test67,self_20260531_152452,clip_100,1,listen,,2.1001,1228644.0,raspberry_pi_seeed_gsr,"1228644,2.1001"
2026-05-31T15:25:55.205,test67,self_20260531_152452,clip_100,1,listen,,2.0993,1228665.0,raspberry_pi_seeed_gsr,"1228665,2.0993"
2026-05-31T15:25:55.226,test67,self_20260531_152452,clip_100,1,listen,,2.0985,1228686.0,raspberry_pi_seeed_gsr,"1228686,2.0985"
2026-05-31T15:25:55.247,test67,self_20260531_152452,clip_100,1,listen,,2.0937,1228707.0,raspberry_pi_seeed_gsr,"1228707,2.0937"
2026-05-31T15:25:55.268,test67,self_20260531_152452,clip_100,1,listen,,2.0993,1228728.0,raspberry_pi_seeed_gsr,"1228728,2.0993"
2026-05-31T15:25:55.289,test67,self_20260531_152452,clip_100,1,listen,,2.1017,1228749.0,raspberry_pi_seeed_gsr,"1228749,2.1017"
2026-05-31T15:25:55.310,test67,self_20260531_152452,clip_100,1,listen,,2.0928,1228770.0,raspberry_pi_seeed_gsr,"1228770,2.0928"
2026-05-31T15:25:55.331,test67,self_20260531_152452,clip_100,1,listen,,2.1009,1228791.0,raspberry_pi_seeed_gsr,"1228791,2.1009"
2026-05-31T15:25:55.352,test67,self_20260531_152452,clip_100,1,listen,,2.0985,1228812.0,raspberry_pi_seeed_gsr,"1228812,2.0985"
2026-05-31T15:25:55.373,test67,self_20260531_152452,clip_100,1,listen,,2.0977,1228833.0,raspberry_pi_seeed_gsr,"1228833,2.0977"
2026-05-31T15:25:55.394,test67,self_20260531_152452,clip_100,1,listen,,2.0969,1228854.0,raspberry_pi_seeed_gsr,"1228854,2.0969"
2026-05-31T15:25:55.415,test67,self_20260531_152452,clip_100,1,listen,,2.1009,1228875.0,raspberry_pi_seeed_gsr,"1228875,2.1009"
2026-05-31T15:25:55.436,test67,self_20260531_152452,clip_100,1,listen,,2.0953,1228896.0,raspberry_pi_seeed_gsr,"1228896,2.0953"
2026-05-31T15:25:55.457,test67,self_20260531_152452,clip_100,1,listen,,2.0953,1228917.0,raspberry_pi_seeed_gsr,"1228917,2.0953"
2026-05-31T15:25:55.477,test67,self_20260531_152452,clip_100,1,listen,,2.0969,1228938.0,raspberry_pi_seeed_gsr,"1228938,2.0969"
2026-05-31T15:25:55.499,test67,self_20260531_152452,clip_100,1,listen,,2.1017,1228959.0,raspberry_pi_seeed_gsr,"1228959,2.1017"
2026-05-31T15:25:55.520,test67,self_20260531_152452,clip_100,1,listen,,2.0993,1228980.0,raspberry_pi_seeed_gsr,"1228980,2.0993"
2026-05-31T15:25:55.541,test67,self_20260531_152452,clip_100,1,listen,,2.0961,1229001.0,raspberry_pi_seeed_gsr,"1229001,2.0961"
2026-05-31T15:25:55.562,test67,self_20260531_152452,clip_100,1,listen,,2.1049,1229022.0,raspberry_pi_seeed_gsr,"1229022,2.1049"
2026-05-31T15:25:55.583,test67,self_20260531_152452,clip_100,1,listen,,2.1339,1229043.0,raspberry_pi_seeed_gsr,"1229043,2.1339"
2026-05-31T15:25:55.604,test67,self_20260531_152452,clip_100,1,listen,,2.1033,1229064.0,raspberry_pi_seeed_gsr,"1229064,2.1033"
2026-05-31T15:25:55.625,test67,self_20260531_152452,clip_100,1,listen,,2.1001,1229085.0,raspberry_pi_seeed_gsr,"1229085,2.1001"
2026-05-31T15:25:55.645,test67,self_20260531_152452,clip_100,1,listen,,2.1009,1229106.0,raspberry_pi_seeed_gsr,"1229106,2.1009"
2026-05-31T15:25:55.667,test67,self_20260531_152452,clip_100,1,listen,,2.1001,1229127.0,raspberry_pi_seeed_gsr,"1229127,2.1001"
2026-05-31T15:25:55.688,test67,self_20260531_152452,clip_100,1,listen,,2.1065,1229148.0,raspberry_pi_seeed_gsr,"1229148,2.1065"
2026-05-31T15:25:55.708,test67,self_20260531_152452,clip_100,1,listen,,2.1009,1229169.0,raspberry_pi_seeed_gsr,"1229169,2.1009"
2026-05-31T15:25:55.729,test67,self_20260531_152452,clip_100,1,listen,,2.1001,1229190.0,raspberry_pi_seeed_gsr,"1229190,2.1001"
2026-05-31T15:25:55.751,test67,self_20260531_152452,clip_100,1,listen,,2.1001,1229211.0,raspberry_pi_seeed_gsr,"1229211,2.1001"
2026-05-31T15:25:55.771,test67,self_20260531_152452,clip_100,1,listen,,2.0985,1229232.0,raspberry_pi_seeed_gsr,"1229232,2.0985"
2026-05-31T15:25:55.793,test67,self_20260531_152452,clip_100,1,listen,,2.0993,1229253.0,raspberry_pi_seeed_gsr,"1229253,2.0993"
2026-05-31T15:25:55.814,test67,self_20260531_152452,clip_100,1,listen,,2.0953,1229274.0,raspberry_pi_seeed_gsr,"1229274,2.0953"
2026-05-31T15:25:55.835,test67,self_20260531_152452,clip_100,1,listen,,2.1017,1229295.0,raspberry_pi_seeed_gsr,"1229295,2.1017"
2026-05-31T15:25:55.856,test67,self_20260531_152452,clip_100,1,listen,,2.1017,1229316.0,raspberry_pi_seeed_gsr,"1229316,2.1017"
2026-05-31T15:25:55.877,test67,self_20260531_152452,clip_100,1,listen,,2.0985,1229337.0,raspberry_pi_seeed_gsr,"1229337,2.0985"
2026-05-31T15:25:55.898,test67,self_20260531_152452,clip_100,1,listen,,2.1001,1229358.0,raspberry_pi_seeed_gsr,"1229358,2.1001"
2026-05-31T15:25:55.919,test67,self_20260531_152452,clip_100,1,listen,,2.0993,1229379.0,raspberry_pi_seeed_gsr,"1229379,2.0993"
2026-05-31T15:25:55.940,test67,self_20260531_152452,clip_100,1,listen,,2.0888,1229400.0,raspberry_pi_seeed_gsr,"1229400,2.0888"
2026-05-31T15:25:55.961,test67,self_20260531_152452,clip_100,1,listen,,2.0985,1229421.0,raspberry_pi_seeed_gsr,"1229421,2.0985"
2026-05-31T15:25:55.982,test67,self_20260531_152452,clip_100,1,listen,,2.1001,1229442.0,raspberry_pi_seeed_gsr,"1229442,2.1001"
2026-05-31T15:25:56.003,test67,self_20260531_152452,clip_100,1,listen,,2.0985,1229463.0,raspberry_pi_seeed_gsr,"1229463,2.0985"
2026-05-31T15:25:56.023,test67,self_20260531_152452,clip_100,1,listen,,2.1001,1229484.0,raspberry_pi_seeed_gsr,"1229484,2.1001"
2026-05-31T15:25:56.045,test67,self_20260531_152452,clip_100,1,listen,,2.0993,1229505.0,raspberry_pi_seeed_gsr,"1229505,2.0993"
2026-05-31T15:25:56.066,test67,self_20260531_152452,clip_100,1,listen,,2.0961,1229526.0,raspberry_pi_seeed_gsr,"1229526,2.0961"
2026-05-31T15:25:56.087,test67,self_20260531_152452,clip_100,1,listen,,2.1025,1229547.0,raspberry_pi_seeed_gsr,"1229547,2.1025"
2026-05-31T15:25:56.108,test67,self_20260531_152452,clip_100,1,listen,,2.0953,1229568.0,raspberry_pi_seeed_gsr,"1229568,2.0953"
2026-05-31T15:25:56.129,test67,self_20260531_152452,clip_100,1,listen,,2.109,1229589.0,raspberry_pi_seeed_gsr,"1229589,2.1090"
2026-05-31T15:25:56.150,test67,self_20260531_152452,clip_100,1,listen,,2.1025,1229610.0,raspberry_pi_seeed_gsr,"1229610,2.1025"
2026-05-31T15:25:56.171,test67,self_20260531_152452,clip_100,1,listen,,2.0993,1229631.0,raspberry_pi_seeed_gsr,"1229631,2.0993"
2026-05-31T15:25:56.192,test67,self_20260531_152452,clip_100,1,listen,,2.1073,1229652.0,raspberry_pi_seeed_gsr,"1229652,2.1073"
2026-05-31T15:25:56.213,test67,self_20260531_152452,clip_100,1,listen,,2.1001,1229673.0,raspberry_pi_seeed_gsr,"1229673,2.1001"
2026-05-31T15:25:56.234,test67,self_20260531_152452,clip_100,1,listen,,2.0961,1229694.0,raspberry_pi_seeed_gsr,"1229694,2.0961"
2026-05-31T15:25:56.255,test67,self_20260531_152452,clip_100,1,listen,,2.084,1229715.0,raspberry_pi_seeed_gsr,"1229715,2.0840"
2026-05-31T15:25:56.276,test67,self_20260531_152452,clip_100,1,listen,,2.0993,1229736.0,raspberry_pi_seeed_gsr,"1229736,2.0993"
2026-05-31T15:25:56.297,test67,self_20260531_152452,clip_100,1,listen,,2.1041,1229757.0,raspberry_pi_seeed_gsr,"1229757,2.1041"
2026-05-31T15:25:56.318,test67,self_20260531_152452,clip_100,1,listen,,2.0953,1229778.0,raspberry_pi_seeed_gsr,"1229778,2.0953"
2026-05-31T15:25:56.339,test67,self_20260531_152452,clip_100,1,listen,,2.1001,1229799.0,raspberry_pi_seeed_gsr,"1229799,2.1001"
2026-05-31T15:25:56.360,test67,self_20260531_152452,clip_100,1,listen,,2.0993,1229820.0,raspberry_pi_seeed_gsr,"1229820,2.0993"
2026-05-31T15:25:56.381,test67,self_20260531_152452,clip_100,1,listen,,2.0993,1229841.0,raspberry_pi_seeed_gsr,"1229841,2.0993"
2026-05-31T15:25:56.402,test67,self_20260531_152452,clip_100,1,listen,,2.1098,1229862.0,raspberry_pi_seeed_gsr,"1229862,2.1098"
2026-05-31T15:25:56.423,test67,self_20260531_152452,clip_100,1,listen,,2.0985,1229883.0,raspberry_pi_seeed_gsr,"1229883,2.0985"
2026-05-31T15:25:56.444,test67,self_20260531_152452,clip_100,1,listen,,2.0961,1229904.0,raspberry_pi_seeed_gsr,"1229904,2.0961"
2026-05-31T15:25:56.465,test67,self_20260531_152452,clip_100,1,listen,,2.1098,1229925.0,raspberry_pi_seeed_gsr,"1229925,2.1098"
2026-05-31T15:25:56.486,test67,self_20260531_152452,clip_100,1,listen,,2.1017,1229946.0,raspberry_pi_seeed_gsr,"1229946,2.1017"
2026-05-31T15:25:56.507,test67,self_20260531_152452,clip_100,1,listen,,2.0993,1229967.0,raspberry_pi_seeed_gsr,"1229967,2.0993"
2026-05-31T15:25:56.528,test67,self_20260531_152452,clip_100,1,listen,,2.0977,1229988.0,raspberry_pi_seeed_gsr,"1229988,2.0977"
2026-05-31T15:25:56.549,test67,self_20260531_152452,clip_100,1,listen,,2.117,1230009.0,raspberry_pi_seeed_gsr,"1230009,2.1170"
2026-05-31T15:25:56.570,test67,self_20260531_152452,clip_100,1,listen,,2.0937,1230030.0,raspberry_pi_seeed_gsr,"1230030,2.0937"
2026-05-31T15:25:56.591,test67,self_20260531_152452,clip_100,1,listen,,2.1057,1230051.0,raspberry_pi_seeed_gsr,"1230051,2.1057"
2026-05-31T15:25:56.612,test67,self_20260531_152452,clip_100,1,listen,,2.1017,1230072.0,raspberry_pi_seeed_gsr,"1230072,2.1017"
2026-05-31T15:25:56.633,test67,self_20260531_152452,clip_100,1,listen,,2.1049,1230093.0,raspberry_pi_seeed_gsr,"1230093,2.1049"
2026-05-31T15:25:56.654,test67,self_20260531_152452,clip_100,1,listen,,2.0993,1230114.0,raspberry_pi_seeed_gsr,"1230114,2.0993"
2026-05-31T15:25:56.675,test67,self_20260531_152452,clip_100,1,listen,,2.1049,1230135.0,raspberry_pi_seeed_gsr,"1230135,2.1049"
2026-05-31T15:25:56.696,test67,self_20260531_152452,clip_100,1,listen,,2.0977,1230156.0,raspberry_pi_seeed_gsr,"1230156,2.0977"
2026-05-31T15:25:56.717,test67,self_20260531_152452,clip_100,1,listen,,2.0985,1230177.0,raspberry_pi_seeed_gsr,"1230177,2.0985"
2026-05-31T15:25:56.738,test67,self_20260531_152452,clip_100,1,listen,,2.1049,1230198.0,raspberry_pi_seeed_gsr,"1230198,2.1049"
2026-05-31T15:25:56.759,test67,self_20260531_152452,clip_100,1,listen,,2.109,1230219.0,raspberry_pi_seeed_gsr,"1230219,2.1090"
2026-05-31T15:25:56.780,test67,self_20260531_152452,clip_100,1,listen,,2.0985,1230240.0,raspberry_pi_seeed_gsr,"1230240,2.0985"
2026-05-31T15:25:56.801,test67,self_20260531_152452,clip_100,1,listen,,2.0969,1230261.0,raspberry_pi_seeed_gsr,"1230261,2.0969"
2026-05-31T15:25:56.822,test67,self_20260531_152452,clip_100,1,listen,,2.0985,1230282.0,raspberry_pi_seeed_gsr,"1230282,2.0985"
2026-05-31T15:25:56.843,test67,self_20260531_152452,clip_100,1,listen,,2.0985,1230303.0,raspberry_pi_seeed_gsr,"1230303,2.0985"
2026-05-31T15:25:56.864,test67,self_20260531_152452,clip_100,1,listen,,2.0993,1230324.0,raspberry_pi_seeed_gsr,"1230324,2.0993"
2026-05-31T15:25:56.885,test67,self_20260531_152452,clip_100,1,listen,,2.1033,1230345.0,raspberry_pi_seeed_gsr,"1230345,2.1033"
2026-05-31T15:25:56.906,test67,self_20260531_152452,clip_100,1,listen,,2.0993,1230366.0,raspberry_pi_seeed_gsr,"1230366,2.0993"
2026-05-31T15:25:56.927,test67,self_20260531_152452,clip_100,1,listen,,2.1154,1230387.0,raspberry_pi_seeed_gsr,"1230387,2.1154"
2026-05-31T15:25:56.948,test67,self_20260531_152452,clip_100,1,listen,,2.1033,1230408.0,raspberry_pi_seeed_gsr,"1230408,2.1033"
2026-05-31T15:25:56.969,test67,self_20260531_152452,clip_100,1,listen,,2.0993,1230429.0,raspberry_pi_seeed_gsr,"1230429,2.0993"
2026-05-31T15:25:56.990,test67,self_20260531_152452,clip_100,1,listen,,2.0985,1230450.0,raspberry_pi_seeed_gsr,"1230450,2.0985"
2026-05-31T15:25:57.011,test67,self_20260531_152452,clip_100,1,listen,,2.0977,1230471.0,raspberry_pi_seeed_gsr,"1230471,2.0977"
2026-05-31T15:25:57.032,test67,self_20260531_152452,clip_100,1,listen,,2.0993,1230492.0,raspberry_pi_seeed_gsr,"1230492,2.0993"
2026-05-31T15:25:57.053,test67,self_20260531_152452,clip_100,1,listen,,2.1017,1230513.0,raspberry_pi_seeed_gsr,"1230513,2.1017"
2026-05-31T15:25:57.074,test67,self_20260531_152452,clip_100,1,listen,,2.0985,1230534.0,raspberry_pi_seeed_gsr,"1230534,2.0985"
2026-05-31T15:25:57.095,test67,self_20260531_152452,clip_100,1,listen,,2.1009,1230555.0,raspberry_pi_seeed_gsr,"1230555,2.1009"
2026-05-31T15:25:57.116,test67,self_20260531_152452,clip_100,1,listen,,2.0759,1230576.0,raspberry_pi_seeed_gsr,"1230576,2.0759"
2026-05-31T15:25:57.137,test67,self_20260531_152452,clip_100,1,listen,,2.0993,1230597.0,raspberry_pi_seeed_gsr,"1230597,2.0993"
2026-05-31T15:25:57.158,test67,self_20260531_152452,clip_100,1,listen,,2.0985,1230618.0,raspberry_pi_seeed_gsr,"1230618,2.0985"
2026-05-31T15:25:57.180,test67,self_20260531_152452,clip_100,1,listen,,2.1001,1230639.0,raspberry_pi_seeed_gsr,"1230639,2.1001"
2026-05-31T15:25:57.200,test67,self_20260531_152452,clip_100,1,listen,,2.1033,1230660.0,raspberry_pi_seeed_gsr,"1230660,2.1033"
2026-05-31T15:25:57.221,test67,self_20260531_152452,clip_100,1,listen,,2.0993,1230681.0,raspberry_pi_seeed_gsr,"1230681,2.0993"
2026-05-31T15:25:57.242,test67,self_20260531_152452,clip_100,1,listen,,2.0937,1230702.0,raspberry_pi_seeed_gsr,"1230702,2.0937"
2026-05-31T15:25:57.263,test67,self_20260531_152452,clip_100,1,listen,,2.0985,1230723.0,raspberry_pi_seeed_gsr,"1230723,2.0985"
2026-05-31T15:25:57.284,test67,self_20260531_152452,clip_100,1,listen,,2.1057,1230744.0,raspberry_pi_seeed_gsr,"1230744,2.1057"
2026-05-31T15:25:57.305,test67,self_20260531_152452,clip_100,1,listen,,2.1025,1230765.0,raspberry_pi_seeed_gsr,"1230765,2.1025"
2026-05-31T15:25:57.326,test67,self_20260531_152452,clip_100,1,listen,,2.1372,1230786.0,raspberry_pi_seeed_gsr,"1230786,2.1372"
2026-05-31T15:25:57.347,test67,self_20260531_152452,clip_100,1,listen,,2.0993,1230807.0,raspberry_pi_seeed_gsr,"1230807,2.0993"
2026-05-31T15:25:57.368,test67,self_20260531_152452,clip_100,1,listen,,2.1009,1230828.0,raspberry_pi_seeed_gsr,"1230828,2.1009"
2026-05-31T15:25:57.389,test67,self_20260531_152452,clip_100,1,listen,,2.1041,1230849.0,raspberry_pi_seeed_gsr,"1230849,2.1041"
2026-05-31T15:25:57.410,test67,self_20260531_152452,clip_100,1,listen,,2.0985,1230870.0,raspberry_pi_seeed_gsr,"1230870,2.0985"
2026-05-31T15:25:57.431,test67,self_20260531_152452,clip_100,1,listen,,2.0937,1230891.0,raspberry_pi_seeed_gsr,"1230891,2.0937"
2026-05-31T15:25:57.452,test67,self_20260531_152452,clip_100,1,listen,,2.0993,1230912.0,raspberry_pi_seeed_gsr,"1230912,2.0993"
2026-05-31T15:25:57.473,test67,self_20260531_152452,clip_100,1,listen,,2.0993,1230933.0,raspberry_pi_seeed_gsr,"1230933,2.0993"
2026-05-31T15:25:57.494,test67,self_20260531_152452,clip_100,1,listen,,2.1001,1230954.0,raspberry_pi_seeed_gsr,"1230954,2.1001"
2026-05-31T15:25:57.515,test67,self_20260531_152452,clip_100,1,listen,,2.0993,1230975.0,raspberry_pi_seeed_gsr,"1230975,2.0993"
2026-05-31T15:25:57.536,test67,self_20260531_152452,clip_100,1,listen,,2.0969,1230996.0,raspberry_pi_seeed_gsr,"1230996,2.0969"
2026-05-31T15:25:57.557,test67,self_20260531_152452,clip_100,1,listen,,2.0993,1231017.0,raspberry_pi_seeed_gsr,"1231017,2.0993"
2026-05-31T15:25:57.578,test67,self_20260531_152452,clip_100,1,listen,,2.1001,1231038.0,raspberry_pi_seeed_gsr,"1231038,2.1001"
2026-05-31T15:25:57.599,test67,self_20260531_152452,clip_100,1,listen,,2.0985,1231059.0,raspberry_pi_seeed_gsr,"1231059,2.0985"
2026-05-31T15:25:57.620,test67,self_20260531_152452,clip_100,1,listen,,2.0993,1231080.0,raspberry_pi_seeed_gsr,"1231080,2.0993"
2026-05-31T15:25:57.641,test67,self_20260531_152452,clip_100,1,listen,,2.0969,1231101.0,raspberry_pi_seeed_gsr,"1231101,2.0969"
2026-05-31T15:25:57.662,test67,self_20260531_152452,clip_100,1,listen,,2.1017,1231122.0,raspberry_pi_seeed_gsr,"1231122,2.1017"
2026-05-31T15:25:57.683,test67,self_20260531_152452,clip_100,1,listen,,2.0977,1231143.0,raspberry_pi_seeed_gsr,"1231143,2.0977"
2026-05-31T15:25:57.704,test67,self_20260531_152452,clip_100,1,listen,,2.092,1231164.0,raspberry_pi_seeed_gsr,"1231164,2.0920"
2026-05-31T15:25:57.725,test67,self_20260531_152452,clip_100,1,listen,,2.0985,1231185.0,raspberry_pi_seeed_gsr,"1231185,2.0985"
2026-05-31T15:25:57.746,test67,self_20260531_152452,clip_100,1,listen,,2.0961,1231206.0,raspberry_pi_seeed_gsr,"1231206,2.0961"
2026-05-31T15:25:57.767,test67,self_20260531_152452,clip_100,1,listen,,2.117,1231227.0,raspberry_pi_seeed_gsr,"1231227,2.1170"
2026-05-31T15:25:57.788,test67,self_20260531_152452,clip_100,1,listen,,2.0969,1231248.0,raspberry_pi_seeed_gsr,"1231248,2.0969"
2026-05-31T15:25:57.809,test67,self_20260531_152452,clip_100,1,listen,,2.0993,1231269.0,raspberry_pi_seeed_gsr,"1231269,2.0993"
2026-05-31T15:25:57.830,test67,self_20260531_152452,clip_100,1,listen,,2.0993,1231290.0,raspberry_pi_seeed_gsr,"1231290,2.0993"
2026-05-31T15:25:57.851,test67,self_20260531_152452,clip_100,1,listen,,2.1001,1231311.0,raspberry_pi_seeed_gsr,"1231311,2.1001"
2026-05-31T15:25:57.872,test67,self_20260531_152452,clip_100,1,listen,,2.0904,1231332.0,raspberry_pi_seeed_gsr,"1231332,2.0904"
2026-05-31T15:25:57.893,test67,self_20260531_152452,clip_100,1,listen,,2.1082,1231353.0,raspberry_pi_seeed_gsr,"1231353,2.1082"
2026-05-31T15:25:57.914,test67,self_20260531_152452,clip_100,1,listen,,2.0928,1231374.0,raspberry_pi_seeed_gsr,"1231374,2.0928"
2026-05-31T15:25:57.935,test67,self_20260531_152452,clip_100,1,listen,,2.1025,1231395.0,raspberry_pi_seeed_gsr,"1231395,2.1025"
2026-05-31T15:25:57.956,test67,self_20260531_152452,clip_100,1,listen,,2.1017,1231416.0,raspberry_pi_seeed_gsr,"1231416,2.1017"
2026-05-31T15:25:57.977,test67,self_20260531_152452,clip_100,1,listen,,2.0993,1231437.0,raspberry_pi_seeed_gsr,"1231437,2.0993"
2026-05-31T15:25:57.998,test67,self_20260531_152452,clip_100,1,listen,,2.088,1231458.0,raspberry_pi_seeed_gsr,"1231458,2.0880"
2026-05-31T15:25:58.019,test67,self_20260531_152452,clip_100,1,listen,,2.0928,1231479.0,raspberry_pi_seeed_gsr,"1231479,2.0928"
2026-05-31T15:25:58.040,test67,self_20260531_152452,clip_100,1,listen,,2.0953,1231500.0,raspberry_pi_seeed_gsr,"1231500,2.0953"
2026-05-31T15:25:58.061,test67,self_20260531_152452,clip_100,1,listen,,2.0993,1231521.0,raspberry_pi_seeed_gsr,"1231521,2.0993"
2026-05-31T15:25:58.082,test67,self_20260531_152452,clip_100,1,listen,,2.1009,1231542.0,raspberry_pi_seeed_gsr,"1231542,2.1009"
2026-05-31T15:25:58.103,test67,self_20260531_152452,clip_100,1,listen,,2.0993,1231563.0,raspberry_pi_seeed_gsr,"1231563,2.0993"
2026-05-31T15:25:58.124,test67,self_20260531_152452,clip_100,1,listen,,2.1001,1231584.0,raspberry_pi_seeed_gsr,"1231584,2.1001"
2026-05-31T15:25:58.145,test67,self_20260531_152452,clip_100,1,listen,,2.1025,1231605.0,raspberry_pi_seeed_gsr,"1231605,2.1025"
2026-05-31T15:25:58.166,test67,self_20260531_152452,clip_100,1,listen,,2.1001,1231626.0,raspberry_pi_seeed_gsr,"1231626,2.1001"
2026-05-31T15:25:58.187,test67,self_20260531_152452,clip_100,1,listen,,2.0993,1231647.0,raspberry_pi_seeed_gsr,"1231647,2.0993"
2026-05-31T15:25:58.208,test67,self_20260531_152452,clip_100,1,listen,,2.0993,1231668.0,raspberry_pi_seeed_gsr,"1231668,2.0993"
2026-05-31T15:25:58.229,test67,self_20260531_152452,clip_100,1,listen,,2.0985,1231689.0,raspberry_pi_seeed_gsr,"1231689,2.0985"
2026-05-31T15:25:58.250,test67,self_20260531_152452,clip_100,1,listen,,2.0993,1231710.0,raspberry_pi_seeed_gsr,"1231710,2.0993"
2026-05-31T15:25:58.271,test67,self_20260531_152452,clip_100,1,listen,,2.0985,1231731.0,raspberry_pi_seeed_gsr,"1231731,2.0985"
2026-05-31T15:25:58.292,test67,self_20260531_152452,clip_100,1,listen,,2.1017,1231752.0,raspberry_pi_seeed_gsr,"1231752,2.1017"
2026-05-31T15:25:58.313,test67,self_20260531_152452,clip_100,1,listen,,2.0937,1231773.0,raspberry_pi_seeed_gsr,"1231773,2.0937"
2026-05-31T15:25:58.334,test67,self_20260531_152452,clip_100,1,listen,,2.1001,1231794.0,raspberry_pi_seeed_gsr,"1231794,2.1001"
2026-05-31T15:25:58.355,test67,self_20260531_152452,clip_100,1,listen,,2.1049,1231815.0,raspberry_pi_seeed_gsr,"1231815,2.1049"
2026-05-31T15:25:58.376,test67,self_20260531_152452,clip_100,1,listen,,2.0912,1231836.0,raspberry_pi_seeed_gsr,"1231836,2.0912"
2026-05-31T15:25:58.397,test67,self_20260531_152452,clip_100,1,listen,,2.092,1231857.0,raspberry_pi_seeed_gsr,"1231857,2.0920"
2026-05-31T15:25:58.418,test67,self_20260531_152452,clip_100,1,listen,,2.0824,1231878.0,raspberry_pi_seeed_gsr,"1231878,2.0824"
2026-05-31T15:25:58.439,test67,self_20260531_152452,clip_100,1,listen,,2.1001,1231899.0,raspberry_pi_seeed_gsr,"1231899,2.1001"
2026-05-31T15:25:58.460,test67,self_20260531_152452,clip_100,1,listen,,2.0993,1231920.0,raspberry_pi_seeed_gsr,"1231920,2.0993"
2026-05-31T15:25:58.481,test67,self_20260531_152452,clip_100,1,listen,,2.0985,1231941.0,raspberry_pi_seeed_gsr,"1231941,2.0985"
2026-05-31T15:25:58.502,test67,self_20260531_152452,clip_100,1,listen,,2.0977,1231962.0,raspberry_pi_seeed_gsr,"1231962,2.0977"
2026-05-31T15:25:58.523,test67,self_20260531_152452,clip_100,1,listen,,2.0985,1231983.0,raspberry_pi_seeed_gsr,"1231983,2.0985"
2026-05-31T15:25:58.544,test67,self_20260531_152452,clip_100,1,listen,,2.1017,1232004.0,raspberry_pi_seeed_gsr,"1232004,2.1017"
2026-05-31T15:25:58.565,test67,self_20260531_152452,clip_100,1,listen,,2.0953,1232025.0,raspberry_pi_seeed_gsr,"1232025,2.0953"
2026-05-31T15:25:58.586,test67,self_20260531_152452,clip_100,1,listen,,2.0977,1232046.0,raspberry_pi_seeed_gsr,"1232046,2.0977"
2026-05-31T15:25:58.607,test67,self_20260531_152452,clip_100,1,listen,,2.0977,1232067.0,raspberry_pi_seeed_gsr,"1232067,2.0977"
2026-05-31T15:25:58.628,test67,self_20260531_152452,clip_100,1,listen,,2.0985,1232088.0,raspberry_pi_seeed_gsr,"1232088,2.0985"
2026-05-31T15:25:58.649,test67,self_20260531_152452,clip_100,1,listen,,2.0985,1232109.0,raspberry_pi_seeed_gsr,"1232109,2.0985"
2026-05-31T15:25:58.670,test67,self_20260531_152452,clip_100,1,listen,,2.1025,1232130.0,raspberry_pi_seeed_gsr,"1232130,2.1025"
2026-05-31T15:25:58.691,test67,self_20260531_152452,clip_100,1,listen,,2.1001,1232151.0,raspberry_pi_seeed_gsr,"1232151,2.1001"
2026-05-31T15:25:58.712,test67,self_20260531_152452,clip_100,1,listen,,2.1001,1232172.0,raspberry_pi_seeed_gsr,"1232172,2.1001"
2026-05-31T15:25:58.733,test67,self_20260531_152452,clip_100,1,listen,,2.1001,1232193.0,raspberry_pi_seeed_gsr,"1232193,2.1001"
2026-05-31T15:25:58.754,test67,self_20260531_152452,clip_100,1,listen,,2.0969,1232214.0,raspberry_pi_seeed_gsr,"1232214,2.0969"
2026-05-31T15:25:58.775,test67,self_20260531_152452,clip_100,1,listen,,2.0993,1232235.0,raspberry_pi_seeed_gsr,"1232235,2.0993"
2026-05-31T15:25:58.796,test67,self_20260531_152452,clip_100,1,listen,,2.0993,1232256.0,raspberry_pi_seeed_gsr,"1232256,2.0993"
2026-05-31T15:25:58.817,test67,self_20260531_152452,clip_100,1,listen,,2.0969,1232277.0,raspberry_pi_seeed_gsr,"1232277,2.0969"
2026-05-31T15:25:58.838,test67,self_20260531_152452,clip_100,1,listen,,2.0993,1232298.0,raspberry_pi_seeed_gsr,"1232298,2.0993"
2026-05-31T15:25:58.859,test67,self_20260531_152452,clip_100,1,listen,,2.1049,1232319.0,raspberry_pi_seeed_gsr,"1232319,2.1049"
2026-05-31T15:25:58.880,test67,self_20260531_152452,clip_100,1,listen,,2.0937,1232340.0,raspberry_pi_seeed_gsr,"1232340,2.0937"
2026-05-31T15:25:58.901,test67,self_20260531_152452,clip_100,1,listen,,2.1009,1232361.0,raspberry_pi_seeed_gsr,"1232361,2.1009"
2026-05-31T15:25:58.922,test67,self_20260531_152452,clip_100,1,listen,,2.0969,1232382.0,raspberry_pi_seeed_gsr,"1232382,2.0969"
2026-05-31T15:25:58.943,test67,self_20260531_152452,clip_100,1,listen,,2.0928,1232403.0,raspberry_pi_seeed_gsr,"1232403,2.0928"
2026-05-31T15:25:58.964,test67,self_20260531_152452,clip_100,1,listen,,2.1098,1232424.0,raspberry_pi_seeed_gsr,"1232424,2.1098"
2026-05-31T15:25:58.985,test67,self_20260531_152452,clip_100,1,listen,,2.0985,1232445.0,raspberry_pi_seeed_gsr,"1232445,2.0985"
2026-05-31T15:25:59.006,test67,self_20260531_152452,clip_100,1,listen,,2.0977,1232466.0,raspberry_pi_seeed_gsr,"1232466,2.0977"
2026-05-31T15:25:59.027,test67,self_20260531_152452,clip_100,1,listen,,2.0985,1232487.0,raspberry_pi_seeed_gsr,"1232487,2.0985"
2026-05-31T15:25:59.048,test67,self_20260531_152452,clip_100,1,listen,,2.1049,1232508.0,raspberry_pi_seeed_gsr,"1232508,2.1049"
2026-05-31T15:25:59.069,test67,self_20260531_152452,clip_100,1,listen,,2.0969,1232529.0,raspberry_pi_seeed_gsr,"1232529,2.0969"
2026-05-31T15:25:59.090,test67,self_20260531_152452,clip_100,1,listen,,2.0969,1232550.0,raspberry_pi_seeed_gsr,"1232550,2.0969"
2026-05-31T15:25:59.111,test67,self_20260531_152452,clip_100,1,listen,,2.0864,1232571.0,raspberry_pi_seeed_gsr,"1232571,2.0864"
2026-05-31T15:25:59.132,test67,self_20260531_152452,clip_100,1,listen,,2.1001,1232592.0,raspberry_pi_seeed_gsr,"1232592,2.1001"
2026-05-31T15:25:59.153,test67,self_20260531_152452,clip_100,1,listen,,2.0985,1232613.0,raspberry_pi_seeed_gsr,"1232613,2.0985"
2026-05-31T15:25:59.174,test67,self_20260531_152452,clip_100,1,listen,,2.0985,1232634.0,raspberry_pi_seeed_gsr,"1232634,2.0985"
2026-05-31T15:25:59.195,test67,self_20260531_152452,clip_100,1,listen,,2.1049,1232655.0,raspberry_pi_seeed_gsr,"1232655,2.1049"
2026-05-31T15:25:59.216,test67,self_20260531_152452,clip_100,1,listen,,2.1154,1232676.0,raspberry_pi_seeed_gsr,"1232676,2.1154"
2026-05-31T15:25:59.237,test67,self_20260531_152452,clip_100,1,listen,,2.1001,1232697.0,raspberry_pi_seeed_gsr,"1232697,2.1001"
2026-05-31T15:25:59.258,test67,self_20260531_152452,clip_100,1,listen,,2.0993,1232718.0,raspberry_pi_seeed_gsr,"1232718,2.0993"
2026-05-31T15:25:59.279,test67,self_20260531_152452,clip_100,1,listen,,2.0912,1232739.0,raspberry_pi_seeed_gsr,"1232739,2.0912"
2026-05-31T15:25:59.300,test67,self_20260531_152452,clip_100,1,listen,,2.1017,1232760.0,raspberry_pi_seeed_gsr,"1232760,2.1017"
2026-05-31T15:25:59.321,test67,self_20260531_152452,clip_100,1,listen,,2.0993,1232781.0,raspberry_pi_seeed_gsr,"1232781,2.0993"
2026-05-31T15:25:59.342,test67,self_20260531_152452,clip_100,1,listen,,2.1025,1232802.0,raspberry_pi_seeed_gsr,"1232802,2.1025"
2026-05-31T15:25:59.363,test67,self_20260531_152452,clip_100,1,listen,,2.0985,1232823.0,raspberry_pi_seeed_gsr,"1232823,2.0985"
2026-05-31T15:25:59.384,test67,self_20260531_152452,clip_100,1,listen,,2.0969,1232844.0,raspberry_pi_seeed_gsr,"1232844,2.0969"
2026-05-31T15:25:59.405,test67,self_20260531_152452,clip_100,1,listen,,2.0985,1232865.0,raspberry_pi_seeed_gsr,"1232865,2.0985"
2026-05-31T15:25:59.426,test67,self_20260531_152452,clip_100,1,listen,,2.1001,1232886.0,raspberry_pi_seeed_gsr,"1232886,2.1001"
2026-05-31T15:25:59.447,test67,self_20260531_152452,clip_100,1,listen,,2.0993,1232907.0,raspberry_pi_seeed_gsr,"1232907,2.0993"
2026-05-31T15:25:59.468,test67,self_20260531_152452,clip_100,1,listen,,2.0993,1232928.0,raspberry_pi_seeed_gsr,"1232928,2.0993"
2026-05-31T15:25:59.489,test67,self_20260531_152452,clip_100,1,listen,,2.0985,1232949.0,raspberry_pi_seeed_gsr,"1232949,2.0985"
2026-05-31T15:25:59.510,test67,self_20260531_152452,clip_100,1,listen,,2.1065,1232970.0,raspberry_pi_seeed_gsr,"1232970,2.1065"
2026-05-31T15:25:59.531,test67,self_20260531_152452,clip_100,1,listen,,2.0888,1232991.0,raspberry_pi_seeed_gsr,"1232991,2.0888"
2026-05-31T15:25:59.552,test67,self_20260531_152452,clip_100,1,listen,,2.1412,1233012.0,raspberry_pi_seeed_gsr,"1233012,2.1412"
2026-05-31T15:25:59.573,test67,self_20260531_152452,clip_100,1,listen,,2.0896,1233033.0,raspberry_pi_seeed_gsr,"1233033,2.0896"
2026-05-31T15:25:59.594,test67,self_20260531_152452,clip_100,1,listen,,2.1001,1233054.0,raspberry_pi_seeed_gsr,"1233054,2.1001"
2026-05-31T15:25:59.615,test67,self_20260531_152452,clip_100,1,listen,,2.0993,1233075.0,raspberry_pi_seeed_gsr,"1233075,2.0993"
2026-05-31T15:25:59.636,test67,self_20260531_152452,clip_100,1,listen,,2.1025,1233096.0,raspberry_pi_seeed_gsr,"1233096,2.1025"
2026-05-31T15:25:59.657,test67,self_20260531_152452,clip_100,1,listen,,2.0953,1233117.0,raspberry_pi_seeed_gsr,"1233117,2.0953"
2026-05-31T15:25:59.678,test67,self_20260531_152452,clip_100,1,listen,,2.0896,1233138.0,raspberry_pi_seeed_gsr,"1233138,2.0896"
2026-05-31T15:25:59.699,test67,self_20260531_152452,clip_100,1,listen,,2.0904,1233159.0,raspberry_pi_seeed_gsr,"1233159,2.0904"
2026-05-31T15:25:59.720,test67,self_20260531_152452,clip_100,1,listen,,2.0985,1233180.0,raspberry_pi_seeed_gsr,"1233180,2.0985"
2026-05-31T15:25:59.741,test67,self_20260531_152452,clip_100,1,listen,,2.0977,1233201.0,raspberry_pi_seeed_gsr,"1233201,2.0977"
2026-05-31T15:25:59.762,test67,self_20260531_152452,clip_100,1,listen,,2.0961,1233222.0,raspberry_pi_seeed_gsr,"1233222,2.0961"
2026-05-31T15:25:59.783,test67,self_20260531_152452,clip_100,1,listen,,2.1001,1233243.0,raspberry_pi_seeed_gsr,"1233243,2.1001"
2026-05-31T15:25:59.804,test67,self_20260531_152452,clip_100,1,listen,,2.0937,1233264.0,raspberry_pi_seeed_gsr,"1233264,2.0937"
2026-05-31T15:25:59.826,test67,self_20260531_152452,clip_100,1,listen,,2.1001,1233285.0,raspberry_pi_seeed_gsr,"1233285,2.1001"
2026-05-31T15:25:59.846,test67,self_20260531_152452,clip_100,1,listen,,2.1001,1233306.0,raspberry_pi_seeed_gsr,"1233306,2.1001"
2026-05-31T15:25:59.867,test67,self_20260531_152452,clip_100,1,listen,,2.0993,1233327.0,raspberry_pi_seeed_gsr,"1233327,2.0993"
2026-05-31T15:25:59.888,test67,self_20260531_152452,clip_100,1,listen,,2.1017,1233348.0,raspberry_pi_seeed_gsr,"1233348,2.1017"
2026-05-31T15:25:59.909,test67,self_20260531_152452,clip_100,1,listen,,2.1082,1233369.0,raspberry_pi_seeed_gsr,"1233369,2.1082"
2026-05-31T15:25:59.930,test67,self_20260531_152452,clip_100,1,listen,,2.0993,1233390.0,raspberry_pi_seeed_gsr,"1233390,2.0993"
2026-05-31T15:25:59.951,test67,self_20260531_152452,clip_100,1,listen,,2.1001,1233411.0,raspberry_pi_seeed_gsr,"1233411,2.1001"
2026-05-31T15:25:59.972,test67,self_20260531_152452,clip_100,1,listen,,2.0985,1233432.0,raspberry_pi_seeed_gsr,"1233432,2.0985"
2026-05-31T15:25:59.993,test67,self_20260531_152452,clip_100,1,listen,,2.0985,1233453.0,raspberry_pi_seeed_gsr,"1233453,2.0985"
2026-05-31T15:26:00.014,test67,self_20260531_152452,clip_100,1,listen,,2.0993,1233474.0,raspberry_pi_seeed_gsr,"1233474,2.0993"
2026-05-31T15:26:00.035,test67,self_20260531_152452,clip_100,1,listen,,2.1017,1233495.0,raspberry_pi_seeed_gsr,"1233495,2.1017"
2026-05-31T15:26:00.056,test67,self_20260531_152452,clip_100,1,listen,,2.1339,1233516.0,raspberry_pi_seeed_gsr,"1233516,2.1339"
2026-05-31T15:26:00.077,test67,self_20260531_152452,clip_100,1,listen,,2.0993,1233537.0,raspberry_pi_seeed_gsr,"1233537,2.0993"
2026-05-31T15:26:00.098,test67,self_20260531_152452,clip_100,1,listen,,2.1033,1233558.0,raspberry_pi_seeed_gsr,"1233558,2.1033"
2026-05-31T15:26:00.119,test67,self_20260531_152452,clip_100,1,listen,,2.1049,1233579.0,raspberry_pi_seeed_gsr,"1233579,2.1049"
2026-05-31T15:26:00.140,test67,self_20260531_152452,clip_100,1,listen,,2.0945,1233600.0,raspberry_pi_seeed_gsr,"1233600,2.0945"
2026-05-31T15:26:00.161,test67,self_20260531_152452,clip_100,1,listen,,2.1033,1233621.0,raspberry_pi_seeed_gsr,"1233621,2.1033"
2026-05-31T15:26:00.182,test67,self_20260531_152452,clip_100,1,listen,,2.1001,1233642.0,raspberry_pi_seeed_gsr,"1233642,2.1001"
2026-05-31T15:26:00.203,test67,self_20260531_152452,clip_100,1,listen,,2.0993,1233663.0,raspberry_pi_seeed_gsr,"1233663,2.0993"
2026-05-31T15:26:00.224,test67,self_20260531_152452,clip_100,1,listen,,2.1025,1233684.0,raspberry_pi_seeed_gsr,"1233684,2.1025"
2026-05-31T15:26:00.245,test67,self_20260531_152452,clip_100,1,listen,,2.0985,1233705.0,raspberry_pi_seeed_gsr,"1233705,2.0985"
2026-05-31T15:26:00.266,test67,self_20260531_152452,clip_100,1,listen,,2.0977,1233726.0,raspberry_pi_seeed_gsr,"1233726,2.0977"
2026-05-31T15:26:00.287,test67,self_20260531_152452,clip_100,1,listen,,2.1033,1233747.0,raspberry_pi_seeed_gsr,"1233747,2.1033"
2026-05-31T15:26:00.308,test67,self_20260531_152452,clip_100,1,listen,,2.1041,1233768.0,raspberry_pi_seeed_gsr,"1233768,2.1041"
2026-05-31T15:26:00.329,test67,self_20260531_152452,clip_100,1,listen,,2.1017,1233789.0,raspberry_pi_seeed_gsr,"1233789,2.1017"
2026-05-31T15:26:00.350,test67,self_20260531_152452,clip_100,1,listen,,2.0961,1233810.0,raspberry_pi_seeed_gsr,"1233810,2.0961"
2026-05-31T15:26:00.371,test67,self_20260531_152452,clip_100,1,listen,,2.0985,1233831.0,raspberry_pi_seeed_gsr,"1233831,2.0985"
2026-05-31T15:26:00.392,test67,self_20260531_152452,clip_100,1,listen,,2.0977,1233852.0,raspberry_pi_seeed_gsr,"1233852,2.0977"
2026-05-31T15:26:00.413,test67,self_20260531_152452,clip_100,1,listen,,2.1017,1233873.0,raspberry_pi_seeed_gsr,"1233873,2.1017"
2026-05-31T15:26:00.435,test67,self_20260531_152452,clip_100,1,listen,,2.1025,1233894.0,raspberry_pi_seeed_gsr,"1233894,2.1025"
2026-05-31T15:26:00.455,test67,self_20260531_152452,clip_100,1,listen,,2.0937,1233915.0,raspberry_pi_seeed_gsr,"1233915,2.0937"
2026-05-31T15:26:00.476,test67,self_20260531_152452,clip_100,1,listen,,2.1009,1233936.0,raspberry_pi_seeed_gsr,"1233936,2.1009"
2026-05-31T15:26:00.497,test67,self_20260531_152452,clip_100,1,listen,,2.0969,1233957.0,raspberry_pi_seeed_gsr,"1233957,2.0969"
2026-05-31T15:26:00.518,test67,self_20260531_152452,clip_100,1,listen,,2.0888,1233978.0,raspberry_pi_seeed_gsr,"1233978,2.0888"
2026-05-31T15:26:00.539,test67,self_20260531_152452,clip_100,1,listen,,2.0993,1233999.0,raspberry_pi_seeed_gsr,"1233999,2.0993"
2026-05-31T15:26:00.560,test67,self_20260531_152452,clip_100,1,listen,,2.1009,1234020.0,raspberry_pi_seeed_gsr,"1234020,2.1009"
2026-05-31T15:26:00.581,test67,self_20260531_152452,clip_100,1,listen,,2.1001,1234041.0,raspberry_pi_seeed_gsr,"1234041,2.1001"
2026-05-31T15:26:00.602,test67,self_20260531_152452,clip_100,1,listen,,2.1001,1234062.0,raspberry_pi_seeed_gsr,"1234062,2.1001"
2026-05-31T15:26:00.623,test67,self_20260531_152452,clip_100,1,listen,,2.1017,1234083.0,raspberry_pi_seeed_gsr,"1234083,2.1017"
2026-05-31T15:26:00.644,test67,self_20260531_152452,clip_100,1,listen,,2.0993,1234104.0,raspberry_pi_seeed_gsr,"1234104,2.0993"
2026-05-31T15:26:00.665,test67,self_20260531_152452,clip_100,1,listen,,2.0977,1234125.0,raspberry_pi_seeed_gsr,"1234125,2.0977"
2026-05-31T15:26:00.686,test67,self_20260531_152452,clip_100,1,listen,,2.1065,1234146.0,raspberry_pi_seeed_gsr,"1234146,2.1065"
2026-05-31T15:26:00.707,test67,self_20260531_152452,clip_100,1,listen,,2.1001,1234167.0,raspberry_pi_seeed_gsr,"1234167,2.1001"
2026-05-31T15:26:00.728,test67,self_20260531_152452,clip_100,1,listen,,2.0993,1234188.0,raspberry_pi_seeed_gsr,"1234188,2.0993"
2026-05-31T15:26:00.749,test67,self_20260531_152452,clip_100,1,listen,,2.1001,1234209.0,raspberry_pi_seeed_gsr,"1234209,2.1001"
2026-05-31T15:26:00.770,test67,self_20260531_152452,clip_100,1,listen,,2.1009,1234230.0,raspberry_pi_seeed_gsr,"1234230,2.1009"
2026-05-31T15:26:00.791,test67,self_20260531_152452,clip_100,1,listen,,2.1025,1234251.0,raspberry_pi_seeed_gsr,"1234251,2.1025"
2026-05-31T15:26:00.812,test67,self_20260531_152452,clip_100,1,listen,,2.1001,1234272.0,raspberry_pi_seeed_gsr,"1234272,2.1001"
2026-05-31T15:26:00.833,test67,self_20260531_152452,clip_100,1,listen,,2.0993,1234293.0,raspberry_pi_seeed_gsr,"1234293,2.0993"
2026-05-31T15:26:00.854,test67,self_20260531_152452,clip_100,1,listen,,2.1001,1234314.0,raspberry_pi_seeed_gsr,"1234314,2.1001"
2026-05-31T15:26:00.875,test67,self_20260531_152452,clip_100,1,listen,,2.0993,1234335.0,raspberry_pi_seeed_gsr,"1234335,2.0993"
2026-05-31T15:26:00.896,test67,self_20260531_152452,clip_100,1,listen,,2.0993,1234356.0,raspberry_pi_seeed_gsr,"1234356,2.0993"
2026-05-31T15:26:00.917,test67,self_20260531_152452,clip_100,1,listen,,2.1057,1234377.0,raspberry_pi_seeed_gsr,"1234377,2.1057"
2026-05-31T15:26:00.938,test67,self_20260531_152452,clip_100,1,listen,,2.1001,1234398.0,raspberry_pi_seeed_gsr,"1234398,2.1001"
2026-05-31T15:26:00.959,test67,self_20260531_152452,clip_100,1,listen,,2.1065,1234419.0,raspberry_pi_seeed_gsr,"1234419,2.1065"
2026-05-31T15:26:00.980,test67,self_20260531_152452,clip_100,1,listen,,2.0896,1234440.0,raspberry_pi_seeed_gsr,"1234440,2.0896"
2026-05-31T15:26:01.001,test67,self_20260531_152452,clip_100,1,listen,,2.0993,1234461.0,raspberry_pi_seeed_gsr,"1234461,2.0993"
2026-05-31T15:26:01.022,test67,self_20260531_152452,clip_100,1,listen,,2.0993,1234482.0,raspberry_pi_seeed_gsr,"1234482,2.0993"
2026-05-31T15:26:01.043,test67,self_20260531_152452,clip_100,1,listen,,2.0888,1234503.0,raspberry_pi_seeed_gsr,"1234503,2.0888"
2026-05-31T15:26:01.064,test67,self_20260531_152452,clip_100,1,listen,,2.0953,1234524.0,raspberry_pi_seeed_gsr,"1234524,2.0953"
2026-05-31T15:26:01.085,test67,self_20260531_152452,clip_100,1,listen,,2.0928,1234545.0,raspberry_pi_seeed_gsr,"1234545,2.0928"
2026-05-31T15:26:01.106,test67,self_20260531_152452,clip_100,1,listen,,2.1001,1234566.0,raspberry_pi_seeed_gsr,"1234566,2.1001"
2026-05-31T15:26:01.127,test67,self_20260531_152452,clip_100,1,listen,,2.0993,1234587.0,raspberry_pi_seeed_gsr,"1234587,2.0993"
2026-05-31T15:26:01.148,test67,self_20260531_152452,clip_100,1,listen,,2.092,1234608.0,raspberry_pi_seeed_gsr,"1234608,2.0920"
2026-05-31T15:26:01.169,test67,self_20260531_152452,clip_100,1,listen,,2.0993,1234629.0,raspberry_pi_seeed_gsr,"1234629,2.0993"
2026-05-31T15:26:01.190,test67,self_20260531_152452,clip_100,1,listen,,2.0912,1234650.0,raspberry_pi_seeed_gsr,"1234650,2.0912"
2026-05-31T15:26:01.212,test67,self_20260531_152452,clip_100,1,listen,,2.1009,1234671.0,raspberry_pi_seeed_gsr,"1234671,2.1009"
2026-05-31T15:26:01.232,test67,self_20260531_152452,clip_100,1,listen,,2.1009,1234692.0,raspberry_pi_seeed_gsr,"1234692,2.1009"
2026-05-31T15:26:01.253,test67,self_20260531_152452,clip_100,1,listen,,2.0969,1234713.0,raspberry_pi_seeed_gsr,"1234713,2.0969"
2026-05-31T15:26:01.274,test67,self_20260531_152452,clip_100,1,listen,,2.0993,1234734.0,raspberry_pi_seeed_gsr,"1234734,2.0993"
2026-05-31T15:26:01.295,test67,self_20260531_152452,clip_100,1,listen,,2.1001,1234755.0,raspberry_pi_seeed_gsr,"1234755,2.1001"
2026-05-31T15:26:01.316,test67,self_20260531_152452,clip_100,1,listen,,2.0993,1234776.0,raspberry_pi_seeed_gsr,"1234776,2.0993"
2026-05-31T15:26:01.337,test67,self_20260531_152452,clip_100,1,listen,,2.1001,1234797.0,raspberry_pi_seeed_gsr,"1234797,2.1001"
2026-05-31T15:26:01.358,test67,self_20260531_152452,clip_100,1,listen,,2.0985,1234818.0,raspberry_pi_seeed_gsr,"1234818,2.0985"
2026-05-31T15:26:01.379,test67,self_20260531_152452,clip_100,1,listen,,2.0993,1234839.0,raspberry_pi_seeed_gsr,"1234839,2.0993"
2026-05-31T15:26:01.400,test67,self_20260531_152452,clip_100,1,listen,,2.0993,1234860.0,raspberry_pi_seeed_gsr,"1234860,2.0993"
2026-05-31T15:26:01.421,test67,self_20260531_152452,clip_100,1,listen,,2.0993,1234881.0,raspberry_pi_seeed_gsr,"1234881,2.0993"
2026-05-31T15:26:01.442,test67,self_20260531_152452,clip_100,1,listen,,2.0969,1234902.0,raspberry_pi_seeed_gsr,"1234902,2.0969"
2026-05-31T15:26:01.463,test67,self_20260531_152452,clip_100,1,listen,,2.0896,1234923.0,raspberry_pi_seeed_gsr,"1234923,2.0896"
2026-05-31T15:26:01.484,test67,self_20260531_152452,clip_100,1,listen,,2.1114,1234944.0,raspberry_pi_seeed_gsr,"1234944,2.1114"
2026-05-31T15:26:01.505,test67,self_20260531_152452,clip_100,1,listen,,2.0904,1234965.0,raspberry_pi_seeed_gsr,"1234965,2.0904"
2026-05-31T15:26:01.526,test67,self_20260531_152452,clip_100,1,listen,,2.0993,1234986.0,raspberry_pi_seeed_gsr,"1234986,2.0993"
2026-05-31T15:26:01.547,test67,self_20260531_152452,clip_100,1,listen,,2.1009,1235007.0,raspberry_pi_seeed_gsr,"1235007,2.1009"
2026-05-31T15:26:01.568,test67,self_20260531_152452,clip_100,1,listen,,2.1001,1235028.0,raspberry_pi_seeed_gsr,"1235028,2.1001"
2026-05-31T15:26:01.589,test67,self_20260531_152452,clip_100,1,listen,,2.1009,1235049.0,raspberry_pi_seeed_gsr,"1235049,2.1009"
2026-05-31T15:26:01.610,test67,self_20260531_152452,clip_100,1,listen,,2.0985,1235070.0,raspberry_pi_seeed_gsr,"1235070,2.0985"
2026-05-31T15:26:01.631,test67,self_20260531_152452,clip_100,1,listen,,2.092,1235091.0,raspberry_pi_seeed_gsr,"1235091,2.0920"
2026-05-31T15:26:01.652,test67,self_20260531_152452,clip_100,1,listen,,2.0985,1235112.0,raspberry_pi_seeed_gsr,"1235112,2.0985"
2026-05-31T15:26:01.673,test67,self_20260531_152452,clip_100,1,listen,,2.1106,1235133.0,raspberry_pi_seeed_gsr,"1235133,2.1106"
2026-05-31T15:26:01.694,test67,self_20260531_152452,clip_100,1,listen,,2.0993,1235154.0,raspberry_pi_seeed_gsr,"1235154,2.0993"
2026-05-31T15:26:01.715,test67,self_20260531_152452,clip_100,1,listen,,2.1017,1235175.0,raspberry_pi_seeed_gsr,"1235175,2.1017"
2026-05-31T15:26:01.736,test67,self_20260531_152452,clip_100,1,listen,,2.0953,1235196.0,raspberry_pi_seeed_gsr,"1235196,2.0953"
2026-05-31T15:26:01.757,test67,self_20260531_152452,clip_100,1,listen,,2.0993,1235217.0,raspberry_pi_seeed_gsr,"1235217,2.0993"
2026-05-31T15:26:01.778,test67,self_20260531_152452,clip_100,1,listen,,2.1009,1235238.0,raspberry_pi_seeed_gsr,"1235238,2.1009"
2026-05-31T15:26:01.799,test67,self_20260531_152452,clip_100,1,listen,,2.1041,1235259.0,raspberry_pi_seeed_gsr,"1235259,2.1041"
2026-05-31T15:26:01.820,test67,self_20260531_152452,clip_100,1,listen,,2.0993,1235280.0,raspberry_pi_seeed_gsr,"1235280,2.0993"
2026-05-31T15:26:01.841,test67,self_20260531_152452,clip_100,1,listen,,2.0977,1235301.0,raspberry_pi_seeed_gsr,"1235301,2.0977"
2026-05-31T15:26:01.862,test67,self_20260531_152452,clip_100,1,listen,,2.1009,1235322.0,raspberry_pi_seeed_gsr,"1235322,2.1009"
2026-05-31T15:26:01.883,test67,self_20260531_152452,clip_100,1,listen,,2.1041,1235343.0,raspberry_pi_seeed_gsr,"1235343,2.1041"
2026-05-31T15:26:01.904,test67,self_20260531_152452,clip_100,1,listen,,2.0993,1235364.0,raspberry_pi_seeed_gsr,"1235364,2.0993"
2026-05-31T15:26:01.925,test67,self_20260531_152452,clip_100,1,listen,,2.0977,1235385.0,raspberry_pi_seeed_gsr,"1235385,2.0977"
2026-05-31T15:26:01.946,test67,self_20260531_152452,clip_100,1,listen,,2.092,1235406.0,raspberry_pi_seeed_gsr,"1235406,2.0920"
2026-05-31T15:26:01.967,test67,self_20260531_152452,clip_100,1,listen,,2.1009,1235427.0,raspberry_pi_seeed_gsr,"1235427,2.1009"
2026-05-31T15:26:01.988,test67,self_20260531_152452,clip_100,1,listen,,2.0993,1235448.0,raspberry_pi_seeed_gsr,"1235448,2.0993"
2026-05-31T15:26:02.009,test67,self_20260531_152452,clip_100,1,listen,,2.0985,1235469.0,raspberry_pi_seeed_gsr,"1235469,2.0985"
2026-05-31T15:26:02.030,test67,self_20260531_152452,clip_100,1,listen,,2.1001,1235490.0,raspberry_pi_seeed_gsr,"1235490,2.1001"
2026-05-31T15:26:02.051,test67,self_20260531_152452,clip_100,1,listen,,2.0993,1235511.0,raspberry_pi_seeed_gsr,"1235511,2.0993"
2026-05-31T15:26:02.072,test67,self_20260531_152452,clip_100,1,listen,,2.0985,1235532.0,raspberry_pi_seeed_gsr,"1235532,2.0985"
2026-05-31T15:26:02.093,test67,self_20260531_152452,clip_100,1,listen,,2.1033,1235553.0,raspberry_pi_seeed_gsr,"1235553,2.1033"
2026-05-31T15:26:02.114,test67,self_20260531_152452,clip_100,1,listen,,2.1001,1235574.0,raspberry_pi_seeed_gsr,"1235574,2.1001"
2026-05-31T15:26:02.135,test67,self_20260531_152452,clip_100,1,listen,,2.0928,1235595.0,raspberry_pi_seeed_gsr,"1235595,2.0928"
2026-05-31T15:26:02.156,test67,self_20260531_152452,clip_100,1,listen,,2.0961,1235616.0,raspberry_pi_seeed_gsr,"1235616,2.0961"
2026-05-31T15:26:02.177,test67,self_20260531_152452,clip_100,1,listen,,2.0953,1235637.0,raspberry_pi_seeed_gsr,"1235637,2.0953"
2026-05-31T15:26:02.198,test67,self_20260531_152452,clip_100,1,listen,,2.0993,1235658.0,raspberry_pi_seeed_gsr,"1235658,2.0993"
2026-05-31T15:26:02.219,test67,self_20260531_152452,clip_100,1,listen,,2.1041,1235679.0,raspberry_pi_seeed_gsr,"1235679,2.1041"
2026-05-31T15:26:02.240,test67,self_20260531_152452,clip_100,1,listen,,2.1049,1235700.0,raspberry_pi_seeed_gsr,"1235700,2.1049"
2026-05-31T15:26:02.261,test67,self_20260531_152452,clip_100,1,listen,,2.1057,1235721.0,raspberry_pi_seeed_gsr,"1235721,2.1057"
2026-05-31T15:26:02.282,test67,self_20260531_152452,clip_100,1,listen,,2.0977,1235742.0,raspberry_pi_seeed_gsr,"1235742,2.0977"
2026-05-31T15:26:02.303,test67,self_20260531_152452,clip_100,1,listen,,2.0993,1235763.0,raspberry_pi_seeed_gsr,"1235763,2.0993"
2026-05-31T15:26:02.324,test67,self_20260531_152452,clip_100,1,listen,,2.1017,1235784.0,raspberry_pi_seeed_gsr,"1235784,2.1017"
2026-05-31T15:26:02.345,test67,self_20260531_152452,clip_100,1,listen,,2.0985,1235805.0,raspberry_pi_seeed_gsr,"1235805,2.0985"
2026-05-31T15:26:02.366,test67,self_20260531_152452,clip_100,1,listen,,2.0993,1235826.0,raspberry_pi_seeed_gsr,"1235826,2.0993"
2026-05-31T15:26:02.387,test67,self_20260531_152452,clip_100,1,listen,,2.0993,1235847.0,raspberry_pi_seeed_gsr,"1235847,2.0993"
2026-05-31T15:26:02.408,test67,self_20260531_152452,clip_100,1,listen,,2.0969,1235868.0,raspberry_pi_seeed_gsr,"1235868,2.0969"
2026-05-31T15:26:02.429,test67,self_20260531_152452,clip_100,1,listen,,2.1017,1235889.0,raspberry_pi_seeed_gsr,"1235889,2.1017"
2026-05-31T15:26:02.450,test67,self_20260531_152452,clip_100,1,listen,,2.0953,1235910.0,raspberry_pi_seeed_gsr,"1235910,2.0953"
2026-05-31T15:26:02.471,test67,self_20260531_152452,clip_100,1,listen,,2.1033,1235931.0,raspberry_pi_seeed_gsr,"1235931,2.1033"
2026-05-31T15:26:02.492,test67,self_20260531_152452,clip_100,1,listen,,2.1065,1235952.0,raspberry_pi_seeed_gsr,"1235952,2.1065"
2026-05-31T15:26:02.513,test67,self_20260531_152452,clip_100,1,listen,,2.0985,1235973.0,raspberry_pi_seeed_gsr,"1235973,2.0985"
2026-05-31T15:26:02.534,test67,self_20260531_152452,clip_100,1,listen,,2.1025,1235994.0,raspberry_pi_seeed_gsr,"1235994,2.1025"
2026-05-31T15:26:02.555,test67,self_20260531_152452,clip_100,1,listen,,2.0993,1236015.0,raspberry_pi_seeed_gsr,"1236015,2.0993"
2026-05-31T15:26:02.576,test67,self_20260531_152452,clip_100,1,listen,,2.0985,1236036.0,raspberry_pi_seeed_gsr,"1236036,2.0985"
2026-05-31T15:26:02.597,test67,self_20260531_152452,clip_100,1,listen,,2.1065,1236057.0,raspberry_pi_seeed_gsr,"1236057,2.1065"
2026-05-31T15:26:02.618,test67,self_20260531_152452,clip_100,1,listen,,2.0969,1236078.0,raspberry_pi_seeed_gsr,"1236078,2.0969"
2026-05-31T15:26:02.639,test67,self_20260531_152452,clip_100,1,listen,,2.0896,1236099.0,raspberry_pi_seeed_gsr,"1236099,2.0896"
2026-05-31T15:26:02.660,test67,self_20260531_152452,clip_100,1,listen,,2.0993,1236120.0,raspberry_pi_seeed_gsr,"1236120,2.0993"
2026-05-31T15:26:02.681,test67,self_20260531_152452,clip_100,1,listen,,2.0993,1236141.0,raspberry_pi_seeed_gsr,"1236141,2.0993"
2026-05-31T15:26:02.702,test67,self_20260531_152452,clip_100,1,listen,,2.1009,1236162.0,raspberry_pi_seeed_gsr,"1236162,2.1009"
2026-05-31T15:26:02.723,test67,self_20260531_152452,clip_100,1,listen,,2.0977,1236183.0,raspberry_pi_seeed_gsr,"1236183,2.0977"
2026-05-31T15:26:02.744,test67,self_20260531_152452,clip_100,1,listen,,2.0864,1236204.0,raspberry_pi_seeed_gsr,"1236204,2.0864"
2026-05-31T15:26:02.765,test67,self_20260531_152452,clip_100,1,listen,,2.1025,1236225.0,raspberry_pi_seeed_gsr,"1236225,2.1025"
2026-05-31T15:26:02.786,test67,self_20260531_152452,clip_100,1,listen,,2.1025,1236246.0,raspberry_pi_seeed_gsr,"1236246,2.1025"
2026-05-31T15:26:02.807,test67,self_20260531_152452,clip_100,1,listen,,2.0985,1236267.0,raspberry_pi_seeed_gsr,"1236267,2.0985"
2026-05-31T15:26:02.828,test67,self_20260531_152452,clip_100,1,listen,,2.0985,1236288.0,raspberry_pi_seeed_gsr,"1236288,2.0985"
2026-05-31T15:26:02.849,test67,self_20260531_152452,clip_100,1,listen,,2.1082,1236309.0,raspberry_pi_seeed_gsr,"1236309,2.1082"
2026-05-31T15:26:02.870,test67,self_20260531_152452,clip_100,1,listen,,2.0969,1236330.0,raspberry_pi_seeed_gsr,"1236330,2.0969"
2026-05-31T15:26:02.891,test67,self_20260531_152452,clip_100,1,listen,,2.092,1236351.0,raspberry_pi_seeed_gsr,"1236351,2.0920"
2026-05-31T15:26:02.912,test67,self_20260531_152452,clip_100,1,listen,,2.0993,1236372.0,raspberry_pi_seeed_gsr,"1236372,2.0993"
2026-05-31T15:26:02.933,test67,self_20260531_152452,clip_100,1,listen,,2.1001,1236393.0,raspberry_pi_seeed_gsr,"1236393,2.1001"
2026-05-31T15:26:02.954,test67,self_20260531_152452,clip_100,1,listen,,2.1033,1236414.0,raspberry_pi_seeed_gsr,"1236414,2.1033"
2026-05-31T15:26:02.975,test67,self_20260531_152452,clip_100,1,listen,,2.0808,1236435.0,raspberry_pi_seeed_gsr,"1236435,2.0808"
2026-05-31T15:26:02.996,test67,self_20260531_152452,clip_100,1,listen,,2.0832,1236456.0,raspberry_pi_seeed_gsr,"1236456,2.0832"
2026-05-31T15:26:03.017,test67,self_20260531_152452,clip_100,1,listen,,2.1001,1236477.0,raspberry_pi_seeed_gsr,"1236477,2.1001"
2026-05-31T15:26:03.038,test67,self_20260531_152452,clip_100,1,listen,,2.1017,1236498.0,raspberry_pi_seeed_gsr,"1236498,2.1017"
2026-05-31T15:26:03.059,test67,self_20260531_152452,clip_100,1,listen,,2.1033,1236519.0,raspberry_pi_seeed_gsr,"1236519,2.1033"
2026-05-31T15:26:03.080,test67,self_20260531_152452,clip_100,1,listen,,2.1025,1236540.0,raspberry_pi_seeed_gsr,"1236540,2.1025"
2026-05-31T15:26:03.101,test67,self_20260531_152452,clip_100,1,listen,,2.0985,1236561.0,raspberry_pi_seeed_gsr,"1236561,2.0985"
2026-05-31T15:26:03.122,test67,self_20260531_152452,clip_100,1,listen,,2.1001,1236582.0,raspberry_pi_seeed_gsr,"1236582,2.1001"
2026-05-31T15:26:03.143,test67,self_20260531_152452,clip_100,1,listen,,2.1001,1236603.0,raspberry_pi_seeed_gsr,"1236603,2.1001"
2026-05-31T15:26:03.164,test67,self_20260531_152452,clip_100,1,listen,,2.0937,1236624.0,raspberry_pi_seeed_gsr,"1236624,2.0937"
2026-05-31T15:26:03.185,test67,self_20260531_152452,clip_100,1,listen,,2.0985,1236645.0,raspberry_pi_seeed_gsr,"1236645,2.0985"
2026-05-31T15:26:03.206,test67,self_20260531_152452,clip_100,1,listen,,2.1001,1236666.0,raspberry_pi_seeed_gsr,"1236666,2.1001"
2026-05-31T15:26:03.227,test67,self_20260531_152452,clip_100,1,listen,,2.0977,1236687.0,raspberry_pi_seeed_gsr,"1236687,2.0977"
2026-05-31T15:26:03.248,test67,self_20260531_152452,clip_100,1,listen,,2.1001,1236708.0,raspberry_pi_seeed_gsr,"1236708,2.1001"
2026-05-31T15:26:03.269,test67,self_20260531_152452,clip_100,1,listen,,2.0977,1236729.0,raspberry_pi_seeed_gsr,"1236729,2.0977"
2026-05-31T15:26:03.290,test67,self_20260531_152452,clip_100,1,listen,,2.0985,1236750.0,raspberry_pi_seeed_gsr,"1236750,2.0985"
2026-05-31T15:26:03.311,test67,self_20260531_152452,clip_100,1,listen,,2.1017,1236771.0,raspberry_pi_seeed_gsr,"1236771,2.1017"
2026-05-31T15:26:03.332,test67,self_20260531_152452,clip_100,1,listen,,2.0969,1236792.0,raspberry_pi_seeed_gsr,"1236792,2.0969"
2026-05-31T15:26:03.353,test67,self_20260531_152452,clip_100,1,listen,,2.0993,1236813.0,raspberry_pi_seeed_gsr,"1236813,2.0993"
2026-05-31T15:26:03.374,test67,self_20260531_152452,clip_100,1,listen,,2.0985,1236834.0,raspberry_pi_seeed_gsr,"1236834,2.0985"
2026-05-31T15:26:03.395,test67,self_20260531_152452,clip_100,1,listen,,2.1033,1236855.0,raspberry_pi_seeed_gsr,"1236855,2.1033"
2026-05-31T15:26:03.416,test67,self_20260531_152452,clip_100,1,listen,,2.0961,1236876.0,raspberry_pi_seeed_gsr,"1236876,2.0961"
2026-05-31T15:26:03.437,test67,self_20260531_152452,clip_100,1,listen,,2.1025,1236897.0,raspberry_pi_seeed_gsr,"1236897,2.1025"
2026-05-31T15:26:03.458,test67,self_20260531_152452,clip_100,1,listen,,2.0953,1236918.0,raspberry_pi_seeed_gsr,"1236918,2.0953"
2026-05-31T15:26:03.479,test67,self_20260531_152452,clip_100,1,listen,,2.0961,1236939.0,raspberry_pi_seeed_gsr,"1236939,2.0961"
2026-05-31T15:26:03.500,test67,self_20260531_152452,clip_100,1,listen,,2.1001,1236960.0,raspberry_pi_seeed_gsr,"1236960,2.1001"
2026-05-31T15:26:03.521,test67,self_20260531_152452,clip_100,1,listen,,2.1017,1236981.0,raspberry_pi_seeed_gsr,"1236981,2.1017"
2026-05-31T15:26:03.542,test67,self_20260531_152452,clip_100,1,listen,,2.092,1237002.0,raspberry_pi_seeed_gsr,"1237002,2.0920"
2026-05-31T15:26:03.563,test67,self_20260531_152452,clip_100,1,listen,,2.0993,1237023.0,raspberry_pi_seeed_gsr,"1237023,2.0993"
2026-05-31T15:26:03.584,test67,self_20260531_152452,clip_100,1,listen,,2.0985,1237044.0,raspberry_pi_seeed_gsr,"1237044,2.0985"
2026-05-31T15:26:03.605,test67,self_20260531_152452,clip_100,1,listen,,2.1122,1237065.0,raspberry_pi_seeed_gsr,"1237065,2.1122"
2026-05-31T15:26:03.626,test67,self_20260531_152452,clip_100,1,listen,,2.0961,1237086.0,raspberry_pi_seeed_gsr,"1237086,2.0961"
2026-05-31T15:26:03.647,test67,self_20260531_152452,clip_100,1,listen,,2.088,1237107.0,raspberry_pi_seeed_gsr,"1237107,2.0880"
2026-05-31T15:26:03.668,test67,self_20260531_152452,clip_100,1,listen,,2.0993,1237128.0,raspberry_pi_seeed_gsr,"1237128,2.0993"
2026-05-31T15:26:03.689,test67,self_20260531_152452,clip_100,1,listen,,2.0993,1237149.0,raspberry_pi_seeed_gsr,"1237149,2.0993"
2026-05-31T15:26:03.710,test67,self_20260531_152452,clip_100,1,listen,,2.1001,1237170.0,raspberry_pi_seeed_gsr,"1237170,2.1001"
2026-05-31T15:26:03.731,test67,self_20260531_152452,clip_100,1,listen,,2.1001,1237191.0,raspberry_pi_seeed_gsr,"1237191,2.1001"
2026-05-31T15:26:03.752,test67,self_20260531_152452,clip_100,1,listen,,2.1001,1237212.0,raspberry_pi_seeed_gsr,"1237212,2.1001"
2026-05-31T15:26:03.773,test67,self_20260531_152452,clip_100,1,listen,,2.1041,1237233.0,raspberry_pi_seeed_gsr,"1237233,2.1041"
2026-05-31T15:26:03.794,test67,self_20260531_152452,clip_100,1,listen,,2.1017,1237254.0,raspberry_pi_seeed_gsr,"1237254,2.1017"
2026-05-31T15:26:03.815,test67,self_20260531_152452,clip_100,1,listen,,2.0993,1237275.0,raspberry_pi_seeed_gsr,"1237275,2.0993"
2026-05-31T15:26:03.836,test67,self_20260531_152452,clip_100,1,listen,,2.092,1237296.0,raspberry_pi_seeed_gsr,"1237296,2.0920"
2026-05-31T15:26:03.857,test67,self_20260531_152452,clip_100,1,listen,,2.1025,1237317.0,raspberry_pi_seeed_gsr,"1237317,2.1025"
2026-05-31T15:26:03.878,test67,self_20260531_152452,clip_100,1,listen,,2.0993,1237338.0,raspberry_pi_seeed_gsr,"1237338,2.0993"
2026-05-31T15:26:03.899,test67,self_20260531_152452,clip_100,1,listen,,2.0969,1237359.0,raspberry_pi_seeed_gsr,"1237359,2.0969"
2026-05-31T15:26:03.920,test67,self_20260531_152452,clip_100,1,listen,,2.0985,1237380.0,raspberry_pi_seeed_gsr,"1237380,2.0985"
2026-05-31T15:26:03.941,test67,self_20260531_152452,clip_100,1,listen,,2.1017,1237401.0,raspberry_pi_seeed_gsr,"1237401,2.1017"
2026-05-31T15:26:03.962,test67,self_20260531_152452,clip_100,1,listen,,2.1033,1237422.0,raspberry_pi_seeed_gsr,"1237422,2.1033"
2026-05-31T15:26:03.983,test67,self_20260531_152452,clip_100,1,listen,,2.092,1237443.0,raspberry_pi_seeed_gsr,"1237443,2.0920"
2026-05-31T15:26:04.004,test67,self_20260531_152452,clip_100,1,listen,,2.0969,1237464.0,raspberry_pi_seeed_gsr,"1237464,2.0969"
2026-05-31T15:26:04.025,test67,self_20260531_152452,clip_100,1,listen,,2.0985,1237485.0,raspberry_pi_seeed_gsr,"1237485,2.0985"
2026-05-31T15:26:04.046,test67,self_20260531_152452,clip_100,1,listen,,2.0928,1237506.0,raspberry_pi_seeed_gsr,"1237506,2.0928"
2026-05-31T15:26:04.067,test67,self_20260531_152452,clip_100,1,listen,,2.0985,1237527.0,raspberry_pi_seeed_gsr,"1237527,2.0985"
2026-05-31T15:26:04.088,test67,self_20260531_152452,clip_100,1,listen,,2.0969,1237548.0,raspberry_pi_seeed_gsr,"1237548,2.0969"
2026-05-31T15:26:04.109,test67,self_20260531_152452,clip_100,1,listen,,2.0977,1237569.0,raspberry_pi_seeed_gsr,"1237569,2.0977"
2026-05-31T15:26:04.130,test67,self_20260531_152452,clip_100,1,listen,,2.1001,1237590.0,raspberry_pi_seeed_gsr,"1237590,2.1001"
2026-05-31T15:26:04.151,test67,self_20260531_152452,clip_100,1,listen,,2.0993,1237611.0,raspberry_pi_seeed_gsr,"1237611,2.0993"
2026-05-31T15:26:04.172,test67,self_20260531_152452,clip_100,1,listen,,2.1001,1237632.0,raspberry_pi_seeed_gsr,"1237632,2.1001"
2026-05-31T15:26:04.193,test67,self_20260531_152452,clip_100,1,listen,,2.0904,1237653.0,raspberry_pi_seeed_gsr,"1237653,2.0904"
2026-05-31T15:26:04.214,test67,self_20260531_152452,clip_100,1,listen,,2.0985,1237674.0,raspberry_pi_seeed_gsr,"1237674,2.0985"
2026-05-31T15:26:04.235,test67,self_20260531_152452,clip_100,1,listen,,2.0969,1237695.0,raspberry_pi_seeed_gsr,"1237695,2.0969"
2026-05-31T15:26:04.256,test67,self_20260531_152452,clip_100,1,listen,,2.0993,1237716.0,raspberry_pi_seeed_gsr,"1237716,2.0993"
2026-05-31T15:26:04.277,test67,self_20260531_152452,clip_100,1,listen,,2.0953,1237737.0,raspberry_pi_seeed_gsr,"1237737,2.0953"
2026-05-31T15:26:04.298,test67,self_20260531_152452,clip_100,1,listen,,2.1065,1237758.0,raspberry_pi_seeed_gsr,"1237758,2.1065"
2026-05-31T15:26:04.319,test67,self_20260531_152452,clip_100,1,listen,,2.0977,1237779.0,raspberry_pi_seeed_gsr,"1237779,2.0977"
2026-05-31T15:26:04.340,test67,self_20260531_152452,clip_100,1,listen,,2.0961,1237800.0,raspberry_pi_seeed_gsr,"1237800,2.0961"
2026-05-31T15:26:04.361,test67,self_20260531_152452,clip_100,1,listen,,2.1065,1237821.0,raspberry_pi_seeed_gsr,"1237821,2.1065"
2026-05-31T15:26:04.382,test67,self_20260531_152452,clip_100,1,listen,,2.0993,1237842.0,raspberry_pi_seeed_gsr,"1237842,2.0993"
2026-05-31T15:26:04.403,test67,self_20260531_152452,clip_100,1,listen,,2.0985,1237863.0,raspberry_pi_seeed_gsr,"1237863,2.0985"
2026-05-31T15:26:04.424,test67,self_20260531_152452,clip_100,1,listen,,2.1057,1237884.0,raspberry_pi_seeed_gsr,"1237884,2.1057"
2026-05-31T15:26:04.445,test67,self_20260531_152452,clip_100,1,listen,,2.0993,1237905.0,raspberry_pi_seeed_gsr,"1237905,2.0993"
2026-05-31T15:26:04.466,test67,self_20260531_152452,clip_100,1,listen,,2.0856,1237926.0,raspberry_pi_seeed_gsr,"1237926,2.0856"
2026-05-31T15:26:04.487,test67,self_20260531_152452,clip_100,1,listen,,2.1001,1237947.0,raspberry_pi_seeed_gsr,"1237947,2.1001"
2026-05-31T15:26:04.508,test67,self_20260531_152452,clip_100,1,listen,,2.0953,1237968.0,raspberry_pi_seeed_gsr,"1237968,2.0953"
2026-05-31T15:26:04.529,test67,self_20260531_152452,clip_100,1,listen,,2.0993,1237989.0,raspberry_pi_seeed_gsr,"1237989,2.0993"
2026-05-31T15:26:04.550,test67,self_20260531_152452,clip_100,1,listen,,2.1001,1238010.0,raspberry_pi_seeed_gsr,"1238010,2.1001"
2026-05-31T15:26:04.571,test67,self_20260531_152452,clip_100,1,listen,,2.0993,1238031.0,raspberry_pi_seeed_gsr,"1238031,2.0993"
2026-05-31T15:26:04.592,test67,self_20260531_152452,clip_100,1,listen,,2.0993,1238052.0,raspberry_pi_seeed_gsr,"1238052,2.0993"
2026-05-31T15:26:04.613,test67,self_20260531_152452,clip_100,1,listen,,2.1001,1238073.0,raspberry_pi_seeed_gsr,"1238073,2.1001"
2026-05-31T15:26:04.634,test67,self_20260531_152452,clip_100,1,listen,,2.1017,1238094.0,raspberry_pi_seeed_gsr,"1238094,2.1017"
2026-05-31T15:26:04.655,test67,self_20260531_152452,clip_100,1,listen,,2.109,1238115.0,raspberry_pi_seeed_gsr,"1238115,2.1090"
2026-05-31T15:26:04.676,test67,self_20260531_152452,clip_100,1,listen,,2.1017,1238136.0,raspberry_pi_seeed_gsr,"1238136,2.1017"
2026-05-31T15:26:04.697,test67,self_20260531_152452,clip_100,1,listen,,2.0953,1238157.0,raspberry_pi_seeed_gsr,"1238157,2.0953"
2026-05-31T15:26:04.718,test67,self_20260531_152452,clip_100,1,listen,,2.1001,1238178.0,raspberry_pi_seeed_gsr,"1238178,2.1001"
2026-05-31T15:26:04.739,test67,self_20260531_152452,clip_100,1,listen,,2.0977,1238199.0,raspberry_pi_seeed_gsr,"1238199,2.0977"
2026-05-31T15:26:04.760,test67,self_20260531_152452,clip_100,1,listen,,2.092,1238220.0,raspberry_pi_seeed_gsr,"1238220,2.0920"
2026-05-31T15:26:04.781,test67,self_20260531_152452,clip_100,1,listen,,2.0969,1238241.0,raspberry_pi_seeed_gsr,"1238241,2.0969"
2026-05-31T15:26:04.802,test67,self_20260531_152452,clip_100,1,listen,,2.1049,1238262.0,raspberry_pi_seeed_gsr,"1238262,2.1049"
2026-05-31T15:26:04.823,test67,self_20260531_152452,clip_100,1,listen,,2.0985,1238283.0,raspberry_pi_seeed_gsr,"1238283,2.0985"
2026-05-31T15:26:04.844,test67,self_20260531_152452,clip_100,1,listen,,2.0945,1238304.0,raspberry_pi_seeed_gsr,"1238304,2.0945"
2026-05-31T15:26:04.865,test67,self_20260531_152452,clip_100,1,listen,,2.1041,1238325.0,raspberry_pi_seeed_gsr,"1238325,2.1041"
2026-05-31T15:26:04.886,test67,self_20260531_152452,clip_100,1,listen,,2.0977,1238346.0,raspberry_pi_seeed_gsr,"1238346,2.0977"
2026-05-31T15:26:04.907,test67,self_20260531_152452,clip_100,1,listen,,2.1001,1238367.0,raspberry_pi_seeed_gsr,"1238367,2.1001"
2026-05-31T15:26:04.928,test67,self_20260531_152452,clip_100,1,listen,,2.0993,1238388.0,raspberry_pi_seeed_gsr,"1238388,2.0993"
2026-05-31T15:26:04.949,test67,self_20260531_152452,clip_100,1,listen,,2.1001,1238409.0,raspberry_pi_seeed_gsr,"1238409,2.1001"
2026-05-31T15:26:04.970,test67,self_20260531_152452,clip_100,1,listen,,2.1049,1238430.0,raspberry_pi_seeed_gsr,"1238430,2.1049"
2026-05-31T15:26:04.991,test67,self_20260531_152452,clip_100,1,listen,,2.0977,1238451.0,raspberry_pi_seeed_gsr,"1238451,2.0977"
2026-05-31T15:26:05.012,test67,self_20260531_152452,clip_100,1,listen,,2.1025,1238472.0,raspberry_pi_seeed_gsr,"1238472,2.1025"
2026-05-31T15:26:05.033,test67,self_20260531_152452,clip_100,1,listen,,2.0953,1238493.0,raspberry_pi_seeed_gsr,"1238493,2.0953"
2026-05-31T15:26:05.054,test67,self_20260531_152452,clip_100,1,listen,,2.1001,1238514.0,raspberry_pi_seeed_gsr,"1238514,2.1001"
2026-05-31T15:26:05.075,test67,self_20260531_152452,clip_100,1,listen,,2.1001,1238535.0,raspberry_pi_seeed_gsr,"1238535,2.1001"
2026-05-31T15:26:05.096,test67,self_20260531_152452,clip_100,1,listen,,2.1001,1238556.0,raspberry_pi_seeed_gsr,"1238556,2.1001"
2026-05-31T15:26:05.117,test67,self_20260531_152452,clip_100,1,listen,,2.0969,1238577.0,raspberry_pi_seeed_gsr,"1238577,2.0969"
2026-05-31T15:26:05.138,test67,self_20260531_152452,clip_100,1,listen,,2.0977,1238598.0,raspberry_pi_seeed_gsr,"1238598,2.0977"
2026-05-31T15:26:05.159,test67,self_20260531_152452,clip_100,1,listen,,2.1041,1238619.0,raspberry_pi_seeed_gsr,"1238619,2.1041"
2026-05-31T15:26:05.180,test67,self_20260531_152452,clip_100,1,listen,,2.0993,1238640.0,raspberry_pi_seeed_gsr,"1238640,2.0993"
2026-05-31T15:26:05.201,test67,self_20260531_152452,clip_100,1,listen,,2.1009,1238661.0,raspberry_pi_seeed_gsr,"1238661,2.1009"
2026-05-31T15:26:05.222,test67,self_20260531_152452,clip_100,1,listen,,2.1001,1238682.0,raspberry_pi_seeed_gsr,"1238682,2.1001"
2026-05-31T15:26:05.243,test67,self_20260531_152452,clip_100,1,listen,,2.1017,1238703.0,raspberry_pi_seeed_gsr,"1238703,2.1017"
2026-05-31T15:26:05.264,test67,self_20260531_152452,clip_100,1,listen,,2.0969,1238724.0,raspberry_pi_seeed_gsr,"1238724,2.0969"
2026-05-31T15:26:05.285,test67,self_20260531_152452,clip_100,1,listen,,2.0969,1238745.0,raspberry_pi_seeed_gsr,"1238745,2.0969"
2026-05-31T15:26:05.306,test67,self_20260531_152452,clip_100,1,listen,,2.092,1238766.0,raspberry_pi_seeed_gsr,"1238766,2.0920"
2026-05-31T15:26:05.327,test67,self_20260531_152452,clip_100,1,listen,,2.0671,1238787.0,raspberry_pi_seeed_gsr,"1238787,2.0671"
2026-05-31T15:26:05.348,test67,self_20260531_152452,clip_100,1,listen,,2.0977,1238808.0,raspberry_pi_seeed_gsr,"1238808,2.0977"
2026-05-31T15:26:05.369,test67,self_20260531_152452,clip_100,1,listen,,2.0993,1238829.0,raspberry_pi_seeed_gsr,"1238829,2.0993"
2026-05-31T15:26:05.390,test67,self_20260531_152452,clip_100,1,listen,,2.0993,1238850.0,raspberry_pi_seeed_gsr,"1238850,2.0993"
2026-05-31T15:26:05.411,test67,self_20260531_152452,clip_100,1,listen,,2.1025,1238871.0,raspberry_pi_seeed_gsr,"1238871,2.1025"
2026-05-31T15:26:05.432,test67,self_20260531_152452,clip_100,1,listen,,2.0961,1238892.0,raspberry_pi_seeed_gsr,"1238892,2.0961"
2026-05-31T15:26:05.453,test67,self_20260531_152452,clip_100,1,listen,,2.0993,1238913.0,raspberry_pi_seeed_gsr,"1238913,2.0993"
2026-05-31T15:26:05.474,test67,self_20260531_152452,clip_100,1,listen,,2.0961,1238934.0,raspberry_pi_seeed_gsr,"1238934,2.0961"
2026-05-31T15:26:05.495,test67,self_20260531_152452,clip_100,1,listen,,2.1001,1238955.0,raspberry_pi_seeed_gsr,"1238955,2.1001"
2026-05-31T15:26:05.516,test67,self_20260531_152452,clip_100,1,listen,,2.1001,1238976.0,raspberry_pi_seeed_gsr,"1238976,2.1001"
2026-05-31T15:26:05.537,test67,self_20260531_152452,clip_100,1,listen,,2.0993,1238997.0,raspberry_pi_seeed_gsr,"1238997,2.0993"
2026-05-31T15:26:05.558,test67,self_20260531_152452,clip_100,1,listen,,2.1001,1239018.0,raspberry_pi_seeed_gsr,"1239018,2.1001"
2026-05-31T15:26:05.579,test67,self_20260531_152452,clip_100,1,listen,,2.1065,1239039.0,raspberry_pi_seeed_gsr,"1239039,2.1065"
2026-05-31T15:26:05.600,test67,self_20260531_152452,clip_100,1,listen,,2.0993,1239060.0,raspberry_pi_seeed_gsr,"1239060,2.0993"
2026-05-31T15:26:05.621,test67,self_20260531_152452,clip_100,1,listen,,2.1114,1239081.0,raspberry_pi_seeed_gsr,"1239081,2.1114"
2026-05-31T15:26:05.642,test67,self_20260531_152452,clip_100,1,listen,,2.1041,1239102.0,raspberry_pi_seeed_gsr,"1239102,2.1041"
2026-05-31T15:26:05.663,test67,self_20260531_152452,clip_100,1,listen,,2.1001,1239123.0,raspberry_pi_seeed_gsr,"1239123,2.1001"
2026-05-31T15:26:05.684,test67,self_20260531_152452,clip_100,1,listen,,2.1001,1239144.0,raspberry_pi_seeed_gsr,"1239144,2.1001"
2026-05-31T15:26:05.705,test67,self_20260531_152452,clip_100,1,listen,,2.0985,1239165.0,raspberry_pi_seeed_gsr,"1239165,2.0985"
2026-05-31T15:26:05.727,test67,self_20260531_152452,clip_100,1,listen,,2.1009,1239186.0,raspberry_pi_seeed_gsr,"1239186,2.1009"
