timestamp,user_id,session_id,clip_id,trial_index,phase,hr,eda,sensor_elapsed_ms,source,raw_line
2026-05-31T15:19:11.492,asdf,self_20260531_151909,clip_120,1,rest,,2.0953,824389.0,raspberry_pi_seeed_gsr,"824389,2.0953"
2026-05-31T15:19:11.495,asdf,self_20260531_151909,clip_120,1,rest,,2.1001,824410.0,raspberry_pi_seeed_gsr,"824410,2.1001"
2026-05-31T15:19:11.496,asdf,self_20260531_151909,clip_120,1,rest,,2.0977,824431.0,raspberry_pi_seeed_gsr,"824431,2.0977"
2026-05-31T15:19:11.498,asdf,self_20260531_151909,clip_120,1,rest,,2.1001,824452.0,raspberry_pi_seeed_gsr,"824452,2.1001"
2026-05-31T15:19:11.499,asdf,self_20260531_151909,clip_120,1,rest,,2.0993,824473.0,raspberry_pi_seeed_gsr,"824473,2.0993"
2026-05-31T15:19:11.500,asdf,self_20260531_151909,clip_120,1,rest,,2.0993,824494.0,raspberry_pi_seeed_gsr,"824494,2.0993"
2026-05-31T15:19:11.502,asdf,self_20260531_151909,clip_120,1,rest,,2.1001,824515.0,raspberry_pi_seeed_gsr,"824515,2.1001"
2026-05-31T15:19:11.503,asdf,self_20260531_151909,clip_120,1,rest,,2.1065,824536.0,raspberry_pi_seeed_gsr,"824536,2.1065"
2026-05-31T15:19:11.504,asdf,self_20260531_151909,clip_120,1,rest,,2.1025,824557.0,raspberry_pi_seeed_gsr,"824557,2.1025"
2026-05-31T15:19:11.505,asdf,self_20260531_151909,clip_120,1,rest,,2.1001,824578.0,raspberry_pi_seeed_gsr,"824578,2.1001"
2026-05-31T15:19:11.507,asdf,self_20260531_151909,clip_120,1,rest,,2.0985,824599.0,raspberry_pi_seeed_gsr,"824599,2.0985"
2026-05-31T15:19:11.508,asdf,self_20260531_151909,clip_120,1,rest,,2.1001,824620.0,raspberry_pi_seeed_gsr,"824620,2.1001"
2026-05-31T15:19:11.509,asdf,self_20260531_151909,clip_120,1,rest,,2.0977,824641.0,raspberry_pi_seeed_gsr,"824641,2.0977"
2026-05-31T15:19:11.510,asdf,self_20260531_151909,clip_120,1,rest,,2.0832,824662.0,raspberry_pi_seeed_gsr,"824662,2.0832"
2026-05-31T15:19:11.511,asdf,self_20260531_151909,clip_120,1,rest,,2.0937,824683.0,raspberry_pi_seeed_gsr,"824683,2.0937"
2026-05-31T15:19:11.511,asdf,self_20260531_151909,clip_120,1,rest,,2.142,824704.0,raspberry_pi_seeed_gsr,"824704,2.1420"
2026-05-31T15:19:11.512,asdf,self_20260531_151909,clip_120,1,rest,,2.1001,824725.0,raspberry_pi_seeed_gsr,"824725,2.1001"
2026-05-31T15:19:11.513,asdf,self_20260531_151909,clip_120,1,rest,,2.0961,824746.0,raspberry_pi_seeed_gsr,"824746,2.0961"
2026-05-31T15:19:11.514,asdf,self_20260531_151909,clip_120,1,rest,,2.1017,824767.0,raspberry_pi_seeed_gsr,"824767,2.1017"
2026-05-31T15:19:11.515,asdf,self_20260531_151909,clip_120,1,rest,,2.1041,824788.0,raspberry_pi_seeed_gsr,"824788,2.1041"
2026-05-31T15:19:11.516,asdf,self_20260531_151909,clip_120,1,rest,,2.0961,824809.0,raspberry_pi_seeed_gsr,"824809,2.0961"
2026-05-31T15:19:11.517,asdf,self_20260531_151909,clip_120,1,rest,,2.1009,824830.0,raspberry_pi_seeed_gsr,"824830,2.1009"
2026-05-31T15:19:11.517,asdf,self_20260531_151909,clip_120,1,rest,,2.0985,824851.0,raspberry_pi_seeed_gsr,"824851,2.0985"
2026-05-31T15:19:11.518,asdf,self_20260531_151909,clip_120,1,rest,,2.1017,824872.0,raspberry_pi_seeed_gsr,"824872,2.1017"
2026-05-31T15:19:11.519,asdf,self_20260531_151909,clip_120,1,rest,,2.0977,824893.0,raspberry_pi_seeed_gsr,"824893,2.0977"
2026-05-31T15:19:11.519,asdf,self_20260531_151909,clip_120,1,rest,,2.0985,824914.0,raspberry_pi_seeed_gsr,"824914,2.0985"
2026-05-31T15:19:11.520,asdf,self_20260531_151909,clip_120,1,rest,,2.1017,824935.0,raspberry_pi_seeed_gsr,"824935,2.1017"
2026-05-31T15:19:11.521,asdf,self_20260531_151909,clip_120,1,rest,,2.0937,824956.0,raspberry_pi_seeed_gsr,"824956,2.0937"
2026-05-31T15:19:11.522,asdf,self_20260531_151909,clip_120,1,rest,,2.1082,824977.0,raspberry_pi_seeed_gsr,"824977,2.1082"
2026-05-31T15:19:11.534,asdf,self_20260531_151909,clip_120,1,rest,,2.1009,824998.0,raspberry_pi_seeed_gsr,"824998,2.1009"
2026-05-31T15:19:11.554,asdf,self_20260531_151909,clip_120,1,rest,,2.1001,825019.0,raspberry_pi_seeed_gsr,"825019,2.1001"
2026-05-31T15:19:11.575,asdf,self_20260531_151909,clip_120,1,rest,,2.0985,825040.0,raspberry_pi_seeed_gsr,"825040,2.0985"
2026-05-31T15:19:11.596,asdf,self_20260531_151909,clip_120,1,rest,,2.0993,825061.0,raspberry_pi_seeed_gsr,"825061,2.0993"
2026-05-31T15:19:11.618,asdf,self_20260531_151909,clip_120,1,rest,,2.0977,825082.0,raspberry_pi_seeed_gsr,"825082,2.0977"
2026-05-31T15:19:11.639,asdf,self_20260531_151909,clip_120,1,rest,,2.0985,825103.0,raspberry_pi_seeed_gsr,"825103,2.0985"
2026-05-31T15:19:11.660,asdf,self_20260531_151909,clip_120,1,rest,,2.0912,825124.0,raspberry_pi_seeed_gsr,"825124,2.0912"
2026-05-31T15:19:11.681,asdf,self_20260531_151909,clip_120,1,rest,,2.0993,825145.0,raspberry_pi_seeed_gsr,"825145,2.0993"
2026-05-31T15:19:11.702,asdf,self_20260531_151909,clip_120,1,rest,,2.0969,825166.0,raspberry_pi_seeed_gsr,"825166,2.0969"
2026-05-31T15:19:11.723,asdf,self_20260531_151909,clip_120,1,rest,,2.0993,825187.0,raspberry_pi_seeed_gsr,"825187,2.0993"
2026-05-31T15:19:11.744,asdf,self_20260531_151909,clip_120,1,rest,,2.1025,825208.0,raspberry_pi_seeed_gsr,"825208,2.1025"
2026-05-31T15:19:11.765,asdf,self_20260531_151909,clip_120,1,rest,,2.0953,825229.0,raspberry_pi_seeed_gsr,"825229,2.0953"
2026-05-31T15:19:11.822,asdf,self_20260531_151909,clip_120,1,rest,,2.0993,825250.0,raspberry_pi_seeed_gsr,"825250,2.0993"
2026-05-31T15:19:11.823,asdf,self_20260531_151909,clip_120,1,rest,,2.0937,825271.0,raspberry_pi_seeed_gsr,"825271,2.0937"
2026-05-31T15:19:11.827,asdf,self_20260531_151909,clip_120,1,rest,,2.1001,825292.0,raspberry_pi_seeed_gsr,"825292,2.1001"
2026-05-31T15:19:11.848,asdf,self_20260531_151909,clip_120,1,rest,,2.0993,825313.0,raspberry_pi_seeed_gsr,"825313,2.0993"
2026-05-31T15:19:11.869,asdf,self_20260531_151909,clip_120,1,rest,,2.0791,825334.0,raspberry_pi_seeed_gsr,"825334,2.0791"
2026-05-31T15:19:11.890,asdf,self_20260531_151909,clip_120,1,rest,,2.0993,825355.0,raspberry_pi_seeed_gsr,"825355,2.0993"
2026-05-31T15:19:11.912,asdf,self_20260531_151909,clip_120,1,rest,,2.1041,825376.0,raspberry_pi_seeed_gsr,"825376,2.1041"
2026-05-31T15:19:11.933,asdf,self_20260531_151909,clip_120,1,rest,,2.0872,825397.0,raspberry_pi_seeed_gsr,"825397,2.0872"
2026-05-31T15:19:11.954,asdf,self_20260531_151909,clip_120,1,rest,,2.109,825418.0,raspberry_pi_seeed_gsr,"825418,2.1090"
2026-05-31T15:19:11.975,asdf,self_20260531_151909,clip_120,1,rest,,2.1033,825439.0,raspberry_pi_seeed_gsr,"825439,2.1033"
2026-05-31T15:19:11.996,asdf,self_20260531_151909,clip_120,1,rest,,2.1098,825460.0,raspberry_pi_seeed_gsr,"825460,2.1098"
2026-05-31T15:19:12.017,asdf,self_20260531_151909,clip_120,1,rest,,2.1082,825481.0,raspberry_pi_seeed_gsr,"825481,2.1082"
2026-05-31T15:19:12.068,asdf,self_20260531_151909,clip_120,1,rest,,2.1017,825502.0,raspberry_pi_seeed_gsr,"825502,2.1017"
2026-05-31T15:19:12.069,asdf,self_20260531_151909,clip_120,1,rest,,2.0985,825523.0,raspberry_pi_seeed_gsr,"825523,2.0985"
2026-05-31T15:19:12.080,asdf,self_20260531_151909,clip_120,1,rest,,2.0969,825544.0,raspberry_pi_seeed_gsr,"825544,2.0969"
2026-05-31T15:19:12.101,asdf,self_20260531_151909,clip_120,1,rest,,2.0969,825565.0,raspberry_pi_seeed_gsr,"825565,2.0969"
2026-05-31T15:19:12.122,asdf,self_20260531_151909,clip_120,1,rest,,2.0977,825586.0,raspberry_pi_seeed_gsr,"825586,2.0977"
2026-05-31T15:19:12.143,asdf,self_20260531_151909,clip_120,1,rest,,2.0985,825607.0,raspberry_pi_seeed_gsr,"825607,2.0985"
2026-05-31T15:19:12.164,asdf,self_20260531_151909,clip_120,1,rest,,2.1017,825628.0,raspberry_pi_seeed_gsr,"825628,2.1017"
2026-05-31T15:19:12.185,asdf,self_20260531_151909,clip_120,1,rest,,2.0993,825649.0,raspberry_pi_seeed_gsr,"825649,2.0993"
2026-05-31T15:19:12.206,asdf,self_20260531_151909,clip_120,1,rest,,2.0993,825670.0,raspberry_pi_seeed_gsr,"825670,2.0993"
2026-05-31T15:19:12.227,asdf,self_20260531_151909,clip_120,1,rest,,2.0985,825691.0,raspberry_pi_seeed_gsr,"825691,2.0985"
2026-05-31T15:19:12.248,asdf,self_20260531_151909,clip_120,1,rest,,2.0985,825712.0,raspberry_pi_seeed_gsr,"825712,2.0985"
2026-05-31T15:19:12.269,asdf,self_20260531_151909,clip_120,1,rest,,2.1009,825733.0,raspberry_pi_seeed_gsr,"825733,2.1009"
2026-05-31T15:19:12.314,asdf,self_20260531_151909,clip_120,1,rest,,2.0985,825754.0,raspberry_pi_seeed_gsr,"825754,2.0985"
2026-05-31T15:19:12.315,asdf,self_20260531_151909,clip_120,1,rest,,2.1001,825775.0,raspberry_pi_seeed_gsr,"825775,2.1001"
2026-05-31T15:19:12.331,asdf,self_20260531_151909,clip_120,1,rest,,2.0993,825796.0,raspberry_pi_seeed_gsr,"825796,2.0993"
2026-05-31T15:19:12.353,asdf,self_20260531_151909,clip_120,1,rest,,2.0977,825817.0,raspberry_pi_seeed_gsr,"825817,2.0977"
2026-05-31T15:19:12.374,asdf,self_20260531_151909,clip_120,1,rest,,2.1033,825838.0,raspberry_pi_seeed_gsr,"825838,2.1033"
2026-05-31T15:19:12.395,asdf,self_20260531_151909,clip_120,1,rest,,2.1057,825859.0,raspberry_pi_seeed_gsr,"825859,2.1057"
2026-05-31T15:19:12.416,asdf,self_20260531_151909,clip_120,1,rest,,2.1017,825880.0,raspberry_pi_seeed_gsr,"825880,2.1017"
2026-05-31T15:19:12.437,asdf,self_20260531_151909,clip_120,1,rest,,2.0969,825901.0,raspberry_pi_seeed_gsr,"825901,2.0969"
2026-05-31T15:19:12.458,asdf,self_20260531_151909,clip_120,1,rest,,2.0993,825922.0,raspberry_pi_seeed_gsr,"825922,2.0993"
2026-05-31T15:19:12.479,asdf,self_20260531_151909,clip_120,1,rest,,2.0953,825943.0,raspberry_pi_seeed_gsr,"825943,2.0953"
2026-05-31T15:19:12.500,asdf,self_20260531_151909,clip_120,1,rest,,2.0985,825964.0,raspberry_pi_seeed_gsr,"825964,2.0985"
2026-05-31T15:19:12.521,asdf,self_20260531_151909,clip_120,1,rest,,2.0904,825985.0,raspberry_pi_seeed_gsr,"825985,2.0904"
2026-05-31T15:19:12.555,asdf,self_20260531_151909,clip_120,1,rest,,2.0993,826006.0,raspberry_pi_seeed_gsr,"826006,2.0993"
2026-05-31T15:19:12.563,asdf,self_20260531_151909,clip_120,1,rest,,2.0985,826027.0,raspberry_pi_seeed_gsr,"826027,2.0985"
2026-05-31T15:19:12.583,asdf,self_20260531_151909,clip_120,1,rest,,2.1001,826048.0,raspberry_pi_seeed_gsr,"826048,2.1001"
2026-05-31T15:19:12.604,asdf,self_20260531_151909,clip_120,1,rest,,2.0993,826069.0,raspberry_pi_seeed_gsr,"826069,2.0993"
2026-05-31T15:19:12.626,asdf,self_20260531_151909,clip_120,1,rest,,2.0993,826090.0,raspberry_pi_seeed_gsr,"826090,2.0993"
2026-05-31T15:19:12.646,asdf,self_20260531_151909,clip_120,1,rest,,2.0985,826111.0,raspberry_pi_seeed_gsr,"826111,2.0985"
2026-05-31T15:19:12.668,asdf,self_20260531_151909,clip_120,1,rest,,2.0985,826132.0,raspberry_pi_seeed_gsr,"826132,2.0985"
2026-05-31T15:19:12.689,asdf,self_20260531_151909,clip_120,1,rest,,2.1065,826153.0,raspberry_pi_seeed_gsr,"826153,2.1065"
2026-05-31T15:19:12.710,asdf,self_20260531_151909,clip_120,1,rest,,2.092,826174.0,raspberry_pi_seeed_gsr,"826174,2.0920"
2026-05-31T15:19:12.731,asdf,self_20260531_151909,clip_120,1,rest,,2.109,826195.0,raspberry_pi_seeed_gsr,"826195,2.1090"
2026-05-31T15:19:12.752,asdf,self_20260531_151909,clip_120,1,rest,,2.1033,826216.0,raspberry_pi_seeed_gsr,"826216,2.1033"
2026-05-31T15:19:12.773,asdf,self_20260531_151909,clip_120,1,rest,,2.0977,826237.0,raspberry_pi_seeed_gsr,"826237,2.0977"
2026-05-31T15:19:12.814,asdf,self_20260531_151909,clip_120,1,rest,,2.1082,826258.0,raspberry_pi_seeed_gsr,"826258,2.1082"
2026-05-31T15:19:12.815,asdf,self_20260531_151909,clip_120,1,rest,,2.0985,826279.0,raspberry_pi_seeed_gsr,"826279,2.0985"
2026-05-31T15:19:12.835,asdf,self_20260531_151909,clip_120,1,rest,,2.1001,826300.0,raspberry_pi_seeed_gsr,"826300,2.1001"
2026-05-31T15:19:12.857,asdf,self_20260531_151909,clip_120,1,rest,,2.0993,826321.0,raspberry_pi_seeed_gsr,"826321,2.0993"
2026-05-31T15:19:12.878,asdf,self_20260531_151909,clip_120,1,rest,,2.1017,826342.0,raspberry_pi_seeed_gsr,"826342,2.1017"
2026-05-31T15:19:12.899,asdf,self_20260531_151909,clip_120,1,rest,,2.0969,826363.0,raspberry_pi_seeed_gsr,"826363,2.0969"
2026-05-31T15:19:12.920,asdf,self_20260531_151909,clip_120,1,rest,,2.0904,826384.0,raspberry_pi_seeed_gsr,"826384,2.0904"
2026-05-31T15:19:12.941,asdf,self_20260531_151909,clip_120,1,rest,,2.0961,826405.0,raspberry_pi_seeed_gsr,"826405,2.0961"
2026-05-31T15:19:12.962,asdf,self_20260531_151909,clip_120,1,rest,,2.109,826426.0,raspberry_pi_seeed_gsr,"826426,2.1090"
2026-05-31T15:19:12.983,asdf,self_20260531_151909,clip_120,1,rest,,2.0985,826447.0,raspberry_pi_seeed_gsr,"826447,2.0985"
2026-05-31T15:19:13.004,asdf,self_20260531_151909,clip_120,1,rest,,2.0985,826468.0,raspberry_pi_seeed_gsr,"826468,2.0985"
2026-05-31T15:19:13.025,asdf,self_20260531_151909,clip_120,1,rest,,2.1001,826489.0,raspberry_pi_seeed_gsr,"826489,2.1001"
2026-05-31T15:19:13.046,asdf,self_20260531_151909,clip_120,1,rest,,2.0993,826510.0,raspberry_pi_seeed_gsr,"826510,2.0993"
2026-05-31T15:19:13.092,asdf,self_20260531_151909,clip_120,1,rest,,2.0993,826531.0,raspberry_pi_seeed_gsr,"826531,2.0993"
2026-05-31T15:19:13.093,asdf,self_20260531_151909,clip_120,1,rest,,2.1065,826552.0,raspberry_pi_seeed_gsr,"826552,2.1065"
2026-05-31T15:19:13.109,asdf,self_20260531_151909,clip_120,1,rest,,2.0953,826573.0,raspberry_pi_seeed_gsr,"826573,2.0953"
2026-05-31T15:19:13.130,asdf,self_20260531_151909,clip_120,1,rest,,2.1033,826594.0,raspberry_pi_seeed_gsr,"826594,2.1033"
2026-05-31T15:19:13.150,asdf,self_20260531_151909,clip_120,1,rest,,2.1001,826615.0,raspberry_pi_seeed_gsr,"826615,2.1001"
2026-05-31T15:19:13.172,asdf,self_20260531_151909,clip_120,1,rest,,2.1001,826636.0,raspberry_pi_seeed_gsr,"826636,2.1001"
2026-05-31T15:19:13.193,asdf,self_20260531_151909,clip_120,1,rest,,2.1009,826657.0,raspberry_pi_seeed_gsr,"826657,2.1009"
2026-05-31T15:19:13.214,asdf,self_20260531_151909,clip_120,1,rest,,2.1017,826678.0,raspberry_pi_seeed_gsr,"826678,2.1017"
2026-05-31T15:19:13.235,asdf,self_20260531_151909,clip_120,1,rest,,2.0993,826699.0,raspberry_pi_seeed_gsr,"826699,2.0993"
2026-05-31T15:19:13.256,asdf,self_20260531_151909,clip_120,1,rest,,2.1025,826720.0,raspberry_pi_seeed_gsr,"826720,2.1025"
2026-05-31T15:19:13.277,asdf,self_20260531_151909,clip_120,1,rest,,2.1001,826741.0,raspberry_pi_seeed_gsr,"826741,2.1001"
2026-05-31T15:19:13.297,asdf,self_20260531_151909,clip_120,1,rest,,2.1009,826762.0,raspberry_pi_seeed_gsr,"826762,2.1009"
2026-05-31T15:19:13.335,asdf,self_20260531_151909,clip_120,1,rest,,2.1009,826783.0,raspberry_pi_seeed_gsr,"826783,2.1009"
2026-05-31T15:19:13.340,asdf,self_20260531_151909,clip_120,1,rest,,2.0985,826804.0,raspberry_pi_seeed_gsr,"826804,2.0985"
2026-05-31T15:19:13.360,asdf,self_20260531_151909,clip_120,1,rest,,2.0985,826825.0,raspberry_pi_seeed_gsr,"826825,2.0985"
2026-05-31T15:19:13.382,asdf,self_20260531_151909,clip_120,1,rest,,2.0969,826846.0,raspberry_pi_seeed_gsr,"826846,2.0969"
2026-05-31T15:19:13.402,asdf,self_20260531_151909,clip_120,1,rest,,2.0937,826867.0,raspberry_pi_seeed_gsr,"826867,2.0937"
2026-05-31T15:19:13.424,asdf,self_20260531_151909,clip_120,1,rest,,2.1017,826888.0,raspberry_pi_seeed_gsr,"826888,2.1017"
2026-05-31T15:19:13.445,asdf,self_20260531_151909,clip_120,1,rest,,2.0985,826909.0,raspberry_pi_seeed_gsr,"826909,2.0985"
2026-05-31T15:19:13.466,asdf,self_20260531_151909,clip_120,1,rest,,2.1049,826930.0,raspberry_pi_seeed_gsr,"826930,2.1049"
2026-05-31T15:19:13.487,asdf,self_20260531_151909,clip_120,1,rest,,2.0985,826951.0,raspberry_pi_seeed_gsr,"826951,2.0985"
2026-05-31T15:19:13.508,asdf,self_20260531_151909,clip_120,1,rest,,2.109,826972.0,raspberry_pi_seeed_gsr,"826972,2.1090"
2026-05-31T15:19:13.529,asdf,self_20260531_151909,clip_120,1,rest,,2.0969,826993.0,raspberry_pi_seeed_gsr,"826993,2.0969"
2026-05-31T15:19:13.550,asdf,self_20260531_151909,clip_120,1,rest,,2.1065,827014.0,raspberry_pi_seeed_gsr,"827014,2.1065"
2026-05-31T15:19:13.596,asdf,self_20260531_151909,clip_120,1,rest,,2.1017,827035.0,raspberry_pi_seeed_gsr,"827035,2.1017"
2026-05-31T15:19:13.597,asdf,self_20260531_151909,clip_120,1,rest,,2.0961,827056.0,raspberry_pi_seeed_gsr,"827056,2.0961"
2026-05-31T15:19:13.612,asdf,self_20260531_151909,clip_120,1,rest,,2.1098,827077.0,raspberry_pi_seeed_gsr,"827077,2.1098"
2026-05-31T15:19:13.634,asdf,self_20260531_151909,clip_120,1,rest,,2.0985,827098.0,raspberry_pi_seeed_gsr,"827098,2.0985"
2026-05-31T15:19:13.654,asdf,self_20260531_151909,clip_120,1,rest,,2.0993,827119.0,raspberry_pi_seeed_gsr,"827119,2.0993"
2026-05-31T15:19:13.676,asdf,self_20260531_151909,clip_120,1,rest,,2.1001,827140.0,raspberry_pi_seeed_gsr,"827140,2.1001"
2026-05-31T15:19:13.697,asdf,self_20260531_151909,clip_120,1,rest,,2.1001,827161.0,raspberry_pi_seeed_gsr,"827161,2.1001"
2026-05-31T15:19:13.717,asdf,self_20260531_151909,clip_120,1,rest,,2.0961,827182.0,raspberry_pi_seeed_gsr,"827182,2.0961"
2026-05-31T15:19:13.739,asdf,self_20260531_151909,clip_120,1,rest,,2.1017,827203.0,raspberry_pi_seeed_gsr,"827203,2.1017"
2026-05-31T15:19:13.760,asdf,self_20260531_151909,clip_120,1,rest,,2.0961,827224.0,raspberry_pi_seeed_gsr,"827224,2.0961"
2026-05-31T15:19:13.781,asdf,self_20260531_151909,clip_120,1,rest,,2.092,827245.0,raspberry_pi_seeed_gsr,"827245,2.0920"
2026-05-31T15:19:13.802,asdf,self_20260531_151909,clip_120,1,rest,,2.0961,827266.0,raspberry_pi_seeed_gsr,"827266,2.0961"
2026-05-31T15:19:13.841,asdf,self_20260531_151909,clip_120,1,rest,,2.0985,827287.0,raspberry_pi_seeed_gsr,"827287,2.0985"
2026-05-31T15:19:13.844,asdf,self_20260531_151909,clip_120,1,rest,,2.092,827308.0,raspberry_pi_seeed_gsr,"827308,2.0920"
2026-05-31T15:19:13.864,asdf,self_20260531_151909,clip_120,1,rest,,2.1001,827329.0,raspberry_pi_seeed_gsr,"827329,2.1001"
2026-05-31T15:19:13.886,asdf,self_20260531_151909,clip_120,1,rest,,2.0977,827350.0,raspberry_pi_seeed_gsr,"827350,2.0977"
2026-05-31T15:19:13.907,asdf,self_20260531_151909,clip_120,1,rest,,2.0977,827371.0,raspberry_pi_seeed_gsr,"827371,2.0977"
2026-05-31T15:19:13.928,asdf,self_20260531_151909,clip_120,1,rest,,2.1041,827392.0,raspberry_pi_seeed_gsr,"827392,2.1041"
2026-05-31T15:19:13.949,asdf,self_20260531_151909,clip_120,1,rest,,2.1025,827413.0,raspberry_pi_seeed_gsr,"827413,2.1025"
2026-05-31T15:19:13.970,asdf,self_20260531_151909,clip_120,1,rest,,2.0953,827434.0,raspberry_pi_seeed_gsr,"827434,2.0953"
2026-05-31T15:19:13.991,asdf,self_20260531_151909,clip_120,1,rest,,2.1041,827455.0,raspberry_pi_seeed_gsr,"827455,2.1041"
2026-05-31T15:19:14.012,asdf,self_20260531_151909,clip_120,1,rest,,2.0961,827476.0,raspberry_pi_seeed_gsr,"827476,2.0961"
2026-05-31T15:19:14.033,asdf,self_20260531_151909,clip_120,1,rest,,2.0985,827497.0,raspberry_pi_seeed_gsr,"827497,2.0985"
2026-05-31T15:19:14.054,asdf,self_20260531_151909,clip_120,1,rest,,2.1041,827518.0,raspberry_pi_seeed_gsr,"827518,2.1041"
2026-05-31T15:19:14.100,asdf,self_20260531_151909,clip_120,1,rest,,2.1025,827539.0,raspberry_pi_seeed_gsr,"827539,2.1025"
2026-05-31T15:19:14.101,asdf,self_20260531_151909,clip_120,1,rest,,2.1065,827560.0,raspberry_pi_seeed_gsr,"827560,2.1065"
2026-05-31T15:19:14.117,asdf,self_20260531_151909,clip_120,1,rest,,2.0961,827581.0,raspberry_pi_seeed_gsr,"827581,2.0961"
2026-05-31T15:19:14.137,asdf,self_20260531_151909,clip_120,1,rest,,2.1001,827602.0,raspberry_pi_seeed_gsr,"827602,2.1001"
2026-05-31T15:19:14.158,asdf,self_20260531_151909,clip_120,1,rest,,2.0993,827623.0,raspberry_pi_seeed_gsr,"827623,2.0993"
2026-05-31T15:19:14.180,asdf,self_20260531_151909,clip_120,1,rest,,2.0985,827644.0,raspberry_pi_seeed_gsr,"827644,2.0985"
2026-05-31T15:19:14.201,asdf,self_20260531_151909,clip_120,1,rest,,2.0912,827665.0,raspberry_pi_seeed_gsr,"827665,2.0912"
2026-05-31T15:19:14.221,asdf,self_20260531_151909,clip_120,1,rest,,2.1001,827686.0,raspberry_pi_seeed_gsr,"827686,2.1001"
2026-05-31T15:19:14.243,asdf,self_20260531_151909,clip_120,1,rest,,2.1017,827707.0,raspberry_pi_seeed_gsr,"827707,2.1017"
2026-05-31T15:19:14.264,asdf,self_20260531_151909,clip_120,1,rest,,2.1001,827728.0,raspberry_pi_seeed_gsr,"827728,2.1001"
2026-05-31T15:19:14.284,asdf,self_20260531_151909,clip_120,1,rest,,2.0961,827749.0,raspberry_pi_seeed_gsr,"827749,2.0961"
2026-05-31T15:19:14.305,asdf,self_20260531_151909,clip_120,1,rest,,2.1001,827770.0,raspberry_pi_seeed_gsr,"827770,2.1001"
2026-05-31T15:19:14.327,asdf,self_20260531_151909,clip_120,1,rest,,2.1001,827791.0,raspberry_pi_seeed_gsr,"827791,2.1001"
2026-05-31T15:19:14.366,asdf,self_20260531_151909,clip_120,1,rest,,2.1025,827812.0,raspberry_pi_seeed_gsr,"827812,2.1025"
2026-05-31T15:19:14.368,asdf,self_20260531_151909,clip_120,1,rest,,2.0993,827833.0,raspberry_pi_seeed_gsr,"827833,2.0993"
2026-05-31T15:19:14.389,asdf,self_20260531_151909,clip_120,1,rest,,2.1001,827854.0,raspberry_pi_seeed_gsr,"827854,2.1001"
2026-05-31T15:19:14.410,asdf,self_20260531_151909,clip_120,1,rest,,2.1001,827875.0,raspberry_pi_seeed_gsr,"827875,2.1001"
2026-05-31T15:19:14.431,asdf,self_20260531_151909,clip_120,1,rest,,2.1025,827896.0,raspberry_pi_seeed_gsr,"827896,2.1025"
2026-05-31T15:19:14.453,asdf,self_20260531_151909,clip_120,1,rest,,2.0993,827917.0,raspberry_pi_seeed_gsr,"827917,2.0993"
2026-05-31T15:19:14.474,asdf,self_20260531_151909,clip_120,1,rest,,2.1017,827938.0,raspberry_pi_seeed_gsr,"827938,2.1017"
2026-05-31T15:19:14.494,asdf,self_20260531_151909,clip_120,1,rest,,2.0985,827959.0,raspberry_pi_seeed_gsr,"827959,2.0985"
2026-05-31T15:19:14.516,asdf,self_20260531_151909,clip_120,1,rest,,2.1041,827980.0,raspberry_pi_seeed_gsr,"827980,2.1041"
2026-05-31T15:19:14.537,asdf,self_20260531_151909,clip_120,1,rest,,2.1001,828001.0,raspberry_pi_seeed_gsr,"828001,2.1001"
2026-05-31T15:19:14.558,asdf,self_20260531_151909,clip_120,1,rest,,2.1299,828022.0,raspberry_pi_seeed_gsr,"828022,2.1299"
2026-05-31T15:19:14.579,asdf,self_20260531_151909,clip_120,1,rest,,2.1017,828043.0,raspberry_pi_seeed_gsr,"828043,2.1017"
2026-05-31T15:19:14.621,asdf,self_20260531_151909,clip_120,1,rest,,2.1001,828064.0,raspberry_pi_seeed_gsr,"828064,2.1001"
2026-05-31T15:19:14.622,asdf,self_20260531_151909,clip_120,1,rest,,2.1001,828085.0,raspberry_pi_seeed_gsr,"828085,2.1001"
2026-05-31T15:19:14.641,asdf,self_20260531_151909,clip_120,1,rest,,2.0961,828106.0,raspberry_pi_seeed_gsr,"828106,2.0961"
2026-05-31T15:19:14.662,asdf,self_20260531_151909,clip_120,1,rest,,2.1017,828127.0,raspberry_pi_seeed_gsr,"828127,2.1017"
2026-05-31T15:19:14.684,asdf,self_20260531_151909,clip_120,1,rest,,2.1065,828148.0,raspberry_pi_seeed_gsr,"828148,2.1065"
2026-05-31T15:19:14.705,asdf,self_20260531_151909,clip_120,1,rest,,2.1049,828169.0,raspberry_pi_seeed_gsr,"828169,2.1049"
2026-05-31T15:19:14.726,asdf,self_20260531_151909,clip_120,1,rest,,2.0993,828190.0,raspberry_pi_seeed_gsr,"828190,2.0993"
2026-05-31T15:19:14.747,asdf,self_20260531_151909,clip_120,1,rest,,2.0969,828211.0,raspberry_pi_seeed_gsr,"828211,2.0969"
2026-05-31T15:19:14.768,asdf,self_20260531_151909,clip_120,1,rest,,2.0864,828232.0,raspberry_pi_seeed_gsr,"828232,2.0864"
2026-05-31T15:19:14.789,asdf,self_20260531_151909,clip_120,1,rest,,2.1025,828253.0,raspberry_pi_seeed_gsr,"828253,2.1025"
2026-05-31T15:19:14.810,asdf,self_20260531_151909,clip_120,1,rest,,2.0993,828274.0,raspberry_pi_seeed_gsr,"828274,2.0993"
2026-05-31T15:19:14.831,asdf,self_20260531_151909,clip_120,1,rest,,2.1049,828295.0,raspberry_pi_seeed_gsr,"828295,2.1049"
2026-05-31T15:19:14.872,asdf,self_20260531_151909,clip_120,1,rest,,2.1033,828316.0,raspberry_pi_seeed_gsr,"828316,2.1033"
2026-05-31T15:19:14.873,asdf,self_20260531_151909,clip_120,1,rest,,2.0985,828337.0,raspberry_pi_seeed_gsr,"828337,2.0985"
2026-05-31T15:19:14.894,asdf,self_20260531_151909,clip_120,1,rest,,2.1017,828358.0,raspberry_pi_seeed_gsr,"828358,2.1017"
2026-05-31T15:19:14.915,asdf,self_20260531_151909,clip_120,1,rest,,2.1025,828379.0,raspberry_pi_seeed_gsr,"828379,2.1025"
2026-05-31T15:19:14.936,asdf,self_20260531_151909,clip_120,1,rest,,2.0961,828400.0,raspberry_pi_seeed_gsr,"828400,2.0961"
2026-05-31T15:19:14.957,asdf,self_20260531_151909,clip_120,1,rest,,2.0985,828421.0,raspberry_pi_seeed_gsr,"828421,2.0985"
2026-05-31T15:19:14.978,asdf,self_20260531_151909,clip_120,1,rest,,2.0969,828442.0,raspberry_pi_seeed_gsr,"828442,2.0969"
2026-05-31T15:19:14.998,asdf,self_20260531_151909,clip_120,1,rest,,2.1041,828463.0,raspberry_pi_seeed_gsr,"828463,2.1041"
2026-05-31T15:19:15.020,asdf,self_20260531_151909,clip_120,1,rest,,2.1017,828484.0,raspberry_pi_seeed_gsr,"828484,2.1017"
2026-05-31T15:19:15.041,asdf,self_20260531_151909,clip_120,1,rest,,2.1017,828505.0,raspberry_pi_seeed_gsr,"828505,2.1017"
2026-05-31T15:19:15.062,asdf,self_20260531_151909,clip_120,1,rest,,2.1001,828526.0,raspberry_pi_seeed_gsr,"828526,2.1001"
2026-05-31T15:19:15.083,asdf,self_20260531_151909,clip_120,1,rest,,2.0993,828547.0,raspberry_pi_seeed_gsr,"828547,2.0993"
2026-05-31T15:19:15.117,asdf,self_20260531_151909,clip_120,1,rest,,2.0993,828568.0,raspberry_pi_seeed_gsr,"828568,2.0993"
2026-05-31T15:19:15.125,asdf,self_20260531_151909,clip_120,1,rest,,2.1009,828589.0,raspberry_pi_seeed_gsr,"828589,2.1009"
2026-05-31T15:19:15.146,asdf,self_20260531_151909,clip_120,1,rest,,2.0985,828610.0,raspberry_pi_seeed_gsr,"828610,2.0985"
2026-05-31T15:19:15.167,asdf,self_20260531_151909,clip_120,1,rest,,2.1009,828631.0,raspberry_pi_seeed_gsr,"828631,2.1009"
2026-05-31T15:19:15.188,asdf,self_20260531_151909,clip_120,1,rest,,2.0969,828652.0,raspberry_pi_seeed_gsr,"828652,2.0969"
2026-05-31T15:19:15.209,asdf,self_20260531_151909,clip_120,1,rest,,2.0928,828673.0,raspberry_pi_seeed_gsr,"828673,2.0928"
2026-05-31T15:19:15.230,asdf,self_20260531_151909,clip_120,1,rest,,2.1025,828694.0,raspberry_pi_seeed_gsr,"828694,2.1025"
2026-05-31T15:19:15.251,asdf,self_20260531_151909,clip_120,1,rest,,2.0953,828715.0,raspberry_pi_seeed_gsr,"828715,2.0953"
2026-05-31T15:19:15.272,asdf,self_20260531_151909,clip_120,1,rest,,2.1009,828736.0,raspberry_pi_seeed_gsr,"828736,2.1009"
2026-05-31T15:19:15.293,asdf,self_20260531_151909,clip_120,1,rest,,2.1009,828757.0,raspberry_pi_seeed_gsr,"828757,2.1009"
2026-05-31T15:19:15.314,asdf,self_20260531_151909,clip_120,1,rest,,2.1001,828778.0,raspberry_pi_seeed_gsr,"828778,2.1001"
2026-05-31T15:19:15.335,asdf,self_20260531_151909,clip_120,1,rest,,2.0969,828799.0,raspberry_pi_seeed_gsr,"828799,2.0969"
2026-05-31T15:19:15.370,asdf,self_20260531_151909,clip_120,1,rest,,2.1001,828820.0,raspberry_pi_seeed_gsr,"828820,2.1001"
2026-05-31T15:19:15.376,asdf,self_20260531_151909,clip_120,1,rest,,2.0993,828841.0,raspberry_pi_seeed_gsr,"828841,2.0993"
2026-05-31T15:19:15.397,asdf,self_20260531_151909,clip_120,1,rest,,2.1001,828862.0,raspberry_pi_seeed_gsr,"828862,2.1001"
2026-05-31T15:19:15.418,asdf,self_20260531_151909,clip_120,1,rest,,2.0993,828883.0,raspberry_pi_seeed_gsr,"828883,2.0993"
2026-05-31T15:19:15.439,asdf,self_20260531_151909,clip_120,1,rest,,2.1033,828904.0,raspberry_pi_seeed_gsr,"828904,2.1033"
2026-05-31T15:19:15.461,asdf,self_20260531_151909,clip_120,1,rest,,2.1057,828925.0,raspberry_pi_seeed_gsr,"828925,2.1057"
2026-05-31T15:19:15.482,asdf,self_20260531_151909,clip_120,1,rest,,2.1017,828946.0,raspberry_pi_seeed_gsr,"828946,2.1017"
2026-05-31T15:19:15.503,asdf,self_20260531_151909,clip_120,1,rest,,2.1001,828967.0,raspberry_pi_seeed_gsr,"828967,2.1001"
2026-05-31T15:19:15.524,asdf,self_20260531_151909,clip_120,1,rest,,2.1001,828988.0,raspberry_pi_seeed_gsr,"828988,2.1001"
2026-05-31T15:19:15.545,asdf,self_20260531_151909,clip_120,1,rest,,2.1017,829009.0,raspberry_pi_seeed_gsr,"829009,2.1017"
2026-05-31T15:19:15.566,asdf,self_20260531_151909,clip_120,1,rest,,2.1001,829030.0,raspberry_pi_seeed_gsr,"829030,2.1001"
2026-05-31T15:19:15.587,asdf,self_20260531_151909,clip_120,1,rest,,2.1017,829051.0,raspberry_pi_seeed_gsr,"829051,2.1017"
2026-05-31T15:19:15.629,asdf,self_20260531_151909,clip_120,1,rest,,2.1009,829072.0,raspberry_pi_seeed_gsr,"829072,2.1009"
2026-05-31T15:19:15.630,asdf,self_20260531_151909,clip_120,1,rest,,2.0985,829093.0,raspberry_pi_seeed_gsr,"829093,2.0985"
2026-05-31T15:19:15.650,asdf,self_20260531_151909,clip_120,1,rest,,2.0993,829114.0,raspberry_pi_seeed_gsr,"829114,2.0993"
2026-05-31T15:19:15.671,asdf,self_20260531_151909,clip_120,1,rest,,2.1041,829135.0,raspberry_pi_seeed_gsr,"829135,2.1041"
2026-05-31T15:19:15.692,asdf,self_20260531_151909,clip_120,1,rest,,2.1025,829156.0,raspberry_pi_seeed_gsr,"829156,2.1025"
2026-05-31T15:19:15.713,asdf,self_20260531_151909,clip_120,1,rest,,2.0977,829177.0,raspberry_pi_seeed_gsr,"829177,2.0977"
2026-05-31T15:19:15.734,asdf,self_20260531_151909,clip_120,1,rest,,2.0993,829198.0,raspberry_pi_seeed_gsr,"829198,2.0993"
2026-05-31T15:19:15.754,asdf,self_20260531_151909,clip_120,1,rest,,2.0953,829219.0,raspberry_pi_seeed_gsr,"829219,2.0953"
2026-05-31T15:19:15.776,asdf,self_20260531_151909,clip_120,1,rest,,2.1065,829240.0,raspberry_pi_seeed_gsr,"829240,2.1065"
2026-05-31T15:19:15.797,asdf,self_20260531_151909,clip_120,1,rest,,2.1073,829261.0,raspberry_pi_seeed_gsr,"829261,2.1073"
2026-05-31T15:19:15.818,asdf,self_20260531_151909,clip_120,1,rest,,2.0993,829282.0,raspberry_pi_seeed_gsr,"829282,2.0993"
2026-05-31T15:19:15.838,asdf,self_20260531_151909,clip_120,1,rest,,2.1001,829303.0,raspberry_pi_seeed_gsr,"829303,2.1001"
2026-05-31T15:19:15.865,asdf,self_20260531_151909,clip_120,1,rest,,2.1001,829324.0,raspberry_pi_seeed_gsr,"829324,2.1001"
2026-05-31T15:19:15.880,asdf,self_20260531_151909,clip_120,1,rest,,2.1017,829345.0,raspberry_pi_seeed_gsr,"829345,2.1017"
2026-05-31T15:19:15.902,asdf,self_20260531_151909,clip_120,1,rest,,2.1033,829366.0,raspberry_pi_seeed_gsr,"829366,2.1033"
2026-05-31T15:19:15.922,asdf,self_20260531_151909,clip_120,1,rest,,2.0969,829387.0,raspberry_pi_seeed_gsr,"829387,2.0969"
2026-05-31T15:19:15.944,asdf,self_20260531_151909,clip_120,1,rest,,2.1025,829408.0,raspberry_pi_seeed_gsr,"829408,2.1025"
2026-05-31T15:19:15.965,asdf,self_20260531_151909,clip_120,1,rest,,2.0872,829429.0,raspberry_pi_seeed_gsr,"829429,2.0872"
2026-05-31T15:19:15.986,asdf,self_20260531_151909,clip_120,1,rest,,2.0937,829450.0,raspberry_pi_seeed_gsr,"829450,2.0937"
2026-05-31T15:19:16.007,asdf,self_20260531_151909,clip_120,1,rest,,2.1057,829471.0,raspberry_pi_seeed_gsr,"829471,2.1057"
2026-05-31T15:19:16.028,asdf,self_20260531_151909,clip_120,1,rest,,2.1114,829492.0,raspberry_pi_seeed_gsr,"829492,2.1114"
2026-05-31T15:19:16.049,asdf,self_20260531_151909,clip_120,1,rest,,2.0985,829513.0,raspberry_pi_seeed_gsr,"829513,2.0985"
2026-05-31T15:19:16.070,asdf,self_20260531_151909,clip_120,1,rest,,2.0912,829534.0,raspberry_pi_seeed_gsr,"829534,2.0912"
2026-05-31T15:19:16.091,asdf,self_20260531_151909,clip_120,1,rest,,2.1106,829555.0,raspberry_pi_seeed_gsr,"829555,2.1106"
2026-05-31T15:19:16.132,asdf,self_20260531_151909,clip_120,1,rest,,2.0953,829576.0,raspberry_pi_seeed_gsr,"829576,2.0953"
2026-05-31T15:19:16.133,asdf,self_20260531_151909,clip_120,1,rest,,2.0993,829597.0,raspberry_pi_seeed_gsr,"829597,2.0993"
2026-05-31T15:19:16.154,asdf,self_20260531_151909,clip_120,1,rest,,2.0888,829618.0,raspberry_pi_seeed_gsr,"829618,2.0888"
2026-05-31T15:19:16.174,asdf,self_20260531_151909,clip_120,1,rest,,2.0953,829639.0,raspberry_pi_seeed_gsr,"829639,2.0953"
2026-05-31T15:19:16.195,asdf,self_20260531_151909,clip_120,1,rest,,2.1009,829660.0,raspberry_pi_seeed_gsr,"829660,2.1009"
2026-05-31T15:19:16.222,asdf,self_20260531_151909,clip_120,1,rest,,2.0856,829686.0,raspberry_pi_seeed_gsr,"829686,2.0856"
2026-05-31T15:19:16.243,asdf,self_20260531_151909,clip_120,1,rest,,2.1001,829707.0,raspberry_pi_seeed_gsr,"829707,2.1001"
2026-05-31T15:19:16.264,asdf,self_20260531_151909,clip_120,1,rest,,2.1033,829728.0,raspberry_pi_seeed_gsr,"829728,2.1033"
2026-05-31T15:19:16.285,asdf,self_20260531_151909,clip_120,1,rest,,2.0969,829749.0,raspberry_pi_seeed_gsr,"829749,2.0969"
2026-05-31T15:19:16.305,asdf,self_20260531_151909,clip_120,1,rest,,2.1001,829770.0,raspberry_pi_seeed_gsr,"829770,2.1001"
2026-05-31T15:19:16.326,asdf,self_20260531_151909,clip_120,1,rest,,2.1001,829791.0,raspberry_pi_seeed_gsr,"829791,2.1001"
2026-05-31T15:19:16.347,asdf,self_20260531_151909,clip_120,1,rest,,2.0993,829812.0,raspberry_pi_seeed_gsr,"829812,2.0993"
2026-05-31T15:19:16.382,asdf,self_20260531_151909,clip_120,1,rest,,2.0937,829833.0,raspberry_pi_seeed_gsr,"829833,2.0937"
2026-05-31T15:19:16.390,asdf,self_20260531_151909,clip_120,1,rest,,2.1025,829854.0,raspberry_pi_seeed_gsr,"829854,2.1025"
2026-05-31T15:19:16.411,asdf,self_20260531_151909,clip_120,1,rest,,2.0928,829875.0,raspberry_pi_seeed_gsr,"829875,2.0928"
2026-05-31T15:19:16.432,asdf,self_20260531_151909,clip_120,1,rest,,2.0993,829896.0,raspberry_pi_seeed_gsr,"829896,2.0993"
2026-05-31T15:19:16.453,asdf,self_20260531_151909,clip_120,1,rest,,2.0896,829917.0,raspberry_pi_seeed_gsr,"829917,2.0896"
2026-05-31T15:19:16.474,asdf,self_20260531_151909,clip_120,1,rest,,2.1057,829938.0,raspberry_pi_seeed_gsr,"829938,2.1057"
2026-05-31T15:19:16.495,asdf,self_20260531_151909,clip_120,1,rest,,2.0977,829959.0,raspberry_pi_seeed_gsr,"829959,2.0977"
2026-05-31T15:19:16.516,asdf,self_20260531_151909,clip_120,1,rest,,2.0977,829980.0,raspberry_pi_seeed_gsr,"829980,2.0977"
2026-05-31T15:19:16.537,asdf,self_20260531_151909,clip_120,1,rest,,2.1009,830001.0,raspberry_pi_seeed_gsr,"830001,2.1009"
2026-05-31T15:19:16.558,asdf,self_20260531_151909,clip_120,1,rest,,2.0985,830022.0,raspberry_pi_seeed_gsr,"830022,2.0985"
2026-05-31T15:19:16.579,asdf,self_20260531_151909,clip_120,1,rest,,2.1041,830043.0,raspberry_pi_seeed_gsr,"830043,2.1041"
2026-05-31T15:19:16.600,asdf,self_20260531_151909,clip_120,1,rest,,2.0695,830064.0,raspberry_pi_seeed_gsr,"830064,2.0695"
2026-05-31T15:19:16.644,asdf,self_20260531_151909,clip_120,1,rest,,2.0985,830085.0,raspberry_pi_seeed_gsr,"830085,2.0985"
2026-05-31T15:19:16.645,asdf,self_20260531_151909,clip_120,1,rest,,2.0896,830106.0,raspberry_pi_seeed_gsr,"830106,2.0896"
2026-05-31T15:19:16.663,asdf,self_20260531_151909,clip_120,1,rest,,2.092,830127.0,raspberry_pi_seeed_gsr,"830127,2.0920"
2026-05-31T15:19:16.684,asdf,self_20260531_151909,clip_120,1,rest,,2.0961,830148.0,raspberry_pi_seeed_gsr,"830148,2.0961"
2026-05-31T15:19:16.705,asdf,self_20260531_151909,clip_120,1,rest,,2.0912,830169.0,raspberry_pi_seeed_gsr,"830169,2.0912"
2026-05-31T15:19:16.726,asdf,self_20260531_151909,clip_120,1,rest,,2.1017,830190.0,raspberry_pi_seeed_gsr,"830190,2.1017"
2026-05-31T15:19:16.747,asdf,self_20260531_151909,clip_120,1,rest,,2.0993,830211.0,raspberry_pi_seeed_gsr,"830211,2.0993"
2026-05-31T15:19:16.768,asdf,self_20260531_151909,clip_120,1,rest,,2.0977,830232.0,raspberry_pi_seeed_gsr,"830232,2.0977"
2026-05-31T15:19:16.789,asdf,self_20260531_151909,clip_120,1,rest,,2.1001,830253.0,raspberry_pi_seeed_gsr,"830253,2.1001"
2026-05-31T15:19:16.810,asdf,self_20260531_151909,clip_120,1,rest,,2.0961,830274.0,raspberry_pi_seeed_gsr,"830274,2.0961"
2026-05-31T15:19:16.831,asdf,self_20260531_151909,clip_120,1,rest,,2.1041,830295.0,raspberry_pi_seeed_gsr,"830295,2.1041"
2026-05-31T15:19:16.852,asdf,self_20260531_151909,clip_120,1,rest,,2.1041,830316.0,raspberry_pi_seeed_gsr,"830316,2.1041"
2026-05-31T15:19:16.885,asdf,self_20260531_151909,clip_120,1,rest,,2.1057,830337.0,raspberry_pi_seeed_gsr,"830337,2.1057"
2026-05-31T15:19:16.894,asdf,self_20260531_151909,clip_120,1,rest,,2.0993,830358.0,raspberry_pi_seeed_gsr,"830358,2.0993"
2026-05-31T15:19:16.915,asdf,self_20260531_151909,clip_120,1,rest,,2.0993,830379.0,raspberry_pi_seeed_gsr,"830379,2.0993"
2026-05-31T15:19:16.936,asdf,self_20260531_151909,clip_120,1,rest,,2.1025,830400.0,raspberry_pi_seeed_gsr,"830400,2.1025"
2026-05-31T15:19:16.957,asdf,self_20260531_151909,clip_120,1,rest,,2.1017,830421.0,raspberry_pi_seeed_gsr,"830421,2.1017"
2026-05-31T15:19:16.978,asdf,self_20260531_151909,clip_120,1,rest,,2.0977,830442.0,raspberry_pi_seeed_gsr,"830442,2.0977"
2026-05-31T15:19:16.999,asdf,self_20260531_151909,clip_120,1,rest,,2.0985,830463.0,raspberry_pi_seeed_gsr,"830463,2.0985"
2026-05-31T15:19:17.020,asdf,self_20260531_151909,clip_120,1,rest,,2.0961,830484.0,raspberry_pi_seeed_gsr,"830484,2.0961"
2026-05-31T15:19:17.041,asdf,self_20260531_151909,clip_120,1,rest,,2.1033,830505.0,raspberry_pi_seeed_gsr,"830505,2.1033"
2026-05-31T15:19:17.062,asdf,self_20260531_151909,clip_120,1,rest,,2.1122,830526.0,raspberry_pi_seeed_gsr,"830526,2.1122"
2026-05-31T15:19:17.083,asdf,self_20260531_151909,clip_120,1,rest,,2.0993,830547.0,raspberry_pi_seeed_gsr,"830547,2.0993"
2026-05-31T15:19:17.104,asdf,self_20260531_151909,clip_120,1,rest,,2.0953,830568.0,raspberry_pi_seeed_gsr,"830568,2.0953"
2026-05-31T15:19:17.150,asdf,self_20260531_151909,clip_120,1,rest,,2.1001,830589.0,raspberry_pi_seeed_gsr,"830589,2.1001"
2026-05-31T15:19:17.150,asdf,self_20260531_151909,clip_120,1,rest,,2.1009,830610.0,raspberry_pi_seeed_gsr,"830610,2.1009"
2026-05-31T15:19:17.167,asdf,self_20260531_151909,clip_120,1,rest,,2.0928,830631.0,raspberry_pi_seeed_gsr,"830631,2.0928"
2026-05-31T15:19:17.188,asdf,self_20260531_151909,clip_120,1,rest,,2.1098,830652.0,raspberry_pi_seeed_gsr,"830652,2.1098"
2026-05-31T15:19:17.209,asdf,self_20260531_151909,clip_120,1,rest,,2.0993,830673.0,raspberry_pi_seeed_gsr,"830673,2.0993"
2026-05-31T15:19:17.230,asdf,self_20260531_151909,clip_120,1,rest,,2.0993,830694.0,raspberry_pi_seeed_gsr,"830694,2.0993"
2026-05-31T15:19:17.251,asdf,self_20260531_151909,clip_120,1,rest,,2.1009,830715.0,raspberry_pi_seeed_gsr,"830715,2.1009"
2026-05-31T15:19:17.272,asdf,self_20260531_151909,clip_120,1,rest,,2.1082,830736.0,raspberry_pi_seeed_gsr,"830736,2.1082"
2026-05-31T15:19:17.293,asdf,self_20260531_151909,clip_120,1,rest,,2.1033,830757.0,raspberry_pi_seeed_gsr,"830757,2.1033"
2026-05-31T15:19:17.314,asdf,self_20260531_151909,clip_120,1,rest,,2.0969,830778.0,raspberry_pi_seeed_gsr,"830778,2.0969"
2026-05-31T15:19:17.335,asdf,self_20260531_151909,clip_120,1,rest,,2.0985,830799.0,raspberry_pi_seeed_gsr,"830799,2.0985"
2026-05-31T15:19:17.357,asdf,self_20260531_151909,clip_120,1,rest,,2.0912,830820.0,raspberry_pi_seeed_gsr,"830820,2.0912"
2026-05-31T15:19:17.400,asdf,self_20260531_151909,clip_120,1,rest,,2.109,830841.0,raspberry_pi_seeed_gsr,"830841,2.1090"
2026-05-31T15:19:17.401,asdf,self_20260531_151909,clip_120,1,rest,,2.1001,830862.0,raspberry_pi_seeed_gsr,"830862,2.1001"
2026-05-31T15:19:17.419,asdf,self_20260531_151909,clip_120,1,rest,,2.0993,830883.0,raspberry_pi_seeed_gsr,"830883,2.0993"
2026-05-31T15:19:17.440,asdf,self_20260531_151909,clip_120,1,rest,,2.0953,830904.0,raspberry_pi_seeed_gsr,"830904,2.0953"
2026-05-31T15:19:17.461,asdf,self_20260531_151909,clip_120,1,rest,,2.0767,830925.0,raspberry_pi_seeed_gsr,"830925,2.0767"
2026-05-31T15:19:17.482,asdf,self_20260531_151909,clip_120,1,rest,,2.1025,830946.0,raspberry_pi_seeed_gsr,"830946,2.1025"
2026-05-31T15:19:17.503,asdf,self_20260531_151909,clip_120,1,rest,,2.0993,830967.0,raspberry_pi_seeed_gsr,"830967,2.0993"
2026-05-31T15:19:17.524,asdf,self_20260531_151909,clip_120,1,rest,,2.1009,830988.0,raspberry_pi_seeed_gsr,"830988,2.1009"
2026-05-31T15:19:17.545,asdf,self_20260531_151909,clip_120,1,rest,,2.1017,831009.0,raspberry_pi_seeed_gsr,"831009,2.1017"
2026-05-31T15:19:17.566,asdf,self_20260531_151909,clip_120,1,rest,,2.1017,831030.0,raspberry_pi_seeed_gsr,"831030,2.1017"
2026-05-31T15:19:17.587,asdf,self_20260531_151909,clip_120,1,rest,,2.1009,831051.0,raspberry_pi_seeed_gsr,"831051,2.1009"
2026-05-31T15:19:17.608,asdf,self_20260531_151909,clip_120,1,rest,,2.0953,831072.0,raspberry_pi_seeed_gsr,"831072,2.0953"
2026-05-31T15:19:17.651,asdf,self_20260531_151909,clip_120,1,rest,,2.1033,831093.0,raspberry_pi_seeed_gsr,"831093,2.1033"
2026-05-31T15:19:17.651,asdf,self_20260531_151909,clip_120,1,rest,,2.0993,831114.0,raspberry_pi_seeed_gsr,"831114,2.0993"
2026-05-31T15:19:17.671,asdf,self_20260531_151909,clip_120,1,rest,,2.0993,831135.0,raspberry_pi_seeed_gsr,"831135,2.0993"
2026-05-31T15:19:17.692,asdf,self_20260531_151909,clip_120,1,rest,,2.1001,831156.0,raspberry_pi_seeed_gsr,"831156,2.1001"
2026-05-31T15:19:17.713,asdf,self_20260531_151909,clip_120,1,rest,,2.1017,831177.0,raspberry_pi_seeed_gsr,"831177,2.1017"
2026-05-31T15:19:17.734,asdf,self_20260531_151909,clip_120,1,rest,,2.0993,831198.0,raspberry_pi_seeed_gsr,"831198,2.0993"
2026-05-31T15:19:17.755,asdf,self_20260531_151909,clip_120,1,rest,,2.0937,831219.0,raspberry_pi_seeed_gsr,"831219,2.0937"
2026-05-31T15:19:17.776,asdf,self_20260531_151909,clip_120,1,rest,,2.1033,831240.0,raspberry_pi_seeed_gsr,"831240,2.1033"
2026-05-31T15:19:17.797,asdf,self_20260531_151909,clip_120,1,rest,,2.0961,831261.0,raspberry_pi_seeed_gsr,"831261,2.0961"
2026-05-31T15:19:17.818,asdf,self_20260531_151909,clip_120,1,rest,,2.1001,831282.0,raspberry_pi_seeed_gsr,"831282,2.1001"
2026-05-31T15:19:17.838,asdf,self_20260531_151909,clip_120,1,rest,,2.0993,831303.0,raspberry_pi_seeed_gsr,"831303,2.0993"
2026-05-31T15:19:17.859,asdf,self_20260531_151909,clip_120,1,rest,,2.1001,831324.0,raspberry_pi_seeed_gsr,"831324,2.1001"
2026-05-31T15:19:17.881,asdf,self_20260531_151909,clip_120,1,rest,,2.0993,831345.0,raspberry_pi_seeed_gsr,"831345,2.0993"
2026-05-31T15:19:17.937,asdf,self_20260531_151909,clip_120,1,rest,,2.1049,831366.0,raspberry_pi_seeed_gsr,"831366,2.1049"
2026-05-31T15:19:17.938,asdf,self_20260531_151909,clip_120,1,rest,,2.1001,831387.0,raspberry_pi_seeed_gsr,"831387,2.1001"
2026-05-31T15:19:17.944,asdf,self_20260531_151909,clip_120,1,rest,,2.1009,831408.0,raspberry_pi_seeed_gsr,"831408,2.1009"
2026-05-31T15:19:17.965,asdf,self_20260531_151909,clip_120,1,rest,,2.0993,831429.0,raspberry_pi_seeed_gsr,"831429,2.0993"
2026-05-31T15:19:17.986,asdf,self_20260531_151909,clip_120,1,rest,,2.0953,831450.0,raspberry_pi_seeed_gsr,"831450,2.0953"
2026-05-31T15:19:18.007,asdf,self_20260531_151909,clip_120,1,rest,,2.1227,831471.0,raspberry_pi_seeed_gsr,"831471,2.1227"
2026-05-31T15:19:18.028,asdf,self_20260531_151909,clip_120,1,rest,,2.092,831492.0,raspberry_pi_seeed_gsr,"831492,2.0920"
2026-05-31T15:19:18.049,asdf,self_20260531_151909,clip_120,1,rest,,2.1025,831513.0,raspberry_pi_seeed_gsr,"831513,2.1025"
2026-05-31T15:19:18.070,asdf,self_20260531_151909,clip_120,1,rest,,2.0977,831534.0,raspberry_pi_seeed_gsr,"831534,2.0977"
2026-05-31T15:19:18.091,asdf,self_20260531_151909,clip_120,1,rest,,2.1017,831555.0,raspberry_pi_seeed_gsr,"831555,2.1017"
2026-05-31T15:19:18.112,asdf,self_20260531_151909,clip_120,1,rest,,2.1017,831576.0,raspberry_pi_seeed_gsr,"831576,2.1017"
2026-05-31T15:19:18.133,asdf,self_20260531_151909,clip_120,1,rest,,2.1001,831597.0,raspberry_pi_seeed_gsr,"831597,2.1001"
2026-05-31T15:19:18.157,asdf,self_20260531_151909,clip_120,1,rest,,2.1001,831618.0,raspberry_pi_seeed_gsr,"831618,2.1001"
2026-05-31T15:19:18.174,asdf,self_20260531_151909,clip_120,1,rest,,2.113,831639.0,raspberry_pi_seeed_gsr,"831639,2.1130"
2026-05-31T15:19:18.196,asdf,self_20260531_151909,clip_120,1,rest,,2.1025,831660.0,raspberry_pi_seeed_gsr,"831660,2.1025"
2026-05-31T15:19:18.217,asdf,self_20260531_151909,clip_120,1,rest,,2.1025,831681.0,raspberry_pi_seeed_gsr,"831681,2.1025"
2026-05-31T15:19:18.238,asdf,self_20260531_151909,clip_120,1,rest,,2.0977,831702.0,raspberry_pi_seeed_gsr,"831702,2.0977"
2026-05-31T15:19:18.259,asdf,self_20260531_151909,clip_120,1,rest,,2.1001,831723.0,raspberry_pi_seeed_gsr,"831723,2.1001"
2026-05-31T15:19:18.280,asdf,self_20260531_151909,clip_120,1,rest,,2.0993,831744.0,raspberry_pi_seeed_gsr,"831744,2.0993"
2026-05-31T15:19:18.301,asdf,self_20260531_151909,clip_120,1,rest,,2.0848,831765.0,raspberry_pi_seeed_gsr,"831765,2.0848"
2026-05-31T15:19:18.322,asdf,self_20260531_151909,clip_120,1,rest,,2.0985,831786.0,raspberry_pi_seeed_gsr,"831786,2.0985"
2026-05-31T15:19:18.343,asdf,self_20260531_151909,clip_120,1,rest,,2.1001,831807.0,raspberry_pi_seeed_gsr,"831807,2.1001"
2026-05-31T15:19:18.364,asdf,self_20260531_151909,clip_120,1,rest,,2.0993,831828.0,raspberry_pi_seeed_gsr,"831828,2.0993"
2026-05-31T15:19:18.385,asdf,self_20260531_151909,clip_120,1,rest,,2.1041,831849.0,raspberry_pi_seeed_gsr,"831849,2.1041"
2026-05-31T15:19:18.418,asdf,self_20260531_151909,clip_120,1,rest,,2.1001,831870.0,raspberry_pi_seeed_gsr,"831870,2.1001"
2026-05-31T15:19:18.427,asdf,self_20260531_151909,clip_120,1,rest,,2.0993,831891.0,raspberry_pi_seeed_gsr,"831891,2.0993"
2026-05-31T15:19:18.448,asdf,self_20260531_151909,clip_120,1,rest,,2.0961,831912.0,raspberry_pi_seeed_gsr,"831912,2.0961"
2026-05-31T15:19:18.469,asdf,self_20260531_151909,clip_120,1,rest,,2.0961,831933.0,raspberry_pi_seeed_gsr,"831933,2.0961"
2026-05-31T15:19:18.490,asdf,self_20260531_151909,clip_120,1,rest,,2.0606,831954.0,raspberry_pi_seeed_gsr,"831954,2.0606"
2026-05-31T15:19:18.511,asdf,self_20260531_151909,clip_120,1,rest,,2.1001,831975.0,raspberry_pi_seeed_gsr,"831975,2.1001"
2026-05-31T15:19:18.532,asdf,self_20260531_151909,clip_120,1,rest,,2.1017,831996.0,raspberry_pi_seeed_gsr,"831996,2.1017"
2026-05-31T15:19:18.553,asdf,self_20260531_151909,clip_120,1,rest,,2.0977,832017.0,raspberry_pi_seeed_gsr,"832017,2.0977"
2026-05-31T15:19:18.574,asdf,self_20260531_151909,clip_120,1,rest,,2.0993,832038.0,raspberry_pi_seeed_gsr,"832038,2.0993"
2026-05-31T15:19:18.595,asdf,self_20260531_151909,clip_120,1,rest,,2.0977,832059.0,raspberry_pi_seeed_gsr,"832059,2.0977"
2026-05-31T15:19:18.616,asdf,self_20260531_151909,clip_120,1,rest,,2.0767,832080.0,raspberry_pi_seeed_gsr,"832080,2.0767"
2026-05-31T15:19:18.637,asdf,self_20260531_151909,clip_120,1,rest,,2.1057,832101.0,raspberry_pi_seeed_gsr,"832101,2.1057"
2026-05-31T15:19:18.666,asdf,self_20260531_151909,clip_120,1,rest,,2.0977,832122.0,raspberry_pi_seeed_gsr,"832122,2.0977"
2026-05-31T15:19:18.679,asdf,self_20260531_151909,clip_120,1,rest,,2.0993,832143.0,raspberry_pi_seeed_gsr,"832143,2.0993"
2026-05-31T15:19:18.700,asdf,self_20260531_151909,clip_120,1,rest,,2.1017,832164.0,raspberry_pi_seeed_gsr,"832164,2.1017"
2026-05-31T15:19:18.721,asdf,self_20260531_151909,clip_120,1,rest,,2.1025,832185.0,raspberry_pi_seeed_gsr,"832185,2.1025"
2026-05-31T15:19:18.742,asdf,self_20260531_151909,clip_120,1,rest,,2.1001,832206.0,raspberry_pi_seeed_gsr,"832206,2.1001"
2026-05-31T15:19:18.763,asdf,self_20260531_151909,clip_120,1,rest,,2.1017,832227.0,raspberry_pi_seeed_gsr,"832227,2.1017"
2026-05-31T15:19:18.784,asdf,self_20260531_151909,clip_120,1,rest,,2.0985,832248.0,raspberry_pi_seeed_gsr,"832248,2.0985"
2026-05-31T15:19:18.805,asdf,self_20260531_151909,clip_120,1,rest,,2.0953,832269.0,raspberry_pi_seeed_gsr,"832269,2.0953"
2026-05-31T15:19:18.826,asdf,self_20260531_151909,clip_120,1,rest,,2.1017,832290.0,raspberry_pi_seeed_gsr,"832290,2.1017"
2026-05-31T15:19:18.847,asdf,self_20260531_151909,clip_120,1,rest,,2.0993,832311.0,raspberry_pi_seeed_gsr,"832311,2.0993"
2026-05-31T15:19:18.868,asdf,self_20260531_151909,clip_120,1,rest,,2.1017,832332.0,raspberry_pi_seeed_gsr,"832332,2.1017"
2026-05-31T15:19:18.889,asdf,self_20260531_151909,clip_120,1,rest,,2.0993,832353.0,raspberry_pi_seeed_gsr,"832353,2.0993"
2026-05-31T15:19:18.924,asdf,self_20260531_151909,clip_120,1,rest,,2.1025,832374.0,raspberry_pi_seeed_gsr,"832374,2.1025"
2026-05-31T15:19:18.931,asdf,self_20260531_151909,clip_120,1,rest,,2.0961,832395.0,raspberry_pi_seeed_gsr,"832395,2.0961"
2026-05-31T15:19:18.952,asdf,self_20260531_151909,clip_120,1,rest,,2.0937,832416.0,raspberry_pi_seeed_gsr,"832416,2.0937"
2026-05-31T15:19:18.973,asdf,self_20260531_151909,clip_120,1,rest,,2.0985,832437.0,raspberry_pi_seeed_gsr,"832437,2.0985"
2026-05-31T15:19:18.994,asdf,self_20260531_151909,clip_120,1,rest,,2.1049,832458.0,raspberry_pi_seeed_gsr,"832458,2.1049"
2026-05-31T15:19:19.015,asdf,self_20260531_151909,clip_120,1,rest,,2.0953,832479.0,raspberry_pi_seeed_gsr,"832479,2.0953"
2026-05-31T15:19:19.036,asdf,self_20260531_151909,clip_120,1,rest,,2.1017,832500.0,raspberry_pi_seeed_gsr,"832500,2.1017"
2026-05-31T15:19:19.057,asdf,self_20260531_151909,clip_120,1,rest,,2.0953,832521.0,raspberry_pi_seeed_gsr,"832521,2.0953"
2026-05-31T15:19:19.078,asdf,self_20260531_151909,clip_120,1,rest,,2.1033,832542.0,raspberry_pi_seeed_gsr,"832542,2.1033"
2026-05-31T15:19:19.099,asdf,self_20260531_151909,clip_120,1,rest,,2.0993,832563.0,raspberry_pi_seeed_gsr,"832563,2.0993"
2026-05-31T15:19:19.120,asdf,self_20260531_151909,clip_120,1,rest,,2.0896,832584.0,raspberry_pi_seeed_gsr,"832584,2.0896"
2026-05-31T15:19:19.141,asdf,self_20260531_151909,clip_120,1,rest,,2.1017,832605.0,raspberry_pi_seeed_gsr,"832605,2.1017"
2026-05-31T15:19:19.173,asdf,self_20260531_151909,clip_120,1,rest,,2.1017,832626.0,raspberry_pi_seeed_gsr,"832626,2.1017"
2026-05-31T15:19:19.183,asdf,self_20260531_151909,clip_120,1,rest,,2.1001,832647.0,raspberry_pi_seeed_gsr,"832647,2.1001"
2026-05-31T15:19:19.204,asdf,self_20260531_151909,clip_120,1,rest,,2.0985,832668.0,raspberry_pi_seeed_gsr,"832668,2.0985"
2026-05-31T15:19:19.225,asdf,self_20260531_151909,clip_120,1,rest,,2.0848,832689.0,raspberry_pi_seeed_gsr,"832689,2.0848"
2026-05-31T15:19:19.246,asdf,self_20260531_151909,clip_120,1,rest,,2.0993,832710.0,raspberry_pi_seeed_gsr,"832710,2.0993"
2026-05-31T15:19:19.268,asdf,self_20260531_151909,clip_120,1,rest,,2.1017,832731.0,raspberry_pi_seeed_gsr,"832731,2.1017"
2026-05-31T15:19:19.288,asdf,self_20260531_151909,clip_120,1,rest,,2.0993,832752.0,raspberry_pi_seeed_gsr,"832752,2.0993"
2026-05-31T15:19:19.309,asdf,self_20260531_151909,clip_120,1,rest,,2.0993,832773.0,raspberry_pi_seeed_gsr,"832773,2.0993"
2026-05-31T15:19:19.330,asdf,self_20260531_151909,clip_120,1,rest,,2.1033,832794.0,raspberry_pi_seeed_gsr,"832794,2.1033"
2026-05-31T15:19:19.351,asdf,self_20260531_151909,clip_120,1,rest,,2.0993,832815.0,raspberry_pi_seeed_gsr,"832815,2.0993"
2026-05-31T15:19:19.372,asdf,self_20260531_151909,clip_120,1,rest,,2.1049,832836.0,raspberry_pi_seeed_gsr,"832836,2.1049"
2026-05-31T15:19:19.393,asdf,self_20260531_151909,clip_120,1,rest,,2.1218,832857.0,raspberry_pi_seeed_gsr,"832857,2.1218"
2026-05-31T15:19:19.426,asdf,self_20260531_151909,clip_120,1,rest,,2.1009,832878.0,raspberry_pi_seeed_gsr,"832878,2.1009"
2026-05-31T15:19:19.435,asdf,self_20260531_151909,clip_120,1,rest,,2.0993,832899.0,raspberry_pi_seeed_gsr,"832899,2.0993"
2026-05-31T15:19:19.456,asdf,self_20260531_151909,clip_120,1,rest,,2.1082,832920.0,raspberry_pi_seeed_gsr,"832920,2.1082"
2026-05-31T15:19:19.477,asdf,self_20260531_151909,clip_120,1,rest,,2.1041,832941.0,raspberry_pi_seeed_gsr,"832941,2.1041"
2026-05-31T15:19:19.498,asdf,self_20260531_151909,clip_120,1,rest,,2.0953,832962.0,raspberry_pi_seeed_gsr,"832962,2.0953"
2026-05-31T15:19:19.519,asdf,self_20260531_151909,clip_120,1,rest,,2.1017,832983.0,raspberry_pi_seeed_gsr,"832983,2.1017"
2026-05-31T15:19:19.540,asdf,self_20260531_151909,clip_120,1,rest,,2.1025,833004.0,raspberry_pi_seeed_gsr,"833004,2.1025"
2026-05-31T15:19:19.561,asdf,self_20260531_151909,clip_120,1,rest,,2.1001,833025.0,raspberry_pi_seeed_gsr,"833025,2.1001"
2026-05-31T15:19:19.582,asdf,self_20260531_151909,clip_120,1,rest,,2.0993,833046.0,raspberry_pi_seeed_gsr,"833046,2.0993"
2026-05-31T15:19:19.603,asdf,self_20260531_151909,clip_120,1,rest,,2.1017,833067.0,raspberry_pi_seeed_gsr,"833067,2.1017"
2026-05-31T15:19:19.624,asdf,self_20260531_151909,clip_120,1,rest,,2.1025,833088.0,raspberry_pi_seeed_gsr,"833088,2.1025"
2026-05-31T15:19:19.645,asdf,self_20260531_151909,clip_120,1,rest,,2.0969,833109.0,raspberry_pi_seeed_gsr,"833109,2.0969"
2026-05-31T15:19:19.682,asdf,self_20260531_151909,clip_120,1,rest,,2.0993,833130.0,raspberry_pi_seeed_gsr,"833130,2.0993"
2026-05-31T15:19:19.687,asdf,self_20260531_151909,clip_120,1,rest,,2.0904,833151.0,raspberry_pi_seeed_gsr,"833151,2.0904"
2026-05-31T15:19:19.708,asdf,self_20260531_151909,clip_120,1,rest,,2.0977,833172.0,raspberry_pi_seeed_gsr,"833172,2.0977"
2026-05-31T15:19:19.729,asdf,self_20260531_151909,clip_120,1,rest,,2.0993,833193.0,raspberry_pi_seeed_gsr,"833193,2.0993"
2026-05-31T15:19:19.750,asdf,self_20260531_151909,clip_120,1,rest,,2.1033,833214.0,raspberry_pi_seeed_gsr,"833214,2.1033"
2026-05-31T15:19:19.771,asdf,self_20260531_151909,clip_120,1,rest,,2.1001,833235.0,raspberry_pi_seeed_gsr,"833235,2.1001"
2026-05-31T15:19:19.792,asdf,self_20260531_151909,clip_120,1,rest,,2.1017,833256.0,raspberry_pi_seeed_gsr,"833256,2.1017"
2026-05-31T15:19:19.813,asdf,self_20260531_151909,clip_120,1,rest,,2.0928,833277.0,raspberry_pi_seeed_gsr,"833277,2.0928"
2026-05-31T15:19:19.834,asdf,self_20260531_151909,clip_120,1,rest,,2.0969,833298.0,raspberry_pi_seeed_gsr,"833298,2.0969"
2026-05-31T15:19:19.855,asdf,self_20260531_151909,clip_120,1,rest,,2.0928,833319.0,raspberry_pi_seeed_gsr,"833319,2.0928"
2026-05-31T15:19:19.876,asdf,self_20260531_151909,clip_120,1,rest,,2.0985,833340.0,raspberry_pi_seeed_gsr,"833340,2.0985"
2026-05-31T15:19:19.897,asdf,self_20260531_151909,clip_120,1,rest,,2.0985,833361.0,raspberry_pi_seeed_gsr,"833361,2.0985"
2026-05-31T15:19:19.937,asdf,self_20260531_151909,clip_120,1,rest,,2.1025,833382.0,raspberry_pi_seeed_gsr,"833382,2.1025"
2026-05-31T15:19:19.939,asdf,self_20260531_151909,clip_120,1,rest,,2.0993,833403.0,raspberry_pi_seeed_gsr,"833403,2.0993"
2026-05-31T15:19:19.960,asdf,self_20260531_151909,clip_120,1,rest,,2.0969,833424.0,raspberry_pi_seeed_gsr,"833424,2.0969"
2026-05-31T15:19:19.981,asdf,self_20260531_151909,clip_120,1,rest,,2.1098,833445.0,raspberry_pi_seeed_gsr,"833445,2.1098"
2026-05-31T15:19:20.002,asdf,self_20260531_151909,clip_120,1,rest,,2.0977,833466.0,raspberry_pi_seeed_gsr,"833466,2.0977"
2026-05-31T15:19:20.023,asdf,self_20260531_151909,clip_120,1,rest,,2.0993,833487.0,raspberry_pi_seeed_gsr,"833487,2.0993"
2026-05-31T15:19:20.044,asdf,self_20260531_151909,clip_120,1,rest,,2.0961,833508.0,raspberry_pi_seeed_gsr,"833508,2.0961"
2026-05-31T15:19:20.065,asdf,self_20260531_151909,clip_120,1,rest,,2.1114,833529.0,raspberry_pi_seeed_gsr,"833529,2.1114"
2026-05-31T15:19:20.086,asdf,self_20260531_151909,clip_120,1,rest,,2.1106,833550.0,raspberry_pi_seeed_gsr,"833550,2.1106"
2026-05-31T15:19:20.107,asdf,self_20260531_151909,clip_120,1,rest,,2.113,833571.0,raspberry_pi_seeed_gsr,"833571,2.1130"
2026-05-31T15:19:20.128,asdf,self_20260531_151909,clip_120,1,rest,,2.0993,833592.0,raspberry_pi_seeed_gsr,"833592,2.0993"
2026-05-31T15:19:20.149,asdf,self_20260531_151909,clip_120,1,rest,,2.0937,833613.0,raspberry_pi_seeed_gsr,"833613,2.0937"
2026-05-31T15:19:20.188,asdf,self_20260531_151909,clip_120,1,rest,,2.1017,833634.0,raspberry_pi_seeed_gsr,"833634,2.1017"
2026-05-31T15:19:20.191,asdf,self_20260531_151909,clip_120,1,rest,,2.0888,833655.0,raspberry_pi_seeed_gsr,"833655,2.0888"
2026-05-31T15:19:20.212,asdf,self_20260531_151909,clip_120,1,rest,,2.0791,833676.0,raspberry_pi_seeed_gsr,"833676,2.0791"
2026-05-31T15:19:20.233,asdf,self_20260531_151909,clip_120,1,rest,,2.1001,833697.0,raspberry_pi_seeed_gsr,"833697,2.1001"
2026-05-31T15:19:20.254,asdf,self_20260531_151909,clip_120,1,rest,,2.0985,833718.0,raspberry_pi_seeed_gsr,"833718,2.0985"
2026-05-31T15:19:20.275,asdf,self_20260531_151909,clip_120,1,rest,,2.0961,833739.0,raspberry_pi_seeed_gsr,"833739,2.0961"
2026-05-31T15:19:20.296,asdf,self_20260531_151909,clip_120,1,rest,,2.109,833760.0,raspberry_pi_seeed_gsr,"833760,2.1090"
2026-05-31T15:19:20.317,asdf,self_20260531_151909,clip_120,1,rest,,2.1146,833781.0,raspberry_pi_seeed_gsr,"833781,2.1146"
2026-05-31T15:19:20.338,asdf,self_20260531_151909,clip_120,1,rest,,2.0993,833802.0,raspberry_pi_seeed_gsr,"833802,2.0993"
2026-05-31T15:19:20.359,asdf,self_20260531_151909,clip_120,1,rest,,2.0977,833823.0,raspberry_pi_seeed_gsr,"833823,2.0977"
2026-05-31T15:19:20.380,asdf,self_20260531_151909,clip_120,1,rest,,2.1017,833844.0,raspberry_pi_seeed_gsr,"833844,2.1017"
2026-05-31T15:19:20.401,asdf,self_20260531_151909,clip_120,1,rest,,2.0953,833865.0,raspberry_pi_seeed_gsr,"833865,2.0953"
2026-05-31T15:19:20.441,asdf,self_20260531_151909,clip_120,1,rest,,2.08,833886.0,raspberry_pi_seeed_gsr,"833886,2.0800"
2026-05-31T15:19:20.443,asdf,self_20260531_151909,clip_120,1,rest,,2.0993,833907.0,raspberry_pi_seeed_gsr,"833907,2.0993"
2026-05-31T15:19:20.464,asdf,self_20260531_151909,clip_120,1,rest,,2.1033,833928.0,raspberry_pi_seeed_gsr,"833928,2.1033"
2026-05-31T15:19:20.485,asdf,self_20260531_151909,clip_120,1,rest,,2.1009,833949.0,raspberry_pi_seeed_gsr,"833949,2.1009"
2026-05-31T15:19:20.506,asdf,self_20260531_151909,clip_120,1,rest,,2.1025,833970.0,raspberry_pi_seeed_gsr,"833970,2.1025"
2026-05-31T15:19:20.527,asdf,self_20260531_151909,clip_120,1,rest,,2.1033,833991.0,raspberry_pi_seeed_gsr,"833991,2.1033"
2026-05-31T15:19:20.548,asdf,self_20260531_151909,clip_120,1,rest,,2.1033,834012.0,raspberry_pi_seeed_gsr,"834012,2.1033"
2026-05-31T15:19:20.569,asdf,self_20260531_151909,clip_120,1,rest,,2.0961,834033.0,raspberry_pi_seeed_gsr,"834033,2.0961"
2026-05-31T15:19:20.590,asdf,self_20260531_151909,clip_120,1,rest,,2.1001,834054.0,raspberry_pi_seeed_gsr,"834054,2.1001"
2026-05-31T15:19:20.611,asdf,self_20260531_151909,clip_120,1,rest,,2.1025,834075.0,raspberry_pi_seeed_gsr,"834075,2.1025"
2026-05-31T15:19:20.632,asdf,self_20260531_151909,clip_120,1,rest,,2.1017,834096.0,raspberry_pi_seeed_gsr,"834096,2.1017"
2026-05-31T15:19:20.653,asdf,self_20260531_151909,clip_120,1,rest,,2.0977,834117.0,raspberry_pi_seeed_gsr,"834117,2.0977"
2026-05-31T15:19:20.693,asdf,self_20260531_151909,clip_120,1,rest,,2.0977,834138.0,raspberry_pi_seeed_gsr,"834138,2.0977"
2026-05-31T15:19:20.695,asdf,self_20260531_151909,clip_120,1,rest,,2.0969,834159.0,raspberry_pi_seeed_gsr,"834159,2.0969"
2026-05-31T15:19:20.716,asdf,self_20260531_151909,clip_120,1,rest,,2.0969,834180.0,raspberry_pi_seeed_gsr,"834180,2.0969"
2026-05-31T15:19:20.737,asdf,self_20260531_151909,clip_120,1,rest,,2.0961,834201.0,raspberry_pi_seeed_gsr,"834201,2.0961"
2026-05-31T15:19:20.758,asdf,self_20260531_151909,clip_120,1,rest,,2.0961,834222.0,raspberry_pi_seeed_gsr,"834222,2.0961"
2026-05-31T15:19:20.779,asdf,self_20260531_151909,clip_120,1,rest,,2.1057,834243.0,raspberry_pi_seeed_gsr,"834243,2.1057"
2026-05-31T15:19:20.800,asdf,self_20260531_151909,clip_120,1,rest,,2.0977,834264.0,raspberry_pi_seeed_gsr,"834264,2.0977"
2026-05-31T15:19:20.821,asdf,self_20260531_151909,clip_120,1,rest,,2.1009,834285.0,raspberry_pi_seeed_gsr,"834285,2.1009"
2026-05-31T15:19:20.842,asdf,self_20260531_151909,clip_120,1,rest,,2.1049,834306.0,raspberry_pi_seeed_gsr,"834306,2.1049"
2026-05-31T15:19:20.863,asdf,self_20260531_151909,clip_120,1,rest,,2.1017,834327.0,raspberry_pi_seeed_gsr,"834327,2.1017"
2026-05-31T15:19:20.884,asdf,self_20260531_151909,clip_120,1,rest,,2.0928,834348.0,raspberry_pi_seeed_gsr,"834348,2.0928"
2026-05-31T15:19:20.905,asdf,self_20260531_151909,clip_120,1,rest,,2.0977,834369.0,raspberry_pi_seeed_gsr,"834369,2.0977"
2026-05-31T15:19:20.950,asdf,self_20260531_151909,clip_120,1,rest,,2.1001,834390.0,raspberry_pi_seeed_gsr,"834390,2.1001"
2026-05-31T15:19:20.950,asdf,self_20260531_151909,clip_120,1,rest,,2.0928,834411.0,raspberry_pi_seeed_gsr,"834411,2.0928"
2026-05-31T15:19:20.968,asdf,self_20260531_151909,clip_120,1,rest,,2.1049,834432.0,raspberry_pi_seeed_gsr,"834432,2.1049"
2026-05-31T15:19:20.989,asdf,self_20260531_151909,clip_120,1,rest,,2.1114,834453.0,raspberry_pi_seeed_gsr,"834453,2.1114"
2026-05-31T15:19:21.010,asdf,self_20260531_151909,clip_120,1,rest,,2.1025,834474.0,raspberry_pi_seeed_gsr,"834474,2.1025"
2026-05-31T15:19:21.031,asdf,self_20260531_151909,clip_120,1,rest,,2.0775,834495.0,raspberry_pi_seeed_gsr,"834495,2.0775"
2026-05-31T15:19:21.052,asdf,self_20260531_151909,clip_120,1,rest,,2.0896,834516.0,raspberry_pi_seeed_gsr,"834516,2.0896"
2026-05-31T15:19:21.073,asdf,self_20260531_151909,clip_120,1,rest,,2.1001,834537.0,raspberry_pi_seeed_gsr,"834537,2.1001"
2026-05-31T15:19:21.094,asdf,self_20260531_151909,clip_120,1,rest,,2.1009,834558.0,raspberry_pi_seeed_gsr,"834558,2.1009"
2026-05-31T15:19:21.115,asdf,self_20260531_151909,clip_120,1,rest,,2.0985,834579.0,raspberry_pi_seeed_gsr,"834579,2.0985"
2026-05-31T15:19:21.136,asdf,self_20260531_151909,clip_120,1,rest,,2.1082,834600.0,raspberry_pi_seeed_gsr,"834600,2.1082"
2026-05-31T15:19:21.157,asdf,self_20260531_151909,clip_120,1,rest,,2.0985,834621.0,raspberry_pi_seeed_gsr,"834621,2.0985"
2026-05-31T15:19:21.196,asdf,self_20260531_151909,clip_120,1,rest,,2.0937,834642.0,raspberry_pi_seeed_gsr,"834642,2.0937"
2026-05-31T15:19:21.199,asdf,self_20260531_151909,clip_120,1,rest,,2.1017,834663.0,raspberry_pi_seeed_gsr,"834663,2.1017"
2026-05-31T15:19:21.220,asdf,self_20260531_151909,clip_120,1,rest,,2.0953,834684.0,raspberry_pi_seeed_gsr,"834684,2.0953"
2026-05-31T15:19:21.241,asdf,self_20260531_151909,clip_120,1,rest,,2.0993,834705.0,raspberry_pi_seeed_gsr,"834705,2.0993"
2026-05-31T15:19:21.262,asdf,self_20260531_151909,clip_120,1,rest,,2.0993,834726.0,raspberry_pi_seeed_gsr,"834726,2.0993"
2026-05-31T15:19:21.283,asdf,self_20260531_151909,clip_120,1,rest,,2.109,834747.0,raspberry_pi_seeed_gsr,"834747,2.1090"
2026-05-31T15:19:21.304,asdf,self_20260531_151909,clip_120,1,rest,,2.0888,834768.0,raspberry_pi_seeed_gsr,"834768,2.0888"
2026-05-31T15:19:21.325,asdf,self_20260531_151909,clip_120,1,rest,,2.1098,834789.0,raspberry_pi_seeed_gsr,"834789,2.1098"
2026-05-31T15:19:21.346,asdf,self_20260531_151909,clip_120,1,rest,,2.1001,834810.0,raspberry_pi_seeed_gsr,"834810,2.1001"
2026-05-31T15:19:21.367,asdf,self_20260531_151909,clip_120,1,rest,,2.1017,834831.0,raspberry_pi_seeed_gsr,"834831,2.1017"
2026-05-31T15:19:21.388,asdf,self_20260531_151909,clip_120,1,rest,,2.1009,834852.0,raspberry_pi_seeed_gsr,"834852,2.1009"
2026-05-31T15:19:21.409,asdf,self_20260531_151909,clip_120,1,rest,,2.0985,834873.0,raspberry_pi_seeed_gsr,"834873,2.0985"
2026-05-31T15:19:21.440,asdf,self_20260531_151909,clip_120,1,rest,,2.1025,834894.0,raspberry_pi_seeed_gsr,"834894,2.1025"
2026-05-31T15:19:21.451,asdf,self_20260531_151909,clip_120,1,rest,,2.0993,834915.0,raspberry_pi_seeed_gsr,"834915,2.0993"
2026-05-31T15:19:21.472,asdf,self_20260531_151909,clip_120,1,rest,,2.1025,834936.0,raspberry_pi_seeed_gsr,"834936,2.1025"
2026-05-31T15:19:21.493,asdf,self_20260531_151909,clip_120,1,rest,,2.1065,834957.0,raspberry_pi_seeed_gsr,"834957,2.1065"
2026-05-31T15:19:21.514,asdf,self_20260531_151909,clip_120,1,rest,,2.1001,834978.0,raspberry_pi_seeed_gsr,"834978,2.1001"
2026-05-31T15:19:21.535,asdf,self_20260531_151909,clip_120,1,rest,,2.0993,834999.0,raspberry_pi_seeed_gsr,"834999,2.0993"
2026-05-31T15:19:21.556,asdf,self_20260531_151909,clip_120,1,rest,,2.1001,835020.0,raspberry_pi_seeed_gsr,"835020,2.1001"
2026-05-31T15:19:21.577,asdf,self_20260531_151909,clip_120,1,rest,,2.1017,835041.0,raspberry_pi_seeed_gsr,"835041,2.1017"
2026-05-31T15:19:21.598,asdf,self_20260531_151909,clip_120,1,rest,,2.0953,835062.0,raspberry_pi_seeed_gsr,"835062,2.0953"
2026-05-31T15:19:21.619,asdf,self_20260531_151909,clip_120,1,rest,,2.1009,835083.0,raspberry_pi_seeed_gsr,"835083,2.1009"
2026-05-31T15:19:21.640,asdf,self_20260531_151909,clip_120,1,rest,,2.0937,835104.0,raspberry_pi_seeed_gsr,"835104,2.0937"
2026-05-31T15:19:21.661,asdf,self_20260531_151909,clip_120,1,rest,,2.0969,835125.0,raspberry_pi_seeed_gsr,"835125,2.0969"
2026-05-31T15:19:21.699,asdf,self_20260531_151909,clip_120,1,rest,,2.1476,835146.0,raspberry_pi_seeed_gsr,"835146,2.1476"
2026-05-31T15:19:21.703,asdf,self_20260531_151909,clip_120,1,rest,,2.1033,835167.0,raspberry_pi_seeed_gsr,"835167,2.1033"
2026-05-31T15:19:21.724,asdf,self_20260531_151909,clip_120,1,rest,,2.0985,835188.0,raspberry_pi_seeed_gsr,"835188,2.0985"
2026-05-31T15:19:21.745,asdf,self_20260531_151909,clip_120,1,rest,,2.0953,835209.0,raspberry_pi_seeed_gsr,"835209,2.0953"
2026-05-31T15:19:21.766,asdf,self_20260531_151909,clip_120,1,rest,,2.1001,835230.0,raspberry_pi_seeed_gsr,"835230,2.1001"
2026-05-31T15:19:21.787,asdf,self_20260531_151909,clip_120,1,rest,,2.0993,835251.0,raspberry_pi_seeed_gsr,"835251,2.0993"
2026-05-31T15:19:21.808,asdf,self_20260531_151909,clip_120,1,rest,,2.0961,835272.0,raspberry_pi_seeed_gsr,"835272,2.0961"
2026-05-31T15:19:21.829,asdf,self_20260531_151909,clip_120,1,rest,,2.1001,835293.0,raspberry_pi_seeed_gsr,"835293,2.1001"
2026-05-31T15:19:21.850,asdf,self_20260531_151909,clip_120,1,rest,,2.1025,835314.0,raspberry_pi_seeed_gsr,"835314,2.1025"
2026-05-31T15:19:21.871,asdf,self_20260531_151909,clip_120,1,rest,,2.0993,835335.0,raspberry_pi_seeed_gsr,"835335,2.0993"
2026-05-31T15:19:21.892,asdf,self_20260531_151909,clip_120,1,rest,,2.0904,835356.0,raspberry_pi_seeed_gsr,"835356,2.0904"
2026-05-31T15:19:21.913,asdf,self_20260531_151909,clip_120,1,rest,,2.0993,835377.0,raspberry_pi_seeed_gsr,"835377,2.0993"
2026-05-31T15:19:21.953,asdf,self_20260531_151909,clip_120,1,rest,,2.0985,835398.0,raspberry_pi_seeed_gsr,"835398,2.0985"
2026-05-31T15:19:21.955,asdf,self_20260531_151909,clip_120,1,rest,,2.0985,835419.0,raspberry_pi_seeed_gsr,"835419,2.0985"
2026-05-31T15:19:21.976,asdf,self_20260531_151909,clip_120,1,rest,,2.092,835440.0,raspberry_pi_seeed_gsr,"835440,2.0920"
2026-05-31T15:19:21.997,asdf,self_20260531_151909,clip_120,1,rest,,2.1106,835461.0,raspberry_pi_seeed_gsr,"835461,2.1106"
2026-05-31T15:19:22.018,asdf,self_20260531_151909,clip_120,1,rest,,2.1025,835482.0,raspberry_pi_seeed_gsr,"835482,2.1025"
2026-05-31T15:19:22.039,asdf,self_20260531_151909,clip_120,1,rest,,2.1001,835503.0,raspberry_pi_seeed_gsr,"835503,2.1001"
2026-05-31T15:19:22.060,asdf,self_20260531_151909,clip_120,1,rest,,2.1001,835524.0,raspberry_pi_seeed_gsr,"835524,2.1001"
2026-05-31T15:19:22.081,asdf,self_20260531_151909,clip_120,1,rest,,2.1009,835545.0,raspberry_pi_seeed_gsr,"835545,2.1009"
2026-05-31T15:19:22.102,asdf,self_20260531_151909,clip_120,1,rest,,2.109,835566.0,raspberry_pi_seeed_gsr,"835566,2.1090"
2026-05-31T15:19:22.123,asdf,self_20260531_151909,clip_120,1,rest,,2.0985,835587.0,raspberry_pi_seeed_gsr,"835587,2.0985"
2026-05-31T15:19:22.144,asdf,self_20260531_151909,clip_120,1,rest,,2.1025,835608.0,raspberry_pi_seeed_gsr,"835608,2.1025"
2026-05-31T15:19:22.165,asdf,self_20260531_151909,clip_120,1,rest,,2.0993,835629.0,raspberry_pi_seeed_gsr,"835629,2.0993"
2026-05-31T15:19:22.205,asdf,self_20260531_151909,clip_120,1,rest,,2.0993,835650.0,raspberry_pi_seeed_gsr,"835650,2.0993"
2026-05-31T15:19:22.207,asdf,self_20260531_151909,clip_120,1,rest,,2.1033,835671.0,raspberry_pi_seeed_gsr,"835671,2.1033"
2026-05-31T15:19:22.228,asdf,self_20260531_151909,clip_120,1,rest,,2.092,835692.0,raspberry_pi_seeed_gsr,"835692,2.0920"
2026-05-31T15:19:22.249,asdf,self_20260531_151909,clip_120,1,rest,,2.092,835713.0,raspberry_pi_seeed_gsr,"835713,2.0920"
2026-05-31T15:19:22.270,asdf,self_20260531_151909,clip_120,1,rest,,2.0985,835734.0,raspberry_pi_seeed_gsr,"835734,2.0985"
2026-05-31T15:19:22.291,asdf,self_20260531_151909,clip_120,1,rest,,2.0985,835755.0,raspberry_pi_seeed_gsr,"835755,2.0985"
2026-05-31T15:19:22.312,asdf,self_20260531_151909,clip_120,1,rest,,2.0977,835776.0,raspberry_pi_seeed_gsr,"835776,2.0977"
2026-05-31T15:19:22.333,asdf,self_20260531_151909,clip_120,1,rest,,2.1057,835797.0,raspberry_pi_seeed_gsr,"835797,2.1057"
2026-05-31T15:19:22.354,asdf,self_20260531_151909,clip_120,1,rest,,2.092,835818.0,raspberry_pi_seeed_gsr,"835818,2.0920"
2026-05-31T15:19:22.375,asdf,self_20260531_151909,clip_120,1,rest,,2.1001,835839.0,raspberry_pi_seeed_gsr,"835839,2.1001"
2026-05-31T15:19:22.396,asdf,self_20260531_151909,clip_120,1,rest,,2.0993,835860.0,raspberry_pi_seeed_gsr,"835860,2.0993"
2026-05-31T15:19:22.417,asdf,self_20260531_151909,clip_120,1,rest,,2.0985,835881.0,raspberry_pi_seeed_gsr,"835881,2.0985"
2026-05-31T15:19:22.457,asdf,self_20260531_151909,clip_120,1,rest,,2.1114,835902.0,raspberry_pi_seeed_gsr,"835902,2.1114"
2026-05-31T15:19:22.459,asdf,self_20260531_151909,clip_120,1,rest,,2.1009,835923.0,raspberry_pi_seeed_gsr,"835923,2.1009"
2026-05-31T15:19:22.480,asdf,self_20260531_151909,clip_120,1,rest,,2.0993,835944.0,raspberry_pi_seeed_gsr,"835944,2.0993"
2026-05-31T15:19:22.501,asdf,self_20260531_151909,clip_120,1,rest,,2.0896,835965.0,raspberry_pi_seeed_gsr,"835965,2.0896"
2026-05-31T15:19:22.522,asdf,self_20260531_151909,clip_120,1,rest,,2.0993,835986.0,raspberry_pi_seeed_gsr,"835986,2.0993"
2026-05-31T15:19:22.543,asdf,self_20260531_151909,clip_120,1,rest,,2.0928,836007.0,raspberry_pi_seeed_gsr,"836007,2.0928"
2026-05-31T15:19:22.564,asdf,self_20260531_151909,clip_120,1,rest,,2.0993,836028.0,raspberry_pi_seeed_gsr,"836028,2.0993"
2026-05-31T15:19:22.585,asdf,self_20260531_151909,clip_120,1,rest,,2.1001,836049.0,raspberry_pi_seeed_gsr,"836049,2.1001"
2026-05-31T15:19:22.606,asdf,self_20260531_151909,clip_120,1,rest,,2.0985,836070.0,raspberry_pi_seeed_gsr,"836070,2.0985"
2026-05-31T15:19:22.627,asdf,self_20260531_151909,clip_120,1,rest,,2.1025,836091.0,raspberry_pi_seeed_gsr,"836091,2.1025"
2026-05-31T15:19:22.648,asdf,self_20260531_151909,clip_120,1,rest,,2.1009,836112.0,raspberry_pi_seeed_gsr,"836112,2.1009"
2026-05-31T15:19:22.669,asdf,self_20260531_151909,clip_120,1,rest,,2.0953,836133.0,raspberry_pi_seeed_gsr,"836133,2.0953"
2026-05-31T15:19:22.712,asdf,self_20260531_151909,clip_120,1,rest,,2.1033,836154.0,raspberry_pi_seeed_gsr,"836154,2.1033"
2026-05-31T15:19:22.713,asdf,self_20260531_151909,clip_120,1,rest,,2.0993,836175.0,raspberry_pi_seeed_gsr,"836175,2.0993"
2026-05-31T15:19:22.732,asdf,self_20260531_151909,clip_120,1,rest,,2.1082,836196.0,raspberry_pi_seeed_gsr,"836196,2.1082"
2026-05-31T15:19:22.753,asdf,self_20260531_151909,clip_120,1,rest,,2.1017,836217.0,raspberry_pi_seeed_gsr,"836217,2.1017"
2026-05-31T15:19:22.774,asdf,self_20260531_151909,clip_120,1,rest,,2.1025,836238.0,raspberry_pi_seeed_gsr,"836238,2.1025"
2026-05-31T15:19:22.795,asdf,self_20260531_151909,clip_120,1,rest,,2.0985,836259.0,raspberry_pi_seeed_gsr,"836259,2.0985"
2026-05-31T15:19:22.816,asdf,self_20260531_151909,clip_120,1,rest,,2.1025,836280.0,raspberry_pi_seeed_gsr,"836280,2.1025"
2026-05-31T15:19:22.837,asdf,self_20260531_151909,clip_120,1,rest,,2.1001,836301.0,raspberry_pi_seeed_gsr,"836301,2.1001"
2026-05-31T15:19:22.858,asdf,self_20260531_151909,clip_120,1,rest,,2.1017,836322.0,raspberry_pi_seeed_gsr,"836322,2.1017"
2026-05-31T15:19:22.879,asdf,self_20260531_151909,clip_120,1,rest,,2.1017,836343.0,raspberry_pi_seeed_gsr,"836343,2.1017"
2026-05-31T15:19:22.900,asdf,self_20260531_151909,clip_120,1,rest,,2.0969,836364.0,raspberry_pi_seeed_gsr,"836364,2.0969"
2026-05-31T15:19:22.921,asdf,self_20260531_151909,clip_120,1,rest,,2.0985,836385.0,raspberry_pi_seeed_gsr,"836385,2.0985"
2026-05-31T15:19:22.947,asdf,self_20260531_151909,clip_120,1,rest,,2.1001,836406.0,raspberry_pi_seeed_gsr,"836406,2.1001"
2026-05-31T15:19:22.962,asdf,self_20260531_151909,clip_120,1,rest,,2.1001,836427.0,raspberry_pi_seeed_gsr,"836427,2.1001"
2026-05-31T15:19:22.984,asdf,self_20260531_151909,clip_120,1,rest,,2.1025,836448.0,raspberry_pi_seeed_gsr,"836448,2.1025"
2026-05-31T15:19:23.005,asdf,self_20260531_151909,clip_120,1,rest,,2.0993,836469.0,raspberry_pi_seeed_gsr,"836469,2.0993"
2026-05-31T15:19:23.026,asdf,self_20260531_151909,clip_120,1,rest,,2.1017,836490.0,raspberry_pi_seeed_gsr,"836490,2.1017"
2026-05-31T15:19:23.047,asdf,self_20260531_151909,clip_120,1,rest,,2.0993,836511.0,raspberry_pi_seeed_gsr,"836511,2.0993"
2026-05-31T15:19:23.068,asdf,self_20260531_151909,clip_120,1,rest,,2.0985,836532.0,raspberry_pi_seeed_gsr,"836532,2.0985"
2026-05-31T15:19:23.089,asdf,self_20260531_151909,clip_120,1,rest,,2.1049,836553.0,raspberry_pi_seeed_gsr,"836553,2.1049"
2026-05-31T15:19:23.110,asdf,self_20260531_151909,clip_120,1,rest,,2.0993,836574.0,raspberry_pi_seeed_gsr,"836574,2.0993"
2026-05-31T15:19:23.131,asdf,self_20260531_151909,clip_120,1,rest,,2.1009,836595.0,raspberry_pi_seeed_gsr,"836595,2.1009"
2026-05-31T15:19:23.152,asdf,self_20260531_151909,clip_120,1,rest,,2.0937,836616.0,raspberry_pi_seeed_gsr,"836616,2.0937"
2026-05-31T15:19:23.173,asdf,self_20260531_151909,clip_120,1,rest,,2.1001,836637.0,raspberry_pi_seeed_gsr,"836637,2.1001"
2026-05-31T15:19:23.211,asdf,self_20260531_151909,clip_120,1,rest,,2.1017,836658.0,raspberry_pi_seeed_gsr,"836658,2.1017"
2026-05-31T15:19:23.215,asdf,self_20260531_151909,clip_120,1,rest,,2.1065,836679.0,raspberry_pi_seeed_gsr,"836679,2.1065"
2026-05-31T15:19:23.236,asdf,self_20260531_151909,clip_120,1,rest,,2.0896,836700.0,raspberry_pi_seeed_gsr,"836700,2.0896"
2026-05-31T15:19:23.257,asdf,self_20260531_151909,clip_120,1,rest,,2.0993,836721.0,raspberry_pi_seeed_gsr,"836721,2.0993"
2026-05-31T15:19:23.278,asdf,self_20260531_151909,clip_120,1,rest,,2.0977,836742.0,raspberry_pi_seeed_gsr,"836742,2.0977"
2026-05-31T15:19:23.299,asdf,self_20260531_151909,clip_120,1,rest,,2.1041,836763.0,raspberry_pi_seeed_gsr,"836763,2.1041"
2026-05-31T15:19:23.320,asdf,self_20260531_151909,clip_120,1,rest,,2.0969,836784.0,raspberry_pi_seeed_gsr,"836784,2.0969"
2026-05-31T15:19:23.341,asdf,self_20260531_151909,clip_120,1,rest,,2.0977,836805.0,raspberry_pi_seeed_gsr,"836805,2.0977"
2026-05-31T15:19:23.362,asdf,self_20260531_151909,clip_120,1,rest,,2.0622,836826.0,raspberry_pi_seeed_gsr,"836826,2.0622"
2026-05-31T15:19:23.383,asdf,self_20260531_151909,clip_120,1,rest,,2.0985,836847.0,raspberry_pi_seeed_gsr,"836847,2.0985"
2026-05-31T15:19:23.404,asdf,self_20260531_151909,clip_120,1,rest,,2.113,836868.0,raspberry_pi_seeed_gsr,"836868,2.1130"
2026-05-31T15:19:23.425,asdf,self_20260531_151909,clip_120,1,rest,,2.0969,836889.0,raspberry_pi_seeed_gsr,"836889,2.0969"
2026-05-31T15:19:23.469,asdf,self_20260531_151909,clip_120,1,rest,,2.1041,836910.0,raspberry_pi_seeed_gsr,"836910,2.1041"
2026-05-31T15:19:23.469,asdf,self_20260531_151909,clip_120,1,rest,,2.0993,836931.0,raspberry_pi_seeed_gsr,"836931,2.0993"
2026-05-31T15:19:23.488,asdf,self_20260531_151909,clip_120,1,rest,,2.1025,836952.0,raspberry_pi_seeed_gsr,"836952,2.1025"
2026-05-31T15:19:23.509,asdf,self_20260531_151909,clip_120,1,rest,,2.109,836973.0,raspberry_pi_seeed_gsr,"836973,2.1090"
2026-05-31T15:19:23.530,asdf,self_20260531_151909,clip_120,1,rest,,2.0985,836994.0,raspberry_pi_seeed_gsr,"836994,2.0985"
2026-05-31T15:19:23.551,asdf,self_20260531_151909,clip_120,1,rest,,2.0993,837015.0,raspberry_pi_seeed_gsr,"837015,2.0993"
2026-05-31T15:19:23.572,asdf,self_20260531_151909,clip_120,1,rest,,2.1057,837036.0,raspberry_pi_seeed_gsr,"837036,2.1057"
2026-05-31T15:19:23.593,asdf,self_20260531_151909,clip_120,1,rest,,2.0937,837057.0,raspberry_pi_seeed_gsr,"837057,2.0937"
2026-05-31T15:19:23.614,asdf,self_20260531_151909,clip_120,1,rest,,2.0961,837078.0,raspberry_pi_seeed_gsr,"837078,2.0961"
2026-05-31T15:19:23.635,asdf,self_20260531_151909,clip_120,1,rest,,2.1009,837099.0,raspberry_pi_seeed_gsr,"837099,2.1009"
2026-05-31T15:19:23.656,asdf,self_20260531_151909,clip_120,1,rest,,2.109,837120.0,raspberry_pi_seeed_gsr,"837120,2.1090"
2026-05-31T15:19:23.677,asdf,self_20260531_151909,clip_120,1,rest,,2.1001,837141.0,raspberry_pi_seeed_gsr,"837141,2.1001"
2026-05-31T15:19:23.698,asdf,self_20260531_151909,clip_120,1,rest,,2.1033,837162.0,raspberry_pi_seeed_gsr,"837162,2.1033"
2026-05-31T15:19:23.730,asdf,self_20260531_151909,clip_120,1,rest,,2.1009,837183.0,raspberry_pi_seeed_gsr,"837183,2.1009"
2026-05-31T15:19:23.740,asdf,self_20260531_151909,clip_120,1,rest,,2.0864,837204.0,raspberry_pi_seeed_gsr,"837204,2.0864"
2026-05-31T15:19:23.761,asdf,self_20260531_151909,clip_120,1,rest,,2.0912,837225.0,raspberry_pi_seeed_gsr,"837225,2.0912"
2026-05-31T15:19:23.782,asdf,self_20260531_151909,clip_120,1,rest,,2.1033,837246.0,raspberry_pi_seeed_gsr,"837246,2.1033"
2026-05-31T15:19:23.803,asdf,self_20260531_151909,clip_120,1,rest,,2.1412,837267.0,raspberry_pi_seeed_gsr,"837267,2.1412"
2026-05-31T15:19:23.824,asdf,self_20260531_151909,clip_120,1,rest,,2.1057,837288.0,raspberry_pi_seeed_gsr,"837288,2.1057"
2026-05-31T15:19:23.845,asdf,self_20260531_151909,clip_120,1,rest,,2.1009,837309.0,raspberry_pi_seeed_gsr,"837309,2.1009"
2026-05-31T15:19:23.866,asdf,self_20260531_151909,clip_120,1,rest,,2.0937,837330.0,raspberry_pi_seeed_gsr,"837330,2.0937"
2026-05-31T15:19:23.887,asdf,self_20260531_151909,clip_120,1,rest,,2.1001,837351.0,raspberry_pi_seeed_gsr,"837351,2.1001"
2026-05-31T15:19:23.908,asdf,self_20260531_151909,clip_120,1,rest,,2.0993,837372.0,raspberry_pi_seeed_gsr,"837372,2.0993"
2026-05-31T15:19:23.929,asdf,self_20260531_151909,clip_120,1,rest,,2.1098,837393.0,raspberry_pi_seeed_gsr,"837393,2.1098"
2026-05-31T15:19:23.950,asdf,self_20260531_151909,clip_120,1,rest,,2.1017,837414.0,raspberry_pi_seeed_gsr,"837414,2.1017"
2026-05-31T15:19:23.990,asdf,self_20260531_151909,clip_120,1,rest,,2.1057,837435.0,raspberry_pi_seeed_gsr,"837435,2.1057"
2026-05-31T15:19:23.992,asdf,self_20260531_151909,clip_120,1,rest,,2.0977,837456.0,raspberry_pi_seeed_gsr,"837456,2.0977"
2026-05-31T15:19:24.013,asdf,self_20260531_151909,clip_120,1,rest,,2.1001,837477.0,raspberry_pi_seeed_gsr,"837477,2.1001"
2026-05-31T15:19:24.034,asdf,self_20260531_151909,clip_120,1,rest,,2.0912,837498.0,raspberry_pi_seeed_gsr,"837498,2.0912"
2026-05-31T15:19:24.055,asdf,self_20260531_151909,clip_120,1,rest,,2.0937,837519.0,raspberry_pi_seeed_gsr,"837519,2.0937"
2026-05-31T15:19:24.076,asdf,self_20260531_151909,clip_120,1,rest,,2.1001,837540.0,raspberry_pi_seeed_gsr,"837540,2.1001"
2026-05-31T15:19:24.097,asdf,self_20260531_151909,clip_120,1,rest,,2.1017,837561.0,raspberry_pi_seeed_gsr,"837561,2.1017"
2026-05-31T15:19:24.118,asdf,self_20260531_151909,clip_120,1,rest,,2.0969,837582.0,raspberry_pi_seeed_gsr,"837582,2.0969"
2026-05-31T15:19:24.139,asdf,self_20260531_151909,clip_120,1,rest,,2.0985,837603.0,raspberry_pi_seeed_gsr,"837603,2.0985"
2026-05-31T15:19:24.160,asdf,self_20260531_151909,clip_120,1,rest,,2.1017,837624.0,raspberry_pi_seeed_gsr,"837624,2.1017"
2026-05-31T15:19:24.181,asdf,self_20260531_151909,clip_120,1,rest,,2.0985,837645.0,raspberry_pi_seeed_gsr,"837645,2.0985"
2026-05-31T15:19:24.202,asdf,self_20260531_151909,clip_120,1,rest,,2.1025,837666.0,raspberry_pi_seeed_gsr,"837666,2.1025"
2026-05-31T15:19:24.223,asdf,self_20260531_151909,clip_120,1,rest,,2.0985,837687.0,raspberry_pi_seeed_gsr,"837687,2.0985"
2026-05-31T15:19:24.246,asdf,self_20260531_151909,clip_120,1,rest,,2.1001,837708.0,raspberry_pi_seeed_gsr,"837708,2.1001"
2026-05-31T15:19:24.264,asdf,self_20260531_151909,clip_120,1,rest,,2.1001,837729.0,raspberry_pi_seeed_gsr,"837729,2.1001"
2026-05-31T15:19:24.286,asdf,self_20260531_151909,clip_120,1,rest,,2.0961,837750.0,raspberry_pi_seeed_gsr,"837750,2.0961"
2026-05-31T15:19:24.307,asdf,self_20260531_151909,clip_120,1,rest,,2.0985,837771.0,raspberry_pi_seeed_gsr,"837771,2.0985"
2026-05-31T15:19:24.328,asdf,self_20260531_151909,clip_120,1,rest,,2.1057,837792.0,raspberry_pi_seeed_gsr,"837792,2.1057"
2026-05-31T15:19:24.349,asdf,self_20260531_151909,clip_120,1,rest,,2.1025,837813.0,raspberry_pi_seeed_gsr,"837813,2.1025"
2026-05-31T15:19:24.370,asdf,self_20260531_151909,clip_120,1,rest,,2.0961,837834.0,raspberry_pi_seeed_gsr,"837834,2.0961"
2026-05-31T15:19:24.391,asdf,self_20260531_151909,clip_120,1,rest,,2.109,837855.0,raspberry_pi_seeed_gsr,"837855,2.1090"
2026-05-31T15:19:24.412,asdf,self_20260531_151909,clip_120,1,rest,,2.0904,837876.0,raspberry_pi_seeed_gsr,"837876,2.0904"
2026-05-31T15:19:24.433,asdf,self_20260531_151909,clip_120,1,rest,,2.0985,837897.0,raspberry_pi_seeed_gsr,"837897,2.0985"
2026-05-31T15:19:24.454,asdf,self_20260531_151909,clip_120,1,rest,,2.0993,837918.0,raspberry_pi_seeed_gsr,"837918,2.0993"
2026-05-31T15:19:24.475,asdf,self_20260531_151909,clip_120,1,rest,,2.0993,837939.0,raspberry_pi_seeed_gsr,"837939,2.0993"
2026-05-31T15:19:24.518,asdf,self_20260531_151909,clip_120,1,rest,,2.1057,837960.0,raspberry_pi_seeed_gsr,"837960,2.1057"
2026-05-31T15:19:24.519,asdf,self_20260531_151909,clip_120,1,rest,,2.0904,837981.0,raspberry_pi_seeed_gsr,"837981,2.0904"
2026-05-31T15:19:24.538,asdf,self_20260531_151909,clip_120,1,rest,,2.1025,838002.0,raspberry_pi_seeed_gsr,"838002,2.1025"
2026-05-31T15:19:24.559,asdf,self_20260531_151909,clip_120,1,rest,,2.1017,838023.0,raspberry_pi_seeed_gsr,"838023,2.1017"
2026-05-31T15:19:24.580,asdf,self_20260531_151909,clip_120,1,rest,,2.1001,838044.0,raspberry_pi_seeed_gsr,"838044,2.1001"
2026-05-31T15:19:24.601,asdf,self_20260531_151909,clip_120,1,rest,,2.0985,838065.0,raspberry_pi_seeed_gsr,"838065,2.0985"
2026-05-31T15:19:24.622,asdf,self_20260531_151909,clip_120,1,rest,,2.0993,838086.0,raspberry_pi_seeed_gsr,"838086,2.0993"
2026-05-31T15:19:24.643,asdf,self_20260531_151909,clip_120,1,rest,,2.0985,838107.0,raspberry_pi_seeed_gsr,"838107,2.0985"
2026-05-31T15:19:24.664,asdf,self_20260531_151909,clip_120,1,rest,,2.1025,838128.0,raspberry_pi_seeed_gsr,"838128,2.1025"
2026-05-31T15:19:24.685,asdf,self_20260531_151909,clip_120,1,rest,,2.0977,838149.0,raspberry_pi_seeed_gsr,"838149,2.0977"
2026-05-31T15:19:24.706,asdf,self_20260531_151909,clip_120,1,rest,,2.1001,838170.0,raspberry_pi_seeed_gsr,"838170,2.1001"
2026-05-31T15:19:24.727,asdf,self_20260531_151909,clip_120,1,rest,,2.1001,838191.0,raspberry_pi_seeed_gsr,"838191,2.1001"
2026-05-31T15:19:24.763,asdf,self_20260531_151909,clip_120,1,rest,,2.1065,838212.0,raspberry_pi_seeed_gsr,"838212,2.1065"
2026-05-31T15:19:24.769,asdf,self_20260531_151909,clip_120,1,rest,,2.0985,838233.0,raspberry_pi_seeed_gsr,"838233,2.0985"
2026-05-31T15:19:24.790,asdf,self_20260531_151909,clip_120,1,rest,,2.0977,838254.0,raspberry_pi_seeed_gsr,"838254,2.0977"
2026-05-31T15:19:24.811,asdf,self_20260531_151909,clip_120,1,rest,,2.0961,838275.0,raspberry_pi_seeed_gsr,"838275,2.0961"
2026-05-31T15:19:24.832,asdf,self_20260531_151909,clip_120,1,rest,,2.1025,838296.0,raspberry_pi_seeed_gsr,"838296,2.1025"
2026-05-31T15:19:24.853,asdf,self_20260531_151909,clip_120,1,rest,,2.1025,838317.0,raspberry_pi_seeed_gsr,"838317,2.1025"
2026-05-31T15:19:24.874,asdf,self_20260531_151909,clip_120,1,rest,,2.0904,838338.0,raspberry_pi_seeed_gsr,"838338,2.0904"
2026-05-31T15:19:24.895,asdf,self_20260531_151909,clip_120,1,rest,,2.092,838359.0,raspberry_pi_seeed_gsr,"838359,2.0920"
2026-05-31T15:19:24.916,asdf,self_20260531_151909,clip_120,1,rest,,2.0993,838380.0,raspberry_pi_seeed_gsr,"838380,2.0993"
2026-05-31T15:19:24.937,asdf,self_20260531_151909,clip_120,1,rest,,2.0977,838401.0,raspberry_pi_seeed_gsr,"838401,2.0977"
2026-05-31T15:19:24.958,asdf,self_20260531_151909,clip_120,1,rest,,2.1041,838422.0,raspberry_pi_seeed_gsr,"838422,2.1041"
2026-05-31T15:19:24.979,asdf,self_20260531_151909,clip_120,1,rest,,2.1057,838443.0,raspberry_pi_seeed_gsr,"838443,2.1057"
2026-05-31T15:19:25.016,asdf,self_20260531_151909,clip_120,1,rest,,2.1001,838464.0,raspberry_pi_seeed_gsr,"838464,2.1001"
2026-05-31T15:19:25.020,asdf,self_20260531_151909,clip_120,1,rest,,2.1001,838485.0,raspberry_pi_seeed_gsr,"838485,2.1001"
2026-05-31T15:19:25.042,asdf,self_20260531_151909,clip_120,1,rest,,2.0985,838506.0,raspberry_pi_seeed_gsr,"838506,2.0985"
2026-05-31T15:19:25.063,asdf,self_20260531_151909,clip_120,1,rest,,2.0937,838527.0,raspberry_pi_seeed_gsr,"838527,2.0937"
2026-05-31T15:19:25.084,asdf,self_20260531_151909,clip_120,1,rest,,2.1009,838548.0,raspberry_pi_seeed_gsr,"838548,2.1009"
2026-05-31T15:19:25.105,asdf,self_20260531_151909,clip_120,1,rest,,2.0993,838569.0,raspberry_pi_seeed_gsr,"838569,2.0993"
2026-05-31T15:19:25.126,asdf,self_20260531_151909,clip_120,1,rest,,2.0993,838590.0,raspberry_pi_seeed_gsr,"838590,2.0993"
2026-05-31T15:19:25.147,asdf,self_20260531_151909,clip_120,1,rest,,2.1017,838611.0,raspberry_pi_seeed_gsr,"838611,2.1017"
2026-05-31T15:19:25.168,asdf,self_20260531_151909,clip_120,1,rest,,2.1001,838632.0,raspberry_pi_seeed_gsr,"838632,2.1001"
2026-05-31T15:19:25.189,asdf,self_20260531_151909,clip_120,1,rest,,2.0993,838653.0,raspberry_pi_seeed_gsr,"838653,2.0993"
2026-05-31T15:19:25.210,asdf,self_20260531_151909,clip_120,1,rest,,2.0961,838674.0,raspberry_pi_seeed_gsr,"838674,2.0961"
2026-05-31T15:19:25.231,asdf,self_20260531_151909,clip_120,1,rest,,2.0912,838695.0,raspberry_pi_seeed_gsr,"838695,2.0912"
2026-05-31T15:19:25.263,asdf,self_20260531_151909,clip_120,1,rest,,2.1017,838716.0,raspberry_pi_seeed_gsr,"838716,2.1017"
2026-05-31T15:19:25.273,asdf,self_20260531_151909,clip_120,1,rest,,2.0993,838737.0,raspberry_pi_seeed_gsr,"838737,2.0993"
2026-05-31T15:19:25.294,asdf,self_20260531_151909,clip_120,1,rest,,2.0993,838758.0,raspberry_pi_seeed_gsr,"838758,2.0993"
2026-05-31T15:19:25.315,asdf,self_20260531_151909,clip_120,1,rest,,2.0928,838779.0,raspberry_pi_seeed_gsr,"838779,2.0928"
2026-05-31T15:19:25.336,asdf,self_20260531_151909,clip_120,1,rest,,2.1114,838800.0,raspberry_pi_seeed_gsr,"838800,2.1114"
2026-05-31T15:19:25.357,asdf,self_20260531_151909,clip_120,1,rest,,2.0993,838821.0,raspberry_pi_seeed_gsr,"838821,2.0993"
2026-05-31T15:19:25.378,asdf,self_20260531_151909,clip_120,1,rest,,2.0872,838842.0,raspberry_pi_seeed_gsr,"838842,2.0872"
2026-05-31T15:19:25.399,asdf,self_20260531_151909,clip_120,1,rest,,2.1033,838863.0,raspberry_pi_seeed_gsr,"838863,2.1033"
2026-05-31T15:19:25.420,asdf,self_20260531_151909,clip_120,1,rest,,2.117,838884.0,raspberry_pi_seeed_gsr,"838884,2.1170"
2026-05-31T15:19:25.441,asdf,self_20260531_151909,clip_120,1,rest,,2.1041,838905.0,raspberry_pi_seeed_gsr,"838905,2.1041"
2026-05-31T15:19:25.462,asdf,self_20260531_151909,clip_120,1,rest,,2.0937,838926.0,raspberry_pi_seeed_gsr,"838926,2.0937"
2026-05-31T15:19:25.483,asdf,self_20260531_151909,clip_120,1,rest,,2.0985,838947.0,raspberry_pi_seeed_gsr,"838947,2.0985"
2026-05-31T15:19:25.529,asdf,self_20260531_151909,clip_120,1,rest,,2.0993,838968.0,raspberry_pi_seeed_gsr,"838968,2.0993"
2026-05-31T15:19:25.530,asdf,self_20260531_151909,clip_120,1,rest,,2.1033,838989.0,raspberry_pi_seeed_gsr,"838989,2.1033"
2026-05-31T15:19:25.546,asdf,self_20260531_151909,clip_120,1,rest,,2.1025,839010.0,raspberry_pi_seeed_gsr,"839010,2.1025"
2026-05-31T15:19:25.567,asdf,self_20260531_151909,clip_120,1,rest,,2.0993,839031.0,raspberry_pi_seeed_gsr,"839031,2.0993"
2026-05-31T15:19:25.588,asdf,self_20260531_151909,clip_120,1,rest,,2.0969,839052.0,raspberry_pi_seeed_gsr,"839052,2.0969"
2026-05-31T15:19:25.609,asdf,self_20260531_151909,clip_120,1,rest,,2.0993,839073.0,raspberry_pi_seeed_gsr,"839073,2.0993"
2026-05-31T15:19:25.630,asdf,self_20260531_151909,clip_120,1,rest,,2.1009,839094.0,raspberry_pi_seeed_gsr,"839094,2.1009"
2026-05-31T15:19:25.651,asdf,self_20260531_151909,clip_120,1,rest,,2.0928,839115.0,raspberry_pi_seeed_gsr,"839115,2.0928"
2026-05-31T15:19:25.672,asdf,self_20260531_151909,clip_120,1,rest,,2.1009,839136.0,raspberry_pi_seeed_gsr,"839136,2.1009"
2026-05-31T15:19:25.693,asdf,self_20260531_151909,clip_120,1,rest,,2.0993,839157.0,raspberry_pi_seeed_gsr,"839157,2.0993"
2026-05-31T15:19:25.714,asdf,self_20260531_151909,clip_120,1,rest,,2.0961,839178.0,raspberry_pi_seeed_gsr,"839178,2.0961"
2026-05-31T15:19:25.735,asdf,self_20260531_151909,clip_120,1,rest,,2.1025,839199.0,raspberry_pi_seeed_gsr,"839199,2.1025"
2026-05-31T15:19:25.776,asdf,self_20260531_151909,clip_120,1,rest,,2.1001,839220.0,raspberry_pi_seeed_gsr,"839220,2.1001"
2026-05-31T15:19:25.777,asdf,self_20260531_151909,clip_120,1,rest,,2.1001,839241.0,raspberry_pi_seeed_gsr,"839241,2.1001"
2026-05-31T15:19:25.798,asdf,self_20260531_151909,clip_120,1,rest,,2.1009,839262.0,raspberry_pi_seeed_gsr,"839262,2.1009"
2026-05-31T15:19:25.819,asdf,self_20260531_151909,clip_120,1,rest,,2.0993,839283.0,raspberry_pi_seeed_gsr,"839283,2.0993"
2026-05-31T15:19:25.840,asdf,self_20260531_151909,clip_120,1,rest,,2.1025,839304.0,raspberry_pi_seeed_gsr,"839304,2.1025"
2026-05-31T15:19:25.861,asdf,self_20260531_151909,clip_120,1,rest,,2.0937,839325.0,raspberry_pi_seeed_gsr,"839325,2.0937"
2026-05-31T15:19:25.882,asdf,self_20260531_151909,clip_120,1,rest,,2.0969,839346.0,raspberry_pi_seeed_gsr,"839346,2.0969"
2026-05-31T15:19:25.903,asdf,self_20260531_151909,clip_120,1,rest,,2.0985,839367.0,raspberry_pi_seeed_gsr,"839367,2.0985"
2026-05-31T15:19:25.924,asdf,self_20260531_151909,clip_120,1,rest,,2.1001,839388.0,raspberry_pi_seeed_gsr,"839388,2.1001"
2026-05-31T15:19:25.945,asdf,self_20260531_151909,clip_120,1,rest,,2.1033,839409.0,raspberry_pi_seeed_gsr,"839409,2.1033"
2026-05-31T15:19:25.966,asdf,self_20260531_151909,clip_120,1,rest,,2.1033,839430.0,raspberry_pi_seeed_gsr,"839430,2.1033"
2026-05-31T15:19:25.987,asdf,self_20260531_151909,clip_120,1,rest,,2.0993,839451.0,raspberry_pi_seeed_gsr,"839451,2.0993"
2026-05-31T15:19:26.031,asdf,self_20260531_151909,clip_120,1,rest,,2.0993,839472.0,raspberry_pi_seeed_gsr,"839472,2.0993"
2026-05-31T15:19:26.032,asdf,self_20260531_151909,clip_120,1,rest,,2.1017,839493.0,raspberry_pi_seeed_gsr,"839493,2.1017"
2026-05-31T15:19:26.050,asdf,self_20260531_151909,clip_120,1,rest,,2.1041,839514.0,raspberry_pi_seeed_gsr,"839514,2.1041"
2026-05-31T15:19:26.071,asdf,self_20260531_151909,clip_120,1,rest,,2.0993,839535.0,raspberry_pi_seeed_gsr,"839535,2.0993"
2026-05-31T15:19:26.092,asdf,self_20260531_151909,clip_120,1,rest,,2.1049,839556.0,raspberry_pi_seeed_gsr,"839556,2.1049"
2026-05-31T15:19:26.113,asdf,self_20260531_151909,clip_120,1,rest,,2.0977,839577.0,raspberry_pi_seeed_gsr,"839577,2.0977"
2026-05-31T15:19:26.134,asdf,self_20260531_151909,clip_120,1,rest,,2.109,839598.0,raspberry_pi_seeed_gsr,"839598,2.1090"
2026-05-31T15:19:26.155,asdf,self_20260531_151909,clip_120,1,rest,,2.1041,839619.0,raspberry_pi_seeed_gsr,"839619,2.1041"
2026-05-31T15:19:26.176,asdf,self_20260531_151909,clip_120,1,rest,,2.1033,839640.0,raspberry_pi_seeed_gsr,"839640,2.1033"
2026-05-31T15:19:26.197,asdf,self_20260531_151909,clip_120,1,rest,,2.1041,839661.0,raspberry_pi_seeed_gsr,"839661,2.1041"
2026-05-31T15:19:26.218,asdf,self_20260531_151909,clip_120,1,rest,,2.0977,839682.0,raspberry_pi_seeed_gsr,"839682,2.0977"
2026-05-31T15:19:26.239,asdf,self_20260531_151909,clip_120,1,rest,,2.1001,839703.0,raspberry_pi_seeed_gsr,"839703,2.1001"
2026-05-31T15:19:26.284,asdf,self_20260531_151909,clip_120,1,rest,,2.0985,839724.0,raspberry_pi_seeed_gsr,"839724,2.0985"
2026-05-31T15:19:26.285,asdf,self_20260531_151909,clip_120,1,rest,,2.1017,839745.0,raspberry_pi_seeed_gsr,"839745,2.1017"
2026-05-31T15:19:26.302,asdf,self_20260531_151909,clip_120,1,rest,,2.0993,839766.0,raspberry_pi_seeed_gsr,"839766,2.0993"
2026-05-31T15:19:26.323,asdf,self_20260531_151909,clip_120,1,rest,,2.0961,839787.0,raspberry_pi_seeed_gsr,"839787,2.0961"
2026-05-31T15:19:26.344,asdf,self_20260531_151909,clip_120,1,rest,,2.1017,839808.0,raspberry_pi_seeed_gsr,"839808,2.1017"
2026-05-31T15:19:26.365,asdf,self_20260531_151909,clip_120,1,rest,,2.1017,839829.0,raspberry_pi_seeed_gsr,"839829,2.1017"
2026-05-31T15:19:26.386,asdf,self_20260531_151909,clip_120,1,rest,,2.1017,839850.0,raspberry_pi_seeed_gsr,"839850,2.1017"
2026-05-31T15:19:26.407,asdf,self_20260531_151909,clip_120,1,rest,,2.0961,839871.0,raspberry_pi_seeed_gsr,"839871,2.0961"
2026-05-31T15:19:26.428,asdf,self_20260531_151909,clip_120,1,rest,,2.0928,839892.0,raspberry_pi_seeed_gsr,"839892,2.0928"
2026-05-31T15:19:26.449,asdf,self_20260531_151909,clip_120,1,rest,,2.0912,839913.0,raspberry_pi_seeed_gsr,"839913,2.0912"
2026-05-31T15:19:26.470,asdf,self_20260531_151909,clip_120,1,rest,,2.0993,839934.0,raspberry_pi_seeed_gsr,"839934,2.0993"
2026-05-31T15:19:26.491,asdf,self_20260531_151909,clip_120,1,rest,,2.0985,839955.0,raspberry_pi_seeed_gsr,"839955,2.0985"
2026-05-31T15:19:26.526,asdf,self_20260531_151909,clip_120,1,rest,,2.0961,839976.0,raspberry_pi_seeed_gsr,"839976,2.0961"
2026-05-31T15:19:26.533,asdf,self_20260531_151909,clip_120,1,rest,,2.1025,839997.0,raspberry_pi_seeed_gsr,"839997,2.1025"
2026-05-31T15:19:26.554,asdf,self_20260531_151909,clip_120,1,rest,,2.1001,840018.0,raspberry_pi_seeed_gsr,"840018,2.1001"
2026-05-31T15:19:26.575,asdf,self_20260531_151909,clip_120,1,rest,,2.1017,840039.0,raspberry_pi_seeed_gsr,"840039,2.1017"
2026-05-31T15:19:26.596,asdf,self_20260531_151909,clip_120,1,rest,,2.1001,840060.0,raspberry_pi_seeed_gsr,"840060,2.1001"
2026-05-31T15:19:26.617,asdf,self_20260531_151909,clip_120,1,rest,,2.1057,840081.0,raspberry_pi_seeed_gsr,"840081,2.1057"
2026-05-31T15:19:26.638,asdf,self_20260531_151909,clip_120,1,rest,,2.1009,840102.0,raspberry_pi_seeed_gsr,"840102,2.1009"
2026-05-31T15:19:26.659,asdf,self_20260531_151909,clip_120,1,rest,,2.0937,840123.0,raspberry_pi_seeed_gsr,"840123,2.0937"
2026-05-31T15:19:26.680,asdf,self_20260531_151909,clip_120,1,rest,,2.0985,840144.0,raspberry_pi_seeed_gsr,"840144,2.0985"
2026-05-31T15:19:26.701,asdf,self_20260531_151909,clip_120,1,rest,,2.0993,840165.0,raspberry_pi_seeed_gsr,"840165,2.0993"
2026-05-31T15:19:26.722,asdf,self_20260531_151909,clip_120,1,rest,,2.1009,840186.0,raspberry_pi_seeed_gsr,"840186,2.1009"
2026-05-31T15:19:26.743,asdf,self_20260531_151909,clip_120,1,rest,,2.0993,840207.0,raspberry_pi_seeed_gsr,"840207,2.0993"
2026-05-31T15:19:26.786,asdf,self_20260531_151909,clip_120,1,rest,,2.1017,840228.0,raspberry_pi_seeed_gsr,"840228,2.1017"
2026-05-31T15:19:26.787,asdf,self_20260531_151909,clip_120,1,rest,,2.1017,840249.0,raspberry_pi_seeed_gsr,"840249,2.1017"
2026-05-31T15:19:26.806,asdf,self_20260531_151909,clip_120,1,rest,,2.1017,840270.0,raspberry_pi_seeed_gsr,"840270,2.1017"
2026-05-31T15:19:26.827,asdf,self_20260531_151909,clip_120,1,rest,,2.0993,840291.0,raspberry_pi_seeed_gsr,"840291,2.0993"
2026-05-31T15:19:26.848,asdf,self_20260531_151909,clip_120,1,rest,,2.0993,840312.0,raspberry_pi_seeed_gsr,"840312,2.0993"
2026-05-31T15:19:26.869,asdf,self_20260531_151909,clip_120,1,rest,,2.1025,840333.0,raspberry_pi_seeed_gsr,"840333,2.1025"
2026-05-31T15:19:26.890,asdf,self_20260531_151909,clip_120,1,rest,,2.0912,840354.0,raspberry_pi_seeed_gsr,"840354,2.0912"
2026-05-31T15:19:26.911,asdf,self_20260531_151909,clip_120,1,rest,,2.0993,840375.0,raspberry_pi_seeed_gsr,"840375,2.0993"
2026-05-31T15:19:26.932,asdf,self_20260531_151909,clip_120,1,rest,,2.1162,840396.0,raspberry_pi_seeed_gsr,"840396,2.1162"
2026-05-31T15:19:26.953,asdf,self_20260531_151909,clip_120,1,rest,,2.0993,840417.0,raspberry_pi_seeed_gsr,"840417,2.0993"
2026-05-31T15:19:26.974,asdf,self_20260531_151909,clip_120,1,rest,,2.1009,840438.0,raspberry_pi_seeed_gsr,"840438,2.1009"
2026-05-31T15:19:26.995,asdf,self_20260531_151909,clip_120,1,rest,,2.1033,840459.0,raspberry_pi_seeed_gsr,"840459,2.1033"
2026-05-31T15:19:27.035,asdf,self_20260531_151909,clip_120,1,rest,,2.0993,840480.0,raspberry_pi_seeed_gsr,"840480,2.0993"
2026-05-31T15:19:27.037,asdf,self_20260531_151909,clip_120,1,rest,,2.0993,840501.0,raspberry_pi_seeed_gsr,"840501,2.0993"
2026-05-31T15:19:27.058,asdf,self_20260531_151909,clip_120,1,rest,,2.1001,840522.0,raspberry_pi_seeed_gsr,"840522,2.1001"
2026-05-31T15:19:27.079,asdf,self_20260531_151909,clip_120,1,rest,,2.0896,840543.0,raspberry_pi_seeed_gsr,"840543,2.0896"
2026-05-31T15:19:27.100,asdf,self_20260531_151909,clip_120,1,rest,,2.0953,840564.0,raspberry_pi_seeed_gsr,"840564,2.0953"
2026-05-31T15:19:27.121,asdf,self_20260531_151909,clip_120,1,rest,,2.0937,840585.0,raspberry_pi_seeed_gsr,"840585,2.0937"
2026-05-31T15:19:27.142,asdf,self_20260531_151909,clip_120,1,rest,,2.1017,840606.0,raspberry_pi_seeed_gsr,"840606,2.1017"
2026-05-31T15:19:27.163,asdf,self_20260531_151909,clip_120,1,rest,,2.0985,840627.0,raspberry_pi_seeed_gsr,"840627,2.0985"
2026-05-31T15:19:27.184,asdf,self_20260531_151909,clip_120,1,rest,,2.1025,840648.0,raspberry_pi_seeed_gsr,"840648,2.1025"
2026-05-31T15:19:27.205,asdf,self_20260531_151909,clip_120,1,rest,,2.0993,840669.0,raspberry_pi_seeed_gsr,"840669,2.0993"
2026-05-31T15:19:27.226,asdf,self_20260531_151909,clip_120,1,rest,,2.0993,840690.0,raspberry_pi_seeed_gsr,"840690,2.0993"
2026-05-31T15:19:27.247,asdf,self_20260531_151909,clip_120,1,rest,,2.0985,840711.0,raspberry_pi_seeed_gsr,"840711,2.0985"
2026-05-31T15:19:27.268,asdf,self_20260531_151909,clip_120,1,rest,,2.1025,840732.0,raspberry_pi_seeed_gsr,"840732,2.1025"
2026-05-31T15:19:27.311,asdf,self_20260531_151909,clip_120,1,rest,,2.0993,840753.0,raspberry_pi_seeed_gsr,"840753,2.0993"
2026-05-31T15:19:27.312,asdf,self_20260531_151909,clip_120,1,rest,,2.0985,840774.0,raspberry_pi_seeed_gsr,"840774,2.0985"
2026-05-31T15:19:27.331,asdf,self_20260531_151909,clip_120,1,rest,,2.1082,840795.0,raspberry_pi_seeed_gsr,"840795,2.1082"
2026-05-31T15:19:27.352,asdf,self_20260531_151909,clip_120,1,rest,,2.1009,840816.0,raspberry_pi_seeed_gsr,"840816,2.1009"
2026-05-31T15:19:27.373,asdf,self_20260531_151909,clip_120,1,rest,,2.0993,840837.0,raspberry_pi_seeed_gsr,"840837,2.0993"
2026-05-31T15:19:27.394,asdf,self_20260531_151909,clip_120,1,rest,,2.0993,840858.0,raspberry_pi_seeed_gsr,"840858,2.0993"
2026-05-31T15:19:27.415,asdf,self_20260531_151909,clip_120,1,rest,,2.0993,840879.0,raspberry_pi_seeed_gsr,"840879,2.0993"
2026-05-31T15:19:27.436,asdf,self_20260531_151909,clip_120,1,rest,,2.1098,840900.0,raspberry_pi_seeed_gsr,"840900,2.1098"
2026-05-31T15:19:27.457,asdf,self_20260531_151909,clip_120,1,rest,,2.1162,840921.0,raspberry_pi_seeed_gsr,"840921,2.1162"
2026-05-31T15:19:27.478,asdf,self_20260531_151909,clip_120,1,rest,,2.1001,840942.0,raspberry_pi_seeed_gsr,"840942,2.1001"
2026-05-31T15:19:27.499,asdf,self_20260531_151909,clip_120,1,rest,,2.0912,840963.0,raspberry_pi_seeed_gsr,"840963,2.0912"
2026-05-31T15:19:27.520,asdf,self_20260531_151909,clip_120,1,rest,,2.109,840984.0,raspberry_pi_seeed_gsr,"840984,2.1090"
2026-05-31T15:19:27.566,asdf,self_20260531_151909,clip_120,1,rest,,2.1001,841005.0,raspberry_pi_seeed_gsr,"841005,2.1001"
2026-05-31T15:19:27.566,asdf,self_20260531_151909,clip_120,1,rest,,2.1025,841026.0,raspberry_pi_seeed_gsr,"841026,2.1025"
2026-05-31T15:19:27.583,asdf,self_20260531_151909,clip_120,1,rest,,2.0993,841047.0,raspberry_pi_seeed_gsr,"841047,2.0993"
2026-05-31T15:19:27.604,asdf,self_20260531_151909,clip_120,1,rest,,2.0977,841068.0,raspberry_pi_seeed_gsr,"841068,2.0977"
2026-05-31T15:19:27.625,asdf,self_20260531_151909,clip_120,1,rest,,2.1009,841089.0,raspberry_pi_seeed_gsr,"841089,2.1009"
2026-05-31T15:19:27.646,asdf,self_20260531_151909,clip_120,1,rest,,2.0977,841110.0,raspberry_pi_seeed_gsr,"841110,2.0977"
2026-05-31T15:19:27.667,asdf,self_20260531_151909,clip_120,1,rest,,2.0985,841131.0,raspberry_pi_seeed_gsr,"841131,2.0985"
2026-05-31T15:19:27.688,asdf,self_20260531_151909,clip_120,1,rest,,2.0993,841152.0,raspberry_pi_seeed_gsr,"841152,2.0993"
2026-05-31T15:19:27.709,asdf,self_20260531_151909,clip_120,1,rest,,2.0993,841173.0,raspberry_pi_seeed_gsr,"841173,2.0993"
2026-05-31T15:19:27.730,asdf,self_20260531_151909,clip_120,1,rest,,2.1073,841194.0,raspberry_pi_seeed_gsr,"841194,2.1073"
2026-05-31T15:19:27.751,asdf,self_20260531_151909,clip_120,1,rest,,2.0993,841215.0,raspberry_pi_seeed_gsr,"841215,2.0993"
2026-05-31T15:19:27.772,asdf,self_20260531_151909,clip_120,1,rest,,2.109,841236.0,raspberry_pi_seeed_gsr,"841236,2.1090"
2026-05-31T15:19:27.811,asdf,self_20260531_151909,clip_120,1,rest,,2.1001,841257.0,raspberry_pi_seeed_gsr,"841257,2.1001"
2026-05-31T15:19:27.814,asdf,self_20260531_151909,clip_120,1,rest,,2.0985,841278.0,raspberry_pi_seeed_gsr,"841278,2.0985"
2026-05-31T15:19:27.835,asdf,self_20260531_151909,clip_120,1,rest,,2.1009,841299.0,raspberry_pi_seeed_gsr,"841299,2.1009"
2026-05-31T15:19:27.856,asdf,self_20260531_151909,clip_120,1,rest,,2.1017,841320.0,raspberry_pi_seeed_gsr,"841320,2.1017"
2026-05-31T15:19:27.877,asdf,self_20260531_151909,clip_120,1,rest,,2.1033,841341.0,raspberry_pi_seeed_gsr,"841341,2.1033"
2026-05-31T15:19:27.898,asdf,self_20260531_151909,clip_120,1,rest,,2.1041,841362.0,raspberry_pi_seeed_gsr,"841362,2.1041"
2026-05-31T15:19:27.919,asdf,self_20260531_151909,clip_120,1,rest,,2.0896,841383.0,raspberry_pi_seeed_gsr,"841383,2.0896"
2026-05-31T15:19:27.940,asdf,self_20260531_151909,clip_120,1,rest,,2.0937,841404.0,raspberry_pi_seeed_gsr,"841404,2.0937"
2026-05-31T15:19:27.961,asdf,self_20260531_151909,clip_120,1,rest,,2.1001,841425.0,raspberry_pi_seeed_gsr,"841425,2.1001"
2026-05-31T15:19:27.982,asdf,self_20260531_151909,clip_120,1,rest,,2.1001,841446.0,raspberry_pi_seeed_gsr,"841446,2.1001"
2026-05-31T15:19:28.003,asdf,self_20260531_151909,clip_120,1,rest,,2.1082,841467.0,raspberry_pi_seeed_gsr,"841467,2.1082"
2026-05-31T15:19:28.024,asdf,self_20260531_151909,clip_120,1,rest,,2.0985,841488.0,raspberry_pi_seeed_gsr,"841488,2.0985"
2026-05-31T15:19:28.067,asdf,self_20260531_151909,clip_120,1,rest,,2.1009,841509.0,raspberry_pi_seeed_gsr,"841509,2.1009"
2026-05-31T15:19:28.068,asdf,self_20260531_151909,clip_120,1,rest,,2.0977,841530.0,raspberry_pi_seeed_gsr,"841530,2.0977"
2026-05-31T15:19:28.087,asdf,self_20260531_151909,clip_120,1,rest,,2.1001,841551.0,raspberry_pi_seeed_gsr,"841551,2.1001"
2026-05-31T15:19:28.108,asdf,self_20260531_151909,clip_120,1,rest,,2.0993,841572.0,raspberry_pi_seeed_gsr,"841572,2.0993"
2026-05-31T15:19:28.129,asdf,self_20260531_151909,clip_120,1,rest,,2.092,841593.0,raspberry_pi_seeed_gsr,"841593,2.0920"
2026-05-31T15:19:28.150,asdf,self_20260531_151909,clip_120,1,rest,,2.1009,841614.0,raspberry_pi_seeed_gsr,"841614,2.1009"
2026-05-31T15:19:28.171,asdf,self_20260531_151909,clip_120,1,rest,,2.0993,841635.0,raspberry_pi_seeed_gsr,"841635,2.0993"
2026-05-31T15:19:28.192,asdf,self_20260531_151909,clip_120,1,rest,,2.0969,841656.0,raspberry_pi_seeed_gsr,"841656,2.0969"
2026-05-31T15:19:28.213,asdf,self_20260531_151909,clip_120,1,rest,,2.0985,841677.0,raspberry_pi_seeed_gsr,"841677,2.0985"
2026-05-31T15:19:28.234,asdf,self_20260531_151909,clip_120,1,rest,,2.0993,841698.0,raspberry_pi_seeed_gsr,"841698,2.0993"
2026-05-31T15:19:28.255,asdf,self_20260531_151909,clip_120,1,rest,,2.0969,841719.0,raspberry_pi_seeed_gsr,"841719,2.0969"
2026-05-31T15:19:28.276,asdf,self_20260531_151909,clip_120,1,rest,,2.0993,841740.0,raspberry_pi_seeed_gsr,"841740,2.0993"
2026-05-31T15:19:28.320,asdf,self_20260531_151909,clip_120,1,rest,,2.1017,841761.0,raspberry_pi_seeed_gsr,"841761,2.1017"
2026-05-31T15:19:28.321,asdf,self_20260531_151909,clip_120,1,rest,,2.0993,841782.0,raspberry_pi_seeed_gsr,"841782,2.0993"
2026-05-31T15:19:28.339,asdf,self_20260531_151909,clip_120,1,rest,,2.1065,841803.0,raspberry_pi_seeed_gsr,"841803,2.1065"
2026-05-31T15:19:28.360,asdf,self_20260531_151909,clip_120,1,rest,,2.0969,841824.0,raspberry_pi_seeed_gsr,"841824,2.0969"
2026-05-31T15:19:28.381,asdf,self_20260531_151909,clip_120,1,rest,,2.0993,841845.0,raspberry_pi_seeed_gsr,"841845,2.0993"
2026-05-31T15:19:28.402,asdf,self_20260531_151909,clip_120,1,rest,,2.0969,841866.0,raspberry_pi_seeed_gsr,"841866,2.0969"
2026-05-31T15:19:28.423,asdf,self_20260531_151909,clip_120,1,rest,,2.0937,841887.0,raspberry_pi_seeed_gsr,"841887,2.0937"
2026-05-31T15:19:28.444,asdf,self_20260531_151909,clip_120,1,rest,,2.0993,841908.0,raspberry_pi_seeed_gsr,"841908,2.0993"
2026-05-31T15:19:28.465,asdf,self_20260531_151909,clip_120,1,rest,,2.1001,841929.0,raspberry_pi_seeed_gsr,"841929,2.1001"
2026-05-31T15:19:28.486,asdf,self_20260531_151909,clip_120,1,rest,,2.1017,841950.0,raspberry_pi_seeed_gsr,"841950,2.1017"
2026-05-31T15:19:28.507,asdf,self_20260531_151909,clip_120,1,rest,,2.0928,841971.0,raspberry_pi_seeed_gsr,"841971,2.0928"
2026-05-31T15:19:28.528,asdf,self_20260531_151909,clip_120,1,rest,,2.0872,841992.0,raspberry_pi_seeed_gsr,"841992,2.0872"
2026-05-31T15:19:28.576,asdf,self_20260531_151909,clip_120,1,rest,,2.1009,842013.0,raspberry_pi_seeed_gsr,"842013,2.1009"
2026-05-31T15:19:28.577,asdf,self_20260531_151909,clip_120,1,rest,,2.1001,842034.0,raspberry_pi_seeed_gsr,"842034,2.1001"
2026-05-31T15:19:28.591,asdf,self_20260531_151909,clip_120,1,rest,,2.1009,842055.0,raspberry_pi_seeed_gsr,"842055,2.1009"
2026-05-31T15:19:28.612,asdf,self_20260531_151909,clip_120,1,rest,,2.0993,842076.0,raspberry_pi_seeed_gsr,"842076,2.0993"
2026-05-31T15:19:28.633,asdf,self_20260531_151909,clip_120,1,rest,,2.1017,842097.0,raspberry_pi_seeed_gsr,"842097,2.1017"
2026-05-31T15:19:28.654,asdf,self_20260531_151909,clip_120,1,rest,,2.1001,842118.0,raspberry_pi_seeed_gsr,"842118,2.1001"
2026-05-31T15:19:28.675,asdf,self_20260531_151909,clip_120,1,rest,,2.1001,842139.0,raspberry_pi_seeed_gsr,"842139,2.1001"
2026-05-31T15:19:28.696,asdf,self_20260531_151909,clip_120,1,rest,,2.1049,842160.0,raspberry_pi_seeed_gsr,"842160,2.1049"
2026-05-31T15:19:28.717,asdf,self_20260531_151909,clip_120,1,rest,,2.0993,842181.0,raspberry_pi_seeed_gsr,"842181,2.0993"
2026-05-31T15:19:28.738,asdf,self_20260531_151909,clip_120,1,rest,,2.1001,842202.0,raspberry_pi_seeed_gsr,"842202,2.1001"
2026-05-31T15:19:28.759,asdf,self_20260531_151909,clip_120,1,rest,,2.1017,842223.0,raspberry_pi_seeed_gsr,"842223,2.1017"
2026-05-31T15:19:28.780,asdf,self_20260531_151909,clip_120,1,rest,,2.1001,842244.0,raspberry_pi_seeed_gsr,"842244,2.1001"
2026-05-31T15:19:28.819,asdf,self_20260531_151909,clip_120,1,rest,,2.1001,842265.0,raspberry_pi_seeed_gsr,"842265,2.1001"
2026-05-31T15:19:28.822,asdf,self_20260531_151909,clip_120,1,rest,,2.1017,842286.0,raspberry_pi_seeed_gsr,"842286,2.1017"
2026-05-31T15:19:28.843,asdf,self_20260531_151909,clip_120,1,rest,,2.0985,842307.0,raspberry_pi_seeed_gsr,"842307,2.0985"
2026-05-31T15:19:28.864,asdf,self_20260531_151909,clip_120,1,rest,,2.1001,842328.0,raspberry_pi_seeed_gsr,"842328,2.1001"
2026-05-31T15:19:28.885,asdf,self_20260531_151909,clip_120,1,rest,,2.1017,842349.0,raspberry_pi_seeed_gsr,"842349,2.1017"
2026-05-31T15:19:28.906,asdf,self_20260531_151909,clip_120,1,rest,,2.0993,842370.0,raspberry_pi_seeed_gsr,"842370,2.0993"
2026-05-31T15:19:28.927,asdf,self_20260531_151909,clip_120,1,rest,,2.0993,842391.0,raspberry_pi_seeed_gsr,"842391,2.0993"
2026-05-31T15:19:28.948,asdf,self_20260531_151909,clip_120,1,rest,,2.0993,842412.0,raspberry_pi_seeed_gsr,"842412,2.0993"
2026-05-31T15:19:28.969,asdf,self_20260531_151909,clip_120,1,rest,,2.0961,842433.0,raspberry_pi_seeed_gsr,"842433,2.0961"
2026-05-31T15:19:28.990,asdf,self_20260531_151909,clip_120,1,rest,,2.0969,842454.0,raspberry_pi_seeed_gsr,"842454,2.0969"
2026-05-31T15:19:29.011,asdf,self_20260531_151909,clip_120,1,rest,,2.0937,842475.0,raspberry_pi_seeed_gsr,"842475,2.0937"
2026-05-31T15:19:29.032,asdf,self_20260531_151909,clip_120,1,rest,,2.0961,842496.0,raspberry_pi_seeed_gsr,"842496,2.0961"
2026-05-31T15:19:29.076,asdf,self_20260531_151909,clip_120,1,rest,,2.1436,842517.0,raspberry_pi_seeed_gsr,"842517,2.1436"
2026-05-31T15:19:29.077,asdf,self_20260531_151909,clip_120,1,rest,,2.1009,842538.0,raspberry_pi_seeed_gsr,"842538,2.1009"
2026-05-31T15:19:29.095,asdf,self_20260531_151909,clip_120,1,rest,,2.1009,842559.0,raspberry_pi_seeed_gsr,"842559,2.1009"
2026-05-31T15:19:29.116,asdf,self_20260531_151909,clip_120,1,rest,,2.0993,842580.0,raspberry_pi_seeed_gsr,"842580,2.0993"
2026-05-31T15:19:29.137,asdf,self_20260531_151909,clip_120,1,rest,,2.0937,842601.0,raspberry_pi_seeed_gsr,"842601,2.0937"
2026-05-31T15:19:29.158,asdf,self_20260531_151909,clip_120,1,rest,,2.1033,842622.0,raspberry_pi_seeed_gsr,"842622,2.1033"
2026-05-31T15:19:29.179,asdf,self_20260531_151909,clip_120,1,rest,,2.0928,842643.0,raspberry_pi_seeed_gsr,"842643,2.0928"
2026-05-31T15:19:29.200,asdf,self_20260531_151909,clip_120,1,rest,,2.1017,842664.0,raspberry_pi_seeed_gsr,"842664,2.1017"
2026-05-31T15:19:29.221,asdf,self_20260531_151909,clip_120,1,rest,,2.0985,842685.0,raspberry_pi_seeed_gsr,"842685,2.0985"
2026-05-31T15:19:29.242,asdf,self_20260531_151909,clip_120,1,rest,,2.1017,842706.0,raspberry_pi_seeed_gsr,"842706,2.1017"
2026-05-31T15:19:29.263,asdf,self_20260531_151909,clip_120,1,rest,,2.0985,842727.0,raspberry_pi_seeed_gsr,"842727,2.0985"
2026-05-31T15:19:29.284,asdf,self_20260531_151909,clip_120,1,rest,,2.0937,842748.0,raspberry_pi_seeed_gsr,"842748,2.0937"
2026-05-31T15:19:29.305,asdf,self_20260531_151909,clip_120,1,rest,,2.0985,842769.0,raspberry_pi_seeed_gsr,"842769,2.0985"
2026-05-31T15:19:29.350,asdf,self_20260531_151909,clip_120,1,rest,,2.0977,842790.0,raspberry_pi_seeed_gsr,"842790,2.0977"
2026-05-31T15:19:29.351,asdf,self_20260531_151909,clip_120,1,rest,,2.0985,842811.0,raspberry_pi_seeed_gsr,"842811,2.0985"
2026-05-31T15:19:29.368,asdf,self_20260531_151909,clip_120,1,rest,,2.0953,842832.0,raspberry_pi_seeed_gsr,"842832,2.0953"
2026-05-31T15:19:29.389,asdf,self_20260531_151909,clip_120,1,rest,,2.0928,842853.0,raspberry_pi_seeed_gsr,"842853,2.0928"
2026-05-31T15:19:29.410,asdf,self_20260531_151909,clip_120,1,rest,,2.0985,842874.0,raspberry_pi_seeed_gsr,"842874,2.0985"
2026-05-31T15:19:29.431,asdf,self_20260531_151909,clip_120,1,rest,,2.0937,842895.0,raspberry_pi_seeed_gsr,"842895,2.0937"
2026-05-31T15:19:29.452,asdf,self_20260531_151909,clip_120,1,rest,,2.1106,842916.0,raspberry_pi_seeed_gsr,"842916,2.1106"
2026-05-31T15:19:29.473,asdf,self_20260531_151909,clip_120,1,rest,,2.1082,842937.0,raspberry_pi_seeed_gsr,"842937,2.1082"
2026-05-31T15:19:29.494,asdf,self_20260531_151909,clip_120,1,rest,,2.0993,842958.0,raspberry_pi_seeed_gsr,"842958,2.0993"
2026-05-31T15:19:29.515,asdf,self_20260531_151909,clip_120,1,rest,,2.1001,842979.0,raspberry_pi_seeed_gsr,"842979,2.1001"
2026-05-31T15:19:29.536,asdf,self_20260531_151909,clip_120,1,rest,,2.1049,843000.0,raspberry_pi_seeed_gsr,"843000,2.1049"
2026-05-31T15:19:29.557,asdf,self_20260531_151909,clip_120,1,rest,,2.1001,843021.0,raspberry_pi_seeed_gsr,"843021,2.1001"
2026-05-31T15:19:29.592,asdf,self_20260531_151909,clip_120,1,rest,,2.0993,843042.0,raspberry_pi_seeed_gsr,"843042,2.0993"
2026-05-31T15:19:29.599,asdf,self_20260531_151909,clip_120,1,rest,,2.1041,843063.0,raspberry_pi_seeed_gsr,"843063,2.1041"
2026-05-31T15:19:29.620,asdf,self_20260531_151909,clip_120,1,rest,,2.0977,843084.0,raspberry_pi_seeed_gsr,"843084,2.0977"
2026-05-31T15:19:29.641,asdf,self_20260531_151909,clip_120,1,rest,,2.0969,843105.0,raspberry_pi_seeed_gsr,"843105,2.0969"
2026-05-31T15:19:29.662,asdf,self_20260531_151909,clip_120,1,rest,,2.1065,843126.0,raspberry_pi_seeed_gsr,"843126,2.1065"
2026-05-31T15:19:29.683,asdf,self_20260531_151909,clip_120,1,rest,,2.1025,843147.0,raspberry_pi_seeed_gsr,"843147,2.1025"
2026-05-31T15:19:29.704,asdf,self_20260531_151909,clip_120,1,rest,,2.0985,843168.0,raspberry_pi_seeed_gsr,"843168,2.0985"
2026-05-31T15:19:29.725,asdf,self_20260531_151909,clip_120,1,rest,,2.0993,843189.0,raspberry_pi_seeed_gsr,"843189,2.0993"
2026-05-31T15:19:29.746,asdf,self_20260531_151909,clip_120,1,rest,,2.0993,843210.0,raspberry_pi_seeed_gsr,"843210,2.0993"
2026-05-31T15:19:29.767,asdf,self_20260531_151909,clip_120,1,rest,,2.1001,843231.0,raspberry_pi_seeed_gsr,"843231,2.1001"
2026-05-31T15:19:29.788,asdf,self_20260531_151909,clip_120,1,rest,,2.0969,843252.0,raspberry_pi_seeed_gsr,"843252,2.0969"
2026-05-31T15:19:29.809,asdf,self_20260531_151909,clip_120,1,rest,,2.1001,843273.0,raspberry_pi_seeed_gsr,"843273,2.1001"
2026-05-31T15:19:29.853,asdf,self_20260531_151909,clip_120,1,rest,,2.1001,843294.0,raspberry_pi_seeed_gsr,"843294,2.1001"
2026-05-31T15:19:29.854,asdf,self_20260531_151909,clip_120,1,rest,,2.0993,843315.0,raspberry_pi_seeed_gsr,"843315,2.0993"
2026-05-31T15:19:29.872,asdf,self_20260531_151909,clip_120,1,rest,,2.1009,843336.0,raspberry_pi_seeed_gsr,"843336,2.1009"
2026-05-31T15:19:29.893,asdf,self_20260531_151909,clip_120,1,rest,,2.0993,843357.0,raspberry_pi_seeed_gsr,"843357,2.0993"
2026-05-31T15:19:29.914,asdf,self_20260531_151909,clip_120,1,rest,,2.0993,843378.0,raspberry_pi_seeed_gsr,"843378,2.0993"
2026-05-31T15:19:29.935,asdf,self_20260531_151909,clip_120,1,rest,,2.1001,843399.0,raspberry_pi_seeed_gsr,"843399,2.1001"
2026-05-31T15:19:29.956,asdf,self_20260531_151909,clip_120,1,rest,,2.0985,843420.0,raspberry_pi_seeed_gsr,"843420,2.0985"
2026-05-31T15:19:29.977,asdf,self_20260531_151909,clip_120,1,rest,,2.0953,843441.0,raspberry_pi_seeed_gsr,"843441,2.0953"
2026-05-31T15:19:29.998,asdf,self_20260531_151909,clip_120,1,rest,,2.0993,843462.0,raspberry_pi_seeed_gsr,"843462,2.0993"
2026-05-31T15:19:30.019,asdf,self_20260531_151909,clip_120,1,rest,,2.1009,843483.0,raspberry_pi_seeed_gsr,"843483,2.1009"
2026-05-31T15:19:30.040,asdf,self_20260531_151909,clip_120,1,rest,,2.0993,843504.0,raspberry_pi_seeed_gsr,"843504,2.0993"
2026-05-31T15:19:30.061,asdf,self_20260531_151909,clip_120,1,rest,,2.1122,843525.0,raspberry_pi_seeed_gsr,"843525,2.1122"
2026-05-31T15:19:30.103,asdf,self_20260531_151909,clip_120,1,rest,,2.1065,843546.0,raspberry_pi_seeed_gsr,"843546,2.1065"
2026-05-31T15:19:30.104,asdf,self_20260531_151909,clip_120,1,rest,,2.0985,843567.0,raspberry_pi_seeed_gsr,"843567,2.0985"
2026-05-31T15:19:30.124,asdf,self_20260531_151909,clip_120,1,rest,,2.0928,843588.0,raspberry_pi_seeed_gsr,"843588,2.0928"
2026-05-31T15:19:30.145,asdf,self_20260531_151909,clip_120,1,rest,,2.0993,843609.0,raspberry_pi_seeed_gsr,"843609,2.0993"
2026-05-31T15:19:30.166,asdf,self_20260531_151909,clip_120,1,rest,,2.0953,843630.0,raspberry_pi_seeed_gsr,"843630,2.0953"
2026-05-31T15:19:30.187,asdf,self_20260531_151909,clip_120,1,rest,,2.1009,843651.0,raspberry_pi_seeed_gsr,"843651,2.1009"
2026-05-31T15:19:30.208,asdf,self_20260531_151909,clip_120,1,rest,,2.0928,843672.0,raspberry_pi_seeed_gsr,"843672,2.0928"
2026-05-31T15:19:30.229,asdf,self_20260531_151909,clip_120,1,rest,,2.0937,843693.0,raspberry_pi_seeed_gsr,"843693,2.0937"
2026-05-31T15:19:30.250,asdf,self_20260531_151909,clip_120,1,rest,,2.0904,843714.0,raspberry_pi_seeed_gsr,"843714,2.0904"
2026-05-31T15:19:30.271,asdf,self_20260531_151909,clip_120,1,rest,,2.0993,843735.0,raspberry_pi_seeed_gsr,"843735,2.0993"
2026-05-31T15:19:30.292,asdf,self_20260531_151909,clip_120,1,rest,,2.0961,843756.0,raspberry_pi_seeed_gsr,"843756,2.0961"
2026-05-31T15:19:30.313,asdf,self_20260531_151909,clip_120,1,rest,,2.1033,843777.0,raspberry_pi_seeed_gsr,"843777,2.1033"
2026-05-31T15:19:30.390,asdf,self_20260531_151909,clip_120,1,rest,,2.1049,843798.0,raspberry_pi_seeed_gsr,"843798,2.1049"
2026-05-31T15:19:30.391,asdf,self_20260531_151909,clip_120,1,rest,,2.0993,843819.0,raspberry_pi_seeed_gsr,"843819,2.0993"
2026-05-31T15:19:30.391,asdf,self_20260531_151909,clip_120,1,rest,,2.0961,843840.0,raspberry_pi_seeed_gsr,"843840,2.0961"
2026-05-31T15:19:30.397,asdf,self_20260531_151909,clip_120,1,rest,,2.1001,843861.0,raspberry_pi_seeed_gsr,"843861,2.1001"
2026-05-31T15:19:30.418,asdf,self_20260531_151909,clip_120,1,rest,,2.0985,843882.0,raspberry_pi_seeed_gsr,"843882,2.0985"
2026-05-31T15:19:30.439,asdf,self_20260531_151909,clip_120,1,rest,,2.1017,843903.0,raspberry_pi_seeed_gsr,"843903,2.1017"
2026-05-31T15:19:30.460,asdf,self_20260531_151909,clip_120,1,rest,,2.0985,843924.0,raspberry_pi_seeed_gsr,"843924,2.0985"
2026-05-31T15:19:30.481,asdf,self_20260531_151909,clip_120,1,rest,,2.1001,843945.0,raspberry_pi_seeed_gsr,"843945,2.1001"
2026-05-31T15:19:30.502,asdf,self_20260531_151909,clip_120,1,rest,,2.0985,843966.0,raspberry_pi_seeed_gsr,"843966,2.0985"
2026-05-31T15:19:30.523,asdf,self_20260531_151909,clip_120,1,rest,,2.1001,843987.0,raspberry_pi_seeed_gsr,"843987,2.1001"
2026-05-31T15:19:30.544,asdf,self_20260531_151909,clip_120,1,rest,,2.1009,844008.0,raspberry_pi_seeed_gsr,"844008,2.1009"
2026-05-31T15:19:30.565,asdf,self_20260531_151909,clip_120,1,rest,,2.1106,844029.0,raspberry_pi_seeed_gsr,"844029,2.1106"
2026-05-31T15:19:30.586,asdf,self_20260531_151909,clip_120,1,rest,,2.1049,844050.0,raspberry_pi_seeed_gsr,"844050,2.1049"
2026-05-31T15:19:30.628,asdf,self_20260531_151909,clip_120,1,rest,,2.1082,844071.0,raspberry_pi_seeed_gsr,"844071,2.1082"
2026-05-31T15:19:30.629,asdf,self_20260531_151909,clip_120,1,rest,,2.1009,844092.0,raspberry_pi_seeed_gsr,"844092,2.1009"
2026-05-31T15:19:30.649,asdf,self_20260531_151909,clip_120,1,rest,,2.1017,844113.0,raspberry_pi_seeed_gsr,"844113,2.1017"
2026-05-31T15:19:30.670,asdf,self_20260531_151909,clip_120,1,rest,,2.1001,844134.0,raspberry_pi_seeed_gsr,"844134,2.1001"
2026-05-31T15:19:30.691,asdf,self_20260531_151909,clip_120,1,rest,,2.109,844155.0,raspberry_pi_seeed_gsr,"844155,2.1090"
2026-05-31T15:19:30.712,asdf,self_20260531_151909,clip_120,1,rest,,2.0985,844176.0,raspberry_pi_seeed_gsr,"844176,2.0985"
2026-05-31T15:19:30.733,asdf,self_20260531_151909,clip_120,1,rest,,2.092,844197.0,raspberry_pi_seeed_gsr,"844197,2.0920"
2026-05-31T15:19:30.754,asdf,self_20260531_151909,clip_120,1,rest,,2.1025,844218.0,raspberry_pi_seeed_gsr,"844218,2.1025"
2026-05-31T15:19:30.775,asdf,self_20260531_151909,clip_120,1,rest,,2.1041,844239.0,raspberry_pi_seeed_gsr,"844239,2.1041"
2026-05-31T15:19:30.796,asdf,self_20260531_151909,clip_120,1,rest,,2.1041,844260.0,raspberry_pi_seeed_gsr,"844260,2.1041"
2026-05-31T15:19:30.817,asdf,self_20260531_151909,clip_120,1,rest,,2.0969,844281.0,raspberry_pi_seeed_gsr,"844281,2.0969"
2026-05-31T15:19:30.838,asdf,self_20260531_151909,clip_120,1,rest,,2.1009,844302.0,raspberry_pi_seeed_gsr,"844302,2.1009"
2026-05-31T15:19:30.879,asdf,self_20260531_151909,clip_120,1,rest,,2.1025,844323.0,raspberry_pi_seeed_gsr,"844323,2.1025"
2026-05-31T15:19:30.880,asdf,self_20260531_151909,clip_120,1,rest,,2.1001,844344.0,raspberry_pi_seeed_gsr,"844344,2.1001"
2026-05-31T15:19:30.901,asdf,self_20260531_151909,clip_120,1,rest,,2.1049,844365.0,raspberry_pi_seeed_gsr,"844365,2.1049"
2026-05-31T15:19:30.922,asdf,self_20260531_151909,clip_120,1,rest,,2.1041,844386.0,raspberry_pi_seeed_gsr,"844386,2.1041"
2026-05-31T15:19:30.943,asdf,self_20260531_151909,clip_120,1,rest,,2.0993,844407.0,raspberry_pi_seeed_gsr,"844407,2.0993"
2026-05-31T15:19:30.964,asdf,self_20260531_151909,clip_120,1,rest,,2.0969,844428.0,raspberry_pi_seeed_gsr,"844428,2.0969"
2026-05-31T15:19:30.985,asdf,self_20260531_151909,clip_120,1,rest,,2.109,844449.0,raspberry_pi_seeed_gsr,"844449,2.1090"
2026-05-31T15:19:31.006,asdf,self_20260531_151909,clip_120,1,rest,,2.1001,844470.0,raspberry_pi_seeed_gsr,"844470,2.1001"
2026-05-31T15:19:31.027,asdf,self_20260531_151909,clip_120,1,rest,,2.1001,844491.0,raspberry_pi_seeed_gsr,"844491,2.1001"
2026-05-31T15:19:31.048,asdf,self_20260531_151909,clip_120,1,rest,,2.1001,844512.0,raspberry_pi_seeed_gsr,"844512,2.1001"
2026-05-31T15:19:31.069,asdf,self_20260531_151909,clip_120,1,rest,,2.0993,844533.0,raspberry_pi_seeed_gsr,"844533,2.0993"
2026-05-31T15:19:31.090,asdf,self_20260531_151909,clip_120,1,rest,,2.1347,844554.0,raspberry_pi_seeed_gsr,"844554,2.1347"
2026-05-31T15:19:31.134,asdf,self_20260531_151909,clip_120,1,rest,,2.0993,844575.0,raspberry_pi_seeed_gsr,"844575,2.0993"
2026-05-31T15:19:31.135,asdf,self_20260531_151909,clip_120,1,rest,,2.0953,844596.0,raspberry_pi_seeed_gsr,"844596,2.0953"
2026-05-31T15:19:31.153,asdf,self_20260531_151909,clip_120,1,rest,,2.1001,844617.0,raspberry_pi_seeed_gsr,"844617,2.1001"
2026-05-31T15:19:31.174,asdf,self_20260531_151909,clip_120,1,rest,,2.1009,844638.0,raspberry_pi_seeed_gsr,"844638,2.1009"
2026-05-31T15:19:31.195,asdf,self_20260531_151909,clip_120,1,rest,,2.0969,844659.0,raspberry_pi_seeed_gsr,"844659,2.0969"
2026-05-31T15:19:31.216,asdf,self_20260531_151909,clip_120,1,rest,,2.0953,844680.0,raspberry_pi_seeed_gsr,"844680,2.0953"
2026-05-31T15:19:31.237,asdf,self_20260531_151909,clip_120,1,rest,,2.0993,844701.0,raspberry_pi_seeed_gsr,"844701,2.0993"
2026-05-31T15:19:31.258,asdf,self_20260531_151909,clip_120,1,rest,,2.1106,844722.0,raspberry_pi_seeed_gsr,"844722,2.1106"
2026-05-31T15:19:31.279,asdf,self_20260531_151909,clip_120,1,rest,,2.1065,844743.0,raspberry_pi_seeed_gsr,"844743,2.1065"
2026-05-31T15:19:31.300,asdf,self_20260531_151909,clip_120,1,rest,,2.0993,844764.0,raspberry_pi_seeed_gsr,"844764,2.0993"
2026-05-31T15:19:31.321,asdf,self_20260531_151909,clip_120,1,rest,,2.0985,844785.0,raspberry_pi_seeed_gsr,"844785,2.0985"
2026-05-31T15:19:31.342,asdf,self_20260531_151909,clip_120,1,rest,,2.1033,844806.0,raspberry_pi_seeed_gsr,"844806,2.1033"
2026-05-31T15:19:31.387,asdf,self_20260531_151909,clip_120,1,rest,,2.0969,844827.0,raspberry_pi_seeed_gsr,"844827,2.0969"
2026-05-31T15:19:31.388,asdf,self_20260531_151909,clip_120,1,rest,,2.0993,844848.0,raspberry_pi_seeed_gsr,"844848,2.0993"
2026-05-31T15:19:31.405,asdf,self_20260531_151909,clip_120,1,rest,,2.1033,844869.0,raspberry_pi_seeed_gsr,"844869,2.1033"
2026-05-31T15:19:31.426,asdf,self_20260531_151909,clip_120,1,rest,,2.1098,844890.0,raspberry_pi_seeed_gsr,"844890,2.1098"
2026-05-31T15:19:31.447,asdf,self_20260531_151909,clip_120,1,rest,,2.1025,844911.0,raspberry_pi_seeed_gsr,"844911,2.1025"
2026-05-31T15:19:31.468,asdf,self_20260531_151909,clip_120,1,rest,,2.1017,844932.0,raspberry_pi_seeed_gsr,"844932,2.1017"
2026-05-31T15:19:31.489,asdf,self_20260531_151909,clip_120,1,rest,,2.0969,844953.0,raspberry_pi_seeed_gsr,"844953,2.0969"
2026-05-31T15:19:33.549,asdf,self_20260531_151909,clip_120,1,listen,,2.0912,846443.0,raspberry_pi_seeed_gsr,"846443,2.0912"
2026-05-31T15:19:33.552,asdf,self_20260531_151909,clip_120,1,listen,,2.0993,846464.0,raspberry_pi_seeed_gsr,"846464,2.0993"
2026-05-31T15:19:33.553,asdf,self_20260531_151909,clip_120,1,listen,,2.0993,846485.0,raspberry_pi_seeed_gsr,"846485,2.0993"
2026-05-31T15:19:33.554,asdf,self_20260531_151909,clip_120,1,listen,,2.1017,846506.0,raspberry_pi_seeed_gsr,"846506,2.1017"
2026-05-31T15:19:33.556,asdf,self_20260531_151909,clip_120,1,listen,,2.1001,846527.0,raspberry_pi_seeed_gsr,"846527,2.1001"
2026-05-31T15:19:33.556,asdf,self_20260531_151909,clip_120,1,listen,,2.0985,846548.0,raspberry_pi_seeed_gsr,"846548,2.0985"
2026-05-31T15:19:33.558,asdf,self_20260531_151909,clip_120,1,listen,,2.0961,846569.0,raspberry_pi_seeed_gsr,"846569,2.0961"
2026-05-31T15:19:33.559,asdf,self_20260531_151909,clip_120,1,listen,,2.1001,846590.0,raspberry_pi_seeed_gsr,"846590,2.1001"
2026-05-31T15:19:33.560,asdf,self_20260531_151909,clip_120,1,listen,,2.1025,846611.0,raspberry_pi_seeed_gsr,"846611,2.1025"
2026-05-31T15:19:33.561,asdf,self_20260531_151909,clip_120,1,listen,,2.0985,846632.0,raspberry_pi_seeed_gsr,"846632,2.0985"
2026-05-31T15:19:33.562,asdf,self_20260531_151909,clip_120,1,listen,,2.0985,846653.0,raspberry_pi_seeed_gsr,"846653,2.0985"
2026-05-31T15:19:33.562,asdf,self_20260531_151909,clip_120,1,listen,,2.0993,846674.0,raspberry_pi_seeed_gsr,"846674,2.0993"
2026-05-31T15:19:33.564,asdf,self_20260531_151909,clip_120,1,listen,,2.0953,846695.0,raspberry_pi_seeed_gsr,"846695,2.0953"
2026-05-31T15:19:33.565,asdf,self_20260531_151909,clip_120,1,listen,,2.0904,846716.0,raspberry_pi_seeed_gsr,"846716,2.0904"
2026-05-31T15:19:33.566,asdf,self_20260531_151909,clip_120,1,listen,,2.0993,846737.0,raspberry_pi_seeed_gsr,"846737,2.0993"
2026-05-31T15:19:33.567,asdf,self_20260531_151909,clip_120,1,listen,,2.1001,846758.0,raspberry_pi_seeed_gsr,"846758,2.1001"
2026-05-31T15:19:33.568,asdf,self_20260531_151909,clip_120,1,listen,,2.0993,846779.0,raspberry_pi_seeed_gsr,"846779,2.0993"
2026-05-31T15:19:33.569,asdf,self_20260531_151909,clip_120,1,listen,,2.0937,846800.0,raspberry_pi_seeed_gsr,"846800,2.0937"
2026-05-31T15:19:33.569,asdf,self_20260531_151909,clip_120,1,listen,,2.0977,846821.0,raspberry_pi_seeed_gsr,"846821,2.0977"
2026-05-31T15:19:33.570,asdf,self_20260531_151909,clip_120,1,listen,,2.0993,846842.0,raspberry_pi_seeed_gsr,"846842,2.0993"
2026-05-31T15:19:33.571,asdf,self_20260531_151909,clip_120,1,listen,,2.1001,846863.0,raspberry_pi_seeed_gsr,"846863,2.1001"
2026-05-31T15:19:33.572,asdf,self_20260531_151909,clip_120,1,listen,,2.1001,846884.0,raspberry_pi_seeed_gsr,"846884,2.1001"
2026-05-31T15:19:33.573,asdf,self_20260531_151909,clip_120,1,listen,,2.1065,846905.0,raspberry_pi_seeed_gsr,"846905,2.1065"
2026-05-31T15:19:33.573,asdf,self_20260531_151909,clip_120,1,listen,,2.0993,846926.0,raspberry_pi_seeed_gsr,"846926,2.0993"
2026-05-31T15:19:33.574,asdf,self_20260531_151909,clip_120,1,listen,,2.1065,846947.0,raspberry_pi_seeed_gsr,"846947,2.1065"
2026-05-31T15:19:33.574,asdf,self_20260531_151909,clip_120,1,listen,,2.1017,846968.0,raspberry_pi_seeed_gsr,"846968,2.1017"
2026-05-31T15:19:33.575,asdf,self_20260531_151909,clip_120,1,listen,,2.0961,846989.0,raspberry_pi_seeed_gsr,"846989,2.0961"
2026-05-31T15:19:33.576,asdf,self_20260531_151909,clip_120,1,listen,,2.0985,847010.0,raspberry_pi_seeed_gsr,"847010,2.0985"
2026-05-31T15:19:33.577,asdf,self_20260531_151909,clip_120,1,listen,,2.0969,847031.0,raspberry_pi_seeed_gsr,"847031,2.0969"
2026-05-31T15:19:33.588,asdf,self_20260531_151909,clip_120,1,listen,,2.0985,847052.0,raspberry_pi_seeed_gsr,"847052,2.0985"
2026-05-31T15:19:33.609,asdf,self_20260531_151909,clip_120,1,listen,,2.0961,847073.0,raspberry_pi_seeed_gsr,"847073,2.0961"
2026-05-31T15:19:33.630,asdf,self_20260531_151909,clip_120,1,listen,,2.1549,847094.0,raspberry_pi_seeed_gsr,"847094,2.1549"
2026-05-31T15:19:33.651,asdf,self_20260531_151909,clip_120,1,listen,,2.0872,847115.0,raspberry_pi_seeed_gsr,"847115,2.0872"
2026-05-31T15:19:33.672,asdf,self_20260531_151909,clip_120,1,listen,,2.1057,847136.0,raspberry_pi_seeed_gsr,"847136,2.1057"
2026-05-31T15:19:33.693,asdf,self_20260531_151909,clip_120,1,listen,,2.1001,847157.0,raspberry_pi_seeed_gsr,"847157,2.1001"
2026-05-31T15:19:33.714,asdf,self_20260531_151909,clip_120,1,listen,,2.1001,847178.0,raspberry_pi_seeed_gsr,"847178,2.1001"
2026-05-31T15:19:33.735,asdf,self_20260531_151909,clip_120,1,listen,,2.1001,847199.0,raspberry_pi_seeed_gsr,"847199,2.1001"
2026-05-31T15:19:33.756,asdf,self_20260531_151909,clip_120,1,listen,,2.0985,847220.0,raspberry_pi_seeed_gsr,"847220,2.0985"
2026-05-31T15:19:33.777,asdf,self_20260531_151909,clip_120,1,listen,,2.1017,847241.0,raspberry_pi_seeed_gsr,"847241,2.1017"
2026-05-31T15:19:33.798,asdf,self_20260531_151909,clip_120,1,listen,,2.0928,847262.0,raspberry_pi_seeed_gsr,"847262,2.0928"
2026-05-31T15:19:33.819,asdf,self_20260531_151909,clip_120,1,listen,,2.0937,847283.0,raspberry_pi_seeed_gsr,"847283,2.0937"
2026-05-31T15:19:33.873,asdf,self_20260531_151909,clip_120,1,listen,,2.1001,847304.0,raspberry_pi_seeed_gsr,"847304,2.1001"
2026-05-31T15:19:33.874,asdf,self_20260531_151909,clip_120,1,listen,,2.1009,847325.0,raspberry_pi_seeed_gsr,"847325,2.1009"
2026-05-31T15:19:33.882,asdf,self_20260531_151909,clip_120,1,listen,,2.1009,847346.0,raspberry_pi_seeed_gsr,"847346,2.1009"
2026-05-31T15:19:33.903,asdf,self_20260531_151909,clip_120,1,listen,,2.0993,847367.0,raspberry_pi_seeed_gsr,"847367,2.0993"
2026-05-31T15:19:33.924,asdf,self_20260531_151909,clip_120,1,listen,,2.0953,847388.0,raspberry_pi_seeed_gsr,"847388,2.0953"
2026-05-31T15:19:33.945,asdf,self_20260531_151909,clip_120,1,listen,,2.0977,847409.0,raspberry_pi_seeed_gsr,"847409,2.0977"
2026-05-31T15:19:33.966,asdf,self_20260531_151909,clip_120,1,listen,,2.0953,847430.0,raspberry_pi_seeed_gsr,"847430,2.0953"
2026-05-31T15:19:33.987,asdf,self_20260531_151909,clip_120,1,listen,,2.0993,847451.0,raspberry_pi_seeed_gsr,"847451,2.0993"
2026-05-31T15:19:34.008,asdf,self_20260531_151909,clip_120,1,listen,,2.1001,847472.0,raspberry_pi_seeed_gsr,"847472,2.1001"
2026-05-31T15:19:34.029,asdf,self_20260531_151909,clip_120,1,listen,,2.1025,847493.0,raspberry_pi_seeed_gsr,"847493,2.1025"
2026-05-31T15:19:34.050,asdf,self_20260531_151909,clip_120,1,listen,,2.0977,847514.0,raspberry_pi_seeed_gsr,"847514,2.0977"
2026-05-31T15:19:34.072,asdf,self_20260531_151909,clip_120,1,listen,,2.0977,847535.0,raspberry_pi_seeed_gsr,"847535,2.0977"
2026-05-31T15:19:34.118,asdf,self_20260531_151909,clip_120,1,listen,,2.0985,847556.0,raspberry_pi_seeed_gsr,"847556,2.0985"
2026-05-31T15:19:34.119,asdf,self_20260531_151909,clip_120,1,listen,,2.0993,847577.0,raspberry_pi_seeed_gsr,"847577,2.0993"
2026-05-31T15:19:34.134,asdf,self_20260531_151909,clip_120,1,listen,,2.0912,847598.0,raspberry_pi_seeed_gsr,"847598,2.0912"
2026-05-31T15:19:34.155,asdf,self_20260531_151909,clip_120,1,listen,,2.1033,847619.0,raspberry_pi_seeed_gsr,"847619,2.1033"
2026-05-31T15:19:34.176,asdf,self_20260531_151909,clip_120,1,listen,,2.1057,847640.0,raspberry_pi_seeed_gsr,"847640,2.1057"
2026-05-31T15:19:34.197,asdf,self_20260531_151909,clip_120,1,listen,,2.0993,847661.0,raspberry_pi_seeed_gsr,"847661,2.0993"
2026-05-31T15:19:34.218,asdf,self_20260531_151909,clip_120,1,listen,,2.0993,847682.0,raspberry_pi_seeed_gsr,"847682,2.0993"
2026-05-31T15:19:34.239,asdf,self_20260531_151909,clip_120,1,listen,,2.0864,847703.0,raspberry_pi_seeed_gsr,"847703,2.0864"
2026-05-31T15:19:34.260,asdf,self_20260531_151909,clip_120,1,listen,,2.0993,847724.0,raspberry_pi_seeed_gsr,"847724,2.0993"
2026-05-31T15:19:34.281,asdf,self_20260531_151909,clip_120,1,listen,,2.1025,847745.0,raspberry_pi_seeed_gsr,"847745,2.1025"
2026-05-31T15:19:34.302,asdf,self_20260531_151909,clip_120,1,listen,,2.092,847766.0,raspberry_pi_seeed_gsr,"847766,2.0920"
2026-05-31T15:19:34.323,asdf,self_20260531_151909,clip_120,1,listen,,2.1001,847787.0,raspberry_pi_seeed_gsr,"847787,2.1001"
2026-05-31T15:19:34.369,asdf,self_20260531_151909,clip_120,1,listen,,2.0969,847808.0,raspberry_pi_seeed_gsr,"847808,2.0969"
2026-05-31T15:19:34.370,asdf,self_20260531_151909,clip_120,1,listen,,2.1001,847829.0,raspberry_pi_seeed_gsr,"847829,2.1001"
2026-05-31T15:19:34.386,asdf,self_20260531_151909,clip_120,1,listen,,2.0977,847850.0,raspberry_pi_seeed_gsr,"847850,2.0977"
2026-05-31T15:19:34.407,asdf,self_20260531_151909,clip_120,1,listen,,2.0904,847871.0,raspberry_pi_seeed_gsr,"847871,2.0904"
2026-05-31T15:19:34.428,asdf,self_20260531_151909,clip_120,1,listen,,2.0953,847892.0,raspberry_pi_seeed_gsr,"847892,2.0953"
2026-05-31T15:19:34.449,asdf,self_20260531_151909,clip_120,1,listen,,2.0993,847913.0,raspberry_pi_seeed_gsr,"847913,2.0993"
2026-05-31T15:19:34.470,asdf,self_20260531_151909,clip_120,1,listen,,2.0993,847934.0,raspberry_pi_seeed_gsr,"847934,2.0993"
2026-05-31T15:19:34.491,asdf,self_20260531_151909,clip_120,1,listen,,2.0993,847955.0,raspberry_pi_seeed_gsr,"847955,2.0993"
2026-05-31T15:19:34.512,asdf,self_20260531_151909,clip_120,1,listen,,2.0937,847976.0,raspberry_pi_seeed_gsr,"847976,2.0937"
2026-05-31T15:19:34.533,asdf,self_20260531_151909,clip_120,1,listen,,2.1025,847997.0,raspberry_pi_seeed_gsr,"847997,2.1025"
2026-05-31T15:19:34.554,asdf,self_20260531_151909,clip_120,1,listen,,2.1001,848018.0,raspberry_pi_seeed_gsr,"848018,2.1001"
2026-05-31T15:19:34.575,asdf,self_20260531_151909,clip_120,1,listen,,2.0993,848039.0,raspberry_pi_seeed_gsr,"848039,2.0993"
2026-05-31T15:19:34.621,asdf,self_20260531_151909,clip_120,1,listen,,2.0961,848060.0,raspberry_pi_seeed_gsr,"848060,2.0961"
2026-05-31T15:19:34.622,asdf,self_20260531_151909,clip_120,1,listen,,2.1098,848081.0,raspberry_pi_seeed_gsr,"848081,2.1098"
2026-05-31T15:19:34.638,asdf,self_20260531_151909,clip_120,1,listen,,2.1082,848102.0,raspberry_pi_seeed_gsr,"848102,2.1082"
2026-05-31T15:19:34.659,asdf,self_20260531_151909,clip_120,1,listen,,2.1009,848123.0,raspberry_pi_seeed_gsr,"848123,2.1009"
2026-05-31T15:19:34.680,asdf,self_20260531_151909,clip_120,1,listen,,2.0896,848144.0,raspberry_pi_seeed_gsr,"848144,2.0896"
2026-05-31T15:19:34.701,asdf,self_20260531_151909,clip_120,1,listen,,2.1025,848165.0,raspberry_pi_seeed_gsr,"848165,2.1025"
2026-05-31T15:19:34.722,asdf,self_20260531_151909,clip_120,1,listen,,2.088,848186.0,raspberry_pi_seeed_gsr,"848186,2.0880"
2026-05-31T15:19:34.743,asdf,self_20260531_151909,clip_120,1,listen,,2.0985,848207.0,raspberry_pi_seeed_gsr,"848207,2.0985"
2026-05-31T15:19:34.764,asdf,self_20260531_151909,clip_120,1,listen,,2.0993,848228.0,raspberry_pi_seeed_gsr,"848228,2.0993"
2026-05-31T15:19:34.785,asdf,self_20260531_151909,clip_120,1,listen,,2.1106,848249.0,raspberry_pi_seeed_gsr,"848249,2.1106"
2026-05-31T15:19:34.806,asdf,self_20260531_151909,clip_120,1,listen,,2.0961,848270.0,raspberry_pi_seeed_gsr,"848270,2.0961"
2026-05-31T15:19:34.827,asdf,self_20260531_151909,clip_120,1,listen,,2.1057,848291.0,raspberry_pi_seeed_gsr,"848291,2.1057"
2026-05-31T15:19:34.865,asdf,self_20260531_151909,clip_120,1,listen,,2.0993,848312.0,raspberry_pi_seeed_gsr,"848312,2.0993"
2026-05-31T15:19:34.869,asdf,self_20260531_151909,clip_120,1,listen,,2.1041,848333.0,raspberry_pi_seeed_gsr,"848333,2.1041"
2026-05-31T15:19:34.890,asdf,self_20260531_151909,clip_120,1,listen,,2.1049,848354.0,raspberry_pi_seeed_gsr,"848354,2.1049"
2026-05-31T15:19:34.911,asdf,self_20260531_151909,clip_120,1,listen,,2.1025,848375.0,raspberry_pi_seeed_gsr,"848375,2.1025"
2026-05-31T15:19:34.932,asdf,self_20260531_151909,clip_120,1,listen,,2.1001,848396.0,raspberry_pi_seeed_gsr,"848396,2.1001"
2026-05-31T15:19:34.953,asdf,self_20260531_151909,clip_120,1,listen,,2.0993,848417.0,raspberry_pi_seeed_gsr,"848417,2.0993"
2026-05-31T15:19:34.974,asdf,self_20260531_151909,clip_120,1,listen,,2.0993,848438.0,raspberry_pi_seeed_gsr,"848438,2.0993"
2026-05-31T15:19:34.995,asdf,self_20260531_151909,clip_120,1,listen,,2.1009,848459.0,raspberry_pi_seeed_gsr,"848459,2.1009"
2026-05-31T15:19:35.016,asdf,self_20260531_151909,clip_120,1,listen,,2.0985,848480.0,raspberry_pi_seeed_gsr,"848480,2.0985"
2026-05-31T15:19:35.037,asdf,self_20260531_151909,clip_120,1,listen,,2.0993,848501.0,raspberry_pi_seeed_gsr,"848501,2.0993"
2026-05-31T15:19:35.058,asdf,self_20260531_151909,clip_120,1,listen,,2.1057,848522.0,raspberry_pi_seeed_gsr,"848522,2.1057"
2026-05-31T15:19:35.079,asdf,self_20260531_151909,clip_120,1,listen,,2.0961,848543.0,raspberry_pi_seeed_gsr,"848543,2.0961"
2026-05-31T15:19:35.122,asdf,self_20260531_151909,clip_120,1,listen,,2.0993,848564.0,raspberry_pi_seeed_gsr,"848564,2.0993"
2026-05-31T15:19:35.123,asdf,self_20260531_151909,clip_120,1,listen,,2.0993,848585.0,raspberry_pi_seeed_gsr,"848585,2.0993"
2026-05-31T15:19:35.142,asdf,self_20260531_151909,clip_120,1,listen,,2.0985,848606.0,raspberry_pi_seeed_gsr,"848606,2.0985"
2026-05-31T15:19:35.163,asdf,self_20260531_151909,clip_120,1,listen,,2.092,848627.0,raspberry_pi_seeed_gsr,"848627,2.0920"
2026-05-31T15:19:35.184,asdf,self_20260531_151909,clip_120,1,listen,,2.1049,848648.0,raspberry_pi_seeed_gsr,"848648,2.1049"
2026-05-31T15:19:35.205,asdf,self_20260531_151909,clip_120,1,listen,,2.08,848669.0,raspberry_pi_seeed_gsr,"848669,2.0800"
2026-05-31T15:19:35.226,asdf,self_20260531_151909,clip_120,1,listen,,2.1009,848690.0,raspberry_pi_seeed_gsr,"848690,2.1009"
2026-05-31T15:19:35.247,asdf,self_20260531_151909,clip_120,1,listen,,2.1041,848711.0,raspberry_pi_seeed_gsr,"848711,2.1041"
2026-05-31T15:19:35.268,asdf,self_20260531_151909,clip_120,1,listen,,2.0937,848732.0,raspberry_pi_seeed_gsr,"848732,2.0937"
2026-05-31T15:19:35.289,asdf,self_20260531_151909,clip_120,1,listen,,2.0993,848753.0,raspberry_pi_seeed_gsr,"848753,2.0993"
2026-05-31T15:19:35.310,asdf,self_20260531_151909,clip_120,1,listen,,2.092,848774.0,raspberry_pi_seeed_gsr,"848774,2.0920"
2026-05-31T15:19:35.331,asdf,self_20260531_151909,clip_120,1,listen,,2.1025,848795.0,raspberry_pi_seeed_gsr,"848795,2.1025"
2026-05-31T15:19:35.371,asdf,self_20260531_151909,clip_120,1,listen,,2.0969,848816.0,raspberry_pi_seeed_gsr,"848816,2.0969"
2026-05-31T15:19:35.373,asdf,self_20260531_151909,clip_120,1,listen,,2.1073,848837.0,raspberry_pi_seeed_gsr,"848837,2.1073"
2026-05-31T15:19:35.394,asdf,self_20260531_151909,clip_120,1,listen,,2.1033,848858.0,raspberry_pi_seeed_gsr,"848858,2.1033"
2026-05-31T15:19:35.415,asdf,self_20260531_151909,clip_120,1,listen,,2.0985,848879.0,raspberry_pi_seeed_gsr,"848879,2.0985"
2026-05-31T15:19:35.436,asdf,self_20260531_151909,clip_120,1,listen,,2.0912,848900.0,raspberry_pi_seeed_gsr,"848900,2.0912"
2026-05-31T15:19:35.457,asdf,self_20260531_151909,clip_120,1,listen,,2.0993,848921.0,raspberry_pi_seeed_gsr,"848921,2.0993"
2026-05-31T15:19:35.478,asdf,self_20260531_151909,clip_120,1,listen,,2.1017,848942.0,raspberry_pi_seeed_gsr,"848942,2.1017"
2026-05-31T15:19:35.499,asdf,self_20260531_151909,clip_120,1,listen,,2.0993,848963.0,raspberry_pi_seeed_gsr,"848963,2.0993"
2026-05-31T15:19:35.520,asdf,self_20260531_151909,clip_120,1,listen,,2.0977,848984.0,raspberry_pi_seeed_gsr,"848984,2.0977"
2026-05-31T15:19:35.541,asdf,self_20260531_151909,clip_120,1,listen,,2.0945,849005.0,raspberry_pi_seeed_gsr,"849005,2.0945"
2026-05-31T15:19:35.562,asdf,self_20260531_151909,clip_120,1,listen,,2.1049,849026.0,raspberry_pi_seeed_gsr,"849026,2.1049"
2026-05-31T15:19:35.583,asdf,self_20260531_151909,clip_120,1,listen,,2.1033,849047.0,raspberry_pi_seeed_gsr,"849047,2.1033"
2026-05-31T15:19:35.634,asdf,self_20260531_151909,clip_120,1,listen,,2.0985,849068.0,raspberry_pi_seeed_gsr,"849068,2.0985"
2026-05-31T15:19:35.636,asdf,self_20260531_151909,clip_120,1,listen,,2.0993,849089.0,raspberry_pi_seeed_gsr,"849089,2.0993"
2026-05-31T15:19:35.646,asdf,self_20260531_151909,clip_120,1,listen,,2.1001,849110.0,raspberry_pi_seeed_gsr,"849110,2.1001"
2026-05-31T15:19:35.667,asdf,self_20260531_151909,clip_120,1,listen,,2.1017,849131.0,raspberry_pi_seeed_gsr,"849131,2.1017"
2026-05-31T15:19:35.688,asdf,self_20260531_151909,clip_120,1,listen,,2.1009,849152.0,raspberry_pi_seeed_gsr,"849152,2.1009"
2026-05-31T15:19:35.709,asdf,self_20260531_151909,clip_120,1,listen,,2.1065,849173.0,raspberry_pi_seeed_gsr,"849173,2.1065"
2026-05-31T15:19:35.730,asdf,self_20260531_151909,clip_120,1,listen,,2.0985,849194.0,raspberry_pi_seeed_gsr,"849194,2.0985"
2026-05-31T15:19:35.751,asdf,self_20260531_151909,clip_120,1,listen,,2.1001,849215.0,raspberry_pi_seeed_gsr,"849215,2.1001"
2026-05-31T15:19:35.772,asdf,self_20260531_151909,clip_120,1,listen,,2.1001,849236.0,raspberry_pi_seeed_gsr,"849236,2.1001"
2026-05-31T15:19:35.793,asdf,self_20260531_151909,clip_120,1,listen,,2.0993,849257.0,raspberry_pi_seeed_gsr,"849257,2.0993"
2026-05-31T15:19:35.814,asdf,self_20260531_151909,clip_120,1,listen,,2.1001,849278.0,raspberry_pi_seeed_gsr,"849278,2.1001"
2026-05-31T15:19:35.835,asdf,self_20260531_151909,clip_120,1,listen,,2.0985,849299.0,raspberry_pi_seeed_gsr,"849299,2.0985"
2026-05-31T15:19:35.859,asdf,self_20260531_151909,clip_120,1,listen,,2.0993,849320.0,raspberry_pi_seeed_gsr,"849320,2.0993"
2026-05-31T15:19:35.877,asdf,self_20260531_151909,clip_120,1,listen,,2.1001,849341.0,raspberry_pi_seeed_gsr,"849341,2.1001"
2026-05-31T15:19:35.898,asdf,self_20260531_151909,clip_120,1,listen,,2.1001,849362.0,raspberry_pi_seeed_gsr,"849362,2.1001"
2026-05-31T15:19:35.919,asdf,self_20260531_151909,clip_120,1,listen,,2.0961,849383.0,raspberry_pi_seeed_gsr,"849383,2.0961"
2026-05-31T15:19:35.940,asdf,self_20260531_151909,clip_120,1,listen,,2.1041,849404.0,raspberry_pi_seeed_gsr,"849404,2.1041"
2026-05-31T15:19:35.961,asdf,self_20260531_151909,clip_120,1,listen,,2.1017,849425.0,raspberry_pi_seeed_gsr,"849425,2.1017"
2026-05-31T15:19:35.982,asdf,self_20260531_151909,clip_120,1,listen,,2.0953,849446.0,raspberry_pi_seeed_gsr,"849446,2.0953"
2026-05-31T15:19:36.003,asdf,self_20260531_151909,clip_120,1,listen,,2.0961,849467.0,raspberry_pi_seeed_gsr,"849467,2.0961"
2026-05-31T15:19:36.024,asdf,self_20260531_151909,clip_120,1,listen,,2.0969,849488.0,raspberry_pi_seeed_gsr,"849488,2.0969"
2026-05-31T15:19:36.045,asdf,self_20260531_151909,clip_120,1,listen,,2.1025,849509.0,raspberry_pi_seeed_gsr,"849509,2.1025"
2026-05-31T15:19:36.066,asdf,self_20260531_151909,clip_120,1,listen,,2.0969,849530.0,raspberry_pi_seeed_gsr,"849530,2.0969"
2026-05-31T15:19:36.087,asdf,self_20260531_151909,clip_120,1,listen,,2.0993,849551.0,raspberry_pi_seeed_gsr,"849551,2.0993"
2026-05-31T15:19:36.113,asdf,self_20260531_151909,clip_120,1,listen,,2.092,849572.0,raspberry_pi_seeed_gsr,"849572,2.0920"
2026-05-31T15:19:36.129,asdf,self_20260531_151909,clip_120,1,listen,,2.1065,849593.0,raspberry_pi_seeed_gsr,"849593,2.1065"
2026-05-31T15:19:36.150,asdf,self_20260531_151909,clip_120,1,listen,,2.1017,849614.0,raspberry_pi_seeed_gsr,"849614,2.1017"
2026-05-31T15:19:36.171,asdf,self_20260531_151909,clip_120,1,listen,,2.0985,849635.0,raspberry_pi_seeed_gsr,"849635,2.0985"
2026-05-31T15:19:36.192,asdf,self_20260531_151909,clip_120,1,listen,,2.0993,849656.0,raspberry_pi_seeed_gsr,"849656,2.0993"
2026-05-31T15:19:36.213,asdf,self_20260531_151909,clip_120,1,listen,,2.0993,849677.0,raspberry_pi_seeed_gsr,"849677,2.0993"
2026-05-31T15:19:36.234,asdf,self_20260531_151909,clip_120,1,listen,,2.0993,849698.0,raspberry_pi_seeed_gsr,"849698,2.0993"
2026-05-31T15:19:36.255,asdf,self_20260531_151909,clip_120,1,listen,,2.0783,849719.0,raspberry_pi_seeed_gsr,"849719,2.0783"
2026-05-31T15:19:36.276,asdf,self_20260531_151909,clip_120,1,listen,,2.0969,849740.0,raspberry_pi_seeed_gsr,"849740,2.0969"
2026-05-31T15:19:36.297,asdf,self_20260531_151909,clip_120,1,listen,,2.1017,849761.0,raspberry_pi_seeed_gsr,"849761,2.1017"
2026-05-31T15:19:36.318,asdf,self_20260531_151909,clip_120,1,listen,,2.0937,849782.0,raspberry_pi_seeed_gsr,"849782,2.0937"
2026-05-31T15:19:36.339,asdf,self_20260531_151909,clip_120,1,listen,,2.0985,849803.0,raspberry_pi_seeed_gsr,"849803,2.0985"
2026-05-31T15:19:36.362,asdf,self_20260531_151909,clip_120,1,listen,,2.1001,849824.0,raspberry_pi_seeed_gsr,"849824,2.1001"
2026-05-31T15:19:36.381,asdf,self_20260531_151909,clip_120,1,listen,,2.1049,849845.0,raspberry_pi_seeed_gsr,"849845,2.1049"
2026-05-31T15:19:36.402,asdf,self_20260531_151909,clip_120,1,listen,,2.0993,849866.0,raspberry_pi_seeed_gsr,"849866,2.0993"
2026-05-31T15:19:36.423,asdf,self_20260531_151909,clip_120,1,listen,,2.1017,849887.0,raspberry_pi_seeed_gsr,"849887,2.1017"
2026-05-31T15:19:36.444,asdf,self_20260531_151909,clip_120,1,listen,,2.0549,849908.0,raspberry_pi_seeed_gsr,"849908,2.0549"
2026-05-31T15:19:36.465,asdf,self_20260531_151909,clip_120,1,listen,,2.0977,849929.0,raspberry_pi_seeed_gsr,"849929,2.0977"
2026-05-31T15:19:36.486,asdf,self_20260531_151909,clip_120,1,listen,,2.0969,849950.0,raspberry_pi_seeed_gsr,"849950,2.0969"
2026-05-31T15:19:36.507,asdf,self_20260531_151909,clip_120,1,listen,,2.1001,849971.0,raspberry_pi_seeed_gsr,"849971,2.1001"
2026-05-31T15:19:36.528,asdf,self_20260531_151909,clip_120,1,listen,,2.1009,849992.0,raspberry_pi_seeed_gsr,"849992,2.1009"
2026-05-31T15:19:36.549,asdf,self_20260531_151909,clip_120,1,listen,,2.1033,850013.0,raspberry_pi_seeed_gsr,"850013,2.1033"
2026-05-31T15:19:36.570,asdf,self_20260531_151909,clip_120,1,listen,,2.1057,850034.0,raspberry_pi_seeed_gsr,"850034,2.1057"
2026-05-31T15:19:36.591,asdf,self_20260531_151909,clip_120,1,listen,,2.1017,850055.0,raspberry_pi_seeed_gsr,"850055,2.1017"
2026-05-31T15:19:36.616,asdf,self_20260531_151909,clip_120,1,listen,,2.0993,850076.0,raspberry_pi_seeed_gsr,"850076,2.0993"
2026-05-31T15:19:36.633,asdf,self_20260531_151909,clip_120,1,listen,,2.092,850097.0,raspberry_pi_seeed_gsr,"850097,2.0920"
2026-05-31T15:19:36.654,asdf,self_20260531_151909,clip_120,1,listen,,2.1001,850118.0,raspberry_pi_seeed_gsr,"850118,2.1001"
2026-05-31T15:19:36.675,asdf,self_20260531_151909,clip_120,1,listen,,2.0993,850139.0,raspberry_pi_seeed_gsr,"850139,2.0993"
2026-05-31T15:19:36.696,asdf,self_20260531_151909,clip_120,1,listen,,2.0961,850160.0,raspberry_pi_seeed_gsr,"850160,2.0961"
2026-05-31T15:19:36.717,asdf,self_20260531_151909,clip_120,1,listen,,2.1009,850181.0,raspberry_pi_seeed_gsr,"850181,2.1009"
2026-05-31T15:19:36.738,asdf,self_20260531_151909,clip_120,1,listen,,2.1114,850202.0,raspberry_pi_seeed_gsr,"850202,2.1114"
2026-05-31T15:19:36.759,asdf,self_20260531_151909,clip_120,1,listen,,2.0977,850223.0,raspberry_pi_seeed_gsr,"850223,2.0977"
2026-05-31T15:19:36.780,asdf,self_20260531_151909,clip_120,1,listen,,2.1025,850244.0,raspberry_pi_seeed_gsr,"850244,2.1025"
2026-05-31T15:19:36.801,asdf,self_20260531_151909,clip_120,1,listen,,2.0993,850265.0,raspberry_pi_seeed_gsr,"850265,2.0993"
2026-05-31T15:19:36.822,asdf,self_20260531_151909,clip_120,1,listen,,2.0953,850286.0,raspberry_pi_seeed_gsr,"850286,2.0953"
2026-05-31T15:19:36.843,asdf,self_20260531_151909,clip_120,1,listen,,2.0985,850307.0,raspberry_pi_seeed_gsr,"850307,2.0985"
2026-05-31T15:19:36.877,asdf,self_20260531_151909,clip_120,1,listen,,2.0985,850328.0,raspberry_pi_seeed_gsr,"850328,2.0985"
2026-05-31T15:19:36.885,asdf,self_20260531_151909,clip_120,1,listen,,2.0928,850349.0,raspberry_pi_seeed_gsr,"850349,2.0928"
2026-05-31T15:19:36.906,asdf,self_20260531_151909,clip_120,1,listen,,2.0969,850370.0,raspberry_pi_seeed_gsr,"850370,2.0969"
2026-05-31T15:19:36.927,asdf,self_20260531_151909,clip_120,1,listen,,2.1057,850391.0,raspberry_pi_seeed_gsr,"850391,2.1057"
2026-05-31T15:19:36.948,asdf,self_20260531_151909,clip_120,1,listen,,2.1065,850412.0,raspberry_pi_seeed_gsr,"850412,2.1065"
2026-05-31T15:19:36.970,asdf,self_20260531_151909,clip_120,1,listen,,2.1033,850433.0,raspberry_pi_seeed_gsr,"850433,2.1033"
2026-05-31T15:19:36.990,asdf,self_20260531_151909,clip_120,1,listen,,2.1001,850454.0,raspberry_pi_seeed_gsr,"850454,2.1001"
2026-05-31T15:19:37.011,asdf,self_20260531_151909,clip_120,1,listen,,2.0993,850475.0,raspberry_pi_seeed_gsr,"850475,2.0993"
2026-05-31T15:19:37.032,asdf,self_20260531_151909,clip_120,1,listen,,2.0969,850496.0,raspberry_pi_seeed_gsr,"850496,2.0969"
2026-05-31T15:19:37.053,asdf,self_20260531_151909,clip_120,1,listen,,2.1025,850517.0,raspberry_pi_seeed_gsr,"850517,2.1025"
2026-05-31T15:19:37.074,asdf,self_20260531_151909,clip_120,1,listen,,2.1009,850538.0,raspberry_pi_seeed_gsr,"850538,2.1009"
2026-05-31T15:19:37.095,asdf,self_20260531_151909,clip_120,1,listen,,2.1001,850559.0,raspberry_pi_seeed_gsr,"850559,2.1001"
2026-05-31T15:19:37.130,asdf,self_20260531_151909,clip_120,1,listen,,2.0993,850580.0,raspberry_pi_seeed_gsr,"850580,2.0993"
2026-05-31T15:19:37.137,asdf,self_20260531_151909,clip_120,1,listen,,2.1162,850601.0,raspberry_pi_seeed_gsr,"850601,2.1162"
2026-05-31T15:19:37.158,asdf,self_20260531_151909,clip_120,1,listen,,2.1049,850622.0,raspberry_pi_seeed_gsr,"850622,2.1049"
2026-05-31T15:19:37.179,asdf,self_20260531_151909,clip_120,1,listen,,2.0953,850643.0,raspberry_pi_seeed_gsr,"850643,2.0953"
2026-05-31T15:19:37.200,asdf,self_20260531_151909,clip_120,1,listen,,2.1001,850664.0,raspberry_pi_seeed_gsr,"850664,2.1001"
2026-05-31T15:19:37.221,asdf,self_20260531_151909,clip_120,1,listen,,2.0993,850685.0,raspberry_pi_seeed_gsr,"850685,2.0993"
2026-05-31T15:19:37.242,asdf,self_20260531_151909,clip_120,1,listen,,2.1082,850706.0,raspberry_pi_seeed_gsr,"850706,2.1082"
2026-05-31T15:19:37.263,asdf,self_20260531_151909,clip_120,1,listen,,2.0985,850727.0,raspberry_pi_seeed_gsr,"850727,2.0985"
2026-05-31T15:19:37.284,asdf,self_20260531_151909,clip_120,1,listen,,2.0993,850748.0,raspberry_pi_seeed_gsr,"850748,2.0993"
2026-05-31T15:19:37.305,asdf,self_20260531_151909,clip_120,1,listen,,2.1025,850769.0,raspberry_pi_seeed_gsr,"850769,2.1025"
2026-05-31T15:19:37.326,asdf,self_20260531_151909,clip_120,1,listen,,2.1025,850790.0,raspberry_pi_seeed_gsr,"850790,2.1025"
2026-05-31T15:19:37.347,asdf,self_20260531_151909,clip_120,1,listen,,2.1025,850811.0,raspberry_pi_seeed_gsr,"850811,2.1025"
2026-05-31T15:19:37.386,asdf,self_20260531_151909,clip_120,1,listen,,2.1001,850832.0,raspberry_pi_seeed_gsr,"850832,2.1001"
2026-05-31T15:19:37.389,asdf,self_20260531_151909,clip_120,1,listen,,2.0937,850853.0,raspberry_pi_seeed_gsr,"850853,2.0937"
2026-05-31T15:19:37.410,asdf,self_20260531_151909,clip_120,1,listen,,2.0977,850874.0,raspberry_pi_seeed_gsr,"850874,2.0977"
2026-05-31T15:19:37.431,asdf,self_20260531_151909,clip_120,1,listen,,2.109,850895.0,raspberry_pi_seeed_gsr,"850895,2.1090"
2026-05-31T15:19:37.452,asdf,self_20260531_151909,clip_120,1,listen,,2.1049,850916.0,raspberry_pi_seeed_gsr,"850916,2.1049"
2026-05-31T15:19:37.473,asdf,self_20260531_151909,clip_120,1,listen,,2.1025,850937.0,raspberry_pi_seeed_gsr,"850937,2.1025"
2026-05-31T15:19:37.494,asdf,self_20260531_151909,clip_120,1,listen,,2.092,850958.0,raspberry_pi_seeed_gsr,"850958,2.0920"
2026-05-31T15:19:37.515,asdf,self_20260531_151909,clip_120,1,listen,,2.1001,850979.0,raspberry_pi_seeed_gsr,"850979,2.1001"
2026-05-31T15:19:37.536,asdf,self_20260531_151909,clip_120,1,listen,,2.1001,851000.0,raspberry_pi_seeed_gsr,"851000,2.1001"
2026-05-31T15:19:37.557,asdf,self_20260531_151909,clip_120,1,listen,,2.1017,851021.0,raspberry_pi_seeed_gsr,"851021,2.1017"
2026-05-31T15:19:37.578,asdf,self_20260531_151909,clip_120,1,listen,,2.1017,851042.0,raspberry_pi_seeed_gsr,"851042,2.1017"
2026-05-31T15:19:37.599,asdf,self_20260531_151909,clip_120,1,listen,,2.0993,851063.0,raspberry_pi_seeed_gsr,"851063,2.0993"
2026-05-31T15:19:37.642,asdf,self_20260531_151909,clip_120,1,listen,,2.0985,851084.0,raspberry_pi_seeed_gsr,"851084,2.0985"
2026-05-31T15:19:37.643,asdf,self_20260531_151909,clip_120,1,listen,,2.1017,851105.0,raspberry_pi_seeed_gsr,"851105,2.1017"
2026-05-31T15:19:37.662,asdf,self_20260531_151909,clip_120,1,listen,,2.0985,851126.0,raspberry_pi_seeed_gsr,"851126,2.0985"
2026-05-31T15:19:37.683,asdf,self_20260531_151909,clip_120,1,listen,,2.092,851147.0,raspberry_pi_seeed_gsr,"851147,2.0920"
2026-05-31T15:19:37.704,asdf,self_20260531_151909,clip_120,1,listen,,2.1025,851168.0,raspberry_pi_seeed_gsr,"851168,2.1025"
2026-05-31T15:19:37.725,asdf,self_20260531_151909,clip_120,1,listen,,2.0985,851189.0,raspberry_pi_seeed_gsr,"851189,2.0985"
2026-05-31T15:19:37.746,asdf,self_20260531_151909,clip_120,1,listen,,2.1025,851210.0,raspberry_pi_seeed_gsr,"851210,2.1025"
2026-05-31T15:19:37.767,asdf,self_20260531_151909,clip_120,1,listen,,2.0912,851231.0,raspberry_pi_seeed_gsr,"851231,2.0912"
2026-05-31T15:19:37.788,asdf,self_20260531_151909,clip_120,1,listen,,2.0985,851252.0,raspberry_pi_seeed_gsr,"851252,2.0985"
2026-05-31T15:19:37.809,asdf,self_20260531_151909,clip_120,1,listen,,2.0953,851273.0,raspberry_pi_seeed_gsr,"851273,2.0953"
2026-05-31T15:19:37.830,asdf,self_20260531_151909,clip_120,1,listen,,2.1001,851294.0,raspberry_pi_seeed_gsr,"851294,2.1001"
2026-05-31T15:19:37.851,asdf,self_20260531_151909,clip_120,1,listen,,2.1001,851315.0,raspberry_pi_seeed_gsr,"851315,2.1001"
2026-05-31T15:19:37.877,asdf,self_20260531_151909,clip_120,1,listen,,2.0993,851336.0,raspberry_pi_seeed_gsr,"851336,2.0993"
2026-05-31T15:19:37.893,asdf,self_20260531_151909,clip_120,1,listen,,2.1041,851357.0,raspberry_pi_seeed_gsr,"851357,2.1041"
2026-05-31T15:19:37.914,asdf,self_20260531_151909,clip_120,1,listen,,2.0985,851378.0,raspberry_pi_seeed_gsr,"851378,2.0985"
2026-05-31T15:19:37.935,asdf,self_20260531_151909,clip_120,1,listen,,2.0993,851399.0,raspberry_pi_seeed_gsr,"851399,2.0993"
2026-05-31T15:19:37.956,asdf,self_20260531_151909,clip_120,1,listen,,2.1073,851420.0,raspberry_pi_seeed_gsr,"851420,2.1073"
2026-05-31T15:19:37.977,asdf,self_20260531_151909,clip_120,1,listen,,2.0937,851441.0,raspberry_pi_seeed_gsr,"851441,2.0937"
2026-05-31T15:19:37.998,asdf,self_20260531_151909,clip_120,1,listen,,2.1001,851462.0,raspberry_pi_seeed_gsr,"851462,2.1001"
2026-05-31T15:19:38.019,asdf,self_20260531_151909,clip_120,1,listen,,2.1017,851483.0,raspberry_pi_seeed_gsr,"851483,2.1017"
2026-05-31T15:19:38.040,asdf,self_20260531_151909,clip_120,1,listen,,2.0993,851504.0,raspberry_pi_seeed_gsr,"851504,2.0993"
2026-05-31T15:19:38.061,asdf,self_20260531_151909,clip_120,1,listen,,2.1017,851525.0,raspberry_pi_seeed_gsr,"851525,2.1017"
2026-05-31T15:19:38.082,asdf,self_20260531_151909,clip_120,1,listen,,2.0977,851546.0,raspberry_pi_seeed_gsr,"851546,2.0977"
2026-05-31T15:19:38.103,asdf,self_20260531_151909,clip_120,1,listen,,2.0953,851567.0,raspberry_pi_seeed_gsr,"851567,2.0953"
2026-05-31T15:19:38.143,asdf,self_20260531_151909,clip_120,1,listen,,2.1001,851588.0,raspberry_pi_seeed_gsr,"851588,2.1001"
2026-05-31T15:19:38.145,asdf,self_20260531_151909,clip_120,1,listen,,2.092,851609.0,raspberry_pi_seeed_gsr,"851609,2.0920"
2026-05-31T15:19:38.166,asdf,self_20260531_151909,clip_120,1,listen,,2.1017,851630.0,raspberry_pi_seeed_gsr,"851630,2.1017"
2026-05-31T15:19:38.187,asdf,self_20260531_151909,clip_120,1,listen,,2.1017,851651.0,raspberry_pi_seeed_gsr,"851651,2.1017"
2026-05-31T15:19:38.208,asdf,self_20260531_151909,clip_120,1,listen,,2.1041,851672.0,raspberry_pi_seeed_gsr,"851672,2.1041"
2026-05-31T15:19:38.229,asdf,self_20260531_151909,clip_120,1,listen,,2.1041,851693.0,raspberry_pi_seeed_gsr,"851693,2.1041"
2026-05-31T15:19:38.250,asdf,self_20260531_151909,clip_120,1,listen,,2.1001,851714.0,raspberry_pi_seeed_gsr,"851714,2.1001"
2026-05-31T15:19:38.271,asdf,self_20260531_151909,clip_120,1,listen,,2.1001,851735.0,raspberry_pi_seeed_gsr,"851735,2.1001"
2026-05-31T15:19:38.292,asdf,self_20260531_151909,clip_120,1,listen,,2.1001,851756.0,raspberry_pi_seeed_gsr,"851756,2.1001"
2026-05-31T15:19:38.313,asdf,self_20260531_151909,clip_120,1,listen,,2.092,851777.0,raspberry_pi_seeed_gsr,"851777,2.0920"
2026-05-31T15:19:38.334,asdf,self_20260531_151909,clip_120,1,listen,,2.0961,851798.0,raspberry_pi_seeed_gsr,"851798,2.0961"
2026-05-31T15:19:38.355,asdf,self_20260531_151909,clip_120,1,listen,,2.0993,851819.0,raspberry_pi_seeed_gsr,"851819,2.0993"
2026-05-31T15:19:38.392,asdf,self_20260531_151909,clip_120,1,listen,,2.1025,851840.0,raspberry_pi_seeed_gsr,"851840,2.1025"
2026-05-31T15:19:38.397,asdf,self_20260531_151909,clip_120,1,listen,,2.1025,851861.0,raspberry_pi_seeed_gsr,"851861,2.1025"
2026-05-31T15:19:38.418,asdf,self_20260531_151909,clip_120,1,listen,,2.1025,851882.0,raspberry_pi_seeed_gsr,"851882,2.1025"
2026-05-31T15:19:38.439,asdf,self_20260531_151909,clip_120,1,listen,,2.1001,851903.0,raspberry_pi_seeed_gsr,"851903,2.1001"
2026-05-31T15:19:38.460,asdf,self_20260531_151909,clip_120,1,listen,,2.1001,851924.0,raspberry_pi_seeed_gsr,"851924,2.1001"
2026-05-31T15:19:38.481,asdf,self_20260531_151909,clip_120,1,listen,,2.0969,851945.0,raspberry_pi_seeed_gsr,"851945,2.0969"
2026-05-31T15:19:38.502,asdf,self_20260531_151909,clip_120,1,listen,,2.0993,851966.0,raspberry_pi_seeed_gsr,"851966,2.0993"
2026-05-31T15:19:38.523,asdf,self_20260531_151909,clip_120,1,listen,,2.0985,851987.0,raspberry_pi_seeed_gsr,"851987,2.0985"
2026-05-31T15:19:38.544,asdf,self_20260531_151909,clip_120,1,listen,,2.1017,852008.0,raspberry_pi_seeed_gsr,"852008,2.1017"
2026-05-31T15:19:38.565,asdf,self_20260531_151909,clip_120,1,listen,,2.0985,852029.0,raspberry_pi_seeed_gsr,"852029,2.0985"
2026-05-31T15:19:38.586,asdf,self_20260531_151909,clip_120,1,listen,,2.1009,852050.0,raspberry_pi_seeed_gsr,"852050,2.1009"
2026-05-31T15:19:38.607,asdf,self_20260531_151909,clip_120,1,listen,,2.0937,852071.0,raspberry_pi_seeed_gsr,"852071,2.0937"
2026-05-31T15:19:38.645,asdf,self_20260531_151909,clip_120,1,listen,,2.1001,852092.0,raspberry_pi_seeed_gsr,"852092,2.1001"
2026-05-31T15:19:38.649,asdf,self_20260531_151909,clip_120,1,listen,,2.0969,852113.0,raspberry_pi_seeed_gsr,"852113,2.0969"
2026-05-31T15:19:38.670,asdf,self_20260531_151909,clip_120,1,listen,,2.1001,852134.0,raspberry_pi_seeed_gsr,"852134,2.1001"
2026-05-31T15:19:38.691,asdf,self_20260531_151909,clip_120,1,listen,,2.1025,852155.0,raspberry_pi_seeed_gsr,"852155,2.1025"
2026-05-31T15:19:38.712,asdf,self_20260531_151909,clip_120,1,listen,,2.0993,852176.0,raspberry_pi_seeed_gsr,"852176,2.0993"
2026-05-31T15:19:38.734,asdf,self_20260531_151909,clip_120,1,listen,,2.0961,852197.0,raspberry_pi_seeed_gsr,"852197,2.0961"
2026-05-31T15:19:38.754,asdf,self_20260531_151909,clip_120,1,listen,,2.1001,852218.0,raspberry_pi_seeed_gsr,"852218,2.1001"
2026-05-31T15:19:38.775,asdf,self_20260531_151909,clip_120,1,listen,,2.0993,852239.0,raspberry_pi_seeed_gsr,"852239,2.0993"
2026-05-31T15:19:38.796,asdf,self_20260531_151909,clip_120,1,listen,,2.0993,852260.0,raspberry_pi_seeed_gsr,"852260,2.0993"
2026-05-31T15:19:38.817,asdf,self_20260531_151909,clip_120,1,listen,,2.063,852281.0,raspberry_pi_seeed_gsr,"852281,2.0630"
2026-05-31T15:19:38.838,asdf,self_20260531_151909,clip_120,1,listen,,2.0969,852302.0,raspberry_pi_seeed_gsr,"852302,2.0969"
2026-05-31T15:19:38.859,asdf,self_20260531_151909,clip_120,1,listen,,2.092,852323.0,raspberry_pi_seeed_gsr,"852323,2.0920"
2026-05-31T15:19:38.902,asdf,self_20260531_151909,clip_120,1,listen,,2.1073,852344.0,raspberry_pi_seeed_gsr,"852344,2.1073"
2026-05-31T15:19:38.903,asdf,self_20260531_151909,clip_120,1,listen,,2.0928,852365.0,raspberry_pi_seeed_gsr,"852365,2.0928"
2026-05-31T15:19:38.922,asdf,self_20260531_151909,clip_120,1,listen,,2.0969,852386.0,raspberry_pi_seeed_gsr,"852386,2.0969"
2026-05-31T15:19:38.943,asdf,self_20260531_151909,clip_120,1,listen,,2.1001,852407.0,raspberry_pi_seeed_gsr,"852407,2.1001"
2026-05-31T15:19:38.964,asdf,self_20260531_151909,clip_120,1,listen,,2.109,852428.0,raspberry_pi_seeed_gsr,"852428,2.1090"
2026-05-31T15:19:38.985,asdf,self_20260531_151909,clip_120,1,listen,,2.1082,852449.0,raspberry_pi_seeed_gsr,"852449,2.1082"
2026-05-31T15:19:39.006,asdf,self_20260531_151909,clip_120,1,listen,,2.1041,852470.0,raspberry_pi_seeed_gsr,"852470,2.1041"
2026-05-31T15:19:39.027,asdf,self_20260531_151909,clip_120,1,listen,,2.1073,852491.0,raspberry_pi_seeed_gsr,"852491,2.1073"
2026-05-31T15:19:39.048,asdf,self_20260531_151909,clip_120,1,listen,,2.1017,852512.0,raspberry_pi_seeed_gsr,"852512,2.1017"
2026-05-31T15:19:39.069,asdf,self_20260531_151909,clip_120,1,listen,,2.0928,852533.0,raspberry_pi_seeed_gsr,"852533,2.0928"
2026-05-31T15:19:39.090,asdf,self_20260531_151909,clip_120,1,listen,,2.109,852554.0,raspberry_pi_seeed_gsr,"852554,2.1090"
2026-05-31T15:19:39.111,asdf,self_20260531_151909,clip_120,1,listen,,2.1025,852575.0,raspberry_pi_seeed_gsr,"852575,2.1025"
2026-05-31T15:19:39.157,asdf,self_20260531_151909,clip_120,1,listen,,2.1106,852596.0,raspberry_pi_seeed_gsr,"852596,2.1106"
2026-05-31T15:19:39.157,asdf,self_20260531_151909,clip_120,1,listen,,2.1001,852617.0,raspberry_pi_seeed_gsr,"852617,2.1001"
2026-05-31T15:19:39.174,asdf,self_20260531_151909,clip_120,1,listen,,2.1017,852638.0,raspberry_pi_seeed_gsr,"852638,2.1017"
2026-05-31T15:19:39.195,asdf,self_20260531_151909,clip_120,1,listen,,2.1049,852659.0,raspberry_pi_seeed_gsr,"852659,2.1049"
2026-05-31T15:19:39.216,asdf,self_20260531_151909,clip_120,1,listen,,2.1106,852680.0,raspberry_pi_seeed_gsr,"852680,2.1106"
2026-05-31T15:19:39.237,asdf,self_20260531_151909,clip_120,1,listen,,2.1122,852701.0,raspberry_pi_seeed_gsr,"852701,2.1122"
2026-05-31T15:19:39.258,asdf,self_20260531_151909,clip_120,1,listen,,2.1033,852722.0,raspberry_pi_seeed_gsr,"852722,2.1033"
2026-05-31T15:19:39.279,asdf,self_20260531_151909,clip_120,1,listen,,2.1041,852743.0,raspberry_pi_seeed_gsr,"852743,2.1041"
2026-05-31T15:19:39.300,asdf,self_20260531_151909,clip_120,1,listen,,2.109,852764.0,raspberry_pi_seeed_gsr,"852764,2.1090"
2026-05-31T15:19:39.321,asdf,self_20260531_151909,clip_120,1,listen,,2.1106,852785.0,raspberry_pi_seeed_gsr,"852785,2.1106"
2026-05-31T15:19:39.342,asdf,self_20260531_151909,clip_120,1,listen,,2.1017,852806.0,raspberry_pi_seeed_gsr,"852806,2.1017"
2026-05-31T15:19:39.363,asdf,self_20260531_151909,clip_120,1,listen,,2.0928,852827.0,raspberry_pi_seeed_gsr,"852827,2.0928"
2026-05-31T15:19:39.405,asdf,self_20260531_151909,clip_120,1,listen,,2.109,852848.0,raspberry_pi_seeed_gsr,"852848,2.1090"
2026-05-31T15:19:39.407,asdf,self_20260531_151909,clip_120,1,listen,,2.0904,852869.0,raspberry_pi_seeed_gsr,"852869,2.0904"
2026-05-31T15:19:39.426,asdf,self_20260531_151909,clip_120,1,listen,,2.1122,852890.0,raspberry_pi_seeed_gsr,"852890,2.1122"
2026-05-31T15:19:39.447,asdf,self_20260531_151909,clip_120,1,listen,,2.08,852911.0,raspberry_pi_seeed_gsr,"852911,2.0800"
2026-05-31T15:19:39.468,asdf,self_20260531_151909,clip_120,1,listen,,2.1033,852932.0,raspberry_pi_seeed_gsr,"852932,2.1033"
2026-05-31T15:19:39.489,asdf,self_20260531_151909,clip_120,1,listen,,2.1041,852953.0,raspberry_pi_seeed_gsr,"852953,2.1041"
2026-05-31T15:19:39.510,asdf,self_20260531_151909,clip_120,1,listen,,2.0993,852974.0,raspberry_pi_seeed_gsr,"852974,2.0993"
2026-05-31T15:19:39.531,asdf,self_20260531_151909,clip_120,1,listen,,2.0993,852995.0,raspberry_pi_seeed_gsr,"852995,2.0993"
2026-05-31T15:19:39.552,asdf,self_20260531_151909,clip_120,1,listen,,2.0896,853016.0,raspberry_pi_seeed_gsr,"853016,2.0896"
2026-05-31T15:19:39.573,asdf,self_20260531_151909,clip_120,1,listen,,2.1017,853037.0,raspberry_pi_seeed_gsr,"853037,2.1017"
2026-05-31T15:19:39.594,asdf,self_20260531_151909,clip_120,1,listen,,2.1065,853058.0,raspberry_pi_seeed_gsr,"853058,2.1065"
2026-05-31T15:19:39.615,asdf,self_20260531_151909,clip_120,1,listen,,2.1049,853079.0,raspberry_pi_seeed_gsr,"853079,2.1049"
2026-05-31T15:19:39.658,asdf,self_20260531_151909,clip_120,1,listen,,2.1057,853100.0,raspberry_pi_seeed_gsr,"853100,2.1057"
2026-05-31T15:19:39.659,asdf,self_20260531_151909,clip_120,1,listen,,2.0937,853121.0,raspberry_pi_seeed_gsr,"853121,2.0937"
2026-05-31T15:19:39.678,asdf,self_20260531_151909,clip_120,1,listen,,2.0993,853142.0,raspberry_pi_seeed_gsr,"853142,2.0993"
2026-05-31T15:19:39.699,asdf,self_20260531_151909,clip_120,1,listen,,2.0953,853163.0,raspberry_pi_seeed_gsr,"853163,2.0953"
2026-05-31T15:19:39.720,asdf,self_20260531_151909,clip_120,1,listen,,2.1154,853184.0,raspberry_pi_seeed_gsr,"853184,2.1154"
2026-05-31T15:19:39.741,asdf,self_20260531_151909,clip_120,1,listen,,2.1065,853205.0,raspberry_pi_seeed_gsr,"853205,2.1065"
2026-05-31T15:19:39.762,asdf,self_20260531_151909,clip_120,1,listen,,2.1082,853226.0,raspberry_pi_seeed_gsr,"853226,2.1082"
2026-05-31T15:19:39.783,asdf,self_20260531_151909,clip_120,1,listen,,2.1001,853247.0,raspberry_pi_seeed_gsr,"853247,2.1001"
2026-05-31T15:19:39.804,asdf,self_20260531_151909,clip_120,1,listen,,2.1001,853268.0,raspberry_pi_seeed_gsr,"853268,2.1001"
2026-05-31T15:19:39.825,asdf,self_20260531_151909,clip_120,1,listen,,2.0993,853289.0,raspberry_pi_seeed_gsr,"853289,2.0993"
2026-05-31T15:19:39.846,asdf,self_20260531_151909,clip_120,1,listen,,2.0993,853310.0,raspberry_pi_seeed_gsr,"853310,2.0993"
2026-05-31T15:19:39.867,asdf,self_20260531_151909,clip_120,1,listen,,2.1049,853331.0,raspberry_pi_seeed_gsr,"853331,2.1049"
2026-05-31T15:19:39.910,asdf,self_20260531_151909,clip_120,1,listen,,2.0808,853352.0,raspberry_pi_seeed_gsr,"853352,2.0808"
2026-05-31T15:19:39.911,asdf,self_20260531_151909,clip_120,1,listen,,2.1041,853373.0,raspberry_pi_seeed_gsr,"853373,2.1041"
2026-05-31T15:19:39.930,asdf,self_20260531_151909,clip_120,1,listen,,2.0953,853394.0,raspberry_pi_seeed_gsr,"853394,2.0953"
2026-05-31T15:19:39.951,asdf,self_20260531_151909,clip_120,1,listen,,2.0953,853415.0,raspberry_pi_seeed_gsr,"853415,2.0953"
2026-05-31T15:19:39.972,asdf,self_20260531_151909,clip_120,1,listen,,2.0961,853436.0,raspberry_pi_seeed_gsr,"853436,2.0961"
2026-05-31T15:19:39.993,asdf,self_20260531_151909,clip_120,1,listen,,2.1049,853457.0,raspberry_pi_seeed_gsr,"853457,2.1049"
2026-05-31T15:19:40.014,asdf,self_20260531_151909,clip_120,1,listen,,2.1001,853478.0,raspberry_pi_seeed_gsr,"853478,2.1001"
2026-05-31T15:19:40.035,asdf,self_20260531_151909,clip_120,1,listen,,2.1033,853499.0,raspberry_pi_seeed_gsr,"853499,2.1033"
2026-05-31T15:19:40.056,asdf,self_20260531_151909,clip_120,1,listen,,2.1017,853520.0,raspberry_pi_seeed_gsr,"853520,2.1017"
2026-05-31T15:19:40.077,asdf,self_20260531_151909,clip_120,1,listen,,2.1049,853541.0,raspberry_pi_seeed_gsr,"853541,2.1049"
2026-05-31T15:19:40.098,asdf,self_20260531_151909,clip_120,1,listen,,2.0928,853562.0,raspberry_pi_seeed_gsr,"853562,2.0928"
2026-05-31T15:19:40.119,asdf,self_20260531_151909,clip_120,1,listen,,2.0953,853583.0,raspberry_pi_seeed_gsr,"853583,2.0953"
2026-05-31T15:19:40.149,asdf,self_20260531_151909,clip_120,1,listen,,2.1033,853604.0,raspberry_pi_seeed_gsr,"853604,2.1033"
2026-05-31T15:19:40.161,asdf,self_20260531_151909,clip_120,1,listen,,2.0961,853625.0,raspberry_pi_seeed_gsr,"853625,2.0961"
2026-05-31T15:19:40.182,asdf,self_20260531_151909,clip_120,1,listen,,2.1001,853646.0,raspberry_pi_seeed_gsr,"853646,2.1001"
2026-05-31T15:19:40.203,asdf,self_20260531_151909,clip_120,1,listen,,2.1001,853667.0,raspberry_pi_seeed_gsr,"853667,2.1001"
2026-05-31T15:19:40.224,asdf,self_20260531_151909,clip_120,1,listen,,2.1001,853688.0,raspberry_pi_seeed_gsr,"853688,2.1001"
2026-05-31T15:19:40.245,asdf,self_20260531_151909,clip_120,1,listen,,2.1057,853709.0,raspberry_pi_seeed_gsr,"853709,2.1057"
2026-05-31T15:19:40.266,asdf,self_20260531_151909,clip_120,1,listen,,2.1033,853730.0,raspberry_pi_seeed_gsr,"853730,2.1033"
2026-05-31T15:19:40.287,asdf,self_20260531_151909,clip_120,1,listen,,2.0993,853751.0,raspberry_pi_seeed_gsr,"853751,2.0993"
2026-05-31T15:19:40.308,asdf,self_20260531_151909,clip_120,1,listen,,2.1057,853772.0,raspberry_pi_seeed_gsr,"853772,2.1057"
2026-05-31T15:19:40.329,asdf,self_20260531_151909,clip_120,1,listen,,2.0937,853793.0,raspberry_pi_seeed_gsr,"853793,2.0937"
2026-05-31T15:19:40.350,asdf,self_20260531_151909,clip_120,1,listen,,2.0993,853814.0,raspberry_pi_seeed_gsr,"853814,2.0993"
2026-05-31T15:19:40.371,asdf,self_20260531_151909,clip_120,1,listen,,2.1033,853835.0,raspberry_pi_seeed_gsr,"853835,2.1033"
2026-05-31T15:19:40.397,asdf,self_20260531_151909,clip_120,1,listen,,2.1033,853856.0,raspberry_pi_seeed_gsr,"853856,2.1033"
2026-05-31T15:19:40.413,asdf,self_20260531_151909,clip_120,1,listen,,2.092,853877.0,raspberry_pi_seeed_gsr,"853877,2.0920"
2026-05-31T15:19:40.434,asdf,self_20260531_151909,clip_120,1,listen,,2.1001,853898.0,raspberry_pi_seeed_gsr,"853898,2.1001"
2026-05-31T15:19:40.455,asdf,self_20260531_151909,clip_120,1,listen,,2.1001,853919.0,raspberry_pi_seeed_gsr,"853919,2.1001"
2026-05-31T15:19:40.476,asdf,self_20260531_151909,clip_120,1,listen,,2.1001,853940.0,raspberry_pi_seeed_gsr,"853940,2.1001"
2026-05-31T15:19:40.497,asdf,self_20260531_151909,clip_120,1,listen,,2.0961,853961.0,raspberry_pi_seeed_gsr,"853961,2.0961"
2026-05-31T15:19:40.518,asdf,self_20260531_151909,clip_120,1,listen,,2.1009,853982.0,raspberry_pi_seeed_gsr,"853982,2.1009"
2026-05-31T15:19:40.539,asdf,self_20260531_151909,clip_120,1,listen,,2.0969,854003.0,raspberry_pi_seeed_gsr,"854003,2.0969"
2026-05-31T15:19:40.560,asdf,self_20260531_151909,clip_120,1,listen,,2.1057,854024.0,raspberry_pi_seeed_gsr,"854024,2.1057"
2026-05-31T15:19:40.581,asdf,self_20260531_151909,clip_120,1,listen,,2.1017,854045.0,raspberry_pi_seeed_gsr,"854045,2.1017"
2026-05-31T15:19:40.602,asdf,self_20260531_151909,clip_120,1,listen,,2.0977,854066.0,raspberry_pi_seeed_gsr,"854066,2.0977"
2026-05-31T15:19:40.623,asdf,self_20260531_151909,clip_120,1,listen,,2.1057,854087.0,raspberry_pi_seeed_gsr,"854087,2.1057"
2026-05-31T15:19:40.649,asdf,self_20260531_151909,clip_120,1,listen,,2.1025,854108.0,raspberry_pi_seeed_gsr,"854108,2.1025"
2026-05-31T15:19:40.665,asdf,self_20260531_151909,clip_120,1,listen,,2.0953,854129.0,raspberry_pi_seeed_gsr,"854129,2.0953"
2026-05-31T15:19:40.686,asdf,self_20260531_151909,clip_120,1,listen,,2.1033,854150.0,raspberry_pi_seeed_gsr,"854150,2.1033"
2026-05-31T15:19:40.707,asdf,self_20260531_151909,clip_120,1,listen,,2.0525,854171.0,raspberry_pi_seeed_gsr,"854171,2.0525"
2026-05-31T15:19:40.728,asdf,self_20260531_151909,clip_120,1,listen,,2.0904,854192.0,raspberry_pi_seeed_gsr,"854192,2.0904"
2026-05-31T15:19:40.751,asdf,self_20260531_151909,clip_120,1,listen,,2.0993,854213.0,raspberry_pi_seeed_gsr,"854213,2.0993"
2026-05-31T15:19:40.770,asdf,self_20260531_151909,clip_120,1,listen,,2.1001,854234.0,raspberry_pi_seeed_gsr,"854234,2.1001"
2026-05-31T15:19:40.793,asdf,self_20260531_151909,clip_120,1,listen,,2.0896,854255.0,raspberry_pi_seeed_gsr,"854255,2.0896"
2026-05-31T15:19:40.812,asdf,self_20260531_151909,clip_120,1,listen,,2.1605,854276.0,raspberry_pi_seeed_gsr,"854276,2.1605"
2026-05-31T15:19:40.833,asdf,self_20260531_151909,clip_120,1,listen,,2.1041,854297.0,raspberry_pi_seeed_gsr,"854297,2.1041"
2026-05-31T15:19:40.854,asdf,self_20260531_151909,clip_120,1,listen,,2.0985,854318.0,raspberry_pi_seeed_gsr,"854318,2.0985"
2026-05-31T15:19:40.875,asdf,self_20260531_151909,clip_120,1,listen,,2.092,854339.0,raspberry_pi_seeed_gsr,"854339,2.0920"
2026-05-31T15:19:40.901,asdf,self_20260531_151909,clip_120,1,listen,,2.0937,854360.0,raspberry_pi_seeed_gsr,"854360,2.0937"
2026-05-31T15:19:40.917,asdf,self_20260531_151909,clip_120,1,listen,,2.0993,854381.0,raspberry_pi_seeed_gsr,"854381,2.0993"
2026-05-31T15:19:40.938,asdf,self_20260531_151909,clip_120,1,listen,,2.1041,854402.0,raspberry_pi_seeed_gsr,"854402,2.1041"
2026-05-31T15:19:40.959,asdf,self_20260531_151909,clip_120,1,listen,,2.1098,854423.0,raspberry_pi_seeed_gsr,"854423,2.1098"
2026-05-31T15:19:40.980,asdf,self_20260531_151909,clip_120,1,listen,,2.1041,854444.0,raspberry_pi_seeed_gsr,"854444,2.1041"
2026-05-31T15:19:41.002,asdf,self_20260531_151909,clip_120,1,listen,,2.0993,854465.0,raspberry_pi_seeed_gsr,"854465,2.0993"
2026-05-31T15:19:41.022,asdf,self_20260531_151909,clip_120,1,listen,,2.1009,854486.0,raspberry_pi_seeed_gsr,"854486,2.1009"
2026-05-31T15:19:41.043,asdf,self_20260531_151909,clip_120,1,listen,,2.1065,854507.0,raspberry_pi_seeed_gsr,"854507,2.1065"
2026-05-31T15:19:41.064,asdf,self_20260531_151909,clip_120,1,listen,,2.0953,854528.0,raspberry_pi_seeed_gsr,"854528,2.0953"
2026-05-31T15:19:41.085,asdf,self_20260531_151909,clip_120,1,listen,,2.0977,854549.0,raspberry_pi_seeed_gsr,"854549,2.0977"
2026-05-31T15:19:41.106,asdf,self_20260531_151909,clip_120,1,listen,,2.0985,854570.0,raspberry_pi_seeed_gsr,"854570,2.0985"
2026-05-31T15:19:41.127,asdf,self_20260531_151909,clip_120,1,listen,,2.1041,854591.0,raspberry_pi_seeed_gsr,"854591,2.1041"
2026-05-31T15:19:41.167,asdf,self_20260531_151909,clip_120,1,listen,,2.092,854612.0,raspberry_pi_seeed_gsr,"854612,2.0920"
2026-05-31T15:19:41.169,asdf,self_20260531_151909,clip_120,1,listen,,2.109,854633.0,raspberry_pi_seeed_gsr,"854633,2.1090"
2026-05-31T15:19:41.190,asdf,self_20260531_151909,clip_120,1,listen,,2.0888,854654.0,raspberry_pi_seeed_gsr,"854654,2.0888"
2026-05-31T15:19:41.211,asdf,self_20260531_151909,clip_120,1,listen,,2.092,854675.0,raspberry_pi_seeed_gsr,"854675,2.0920"
2026-05-31T15:19:41.232,asdf,self_20260531_151909,clip_120,1,listen,,2.1057,854696.0,raspberry_pi_seeed_gsr,"854696,2.1057"
2026-05-31T15:19:41.253,asdf,self_20260531_151909,clip_120,1,listen,,2.1025,854717.0,raspberry_pi_seeed_gsr,"854717,2.1025"
2026-05-31T15:19:41.274,asdf,self_20260531_151909,clip_120,1,listen,,2.0904,854738.0,raspberry_pi_seeed_gsr,"854738,2.0904"
2026-05-31T15:19:41.295,asdf,self_20260531_151909,clip_120,1,listen,,2.1106,854759.0,raspberry_pi_seeed_gsr,"854759,2.1106"
2026-05-31T15:19:41.316,asdf,self_20260531_151909,clip_120,1,listen,,2.0993,854780.0,raspberry_pi_seeed_gsr,"854780,2.0993"
2026-05-31T15:19:41.337,asdf,self_20260531_151909,clip_120,1,listen,,2.0969,854801.0,raspberry_pi_seeed_gsr,"854801,2.0969"
2026-05-31T15:19:41.358,asdf,self_20260531_151909,clip_120,1,listen,,2.0864,854822.0,raspberry_pi_seeed_gsr,"854822,2.0864"
2026-05-31T15:19:41.379,asdf,self_20260531_151909,clip_120,1,listen,,2.1106,854843.0,raspberry_pi_seeed_gsr,"854843,2.1106"
2026-05-31T15:19:41.413,asdf,self_20260531_151909,clip_120,1,listen,,2.1041,854864.0,raspberry_pi_seeed_gsr,"854864,2.1041"
2026-05-31T15:19:41.421,asdf,self_20260531_151909,clip_120,1,listen,,2.1009,854885.0,raspberry_pi_seeed_gsr,"854885,2.1009"
2026-05-31T15:19:41.442,asdf,self_20260531_151909,clip_120,1,listen,,2.0937,854906.0,raspberry_pi_seeed_gsr,"854906,2.0937"
2026-05-31T15:19:41.463,asdf,self_20260531_151909,clip_120,1,listen,,2.1033,854927.0,raspberry_pi_seeed_gsr,"854927,2.1033"
2026-05-31T15:19:41.484,asdf,self_20260531_151909,clip_120,1,listen,,2.0912,854948.0,raspberry_pi_seeed_gsr,"854948,2.0912"
2026-05-31T15:19:41.505,asdf,self_20260531_151909,clip_120,1,listen,,2.1049,854969.0,raspberry_pi_seeed_gsr,"854969,2.1049"
2026-05-31T15:19:41.526,asdf,self_20260531_151909,clip_120,1,listen,,2.0549,854990.0,raspberry_pi_seeed_gsr,"854990,2.0549"
2026-05-31T15:19:41.547,asdf,self_20260531_151909,clip_120,1,listen,,2.1017,855011.0,raspberry_pi_seeed_gsr,"855011,2.1017"
2026-05-31T15:19:41.568,asdf,self_20260531_151909,clip_120,1,listen,,2.0912,855032.0,raspberry_pi_seeed_gsr,"855032,2.0912"
2026-05-31T15:19:41.589,asdf,self_20260531_151909,clip_120,1,listen,,2.1347,855053.0,raspberry_pi_seeed_gsr,"855053,2.1347"
2026-05-31T15:19:41.610,asdf,self_20260531_151909,clip_120,1,listen,,2.0904,855074.0,raspberry_pi_seeed_gsr,"855074,2.0904"
2026-05-31T15:19:41.631,asdf,self_20260531_151909,clip_120,1,listen,,2.0961,855095.0,raspberry_pi_seeed_gsr,"855095,2.0961"
2026-05-31T15:19:41.664,asdf,self_20260531_151909,clip_120,1,listen,,2.1001,855116.0,raspberry_pi_seeed_gsr,"855116,2.1001"
2026-05-31T15:19:41.673,asdf,self_20260531_151909,clip_120,1,listen,,2.1017,855137.0,raspberry_pi_seeed_gsr,"855137,2.1017"
2026-05-31T15:19:41.694,asdf,self_20260531_151909,clip_120,1,listen,,2.0969,855158.0,raspberry_pi_seeed_gsr,"855158,2.0969"
2026-05-31T15:19:41.715,asdf,self_20260531_151909,clip_120,1,listen,,2.1025,855179.0,raspberry_pi_seeed_gsr,"855179,2.1025"
2026-05-31T15:19:41.736,asdf,self_20260531_151909,clip_120,1,listen,,2.1001,855200.0,raspberry_pi_seeed_gsr,"855200,2.1001"
2026-05-31T15:19:41.757,asdf,self_20260531_151909,clip_120,1,listen,,2.1025,855221.0,raspberry_pi_seeed_gsr,"855221,2.1025"
2026-05-31T15:19:41.778,asdf,self_20260531_151909,clip_120,1,listen,,2.1057,855242.0,raspberry_pi_seeed_gsr,"855242,2.1057"
2026-05-31T15:19:41.799,asdf,self_20260531_151909,clip_120,1,listen,,2.1049,855263.0,raspberry_pi_seeed_gsr,"855263,2.1049"
2026-05-31T15:19:41.820,asdf,self_20260531_151909,clip_120,1,listen,,2.1033,855284.0,raspberry_pi_seeed_gsr,"855284,2.1033"
2026-05-31T15:19:41.841,asdf,self_20260531_151909,clip_120,1,listen,,2.1001,855305.0,raspberry_pi_seeed_gsr,"855305,2.1001"
2026-05-31T15:19:41.862,asdf,self_20260531_151909,clip_120,1,listen,,2.0993,855326.0,raspberry_pi_seeed_gsr,"855326,2.0993"
2026-05-31T15:19:41.883,asdf,self_20260531_151909,clip_120,1,listen,,2.0993,855347.0,raspberry_pi_seeed_gsr,"855347,2.0993"
2026-05-31T15:19:41.918,asdf,self_20260531_151909,clip_120,1,listen,,2.1275,855368.0,raspberry_pi_seeed_gsr,"855368,2.1275"
2026-05-31T15:19:41.925,asdf,self_20260531_151909,clip_120,1,listen,,2.1106,855389.0,raspberry_pi_seeed_gsr,"855389,2.1106"
2026-05-31T15:19:41.946,asdf,self_20260531_151909,clip_120,1,listen,,2.0961,855410.0,raspberry_pi_seeed_gsr,"855410,2.0961"
2026-05-31T15:19:41.967,asdf,self_20260531_151909,clip_120,1,listen,,2.1114,855431.0,raspberry_pi_seeed_gsr,"855431,2.1114"
2026-05-31T15:19:41.988,asdf,self_20260531_151909,clip_120,1,listen,,2.1025,855452.0,raspberry_pi_seeed_gsr,"855452,2.1025"
2026-05-31T15:19:42.009,asdf,self_20260531_151909,clip_120,1,listen,,2.0993,855473.0,raspberry_pi_seeed_gsr,"855473,2.0993"
2026-05-31T15:19:42.030,asdf,self_20260531_151909,clip_120,1,listen,,2.1017,855494.0,raspberry_pi_seeed_gsr,"855494,2.1017"
2026-05-31T15:19:42.051,asdf,self_20260531_151909,clip_120,1,listen,,2.0904,855515.0,raspberry_pi_seeed_gsr,"855515,2.0904"
2026-05-31T15:19:42.072,asdf,self_20260531_151909,clip_120,1,listen,,2.0961,855536.0,raspberry_pi_seeed_gsr,"855536,2.0961"
2026-05-31T15:19:42.093,asdf,self_20260531_151909,clip_120,1,listen,,2.0969,855557.0,raspberry_pi_seeed_gsr,"855557,2.0969"
2026-05-31T15:19:42.114,asdf,self_20260531_151909,clip_120,1,listen,,2.0928,855578.0,raspberry_pi_seeed_gsr,"855578,2.0928"
2026-05-31T15:19:42.135,asdf,self_20260531_151909,clip_120,1,listen,,2.1025,855599.0,raspberry_pi_seeed_gsr,"855599,2.1025"
2026-05-31T15:19:42.177,asdf,self_20260531_151909,clip_120,1,listen,,2.0985,855620.0,raspberry_pi_seeed_gsr,"855620,2.0985"
2026-05-31T15:19:42.178,asdf,self_20260531_151909,clip_120,1,listen,,2.1082,855641.0,raspberry_pi_seeed_gsr,"855641,2.1082"
2026-05-31T15:19:42.198,asdf,self_20260531_151909,clip_120,1,listen,,2.0969,855662.0,raspberry_pi_seeed_gsr,"855662,2.0969"
2026-05-31T15:19:42.219,asdf,self_20260531_151909,clip_120,1,listen,,2.1017,855683.0,raspberry_pi_seeed_gsr,"855683,2.1017"
2026-05-31T15:19:42.240,asdf,self_20260531_151909,clip_120,1,listen,,2.1049,855704.0,raspberry_pi_seeed_gsr,"855704,2.1049"
2026-05-31T15:19:42.261,asdf,self_20260531_151909,clip_120,1,listen,,2.0977,855725.0,raspberry_pi_seeed_gsr,"855725,2.0977"
2026-05-31T15:19:42.282,asdf,self_20260531_151909,clip_120,1,listen,,2.1001,855746.0,raspberry_pi_seeed_gsr,"855746,2.1001"
2026-05-31T15:19:42.303,asdf,self_20260531_151909,clip_120,1,listen,,2.0993,855767.0,raspberry_pi_seeed_gsr,"855767,2.0993"
2026-05-31T15:19:42.324,asdf,self_20260531_151909,clip_120,1,listen,,2.0928,855788.0,raspberry_pi_seeed_gsr,"855788,2.0928"
2026-05-31T15:19:42.345,asdf,self_20260531_151909,clip_120,1,listen,,2.0735,855809.0,raspberry_pi_seeed_gsr,"855809,2.0735"
2026-05-31T15:19:42.366,asdf,self_20260531_151909,clip_120,1,listen,,2.1001,855830.0,raspberry_pi_seeed_gsr,"855830,2.1001"
2026-05-31T15:19:42.387,asdf,self_20260531_151909,clip_120,1,listen,,2.0985,855851.0,raspberry_pi_seeed_gsr,"855851,2.0985"
2026-05-31T15:19:42.418,asdf,self_20260531_151909,clip_120,1,listen,,2.0993,855872.0,raspberry_pi_seeed_gsr,"855872,2.0993"
2026-05-31T15:19:42.429,asdf,self_20260531_151909,clip_120,1,listen,,2.1057,855893.0,raspberry_pi_seeed_gsr,"855893,2.1057"
2026-05-31T15:19:42.450,asdf,self_20260531_151909,clip_120,1,listen,,2.1122,855914.0,raspberry_pi_seeed_gsr,"855914,2.1122"
2026-05-31T15:19:42.471,asdf,self_20260531_151909,clip_120,1,listen,,2.0928,855935.0,raspberry_pi_seeed_gsr,"855935,2.0928"
2026-05-31T15:19:42.492,asdf,self_20260531_151909,clip_120,1,listen,,2.1098,855956.0,raspberry_pi_seeed_gsr,"855956,2.1098"
2026-05-31T15:19:42.513,asdf,self_20260531_151909,clip_120,1,listen,,2.1106,855977.0,raspberry_pi_seeed_gsr,"855977,2.1106"
2026-05-31T15:19:42.534,asdf,self_20260531_151909,clip_120,1,listen,,2.0953,855998.0,raspberry_pi_seeed_gsr,"855998,2.0953"
2026-05-31T15:19:42.555,asdf,self_20260531_151909,clip_120,1,listen,,2.0864,856019.0,raspberry_pi_seeed_gsr,"856019,2.0864"
2026-05-31T15:19:42.576,asdf,self_20260531_151909,clip_120,1,listen,,2.0993,856040.0,raspberry_pi_seeed_gsr,"856040,2.0993"
2026-05-31T15:19:42.597,asdf,self_20260531_151909,clip_120,1,listen,,2.0928,856061.0,raspberry_pi_seeed_gsr,"856061,2.0928"
2026-05-31T15:19:42.618,asdf,self_20260531_151909,clip_120,1,listen,,2.1009,856082.0,raspberry_pi_seeed_gsr,"856082,2.1009"
2026-05-31T15:19:42.639,asdf,self_20260531_151909,clip_120,1,listen,,2.1041,856103.0,raspberry_pi_seeed_gsr,"856103,2.1041"
2026-05-31T15:19:42.678,asdf,self_20260531_151909,clip_120,1,listen,,2.0961,856124.0,raspberry_pi_seeed_gsr,"856124,2.0961"
2026-05-31T15:19:42.681,asdf,self_20260531_151909,clip_120,1,listen,,2.1017,856145.0,raspberry_pi_seeed_gsr,"856145,2.1017"
2026-05-31T15:19:42.702,asdf,self_20260531_151909,clip_120,1,listen,,2.0953,856166.0,raspberry_pi_seeed_gsr,"856166,2.0953"
2026-05-31T15:19:42.723,asdf,self_20260531_151909,clip_120,1,listen,,2.1106,856187.0,raspberry_pi_seeed_gsr,"856187,2.1106"
2026-05-31T15:19:42.744,asdf,self_20260531_151909,clip_120,1,listen,,2.0961,856208.0,raspberry_pi_seeed_gsr,"856208,2.0961"
2026-05-31T15:19:42.765,asdf,self_20260531_151909,clip_120,1,listen,,2.1049,856229.0,raspberry_pi_seeed_gsr,"856229,2.1049"
2026-05-31T15:19:42.786,asdf,self_20260531_151909,clip_120,1,listen,,2.0993,856250.0,raspberry_pi_seeed_gsr,"856250,2.0993"
2026-05-31T15:19:42.807,asdf,self_20260531_151909,clip_120,1,listen,,2.0953,856271.0,raspberry_pi_seeed_gsr,"856271,2.0953"
2026-05-31T15:19:42.828,asdf,self_20260531_151909,clip_120,1,listen,,2.0928,856292.0,raspberry_pi_seeed_gsr,"856292,2.0928"
2026-05-31T15:19:42.849,asdf,self_20260531_151909,clip_120,1,listen,,2.0872,856313.0,raspberry_pi_seeed_gsr,"856313,2.0872"
2026-05-31T15:19:42.870,asdf,self_20260531_151909,clip_120,1,listen,,2.0961,856334.0,raspberry_pi_seeed_gsr,"856334,2.0961"
2026-05-31T15:19:42.891,asdf,self_20260531_151909,clip_120,1,listen,,2.1082,856355.0,raspberry_pi_seeed_gsr,"856355,2.1082"
2026-05-31T15:19:42.924,asdf,self_20260531_151909,clip_120,1,listen,,2.1106,856376.0,raspberry_pi_seeed_gsr,"856376,2.1106"
2026-05-31T15:19:42.933,asdf,self_20260531_151909,clip_120,1,listen,,2.109,856397.0,raspberry_pi_seeed_gsr,"856397,2.1090"
2026-05-31T15:19:42.954,asdf,self_20260531_151909,clip_120,1,listen,,2.0961,856418.0,raspberry_pi_seeed_gsr,"856418,2.0961"
2026-05-31T15:19:42.975,asdf,self_20260531_151909,clip_120,1,listen,,2.0993,856439.0,raspberry_pi_seeed_gsr,"856439,2.0993"
2026-05-31T15:19:42.996,asdf,self_20260531_151909,clip_120,1,listen,,2.1065,856460.0,raspberry_pi_seeed_gsr,"856460,2.1065"
2026-05-31T15:19:43.017,asdf,self_20260531_151909,clip_120,1,listen,,2.0904,856481.0,raspberry_pi_seeed_gsr,"856481,2.0904"
2026-05-31T15:19:43.038,asdf,self_20260531_151909,clip_120,1,listen,,2.0993,856502.0,raspberry_pi_seeed_gsr,"856502,2.0993"
2026-05-31T15:19:43.059,asdf,self_20260531_151909,clip_120,1,listen,,2.092,856523.0,raspberry_pi_seeed_gsr,"856523,2.0920"
2026-05-31T15:19:43.080,asdf,self_20260531_151909,clip_120,1,listen,,2.1025,856544.0,raspberry_pi_seeed_gsr,"856544,2.1025"
2026-05-31T15:19:43.101,asdf,self_20260531_151909,clip_120,1,listen,,2.1001,856565.0,raspberry_pi_seeed_gsr,"856565,2.1001"
2026-05-31T15:19:43.122,asdf,self_20260531_151909,clip_120,1,listen,,2.1025,856586.0,raspberry_pi_seeed_gsr,"856586,2.1025"
2026-05-31T15:19:43.143,asdf,self_20260531_151909,clip_120,1,listen,,2.0993,856607.0,raspberry_pi_seeed_gsr,"856607,2.0993"
2026-05-31T15:19:43.179,asdf,self_20260531_151909,clip_120,1,listen,,2.1098,856628.0,raspberry_pi_seeed_gsr,"856628,2.1098"
2026-05-31T15:19:43.185,asdf,self_20260531_151909,clip_120,1,listen,,2.113,856649.0,raspberry_pi_seeed_gsr,"856649,2.1130"
2026-05-31T15:19:43.206,asdf,self_20260531_151909,clip_120,1,listen,,2.0961,856670.0,raspberry_pi_seeed_gsr,"856670,2.0961"
2026-05-31T15:19:43.227,asdf,self_20260531_151909,clip_120,1,listen,,2.0904,856691.0,raspberry_pi_seeed_gsr,"856691,2.0904"
2026-05-31T15:19:43.248,asdf,self_20260531_151909,clip_120,1,listen,,2.1033,856712.0,raspberry_pi_seeed_gsr,"856712,2.1033"
2026-05-31T15:19:43.269,asdf,self_20260531_151909,clip_120,1,listen,,2.1009,856733.0,raspberry_pi_seeed_gsr,"856733,2.1009"
2026-05-31T15:19:43.291,asdf,self_20260531_151909,clip_120,1,listen,,2.1106,856754.0,raspberry_pi_seeed_gsr,"856754,2.1106"
2026-05-31T15:19:43.311,asdf,self_20260531_151909,clip_120,1,listen,,2.1065,856775.0,raspberry_pi_seeed_gsr,"856775,2.1065"
2026-05-31T15:19:43.332,asdf,self_20260531_151909,clip_120,1,listen,,2.1065,856796.0,raspberry_pi_seeed_gsr,"856796,2.1065"
2026-05-31T15:19:43.353,asdf,self_20260531_151909,clip_120,1,listen,,2.1017,856817.0,raspberry_pi_seeed_gsr,"856817,2.1017"
2026-05-31T15:19:43.374,asdf,self_20260531_151909,clip_120,1,listen,,2.1065,856838.0,raspberry_pi_seeed_gsr,"856838,2.1065"
2026-05-31T15:19:43.395,asdf,self_20260531_151909,clip_120,1,listen,,2.0969,856859.0,raspberry_pi_seeed_gsr,"856859,2.0969"
2026-05-31T15:19:43.433,asdf,self_20260531_151909,clip_120,1,listen,,2.0993,856880.0,raspberry_pi_seeed_gsr,"856880,2.0993"
2026-05-31T15:19:43.437,asdf,self_20260531_151909,clip_120,1,listen,,2.1033,856901.0,raspberry_pi_seeed_gsr,"856901,2.1033"
2026-05-31T15:19:43.458,asdf,self_20260531_151909,clip_120,1,listen,,2.0961,856922.0,raspberry_pi_seeed_gsr,"856922,2.0961"
2026-05-31T15:19:43.479,asdf,self_20260531_151909,clip_120,1,listen,,2.0993,856943.0,raspberry_pi_seeed_gsr,"856943,2.0993"
2026-05-31T15:19:43.500,asdf,self_20260531_151909,clip_120,1,listen,,2.0945,856964.0,raspberry_pi_seeed_gsr,"856964,2.0945"
2026-05-31T15:19:43.521,asdf,self_20260531_151909,clip_120,1,listen,,2.1049,856985.0,raspberry_pi_seeed_gsr,"856985,2.1049"
2026-05-31T15:19:43.542,asdf,self_20260531_151909,clip_120,1,listen,,2.0993,857006.0,raspberry_pi_seeed_gsr,"857006,2.0993"
2026-05-31T15:19:43.563,asdf,self_20260531_151909,clip_120,1,listen,,2.0977,857027.0,raspberry_pi_seeed_gsr,"857027,2.0977"
2026-05-31T15:19:43.584,asdf,self_20260531_151909,clip_120,1,listen,,2.0928,857048.0,raspberry_pi_seeed_gsr,"857048,2.0928"
2026-05-31T15:19:43.605,asdf,self_20260531_151909,clip_120,1,listen,,2.0977,857069.0,raspberry_pi_seeed_gsr,"857069,2.0977"
2026-05-31T15:19:43.626,asdf,self_20260531_151909,clip_120,1,listen,,2.1041,857090.0,raspberry_pi_seeed_gsr,"857090,2.1041"
2026-05-31T15:19:43.647,asdf,self_20260531_151909,clip_120,1,listen,,2.1033,857111.0,raspberry_pi_seeed_gsr,"857111,2.1033"
2026-05-31T15:19:43.686,asdf,self_20260531_151909,clip_120,1,listen,,2.1001,857132.0,raspberry_pi_seeed_gsr,"857132,2.1001"
2026-05-31T15:19:43.689,asdf,self_20260531_151909,clip_120,1,listen,,2.1025,857153.0,raspberry_pi_seeed_gsr,"857153,2.1025"
2026-05-31T15:19:43.710,asdf,self_20260531_151909,clip_120,1,listen,,2.1025,857174.0,raspberry_pi_seeed_gsr,"857174,2.1025"
2026-05-31T15:19:43.731,asdf,self_20260531_151909,clip_120,1,listen,,2.1186,857195.0,raspberry_pi_seeed_gsr,"857195,2.1186"
2026-05-31T15:19:43.752,asdf,self_20260531_151909,clip_120,1,listen,,2.1098,857216.0,raspberry_pi_seeed_gsr,"857216,2.1098"
2026-05-31T15:19:43.773,asdf,self_20260531_151909,clip_120,1,listen,,2.1243,857237.0,raspberry_pi_seeed_gsr,"857237,2.1243"
2026-05-31T15:19:43.794,asdf,self_20260531_151909,clip_120,1,listen,,2.1001,857258.0,raspberry_pi_seeed_gsr,"857258,2.1001"
2026-05-31T15:19:43.815,asdf,self_20260531_151909,clip_120,1,listen,,2.1009,857279.0,raspberry_pi_seeed_gsr,"857279,2.1009"
2026-05-31T15:19:43.836,asdf,self_20260531_151909,clip_120,1,listen,,2.1017,857300.0,raspberry_pi_seeed_gsr,"857300,2.1017"
2026-05-31T15:19:43.857,asdf,self_20260531_151909,clip_120,1,listen,,2.0888,857321.0,raspberry_pi_seeed_gsr,"857321,2.0888"
2026-05-31T15:19:43.878,asdf,self_20260531_151909,clip_120,1,listen,,2.1122,857342.0,raspberry_pi_seeed_gsr,"857342,2.1122"
2026-05-31T15:19:43.899,asdf,self_20260531_151909,clip_120,1,listen,,2.1009,857363.0,raspberry_pi_seeed_gsr,"857363,2.1009"
2026-05-31T15:19:43.937,asdf,self_20260531_151909,clip_120,1,listen,,2.0993,857384.0,raspberry_pi_seeed_gsr,"857384,2.0993"
2026-05-31T15:19:43.941,asdf,self_20260531_151909,clip_120,1,listen,,2.1025,857405.0,raspberry_pi_seeed_gsr,"857405,2.1025"
2026-05-31T15:19:43.962,asdf,self_20260531_151909,clip_120,1,listen,,2.1098,857426.0,raspberry_pi_seeed_gsr,"857426,2.1098"
2026-05-31T15:19:43.983,asdf,self_20260531_151909,clip_120,1,listen,,2.1098,857447.0,raspberry_pi_seeed_gsr,"857447,2.1098"
2026-05-31T15:19:44.004,asdf,self_20260531_151909,clip_120,1,listen,,2.0993,857468.0,raspberry_pi_seeed_gsr,"857468,2.0993"
2026-05-31T15:19:44.025,asdf,self_20260531_151909,clip_120,1,listen,,2.0953,857489.0,raspberry_pi_seeed_gsr,"857489,2.0953"
2026-05-31T15:19:44.046,asdf,self_20260531_151909,clip_120,1,listen,,2.1017,857510.0,raspberry_pi_seeed_gsr,"857510,2.1017"
2026-05-31T15:19:44.067,asdf,self_20260531_151909,clip_120,1,listen,,2.1025,857531.0,raspberry_pi_seeed_gsr,"857531,2.1025"
2026-05-31T15:19:44.088,asdf,self_20260531_151909,clip_120,1,listen,,2.1025,857552.0,raspberry_pi_seeed_gsr,"857552,2.1025"
2026-05-31T15:19:44.109,asdf,self_20260531_151909,clip_120,1,listen,,2.1057,857573.0,raspberry_pi_seeed_gsr,"857573,2.1057"
2026-05-31T15:19:44.130,asdf,self_20260531_151909,clip_120,1,listen,,2.1033,857594.0,raspberry_pi_seeed_gsr,"857594,2.1033"
2026-05-31T15:19:44.151,asdf,self_20260531_151909,clip_120,1,listen,,2.0937,857615.0,raspberry_pi_seeed_gsr,"857615,2.0937"
2026-05-31T15:19:44.190,asdf,self_20260531_151909,clip_120,1,listen,,2.0848,857636.0,raspberry_pi_seeed_gsr,"857636,2.0848"
2026-05-31T15:19:44.193,asdf,self_20260531_151909,clip_120,1,listen,,2.1082,857657.0,raspberry_pi_seeed_gsr,"857657,2.1082"
2026-05-31T15:19:44.214,asdf,self_20260531_151909,clip_120,1,listen,,2.1049,857678.0,raspberry_pi_seeed_gsr,"857678,2.1049"
2026-05-31T15:19:44.235,asdf,self_20260531_151909,clip_120,1,listen,,2.0912,857699.0,raspberry_pi_seeed_gsr,"857699,2.0912"
2026-05-31T15:19:44.256,asdf,self_20260531_151909,clip_120,1,listen,,2.1017,857720.0,raspberry_pi_seeed_gsr,"857720,2.1017"
2026-05-31T15:19:44.277,asdf,self_20260531_151909,clip_120,1,listen,,2.1001,857741.0,raspberry_pi_seeed_gsr,"857741,2.1001"
2026-05-31T15:19:44.298,asdf,self_20260531_151909,clip_120,1,listen,,2.1017,857762.0,raspberry_pi_seeed_gsr,"857762,2.1017"
2026-05-31T15:19:44.319,asdf,self_20260531_151909,clip_120,1,listen,,2.0993,857783.0,raspberry_pi_seeed_gsr,"857783,2.0993"
2026-05-31T15:19:44.340,asdf,self_20260531_151909,clip_120,1,listen,,2.1122,857804.0,raspberry_pi_seeed_gsr,"857804,2.1122"
2026-05-31T15:19:44.361,asdf,self_20260531_151909,clip_120,1,listen,,2.1041,857825.0,raspberry_pi_seeed_gsr,"857825,2.1041"
2026-05-31T15:19:44.382,asdf,self_20260531_151909,clip_120,1,listen,,2.0961,857846.0,raspberry_pi_seeed_gsr,"857846,2.0961"
2026-05-31T15:19:44.403,asdf,self_20260531_151909,clip_120,1,listen,,2.1025,857867.0,raspberry_pi_seeed_gsr,"857867,2.1025"
2026-05-31T15:19:44.428,asdf,self_20260531_151909,clip_120,1,listen,,2.1009,857888.0,raspberry_pi_seeed_gsr,"857888,2.1009"
2026-05-31T15:19:44.445,asdf,self_20260531_151909,clip_120,1,listen,,2.0904,857909.0,raspberry_pi_seeed_gsr,"857909,2.0904"
2026-05-31T15:19:44.466,asdf,self_20260531_151909,clip_120,1,listen,,2.1041,857930.0,raspberry_pi_seeed_gsr,"857930,2.1041"
2026-05-31T15:19:44.487,asdf,self_20260531_151909,clip_120,1,listen,,2.1065,857951.0,raspberry_pi_seeed_gsr,"857951,2.1065"
2026-05-31T15:19:44.508,asdf,self_20260531_151909,clip_120,1,listen,,2.0961,857972.0,raspberry_pi_seeed_gsr,"857972,2.0961"
2026-05-31T15:19:44.529,asdf,self_20260531_151909,clip_120,1,listen,,2.1025,857993.0,raspberry_pi_seeed_gsr,"857993,2.1025"
2026-05-31T15:19:44.550,asdf,self_20260531_151909,clip_120,1,listen,,2.0904,858014.0,raspberry_pi_seeed_gsr,"858014,2.0904"
2026-05-31T15:19:44.571,asdf,self_20260531_151909,clip_120,1,listen,,2.1146,858035.0,raspberry_pi_seeed_gsr,"858035,2.1146"
2026-05-31T15:19:44.592,asdf,self_20260531_151909,clip_120,1,listen,,2.1025,858056.0,raspberry_pi_seeed_gsr,"858056,2.1025"
2026-05-31T15:19:44.613,asdf,self_20260531_151909,clip_120,1,listen,,2.0928,858077.0,raspberry_pi_seeed_gsr,"858077,2.0928"
2026-05-31T15:19:44.634,asdf,self_20260531_151909,clip_120,1,listen,,2.1098,858098.0,raspberry_pi_seeed_gsr,"858098,2.1098"
2026-05-31T15:19:44.655,asdf,self_20260531_151909,clip_120,1,listen,,2.1082,858119.0,raspberry_pi_seeed_gsr,"858119,2.1082"
2026-05-31T15:19:44.693,asdf,self_20260531_151909,clip_120,1,listen,,2.1001,858140.0,raspberry_pi_seeed_gsr,"858140,2.1001"
2026-05-31T15:19:44.697,asdf,self_20260531_151909,clip_120,1,listen,,2.1009,858161.0,raspberry_pi_seeed_gsr,"858161,2.1009"
2026-05-31T15:19:44.718,asdf,self_20260531_151909,clip_120,1,listen,,2.1009,858182.0,raspberry_pi_seeed_gsr,"858182,2.1009"
2026-05-31T15:19:44.739,asdf,self_20260531_151909,clip_120,1,listen,,2.0985,858203.0,raspberry_pi_seeed_gsr,"858203,2.0985"
2026-05-31T15:19:44.760,asdf,self_20260531_151909,clip_120,1,listen,,2.0961,858224.0,raspberry_pi_seeed_gsr,"858224,2.0961"
2026-05-31T15:19:44.781,asdf,self_20260531_151909,clip_120,1,listen,,2.1041,858245.0,raspberry_pi_seeed_gsr,"858245,2.1041"
2026-05-31T15:19:44.802,asdf,self_20260531_151909,clip_120,1,listen,,2.0937,858266.0,raspberry_pi_seeed_gsr,"858266,2.0937"
2026-05-31T15:19:44.823,asdf,self_20260531_151909,clip_120,1,listen,,2.0953,858287.0,raspberry_pi_seeed_gsr,"858287,2.0953"
2026-05-31T15:19:44.844,asdf,self_20260531_151909,clip_120,1,listen,,2.0969,858308.0,raspberry_pi_seeed_gsr,"858308,2.0969"
2026-05-31T15:19:44.865,asdf,self_20260531_151909,clip_120,1,listen,,2.0969,858329.0,raspberry_pi_seeed_gsr,"858329,2.0969"
2026-05-31T15:19:44.886,asdf,self_20260531_151909,clip_120,1,listen,,2.092,858350.0,raspberry_pi_seeed_gsr,"858350,2.0920"
2026-05-31T15:19:44.909,asdf,self_20260531_151909,clip_120,1,listen,,2.1001,858371.0,raspberry_pi_seeed_gsr,"858371,2.1001"
2026-05-31T15:19:44.949,asdf,self_20260531_151909,clip_120,1,listen,,2.0985,858392.0,raspberry_pi_seeed_gsr,"858392,2.0985"
2026-05-31T15:19:44.950,asdf,self_20260531_151909,clip_120,1,listen,,2.1001,858413.0,raspberry_pi_seeed_gsr,"858413,2.1001"
2026-05-31T15:19:44.970,asdf,self_20260531_151909,clip_120,1,listen,,2.0904,858434.0,raspberry_pi_seeed_gsr,"858434,2.0904"
2026-05-31T15:19:44.991,asdf,self_20260531_151909,clip_120,1,listen,,2.0993,858455.0,raspberry_pi_seeed_gsr,"858455,2.0993"
2026-05-31T15:19:45.012,asdf,self_20260531_151909,clip_120,1,listen,,2.1017,858476.0,raspberry_pi_seeed_gsr,"858476,2.1017"
2026-05-31T15:19:45.033,asdf,self_20260531_151909,clip_120,1,listen,,2.0977,858497.0,raspberry_pi_seeed_gsr,"858497,2.0977"
2026-05-31T15:19:45.054,asdf,self_20260531_151909,clip_120,1,listen,,2.0961,858518.0,raspberry_pi_seeed_gsr,"858518,2.0961"
2026-05-31T15:19:45.075,asdf,self_20260531_151909,clip_120,1,listen,,2.1033,858539.0,raspberry_pi_seeed_gsr,"858539,2.1033"
2026-05-31T15:19:45.096,asdf,self_20260531_151909,clip_120,1,listen,,2.1057,858560.0,raspberry_pi_seeed_gsr,"858560,2.1057"
2026-05-31T15:19:45.117,asdf,self_20260531_151909,clip_120,1,listen,,2.1033,858581.0,raspberry_pi_seeed_gsr,"858581,2.1033"
2026-05-31T15:19:45.138,asdf,self_20260531_151909,clip_120,1,listen,,2.1001,858602.0,raspberry_pi_seeed_gsr,"858602,2.1001"
2026-05-31T15:19:45.159,asdf,self_20260531_151909,clip_120,1,listen,,2.1009,858623.0,raspberry_pi_seeed_gsr,"858623,2.1009"
2026-05-31T15:19:45.191,asdf,self_20260531_151909,clip_120,1,listen,,2.1049,858644.0,raspberry_pi_seeed_gsr,"858644,2.1049"
2026-05-31T15:19:45.201,asdf,self_20260531_151909,clip_120,1,listen,,2.1065,858665.0,raspberry_pi_seeed_gsr,"858665,2.1065"
2026-05-31T15:19:45.222,asdf,self_20260531_151909,clip_120,1,listen,,2.0904,858686.0,raspberry_pi_seeed_gsr,"858686,2.0904"
2026-05-31T15:19:45.243,asdf,self_20260531_151909,clip_120,1,listen,,2.0977,858707.0,raspberry_pi_seeed_gsr,"858707,2.0977"
2026-05-31T15:19:45.264,asdf,self_20260531_151909,clip_120,1,listen,,2.1017,858728.0,raspberry_pi_seeed_gsr,"858728,2.1017"
2026-05-31T15:19:45.285,asdf,self_20260531_151909,clip_120,1,listen,,2.084,858749.0,raspberry_pi_seeed_gsr,"858749,2.0840"
2026-05-31T15:19:45.306,asdf,self_20260531_151909,clip_120,1,listen,,2.1033,858770.0,raspberry_pi_seeed_gsr,"858770,2.1033"
2026-05-31T15:19:45.327,asdf,self_20260531_151909,clip_120,1,listen,,2.0928,858791.0,raspberry_pi_seeed_gsr,"858791,2.0928"
2026-05-31T15:19:45.348,asdf,self_20260531_151909,clip_120,1,listen,,2.1057,858812.0,raspberry_pi_seeed_gsr,"858812,2.1057"
2026-05-31T15:19:45.369,asdf,self_20260531_151909,clip_120,1,listen,,2.0977,858833.0,raspberry_pi_seeed_gsr,"858833,2.0977"
2026-05-31T15:19:45.390,asdf,self_20260531_151909,clip_120,1,listen,,2.0928,858854.0,raspberry_pi_seeed_gsr,"858854,2.0928"
2026-05-31T15:19:45.411,asdf,self_20260531_151909,clip_120,1,listen,,2.1041,858875.0,raspberry_pi_seeed_gsr,"858875,2.1041"
2026-05-31T15:19:45.452,asdf,self_20260531_151909,clip_120,1,listen,,2.0993,858896.0,raspberry_pi_seeed_gsr,"858896,2.0993"
2026-05-31T15:19:45.453,asdf,self_20260531_151909,clip_120,1,listen,,2.0928,858917.0,raspberry_pi_seeed_gsr,"858917,2.0928"
2026-05-31T15:19:45.474,asdf,self_20260531_151909,clip_120,1,listen,,2.092,858938.0,raspberry_pi_seeed_gsr,"858938,2.0920"
2026-05-31T15:19:45.495,asdf,self_20260531_151909,clip_120,1,listen,,2.0937,858959.0,raspberry_pi_seeed_gsr,"858959,2.0937"
2026-05-31T15:19:45.516,asdf,self_20260531_151909,clip_120,1,listen,,2.0945,858980.0,raspberry_pi_seeed_gsr,"858980,2.0945"
2026-05-31T15:19:45.537,asdf,self_20260531_151909,clip_120,1,listen,,2.1396,859001.0,raspberry_pi_seeed_gsr,"859001,2.1396"
2026-05-31T15:19:45.558,asdf,self_20260531_151909,clip_120,1,listen,,2.1065,859022.0,raspberry_pi_seeed_gsr,"859022,2.1065"
2026-05-31T15:19:45.579,asdf,self_20260531_151909,clip_120,1,listen,,2.1057,859043.0,raspberry_pi_seeed_gsr,"859043,2.1057"
2026-05-31T15:19:45.600,asdf,self_20260531_151909,clip_120,1,listen,,2.1017,859064.0,raspberry_pi_seeed_gsr,"859064,2.1017"
2026-05-31T15:19:45.621,asdf,self_20260531_151909,clip_120,1,listen,,2.0953,859085.0,raspberry_pi_seeed_gsr,"859085,2.0953"
2026-05-31T15:19:45.642,asdf,self_20260531_151909,clip_120,1,listen,,2.0993,859106.0,raspberry_pi_seeed_gsr,"859106,2.0993"
2026-05-31T15:19:45.663,asdf,self_20260531_151909,clip_120,1,listen,,2.1122,859127.0,raspberry_pi_seeed_gsr,"859127,2.1122"
2026-05-31T15:19:45.706,asdf,self_20260531_151909,clip_120,1,listen,,2.0928,859148.0,raspberry_pi_seeed_gsr,"859148,2.0928"
2026-05-31T15:19:45.707,asdf,self_20260531_151909,clip_120,1,listen,,2.1025,859169.0,raspberry_pi_seeed_gsr,"859169,2.1025"
2026-05-31T15:19:45.726,asdf,self_20260531_151909,clip_120,1,listen,,2.0896,859190.0,raspberry_pi_seeed_gsr,"859190,2.0896"
2026-05-31T15:19:45.747,asdf,self_20260531_151909,clip_120,1,listen,,2.0896,859211.0,raspberry_pi_seeed_gsr,"859211,2.0896"
2026-05-31T15:19:45.768,asdf,self_20260531_151909,clip_120,1,listen,,2.0985,859232.0,raspberry_pi_seeed_gsr,"859232,2.0985"
2026-05-31T15:19:45.789,asdf,self_20260531_151909,clip_120,1,listen,,2.0993,859253.0,raspberry_pi_seeed_gsr,"859253,2.0993"
2026-05-31T15:19:45.810,asdf,self_20260531_151909,clip_120,1,listen,,2.0993,859274.0,raspberry_pi_seeed_gsr,"859274,2.0993"
2026-05-31T15:19:45.831,asdf,self_20260531_151909,clip_120,1,listen,,2.0961,859295.0,raspberry_pi_seeed_gsr,"859295,2.0961"
2026-05-31T15:19:45.852,asdf,self_20260531_151909,clip_120,1,listen,,2.1001,859316.0,raspberry_pi_seeed_gsr,"859316,2.1001"
2026-05-31T15:19:45.873,asdf,self_20260531_151909,clip_120,1,listen,,2.1025,859337.0,raspberry_pi_seeed_gsr,"859337,2.1025"
2026-05-31T15:19:45.894,asdf,self_20260531_151909,clip_120,1,listen,,2.109,859358.0,raspberry_pi_seeed_gsr,"859358,2.1090"
2026-05-31T15:19:45.915,asdf,self_20260531_151909,clip_120,1,listen,,2.1001,859379.0,raspberry_pi_seeed_gsr,"859379,2.1001"
2026-05-31T15:19:45.957,asdf,self_20260531_151909,clip_120,1,listen,,2.0985,859400.0,raspberry_pi_seeed_gsr,"859400,2.0985"
2026-05-31T15:19:45.958,asdf,self_20260531_151909,clip_120,1,listen,,2.0969,859421.0,raspberry_pi_seeed_gsr,"859421,2.0969"
2026-05-31T15:19:45.978,asdf,self_20260531_151909,clip_120,1,listen,,2.0993,859442.0,raspberry_pi_seeed_gsr,"859442,2.0993"
2026-05-31T15:19:45.999,asdf,self_20260531_151909,clip_120,1,listen,,2.1033,859463.0,raspberry_pi_seeed_gsr,"859463,2.1033"
2026-05-31T15:19:46.020,asdf,self_20260531_151909,clip_120,1,listen,,2.1009,859484.0,raspberry_pi_seeed_gsr,"859484,2.1009"
2026-05-31T15:19:46.041,asdf,self_20260531_151909,clip_120,1,listen,,2.1017,859505.0,raspberry_pi_seeed_gsr,"859505,2.1017"
2026-05-31T15:19:46.062,asdf,self_20260531_151909,clip_120,1,listen,,2.0977,859526.0,raspberry_pi_seeed_gsr,"859526,2.0977"
2026-05-31T15:19:46.083,asdf,self_20260531_151909,clip_120,1,listen,,2.1001,859547.0,raspberry_pi_seeed_gsr,"859547,2.1001"
2026-05-31T15:19:46.104,asdf,self_20260531_151909,clip_120,1,listen,,2.0993,859568.0,raspberry_pi_seeed_gsr,"859568,2.0993"
2026-05-31T15:19:46.125,asdf,self_20260531_151909,clip_120,1,listen,,2.1082,859589.0,raspberry_pi_seeed_gsr,"859589,2.1082"
2026-05-31T15:19:46.146,asdf,self_20260531_151909,clip_120,1,listen,,2.0961,859610.0,raspberry_pi_seeed_gsr,"859610,2.0961"
2026-05-31T15:19:46.167,asdf,self_20260531_151909,clip_120,1,listen,,2.1001,859631.0,raspberry_pi_seeed_gsr,"859631,2.1001"
2026-05-31T15:19:46.208,asdf,self_20260531_151909,clip_120,1,listen,,2.0993,859652.0,raspberry_pi_seeed_gsr,"859652,2.0993"
2026-05-31T15:19:46.209,asdf,self_20260531_151909,clip_120,1,listen,,2.113,859673.0,raspberry_pi_seeed_gsr,"859673,2.1130"
2026-05-31T15:19:46.230,asdf,self_20260531_151909,clip_120,1,listen,,2.109,859694.0,raspberry_pi_seeed_gsr,"859694,2.1090"
2026-05-31T15:19:46.251,asdf,self_20260531_151909,clip_120,1,listen,,2.0856,859715.0,raspberry_pi_seeed_gsr,"859715,2.0856"
2026-05-31T15:19:46.272,asdf,self_20260531_151909,clip_120,1,listen,,2.0904,859736.0,raspberry_pi_seeed_gsr,"859736,2.0904"
2026-05-31T15:19:46.293,asdf,self_20260531_151909,clip_120,1,listen,,2.0743,859757.0,raspberry_pi_seeed_gsr,"859757,2.0743"
2026-05-31T15:19:46.314,asdf,self_20260531_151909,clip_120,1,listen,,2.0961,859778.0,raspberry_pi_seeed_gsr,"859778,2.0961"
2026-05-31T15:19:46.335,asdf,self_20260531_151909,clip_120,1,listen,,2.1057,859799.0,raspberry_pi_seeed_gsr,"859799,2.1057"
2026-05-31T15:19:46.356,asdf,self_20260531_151909,clip_120,1,listen,,2.1001,859820.0,raspberry_pi_seeed_gsr,"859820,2.1001"
2026-05-31T15:19:46.377,asdf,self_20260531_151909,clip_120,1,listen,,2.0993,859841.0,raspberry_pi_seeed_gsr,"859841,2.0993"
2026-05-31T15:19:46.398,asdf,self_20260531_151909,clip_120,1,listen,,2.0937,859862.0,raspberry_pi_seeed_gsr,"859862,2.0937"
2026-05-31T15:19:46.419,asdf,self_20260531_151909,clip_120,1,listen,,2.0985,859883.0,raspberry_pi_seeed_gsr,"859883,2.0985"
2026-05-31T15:19:46.461,asdf,self_20260531_151909,clip_120,1,listen,,2.0969,859904.0,raspberry_pi_seeed_gsr,"859904,2.0969"
2026-05-31T15:19:46.462,asdf,self_20260531_151909,clip_120,1,listen,,2.0969,859925.0,raspberry_pi_seeed_gsr,"859925,2.0969"
2026-05-31T15:19:46.482,asdf,self_20260531_151909,clip_120,1,listen,,2.092,859946.0,raspberry_pi_seeed_gsr,"859946,2.0920"
2026-05-31T15:19:46.503,asdf,self_20260531_151909,clip_120,1,listen,,2.0993,859967.0,raspberry_pi_seeed_gsr,"859967,2.0993"
2026-05-31T15:19:46.524,asdf,self_20260531_151909,clip_120,1,listen,,2.0969,859988.0,raspberry_pi_seeed_gsr,"859988,2.0969"
2026-05-31T15:19:46.545,asdf,self_20260531_151909,clip_120,1,listen,,2.1057,860009.0,raspberry_pi_seeed_gsr,"860009,2.1057"
2026-05-31T15:19:46.567,asdf,self_20260531_151909,clip_120,1,listen,,2.0961,860030.0,raspberry_pi_seeed_gsr,"860030,2.0961"
2026-05-31T15:19:46.587,asdf,self_20260531_151909,clip_120,1,listen,,2.1492,860051.0,raspberry_pi_seeed_gsr,"860051,2.1492"
2026-05-31T15:19:46.608,asdf,self_20260531_151909,clip_120,1,listen,,2.0896,860072.0,raspberry_pi_seeed_gsr,"860072,2.0896"
2026-05-31T15:19:46.629,asdf,self_20260531_151909,clip_120,1,listen,,2.0993,860093.0,raspberry_pi_seeed_gsr,"860093,2.0993"
2026-05-31T15:19:46.650,asdf,self_20260531_151909,clip_120,1,listen,,2.0993,860114.0,raspberry_pi_seeed_gsr,"860114,2.0993"
2026-05-31T15:19:46.671,asdf,self_20260531_151909,clip_120,1,listen,,2.0993,860135.0,raspberry_pi_seeed_gsr,"860135,2.0993"
2026-05-31T15:19:46.713,asdf,self_20260531_151909,clip_120,1,listen,,2.0985,860156.0,raspberry_pi_seeed_gsr,"860156,2.0985"
2026-05-31T15:19:46.714,asdf,self_20260531_151909,clip_120,1,listen,,2.0985,860177.0,raspberry_pi_seeed_gsr,"860177,2.0985"
2026-05-31T15:19:46.734,asdf,self_20260531_151909,clip_120,1,listen,,2.0928,860198.0,raspberry_pi_seeed_gsr,"860198,2.0928"
2026-05-31T15:19:46.755,asdf,self_20260531_151909,clip_120,1,listen,,2.0993,860219.0,raspberry_pi_seeed_gsr,"860219,2.0993"
2026-05-31T15:19:46.776,asdf,self_20260531_151909,clip_120,1,listen,,2.0985,860240.0,raspberry_pi_seeed_gsr,"860240,2.0985"
2026-05-31T15:19:46.797,asdf,self_20260531_151909,clip_120,1,listen,,2.1017,860261.0,raspberry_pi_seeed_gsr,"860261,2.1017"
2026-05-31T15:19:46.818,asdf,self_20260531_151909,clip_120,1,listen,,2.1299,860282.0,raspberry_pi_seeed_gsr,"860282,2.1299"
2026-05-31T15:19:46.839,asdf,self_20260531_151909,clip_120,1,listen,,2.1001,860303.0,raspberry_pi_seeed_gsr,"860303,2.1001"
2026-05-31T15:19:46.860,asdf,self_20260531_151909,clip_120,1,listen,,2.1065,860324.0,raspberry_pi_seeed_gsr,"860324,2.1065"
2026-05-31T15:19:46.881,asdf,self_20260531_151909,clip_120,1,listen,,2.1009,860345.0,raspberry_pi_seeed_gsr,"860345,2.1009"
2026-05-31T15:19:46.902,asdf,self_20260531_151909,clip_120,1,listen,,2.1154,860366.0,raspberry_pi_seeed_gsr,"860366,2.1154"
2026-05-31T15:19:46.923,asdf,self_20260531_151909,clip_120,1,listen,,2.1065,860387.0,raspberry_pi_seeed_gsr,"860387,2.1065"
2026-05-31T15:19:46.963,asdf,self_20260531_151909,clip_120,1,listen,,2.0791,860408.0,raspberry_pi_seeed_gsr,"860408,2.0791"
2026-05-31T15:19:46.965,asdf,self_20260531_151909,clip_120,1,listen,,2.0977,860429.0,raspberry_pi_seeed_gsr,"860429,2.0977"
2026-05-31T15:19:46.986,asdf,self_20260531_151909,clip_120,1,listen,,2.1041,860450.0,raspberry_pi_seeed_gsr,"860450,2.1041"
2026-05-31T15:19:47.007,asdf,self_20260531_151909,clip_120,1,listen,,2.0977,860471.0,raspberry_pi_seeed_gsr,"860471,2.0977"
2026-05-31T15:19:47.028,asdf,self_20260531_151909,clip_120,1,listen,,2.0953,860492.0,raspberry_pi_seeed_gsr,"860492,2.0953"
2026-05-31T15:19:47.049,asdf,self_20260531_151909,clip_120,1,listen,,2.0985,860513.0,raspberry_pi_seeed_gsr,"860513,2.0985"
2026-05-31T15:19:47.070,asdf,self_20260531_151909,clip_120,1,listen,,2.1057,860534.0,raspberry_pi_seeed_gsr,"860534,2.1057"
2026-05-31T15:19:47.091,asdf,self_20260531_151909,clip_120,1,listen,,2.0928,860555.0,raspberry_pi_seeed_gsr,"860555,2.0928"
2026-05-31T15:19:47.112,asdf,self_20260531_151909,clip_120,1,listen,,2.0993,860576.0,raspberry_pi_seeed_gsr,"860576,2.0993"
2026-05-31T15:19:47.133,asdf,self_20260531_151909,clip_120,1,listen,,2.0985,860597.0,raspberry_pi_seeed_gsr,"860597,2.0985"
2026-05-31T15:19:47.154,asdf,self_20260531_151909,clip_120,1,listen,,2.0928,860618.0,raspberry_pi_seeed_gsr,"860618,2.0928"
2026-05-31T15:19:47.175,asdf,self_20260531_151909,clip_120,1,listen,,2.0928,860639.0,raspberry_pi_seeed_gsr,"860639,2.0928"
2026-05-31T15:19:47.215,asdf,self_20260531_151909,clip_120,1,listen,,2.1025,860660.0,raspberry_pi_seeed_gsr,"860660,2.1025"
2026-05-31T15:19:47.217,asdf,self_20260531_151909,clip_120,1,listen,,2.1033,860681.0,raspberry_pi_seeed_gsr,"860681,2.1033"
2026-05-31T15:19:47.238,asdf,self_20260531_151909,clip_120,1,listen,,2.0993,860702.0,raspberry_pi_seeed_gsr,"860702,2.0993"
2026-05-31T15:19:47.259,asdf,self_20260531_151909,clip_120,1,listen,,2.1025,860723.0,raspberry_pi_seeed_gsr,"860723,2.1025"
2026-05-31T15:19:47.280,asdf,self_20260531_151909,clip_120,1,listen,,2.1057,860744.0,raspberry_pi_seeed_gsr,"860744,2.1057"
2026-05-31T15:19:47.301,asdf,self_20260531_151909,clip_120,1,listen,,2.1146,860765.0,raspberry_pi_seeed_gsr,"860765,2.1146"
2026-05-31T15:19:47.322,asdf,self_20260531_151909,clip_120,1,listen,,2.0953,860786.0,raspberry_pi_seeed_gsr,"860786,2.0953"
2026-05-31T15:19:47.343,asdf,self_20260531_151909,clip_120,1,listen,,2.0912,860807.0,raspberry_pi_seeed_gsr,"860807,2.0912"
2026-05-31T15:19:47.364,asdf,self_20260531_151909,clip_120,1,listen,,2.0993,860828.0,raspberry_pi_seeed_gsr,"860828,2.0993"
2026-05-31T15:19:47.385,asdf,self_20260531_151909,clip_120,1,listen,,2.1009,860849.0,raspberry_pi_seeed_gsr,"860849,2.1009"
2026-05-31T15:19:47.406,asdf,self_20260531_151909,clip_120,1,listen,,2.092,860870.0,raspberry_pi_seeed_gsr,"860870,2.0920"
2026-05-31T15:19:47.427,asdf,self_20260531_151909,clip_120,1,listen,,2.0985,860891.0,raspberry_pi_seeed_gsr,"860891,2.0985"
2026-05-31T15:19:47.467,asdf,self_20260531_151909,clip_120,1,listen,,2.0985,860912.0,raspberry_pi_seeed_gsr,"860912,2.0985"
2026-05-31T15:19:47.469,asdf,self_20260531_151909,clip_120,1,listen,,2.1355,860933.0,raspberry_pi_seeed_gsr,"860933,2.1355"
2026-05-31T15:19:47.490,asdf,self_20260531_151909,clip_120,1,listen,,2.1106,860954.0,raspberry_pi_seeed_gsr,"860954,2.1106"
2026-05-31T15:19:47.511,asdf,self_20260531_151909,clip_120,1,listen,,2.092,860975.0,raspberry_pi_seeed_gsr,"860975,2.0920"
2026-05-31T15:19:47.532,asdf,self_20260531_151909,clip_120,1,listen,,2.1041,860996.0,raspberry_pi_seeed_gsr,"860996,2.1041"
2026-05-31T15:19:47.553,asdf,self_20260531_151909,clip_120,1,listen,,2.092,861017.0,raspberry_pi_seeed_gsr,"861017,2.0920"
2026-05-31T15:19:47.574,asdf,self_20260531_151909,clip_120,1,listen,,2.1025,861038.0,raspberry_pi_seeed_gsr,"861038,2.1025"
2026-05-31T15:19:47.595,asdf,self_20260531_151909,clip_120,1,listen,,2.1041,861059.0,raspberry_pi_seeed_gsr,"861059,2.1041"
2026-05-31T15:19:47.616,asdf,self_20260531_151909,clip_120,1,listen,,2.109,861080.0,raspberry_pi_seeed_gsr,"861080,2.1090"
2026-05-31T15:19:47.637,asdf,self_20260531_151909,clip_120,1,listen,,2.1009,861101.0,raspberry_pi_seeed_gsr,"861101,2.1009"
2026-05-31T15:19:47.658,asdf,self_20260531_151909,clip_120,1,listen,,2.0783,861122.0,raspberry_pi_seeed_gsr,"861122,2.0783"
2026-05-31T15:19:47.679,asdf,self_20260531_151909,clip_120,1,listen,,2.0928,861143.0,raspberry_pi_seeed_gsr,"861143,2.0928"
2026-05-31T15:19:47.723,asdf,self_20260531_151909,clip_120,1,listen,,2.1001,861164.0,raspberry_pi_seeed_gsr,"861164,2.1001"
2026-05-31T15:19:47.724,asdf,self_20260531_151909,clip_120,1,listen,,2.0993,861185.0,raspberry_pi_seeed_gsr,"861185,2.0993"
2026-05-31T15:19:47.742,asdf,self_20260531_151909,clip_120,1,listen,,2.1009,861206.0,raspberry_pi_seeed_gsr,"861206,2.1009"
2026-05-31T15:19:47.763,asdf,self_20260531_151909,clip_120,1,listen,,2.1025,861227.0,raspberry_pi_seeed_gsr,"861227,2.1025"
2026-05-31T15:19:47.784,asdf,self_20260531_151909,clip_120,1,listen,,2.1073,861248.0,raspberry_pi_seeed_gsr,"861248,2.1073"
2026-05-31T15:19:47.805,asdf,self_20260531_151909,clip_120,1,listen,,2.1001,861269.0,raspberry_pi_seeed_gsr,"861269,2.1001"
2026-05-31T15:19:47.826,asdf,self_20260531_151909,clip_120,1,listen,,2.1009,861290.0,raspberry_pi_seeed_gsr,"861290,2.1009"
2026-05-31T15:19:47.847,asdf,self_20260531_151909,clip_120,1,listen,,2.0961,861311.0,raspberry_pi_seeed_gsr,"861311,2.0961"
2026-05-31T15:19:47.868,asdf,self_20260531_151909,clip_120,1,listen,,2.1154,861332.0,raspberry_pi_seeed_gsr,"861332,2.1154"
2026-05-31T15:19:47.889,asdf,self_20260531_151909,clip_120,1,listen,,2.0993,861353.0,raspberry_pi_seeed_gsr,"861353,2.0993"
2026-05-31T15:19:47.910,asdf,self_20260531_151909,clip_120,1,listen,,2.0961,861374.0,raspberry_pi_seeed_gsr,"861374,2.0961"
2026-05-31T15:19:47.931,asdf,self_20260531_151909,clip_120,1,listen,,2.1001,861395.0,raspberry_pi_seeed_gsr,"861395,2.1001"
2026-05-31T15:19:47.971,asdf,self_20260531_151909,clip_120,1,listen,,2.1001,861416.0,raspberry_pi_seeed_gsr,"861416,2.1001"
2026-05-31T15:19:47.973,asdf,self_20260531_151909,clip_120,1,listen,,2.0977,861437.0,raspberry_pi_seeed_gsr,"861437,2.0977"
2026-05-31T15:19:47.994,asdf,self_20260531_151909,clip_120,1,listen,,2.0993,861458.0,raspberry_pi_seeed_gsr,"861458,2.0993"
2026-05-31T15:19:48.015,asdf,self_20260531_151909,clip_120,1,listen,,2.1492,861479.0,raspberry_pi_seeed_gsr,"861479,2.1492"
2026-05-31T15:19:48.036,asdf,self_20260531_151909,clip_120,1,listen,,2.0953,861500.0,raspberry_pi_seeed_gsr,"861500,2.0953"
2026-05-31T15:19:48.057,asdf,self_20260531_151909,clip_120,1,listen,,2.0977,861521.0,raspberry_pi_seeed_gsr,"861521,2.0977"
2026-05-31T15:19:48.078,asdf,self_20260531_151909,clip_120,1,listen,,2.092,861542.0,raspberry_pi_seeed_gsr,"861542,2.0920"
2026-05-31T15:19:48.099,asdf,self_20260531_151909,clip_120,1,listen,,2.0953,861563.0,raspberry_pi_seeed_gsr,"861563,2.0953"
2026-05-31T15:19:48.120,asdf,self_20260531_151909,clip_120,1,listen,,2.0993,861584.0,raspberry_pi_seeed_gsr,"861584,2.0993"
2026-05-31T15:19:48.141,asdf,self_20260531_151909,clip_120,1,listen,,2.1106,861605.0,raspberry_pi_seeed_gsr,"861605,2.1106"
2026-05-31T15:19:48.163,asdf,self_20260531_151909,clip_120,1,listen,,2.0985,861626.0,raspberry_pi_seeed_gsr,"861626,2.0985"
2026-05-31T15:19:48.185,asdf,self_20260531_151909,clip_120,1,listen,,2.0541,861647.0,raspberry_pi_seeed_gsr,"861647,2.0541"
2026-05-31T15:19:48.226,asdf,self_20260531_151909,clip_120,1,listen,,2.1662,861668.0,raspberry_pi_seeed_gsr,"861668,2.1662"
2026-05-31T15:19:48.227,asdf,self_20260531_151909,clip_120,1,listen,,2.1009,861689.0,raspberry_pi_seeed_gsr,"861689,2.1009"
2026-05-31T15:19:48.246,asdf,self_20260531_151909,clip_120,1,listen,,2.1339,861710.0,raspberry_pi_seeed_gsr,"861710,2.1339"
2026-05-31T15:19:48.267,asdf,self_20260531_151909,clip_120,1,listen,,2.0937,861731.0,raspberry_pi_seeed_gsr,"861731,2.0937"
2026-05-31T15:19:48.288,asdf,self_20260531_151909,clip_120,1,listen,,2.1041,861752.0,raspberry_pi_seeed_gsr,"861752,2.1041"
2026-05-31T15:19:48.309,asdf,self_20260531_151909,clip_120,1,listen,,2.0928,861773.0,raspberry_pi_seeed_gsr,"861773,2.0928"
2026-05-31T15:19:48.330,asdf,self_20260531_151909,clip_120,1,listen,,2.0985,861794.0,raspberry_pi_seeed_gsr,"861794,2.0985"
2026-05-31T15:19:48.351,asdf,self_20260531_151909,clip_120,1,listen,,2.1106,861815.0,raspberry_pi_seeed_gsr,"861815,2.1106"
2026-05-31T15:19:48.372,asdf,self_20260531_151909,clip_120,1,listen,,2.0953,861836.0,raspberry_pi_seeed_gsr,"861836,2.0953"
2026-05-31T15:19:48.393,asdf,self_20260531_151909,clip_120,1,listen,,2.1025,861857.0,raspberry_pi_seeed_gsr,"861857,2.1025"
2026-05-31T15:19:48.414,asdf,self_20260531_151909,clip_120,1,listen,,2.1025,861878.0,raspberry_pi_seeed_gsr,"861878,2.1025"
2026-05-31T15:19:48.435,asdf,self_20260531_151909,clip_120,1,listen,,2.0977,861899.0,raspberry_pi_seeed_gsr,"861899,2.0977"
2026-05-31T15:19:48.477,asdf,self_20260531_151909,clip_120,1,listen,,2.0961,861920.0,raspberry_pi_seeed_gsr,"861920,2.0961"
2026-05-31T15:19:48.479,asdf,self_20260531_151909,clip_120,1,listen,,2.0977,861941.0,raspberry_pi_seeed_gsr,"861941,2.0977"
2026-05-31T15:19:48.498,asdf,self_20260531_151909,clip_120,1,listen,,2.0985,861962.0,raspberry_pi_seeed_gsr,"861962,2.0985"
2026-05-31T15:19:48.519,asdf,self_20260531_151909,clip_120,1,listen,,2.1227,861983.0,raspberry_pi_seeed_gsr,"861983,2.1227"
2026-05-31T15:19:48.540,asdf,self_20260531_151909,clip_120,1,listen,,2.0953,862004.0,raspberry_pi_seeed_gsr,"862004,2.0953"
2026-05-31T15:19:48.561,asdf,self_20260531_151909,clip_120,1,listen,,2.109,862025.0,raspberry_pi_seeed_gsr,"862025,2.1090"
2026-05-31T15:19:48.582,asdf,self_20260531_151909,clip_120,1,listen,,2.0953,862046.0,raspberry_pi_seeed_gsr,"862046,2.0953"
2026-05-31T15:19:48.603,asdf,self_20260531_151909,clip_120,1,listen,,2.1001,862067.0,raspberry_pi_seeed_gsr,"862067,2.1001"
2026-05-31T15:19:48.624,asdf,self_20260531_151909,clip_120,1,listen,,2.1001,862088.0,raspberry_pi_seeed_gsr,"862088,2.1001"
2026-05-31T15:19:48.645,asdf,self_20260531_151909,clip_120,1,listen,,2.1146,862109.0,raspberry_pi_seeed_gsr,"862109,2.1146"
2026-05-31T15:19:48.667,asdf,self_20260531_151909,clip_120,1,listen,,2.0985,862130.0,raspberry_pi_seeed_gsr,"862130,2.0985"
2026-05-31T15:19:48.687,asdf,self_20260531_151909,clip_120,1,listen,,2.0993,862151.0,raspberry_pi_seeed_gsr,"862151,2.0993"
2026-05-31T15:19:48.732,asdf,self_20260531_151909,clip_120,1,listen,,2.0937,862172.0,raspberry_pi_seeed_gsr,"862172,2.0937"
2026-05-31T15:19:48.733,asdf,self_20260531_151909,clip_120,1,listen,,2.1057,862193.0,raspberry_pi_seeed_gsr,"862193,2.1057"
2026-05-31T15:19:48.750,asdf,self_20260531_151909,clip_120,1,listen,,2.0937,862214.0,raspberry_pi_seeed_gsr,"862214,2.0937"
2026-05-31T15:19:48.771,asdf,self_20260531_151909,clip_120,1,listen,,2.1049,862235.0,raspberry_pi_seeed_gsr,"862235,2.1049"
2026-05-31T15:19:48.792,asdf,self_20260531_151909,clip_120,1,listen,,2.1001,862256.0,raspberry_pi_seeed_gsr,"862256,2.1001"
2026-05-31T15:19:48.813,asdf,self_20260531_151909,clip_120,1,listen,,2.0864,862277.0,raspberry_pi_seeed_gsr,"862277,2.0864"
2026-05-31T15:19:48.834,asdf,self_20260531_151909,clip_120,1,listen,,2.1065,862298.0,raspberry_pi_seeed_gsr,"862298,2.1065"
2026-05-31T15:19:48.855,asdf,self_20260531_151909,clip_120,1,listen,,2.0622,862319.0,raspberry_pi_seeed_gsr,"862319,2.0622"
2026-05-31T15:19:48.876,asdf,self_20260531_151909,clip_120,1,listen,,2.0848,862340.0,raspberry_pi_seeed_gsr,"862340,2.0848"
2026-05-31T15:19:48.897,asdf,self_20260531_151909,clip_120,1,listen,,2.1017,862361.0,raspberry_pi_seeed_gsr,"862361,2.1017"
2026-05-31T15:19:48.918,asdf,self_20260531_151909,clip_120,1,listen,,2.0977,862382.0,raspberry_pi_seeed_gsr,"862382,2.0977"
2026-05-31T15:19:48.939,asdf,self_20260531_151909,clip_120,1,listen,,2.1009,862403.0,raspberry_pi_seeed_gsr,"862403,2.1009"
2026-05-31T15:19:48.979,asdf,self_20260531_151909,clip_120,1,listen,,2.1049,862424.0,raspberry_pi_seeed_gsr,"862424,2.1049"
2026-05-31T15:19:48.981,asdf,self_20260531_151909,clip_120,1,listen,,2.1065,862445.0,raspberry_pi_seeed_gsr,"862445,2.1065"
2026-05-31T15:19:49.002,asdf,self_20260531_151909,clip_120,1,listen,,2.0969,862466.0,raspberry_pi_seeed_gsr,"862466,2.0969"
2026-05-31T15:19:49.023,asdf,self_20260531_151909,clip_120,1,listen,,2.1114,862487.0,raspberry_pi_seeed_gsr,"862487,2.1114"
2026-05-31T15:19:49.044,asdf,self_20260531_151909,clip_120,1,listen,,2.1017,862508.0,raspberry_pi_seeed_gsr,"862508,2.1017"
2026-05-31T15:19:49.065,asdf,self_20260531_151909,clip_120,1,listen,,2.1065,862529.0,raspberry_pi_seeed_gsr,"862529,2.1065"
2026-05-31T15:19:49.086,asdf,self_20260531_151909,clip_120,1,listen,,2.0937,862550.0,raspberry_pi_seeed_gsr,"862550,2.0937"
2026-05-31T15:19:49.107,asdf,self_20260531_151909,clip_120,1,listen,,2.1041,862571.0,raspberry_pi_seeed_gsr,"862571,2.1041"
2026-05-31T15:19:49.128,asdf,self_20260531_151909,clip_120,1,listen,,2.1001,862592.0,raspberry_pi_seeed_gsr,"862592,2.1001"
2026-05-31T15:19:49.149,asdf,self_20260531_151909,clip_120,1,listen,,2.0985,862613.0,raspberry_pi_seeed_gsr,"862613,2.0985"
2026-05-31T15:19:49.170,asdf,self_20260531_151909,clip_120,1,listen,,2.1049,862634.0,raspberry_pi_seeed_gsr,"862634,2.1049"
2026-05-31T15:19:49.192,asdf,self_20260531_151909,clip_120,1,listen,,2.0945,862655.0,raspberry_pi_seeed_gsr,"862655,2.0945"
2026-05-31T15:19:49.233,asdf,self_20260531_151909,clip_120,1,listen,,2.092,862676.0,raspberry_pi_seeed_gsr,"862676,2.0920"
2026-05-31T15:19:49.234,asdf,self_20260531_151909,clip_120,1,listen,,2.1001,862697.0,raspberry_pi_seeed_gsr,"862697,2.1001"
2026-05-31T15:19:49.254,asdf,self_20260531_151909,clip_120,1,listen,,2.0993,862718.0,raspberry_pi_seeed_gsr,"862718,2.0993"
2026-05-31T15:19:49.275,asdf,self_20260531_151909,clip_120,1,listen,,2.0993,862739.0,raspberry_pi_seeed_gsr,"862739,2.0993"
2026-05-31T15:19:49.296,asdf,self_20260531_151909,clip_120,1,listen,,2.0993,862760.0,raspberry_pi_seeed_gsr,"862760,2.0993"
2026-05-31T15:19:49.317,asdf,self_20260531_151909,clip_120,1,listen,,2.0993,862781.0,raspberry_pi_seeed_gsr,"862781,2.0993"
2026-05-31T15:19:49.338,asdf,self_20260531_151909,clip_120,1,listen,,2.1065,862802.0,raspberry_pi_seeed_gsr,"862802,2.1065"
2026-05-31T15:19:49.359,asdf,self_20260531_151909,clip_120,1,listen,,2.1106,862823.0,raspberry_pi_seeed_gsr,"862823,2.1106"
2026-05-31T15:19:49.380,asdf,self_20260531_151909,clip_120,1,listen,,2.1001,862844.0,raspberry_pi_seeed_gsr,"862844,2.1001"
2026-05-31T15:19:49.401,asdf,self_20260531_151909,clip_120,1,listen,,2.1001,862865.0,raspberry_pi_seeed_gsr,"862865,2.1001"
2026-05-31T15:19:49.422,asdf,self_20260531_151909,clip_120,1,listen,,2.0993,862886.0,raspberry_pi_seeed_gsr,"862886,2.0993"
2026-05-31T15:19:49.443,asdf,self_20260531_151909,clip_120,1,listen,,2.1025,862907.0,raspberry_pi_seeed_gsr,"862907,2.1025"
2026-05-31T15:19:49.484,asdf,self_20260531_151909,clip_120,1,listen,,2.1017,862928.0,raspberry_pi_seeed_gsr,"862928,2.1017"
2026-05-31T15:19:49.485,asdf,self_20260531_151909,clip_120,1,listen,,2.0953,862949.0,raspberry_pi_seeed_gsr,"862949,2.0953"
2026-05-31T15:19:49.506,asdf,self_20260531_151909,clip_120,1,listen,,2.0961,862970.0,raspberry_pi_seeed_gsr,"862970,2.0961"
2026-05-31T15:19:49.527,asdf,self_20260531_151909,clip_120,1,listen,,2.0985,862991.0,raspberry_pi_seeed_gsr,"862991,2.0985"
2026-05-31T15:19:49.548,asdf,self_20260531_151909,clip_120,1,listen,,2.1001,863012.0,raspberry_pi_seeed_gsr,"863012,2.1001"
2026-05-31T15:19:49.569,asdf,self_20260531_151909,clip_120,1,listen,,2.1033,863033.0,raspberry_pi_seeed_gsr,"863033,2.1033"
2026-05-31T15:19:49.590,asdf,self_20260531_151909,clip_120,1,listen,,2.0928,863054.0,raspberry_pi_seeed_gsr,"863054,2.0928"
2026-05-31T15:19:49.611,asdf,self_20260531_151909,clip_120,1,listen,,2.1396,863075.0,raspberry_pi_seeed_gsr,"863075,2.1396"
2026-05-31T15:19:49.632,asdf,self_20260531_151909,clip_120,1,listen,,2.1009,863096.0,raspberry_pi_seeed_gsr,"863096,2.1009"
2026-05-31T15:19:49.653,asdf,self_20260531_151909,clip_120,1,listen,,2.0985,863117.0,raspberry_pi_seeed_gsr,"863117,2.0985"
2026-05-31T15:19:49.674,asdf,self_20260531_151909,clip_120,1,listen,,2.0993,863138.0,raspberry_pi_seeed_gsr,"863138,2.0993"
2026-05-31T15:19:49.695,asdf,self_20260531_151909,clip_120,1,listen,,2.088,863159.0,raspberry_pi_seeed_gsr,"863159,2.0880"
2026-05-31T15:19:49.716,asdf,self_20260531_151909,clip_120,1,listen,,2.1082,863180.0,raspberry_pi_seeed_gsr,"863180,2.1082"
2026-05-31T15:19:49.757,asdf,self_20260531_151909,clip_120,1,listen,,2.1025,863201.0,raspberry_pi_seeed_gsr,"863201,2.1025"
2026-05-31T15:19:49.758,asdf,self_20260531_151909,clip_120,1,listen,,2.1017,863222.0,raspberry_pi_seeed_gsr,"863222,2.1017"
2026-05-31T15:19:49.779,asdf,self_20260531_151909,clip_120,1,listen,,2.1017,863243.0,raspberry_pi_seeed_gsr,"863243,2.1017"
2026-05-31T15:19:49.800,asdf,self_20260531_151909,clip_120,1,listen,,2.1065,863264.0,raspberry_pi_seeed_gsr,"863264,2.1065"
2026-05-31T15:19:49.821,asdf,self_20260531_151909,clip_120,1,listen,,2.0969,863285.0,raspberry_pi_seeed_gsr,"863285,2.0969"
2026-05-31T15:19:49.842,asdf,self_20260531_151909,clip_120,1,listen,,2.1025,863306.0,raspberry_pi_seeed_gsr,"863306,2.1025"
2026-05-31T15:19:49.863,asdf,self_20260531_151909,clip_120,1,listen,,2.092,863327.0,raspberry_pi_seeed_gsr,"863327,2.0920"
2026-05-31T15:19:49.884,asdf,self_20260531_151909,clip_120,1,listen,,2.1041,863348.0,raspberry_pi_seeed_gsr,"863348,2.1041"
2026-05-31T15:19:49.905,asdf,self_20260531_151909,clip_120,1,listen,,2.0969,863369.0,raspberry_pi_seeed_gsr,"863369,2.0969"
2026-05-31T15:19:49.926,asdf,self_20260531_151909,clip_120,1,listen,,2.1009,863390.0,raspberry_pi_seeed_gsr,"863390,2.1009"
2026-05-31T15:19:49.947,asdf,self_20260531_151909,clip_120,1,listen,,2.0864,863411.0,raspberry_pi_seeed_gsr,"863411,2.0864"
2026-05-31T15:19:49.968,asdf,self_20260531_151909,clip_120,1,listen,,2.0969,863432.0,raspberry_pi_seeed_gsr,"863432,2.0969"
2026-05-31T15:19:50.008,asdf,self_20260531_151909,clip_120,1,listen,,2.1033,863453.0,raspberry_pi_seeed_gsr,"863453,2.1033"
2026-05-31T15:19:50.010,asdf,self_20260531_151909,clip_120,1,listen,,2.0977,863474.0,raspberry_pi_seeed_gsr,"863474,2.0977"
2026-05-31T15:19:50.031,asdf,self_20260531_151909,clip_120,1,listen,,2.0759,863495.0,raspberry_pi_seeed_gsr,"863495,2.0759"
2026-05-31T15:19:50.052,asdf,self_20260531_151909,clip_120,1,listen,,2.1259,863516.0,raspberry_pi_seeed_gsr,"863516,2.1259"
2026-05-31T15:19:50.073,asdf,self_20260531_151909,clip_120,1,listen,,2.1009,863537.0,raspberry_pi_seeed_gsr,"863537,2.1009"
2026-05-31T15:19:50.094,asdf,self_20260531_151909,clip_120,1,listen,,2.0848,863558.0,raspberry_pi_seeed_gsr,"863558,2.0848"
2026-05-31T15:19:50.115,asdf,self_20260531_151909,clip_120,1,listen,,2.0977,863579.0,raspberry_pi_seeed_gsr,"863579,2.0977"
2026-05-31T15:19:50.136,asdf,self_20260531_151909,clip_120,1,listen,,2.1001,863600.0,raspberry_pi_seeed_gsr,"863600,2.1001"
2026-05-31T15:19:50.157,asdf,self_20260531_151909,clip_120,1,listen,,2.0993,863621.0,raspberry_pi_seeed_gsr,"863621,2.0993"
2026-05-31T15:19:50.178,asdf,self_20260531_151909,clip_120,1,listen,,2.1138,863642.0,raspberry_pi_seeed_gsr,"863642,2.1138"
2026-05-31T15:19:50.199,asdf,self_20260531_151909,clip_120,1,listen,,2.0985,863663.0,raspberry_pi_seeed_gsr,"863663,2.0985"
2026-05-31T15:19:50.220,asdf,self_20260531_151909,clip_120,1,listen,,2.0993,863684.0,raspberry_pi_seeed_gsr,"863684,2.0993"
2026-05-31T15:19:50.262,asdf,self_20260531_151909,clip_120,1,listen,,2.0856,863705.0,raspberry_pi_seeed_gsr,"863705,2.0856"
2026-05-31T15:19:50.263,asdf,self_20260531_151909,clip_120,1,listen,,2.0928,863726.0,raspberry_pi_seeed_gsr,"863726,2.0928"
2026-05-31T15:19:50.283,asdf,self_20260531_151909,clip_120,1,listen,,2.1025,863747.0,raspberry_pi_seeed_gsr,"863747,2.1025"
2026-05-31T15:19:50.304,asdf,self_20260531_151909,clip_120,1,listen,,2.1057,863768.0,raspberry_pi_seeed_gsr,"863768,2.1057"
2026-05-31T15:19:50.325,asdf,self_20260531_151909,clip_120,1,listen,,2.0977,863789.0,raspberry_pi_seeed_gsr,"863789,2.0977"
2026-05-31T15:19:50.346,asdf,self_20260531_151909,clip_120,1,listen,,2.1065,863810.0,raspberry_pi_seeed_gsr,"863810,2.1065"
2026-05-31T15:19:50.367,asdf,self_20260531_151909,clip_120,1,listen,,2.1001,863831.0,raspberry_pi_seeed_gsr,"863831,2.1001"
2026-05-31T15:19:50.388,asdf,self_20260531_151909,clip_120,1,listen,,2.1001,863852.0,raspberry_pi_seeed_gsr,"863852,2.1001"
2026-05-31T15:19:50.409,asdf,self_20260531_151909,clip_120,1,listen,,2.0953,863873.0,raspberry_pi_seeed_gsr,"863873,2.0953"
2026-05-31T15:19:50.430,asdf,self_20260531_151909,clip_120,1,listen,,2.1017,863894.0,raspberry_pi_seeed_gsr,"863894,2.1017"
2026-05-31T15:19:50.451,asdf,self_20260531_151909,clip_120,1,listen,,2.1033,863915.0,raspberry_pi_seeed_gsr,"863915,2.1033"
2026-05-31T15:19:50.472,asdf,self_20260531_151909,clip_120,1,listen,,2.1106,863936.0,raspberry_pi_seeed_gsr,"863936,2.1106"
2026-05-31T15:19:50.515,asdf,self_20260531_151909,clip_120,1,listen,,2.1017,863957.0,raspberry_pi_seeed_gsr,"863957,2.1017"
2026-05-31T15:19:50.516,asdf,self_20260531_151909,clip_120,1,listen,,2.0872,863978.0,raspberry_pi_seeed_gsr,"863978,2.0872"
2026-05-31T15:19:50.535,asdf,self_20260531_151909,clip_120,1,listen,,2.1017,863999.0,raspberry_pi_seeed_gsr,"863999,2.1017"
2026-05-31T15:19:50.556,asdf,self_20260531_151909,clip_120,1,listen,,2.0977,864020.0,raspberry_pi_seeed_gsr,"864020,2.0977"
2026-05-31T15:19:50.577,asdf,self_20260531_151909,clip_120,1,listen,,2.1025,864041.0,raspberry_pi_seeed_gsr,"864041,2.1025"
2026-05-31T15:19:50.598,asdf,self_20260531_151909,clip_120,1,listen,,2.1082,864062.0,raspberry_pi_seeed_gsr,"864062,2.1082"
2026-05-31T15:19:50.619,asdf,self_20260531_151909,clip_120,1,listen,,2.0928,864083.0,raspberry_pi_seeed_gsr,"864083,2.0928"
2026-05-31T15:19:50.640,asdf,self_20260531_151909,clip_120,1,listen,,2.113,864104.0,raspberry_pi_seeed_gsr,"864104,2.1130"
2026-05-31T15:19:50.661,asdf,self_20260531_151909,clip_120,1,listen,,2.0993,864125.0,raspberry_pi_seeed_gsr,"864125,2.0993"
2026-05-31T15:19:50.682,asdf,self_20260531_151909,clip_120,1,listen,,2.0953,864146.0,raspberry_pi_seeed_gsr,"864146,2.0953"
2026-05-31T15:19:50.703,asdf,self_20260531_151909,clip_120,1,listen,,2.0993,864167.0,raspberry_pi_seeed_gsr,"864167,2.0993"
2026-05-31T15:19:50.725,asdf,self_20260531_151909,clip_120,1,listen,,2.1106,864188.0,raspberry_pi_seeed_gsr,"864188,2.1106"
2026-05-31T15:19:50.767,asdf,self_20260531_151909,clip_120,1,listen,,2.1033,864209.0,raspberry_pi_seeed_gsr,"864209,2.1033"
2026-05-31T15:19:50.768,asdf,self_20260531_151909,clip_120,1,listen,,2.0993,864230.0,raspberry_pi_seeed_gsr,"864230,2.0993"
2026-05-31T15:19:50.787,asdf,self_20260531_151909,clip_120,1,listen,,2.1001,864251.0,raspberry_pi_seeed_gsr,"864251,2.1001"
2026-05-31T15:19:50.808,asdf,self_20260531_151909,clip_120,1,listen,,2.1009,864272.0,raspberry_pi_seeed_gsr,"864272,2.1009"
2026-05-31T15:19:50.829,asdf,self_20260531_151909,clip_120,1,listen,,2.092,864293.0,raspberry_pi_seeed_gsr,"864293,2.0920"
2026-05-31T15:19:50.850,asdf,self_20260531_151909,clip_120,1,listen,,2.0928,864314.0,raspberry_pi_seeed_gsr,"864314,2.0928"
2026-05-31T15:19:50.871,asdf,self_20260531_151909,clip_120,1,listen,,2.1082,864335.0,raspberry_pi_seeed_gsr,"864335,2.1082"
2026-05-31T15:19:50.892,asdf,self_20260531_151909,clip_120,1,listen,,2.0904,864356.0,raspberry_pi_seeed_gsr,"864356,2.0904"
2026-05-31T15:19:50.913,asdf,self_20260531_151909,clip_120,1,listen,,2.0945,864377.0,raspberry_pi_seeed_gsr,"864377,2.0945"
2026-05-31T15:19:50.934,asdf,self_20260531_151909,clip_120,1,listen,,2.1017,864398.0,raspberry_pi_seeed_gsr,"864398,2.1017"
2026-05-31T15:19:50.956,asdf,self_20260531_151909,clip_120,1,listen,,2.0896,864419.0,raspberry_pi_seeed_gsr,"864419,2.0896"
2026-05-31T15:19:50.976,asdf,self_20260531_151909,clip_120,1,listen,,2.1033,864440.0,raspberry_pi_seeed_gsr,"864440,2.1033"
2026-05-31T15:19:51.019,asdf,self_20260531_151909,clip_120,1,listen,,2.1114,864461.0,raspberry_pi_seeed_gsr,"864461,2.1114"
2026-05-31T15:19:51.019,asdf,self_20260531_151909,clip_120,1,listen,,2.0993,864482.0,raspberry_pi_seeed_gsr,"864482,2.0993"
2026-05-31T15:19:51.039,asdf,self_20260531_151909,clip_120,1,listen,,2.1025,864503.0,raspberry_pi_seeed_gsr,"864503,2.1025"
2026-05-31T15:19:51.060,asdf,self_20260531_151909,clip_120,1,listen,,2.1017,864524.0,raspberry_pi_seeed_gsr,"864524,2.1017"
2026-05-31T15:19:51.081,asdf,self_20260531_151909,clip_120,1,listen,,2.0888,864545.0,raspberry_pi_seeed_gsr,"864545,2.0888"
2026-05-31T15:19:51.102,asdf,self_20260531_151909,clip_120,1,listen,,2.0969,864566.0,raspberry_pi_seeed_gsr,"864566,2.0969"
2026-05-31T15:19:51.123,asdf,self_20260531_151909,clip_120,1,listen,,2.1057,864587.0,raspberry_pi_seeed_gsr,"864587,2.1057"
2026-05-31T15:19:51.144,asdf,self_20260531_151909,clip_120,1,listen,,2.1009,864608.0,raspberry_pi_seeed_gsr,"864608,2.1009"
2026-05-31T15:19:51.165,asdf,self_20260531_151909,clip_120,1,listen,,2.0888,864629.0,raspberry_pi_seeed_gsr,"864629,2.0888"
2026-05-31T15:19:51.186,asdf,self_20260531_151909,clip_120,1,listen,,2.1025,864650.0,raspberry_pi_seeed_gsr,"864650,2.1025"
2026-05-31T15:19:51.207,asdf,self_20260531_151909,clip_120,1,listen,,2.1049,864671.0,raspberry_pi_seeed_gsr,"864671,2.1049"
2026-05-31T15:19:51.228,asdf,self_20260531_151909,clip_120,1,listen,,2.0985,864692.0,raspberry_pi_seeed_gsr,"864692,2.0985"
2026-05-31T15:19:51.272,asdf,self_20260531_151909,clip_120,1,listen,,2.0961,864713.0,raspberry_pi_seeed_gsr,"864713,2.0961"
2026-05-31T15:19:51.273,asdf,self_20260531_151909,clip_120,1,listen,,2.1065,864734.0,raspberry_pi_seeed_gsr,"864734,2.1065"
2026-05-31T15:19:51.291,asdf,self_20260531_151909,clip_120,1,listen,,2.0993,864755.0,raspberry_pi_seeed_gsr,"864755,2.0993"
2026-05-31T15:19:51.312,asdf,self_20260531_151909,clip_120,1,listen,,2.1041,864776.0,raspberry_pi_seeed_gsr,"864776,2.1041"
2026-05-31T15:19:51.333,asdf,self_20260531_151909,clip_120,1,listen,,2.1001,864797.0,raspberry_pi_seeed_gsr,"864797,2.1001"
2026-05-31T15:19:51.354,asdf,self_20260531_151909,clip_120,1,listen,,2.0993,864818.0,raspberry_pi_seeed_gsr,"864818,2.0993"
2026-05-31T15:19:51.375,asdf,self_20260531_151909,clip_120,1,listen,,2.1017,864839.0,raspberry_pi_seeed_gsr,"864839,2.1017"
2026-05-31T15:19:51.396,asdf,self_20260531_151909,clip_120,1,listen,,2.0953,864860.0,raspberry_pi_seeed_gsr,"864860,2.0953"
2026-05-31T15:19:51.417,asdf,self_20260531_151909,clip_120,1,listen,,2.0864,864881.0,raspberry_pi_seeed_gsr,"864881,2.0864"
2026-05-31T15:19:51.438,asdf,self_20260531_151909,clip_120,1,listen,,2.0993,864902.0,raspberry_pi_seeed_gsr,"864902,2.0993"
2026-05-31T15:19:51.459,asdf,self_20260531_151909,clip_120,1,listen,,2.0856,864923.0,raspberry_pi_seeed_gsr,"864923,2.0856"
2026-05-31T15:19:51.480,asdf,self_20260531_151909,clip_120,1,listen,,2.1057,864944.0,raspberry_pi_seeed_gsr,"864944,2.1057"
2026-05-31T15:19:51.521,asdf,self_20260531_151909,clip_120,1,listen,,2.0864,864965.0,raspberry_pi_seeed_gsr,"864965,2.0864"
2026-05-31T15:19:51.523,asdf,self_20260531_151909,clip_120,1,listen,,2.109,864986.0,raspberry_pi_seeed_gsr,"864986,2.1090"
2026-05-31T15:19:51.543,asdf,self_20260531_151909,clip_120,1,listen,,2.1033,865007.0,raspberry_pi_seeed_gsr,"865007,2.1033"
2026-05-31T15:19:51.564,asdf,self_20260531_151909,clip_120,1,listen,,2.0953,865028.0,raspberry_pi_seeed_gsr,"865028,2.0953"
2026-05-31T15:19:51.585,asdf,self_20260531_151909,clip_120,1,listen,,2.109,865049.0,raspberry_pi_seeed_gsr,"865049,2.1090"
2026-05-31T15:19:51.606,asdf,self_20260531_151909,clip_120,1,listen,,2.1001,865070.0,raspberry_pi_seeed_gsr,"865070,2.1001"
2026-05-31T15:19:51.627,asdf,self_20260531_151909,clip_120,1,listen,,2.0993,865091.0,raspberry_pi_seeed_gsr,"865091,2.0993"
2026-05-31T15:19:51.648,asdf,self_20260531_151909,clip_120,1,listen,,2.0832,865112.0,raspberry_pi_seeed_gsr,"865112,2.0832"
2026-05-31T15:19:51.669,asdf,self_20260531_151909,clip_120,1,listen,,2.1041,865133.0,raspberry_pi_seeed_gsr,"865133,2.1041"
2026-05-31T15:19:51.690,asdf,self_20260531_151909,clip_120,1,listen,,2.0848,865154.0,raspberry_pi_seeed_gsr,"865154,2.0848"
2026-05-31T15:19:51.711,asdf,self_20260531_151909,clip_120,1,listen,,2.1065,865175.0,raspberry_pi_seeed_gsr,"865175,2.1065"
2026-05-31T15:19:51.733,asdf,self_20260531_151909,clip_120,1,listen,,2.1009,865196.0,raspberry_pi_seeed_gsr,"865196,2.1009"
2026-05-31T15:19:51.775,asdf,self_20260531_151909,clip_120,1,listen,,2.0977,865217.0,raspberry_pi_seeed_gsr,"865217,2.0977"
2026-05-31T15:19:51.776,asdf,self_20260531_151909,clip_120,1,listen,,2.113,865238.0,raspberry_pi_seeed_gsr,"865238,2.1130"
2026-05-31T15:19:51.795,asdf,self_20260531_151909,clip_120,1,listen,,2.1049,865259.0,raspberry_pi_seeed_gsr,"865259,2.1049"
2026-05-31T15:19:51.816,asdf,self_20260531_151909,clip_120,1,listen,,2.1098,865280.0,raspberry_pi_seeed_gsr,"865280,2.1098"
2026-05-31T15:19:51.837,asdf,self_20260531_151909,clip_120,1,listen,,2.1025,865301.0,raspberry_pi_seeed_gsr,"865301,2.1025"
2026-05-31T15:19:51.858,asdf,self_20260531_151909,clip_120,1,listen,,2.0993,865322.0,raspberry_pi_seeed_gsr,"865322,2.0993"
2026-05-31T15:19:51.879,asdf,self_20260531_151909,clip_120,1,listen,,2.1082,865343.0,raspberry_pi_seeed_gsr,"865343,2.1082"
2026-05-31T15:19:51.900,asdf,self_20260531_151909,clip_120,1,listen,,2.1057,865364.0,raspberry_pi_seeed_gsr,"865364,2.1057"
2026-05-31T15:19:51.921,asdf,self_20260531_151909,clip_120,1,listen,,2.1404,865385.0,raspberry_pi_seeed_gsr,"865385,2.1404"
2026-05-31T15:19:51.942,asdf,self_20260531_151909,clip_120,1,listen,,2.1025,865406.0,raspberry_pi_seeed_gsr,"865406,2.1025"
2026-05-31T15:19:51.963,asdf,self_20260531_151909,clip_120,1,listen,,2.0993,865427.0,raspberry_pi_seeed_gsr,"865427,2.0993"
2026-05-31T15:19:51.984,asdf,self_20260531_151909,clip_120,1,listen,,2.0945,865448.0,raspberry_pi_seeed_gsr,"865448,2.0945"
2026-05-31T15:19:52.025,asdf,self_20260531_151909,clip_120,1,listen,,2.117,865469.0,raspberry_pi_seeed_gsr,"865469,2.1170"
2026-05-31T15:19:52.026,asdf,self_20260531_151909,clip_120,1,listen,,2.1049,865490.0,raspberry_pi_seeed_gsr,"865490,2.1049"
2026-05-31T15:19:52.047,asdf,self_20260531_151909,clip_120,1,listen,,2.0993,865511.0,raspberry_pi_seeed_gsr,"865511,2.0993"
2026-05-31T15:19:52.068,asdf,self_20260531_151909,clip_120,1,listen,,2.0937,865532.0,raspberry_pi_seeed_gsr,"865532,2.0937"
2026-05-31T15:19:52.089,asdf,self_20260531_151909,clip_120,1,listen,,2.088,865553.0,raspberry_pi_seeed_gsr,"865553,2.0880"
2026-05-31T15:19:52.110,asdf,self_20260531_151909,clip_120,1,listen,,2.109,865574.0,raspberry_pi_seeed_gsr,"865574,2.1090"
2026-05-31T15:19:52.131,asdf,self_20260531_151909,clip_120,1,listen,,2.0928,865595.0,raspberry_pi_seeed_gsr,"865595,2.0928"
2026-05-31T15:19:52.152,asdf,self_20260531_151909,clip_120,1,listen,,2.1154,865616.0,raspberry_pi_seeed_gsr,"865616,2.1154"
2026-05-31T15:19:52.173,asdf,self_20260531_151909,clip_120,1,listen,,2.1001,865637.0,raspberry_pi_seeed_gsr,"865637,2.1001"
2026-05-31T15:19:52.194,asdf,self_20260531_151909,clip_120,1,listen,,2.1033,865658.0,raspberry_pi_seeed_gsr,"865658,2.1033"
2026-05-31T15:19:52.215,asdf,self_20260531_151909,clip_120,1,listen,,2.0945,865679.0,raspberry_pi_seeed_gsr,"865679,2.0945"
2026-05-31T15:19:52.236,asdf,self_20260531_151909,clip_120,1,listen,,2.0937,865700.0,raspberry_pi_seeed_gsr,"865700,2.0937"
2026-05-31T15:19:52.316,asdf,self_20260531_151909,clip_120,1,listen,,2.0856,865721.0,raspberry_pi_seeed_gsr,"865721,2.0856"
2026-05-31T15:19:52.317,asdf,self_20260531_151909,clip_120,1,listen,,2.0937,865742.0,raspberry_pi_seeed_gsr,"865742,2.0937"
2026-05-31T15:19:52.318,asdf,self_20260531_151909,clip_120,1,listen,,2.0993,865763.0,raspberry_pi_seeed_gsr,"865763,2.0993"
2026-05-31T15:19:52.320,asdf,self_20260531_151909,clip_120,1,listen,,2.0993,865784.0,raspberry_pi_seeed_gsr,"865784,2.0993"
2026-05-31T15:19:52.341,asdf,self_20260531_151909,clip_120,1,listen,,2.0961,865805.0,raspberry_pi_seeed_gsr,"865805,2.0961"
2026-05-31T15:19:52.362,asdf,self_20260531_151909,clip_120,1,listen,,2.0912,865826.0,raspberry_pi_seeed_gsr,"865826,2.0912"
2026-05-31T15:19:52.383,asdf,self_20260531_151909,clip_120,1,listen,,2.1017,865847.0,raspberry_pi_seeed_gsr,"865847,2.1017"
2026-05-31T15:19:52.404,asdf,self_20260531_151909,clip_120,1,listen,,2.0953,865868.0,raspberry_pi_seeed_gsr,"865868,2.0953"
2026-05-31T15:19:52.425,asdf,self_20260531_151909,clip_120,1,listen,,2.0928,865889.0,raspberry_pi_seeed_gsr,"865889,2.0928"
2026-05-31T15:19:52.446,asdf,self_20260531_151909,clip_120,1,listen,,2.0985,865910.0,raspberry_pi_seeed_gsr,"865910,2.0985"
2026-05-31T15:19:52.467,asdf,self_20260531_151909,clip_120,1,listen,,2.0912,865931.0,raspberry_pi_seeed_gsr,"865931,2.0912"
2026-05-31T15:19:52.488,asdf,self_20260531_151909,clip_120,1,listen,,2.0953,865952.0,raspberry_pi_seeed_gsr,"865952,2.0953"
2026-05-31T15:19:52.525,asdf,self_20260531_151909,clip_120,1,listen,,2.1009,865973.0,raspberry_pi_seeed_gsr,"865973,2.1009"
2026-05-31T15:19:52.530,asdf,self_20260531_151909,clip_120,1,listen,,2.0993,865994.0,raspberry_pi_seeed_gsr,"865994,2.0993"
2026-05-31T15:19:52.551,asdf,self_20260531_151909,clip_120,1,listen,,2.0977,866015.0,raspberry_pi_seeed_gsr,"866015,2.0977"
2026-05-31T15:19:52.572,asdf,self_20260531_151909,clip_120,1,listen,,2.1001,866036.0,raspberry_pi_seeed_gsr,"866036,2.1001"
2026-05-31T15:19:52.593,asdf,self_20260531_151909,clip_120,1,listen,,2.1009,866057.0,raspberry_pi_seeed_gsr,"866057,2.1009"
2026-05-31T15:19:52.614,asdf,self_20260531_151909,clip_120,1,listen,,2.1049,866078.0,raspberry_pi_seeed_gsr,"866078,2.1049"
2026-05-31T15:19:52.635,asdf,self_20260531_151909,clip_120,1,listen,,2.0791,866099.0,raspberry_pi_seeed_gsr,"866099,2.0791"
2026-05-31T15:19:52.656,asdf,self_20260531_151909,clip_120,1,listen,,2.0912,866120.0,raspberry_pi_seeed_gsr,"866120,2.0912"
2026-05-31T15:19:52.677,asdf,self_20260531_151909,clip_120,1,listen,,2.0953,866141.0,raspberry_pi_seeed_gsr,"866141,2.0953"
2026-05-31T15:19:52.698,asdf,self_20260531_151909,clip_120,1,listen,,2.1033,866162.0,raspberry_pi_seeed_gsr,"866162,2.1033"
2026-05-31T15:19:52.719,asdf,self_20260531_151909,clip_120,1,listen,,2.1025,866183.0,raspberry_pi_seeed_gsr,"866183,2.1025"
2026-05-31T15:19:52.741,asdf,self_20260531_151909,clip_120,1,listen,,2.1009,866204.0,raspberry_pi_seeed_gsr,"866204,2.1009"
2026-05-31T15:19:52.782,asdf,self_20260531_151909,clip_120,1,listen,,2.0993,866225.0,raspberry_pi_seeed_gsr,"866225,2.0993"
2026-05-31T15:19:52.783,asdf,self_20260531_151909,clip_120,1,listen,,2.1009,866246.0,raspberry_pi_seeed_gsr,"866246,2.1009"
2026-05-31T15:19:52.803,asdf,self_20260531_151909,clip_120,1,listen,,2.1033,866267.0,raspberry_pi_seeed_gsr,"866267,2.1033"
2026-05-31T15:19:52.824,asdf,self_20260531_151909,clip_120,1,listen,,2.0912,866288.0,raspberry_pi_seeed_gsr,"866288,2.0912"
2026-05-31T15:19:52.845,asdf,self_20260531_151909,clip_120,1,listen,,2.0985,866309.0,raspberry_pi_seeed_gsr,"866309,2.0985"
2026-05-31T15:19:52.866,asdf,self_20260531_151909,clip_120,1,listen,,2.0993,866330.0,raspberry_pi_seeed_gsr,"866330,2.0993"
2026-05-31T15:19:52.887,asdf,self_20260531_151909,clip_120,1,listen,,2.0977,866351.0,raspberry_pi_seeed_gsr,"866351,2.0977"
2026-05-31T15:19:52.908,asdf,self_20260531_151909,clip_120,1,listen,,2.0953,866372.0,raspberry_pi_seeed_gsr,"866372,2.0953"
2026-05-31T15:19:52.929,asdf,self_20260531_151909,clip_120,1,listen,,2.1049,866393.0,raspberry_pi_seeed_gsr,"866393,2.1049"
2026-05-31T15:19:52.950,asdf,self_20260531_151909,clip_120,1,listen,,2.1033,866414.0,raspberry_pi_seeed_gsr,"866414,2.1033"
2026-05-31T15:19:52.971,asdf,self_20260531_151909,clip_120,1,listen,,2.0953,866435.0,raspberry_pi_seeed_gsr,"866435,2.0953"
2026-05-31T15:19:52.992,asdf,self_20260531_151909,clip_120,1,listen,,2.0848,866456.0,raspberry_pi_seeed_gsr,"866456,2.0848"
2026-05-31T15:19:53.034,asdf,self_20260531_151909,clip_120,1,listen,,2.0977,866477.0,raspberry_pi_seeed_gsr,"866477,2.0977"
2026-05-31T15:19:53.035,asdf,self_20260531_151909,clip_120,1,listen,,2.1049,866498.0,raspberry_pi_seeed_gsr,"866498,2.1049"
2026-05-31T15:19:53.055,asdf,self_20260531_151909,clip_120,1,listen,,2.1049,866519.0,raspberry_pi_seeed_gsr,"866519,2.1049"
2026-05-31T15:19:53.076,asdf,self_20260531_151909,clip_120,1,listen,,2.0663,866540.0,raspberry_pi_seeed_gsr,"866540,2.0663"
2026-05-31T15:19:53.097,asdf,self_20260531_151909,clip_120,1,listen,,2.1106,866561.0,raspberry_pi_seeed_gsr,"866561,2.1106"
2026-05-31T15:19:53.118,asdf,self_20260531_151909,clip_120,1,listen,,2.0864,866582.0,raspberry_pi_seeed_gsr,"866582,2.0864"
2026-05-31T15:19:53.139,asdf,self_20260531_151909,clip_120,1,listen,,2.1041,866603.0,raspberry_pi_seeed_gsr,"866603,2.1041"
2026-05-31T15:19:53.160,asdf,self_20260531_151909,clip_120,1,listen,,2.1049,866624.0,raspberry_pi_seeed_gsr,"866624,2.1049"
2026-05-31T15:19:53.181,asdf,self_20260531_151909,clip_120,1,listen,,2.1178,866645.0,raspberry_pi_seeed_gsr,"866645,2.1178"
2026-05-31T15:19:53.202,asdf,self_20260531_151909,clip_120,1,listen,,2.0985,866666.0,raspberry_pi_seeed_gsr,"866666,2.0985"
2026-05-31T15:19:53.223,asdf,self_20260531_151909,clip_120,1,listen,,2.1065,866687.0,raspberry_pi_seeed_gsr,"866687,2.1065"
2026-05-31T15:19:53.245,asdf,self_20260531_151909,clip_120,1,listen,,2.0977,866708.0,raspberry_pi_seeed_gsr,"866708,2.0977"
2026-05-31T15:19:53.285,asdf,self_20260531_151909,clip_120,1,listen,,2.0961,866729.0,raspberry_pi_seeed_gsr,"866729,2.0961"
2026-05-31T15:19:53.286,asdf,self_20260531_151909,clip_120,1,listen,,2.0856,866750.0,raspberry_pi_seeed_gsr,"866750,2.0856"
2026-05-31T15:19:53.307,asdf,self_20260531_151909,clip_120,1,listen,,2.0928,866771.0,raspberry_pi_seeed_gsr,"866771,2.0928"
2026-05-31T15:19:53.328,asdf,self_20260531_151909,clip_120,1,listen,,2.1065,866792.0,raspberry_pi_seeed_gsr,"866792,2.1065"
2026-05-31T15:19:53.349,asdf,self_20260531_151909,clip_120,1,listen,,2.0775,866813.0,raspberry_pi_seeed_gsr,"866813,2.0775"
2026-05-31T15:19:53.370,asdf,self_20260531_151909,clip_120,1,listen,,2.1033,866834.0,raspberry_pi_seeed_gsr,"866834,2.1033"
2026-05-31T15:19:53.391,asdf,self_20260531_151909,clip_120,1,listen,,2.0864,866855.0,raspberry_pi_seeed_gsr,"866855,2.0864"
2026-05-31T15:19:53.412,asdf,self_20260531_151909,clip_120,1,listen,,2.1122,866876.0,raspberry_pi_seeed_gsr,"866876,2.1122"
2026-05-31T15:19:53.433,asdf,self_20260531_151909,clip_120,1,listen,,2.0937,866897.0,raspberry_pi_seeed_gsr,"866897,2.0937"
2026-05-31T15:19:53.454,asdf,self_20260531_151909,clip_120,1,listen,,2.0783,866918.0,raspberry_pi_seeed_gsr,"866918,2.0783"
2026-05-31T15:19:53.475,asdf,self_20260531_151909,clip_120,1,listen,,2.0993,866939.0,raspberry_pi_seeed_gsr,"866939,2.0993"
2026-05-31T15:19:53.496,asdf,self_20260531_151909,clip_120,1,listen,,2.0961,866960.0,raspberry_pi_seeed_gsr,"866960,2.0961"
2026-05-31T15:19:53.534,asdf,self_20260531_151909,clip_120,1,listen,,2.1082,866981.0,raspberry_pi_seeed_gsr,"866981,2.1082"
2026-05-31T15:19:53.538,asdf,self_20260531_151909,clip_120,1,listen,,2.1017,867002.0,raspberry_pi_seeed_gsr,"867002,2.1017"
2026-05-31T15:19:53.559,asdf,self_20260531_151909,clip_120,1,listen,,2.1017,867023.0,raspberry_pi_seeed_gsr,"867023,2.1017"
2026-05-31T15:19:53.580,asdf,self_20260531_151909,clip_120,1,listen,,2.0928,867044.0,raspberry_pi_seeed_gsr,"867044,2.0928"
2026-05-31T15:19:53.601,asdf,self_20260531_151909,clip_120,1,listen,,2.08,867065.0,raspberry_pi_seeed_gsr,"867065,2.0800"
2026-05-31T15:19:53.622,asdf,self_20260531_151909,clip_120,1,listen,,2.1001,867086.0,raspberry_pi_seeed_gsr,"867086,2.1001"
2026-05-31T15:19:53.643,asdf,self_20260531_151909,clip_120,1,listen,,2.0993,867107.0,raspberry_pi_seeed_gsr,"867107,2.0993"
2026-05-31T15:19:53.664,asdf,self_20260531_151909,clip_120,1,listen,,2.1009,867128.0,raspberry_pi_seeed_gsr,"867128,2.1009"
2026-05-31T15:19:53.685,asdf,self_20260531_151909,clip_120,1,listen,,2.0969,867149.0,raspberry_pi_seeed_gsr,"867149,2.0969"
2026-05-31T15:19:53.706,asdf,self_20260531_151909,clip_120,1,listen,,2.0864,867170.0,raspberry_pi_seeed_gsr,"867170,2.0864"
2026-05-31T15:19:53.727,asdf,self_20260531_151909,clip_120,1,listen,,2.1033,867191.0,raspberry_pi_seeed_gsr,"867191,2.1033"
2026-05-31T15:19:53.749,asdf,self_20260531_151909,clip_120,1,listen,,2.084,867212.0,raspberry_pi_seeed_gsr,"867212,2.0840"
2026-05-31T15:19:53.790,asdf,self_20260531_151909,clip_120,1,listen,,2.1162,867233.0,raspberry_pi_seeed_gsr,"867233,2.1162"
2026-05-31T15:19:53.791,asdf,self_20260531_151909,clip_120,1,listen,,2.0872,867254.0,raspberry_pi_seeed_gsr,"867254,2.0872"
2026-05-31T15:19:53.811,asdf,self_20260531_151909,clip_120,1,listen,,2.092,867275.0,raspberry_pi_seeed_gsr,"867275,2.0920"
2026-05-31T15:19:53.832,asdf,self_20260531_151909,clip_120,1,listen,,2.1041,867296.0,raspberry_pi_seeed_gsr,"867296,2.1041"
2026-05-31T15:19:53.853,asdf,self_20260531_151909,clip_120,1,listen,,2.1106,867317.0,raspberry_pi_seeed_gsr,"867317,2.1106"
2026-05-31T15:19:53.874,asdf,self_20260531_151909,clip_120,1,listen,,2.0928,867338.0,raspberry_pi_seeed_gsr,"867338,2.0928"
2026-05-31T15:19:53.895,asdf,self_20260531_151909,clip_120,1,listen,,2.0928,867359.0,raspberry_pi_seeed_gsr,"867359,2.0928"
2026-05-31T15:19:53.916,asdf,self_20260531_151909,clip_120,1,listen,,2.1283,867380.0,raspberry_pi_seeed_gsr,"867380,2.1283"
2026-05-31T15:19:53.937,asdf,self_20260531_151909,clip_120,1,listen,,2.1082,867401.0,raspberry_pi_seeed_gsr,"867401,2.1082"
2026-05-31T15:19:53.958,asdf,self_20260531_151909,clip_120,1,listen,,2.1009,867422.0,raspberry_pi_seeed_gsr,"867422,2.1009"
2026-05-31T15:19:53.980,asdf,self_20260531_151909,clip_120,1,listen,,2.0904,867443.0,raspberry_pi_seeed_gsr,"867443,2.0904"
2026-05-31T15:19:54.000,asdf,self_20260531_151909,clip_120,1,listen,,2.0969,867464.0,raspberry_pi_seeed_gsr,"867464,2.0969"
2026-05-31T15:19:54.039,asdf,self_20260531_151909,clip_120,1,listen,,2.1041,867485.0,raspberry_pi_seeed_gsr,"867485,2.1041"
2026-05-31T15:19:54.042,asdf,self_20260531_151909,clip_120,1,listen,,2.1065,867506.0,raspberry_pi_seeed_gsr,"867506,2.1065"
2026-05-31T15:19:54.063,asdf,self_20260531_151909,clip_120,1,listen,,2.0985,867527.0,raspberry_pi_seeed_gsr,"867527,2.0985"
2026-05-31T15:19:54.084,asdf,self_20260531_151909,clip_120,1,listen,,2.092,867548.0,raspberry_pi_seeed_gsr,"867548,2.0920"
2026-05-31T15:19:54.105,asdf,self_20260531_151909,clip_120,1,listen,,2.1025,867569.0,raspberry_pi_seeed_gsr,"867569,2.1025"
2026-05-31T15:19:54.126,asdf,self_20260531_151909,clip_120,1,listen,,2.1001,867590.0,raspberry_pi_seeed_gsr,"867590,2.1001"
2026-05-31T15:19:54.147,asdf,self_20260531_151909,clip_120,1,listen,,2.0969,867611.0,raspberry_pi_seeed_gsr,"867611,2.0969"
2026-05-31T15:19:54.168,asdf,self_20260531_151909,clip_120,1,listen,,2.0977,867632.0,raspberry_pi_seeed_gsr,"867632,2.0977"
2026-05-31T15:19:54.189,asdf,self_20260531_151909,clip_120,1,listen,,2.0832,867653.0,raspberry_pi_seeed_gsr,"867653,2.0832"
2026-05-31T15:19:54.210,asdf,self_20260531_151909,clip_120,1,listen,,2.0985,867674.0,raspberry_pi_seeed_gsr,"867674,2.0985"
2026-05-31T15:19:54.231,asdf,self_20260531_151909,clip_120,1,listen,,2.1001,867695.0,raspberry_pi_seeed_gsr,"867695,2.1001"
2026-05-31T15:19:54.252,asdf,self_20260531_151909,clip_120,1,listen,,2.0993,867716.0,raspberry_pi_seeed_gsr,"867716,2.0993"
2026-05-31T15:19:54.293,asdf,self_20260531_151909,clip_120,1,listen,,2.0969,867737.0,raspberry_pi_seeed_gsr,"867737,2.0969"
2026-05-31T15:19:54.294,asdf,self_20260531_151909,clip_120,1,listen,,2.0848,867758.0,raspberry_pi_seeed_gsr,"867758,2.0848"
2026-05-31T15:19:54.315,asdf,self_20260531_151909,clip_120,1,listen,,2.1017,867779.0,raspberry_pi_seeed_gsr,"867779,2.1017"
2026-05-31T15:19:54.336,asdf,self_20260531_151909,clip_120,1,listen,,2.0953,867800.0,raspberry_pi_seeed_gsr,"867800,2.0953"
2026-05-31T15:19:54.357,asdf,self_20260531_151909,clip_120,1,listen,,2.1025,867821.0,raspberry_pi_seeed_gsr,"867821,2.1025"
2026-05-31T15:19:54.378,asdf,self_20260531_151909,clip_120,1,listen,,2.0985,867842.0,raspberry_pi_seeed_gsr,"867842,2.0985"
2026-05-31T15:19:54.399,asdf,self_20260531_151909,clip_120,1,listen,,2.0985,867863.0,raspberry_pi_seeed_gsr,"867863,2.0985"
2026-05-31T15:19:54.420,asdf,self_20260531_151909,clip_120,1,listen,,2.1049,867884.0,raspberry_pi_seeed_gsr,"867884,2.1049"
2026-05-31T15:19:54.441,asdf,self_20260531_151909,clip_120,1,listen,,2.0993,867905.0,raspberry_pi_seeed_gsr,"867905,2.0993"
2026-05-31T15:19:54.462,asdf,self_20260531_151909,clip_120,1,listen,,2.0977,867926.0,raspberry_pi_seeed_gsr,"867926,2.0977"
2026-05-31T15:19:54.483,asdf,self_20260531_151909,clip_120,1,listen,,2.0969,867947.0,raspberry_pi_seeed_gsr,"867947,2.0969"
2026-05-31T15:19:54.504,asdf,self_20260531_151909,clip_120,1,listen,,2.0977,867968.0,raspberry_pi_seeed_gsr,"867968,2.0977"
2026-05-31T15:19:54.546,asdf,self_20260531_151909,clip_120,1,listen,,2.092,867989.0,raspberry_pi_seeed_gsr,"867989,2.0920"
2026-05-31T15:19:54.547,asdf,self_20260531_151909,clip_120,1,listen,,2.1009,868010.0,raspberry_pi_seeed_gsr,"868010,2.1009"
2026-05-31T15:19:54.567,asdf,self_20260531_151909,clip_120,1,listen,,2.0985,868031.0,raspberry_pi_seeed_gsr,"868031,2.0985"
2026-05-31T15:19:54.588,asdf,self_20260531_151909,clip_120,1,listen,,2.0872,868052.0,raspberry_pi_seeed_gsr,"868052,2.0872"
2026-05-31T15:19:54.609,asdf,self_20260531_151909,clip_120,1,listen,,2.1041,868073.0,raspberry_pi_seeed_gsr,"868073,2.1041"
2026-05-31T15:19:54.630,asdf,self_20260531_151909,clip_120,1,listen,,2.0993,868094.0,raspberry_pi_seeed_gsr,"868094,2.0993"
2026-05-31T15:19:54.651,asdf,self_20260531_151909,clip_120,1,listen,,2.1098,868115.0,raspberry_pi_seeed_gsr,"868115,2.1098"
2026-05-31T15:19:54.672,asdf,self_20260531_151909,clip_120,1,listen,,2.1025,868136.0,raspberry_pi_seeed_gsr,"868136,2.1025"
2026-05-31T15:19:54.693,asdf,self_20260531_151909,clip_120,1,listen,,2.1041,868157.0,raspberry_pi_seeed_gsr,"868157,2.1041"
2026-05-31T15:19:54.714,asdf,self_20260531_151909,clip_120,1,listen,,2.0961,868178.0,raspberry_pi_seeed_gsr,"868178,2.0961"
2026-05-31T15:19:54.735,asdf,self_20260531_151909,clip_120,1,listen,,2.0985,868199.0,raspberry_pi_seeed_gsr,"868199,2.0985"
2026-05-31T15:19:54.756,asdf,self_20260531_151909,clip_120,1,listen,,2.0977,868220.0,raspberry_pi_seeed_gsr,"868220,2.0977"
2026-05-31T15:19:54.798,asdf,self_20260531_151909,clip_120,1,listen,,2.1001,868241.0,raspberry_pi_seeed_gsr,"868241,2.1001"
2026-05-31T15:19:54.799,asdf,self_20260531_151909,clip_120,1,listen,,2.1009,868262.0,raspberry_pi_seeed_gsr,"868262,2.1009"
2026-05-31T15:19:54.819,asdf,self_20260531_151909,clip_120,1,listen,,2.1001,868283.0,raspberry_pi_seeed_gsr,"868283,2.1001"
2026-05-31T15:19:54.840,asdf,self_20260531_151909,clip_120,1,listen,,2.1009,868304.0,raspberry_pi_seeed_gsr,"868304,2.1009"
2026-05-31T15:19:54.861,asdf,self_20260531_151909,clip_120,1,listen,,2.1001,868325.0,raspberry_pi_seeed_gsr,"868325,2.1001"
2026-05-31T15:19:54.882,asdf,self_20260531_151909,clip_120,1,listen,,2.0993,868346.0,raspberry_pi_seeed_gsr,"868346,2.0993"
2026-05-31T15:19:54.903,asdf,self_20260531_151909,clip_120,1,listen,,2.0937,868367.0,raspberry_pi_seeed_gsr,"868367,2.0937"
2026-05-31T15:19:54.924,asdf,self_20260531_151909,clip_120,1,listen,,2.1041,868388.0,raspberry_pi_seeed_gsr,"868388,2.1041"
2026-05-31T15:19:54.945,asdf,self_20260531_151909,clip_120,1,listen,,2.1082,868409.0,raspberry_pi_seeed_gsr,"868409,2.1082"
2026-05-31T15:19:54.966,asdf,self_20260531_151909,clip_120,1,listen,,2.1057,868430.0,raspberry_pi_seeed_gsr,"868430,2.1057"
2026-05-31T15:19:54.987,asdf,self_20260531_151909,clip_120,1,listen,,2.0961,868451.0,raspberry_pi_seeed_gsr,"868451,2.0961"
2026-05-31T15:19:55.009,asdf,self_20260531_151909,clip_120,1,listen,,2.1025,868472.0,raspberry_pi_seeed_gsr,"868472,2.1025"
2026-05-31T15:19:55.046,asdf,self_20260531_151909,clip_120,1,listen,,2.1033,868493.0,raspberry_pi_seeed_gsr,"868493,2.1033"
2026-05-31T15:19:55.050,asdf,self_20260531_151909,clip_120,1,listen,,2.0937,868514.0,raspberry_pi_seeed_gsr,"868514,2.0937"
2026-05-31T15:19:55.071,asdf,self_20260531_151909,clip_120,1,listen,,2.1017,868535.0,raspberry_pi_seeed_gsr,"868535,2.1017"
2026-05-31T15:19:55.092,asdf,self_20260531_151909,clip_120,1,listen,,2.0719,868556.0,raspberry_pi_seeed_gsr,"868556,2.0719"
2026-05-31T15:19:55.113,asdf,self_20260531_151909,clip_120,1,listen,,2.1057,868577.0,raspberry_pi_seeed_gsr,"868577,2.1057"
2026-05-31T15:19:55.134,asdf,self_20260531_151909,clip_120,1,listen,,2.0904,868598.0,raspberry_pi_seeed_gsr,"868598,2.0904"
2026-05-31T15:19:55.155,asdf,self_20260531_151909,clip_120,1,listen,,2.1098,868619.0,raspberry_pi_seeed_gsr,"868619,2.1098"
2026-05-31T15:19:55.176,asdf,self_20260531_151909,clip_120,1,listen,,2.0848,868640.0,raspberry_pi_seeed_gsr,"868640,2.0848"
2026-05-31T15:19:55.197,asdf,self_20260531_151909,clip_120,1,listen,,2.1065,868661.0,raspberry_pi_seeed_gsr,"868661,2.1065"
2026-05-31T15:19:55.218,asdf,self_20260531_151909,clip_120,1,listen,,2.1001,868682.0,raspberry_pi_seeed_gsr,"868682,2.1001"
2026-05-31T15:19:55.239,asdf,self_20260531_151909,clip_120,1,listen,,2.1001,868703.0,raspberry_pi_seeed_gsr,"868703,2.1001"
2026-05-31T15:19:55.260,asdf,self_20260531_151909,clip_120,1,listen,,2.1001,868724.0,raspberry_pi_seeed_gsr,"868724,2.1001"
2026-05-31T15:19:55.300,asdf,self_20260531_151909,clip_120,1,listen,,2.1001,868745.0,raspberry_pi_seeed_gsr,"868745,2.1001"
2026-05-31T15:19:55.302,asdf,self_20260531_151909,clip_120,1,listen,,2.0937,868766.0,raspberry_pi_seeed_gsr,"868766,2.0937"
2026-05-31T15:19:55.323,asdf,self_20260531_151909,clip_120,1,listen,,2.1025,868787.0,raspberry_pi_seeed_gsr,"868787,2.1025"
2026-05-31T15:19:55.344,asdf,self_20260531_151909,clip_120,1,listen,,2.109,868808.0,raspberry_pi_seeed_gsr,"868808,2.1090"
2026-05-31T15:19:55.365,asdf,self_20260531_151909,clip_120,1,listen,,2.1025,868829.0,raspberry_pi_seeed_gsr,"868829,2.1025"
2026-05-31T15:19:55.386,asdf,self_20260531_151909,clip_120,1,listen,,2.1001,868850.0,raspberry_pi_seeed_gsr,"868850,2.1001"
2026-05-31T15:19:55.407,asdf,self_20260531_151909,clip_120,1,listen,,2.1017,868871.0,raspberry_pi_seeed_gsr,"868871,2.1017"
2026-05-31T15:19:55.428,asdf,self_20260531_151909,clip_120,1,listen,,2.1009,868892.0,raspberry_pi_seeed_gsr,"868892,2.1009"
2026-05-31T15:19:55.449,asdf,self_20260531_151909,clip_120,1,listen,,2.0928,868913.0,raspberry_pi_seeed_gsr,"868913,2.0928"
2026-05-31T15:19:55.470,asdf,self_20260531_151909,clip_120,1,listen,,2.1041,868934.0,raspberry_pi_seeed_gsr,"868934,2.1041"
2026-05-31T15:19:55.491,asdf,self_20260531_151909,clip_120,1,listen,,2.1049,868955.0,raspberry_pi_seeed_gsr,"868955,2.1049"
2026-05-31T15:19:55.512,asdf,self_20260531_151909,clip_120,1,listen,,2.1049,868976.0,raspberry_pi_seeed_gsr,"868976,2.1049"
2026-05-31T15:19:55.556,asdf,self_20260531_151909,clip_120,1,listen,,2.0888,868997.0,raspberry_pi_seeed_gsr,"868997,2.0888"
2026-05-31T15:19:55.556,asdf,self_20260531_151909,clip_120,1,listen,,2.1178,869018.0,raspberry_pi_seeed_gsr,"869018,2.1178"
2026-05-31T15:19:55.575,asdf,self_20260531_151909,clip_120,1,listen,,2.0872,869039.0,raspberry_pi_seeed_gsr,"869039,2.0872"
2026-05-31T15:19:55.596,asdf,self_20260531_151909,clip_120,1,listen,,2.092,869060.0,raspberry_pi_seeed_gsr,"869060,2.0920"
2026-05-31T15:19:55.617,asdf,self_20260531_151909,clip_120,1,listen,,2.1025,869081.0,raspberry_pi_seeed_gsr,"869081,2.1025"
2026-05-31T15:19:55.638,asdf,self_20260531_151909,clip_120,1,listen,,2.113,869102.0,raspberry_pi_seeed_gsr,"869102,2.1130"
2026-05-31T15:19:55.659,asdf,self_20260531_151909,clip_120,1,listen,,2.0985,869123.0,raspberry_pi_seeed_gsr,"869123,2.0985"
2026-05-31T15:19:55.680,asdf,self_20260531_151909,clip_120,1,listen,,2.1033,869144.0,raspberry_pi_seeed_gsr,"869144,2.1033"
2026-05-31T15:19:55.701,asdf,self_20260531_151909,clip_120,1,listen,,2.1009,869165.0,raspberry_pi_seeed_gsr,"869165,2.1009"
2026-05-31T15:19:55.722,asdf,self_20260531_151909,clip_120,1,listen,,2.1106,869186.0,raspberry_pi_seeed_gsr,"869186,2.1106"
2026-05-31T15:19:55.743,asdf,self_20260531_151909,clip_120,1,listen,,2.0993,869207.0,raspberry_pi_seeed_gsr,"869207,2.0993"
2026-05-31T15:19:55.765,asdf,self_20260531_151909,clip_120,1,listen,,2.0985,869228.0,raspberry_pi_seeed_gsr,"869228,2.0985"
2026-05-31T15:19:55.806,asdf,self_20260531_151909,clip_120,1,listen,,2.0985,869249.0,raspberry_pi_seeed_gsr,"869249,2.0985"
2026-05-31T15:19:55.807,asdf,self_20260531_151909,clip_120,1,listen,,2.0848,869270.0,raspberry_pi_seeed_gsr,"869270,2.0848"
2026-05-31T15:19:55.827,asdf,self_20260531_151909,clip_120,1,listen,,2.0896,869291.0,raspberry_pi_seeed_gsr,"869291,2.0896"
2026-05-31T15:19:55.848,asdf,self_20260531_151909,clip_120,1,listen,,2.0977,869312.0,raspberry_pi_seeed_gsr,"869312,2.0977"
2026-05-31T15:19:55.869,asdf,self_20260531_151909,clip_120,1,listen,,2.1017,869333.0,raspberry_pi_seeed_gsr,"869333,2.1017"
2026-05-31T15:19:55.890,asdf,self_20260531_151909,clip_120,1,listen,,2.0953,869354.0,raspberry_pi_seeed_gsr,"869354,2.0953"
2026-05-31T15:19:55.914,asdf,self_20260531_151909,clip_120,1,listen,,2.1082,869375.0,raspberry_pi_seeed_gsr,"869375,2.1082"
2026-05-31T15:19:55.932,asdf,self_20260531_151909,clip_120,1,listen,,2.0977,869396.0,raspberry_pi_seeed_gsr,"869396,2.0977"
2026-05-31T15:19:55.953,asdf,self_20260531_151909,clip_120,1,listen,,2.1033,869417.0,raspberry_pi_seeed_gsr,"869417,2.1033"
2026-05-31T15:19:55.974,asdf,self_20260531_151909,clip_120,1,listen,,2.1057,869438.0,raspberry_pi_seeed_gsr,"869438,2.1057"
2026-05-31T15:19:55.995,asdf,self_20260531_151909,clip_120,1,listen,,2.0993,869459.0,raspberry_pi_seeed_gsr,"869459,2.0993"
2026-05-31T15:19:56.016,asdf,self_20260531_151909,clip_120,1,listen,,2.1001,869480.0,raspberry_pi_seeed_gsr,"869480,2.1001"
2026-05-31T15:19:56.055,asdf,self_20260531_151909,clip_120,1,listen,,2.1009,869501.0,raspberry_pi_seeed_gsr,"869501,2.1009"
2026-05-31T15:19:56.058,asdf,self_20260531_151909,clip_120,1,listen,,2.0953,869522.0,raspberry_pi_seeed_gsr,"869522,2.0953"
2026-05-31T15:19:56.079,asdf,self_20260531_151909,clip_120,1,listen,,2.0985,869543.0,raspberry_pi_seeed_gsr,"869543,2.0985"
2026-05-31T15:19:56.100,asdf,self_20260531_151909,clip_120,1,listen,,2.0993,869564.0,raspberry_pi_seeed_gsr,"869564,2.0993"
2026-05-31T15:19:56.121,asdf,self_20260531_151909,clip_120,1,listen,,2.1009,869585.0,raspberry_pi_seeed_gsr,"869585,2.1009"
2026-05-31T15:19:56.142,asdf,self_20260531_151909,clip_120,1,listen,,2.0977,869606.0,raspberry_pi_seeed_gsr,"869606,2.0977"
2026-05-31T15:19:56.163,asdf,self_20260531_151909,clip_120,1,listen,,2.1001,869627.0,raspberry_pi_seeed_gsr,"869627,2.1001"
2026-05-31T15:19:56.184,asdf,self_20260531_151909,clip_120,1,listen,,2.0985,869648.0,raspberry_pi_seeed_gsr,"869648,2.0985"
2026-05-31T15:19:56.205,asdf,self_20260531_151909,clip_120,1,listen,,2.0937,869669.0,raspberry_pi_seeed_gsr,"869669,2.0937"
2026-05-31T15:19:56.226,asdf,self_20260531_151909,clip_120,1,listen,,2.1017,869690.0,raspberry_pi_seeed_gsr,"869690,2.1017"
2026-05-31T15:19:56.247,asdf,self_20260531_151909,clip_120,1,listen,,2.1017,869711.0,raspberry_pi_seeed_gsr,"869711,2.1017"
2026-05-31T15:19:56.268,asdf,self_20260531_151909,clip_120,1,listen,,2.1065,869732.0,raspberry_pi_seeed_gsr,"869732,2.1065"
2026-05-31T15:19:56.311,asdf,self_20260531_151909,clip_120,1,listen,,2.092,869753.0,raspberry_pi_seeed_gsr,"869753,2.0920"
2026-05-31T15:19:56.312,asdf,self_20260531_151909,clip_120,1,listen,,2.1049,869774.0,raspberry_pi_seeed_gsr,"869774,2.1049"
2026-05-31T15:19:56.331,asdf,self_20260531_151909,clip_120,1,listen,,2.1057,869795.0,raspberry_pi_seeed_gsr,"869795,2.1057"
2026-05-31T15:19:56.352,asdf,self_20260531_151909,clip_120,1,listen,,2.0937,869816.0,raspberry_pi_seeed_gsr,"869816,2.0937"
2026-05-31T15:19:56.373,asdf,self_20260531_151909,clip_120,1,listen,,2.1049,869837.0,raspberry_pi_seeed_gsr,"869837,2.1049"
2026-05-31T15:19:56.394,asdf,self_20260531_151909,clip_120,1,listen,,2.1017,869858.0,raspberry_pi_seeed_gsr,"869858,2.1017"
2026-05-31T15:19:56.415,asdf,self_20260531_151909,clip_120,1,listen,,2.1033,869879.0,raspberry_pi_seeed_gsr,"869879,2.1033"
2026-05-31T15:19:56.436,asdf,self_20260531_151909,clip_120,1,listen,,2.0937,869900.0,raspberry_pi_seeed_gsr,"869900,2.0937"
2026-05-31T15:19:56.457,asdf,self_20260531_151909,clip_120,1,listen,,2.0953,869921.0,raspberry_pi_seeed_gsr,"869921,2.0953"
2026-05-31T15:19:56.478,asdf,self_20260531_151909,clip_120,1,listen,,2.0864,869942.0,raspberry_pi_seeed_gsr,"869942,2.0864"
2026-05-31T15:19:56.499,asdf,self_20260531_151909,clip_120,1,listen,,2.0985,869963.0,raspberry_pi_seeed_gsr,"869963,2.0985"
2026-05-31T15:19:56.521,asdf,self_20260531_151909,clip_120,1,listen,,2.0937,869984.0,raspberry_pi_seeed_gsr,"869984,2.0937"
2026-05-31T15:19:56.563,asdf,self_20260531_151909,clip_120,1,listen,,2.1001,870005.0,raspberry_pi_seeed_gsr,"870005,2.1001"
2026-05-31T15:19:56.564,asdf,self_20260531_151909,clip_120,1,listen,,2.1001,870026.0,raspberry_pi_seeed_gsr,"870026,2.1001"
2026-05-31T15:19:56.583,asdf,self_20260531_151909,clip_120,1,listen,,2.0993,870047.0,raspberry_pi_seeed_gsr,"870047,2.0993"
2026-05-31T15:19:56.604,asdf,self_20260531_151909,clip_120,1,listen,,2.1009,870068.0,raspberry_pi_seeed_gsr,"870068,2.1009"
2026-05-31T15:19:56.625,asdf,self_20260531_151909,clip_120,1,listen,,2.0953,870089.0,raspberry_pi_seeed_gsr,"870089,2.0953"
2026-05-31T15:19:56.646,asdf,self_20260531_151909,clip_120,1,listen,,2.1146,870110.0,raspberry_pi_seeed_gsr,"870110,2.1146"
2026-05-31T15:19:56.667,asdf,self_20260531_151909,clip_120,1,listen,,2.0969,870131.0,raspberry_pi_seeed_gsr,"870131,2.0969"
2026-05-31T15:19:56.688,asdf,self_20260531_151909,clip_120,1,listen,,2.0928,870152.0,raspberry_pi_seeed_gsr,"870152,2.0928"
2026-05-31T15:19:56.709,asdf,self_20260531_151909,clip_120,1,listen,,2.0953,870173.0,raspberry_pi_seeed_gsr,"870173,2.0953"
2026-05-31T15:19:56.730,asdf,self_20260531_151909,clip_120,1,listen,,2.1186,870194.0,raspberry_pi_seeed_gsr,"870194,2.1186"
2026-05-31T15:19:56.751,asdf,self_20260531_151909,clip_120,1,listen,,2.0969,870215.0,raspberry_pi_seeed_gsr,"870215,2.0969"
2026-05-31T15:19:56.773,asdf,self_20260531_151909,clip_120,1,listen,,2.1049,870236.0,raspberry_pi_seeed_gsr,"870236,2.1049"
2026-05-31T15:19:56.813,asdf,self_20260531_151909,clip_120,1,listen,,2.0953,870257.0,raspberry_pi_seeed_gsr,"870257,2.0953"
2026-05-31T15:19:56.814,asdf,self_20260531_151909,clip_120,1,listen,,2.0961,870278.0,raspberry_pi_seeed_gsr,"870278,2.0961"
2026-05-31T15:19:56.835,asdf,self_20260531_151909,clip_120,1,listen,,2.0953,870299.0,raspberry_pi_seeed_gsr,"870299,2.0953"
2026-05-31T15:19:56.856,asdf,self_20260531_151909,clip_120,1,listen,,2.0953,870320.0,raspberry_pi_seeed_gsr,"870320,2.0953"
2026-05-31T15:19:56.877,asdf,self_20260531_151909,clip_120,1,listen,,2.0953,870341.0,raspberry_pi_seeed_gsr,"870341,2.0953"
2026-05-31T15:19:56.898,asdf,self_20260531_151909,clip_120,1,listen,,2.113,870362.0,raspberry_pi_seeed_gsr,"870362,2.1130"
2026-05-31T15:19:56.919,asdf,self_20260531_151909,clip_120,1,listen,,2.109,870383.0,raspberry_pi_seeed_gsr,"870383,2.1090"
2026-05-31T15:19:56.940,asdf,self_20260531_151909,clip_120,1,listen,,2.1025,870404.0,raspberry_pi_seeed_gsr,"870404,2.1025"
2026-05-31T15:19:56.961,asdf,self_20260531_151909,clip_120,1,listen,,2.1001,870425.0,raspberry_pi_seeed_gsr,"870425,2.1001"
2026-05-31T15:19:56.982,asdf,self_20260531_151909,clip_120,1,listen,,2.1009,870446.0,raspberry_pi_seeed_gsr,"870446,2.1009"
2026-05-31T15:19:57.004,asdf,self_20260531_151909,clip_120,1,listen,,2.1049,870467.0,raspberry_pi_seeed_gsr,"870467,2.1049"
2026-05-31T15:19:57.024,asdf,self_20260531_151909,clip_120,1,listen,,2.1025,870488.0,raspberry_pi_seeed_gsr,"870488,2.1025"
2026-05-31T15:19:57.064,asdf,self_20260531_151909,clip_120,1,listen,,2.0912,870509.0,raspberry_pi_seeed_gsr,"870509,2.0912"
2026-05-31T15:19:57.066,asdf,self_20260531_151909,clip_120,1,listen,,2.0937,870530.0,raspberry_pi_seeed_gsr,"870530,2.0937"
2026-05-31T15:19:57.087,asdf,self_20260531_151909,clip_120,1,listen,,2.0864,870551.0,raspberry_pi_seeed_gsr,"870551,2.0864"
2026-05-31T15:19:57.108,asdf,self_20260531_151909,clip_120,1,listen,,2.0961,870572.0,raspberry_pi_seeed_gsr,"870572,2.0961"
2026-05-31T15:19:57.129,asdf,self_20260531_151909,clip_120,1,listen,,2.1009,870593.0,raspberry_pi_seeed_gsr,"870593,2.1009"
2026-05-31T15:19:57.150,asdf,self_20260531_151909,clip_120,1,listen,,2.0953,870614.0,raspberry_pi_seeed_gsr,"870614,2.0953"
2026-05-31T15:19:57.171,asdf,self_20260531_151909,clip_120,1,listen,,2.109,870635.0,raspberry_pi_seeed_gsr,"870635,2.1090"
2026-05-31T15:19:57.192,asdf,self_20260531_151909,clip_120,1,listen,,2.1017,870656.0,raspberry_pi_seeed_gsr,"870656,2.1017"
2026-05-31T15:19:57.213,asdf,self_20260531_151909,clip_120,1,listen,,2.1082,870677.0,raspberry_pi_seeed_gsr,"870677,2.1082"
2026-05-31T15:19:57.234,asdf,self_20260531_151909,clip_120,1,listen,,2.1049,870698.0,raspberry_pi_seeed_gsr,"870698,2.1049"
2026-05-31T15:19:57.255,asdf,self_20260531_151909,clip_120,1,listen,,2.0896,870719.0,raspberry_pi_seeed_gsr,"870719,2.0896"
2026-05-31T15:19:57.276,asdf,self_20260531_151909,clip_120,1,listen,,2.0985,870740.0,raspberry_pi_seeed_gsr,"870740,2.0985"
2026-05-31T15:19:57.297,asdf,self_20260531_151909,clip_120,1,listen,,2.0937,870761.0,raspberry_pi_seeed_gsr,"870761,2.0937"
2026-05-31T15:19:57.338,asdf,self_20260531_151909,clip_120,1,listen,,2.0969,870782.0,raspberry_pi_seeed_gsr,"870782,2.0969"
2026-05-31T15:19:57.339,asdf,self_20260531_151909,clip_120,1,listen,,2.0985,870803.0,raspberry_pi_seeed_gsr,"870803,2.0985"
2026-05-31T15:19:57.360,asdf,self_20260531_151909,clip_120,1,listen,,2.0993,870824.0,raspberry_pi_seeed_gsr,"870824,2.0993"
2026-05-31T15:19:57.381,asdf,self_20260531_151909,clip_120,1,listen,,2.0961,870845.0,raspberry_pi_seeed_gsr,"870845,2.0961"
2026-05-31T15:19:57.402,asdf,self_20260531_151909,clip_120,1,listen,,2.0961,870866.0,raspberry_pi_seeed_gsr,"870866,2.0961"
2026-05-31T15:19:57.423,asdf,self_20260531_151909,clip_120,1,listen,,2.0937,870887.0,raspberry_pi_seeed_gsr,"870887,2.0937"
2026-05-31T15:19:57.445,asdf,self_20260531_151909,clip_120,1,listen,,2.0928,870908.0,raspberry_pi_seeed_gsr,"870908,2.0928"
2026-05-31T15:19:57.465,asdf,self_20260531_151909,clip_120,1,listen,,2.0961,870929.0,raspberry_pi_seeed_gsr,"870929,2.0961"
2026-05-31T15:19:57.486,asdf,self_20260531_151909,clip_120,1,listen,,2.0937,870950.0,raspberry_pi_seeed_gsr,"870950,2.0937"
2026-05-31T15:19:57.507,asdf,self_20260531_151909,clip_120,1,listen,,2.092,870971.0,raspberry_pi_seeed_gsr,"870971,2.0920"
2026-05-31T15:19:57.528,asdf,self_20260531_151909,clip_120,1,listen,,2.0928,870992.0,raspberry_pi_seeed_gsr,"870992,2.0928"
2026-05-31T15:19:57.550,asdf,self_20260531_151909,clip_120,1,listen,,2.0985,871013.0,raspberry_pi_seeed_gsr,"871013,2.0985"
2026-05-31T15:19:57.590,asdf,self_20260531_151909,clip_120,1,listen,,2.1033,871034.0,raspberry_pi_seeed_gsr,"871034,2.1033"
2026-05-31T15:19:57.591,asdf,self_20260531_151909,clip_120,1,listen,,2.113,871055.0,raspberry_pi_seeed_gsr,"871055,2.1130"
2026-05-31T15:19:57.612,asdf,self_20260531_151909,clip_120,1,listen,,2.1017,871076.0,raspberry_pi_seeed_gsr,"871076,2.1017"
2026-05-31T15:19:57.633,asdf,self_20260531_151909,clip_120,1,listen,,2.0953,871097.0,raspberry_pi_seeed_gsr,"871097,2.0953"
2026-05-31T15:19:57.654,asdf,self_20260531_151909,clip_120,1,listen,,2.1033,871118.0,raspberry_pi_seeed_gsr,"871118,2.1033"
2026-05-31T15:19:57.675,asdf,self_20260531_151909,clip_120,1,listen,,2.1025,871139.0,raspberry_pi_seeed_gsr,"871139,2.1025"
2026-05-31T15:19:57.698,asdf,self_20260531_151909,clip_120,1,listen,,2.1049,871160.0,raspberry_pi_seeed_gsr,"871160,2.1049"
2026-05-31T15:19:57.717,asdf,self_20260531_151909,clip_120,1,listen,,2.1025,871181.0,raspberry_pi_seeed_gsr,"871181,2.1025"
2026-05-31T15:19:57.738,asdf,self_20260531_151909,clip_120,1,listen,,2.1082,871202.0,raspberry_pi_seeed_gsr,"871202,2.1082"
2026-05-31T15:19:57.759,asdf,self_20260531_151909,clip_120,1,listen,,2.0977,871223.0,raspberry_pi_seeed_gsr,"871223,2.0977"
2026-05-31T15:19:57.780,asdf,self_20260531_151909,clip_120,1,listen,,2.0945,871244.0,raspberry_pi_seeed_gsr,"871244,2.0945"
2026-05-31T15:19:57.801,asdf,self_20260531_151909,clip_120,1,listen,,2.0912,871265.0,raspberry_pi_seeed_gsr,"871265,2.0912"
2026-05-31T15:19:57.844,asdf,self_20260531_151909,clip_120,1,listen,,2.0985,871286.0,raspberry_pi_seeed_gsr,"871286,2.0985"
2026-05-31T15:19:57.845,asdf,self_20260531_151909,clip_120,1,listen,,2.1049,871307.0,raspberry_pi_seeed_gsr,"871307,2.1049"
2026-05-31T15:19:57.864,asdf,self_20260531_151909,clip_120,1,listen,,2.0985,871328.0,raspberry_pi_seeed_gsr,"871328,2.0985"
2026-05-31T15:19:57.885,asdf,self_20260531_151909,clip_120,1,listen,,2.1025,871349.0,raspberry_pi_seeed_gsr,"871349,2.1025"
2026-05-31T15:19:57.906,asdf,self_20260531_151909,clip_120,1,listen,,2.092,871370.0,raspberry_pi_seeed_gsr,"871370,2.0920"
2026-05-31T15:19:57.928,asdf,self_20260531_151909,clip_120,1,listen,,2.1033,871391.0,raspberry_pi_seeed_gsr,"871391,2.1033"
2026-05-31T15:19:57.948,asdf,self_20260531_151909,clip_120,1,listen,,2.0928,871412.0,raspberry_pi_seeed_gsr,"871412,2.0928"
2026-05-31T15:19:57.969,asdf,self_20260531_151909,clip_120,1,listen,,2.1082,871433.0,raspberry_pi_seeed_gsr,"871433,2.1082"
2026-05-31T15:19:57.990,asdf,self_20260531_151909,clip_120,1,listen,,2.0977,871454.0,raspberry_pi_seeed_gsr,"871454,2.0977"
2026-05-31T15:19:58.011,asdf,self_20260531_151909,clip_120,1,listen,,2.1033,871475.0,raspberry_pi_seeed_gsr,"871475,2.1033"
2026-05-31T15:19:58.032,asdf,self_20260531_151909,clip_120,1,listen,,2.0977,871496.0,raspberry_pi_seeed_gsr,"871496,2.0977"
2026-05-31T15:19:58.053,asdf,self_20260531_151909,clip_120,1,listen,,2.1025,871517.0,raspberry_pi_seeed_gsr,"871517,2.1025"
2026-05-31T15:19:58.095,asdf,self_20260531_151909,clip_120,1,listen,,2.0961,871538.0,raspberry_pi_seeed_gsr,"871538,2.0961"
2026-05-31T15:19:58.095,asdf,self_20260531_151909,clip_120,1,listen,,2.1001,871559.0,raspberry_pi_seeed_gsr,"871559,2.1001"
2026-05-31T15:19:58.116,asdf,self_20260531_151909,clip_120,1,listen,,2.0985,871580.0,raspberry_pi_seeed_gsr,"871580,2.0985"
2026-05-31T15:19:58.137,asdf,self_20260531_151909,clip_120,1,listen,,2.0993,871601.0,raspberry_pi_seeed_gsr,"871601,2.0993"
2026-05-31T15:19:58.158,asdf,self_20260531_151909,clip_120,1,listen,,2.1025,871622.0,raspberry_pi_seeed_gsr,"871622,2.1025"
2026-05-31T15:19:58.180,asdf,self_20260531_151909,clip_120,1,listen,,2.0977,871643.0,raspberry_pi_seeed_gsr,"871643,2.0977"
2026-05-31T15:19:58.200,asdf,self_20260531_151909,clip_120,1,listen,,2.0945,871664.0,raspberry_pi_seeed_gsr,"871664,2.0945"
2026-05-31T15:19:58.221,asdf,self_20260531_151909,clip_120,1,listen,,2.0993,871685.0,raspberry_pi_seeed_gsr,"871685,2.0993"
2026-05-31T15:19:58.242,asdf,self_20260531_151909,clip_120,1,listen,,2.0912,871706.0,raspberry_pi_seeed_gsr,"871706,2.0912"
2026-05-31T15:19:58.263,asdf,self_20260531_151909,clip_120,1,listen,,2.0912,871727.0,raspberry_pi_seeed_gsr,"871727,2.0912"
2026-05-31T15:19:58.284,asdf,self_20260531_151909,clip_120,1,listen,,2.0977,871748.0,raspberry_pi_seeed_gsr,"871748,2.0977"
2026-05-31T15:19:58.305,asdf,self_20260531_151909,clip_120,1,listen,,2.0848,871769.0,raspberry_pi_seeed_gsr,"871769,2.0848"
2026-05-31T15:19:58.345,asdf,self_20260531_151909,clip_120,1,listen,,2.0872,871790.0,raspberry_pi_seeed_gsr,"871790,2.0872"
2026-05-31T15:19:58.347,asdf,self_20260531_151909,clip_120,1,listen,,2.0961,871811.0,raspberry_pi_seeed_gsr,"871811,2.0961"
2026-05-31T15:19:58.368,asdf,self_20260531_151909,clip_120,1,listen,,2.1065,871832.0,raspberry_pi_seeed_gsr,"871832,2.1065"
2026-05-31T15:19:58.389,asdf,self_20260531_151909,clip_120,1,listen,,2.0896,871853.0,raspberry_pi_seeed_gsr,"871853,2.0896"
2026-05-31T15:19:58.410,asdf,self_20260531_151909,clip_120,1,listen,,2.1178,871874.0,raspberry_pi_seeed_gsr,"871874,2.1178"
2026-05-31T15:19:58.431,asdf,self_20260531_151909,clip_120,1,listen,,2.0993,871895.0,raspberry_pi_seeed_gsr,"871895,2.0993"
2026-05-31T15:19:58.452,asdf,self_20260531_151909,clip_120,1,listen,,2.1001,871916.0,raspberry_pi_seeed_gsr,"871916,2.1001"
2026-05-31T15:19:58.473,asdf,self_20260531_151909,clip_120,1,listen,,2.1041,871937.0,raspberry_pi_seeed_gsr,"871937,2.1041"
2026-05-31T15:19:58.494,asdf,self_20260531_151909,clip_120,1,listen,,2.1049,871958.0,raspberry_pi_seeed_gsr,"871958,2.1049"
2026-05-31T15:19:58.515,asdf,self_20260531_151909,clip_120,1,listen,,2.0977,871979.0,raspberry_pi_seeed_gsr,"871979,2.0977"
2026-05-31T15:19:58.536,asdf,self_20260531_151909,clip_120,1,listen,,2.0969,872000.0,raspberry_pi_seeed_gsr,"872000,2.0969"
2026-05-31T15:19:58.558,asdf,self_20260531_151909,clip_120,1,listen,,2.092,872021.0,raspberry_pi_seeed_gsr,"872021,2.0920"
2026-05-31T15:19:58.598,asdf,self_20260531_151909,clip_120,1,listen,,2.0969,872042.0,raspberry_pi_seeed_gsr,"872042,2.0969"
2026-05-31T15:19:58.599,asdf,self_20260531_151909,clip_120,1,listen,,2.1057,872063.0,raspberry_pi_seeed_gsr,"872063,2.1057"
2026-05-31T15:19:58.620,asdf,self_20260531_151909,clip_120,1,listen,,2.0904,872084.0,raspberry_pi_seeed_gsr,"872084,2.0904"
2026-05-31T15:19:58.641,asdf,self_20260531_151909,clip_120,1,listen,,2.1017,872105.0,raspberry_pi_seeed_gsr,"872105,2.1017"
2026-05-31T15:19:58.662,asdf,self_20260531_151909,clip_120,1,listen,,2.0977,872126.0,raspberry_pi_seeed_gsr,"872126,2.0977"
2026-05-31T15:19:58.683,asdf,self_20260531_151909,clip_120,1,listen,,2.1025,872147.0,raspberry_pi_seeed_gsr,"872147,2.1025"
2026-05-31T15:19:58.704,asdf,self_20260531_151909,clip_120,1,listen,,2.0993,872168.0,raspberry_pi_seeed_gsr,"872168,2.0993"
2026-05-31T15:19:58.725,asdf,self_20260531_151909,clip_120,1,listen,,2.1065,872189.0,raspberry_pi_seeed_gsr,"872189,2.1065"
2026-05-31T15:19:58.746,asdf,self_20260531_151909,clip_120,1,listen,,2.1033,872210.0,raspberry_pi_seeed_gsr,"872210,2.1033"
2026-05-31T15:19:58.767,asdf,self_20260531_151909,clip_120,1,listen,,2.0993,872231.0,raspberry_pi_seeed_gsr,"872231,2.0993"
2026-05-31T15:19:58.788,asdf,self_20260531_151909,clip_120,1,listen,,2.0993,872252.0,raspberry_pi_seeed_gsr,"872252,2.0993"
2026-05-31T15:19:58.809,asdf,self_20260531_151909,clip_120,1,listen,,2.0993,872273.0,raspberry_pi_seeed_gsr,"872273,2.0993"
2026-05-31T15:19:58.851,asdf,self_20260531_151909,clip_120,1,listen,,2.0977,872294.0,raspberry_pi_seeed_gsr,"872294,2.0977"
2026-05-31T15:19:58.852,asdf,self_20260531_151909,clip_120,1,listen,,2.1001,872315.0,raspberry_pi_seeed_gsr,"872315,2.1001"
2026-05-31T15:19:58.872,asdf,self_20260531_151909,clip_120,1,listen,,2.1049,872336.0,raspberry_pi_seeed_gsr,"872336,2.1049"
2026-05-31T15:19:58.893,asdf,self_20260531_151909,clip_120,1,listen,,2.1001,872357.0,raspberry_pi_seeed_gsr,"872357,2.1001"
2026-05-31T15:19:58.914,asdf,self_20260531_151909,clip_120,1,listen,,2.0993,872378.0,raspberry_pi_seeed_gsr,"872378,2.0993"
2026-05-31T15:19:58.935,asdf,self_20260531_151909,clip_120,1,listen,,2.0953,872399.0,raspberry_pi_seeed_gsr,"872399,2.0953"
2026-05-31T15:19:58.956,asdf,self_20260531_151909,clip_120,1,listen,,2.0937,872420.0,raspberry_pi_seeed_gsr,"872420,2.0937"
2026-05-31T15:19:58.977,asdf,self_20260531_151909,clip_120,1,listen,,2.1001,872441.0,raspberry_pi_seeed_gsr,"872441,2.1001"
2026-05-31T15:19:58.998,asdf,self_20260531_151909,clip_120,1,listen,,2.1001,872462.0,raspberry_pi_seeed_gsr,"872462,2.1001"
2026-05-31T15:19:59.019,asdf,self_20260531_151909,clip_120,1,listen,,2.0993,872483.0,raspberry_pi_seeed_gsr,"872483,2.0993"
2026-05-31T15:19:59.040,asdf,self_20260531_151909,clip_120,1,listen,,2.1017,872504.0,raspberry_pi_seeed_gsr,"872504,2.1017"
2026-05-31T15:19:59.061,asdf,self_20260531_151909,clip_120,1,listen,,2.0985,872525.0,raspberry_pi_seeed_gsr,"872525,2.0985"
2026-05-31T15:19:59.102,asdf,self_20260531_151909,clip_120,1,listen,,2.1098,872546.0,raspberry_pi_seeed_gsr,"872546,2.1098"
2026-05-31T15:19:59.103,asdf,self_20260531_151909,clip_120,1,listen,,2.0977,872567.0,raspberry_pi_seeed_gsr,"872567,2.0977"
2026-05-31T15:19:59.124,asdf,self_20260531_151909,clip_120,1,listen,,2.109,872588.0,raspberry_pi_seeed_gsr,"872588,2.1090"
2026-05-31T15:19:59.145,asdf,self_20260531_151909,clip_120,1,listen,,2.1033,872609.0,raspberry_pi_seeed_gsr,"872609,2.1033"
2026-05-31T15:19:59.166,asdf,self_20260531_151909,clip_120,1,listen,,2.0848,872630.0,raspberry_pi_seeed_gsr,"872630,2.0848"
2026-05-31T15:19:59.187,asdf,self_20260531_151909,clip_120,1,listen,,2.0953,872651.0,raspberry_pi_seeed_gsr,"872651,2.0953"
2026-05-31T15:19:59.208,asdf,self_20260531_151909,clip_120,1,listen,,2.1033,872672.0,raspberry_pi_seeed_gsr,"872672,2.1033"
2026-05-31T15:19:59.229,asdf,self_20260531_151909,clip_120,1,listen,,2.0977,872693.0,raspberry_pi_seeed_gsr,"872693,2.0977"
2026-05-31T15:19:59.250,asdf,self_20260531_151909,clip_120,1,listen,,2.1049,872714.0,raspberry_pi_seeed_gsr,"872714,2.1049"
2026-05-31T15:19:59.271,asdf,self_20260531_151909,clip_120,1,listen,,2.1017,872735.0,raspberry_pi_seeed_gsr,"872735,2.1017"
2026-05-31T15:19:59.292,asdf,self_20260531_151909,clip_120,1,listen,,2.0993,872756.0,raspberry_pi_seeed_gsr,"872756,2.0993"
2026-05-31T15:19:59.314,asdf,self_20260531_151909,clip_120,1,listen,,2.1001,872777.0,raspberry_pi_seeed_gsr,"872777,2.1001"
2026-05-31T15:19:59.360,asdf,self_20260531_151909,clip_120,1,listen,,2.1001,872798.0,raspberry_pi_seeed_gsr,"872798,2.1001"
2026-05-31T15:19:59.361,asdf,self_20260531_151909,clip_120,1,listen,,2.0961,872819.0,raspberry_pi_seeed_gsr,"872819,2.0961"
2026-05-31T15:19:59.376,asdf,self_20260531_151909,clip_120,1,listen,,2.0993,872840.0,raspberry_pi_seeed_gsr,"872840,2.0993"
2026-05-31T15:19:59.397,asdf,self_20260531_151909,clip_120,1,listen,,2.1009,872861.0,raspberry_pi_seeed_gsr,"872861,2.1009"
2026-05-31T15:19:59.418,asdf,self_20260531_151909,clip_120,1,listen,,2.1114,872882.0,raspberry_pi_seeed_gsr,"872882,2.1114"
2026-05-31T15:19:59.439,asdf,self_20260531_151909,clip_120,1,listen,,2.1001,872903.0,raspberry_pi_seeed_gsr,"872903,2.1001"
2026-05-31T15:19:59.460,asdf,self_20260531_151909,clip_120,1,listen,,2.0985,872924.0,raspberry_pi_seeed_gsr,"872924,2.0985"
2026-05-31T15:19:59.481,asdf,self_20260531_151909,clip_120,1,listen,,2.084,872945.0,raspberry_pi_seeed_gsr,"872945,2.0840"
2026-05-31T15:19:59.502,asdf,self_20260531_151909,clip_120,1,listen,,2.0961,872966.0,raspberry_pi_seeed_gsr,"872966,2.0961"
2026-05-31T15:19:59.523,asdf,self_20260531_151909,clip_120,1,listen,,2.1041,872987.0,raspberry_pi_seeed_gsr,"872987,2.1041"
2026-05-31T15:19:59.544,asdf,self_20260531_151909,clip_120,1,listen,,2.0969,873008.0,raspberry_pi_seeed_gsr,"873008,2.0969"
2026-05-31T15:19:59.566,asdf,self_20260531_151909,clip_120,1,listen,,2.0993,873029.0,raspberry_pi_seeed_gsr,"873029,2.0993"
2026-05-31T15:19:59.610,asdf,self_20260531_151909,clip_120,1,listen,,2.1017,873050.0,raspberry_pi_seeed_gsr,"873050,2.1017"
2026-05-31T15:19:59.611,asdf,self_20260531_151909,clip_120,1,listen,,2.0928,873071.0,raspberry_pi_seeed_gsr,"873071,2.0928"
2026-05-31T15:19:59.628,asdf,self_20260531_151909,clip_120,1,listen,,2.1114,873092.0,raspberry_pi_seeed_gsr,"873092,2.1114"
2026-05-31T15:19:59.649,asdf,self_20260531_151909,clip_120,1,listen,,2.0928,873113.0,raspberry_pi_seeed_gsr,"873113,2.0928"
2026-05-31T15:19:59.670,asdf,self_20260531_151909,clip_120,1,listen,,2.0961,873134.0,raspberry_pi_seeed_gsr,"873134,2.0961"
2026-05-31T15:19:59.691,asdf,self_20260531_151909,clip_120,1,listen,,2.1033,873155.0,raspberry_pi_seeed_gsr,"873155,2.1033"
2026-05-31T15:19:59.712,asdf,self_20260531_151909,clip_120,1,listen,,2.0985,873176.0,raspberry_pi_seeed_gsr,"873176,2.0985"
2026-05-31T15:19:59.733,asdf,self_20260531_151909,clip_120,1,listen,,2.1017,873197.0,raspberry_pi_seeed_gsr,"873197,2.1017"
2026-05-31T15:19:59.754,asdf,self_20260531_151909,clip_120,1,listen,,2.0985,873218.0,raspberry_pi_seeed_gsr,"873218,2.0985"
2026-05-31T15:19:59.775,asdf,self_20260531_151909,clip_120,1,listen,,2.1025,873239.0,raspberry_pi_seeed_gsr,"873239,2.1025"
2026-05-31T15:19:59.796,asdf,self_20260531_151909,clip_120,1,listen,,2.117,873260.0,raspberry_pi_seeed_gsr,"873260,2.1170"
2026-05-31T15:19:59.817,asdf,self_20260531_151909,clip_120,1,listen,,2.0969,873281.0,raspberry_pi_seeed_gsr,"873281,2.0969"
2026-05-31T15:19:59.855,asdf,self_20260531_151909,clip_120,1,listen,,2.0977,873302.0,raspberry_pi_seeed_gsr,"873302,2.0977"
2026-05-31T15:19:59.859,asdf,self_20260531_151909,clip_120,1,listen,,2.0961,873323.0,raspberry_pi_seeed_gsr,"873323,2.0961"
2026-05-31T15:19:59.880,asdf,self_20260531_151909,clip_120,1,listen,,2.1057,873344.0,raspberry_pi_seeed_gsr,"873344,2.1057"
2026-05-31T15:19:59.901,asdf,self_20260531_151909,clip_120,1,listen,,2.1017,873365.0,raspberry_pi_seeed_gsr,"873365,2.1017"
2026-05-31T15:19:59.922,asdf,self_20260531_151909,clip_120,1,listen,,2.0912,873386.0,raspberry_pi_seeed_gsr,"873386,2.0912"
2026-05-31T15:19:59.943,asdf,self_20260531_151909,clip_120,1,listen,,2.1009,873407.0,raspberry_pi_seeed_gsr,"873407,2.1009"
2026-05-31T15:19:59.964,asdf,self_20260531_151909,clip_120,1,listen,,2.0912,873428.0,raspberry_pi_seeed_gsr,"873428,2.0912"
2026-05-31T15:19:59.985,asdf,self_20260531_151909,clip_120,1,listen,,2.113,873449.0,raspberry_pi_seeed_gsr,"873449,2.1130"
2026-05-31T15:20:00.006,asdf,self_20260531_151909,clip_120,1,listen,,2.0961,873470.0,raspberry_pi_seeed_gsr,"873470,2.0961"
2026-05-31T15:20:00.027,asdf,self_20260531_151909,clip_120,1,listen,,2.0985,873491.0,raspberry_pi_seeed_gsr,"873491,2.0985"
2026-05-31T15:20:00.049,asdf,self_20260531_151909,clip_120,1,listen,,2.1017,873512.0,raspberry_pi_seeed_gsr,"873512,2.1017"
2026-05-31T15:20:00.070,asdf,self_20260531_151909,clip_120,1,listen,,2.1041,873533.0,raspberry_pi_seeed_gsr,"873533,2.1041"
2026-05-31T15:20:00.126,asdf,self_20260531_151909,clip_120,1,listen,,2.0977,873554.0,raspberry_pi_seeed_gsr,"873554,2.0977"
2026-05-31T15:20:00.126,asdf,self_20260531_151909,clip_120,1,listen,,2.0977,873575.0,raspberry_pi_seeed_gsr,"873575,2.0977"
2026-05-31T15:20:00.132,asdf,self_20260531_151909,clip_120,1,listen,,2.0953,873596.0,raspberry_pi_seeed_gsr,"873596,2.0953"
2026-05-31T15:20:00.153,asdf,self_20260531_151909,clip_120,1,listen,,2.1025,873617.0,raspberry_pi_seeed_gsr,"873617,2.1025"
2026-05-31T15:20:00.174,asdf,self_20260531_151909,clip_120,1,listen,,2.1001,873638.0,raspberry_pi_seeed_gsr,"873638,2.1001"
2026-05-31T15:20:00.195,asdf,self_20260531_151909,clip_120,1,listen,,2.0993,873659.0,raspberry_pi_seeed_gsr,"873659,2.0993"
2026-05-31T15:20:00.216,asdf,self_20260531_151909,clip_120,1,listen,,2.1001,873680.0,raspberry_pi_seeed_gsr,"873680,2.1001"
2026-05-31T15:20:00.237,asdf,self_20260531_151909,clip_120,1,listen,,2.0969,873701.0,raspberry_pi_seeed_gsr,"873701,2.0969"
2026-05-31T15:20:00.258,asdf,self_20260531_151909,clip_120,1,listen,,2.1017,873722.0,raspberry_pi_seeed_gsr,"873722,2.1017"
2026-05-31T15:20:00.279,asdf,self_20260531_151909,clip_120,1,listen,,2.1033,873743.0,raspberry_pi_seeed_gsr,"873743,2.1033"
2026-05-31T15:20:00.300,asdf,self_20260531_151909,clip_120,1,listen,,2.109,873764.0,raspberry_pi_seeed_gsr,"873764,2.1090"
2026-05-31T15:20:00.321,asdf,self_20260531_151909,clip_120,1,listen,,2.1057,873785.0,raspberry_pi_seeed_gsr,"873785,2.1057"
2026-05-31T15:20:00.359,asdf,self_20260531_151909,clip_120,1,listen,,2.0953,873806.0,raspberry_pi_seeed_gsr,"873806,2.0953"
2026-05-31T15:20:00.363,asdf,self_20260531_151909,clip_120,1,listen,,2.034,873827.0,raspberry_pi_seeed_gsr,"873827,2.0340"
2026-05-31T15:20:00.384,asdf,self_20260531_151909,clip_120,1,listen,,2.0961,873848.0,raspberry_pi_seeed_gsr,"873848,2.0961"
2026-05-31T15:20:00.405,asdf,self_20260531_151909,clip_120,1,listen,,2.1017,873869.0,raspberry_pi_seeed_gsr,"873869,2.1017"
2026-05-31T15:20:00.426,asdf,self_20260531_151909,clip_120,1,listen,,2.0977,873890.0,raspberry_pi_seeed_gsr,"873890,2.0977"
2026-05-31T15:20:00.447,asdf,self_20260531_151909,clip_120,1,listen,,2.1025,873911.0,raspberry_pi_seeed_gsr,"873911,2.1025"
2026-05-31T15:20:00.469,asdf,self_20260531_151909,clip_120,1,listen,,2.1033,873932.0,raspberry_pi_seeed_gsr,"873932,2.1033"
2026-05-31T15:20:00.489,asdf,self_20260531_151909,clip_120,1,listen,,2.0928,873953.0,raspberry_pi_seeed_gsr,"873953,2.0928"
2026-05-31T15:20:00.510,asdf,self_20260531_151909,clip_120,1,listen,,2.1049,873974.0,raspberry_pi_seeed_gsr,"873974,2.1049"
2026-05-31T15:20:00.531,asdf,self_20260531_151909,clip_120,1,listen,,2.0937,873995.0,raspberry_pi_seeed_gsr,"873995,2.0937"
2026-05-31T15:20:00.552,asdf,self_20260531_151909,clip_120,1,listen,,2.1154,874016.0,raspberry_pi_seeed_gsr,"874016,2.1154"
2026-05-31T15:20:00.575,asdf,self_20260531_151909,clip_120,1,listen,,2.1025,874037.0,raspberry_pi_seeed_gsr,"874037,2.1025"
2026-05-31T15:20:00.619,asdf,self_20260531_151909,clip_120,1,listen,,2.0912,874058.0,raspberry_pi_seeed_gsr,"874058,2.0912"
2026-05-31T15:20:00.620,asdf,self_20260531_151909,clip_120,1,listen,,2.1146,874079.0,raspberry_pi_seeed_gsr,"874079,2.1146"
2026-05-31T15:20:00.636,asdf,self_20260531_151909,clip_120,1,listen,,2.109,874100.0,raspberry_pi_seeed_gsr,"874100,2.1090"
2026-05-31T15:20:00.657,asdf,self_20260531_151909,clip_120,1,listen,,2.0993,874121.0,raspberry_pi_seeed_gsr,"874121,2.0993"
2026-05-31T15:20:00.678,asdf,self_20260531_151909,clip_120,1,listen,,2.1122,874142.0,raspberry_pi_seeed_gsr,"874142,2.1122"
2026-05-31T15:20:00.699,asdf,self_20260531_151909,clip_120,1,listen,,2.08,874163.0,raspberry_pi_seeed_gsr,"874163,2.0800"
2026-05-31T15:20:00.720,asdf,self_20260531_151909,clip_120,1,listen,,2.0993,874184.0,raspberry_pi_seeed_gsr,"874184,2.0993"
2026-05-31T15:20:00.741,asdf,self_20260531_151909,clip_120,1,listen,,2.1009,874205.0,raspberry_pi_seeed_gsr,"874205,2.1009"
2026-05-31T15:20:00.762,asdf,self_20260531_151909,clip_120,1,listen,,2.0969,874226.0,raspberry_pi_seeed_gsr,"874226,2.0969"
2026-05-31T15:20:00.783,asdf,self_20260531_151909,clip_120,1,listen,,2.1082,874247.0,raspberry_pi_seeed_gsr,"874247,2.1082"
2026-05-31T15:20:00.804,asdf,self_20260531_151909,clip_120,1,listen,,2.1082,874268.0,raspberry_pi_seeed_gsr,"874268,2.1082"
2026-05-31T15:20:00.825,asdf,self_20260531_151909,clip_120,1,listen,,2.1001,874289.0,raspberry_pi_seeed_gsr,"874289,2.1001"
2026-05-31T15:20:00.866,asdf,self_20260531_151909,clip_120,1,listen,,2.1001,874310.0,raspberry_pi_seeed_gsr,"874310,2.1001"
2026-05-31T15:20:00.867,asdf,self_20260531_151909,clip_120,1,listen,,2.1001,874331.0,raspberry_pi_seeed_gsr,"874331,2.1001"
2026-05-31T15:20:00.888,asdf,self_20260531_151909,clip_120,1,listen,,2.0969,874352.0,raspberry_pi_seeed_gsr,"874352,2.0969"
2026-05-31T15:20:00.909,asdf,self_20260531_151909,clip_120,1,listen,,2.0985,874373.0,raspberry_pi_seeed_gsr,"874373,2.0985"
2026-05-31T15:20:00.930,asdf,self_20260531_151909,clip_120,1,listen,,2.0848,874394.0,raspberry_pi_seeed_gsr,"874394,2.0848"
2026-05-31T15:20:00.951,asdf,self_20260531_151909,clip_120,1,listen,,2.1049,874415.0,raspberry_pi_seeed_gsr,"874415,2.1049"
2026-05-31T15:20:00.972,asdf,self_20260531_151909,clip_120,1,listen,,2.1033,874436.0,raspberry_pi_seeed_gsr,"874436,2.1033"
2026-05-31T15:20:00.993,asdf,self_20260531_151909,clip_120,1,listen,,2.1162,874457.0,raspberry_pi_seeed_gsr,"874457,2.1162"
2026-05-31T15:20:01.014,asdf,self_20260531_151909,clip_120,1,listen,,2.0985,874478.0,raspberry_pi_seeed_gsr,"874478,2.0985"
2026-05-31T15:20:01.035,asdf,self_20260531_151909,clip_120,1,listen,,2.1057,874499.0,raspberry_pi_seeed_gsr,"874499,2.1057"
2026-05-31T15:20:01.057,asdf,self_20260531_151909,clip_120,1,listen,,2.1025,874520.0,raspberry_pi_seeed_gsr,"874520,2.1025"
2026-05-31T15:20:01.077,asdf,self_20260531_151909,clip_120,1,listen,,2.0888,874541.0,raspberry_pi_seeed_gsr,"874541,2.0888"
2026-05-31T15:20:01.120,asdf,self_20260531_151909,clip_120,1,listen,,2.1106,874562.0,raspberry_pi_seeed_gsr,"874562,2.1106"
2026-05-31T15:20:01.121,asdf,self_20260531_151909,clip_120,1,listen,,2.0961,874583.0,raspberry_pi_seeed_gsr,"874583,2.0961"
2026-05-31T15:20:01.140,asdf,self_20260531_151909,clip_120,1,listen,,2.0928,874604.0,raspberry_pi_seeed_gsr,"874604,2.0928"
2026-05-31T15:20:01.161,asdf,self_20260531_151909,clip_120,1,listen,,2.0993,874625.0,raspberry_pi_seeed_gsr,"874625,2.0993"
2026-05-31T15:20:01.182,asdf,self_20260531_151909,clip_120,1,listen,,2.0928,874646.0,raspberry_pi_seeed_gsr,"874646,2.0928"
2026-05-31T15:20:01.203,asdf,self_20260531_151909,clip_120,1,listen,,2.1009,874667.0,raspberry_pi_seeed_gsr,"874667,2.1009"
2026-05-31T15:20:01.224,asdf,self_20260531_151909,clip_120,1,listen,,2.0945,874688.0,raspberry_pi_seeed_gsr,"874688,2.0945"
2026-05-31T15:20:01.245,asdf,self_20260531_151909,clip_120,1,listen,,2.0953,874709.0,raspberry_pi_seeed_gsr,"874709,2.0953"
2026-05-31T15:20:01.266,asdf,self_20260531_151909,clip_120,1,listen,,2.0622,874730.0,raspberry_pi_seeed_gsr,"874730,2.0622"
2026-05-31T15:20:01.287,asdf,self_20260531_151909,clip_120,1,listen,,2.1057,874751.0,raspberry_pi_seeed_gsr,"874751,2.1057"
2026-05-31T15:20:01.308,asdf,self_20260531_151909,clip_120,1,listen,,2.0985,874772.0,raspberry_pi_seeed_gsr,"874772,2.0985"
2026-05-31T15:20:01.329,asdf,self_20260531_151909,clip_120,1,listen,,2.0904,874793.0,raspberry_pi_seeed_gsr,"874793,2.0904"
2026-05-31T15:20:01.351,asdf,self_20260531_151909,clip_120,1,listen,,2.1001,874814.0,raspberry_pi_seeed_gsr,"874814,2.1001"
2026-05-31T15:20:01.391,asdf,self_20260531_151909,clip_120,1,listen,,2.0985,874835.0,raspberry_pi_seeed_gsr,"874835,2.0985"
2026-05-31T15:20:01.392,asdf,self_20260531_151909,clip_120,1,listen,,2.0985,874856.0,raspberry_pi_seeed_gsr,"874856,2.0985"
2026-05-31T15:20:01.413,asdf,self_20260531_151909,clip_120,1,listen,,2.0993,874877.0,raspberry_pi_seeed_gsr,"874877,2.0993"
2026-05-31T15:20:01.434,asdf,self_20260531_151909,clip_120,1,listen,,2.1033,874898.0,raspberry_pi_seeed_gsr,"874898,2.1033"
2026-05-31T15:20:01.455,asdf,self_20260531_151909,clip_120,1,listen,,2.0961,874919.0,raspberry_pi_seeed_gsr,"874919,2.0961"
2026-05-31T15:20:01.476,asdf,self_20260531_151909,clip_120,1,listen,,2.1033,874940.0,raspberry_pi_seeed_gsr,"874940,2.1033"
2026-05-31T15:20:01.497,asdf,self_20260531_151909,clip_120,1,listen,,2.1001,874961.0,raspberry_pi_seeed_gsr,"874961,2.1001"
2026-05-31T15:20:01.518,asdf,self_20260531_151909,clip_120,1,listen,,2.0993,874982.0,raspberry_pi_seeed_gsr,"874982,2.0993"
2026-05-31T15:20:01.539,asdf,self_20260531_151909,clip_120,1,listen,,2.1033,875003.0,raspberry_pi_seeed_gsr,"875003,2.1033"
2026-05-31T15:20:01.560,asdf,self_20260531_151909,clip_120,1,listen,,2.0928,875024.0,raspberry_pi_seeed_gsr,"875024,2.0928"
2026-05-31T15:20:01.581,asdf,self_20260531_151909,clip_120,1,listen,,2.0985,875045.0,raspberry_pi_seeed_gsr,"875045,2.0985"
2026-05-31T15:20:01.603,asdf,self_20260531_151909,clip_120,1,listen,,2.084,875066.0,raspberry_pi_seeed_gsr,"875066,2.0840"
2026-05-31T15:20:01.643,asdf,self_20260531_151909,clip_120,1,listen,,2.0993,875087.0,raspberry_pi_seeed_gsr,"875087,2.0993"
2026-05-31T15:20:01.644,asdf,self_20260531_151909,clip_120,1,listen,,2.1025,875108.0,raspberry_pi_seeed_gsr,"875108,2.1025"
2026-05-31T15:20:01.665,asdf,self_20260531_151909,clip_120,1,listen,,2.1001,875129.0,raspberry_pi_seeed_gsr,"875129,2.1001"
2026-05-31T15:20:01.686,asdf,self_20260531_151909,clip_120,1,listen,,2.0985,875150.0,raspberry_pi_seeed_gsr,"875150,2.0985"
2026-05-31T15:20:01.707,asdf,self_20260531_151909,clip_120,1,listen,,2.1154,875171.0,raspberry_pi_seeed_gsr,"875171,2.1154"
2026-05-31T15:20:01.728,asdf,self_20260531_151909,clip_120,1,listen,,2.1049,875192.0,raspberry_pi_seeed_gsr,"875192,2.1049"
2026-05-31T15:20:01.749,asdf,self_20260531_151909,clip_120,1,listen,,2.0993,875213.0,raspberry_pi_seeed_gsr,"875213,2.0993"
2026-05-31T15:20:01.771,asdf,self_20260531_151909,clip_120,1,listen,,2.0977,875234.0,raspberry_pi_seeed_gsr,"875234,2.0977"
2026-05-31T15:20:01.791,asdf,self_20260531_151909,clip_120,1,listen,,2.0767,875255.0,raspberry_pi_seeed_gsr,"875255,2.0767"
2026-05-31T15:20:01.812,asdf,self_20260531_151909,clip_120,1,listen,,2.0969,875276.0,raspberry_pi_seeed_gsr,"875276,2.0969"
2026-05-31T15:20:01.833,asdf,self_20260531_151909,clip_120,1,listen,,2.1033,875297.0,raspberry_pi_seeed_gsr,"875297,2.1033"
2026-05-31T15:20:01.854,asdf,self_20260531_151909,clip_120,1,listen,,2.1033,875318.0,raspberry_pi_seeed_gsr,"875318,2.1033"
2026-05-31T15:20:01.895,asdf,self_20260531_151909,clip_120,1,listen,,2.1057,875339.0,raspberry_pi_seeed_gsr,"875339,2.1057"
2026-05-31T15:20:01.896,asdf,self_20260531_151909,clip_120,1,listen,,2.0969,875360.0,raspberry_pi_seeed_gsr,"875360,2.0969"
2026-05-31T15:20:01.917,asdf,self_20260531_151909,clip_120,1,listen,,2.1025,875381.0,raspberry_pi_seeed_gsr,"875381,2.1025"
2026-05-31T15:20:01.938,asdf,self_20260531_151909,clip_120,1,listen,,2.0977,875402.0,raspberry_pi_seeed_gsr,"875402,2.0977"
2026-05-31T15:20:01.959,asdf,self_20260531_151909,clip_120,1,listen,,2.0695,875423.0,raspberry_pi_seeed_gsr,"875423,2.0695"
2026-05-31T15:20:01.980,asdf,self_20260531_151909,clip_120,1,listen,,2.1065,875444.0,raspberry_pi_seeed_gsr,"875444,2.1065"
2026-05-31T15:20:02.001,asdf,self_20260531_151909,clip_120,1,listen,,2.0937,875465.0,raspberry_pi_seeed_gsr,"875465,2.0937"
2026-05-31T15:20:02.022,asdf,self_20260531_151909,clip_120,1,listen,,2.1025,875486.0,raspberry_pi_seeed_gsr,"875486,2.1025"
2026-05-31T15:20:02.043,asdf,self_20260531_151909,clip_120,1,listen,,2.0832,875507.0,raspberry_pi_seeed_gsr,"875507,2.0832"
2026-05-31T15:20:02.064,asdf,self_20260531_151909,clip_120,1,listen,,2.0985,875528.0,raspberry_pi_seeed_gsr,"875528,2.0985"
2026-05-31T15:20:02.085,asdf,self_20260531_151909,clip_120,1,listen,,2.0848,875549.0,raspberry_pi_seeed_gsr,"875549,2.0848"
2026-05-31T15:20:02.106,asdf,self_20260531_151909,clip_120,1,listen,,2.0993,875570.0,raspberry_pi_seeed_gsr,"875570,2.0993"
2026-05-31T15:20:02.147,asdf,self_20260531_151909,clip_120,1,listen,,2.0864,875591.0,raspberry_pi_seeed_gsr,"875591,2.0864"
2026-05-31T15:20:02.148,asdf,self_20260531_151909,clip_120,1,listen,,2.0993,875612.0,raspberry_pi_seeed_gsr,"875612,2.0993"
2026-05-31T15:20:02.169,asdf,self_20260531_151909,clip_120,1,listen,,2.1017,875633.0,raspberry_pi_seeed_gsr,"875633,2.1017"
2026-05-31T15:20:02.190,asdf,self_20260531_151909,clip_120,1,listen,,2.1033,875654.0,raspberry_pi_seeed_gsr,"875654,2.1033"
2026-05-31T15:20:02.211,asdf,self_20260531_151909,clip_120,1,listen,,2.1057,875675.0,raspberry_pi_seeed_gsr,"875675,2.1057"
2026-05-31T15:20:02.232,asdf,self_20260531_151909,clip_120,1,listen,,2.1041,875696.0,raspberry_pi_seeed_gsr,"875696,2.1041"
2026-05-31T15:20:02.253,asdf,self_20260531_151909,clip_120,1,listen,,2.0993,875717.0,raspberry_pi_seeed_gsr,"875717,2.0993"
2026-05-31T15:20:02.274,asdf,self_20260531_151909,clip_120,1,listen,,2.0977,875738.0,raspberry_pi_seeed_gsr,"875738,2.0977"
2026-05-31T15:20:02.295,asdf,self_20260531_151909,clip_120,1,listen,,2.1017,875759.0,raspberry_pi_seeed_gsr,"875759,2.1017"
2026-05-31T15:20:02.316,asdf,self_20260531_151909,clip_120,1,listen,,2.0969,875780.0,raspberry_pi_seeed_gsr,"875780,2.0969"
2026-05-31T15:20:02.337,asdf,self_20260531_151909,clip_120,1,listen,,2.1033,875801.0,raspberry_pi_seeed_gsr,"875801,2.1033"
2026-05-31T15:20:02.358,asdf,self_20260531_151909,clip_120,1,listen,,2.1033,875822.0,raspberry_pi_seeed_gsr,"875822,2.1033"
2026-05-31T15:20:02.398,asdf,self_20260531_151909,clip_120,1,listen,,2.0856,875843.0,raspberry_pi_seeed_gsr,"875843,2.0856"
2026-05-31T15:20:02.400,asdf,self_20260531_151909,clip_120,1,listen,,2.1025,875864.0,raspberry_pi_seeed_gsr,"875864,2.1025"
2026-05-31T15:20:02.421,asdf,self_20260531_151909,clip_120,1,listen,,2.0993,875885.0,raspberry_pi_seeed_gsr,"875885,2.0993"
2026-05-31T15:20:02.442,asdf,self_20260531_151909,clip_120,1,listen,,2.0993,875906.0,raspberry_pi_seeed_gsr,"875906,2.0993"
2026-05-31T15:20:02.463,asdf,self_20260531_151909,clip_120,1,listen,,2.1114,875927.0,raspberry_pi_seeed_gsr,"875927,2.1114"
2026-05-31T15:20:02.484,asdf,self_20260531_151909,clip_120,1,listen,,2.0993,875948.0,raspberry_pi_seeed_gsr,"875948,2.0993"
2026-05-31T15:20:02.505,asdf,self_20260531_151909,clip_120,1,listen,,2.0993,875969.0,raspberry_pi_seeed_gsr,"875969,2.0993"
2026-05-31T15:20:02.526,asdf,self_20260531_151909,clip_120,1,listen,,2.0985,875990.0,raspberry_pi_seeed_gsr,"875990,2.0985"
2026-05-31T15:20:02.547,asdf,self_20260531_151909,clip_120,1,listen,,2.1017,876011.0,raspberry_pi_seeed_gsr,"876011,2.1017"
2026-05-31T15:20:02.568,asdf,self_20260531_151909,clip_120,1,listen,,2.1017,876032.0,raspberry_pi_seeed_gsr,"876032,2.1017"
2026-05-31T15:20:02.589,asdf,self_20260531_151909,clip_120,1,listen,,2.1001,876053.0,raspberry_pi_seeed_gsr,"876053,2.1001"
2026-05-31T15:20:02.610,asdf,self_20260531_151909,clip_120,1,listen,,2.0961,876074.0,raspberry_pi_seeed_gsr,"876074,2.0961"
2026-05-31T15:20:02.641,asdf,self_20260531_151909,clip_120,1,listen,,2.1541,876095.0,raspberry_pi_seeed_gsr,"876095,2.1541"
2026-05-31T15:20:02.652,asdf,self_20260531_151909,clip_120,1,listen,,2.0985,876116.0,raspberry_pi_seeed_gsr,"876116,2.0985"
2026-05-31T15:20:02.673,asdf,self_20260531_151909,clip_120,1,listen,,2.0985,876137.0,raspberry_pi_seeed_gsr,"876137,2.0985"
2026-05-31T15:20:02.694,asdf,self_20260531_151909,clip_120,1,listen,,2.1001,876158.0,raspberry_pi_seeed_gsr,"876158,2.1001"
2026-05-31T15:20:02.715,asdf,self_20260531_151909,clip_120,1,listen,,2.1017,876179.0,raspberry_pi_seeed_gsr,"876179,2.1017"
2026-05-31T15:20:02.736,asdf,self_20260531_151909,clip_120,1,listen,,2.1001,876200.0,raspberry_pi_seeed_gsr,"876200,2.1001"
2026-05-31T15:20:02.757,asdf,self_20260531_151909,clip_120,1,listen,,2.1001,876221.0,raspberry_pi_seeed_gsr,"876221,2.1001"
2026-05-31T15:20:02.778,asdf,self_20260531_151909,clip_120,1,listen,,2.0961,876242.0,raspberry_pi_seeed_gsr,"876242,2.0961"
2026-05-31T15:20:02.833,asdf,self_20260531_151909,clip_120,1,listen,,2.0993,876263.0,raspberry_pi_seeed_gsr,"876263,2.0993"
2026-05-31T15:20:02.834,asdf,self_20260531_151909,clip_120,1,listen,,2.0937,876284.0,raspberry_pi_seeed_gsr,"876284,2.0937"
2026-05-31T15:20:02.841,asdf,self_20260531_151909,clip_120,1,listen,,2.0961,876305.0,raspberry_pi_seeed_gsr,"876305,2.0961"
2026-05-31T15:20:02.862,asdf,self_20260531_151909,clip_120,1,listen,,2.1057,876326.0,raspberry_pi_seeed_gsr,"876326,2.1057"
2026-05-31T15:20:02.896,asdf,self_20260531_151909,clip_120,1,listen,,2.1049,876347.0,raspberry_pi_seeed_gsr,"876347,2.1049"
2026-05-31T15:20:02.904,asdf,self_20260531_151909,clip_120,1,listen,,2.0896,876368.0,raspberry_pi_seeed_gsr,"876368,2.0896"
2026-05-31T15:20:02.925,asdf,self_20260531_151909,clip_120,1,listen,,2.1073,876389.0,raspberry_pi_seeed_gsr,"876389,2.1073"
2026-05-31T15:20:02.946,asdf,self_20260531_151909,clip_120,1,listen,,2.0937,876410.0,raspberry_pi_seeed_gsr,"876410,2.0937"
2026-05-31T15:20:02.967,asdf,self_20260531_151909,clip_120,1,listen,,2.0912,876431.0,raspberry_pi_seeed_gsr,"876431,2.0912"
2026-05-31T15:20:02.988,asdf,self_20260531_151909,clip_120,1,listen,,2.109,876452.0,raspberry_pi_seeed_gsr,"876452,2.1090"
2026-05-31T15:20:03.009,asdf,self_20260531_151909,clip_120,1,listen,,2.0993,876473.0,raspberry_pi_seeed_gsr,"876473,2.0993"
2026-05-31T15:20:03.031,asdf,self_20260531_151909,clip_120,1,listen,,2.1033,876494.0,raspberry_pi_seeed_gsr,"876494,2.1033"
2026-05-31T15:20:03.051,asdf,self_20260531_151909,clip_120,1,listen,,2.1098,876515.0,raspberry_pi_seeed_gsr,"876515,2.1098"
2026-05-31T15:20:03.072,asdf,self_20260531_151909,clip_120,1,listen,,2.1001,876536.0,raspberry_pi_seeed_gsr,"876536,2.1001"
2026-05-31T15:20:03.093,asdf,self_20260531_151909,clip_120,1,listen,,2.1009,876557.0,raspberry_pi_seeed_gsr,"876557,2.1009"
2026-05-31T15:20:03.114,asdf,self_20260531_151909,clip_120,1,listen,,2.1025,876578.0,raspberry_pi_seeed_gsr,"876578,2.1025"
2026-05-31T15:20:03.147,asdf,self_20260531_151909,clip_120,1,listen,,2.1065,876599.0,raspberry_pi_seeed_gsr,"876599,2.1065"
2026-05-31T15:20:03.156,asdf,self_20260531_151909,clip_120,1,listen,,2.1057,876620.0,raspberry_pi_seeed_gsr,"876620,2.1057"
2026-05-31T15:20:03.177,asdf,self_20260531_151909,clip_120,1,listen,,2.1025,876641.0,raspberry_pi_seeed_gsr,"876641,2.1025"
2026-05-31T15:20:03.198,asdf,self_20260531_151909,clip_120,1,listen,,2.0953,876662.0,raspberry_pi_seeed_gsr,"876662,2.0953"
2026-05-31T15:20:03.219,asdf,self_20260531_151909,clip_120,1,listen,,2.0928,876683.0,raspberry_pi_seeed_gsr,"876683,2.0928"
2026-05-31T15:20:03.240,asdf,self_20260531_151909,clip_120,1,listen,,2.1259,876704.0,raspberry_pi_seeed_gsr,"876704,2.1259"
2026-05-31T15:20:03.261,asdf,self_20260531_151909,clip_120,1,listen,,2.1098,876725.0,raspberry_pi_seeed_gsr,"876725,2.1098"
2026-05-31T15:20:03.282,asdf,self_20260531_151909,clip_120,1,listen,,2.1098,876746.0,raspberry_pi_seeed_gsr,"876746,2.1098"
2026-05-31T15:20:03.303,asdf,self_20260531_151909,clip_120,1,listen,,2.1017,876767.0,raspberry_pi_seeed_gsr,"876767,2.1017"
2026-05-31T15:20:03.324,asdf,self_20260531_151909,clip_120,1,listen,,2.1082,876788.0,raspberry_pi_seeed_gsr,"876788,2.1082"
2026-05-31T15:20:03.345,asdf,self_20260531_151909,clip_120,1,listen,,2.109,876809.0,raspberry_pi_seeed_gsr,"876809,2.1090"
2026-05-31T15:20:03.367,asdf,self_20260531_151909,clip_120,1,listen,,2.0993,876830.0,raspberry_pi_seeed_gsr,"876830,2.0993"
2026-05-31T15:20:03.408,asdf,self_20260531_151909,clip_120,1,listen,,2.1001,876851.0,raspberry_pi_seeed_gsr,"876851,2.1001"
2026-05-31T15:20:03.409,asdf,self_20260531_151909,clip_120,1,listen,,2.1001,876872.0,raspberry_pi_seeed_gsr,"876872,2.1001"
2026-05-31T15:20:03.429,asdf,self_20260531_151909,clip_120,1,listen,,2.0993,876893.0,raspberry_pi_seeed_gsr,"876893,2.0993"
2026-05-31T15:20:03.450,asdf,self_20260531_151909,clip_120,1,listen,,2.1009,876914.0,raspberry_pi_seeed_gsr,"876914,2.1009"
2026-05-31T15:20:03.471,asdf,self_20260531_151909,clip_120,1,listen,,2.1041,876935.0,raspberry_pi_seeed_gsr,"876935,2.1041"
2026-05-31T15:20:03.492,asdf,self_20260531_151909,clip_120,1,listen,,2.0904,876956.0,raspberry_pi_seeed_gsr,"876956,2.0904"
2026-05-31T15:20:03.513,asdf,self_20260531_151909,clip_120,1,listen,,2.0969,876977.0,raspberry_pi_seeed_gsr,"876977,2.0969"
2026-05-31T15:20:03.534,asdf,self_20260531_151909,clip_120,1,listen,,2.0896,876998.0,raspberry_pi_seeed_gsr,"876998,2.0896"
2026-05-31T15:20:03.555,asdf,self_20260531_151909,clip_120,1,listen,,2.1065,877019.0,raspberry_pi_seeed_gsr,"877019,2.1065"
2026-05-31T15:22:31.469,asdf,self_20260531_151909,clip_060,2,rest,,85.0,,raspberry_pi_seeed_gsr,85
2026-05-31T15:22:31.471,asdf,self_20260531_151909,clip_060,2,rest,,2.0953,1024278.0,raspberry_pi_seeed_gsr,"1024278,2.0953"
2026-05-31T15:22:31.474,asdf,self_20260531_151909,clip_060,2,rest,,2.0928,1024299.0,raspberry_pi_seeed_gsr,"1024299,2.0928"
2026-05-31T15:22:31.476,asdf,self_20260531_151909,clip_060,2,rest,,2.0969,1024320.0,raspberry_pi_seeed_gsr,"1024320,2.0969"
2026-05-31T15:22:31.478,asdf,self_20260531_151909,clip_060,2,rest,,2.0937,1024341.0,raspberry_pi_seeed_gsr,"1024341,2.0937"
2026-05-31T15:22:31.479,asdf,self_20260531_151909,clip_060,2,rest,,2.1073,1024362.0,raspberry_pi_seeed_gsr,"1024362,2.1073"
2026-05-31T15:22:31.480,asdf,self_20260531_151909,clip_060,2,rest,,2.0985,1024383.0,raspberry_pi_seeed_gsr,"1024383,2.0985"
2026-05-31T15:22:31.481,asdf,self_20260531_151909,clip_060,2,rest,,2.1057,1024404.0,raspberry_pi_seeed_gsr,"1024404,2.1057"
2026-05-31T15:22:31.482,asdf,self_20260531_151909,clip_060,2,rest,,2.0912,1024425.0,raspberry_pi_seeed_gsr,"1024425,2.0912"
2026-05-31T15:22:31.484,asdf,self_20260531_151909,clip_060,2,rest,,2.1017,1024446.0,raspberry_pi_seeed_gsr,"1024446,2.1017"
2026-05-31T15:22:31.485,asdf,self_20260531_151909,clip_060,2,rest,,2.0888,1024467.0,raspberry_pi_seeed_gsr,"1024467,2.0888"
2026-05-31T15:22:31.486,asdf,self_20260531_151909,clip_060,2,rest,,2.1315,1024488.0,raspberry_pi_seeed_gsr,"1024488,2.1315"
2026-05-31T15:22:31.487,asdf,self_20260531_151909,clip_060,2,rest,,2.1001,1024509.0,raspberry_pi_seeed_gsr,"1024509,2.1001"
2026-05-31T15:22:31.488,asdf,self_20260531_151909,clip_060,2,rest,,2.0993,1024530.0,raspberry_pi_seeed_gsr,"1024530,2.0993"
2026-05-31T15:22:31.489,asdf,self_20260531_151909,clip_060,2,rest,,2.0985,1024551.0,raspberry_pi_seeed_gsr,"1024551,2.0985"
2026-05-31T15:22:31.490,asdf,self_20260531_151909,clip_060,2,rest,,2.0969,1024572.0,raspberry_pi_seeed_gsr,"1024572,2.0969"
2026-05-31T15:22:31.491,asdf,self_20260531_151909,clip_060,2,rest,,2.0993,1024593.0,raspberry_pi_seeed_gsr,"1024593,2.0993"
2026-05-31T15:22:31.492,asdf,self_20260531_151909,clip_060,2,rest,,2.0953,1024614.0,raspberry_pi_seeed_gsr,"1024614,2.0953"
2026-05-31T15:22:31.493,asdf,self_20260531_151909,clip_060,2,rest,,2.0928,1024635.0,raspberry_pi_seeed_gsr,"1024635,2.0928"
2026-05-31T15:22:31.494,asdf,self_20260531_151909,clip_060,2,rest,,2.0985,1024656.0,raspberry_pi_seeed_gsr,"1024656,2.0985"
2026-05-31T15:22:31.494,asdf,self_20260531_151909,clip_060,2,rest,,2.1041,1024677.0,raspberry_pi_seeed_gsr,"1024677,2.1041"
2026-05-31T15:22:31.495,asdf,self_20260531_151909,clip_060,2,rest,,2.1033,1024698.0,raspberry_pi_seeed_gsr,"1024698,2.1033"
2026-05-31T15:22:31.496,asdf,self_20260531_151909,clip_060,2,rest,,2.0928,1024719.0,raspberry_pi_seeed_gsr,"1024719,2.0928"
2026-05-31T15:22:31.497,asdf,self_20260531_151909,clip_060,2,rest,,2.092,1024740.0,raspberry_pi_seeed_gsr,"1024740,2.0920"
2026-05-31T15:22:31.498,asdf,self_20260531_151909,clip_060,2,rest,,2.0977,1024761.0,raspberry_pi_seeed_gsr,"1024761,2.0977"
2026-05-31T15:22:31.499,asdf,self_20260531_151909,clip_060,2,rest,,2.0937,1024782.0,raspberry_pi_seeed_gsr,"1024782,2.0937"
2026-05-31T15:22:31.499,asdf,self_20260531_151909,clip_060,2,rest,,2.084,1024803.0,raspberry_pi_seeed_gsr,"1024803,2.0840"
2026-05-31T15:22:31.500,asdf,self_20260531_151909,clip_060,2,rest,,2.092,1024824.0,raspberry_pi_seeed_gsr,"1024824,2.0920"
2026-05-31T15:22:31.501,asdf,self_20260531_151909,clip_060,2,rest,,2.0896,1024845.0,raspberry_pi_seeed_gsr,"1024845,2.0896"
2026-05-31T15:22:31.502,asdf,self_20260531_151909,clip_060,2,rest,,2.1057,1024866.0,raspberry_pi_seeed_gsr,"1024866,2.1057"
2026-05-31T15:22:31.502,asdf,self_20260531_151909,clip_060,2,rest,,2.0864,1024887.0,raspberry_pi_seeed_gsr,"1024887,2.0864"
2026-05-31T15:22:31.503,asdf,self_20260531_151909,clip_060,2,rest,,2.0969,1024908.0,raspberry_pi_seeed_gsr,"1024908,2.0969"
2026-05-31T15:22:31.504,asdf,self_20260531_151909,clip_060,2,rest,,2.0977,1024929.0,raspberry_pi_seeed_gsr,"1024929,2.0977"
2026-05-31T15:22:31.504,asdf,self_20260531_151909,clip_060,2,rest,,2.1082,1024950.0,raspberry_pi_seeed_gsr,"1024950,2.1082"
2026-05-31T15:22:31.508,asdf,self_20260531_151909,clip_060,2,rest,,2.0969,1024971.0,raspberry_pi_seeed_gsr,"1024971,2.0969"
2026-05-31T15:22:31.530,asdf,self_20260531_151909,clip_060,2,rest,,2.0977,1024992.0,raspberry_pi_seeed_gsr,"1024992,2.0977"
2026-05-31T15:22:31.550,asdf,self_20260531_151909,clip_060,2,rest,,2.0888,1025013.0,raspberry_pi_seeed_gsr,"1025013,2.0888"
2026-05-31T15:22:31.572,asdf,self_20260531_151909,clip_060,2,rest,,2.0993,1025034.0,raspberry_pi_seeed_gsr,"1025034,2.0993"
2026-05-31T15:22:31.593,asdf,self_20260531_151909,clip_060,2,rest,,2.1009,1025055.0,raspberry_pi_seeed_gsr,"1025055,2.1009"
2026-05-31T15:22:31.614,asdf,self_20260531_151909,clip_060,2,rest,,2.0977,1025076.0,raspberry_pi_seeed_gsr,"1025076,2.0977"
2026-05-31T15:22:31.635,asdf,self_20260531_151909,clip_060,2,rest,,2.0945,1025097.0,raspberry_pi_seeed_gsr,"1025097,2.0945"
2026-05-31T15:22:31.656,asdf,self_20260531_151909,clip_060,2,rest,,2.1009,1025118.0,raspberry_pi_seeed_gsr,"1025118,2.1009"
2026-05-31T15:22:31.677,asdf,self_20260531_151909,clip_060,2,rest,,2.0904,1025139.0,raspberry_pi_seeed_gsr,"1025139,2.0904"
2026-05-31T15:22:31.698,asdf,self_20260531_151909,clip_060,2,rest,,2.1355,1025160.0,raspberry_pi_seeed_gsr,"1025160,2.1355"
2026-05-31T15:22:31.719,asdf,self_20260531_151909,clip_060,2,rest,,2.0993,1025181.0,raspberry_pi_seeed_gsr,"1025181,2.0993"
2026-05-31T15:22:31.740,asdf,self_20260531_151909,clip_060,2,rest,,2.0928,1025202.0,raspberry_pi_seeed_gsr,"1025202,2.0928"
2026-05-31T15:22:31.786,asdf,self_20260531_151909,clip_060,2,rest,,2.0832,1025223.0,raspberry_pi_seeed_gsr,"1025223,2.0832"
2026-05-31T15:22:31.787,asdf,self_20260531_151909,clip_060,2,rest,,2.0969,1025244.0,raspberry_pi_seeed_gsr,"1025244,2.0969"
2026-05-31T15:22:31.802,asdf,self_20260531_151909,clip_060,2,rest,,2.0993,1025265.0,raspberry_pi_seeed_gsr,"1025265,2.0993"
2026-05-31T15:22:31.824,asdf,self_20260531_151909,clip_060,2,rest,,2.0985,1025286.0,raspberry_pi_seeed_gsr,"1025286,2.0985"
2026-05-31T15:22:31.844,asdf,self_20260531_151909,clip_060,2,rest,,2.0961,1025307.0,raspberry_pi_seeed_gsr,"1025307,2.0961"
2026-05-31T15:22:31.866,asdf,self_20260531_151909,clip_060,2,rest,,2.0977,1025328.0,raspberry_pi_seeed_gsr,"1025328,2.0977"
2026-05-31T15:22:31.887,asdf,self_20260531_151909,clip_060,2,rest,,2.0961,1025349.0,raspberry_pi_seeed_gsr,"1025349,2.0961"
2026-05-31T15:22:31.908,asdf,self_20260531_151909,clip_060,2,rest,,2.0977,1025370.0,raspberry_pi_seeed_gsr,"1025370,2.0977"
2026-05-31T15:22:31.929,asdf,self_20260531_151909,clip_060,2,rest,,2.0969,1025391.0,raspberry_pi_seeed_gsr,"1025391,2.0969"
2026-05-31T15:22:31.950,asdf,self_20260531_151909,clip_060,2,rest,,2.0969,1025412.0,raspberry_pi_seeed_gsr,"1025412,2.0969"
2026-05-31T15:22:31.971,asdf,self_20260531_151909,clip_060,2,rest,,2.0993,1025433.0,raspberry_pi_seeed_gsr,"1025433,2.0993"
2026-05-31T15:22:31.992,asdf,self_20260531_151909,clip_060,2,rest,,2.0888,1025454.0,raspberry_pi_seeed_gsr,"1025454,2.0888"
2026-05-31T15:22:32.040,asdf,self_20260531_151909,clip_060,2,rest,,2.0912,1025475.0,raspberry_pi_seeed_gsr,"1025475,2.0912"
2026-05-31T15:22:32.041,asdf,self_20260531_151909,clip_060,2,rest,,2.0993,1025496.0,raspberry_pi_seeed_gsr,"1025496,2.0993"
2026-05-31T15:22:32.055,asdf,self_20260531_151909,clip_060,2,rest,,2.0977,1025517.0,raspberry_pi_seeed_gsr,"1025517,2.0977"
2026-05-31T15:22:32.076,asdf,self_20260531_151909,clip_060,2,rest,,2.0953,1025538.0,raspberry_pi_seeed_gsr,"1025538,2.0953"
2026-05-31T15:22:32.097,asdf,self_20260531_151909,clip_060,2,rest,,2.0993,1025559.0,raspberry_pi_seeed_gsr,"1025559,2.0993"
2026-05-31T15:22:32.118,asdf,self_20260531_151909,clip_060,2,rest,,2.0912,1025580.0,raspberry_pi_seeed_gsr,"1025580,2.0912"
2026-05-31T15:22:32.138,asdf,self_20260531_151909,clip_060,2,rest,,2.1146,1025601.0,raspberry_pi_seeed_gsr,"1025601,2.1146"
2026-05-31T15:22:32.160,asdf,self_20260531_151909,clip_060,2,rest,,2.0977,1025622.0,raspberry_pi_seeed_gsr,"1025622,2.0977"
2026-05-31T15:22:32.181,asdf,self_20260531_151909,clip_060,2,rest,,2.0961,1025643.0,raspberry_pi_seeed_gsr,"1025643,2.0961"
2026-05-31T15:22:32.202,asdf,self_20260531_151909,clip_060,2,rest,,2.1001,1025664.0,raspberry_pi_seeed_gsr,"1025664,2.1001"
2026-05-31T15:22:32.223,asdf,self_20260531_151909,clip_060,2,rest,,2.0977,1025685.0,raspberry_pi_seeed_gsr,"1025685,2.0977"
2026-05-31T15:22:32.244,asdf,self_20260531_151909,clip_060,2,rest,,2.1001,1025706.0,raspberry_pi_seeed_gsr,"1025706,2.1001"
2026-05-31T15:22:32.289,asdf,self_20260531_151909,clip_060,2,rest,,2.0977,1025727.0,raspberry_pi_seeed_gsr,"1025727,2.0977"
2026-05-31T15:22:32.290,asdf,self_20260531_151909,clip_060,2,rest,,2.1001,1025748.0,raspberry_pi_seeed_gsr,"1025748,2.1001"
2026-05-31T15:22:32.306,asdf,self_20260531_151909,clip_060,2,rest,,2.0985,1025769.0,raspberry_pi_seeed_gsr,"1025769,2.0985"
2026-05-31T15:22:32.328,asdf,self_20260531_151909,clip_060,2,rest,,2.0993,1025790.0,raspberry_pi_seeed_gsr,"1025790,2.0993"
2026-05-31T15:22:32.349,asdf,self_20260531_151909,clip_060,2,rest,,2.0985,1025811.0,raspberry_pi_seeed_gsr,"1025811,2.0985"
2026-05-31T15:22:32.370,asdf,self_20260531_151909,clip_060,2,rest,,2.0961,1025832.0,raspberry_pi_seeed_gsr,"1025832,2.0961"
2026-05-31T15:22:32.391,asdf,self_20260531_151909,clip_060,2,rest,,2.0969,1025853.0,raspberry_pi_seeed_gsr,"1025853,2.0969"
2026-05-31T15:22:32.412,asdf,self_20260531_151909,clip_060,2,rest,,2.0977,1025874.0,raspberry_pi_seeed_gsr,"1025874,2.0977"
2026-05-31T15:22:32.433,asdf,self_20260531_151909,clip_060,2,rest,,2.1041,1025895.0,raspberry_pi_seeed_gsr,"1025895,2.1041"
2026-05-31T15:22:32.454,asdf,self_20260531_151909,clip_060,2,rest,,2.0961,1025916.0,raspberry_pi_seeed_gsr,"1025916,2.0961"
2026-05-31T15:22:32.475,asdf,self_20260531_151909,clip_060,2,rest,,2.0985,1025937.0,raspberry_pi_seeed_gsr,"1025937,2.0985"
2026-05-31T15:22:32.496,asdf,self_20260531_151909,clip_060,2,rest,,2.0969,1025958.0,raspberry_pi_seeed_gsr,"1025958,2.0969"
2026-05-31T15:22:32.539,asdf,self_20260531_151909,clip_060,2,rest,,2.0977,1025979.0,raspberry_pi_seeed_gsr,"1025979,2.0977"
2026-05-31T15:22:32.540,asdf,self_20260531_151909,clip_060,2,rest,,2.1001,1026000.0,raspberry_pi_seeed_gsr,"1026000,2.1001"
2026-05-31T15:22:32.558,asdf,self_20260531_151909,clip_060,2,rest,,2.1001,1026021.0,raspberry_pi_seeed_gsr,"1026021,2.1001"
2026-05-31T15:22:32.579,asdf,self_20260531_151909,clip_060,2,rest,,2.0928,1026042.0,raspberry_pi_seeed_gsr,"1026042,2.0928"
2026-05-31T15:22:32.600,asdf,self_20260531_151909,clip_060,2,rest,,2.0969,1026063.0,raspberry_pi_seeed_gsr,"1026063,2.0969"
2026-05-31T15:22:32.621,asdf,self_20260531_151909,clip_060,2,rest,,2.1001,1026084.0,raspberry_pi_seeed_gsr,"1026084,2.1001"
2026-05-31T15:22:32.642,asdf,self_20260531_151909,clip_060,2,rest,,2.0985,1026105.0,raspberry_pi_seeed_gsr,"1026105,2.0985"
2026-05-31T15:22:32.663,asdf,self_20260531_151909,clip_060,2,rest,,2.0993,1026126.0,raspberry_pi_seeed_gsr,"1026126,2.0993"
2026-05-31T15:22:32.685,asdf,self_20260531_151909,clip_060,2,rest,,2.0985,1026147.0,raspberry_pi_seeed_gsr,"1026147,2.0985"
2026-05-31T15:22:32.706,asdf,self_20260531_151909,clip_060,2,rest,,2.1017,1026168.0,raspberry_pi_seeed_gsr,"1026168,2.1017"
2026-05-31T15:22:32.727,asdf,self_20260531_151909,clip_060,2,rest,,2.0937,1026189.0,raspberry_pi_seeed_gsr,"1026189,2.0937"
2026-05-31T15:22:32.748,asdf,self_20260531_151909,clip_060,2,rest,,2.1001,1026210.0,raspberry_pi_seeed_gsr,"1026210,2.1001"
2026-05-31T15:22:32.790,asdf,self_20260531_151909,clip_060,2,rest,,2.0985,1026231.0,raspberry_pi_seeed_gsr,"1026231,2.0985"
2026-05-31T15:22:32.790,asdf,self_20260531_151909,clip_060,2,rest,,2.0848,1026252.0,raspberry_pi_seeed_gsr,"1026252,2.0848"
2026-05-31T15:22:32.811,asdf,self_20260531_151909,clip_060,2,rest,,2.0985,1026273.0,raspberry_pi_seeed_gsr,"1026273,2.0985"
2026-05-31T15:22:32.832,asdf,self_20260531_151909,clip_060,2,rest,,2.0993,1026294.0,raspberry_pi_seeed_gsr,"1026294,2.0993"
2026-05-31T15:22:32.852,asdf,self_20260531_151909,clip_060,2,rest,,2.1001,1026315.0,raspberry_pi_seeed_gsr,"1026315,2.1001"
2026-05-31T15:22:32.874,asdf,self_20260531_151909,clip_060,2,rest,,2.0985,1026336.0,raspberry_pi_seeed_gsr,"1026336,2.0985"
2026-05-31T15:22:32.895,asdf,self_20260531_151909,clip_060,2,rest,,2.0977,1026357.0,raspberry_pi_seeed_gsr,"1026357,2.0977"
2026-05-31T15:22:32.916,asdf,self_20260531_151909,clip_060,2,rest,,2.0969,1026378.0,raspberry_pi_seeed_gsr,"1026378,2.0969"
2026-05-31T15:22:32.937,asdf,self_20260531_151909,clip_060,2,rest,,2.0977,1026399.0,raspberry_pi_seeed_gsr,"1026399,2.0977"
2026-05-31T15:22:32.958,asdf,self_20260531_151909,clip_060,2,rest,,2.1041,1026420.0,raspberry_pi_seeed_gsr,"1026420,2.1041"
2026-05-31T15:22:32.979,asdf,self_20260531_151909,clip_060,2,rest,,2.0912,1026441.0,raspberry_pi_seeed_gsr,"1026441,2.0912"
2026-05-31T15:22:33.000,asdf,self_20260531_151909,clip_060,2,rest,,2.1033,1026462.0,raspberry_pi_seeed_gsr,"1026462,2.1033"
2026-05-31T15:22:33.045,asdf,self_20260531_151909,clip_060,2,rest,,2.0969,1026483.0,raspberry_pi_seeed_gsr,"1026483,2.0969"
2026-05-31T15:22:33.046,asdf,self_20260531_151909,clip_060,2,rest,,2.0977,1026504.0,raspberry_pi_seeed_gsr,"1026504,2.0977"
2026-05-31T15:22:33.063,asdf,self_20260531_151909,clip_060,2,rest,,2.0993,1026525.0,raspberry_pi_seeed_gsr,"1026525,2.0993"
2026-05-31T15:22:33.083,asdf,self_20260531_151909,clip_060,2,rest,,2.1049,1026546.0,raspberry_pi_seeed_gsr,"1026546,2.1049"
2026-05-31T15:22:33.105,asdf,self_20260531_151909,clip_060,2,rest,,2.0993,1026567.0,raspberry_pi_seeed_gsr,"1026567,2.0993"
2026-05-31T15:22:33.126,asdf,self_20260531_151909,clip_060,2,rest,,2.0985,1026588.0,raspberry_pi_seeed_gsr,"1026588,2.0985"
2026-05-31T15:22:33.147,asdf,self_20260531_151909,clip_060,2,rest,,2.1251,1026609.0,raspberry_pi_seeed_gsr,"1026609,2.1251"
2026-05-31T15:22:33.167,asdf,self_20260531_151909,clip_060,2,rest,,2.1057,1026630.0,raspberry_pi_seeed_gsr,"1026630,2.1057"
2026-05-31T15:22:33.189,asdf,self_20260531_151909,clip_060,2,rest,,2.1025,1026651.0,raspberry_pi_seeed_gsr,"1026651,2.1025"
2026-05-31T15:22:33.210,asdf,self_20260531_151909,clip_060,2,rest,,2.0985,1026672.0,raspberry_pi_seeed_gsr,"1026672,2.0985"
2026-05-31T15:22:33.231,asdf,self_20260531_151909,clip_060,2,rest,,2.0993,1026693.0,raspberry_pi_seeed_gsr,"1026693,2.0993"
2026-05-31T15:22:33.252,asdf,self_20260531_151909,clip_060,2,rest,,2.0977,1026714.0,raspberry_pi_seeed_gsr,"1026714,2.0977"
2026-05-31T15:22:33.297,asdf,self_20260531_151909,clip_060,2,rest,,2.0993,1026735.0,raspberry_pi_seeed_gsr,"1026735,2.0993"
2026-05-31T15:22:33.298,asdf,self_20260531_151909,clip_060,2,rest,,2.1041,1026756.0,raspberry_pi_seeed_gsr,"1026756,2.1041"
2026-05-31T15:22:33.315,asdf,self_20260531_151909,clip_060,2,rest,,2.0993,1026777.0,raspberry_pi_seeed_gsr,"1026777,2.0993"
2026-05-31T15:22:33.335,asdf,self_20260531_151909,clip_060,2,rest,,2.0985,1026798.0,raspberry_pi_seeed_gsr,"1026798,2.0985"
2026-05-31T15:22:33.357,asdf,self_20260531_151909,clip_060,2,rest,,2.1001,1026819.0,raspberry_pi_seeed_gsr,"1026819,2.1001"
2026-05-31T15:22:33.378,asdf,self_20260531_151909,clip_060,2,rest,,2.1041,1026840.0,raspberry_pi_seeed_gsr,"1026840,2.1041"
2026-05-31T15:22:33.399,asdf,self_20260531_151909,clip_060,2,rest,,2.1033,1026861.0,raspberry_pi_seeed_gsr,"1026861,2.1033"
2026-05-31T15:22:33.419,asdf,self_20260531_151909,clip_060,2,rest,,2.0977,1026882.0,raspberry_pi_seeed_gsr,"1026882,2.0977"
2026-05-31T15:22:33.441,asdf,self_20260531_151909,clip_060,2,rest,,2.0985,1026903.0,raspberry_pi_seeed_gsr,"1026903,2.0985"
2026-05-31T15:22:33.462,asdf,self_20260531_151909,clip_060,2,rest,,2.0953,1026924.0,raspberry_pi_seeed_gsr,"1026924,2.0953"
2026-05-31T15:22:33.483,asdf,self_20260531_151909,clip_060,2,rest,,2.0993,1026945.0,raspberry_pi_seeed_gsr,"1026945,2.0993"
2026-05-31T15:22:33.504,asdf,self_20260531_151909,clip_060,2,rest,,2.1001,1026966.0,raspberry_pi_seeed_gsr,"1026966,2.1001"
2026-05-31T15:22:33.544,asdf,self_20260531_151909,clip_060,2,rest,,2.1041,1026987.0,raspberry_pi_seeed_gsr,"1026987,2.1041"
2026-05-31T15:22:33.545,asdf,self_20260531_151909,clip_060,2,rest,,2.0961,1027008.0,raspberry_pi_seeed_gsr,"1027008,2.0961"
2026-05-31T15:22:33.566,asdf,self_20260531_151909,clip_060,2,rest,,2.1001,1027029.0,raspberry_pi_seeed_gsr,"1027029,2.1001"
2026-05-31T15:22:33.588,asdf,self_20260531_151909,clip_060,2,rest,,2.0977,1027050.0,raspberry_pi_seeed_gsr,"1027050,2.0977"
2026-05-31T15:22:33.609,asdf,self_20260531_151909,clip_060,2,rest,,2.1017,1027071.0,raspberry_pi_seeed_gsr,"1027071,2.1017"
2026-05-31T15:22:33.629,asdf,self_20260531_151909,clip_060,2,rest,,2.1001,1027092.0,raspberry_pi_seeed_gsr,"1027092,2.1001"
2026-05-31T15:22:33.650,asdf,self_20260531_151909,clip_060,2,rest,,2.0977,1027113.0,raspberry_pi_seeed_gsr,"1027113,2.0977"
2026-05-31T15:22:33.672,asdf,self_20260531_151909,clip_060,2,rest,,2.0945,1027134.0,raspberry_pi_seeed_gsr,"1027134,2.0945"
2026-05-31T15:22:33.693,asdf,self_20260531_151909,clip_060,2,rest,,2.0969,1027155.0,raspberry_pi_seeed_gsr,"1027155,2.0969"
2026-05-31T15:22:33.714,asdf,self_20260531_151909,clip_060,2,rest,,2.0993,1027176.0,raspberry_pi_seeed_gsr,"1027176,2.0993"
2026-05-31T15:22:33.735,asdf,self_20260531_151909,clip_060,2,rest,,2.0953,1027197.0,raspberry_pi_seeed_gsr,"1027197,2.0953"
2026-05-31T15:22:33.756,asdf,self_20260531_151909,clip_060,2,rest,,2.1025,1027218.0,raspberry_pi_seeed_gsr,"1027218,2.1025"
2026-05-31T15:22:33.800,asdf,self_20260531_151909,clip_060,2,rest,,2.0993,1027239.0,raspberry_pi_seeed_gsr,"1027239,2.0993"
2026-05-31T15:22:33.801,asdf,self_20260531_151909,clip_060,2,rest,,2.0928,1027260.0,raspberry_pi_seeed_gsr,"1027260,2.0928"
2026-05-31T15:22:33.819,asdf,self_20260531_151909,clip_060,2,rest,,2.0985,1027281.0,raspberry_pi_seeed_gsr,"1027281,2.0985"
2026-05-31T15:22:33.839,asdf,self_20260531_151909,clip_060,2,rest,,2.0985,1027302.0,raspberry_pi_seeed_gsr,"1027302,2.0985"
2026-05-31T15:22:33.861,asdf,self_20260531_151909,clip_060,2,rest,,2.084,1027323.0,raspberry_pi_seeed_gsr,"1027323,2.0840"
2026-05-31T15:22:33.881,asdf,self_20260531_151909,clip_060,2,rest,,2.084,1027344.0,raspberry_pi_seeed_gsr,"1027344,2.0840"
2026-05-31T15:22:33.903,asdf,self_20260531_151909,clip_060,2,rest,,2.1017,1027365.0,raspberry_pi_seeed_gsr,"1027365,2.1017"
2026-05-31T15:22:33.924,asdf,self_20260531_151909,clip_060,2,rest,,2.0961,1027386.0,raspberry_pi_seeed_gsr,"1027386,2.0961"
2026-05-31T15:22:33.944,asdf,self_20260531_151909,clip_060,2,rest,,2.0969,1027407.0,raspberry_pi_seeed_gsr,"1027407,2.0969"
2026-05-31T15:22:33.966,asdf,self_20260531_151909,clip_060,2,rest,,2.1009,1027428.0,raspberry_pi_seeed_gsr,"1027428,2.1009"
2026-05-31T15:22:33.987,asdf,self_20260531_151909,clip_060,2,rest,,2.1057,1027449.0,raspberry_pi_seeed_gsr,"1027449,2.1057"
2026-05-31T15:22:34.008,asdf,self_20260531_151909,clip_060,2,rest,,2.0961,1027470.0,raspberry_pi_seeed_gsr,"1027470,2.0961"
2026-05-31T15:22:34.029,asdf,self_20260531_151909,clip_060,2,rest,,2.0953,1027491.0,raspberry_pi_seeed_gsr,"1027491,2.0953"
2026-05-31T15:22:34.070,asdf,self_20260531_151909,clip_060,2,rest,,2.0993,1027512.0,raspberry_pi_seeed_gsr,"1027512,2.0993"
2026-05-31T15:22:34.072,asdf,self_20260531_151909,clip_060,2,rest,,2.1057,1027533.0,raspberry_pi_seeed_gsr,"1027533,2.1057"
2026-05-31T15:22:34.091,asdf,self_20260531_151909,clip_060,2,rest,,2.0985,1027554.0,raspberry_pi_seeed_gsr,"1027554,2.0985"
2026-05-31T15:22:34.113,asdf,self_20260531_151909,clip_060,2,rest,,2.1017,1027575.0,raspberry_pi_seeed_gsr,"1027575,2.1017"
2026-05-31T15:22:34.134,asdf,self_20260531_151909,clip_060,2,rest,,2.0993,1027596.0,raspberry_pi_seeed_gsr,"1027596,2.0993"
2026-05-31T15:22:34.155,asdf,self_20260531_151909,clip_060,2,rest,,2.0969,1027617.0,raspberry_pi_seeed_gsr,"1027617,2.0969"
2026-05-31T15:22:34.176,asdf,self_20260531_151909,clip_060,2,rest,,2.0928,1027638.0,raspberry_pi_seeed_gsr,"1027638,2.0928"
2026-05-31T15:22:34.197,asdf,self_20260531_151909,clip_060,2,rest,,2.1073,1027659.0,raspberry_pi_seeed_gsr,"1027659,2.1073"
2026-05-31T15:22:34.218,asdf,self_20260531_151909,clip_060,2,rest,,2.0937,1027680.0,raspberry_pi_seeed_gsr,"1027680,2.0937"
2026-05-31T15:22:34.239,asdf,self_20260531_151909,clip_060,2,rest,,2.1186,1027701.0,raspberry_pi_seeed_gsr,"1027701,2.1186"
2026-05-31T15:22:34.260,asdf,self_20260531_151909,clip_060,2,rest,,2.1001,1027722.0,raspberry_pi_seeed_gsr,"1027722,2.1001"
2026-05-31T15:22:34.281,asdf,self_20260531_151909,clip_060,2,rest,,2.0912,1027743.0,raspberry_pi_seeed_gsr,"1027743,2.0912"
2026-05-31T15:22:34.322,asdf,self_20260531_151909,clip_060,2,rest,,2.0993,1027764.0,raspberry_pi_seeed_gsr,"1027764,2.0993"
2026-05-31T15:22:34.323,asdf,self_20260531_151909,clip_060,2,rest,,2.0937,1027785.0,raspberry_pi_seeed_gsr,"1027785,2.0937"
2026-05-31T15:22:34.343,asdf,self_20260531_151909,clip_060,2,rest,,2.0912,1027806.0,raspberry_pi_seeed_gsr,"1027806,2.0912"
2026-05-31T15:22:34.365,asdf,self_20260531_151909,clip_060,2,rest,,2.0993,1027827.0,raspberry_pi_seeed_gsr,"1027827,2.0993"
2026-05-31T15:22:34.385,asdf,self_20260531_151909,clip_060,2,rest,,2.0985,1027848.0,raspberry_pi_seeed_gsr,"1027848,2.0985"
2026-05-31T15:22:34.407,asdf,self_20260531_151909,clip_060,2,rest,,2.1049,1027869.0,raspberry_pi_seeed_gsr,"1027869,2.1049"
2026-05-31T15:22:34.427,asdf,self_20260531_151909,clip_060,2,rest,,2.0719,1027890.0,raspberry_pi_seeed_gsr,"1027890,2.0719"
2026-05-31T15:22:34.449,asdf,self_20260531_151909,clip_060,2,rest,,2.0937,1027911.0,raspberry_pi_seeed_gsr,"1027911,2.0937"
2026-05-31T15:22:34.470,asdf,self_20260531_151909,clip_060,2,rest,,2.092,1027932.0,raspberry_pi_seeed_gsr,"1027932,2.0920"
2026-05-31T15:22:34.491,asdf,self_20260531_151909,clip_060,2,rest,,2.0977,1027953.0,raspberry_pi_seeed_gsr,"1027953,2.0977"
2026-05-31T15:22:34.512,asdf,self_20260531_151909,clip_060,2,rest,,2.0928,1027974.0,raspberry_pi_seeed_gsr,"1027974,2.0928"
2026-05-31T15:22:34.533,asdf,self_20260531_151909,clip_060,2,rest,,2.0977,1027995.0,raspberry_pi_seeed_gsr,"1027995,2.0977"
2026-05-31T15:22:34.570,asdf,self_20260531_151909,clip_060,2,rest,,2.0904,1028016.0,raspberry_pi_seeed_gsr,"1028016,2.0904"
2026-05-31T15:22:34.575,asdf,self_20260531_151909,clip_060,2,rest,,2.1009,1028037.0,raspberry_pi_seeed_gsr,"1028037,2.1009"
2026-05-31T15:22:34.595,asdf,self_20260531_151909,clip_060,2,rest,,2.0985,1028058.0,raspberry_pi_seeed_gsr,"1028058,2.0985"
2026-05-31T15:22:34.617,asdf,self_20260531_151909,clip_060,2,rest,,2.1041,1028079.0,raspberry_pi_seeed_gsr,"1028079,2.1041"
2026-05-31T15:22:34.637,asdf,self_20260531_151909,clip_060,2,rest,,2.0904,1028100.0,raspberry_pi_seeed_gsr,"1028100,2.0904"
2026-05-31T15:22:34.659,asdf,self_20260531_151909,clip_060,2,rest,,2.0977,1028121.0,raspberry_pi_seeed_gsr,"1028121,2.0977"
2026-05-31T15:22:34.680,asdf,self_20260531_151909,clip_060,2,rest,,2.0969,1028142.0,raspberry_pi_seeed_gsr,"1028142,2.0969"
2026-05-31T15:22:34.701,asdf,self_20260531_151909,clip_060,2,rest,,2.0993,1028163.0,raspberry_pi_seeed_gsr,"1028163,2.0993"
2026-05-31T15:22:34.722,asdf,self_20260531_151909,clip_060,2,rest,,2.0953,1028184.0,raspberry_pi_seeed_gsr,"1028184,2.0953"
2026-05-31T15:22:34.743,asdf,self_20260531_151909,clip_060,2,rest,,2.1057,1028205.0,raspberry_pi_seeed_gsr,"1028205,2.1057"
2026-05-31T15:22:34.764,asdf,self_20260531_151909,clip_060,2,rest,,2.0937,1028226.0,raspberry_pi_seeed_gsr,"1028226,2.0937"
2026-05-31T15:22:34.784,asdf,self_20260531_151909,clip_060,2,rest,,2.1001,1028247.0,raspberry_pi_seeed_gsr,"1028247,2.1001"
2026-05-31T15:22:34.826,asdf,self_20260531_151909,clip_060,2,rest,,2.1001,1028268.0,raspberry_pi_seeed_gsr,"1028268,2.1001"
2026-05-31T15:22:34.827,asdf,self_20260531_151909,clip_060,2,rest,,2.0993,1028289.0,raspberry_pi_seeed_gsr,"1028289,2.0993"
2026-05-31T15:22:34.847,asdf,self_20260531_151909,clip_060,2,rest,,2.0848,1028310.0,raspberry_pi_seeed_gsr,"1028310,2.0848"
2026-05-31T15:22:34.869,asdf,self_20260531_151909,clip_060,2,rest,,2.1025,1028331.0,raspberry_pi_seeed_gsr,"1028331,2.1025"
2026-05-31T15:22:34.890,asdf,self_20260531_151909,clip_060,2,rest,,2.092,1028352.0,raspberry_pi_seeed_gsr,"1028352,2.0920"
2026-05-31T15:22:34.910,asdf,self_20260531_151909,clip_060,2,rest,,2.0977,1028373.0,raspberry_pi_seeed_gsr,"1028373,2.0977"
2026-05-31T15:22:34.932,asdf,self_20260531_151909,clip_060,2,rest,,2.0969,1028394.0,raspberry_pi_seeed_gsr,"1028394,2.0969"
2026-05-31T15:22:34.953,asdf,self_20260531_151909,clip_060,2,rest,,2.0985,1028415.0,raspberry_pi_seeed_gsr,"1028415,2.0985"
2026-05-31T15:22:34.974,asdf,self_20260531_151909,clip_060,2,rest,,2.0985,1028436.0,raspberry_pi_seeed_gsr,"1028436,2.0985"
2026-05-31T15:22:34.995,asdf,self_20260531_151909,clip_060,2,rest,,2.092,1028457.0,raspberry_pi_seeed_gsr,"1028457,2.0920"
2026-05-31T15:22:35.016,asdf,self_20260531_151909,clip_060,2,rest,,2.0961,1028478.0,raspberry_pi_seeed_gsr,"1028478,2.0961"
2026-05-31T15:22:35.037,asdf,self_20260531_151909,clip_060,2,rest,,2.0993,1028499.0,raspberry_pi_seeed_gsr,"1028499,2.0993"
2026-05-31T15:22:35.077,asdf,self_20260531_151909,clip_060,2,rest,,2.0993,1028520.0,raspberry_pi_seeed_gsr,"1028520,2.0993"
2026-05-31T15:22:35.079,asdf,self_20260531_151909,clip_060,2,rest,,2.0993,1028541.0,raspberry_pi_seeed_gsr,"1028541,2.0993"
2026-05-31T15:22:35.100,asdf,self_20260531_151909,clip_060,2,rest,,2.1082,1028562.0,raspberry_pi_seeed_gsr,"1028562,2.1082"
2026-05-31T15:22:35.121,asdf,self_20260531_151909,clip_060,2,rest,,2.0985,1028583.0,raspberry_pi_seeed_gsr,"1028583,2.0985"
2026-05-31T15:22:35.141,asdf,self_20260531_151909,clip_060,2,rest,,2.0961,1028604.0,raspberry_pi_seeed_gsr,"1028604,2.0961"
2026-05-31T15:22:35.162,asdf,self_20260531_151909,clip_060,2,rest,,2.092,1028625.0,raspberry_pi_seeed_gsr,"1028625,2.0920"
2026-05-31T15:22:35.184,asdf,self_20260531_151909,clip_060,2,rest,,2.0937,1028646.0,raspberry_pi_seeed_gsr,"1028646,2.0937"
2026-05-31T15:22:35.205,asdf,self_20260531_151909,clip_060,2,rest,,2.1033,1028667.0,raspberry_pi_seeed_gsr,"1028667,2.1033"
2026-05-31T15:22:35.226,asdf,self_20260531_151909,clip_060,2,rest,,2.0961,1028688.0,raspberry_pi_seeed_gsr,"1028688,2.0961"
2026-05-31T15:22:35.247,asdf,self_20260531_151909,clip_060,2,rest,,2.0977,1028709.0,raspberry_pi_seeed_gsr,"1028709,2.0977"
2026-05-31T15:22:35.268,asdf,self_20260531_151909,clip_060,2,rest,,2.0993,1028730.0,raspberry_pi_seeed_gsr,"1028730,2.0993"
2026-05-31T15:22:35.289,asdf,self_20260531_151909,clip_060,2,rest,,2.0937,1028751.0,raspberry_pi_seeed_gsr,"1028751,2.0937"
2026-05-31T15:22:35.335,asdf,self_20260531_151909,clip_060,2,rest,,2.0961,1028772.0,raspberry_pi_seeed_gsr,"1028772,2.0961"
2026-05-31T15:22:35.336,asdf,self_20260531_151909,clip_060,2,rest,,2.0824,1028793.0,raspberry_pi_seeed_gsr,"1028793,2.0824"
2026-05-31T15:22:35.352,asdf,self_20260531_151909,clip_060,2,rest,,2.109,1028814.0,raspberry_pi_seeed_gsr,"1028814,2.1090"
2026-05-31T15:22:35.373,asdf,self_20260531_151909,clip_060,2,rest,,2.0985,1028835.0,raspberry_pi_seeed_gsr,"1028835,2.0985"
2026-05-31T15:22:35.394,asdf,self_20260531_151909,clip_060,2,rest,,2.0993,1028856.0,raspberry_pi_seeed_gsr,"1028856,2.0993"
2026-05-31T15:22:35.415,asdf,self_20260531_151909,clip_060,2,rest,,2.0937,1028877.0,raspberry_pi_seeed_gsr,"1028877,2.0937"
2026-05-31T15:22:35.436,asdf,self_20260531_151909,clip_060,2,rest,,2.0945,1028898.0,raspberry_pi_seeed_gsr,"1028898,2.0945"
2026-05-31T15:22:35.457,asdf,self_20260531_151909,clip_060,2,rest,,2.1041,1028919.0,raspberry_pi_seeed_gsr,"1028919,2.1041"
2026-05-31T15:22:35.478,asdf,self_20260531_151909,clip_060,2,rest,,2.0864,1028940.0,raspberry_pi_seeed_gsr,"1028940,2.0864"
2026-05-31T15:22:35.499,asdf,self_20260531_151909,clip_060,2,rest,,2.0985,1028961.0,raspberry_pi_seeed_gsr,"1028961,2.0985"
2026-05-31T15:22:35.520,asdf,self_20260531_151909,clip_060,2,rest,,2.0912,1028982.0,raspberry_pi_seeed_gsr,"1028982,2.0912"
2026-05-31T15:22:35.541,asdf,self_20260531_151909,clip_060,2,rest,,2.0993,1029003.0,raspberry_pi_seeed_gsr,"1029003,2.0993"
2026-05-31T15:22:35.584,asdf,self_20260531_151909,clip_060,2,rest,,2.1033,1029024.0,raspberry_pi_seeed_gsr,"1029024,2.1033"
2026-05-31T15:22:35.585,asdf,self_20260531_151909,clip_060,2,rest,,2.0985,1029045.0,raspberry_pi_seeed_gsr,"1029045,2.0985"
2026-05-31T15:22:35.603,asdf,self_20260531_151909,clip_060,2,rest,,2.1057,1029066.0,raspberry_pi_seeed_gsr,"1029066,2.1057"
2026-05-31T15:22:35.625,asdf,self_20260531_151909,clip_060,2,rest,,2.092,1029087.0,raspberry_pi_seeed_gsr,"1029087,2.0920"
2026-05-31T15:22:35.646,asdf,self_20260531_151909,clip_060,2,rest,,2.0953,1029108.0,raspberry_pi_seeed_gsr,"1029108,2.0953"
2026-05-31T15:22:35.667,asdf,self_20260531_151909,clip_060,2,rest,,2.0977,1029129.0,raspberry_pi_seeed_gsr,"1029129,2.0977"
2026-05-31T15:22:35.688,asdf,self_20260531_151909,clip_060,2,rest,,2.1033,1029150.0,raspberry_pi_seeed_gsr,"1029150,2.1033"
2026-05-31T15:22:35.709,asdf,self_20260531_151909,clip_060,2,rest,,2.0993,1029171.0,raspberry_pi_seeed_gsr,"1029171,2.0993"
2026-05-31T15:22:35.730,asdf,self_20260531_151909,clip_060,2,rest,,2.1033,1029192.0,raspberry_pi_seeed_gsr,"1029192,2.1033"
2026-05-31T15:22:35.751,asdf,self_20260531_151909,clip_060,2,rest,,2.1001,1029213.0,raspberry_pi_seeed_gsr,"1029213,2.1001"
2026-05-31T15:22:35.772,asdf,self_20260531_151909,clip_060,2,rest,,2.0961,1029234.0,raspberry_pi_seeed_gsr,"1029234,2.0961"
2026-05-31T15:22:35.793,asdf,self_20260531_151909,clip_060,2,rest,,2.1057,1029255.0,raspberry_pi_seeed_gsr,"1029255,2.1057"
2026-05-31T15:22:35.827,asdf,self_20260531_151909,clip_060,2,rest,,2.0985,1029276.0,raspberry_pi_seeed_gsr,"1029276,2.0985"
2026-05-31T15:22:35.835,asdf,self_20260531_151909,clip_060,2,rest,,2.0888,1029297.0,raspberry_pi_seeed_gsr,"1029297,2.0888"
2026-05-31T15:22:35.856,asdf,self_20260531_151909,clip_060,2,rest,,2.0961,1029318.0,raspberry_pi_seeed_gsr,"1029318,2.0961"
2026-05-31T15:22:35.877,asdf,self_20260531_151909,clip_060,2,rest,,2.0993,1029339.0,raspberry_pi_seeed_gsr,"1029339,2.0993"
2026-05-31T15:22:35.898,asdf,self_20260531_151909,clip_060,2,rest,,2.0969,1029360.0,raspberry_pi_seeed_gsr,"1029360,2.0969"
2026-05-31T15:22:35.918,asdf,self_20260531_151909,clip_060,2,rest,,2.0961,1029381.0,raspberry_pi_seeed_gsr,"1029381,2.0961"
2026-05-31T15:22:35.940,asdf,self_20260531_151909,clip_060,2,rest,,2.1001,1029402.0,raspberry_pi_seeed_gsr,"1029402,2.1001"
2026-05-31T15:22:35.961,asdf,self_20260531_151909,clip_060,2,rest,,2.1057,1029423.0,raspberry_pi_seeed_gsr,"1029423,2.1057"
2026-05-31T15:22:35.982,asdf,self_20260531_151909,clip_060,2,rest,,2.0961,1029444.0,raspberry_pi_seeed_gsr,"1029444,2.0961"
2026-05-31T15:22:36.003,asdf,self_20260531_151909,clip_060,2,rest,,2.1033,1029465.0,raspberry_pi_seeed_gsr,"1029465,2.1033"
2026-05-31T15:22:36.024,asdf,self_20260531_151909,clip_060,2,rest,,2.0993,1029486.0,raspberry_pi_seeed_gsr,"1029486,2.0993"
2026-05-31T15:22:36.045,asdf,self_20260531_151909,clip_060,2,rest,,2.1001,1029507.0,raspberry_pi_seeed_gsr,"1029507,2.1001"
2026-05-31T15:22:36.086,asdf,self_20260531_151909,clip_060,2,rest,,2.0985,1029528.0,raspberry_pi_seeed_gsr,"1029528,2.0985"
2026-05-31T15:22:36.088,asdf,self_20260531_151909,clip_060,2,rest,,2.0977,1029549.0,raspberry_pi_seeed_gsr,"1029549,2.0977"
2026-05-31T15:22:36.108,asdf,self_20260531_151909,clip_060,2,rest,,2.0985,1029570.0,raspberry_pi_seeed_gsr,"1029570,2.0985"
2026-05-31T15:22:36.128,asdf,self_20260531_151909,clip_060,2,rest,,2.0985,1029591.0,raspberry_pi_seeed_gsr,"1029591,2.0985"
2026-05-31T15:22:36.150,asdf,self_20260531_151909,clip_060,2,rest,,2.0953,1029612.0,raspberry_pi_seeed_gsr,"1029612,2.0953"
2026-05-31T15:22:36.171,asdf,self_20260531_151909,clip_060,2,rest,,2.0993,1029633.0,raspberry_pi_seeed_gsr,"1029633,2.0993"
2026-05-31T15:22:36.191,asdf,self_20260531_151909,clip_060,2,rest,,2.0977,1029654.0,raspberry_pi_seeed_gsr,"1029654,2.0977"
2026-05-31T15:22:36.213,asdf,self_20260531_151909,clip_060,2,rest,,2.0985,1029675.0,raspberry_pi_seeed_gsr,"1029675,2.0985"
2026-05-31T15:22:36.234,asdf,self_20260531_151909,clip_060,2,rest,,2.0993,1029696.0,raspberry_pi_seeed_gsr,"1029696,2.0993"
2026-05-31T15:22:36.255,asdf,self_20260531_151909,clip_060,2,rest,,2.092,1029717.0,raspberry_pi_seeed_gsr,"1029717,2.0920"
2026-05-31T15:22:36.276,asdf,self_20260531_151909,clip_060,2,rest,,2.0977,1029738.0,raspberry_pi_seeed_gsr,"1029738,2.0977"
2026-05-31T15:22:36.297,asdf,self_20260531_151909,clip_060,2,rest,,2.0977,1029759.0,raspberry_pi_seeed_gsr,"1029759,2.0977"
2026-05-31T15:22:36.340,asdf,self_20260531_151909,clip_060,2,rest,,2.0993,1029780.0,raspberry_pi_seeed_gsr,"1029780,2.0993"
2026-05-31T15:22:36.341,asdf,self_20260531_151909,clip_060,2,rest,,2.0961,1029801.0,raspberry_pi_seeed_gsr,"1029801,2.0961"
2026-05-31T15:22:36.360,asdf,self_20260531_151909,clip_060,2,rest,,2.1049,1029822.0,raspberry_pi_seeed_gsr,"1029822,2.1049"
2026-05-31T15:22:36.381,asdf,self_20260531_151909,clip_060,2,rest,,2.1001,1029843.0,raspberry_pi_seeed_gsr,"1029843,2.1001"
2026-05-31T15:22:36.402,asdf,self_20260531_151909,clip_060,2,rest,,2.113,1029864.0,raspberry_pi_seeed_gsr,"1029864,2.1130"
2026-05-31T15:22:36.423,asdf,self_20260531_151909,clip_060,2,rest,,2.0993,1029885.0,raspberry_pi_seeed_gsr,"1029885,2.0993"
2026-05-31T15:22:36.444,asdf,self_20260531_151909,clip_060,2,rest,,2.1025,1029906.0,raspberry_pi_seeed_gsr,"1029906,2.1025"
2026-05-31T15:22:36.465,asdf,self_20260531_151909,clip_060,2,rest,,2.0912,1029927.0,raspberry_pi_seeed_gsr,"1029927,2.0912"
2026-05-31T15:22:36.486,asdf,self_20260531_151909,clip_060,2,rest,,2.0985,1029948.0,raspberry_pi_seeed_gsr,"1029948,2.0985"
2026-05-31T15:22:36.507,asdf,self_20260531_151909,clip_060,2,rest,,2.1114,1029969.0,raspberry_pi_seeed_gsr,"1029969,2.1114"
2026-05-31T15:22:36.528,asdf,self_20260531_151909,clip_060,2,rest,,2.1001,1029990.0,raspberry_pi_seeed_gsr,"1029990,2.1001"
2026-05-31T15:22:36.549,asdf,self_20260531_151909,clip_060,2,rest,,2.0977,1030011.0,raspberry_pi_seeed_gsr,"1030011,2.0977"
2026-05-31T15:22:36.589,asdf,self_20260531_151909,clip_060,2,rest,,2.0977,1030032.0,raspberry_pi_seeed_gsr,"1030032,2.0977"
2026-05-31T15:22:36.591,asdf,self_20260531_151909,clip_060,2,rest,,2.0977,1030053.0,raspberry_pi_seeed_gsr,"1030053,2.0977"
2026-05-31T15:22:36.611,asdf,self_20260531_151909,clip_060,2,rest,,2.0977,1030074.0,raspberry_pi_seeed_gsr,"1030074,2.0977"
2026-05-31T15:22:36.633,asdf,self_20260531_151909,clip_060,2,rest,,2.1025,1030095.0,raspberry_pi_seeed_gsr,"1030095,2.1025"
2026-05-31T15:22:36.654,asdf,self_20260531_151909,clip_060,2,rest,,2.1025,1030116.0,raspberry_pi_seeed_gsr,"1030116,2.1025"
2026-05-31T15:22:36.675,asdf,self_20260531_151909,clip_060,2,rest,,2.0985,1030137.0,raspberry_pi_seeed_gsr,"1030137,2.0985"
2026-05-31T15:22:36.696,asdf,self_20260531_151909,clip_060,2,rest,,2.0985,1030158.0,raspberry_pi_seeed_gsr,"1030158,2.0985"
2026-05-31T15:22:36.717,asdf,self_20260531_151909,clip_060,2,rest,,2.0953,1030179.0,raspberry_pi_seeed_gsr,"1030179,2.0953"
2026-05-31T15:22:36.738,asdf,self_20260531_151909,clip_060,2,rest,,2.0888,1030200.0,raspberry_pi_seeed_gsr,"1030200,2.0888"
2026-05-31T15:22:36.758,asdf,self_20260531_151909,clip_060,2,rest,,2.0993,1030221.0,raspberry_pi_seeed_gsr,"1030221,2.0993"
2026-05-31T15:22:36.780,asdf,self_20260531_151909,clip_060,2,rest,,2.0993,1030242.0,raspberry_pi_seeed_gsr,"1030242,2.0993"
2026-05-31T15:22:36.801,asdf,self_20260531_151909,clip_060,2,rest,,2.0912,1030263.0,raspberry_pi_seeed_gsr,"1030263,2.0912"
2026-05-31T15:22:36.833,asdf,self_20260531_151909,clip_060,2,rest,,2.0977,1030284.0,raspberry_pi_seeed_gsr,"1030284,2.0977"
2026-05-31T15:22:36.843,asdf,self_20260531_151909,clip_060,2,rest,,2.0912,1030305.0,raspberry_pi_seeed_gsr,"1030305,2.0912"
2026-05-31T15:22:36.864,asdf,self_20260531_151909,clip_060,2,rest,,2.0735,1030326.0,raspberry_pi_seeed_gsr,"1030326,2.0735"
2026-05-31T15:22:36.885,asdf,self_20260531_151909,clip_060,2,rest,,2.0937,1030347.0,raspberry_pi_seeed_gsr,"1030347,2.0937"
2026-05-31T15:22:36.906,asdf,self_20260531_151909,clip_060,2,rest,,2.1057,1030368.0,raspberry_pi_seeed_gsr,"1030368,2.1057"
2026-05-31T15:22:36.927,asdf,self_20260531_151909,clip_060,2,rest,,2.1049,1030389.0,raspberry_pi_seeed_gsr,"1030389,2.1049"
2026-05-31T15:22:36.948,asdf,self_20260531_151909,clip_060,2,rest,,2.1041,1030410.0,raspberry_pi_seeed_gsr,"1030410,2.1041"
2026-05-31T15:22:36.969,asdf,self_20260531_151909,clip_060,2,rest,,2.0961,1030431.0,raspberry_pi_seeed_gsr,"1030431,2.0961"
2026-05-31T15:22:36.990,asdf,self_20260531_151909,clip_060,2,rest,,2.0953,1030452.0,raspberry_pi_seeed_gsr,"1030452,2.0953"
2026-05-31T15:22:37.011,asdf,self_20260531_151909,clip_060,2,rest,,2.0969,1030473.0,raspberry_pi_seeed_gsr,"1030473,2.0969"
2026-05-31T15:22:37.032,asdf,self_20260531_151909,clip_060,2,rest,,2.0928,1030494.0,raspberry_pi_seeed_gsr,"1030494,2.0928"
2026-05-31T15:22:37.053,asdf,self_20260531_151909,clip_060,2,rest,,2.1001,1030515.0,raspberry_pi_seeed_gsr,"1030515,2.1001"
2026-05-31T15:22:37.100,asdf,self_20260531_151909,clip_060,2,rest,,2.0993,1030536.0,raspberry_pi_seeed_gsr,"1030536,2.0993"
2026-05-31T15:22:37.101,asdf,self_20260531_151909,clip_060,2,rest,,2.1017,1030557.0,raspberry_pi_seeed_gsr,"1030557,2.1017"
2026-05-31T15:22:37.116,asdf,self_20260531_151909,clip_060,2,rest,,2.1017,1030578.0,raspberry_pi_seeed_gsr,"1030578,2.1017"
2026-05-31T15:22:37.137,asdf,self_20260531_151909,clip_060,2,rest,,2.0985,1030599.0,raspberry_pi_seeed_gsr,"1030599,2.0985"
2026-05-31T15:22:37.158,asdf,self_20260531_151909,clip_060,2,rest,,2.0961,1030620.0,raspberry_pi_seeed_gsr,"1030620,2.0961"
2026-05-31T15:22:37.179,asdf,self_20260531_151909,clip_060,2,rest,,2.1082,1030641.0,raspberry_pi_seeed_gsr,"1030641,2.1082"
2026-05-31T15:22:37.200,asdf,self_20260531_151909,clip_060,2,rest,,2.0953,1030662.0,raspberry_pi_seeed_gsr,"1030662,2.0953"
2026-05-31T15:22:37.221,asdf,self_20260531_151909,clip_060,2,rest,,2.0743,1030683.0,raspberry_pi_seeed_gsr,"1030683,2.0743"
2026-05-31T15:22:37.242,asdf,self_20260531_151909,clip_060,2,rest,,2.1025,1030704.0,raspberry_pi_seeed_gsr,"1030704,2.1025"
2026-05-31T15:22:37.263,asdf,self_20260531_151909,clip_060,2,rest,,2.0953,1030725.0,raspberry_pi_seeed_gsr,"1030725,2.0953"
2026-05-31T15:22:37.284,asdf,self_20260531_151909,clip_060,2,rest,,2.0969,1030746.0,raspberry_pi_seeed_gsr,"1030746,2.0969"
2026-05-31T15:22:37.305,asdf,self_20260531_151909,clip_060,2,rest,,2.0904,1030767.0,raspberry_pi_seeed_gsr,"1030767,2.0904"
2026-05-31T15:22:37.349,asdf,self_20260531_151909,clip_060,2,rest,,2.1001,1030788.0,raspberry_pi_seeed_gsr,"1030788,2.1001"
2026-05-31T15:22:37.350,asdf,self_20260531_151909,clip_060,2,rest,,2.1001,1030809.0,raspberry_pi_seeed_gsr,"1030809,2.1001"
2026-05-31T15:22:37.367,asdf,self_20260531_151909,clip_060,2,rest,,2.0767,1030830.0,raspberry_pi_seeed_gsr,"1030830,2.0767"
2026-05-31T15:22:37.389,asdf,self_20260531_151909,clip_060,2,rest,,2.0993,1030851.0,raspberry_pi_seeed_gsr,"1030851,2.0993"
2026-05-31T15:22:37.410,asdf,self_20260531_151909,clip_060,2,rest,,2.0977,1030872.0,raspberry_pi_seeed_gsr,"1030872,2.0977"
2026-05-31T15:22:37.431,asdf,self_20260531_151909,clip_060,2,rest,,2.0977,1030893.0,raspberry_pi_seeed_gsr,"1030893,2.0977"
2026-05-31T15:22:37.452,asdf,self_20260531_151909,clip_060,2,rest,,2.0808,1030914.0,raspberry_pi_seeed_gsr,"1030914,2.0808"
2026-05-31T15:22:37.473,asdf,self_20260531_151909,clip_060,2,rest,,2.0993,1030935.0,raspberry_pi_seeed_gsr,"1030935,2.0993"
2026-05-31T15:22:37.494,asdf,self_20260531_151909,clip_060,2,rest,,2.0993,1030956.0,raspberry_pi_seeed_gsr,"1030956,2.0993"
2026-05-31T15:22:37.515,asdf,self_20260531_151909,clip_060,2,rest,,2.0969,1030977.0,raspberry_pi_seeed_gsr,"1030977,2.0969"
2026-05-31T15:22:37.536,asdf,self_20260531_151909,clip_060,2,rest,,2.0937,1030998.0,raspberry_pi_seeed_gsr,"1030998,2.0937"
2026-05-31T15:22:37.557,asdf,self_20260531_151909,clip_060,2,rest,,2.1001,1031019.0,raspberry_pi_seeed_gsr,"1031019,2.1001"
2026-05-31T15:22:37.598,asdf,self_20260531_151909,clip_060,2,rest,,2.0993,1031040.0,raspberry_pi_seeed_gsr,"1031040,2.0993"
2026-05-31T15:22:37.600,asdf,self_20260531_151909,clip_060,2,rest,,2.1098,1031061.0,raspberry_pi_seeed_gsr,"1031061,2.1098"
2026-05-31T15:22:37.620,asdf,self_20260531_151909,clip_060,2,rest,,2.0904,1031082.0,raspberry_pi_seeed_gsr,"1031082,2.0904"
2026-05-31T15:22:37.641,asdf,self_20260531_151909,clip_060,2,rest,,2.0953,1031103.0,raspberry_pi_seeed_gsr,"1031103,2.0953"
2026-05-31T15:22:37.662,asdf,self_20260531_151909,clip_060,2,rest,,2.0912,1031124.0,raspberry_pi_seeed_gsr,"1031124,2.0912"
2026-05-31T15:22:37.683,asdf,self_20260531_151909,clip_060,2,rest,,2.1033,1031145.0,raspberry_pi_seeed_gsr,"1031145,2.1033"
2026-05-31T15:22:37.704,asdf,self_20260531_151909,clip_060,2,rest,,2.0961,1031166.0,raspberry_pi_seeed_gsr,"1031166,2.0961"
2026-05-31T15:22:37.725,asdf,self_20260531_151909,clip_060,2,rest,,2.0977,1031187.0,raspberry_pi_seeed_gsr,"1031187,2.0977"
2026-05-31T15:22:37.746,asdf,self_20260531_151909,clip_060,2,rest,,2.1098,1031208.0,raspberry_pi_seeed_gsr,"1031208,2.1098"
2026-05-31T15:22:37.767,asdf,self_20260531_151909,clip_060,2,rest,,2.0977,1031229.0,raspberry_pi_seeed_gsr,"1031229,2.0977"
2026-05-31T15:22:37.788,asdf,self_20260531_151909,clip_060,2,rest,,2.0937,1031250.0,raspberry_pi_seeed_gsr,"1031250,2.0937"
2026-05-31T15:22:37.809,asdf,self_20260531_151909,clip_060,2,rest,,2.0985,1031271.0,raspberry_pi_seeed_gsr,"1031271,2.0985"
2026-05-31T15:22:37.850,asdf,self_20260531_151909,clip_060,2,rest,,2.1025,1031292.0,raspberry_pi_seeed_gsr,"1031292,2.1025"
2026-05-31T15:22:37.851,asdf,self_20260531_151909,clip_060,2,rest,,2.0904,1031313.0,raspberry_pi_seeed_gsr,"1031313,2.0904"
2026-05-31T15:22:37.872,asdf,self_20260531_151909,clip_060,2,rest,,2.0993,1031334.0,raspberry_pi_seeed_gsr,"1031334,2.0993"
2026-05-31T15:22:37.893,asdf,self_20260531_151909,clip_060,2,rest,,2.1001,1031355.0,raspberry_pi_seeed_gsr,"1031355,2.1001"
2026-05-31T15:22:37.914,asdf,self_20260531_151909,clip_060,2,rest,,2.0993,1031376.0,raspberry_pi_seeed_gsr,"1031376,2.0993"
2026-05-31T15:22:37.935,asdf,self_20260531_151909,clip_060,2,rest,,2.0993,1031397.0,raspberry_pi_seeed_gsr,"1031397,2.0993"
2026-05-31T15:22:37.956,asdf,self_20260531_151909,clip_060,2,rest,,2.0977,1031418.0,raspberry_pi_seeed_gsr,"1031418,2.0977"
2026-05-31T15:22:37.977,asdf,self_20260531_151909,clip_060,2,rest,,2.0928,1031439.0,raspberry_pi_seeed_gsr,"1031439,2.0928"
2026-05-31T15:22:37.998,asdf,self_20260531_151909,clip_060,2,rest,,2.1025,1031460.0,raspberry_pi_seeed_gsr,"1031460,2.1025"
2026-05-31T15:22:38.019,asdf,self_20260531_151909,clip_060,2,rest,,2.1025,1031481.0,raspberry_pi_seeed_gsr,"1031481,2.1025"
2026-05-31T15:22:38.040,asdf,self_20260531_151909,clip_060,2,rest,,2.0864,1031502.0,raspberry_pi_seeed_gsr,"1031502,2.0864"
2026-05-31T15:22:38.061,asdf,self_20260531_151909,clip_060,2,rest,,2.0969,1031523.0,raspberry_pi_seeed_gsr,"1031523,2.0969"
2026-05-31T15:22:38.106,asdf,self_20260531_151909,clip_060,2,rest,,2.1017,1031544.0,raspberry_pi_seeed_gsr,"1031544,2.1017"
2026-05-31T15:22:38.107,asdf,self_20260531_151909,clip_060,2,rest,,2.0993,1031565.0,raspberry_pi_seeed_gsr,"1031565,2.0993"
2026-05-31T15:22:38.124,asdf,self_20260531_151909,clip_060,2,rest,,2.0969,1031586.0,raspberry_pi_seeed_gsr,"1031586,2.0969"
2026-05-31T15:22:38.145,asdf,self_20260531_151909,clip_060,2,rest,,2.0985,1031607.0,raspberry_pi_seeed_gsr,"1031607,2.0985"
2026-05-31T15:22:38.166,asdf,self_20260531_151909,clip_060,2,rest,,2.0977,1031628.0,raspberry_pi_seeed_gsr,"1031628,2.0977"
2026-05-31T15:22:38.187,asdf,self_20260531_151909,clip_060,2,rest,,2.0977,1031649.0,raspberry_pi_seeed_gsr,"1031649,2.0977"
2026-05-31T15:22:38.208,asdf,self_20260531_151909,clip_060,2,rest,,2.0614,1031670.0,raspberry_pi_seeed_gsr,"1031670,2.0614"
2026-05-31T15:22:38.229,asdf,self_20260531_151909,clip_060,2,rest,,2.0977,1031691.0,raspberry_pi_seeed_gsr,"1031691,2.0977"
2026-05-31T15:22:38.250,asdf,self_20260531_151909,clip_060,2,rest,,2.0985,1031712.0,raspberry_pi_seeed_gsr,"1031712,2.0985"
2026-05-31T15:22:38.271,asdf,self_20260531_151909,clip_060,2,rest,,2.0549,1031733.0,raspberry_pi_seeed_gsr,"1031733,2.0549"
2026-05-31T15:22:38.292,asdf,self_20260531_151909,clip_060,2,rest,,2.1041,1031754.0,raspberry_pi_seeed_gsr,"1031754,2.1041"
2026-05-31T15:22:38.313,asdf,self_20260531_151909,clip_060,2,rest,,2.0912,1031775.0,raspberry_pi_seeed_gsr,"1031775,2.0912"
2026-05-31T15:22:38.357,asdf,self_20260531_151909,clip_060,2,rest,,2.1162,1031796.0,raspberry_pi_seeed_gsr,"1031796,2.1162"
2026-05-31T15:22:38.358,asdf,self_20260531_151909,clip_060,2,rest,,2.0904,1031817.0,raspberry_pi_seeed_gsr,"1031817,2.0904"
2026-05-31T15:22:38.376,asdf,self_20260531_151909,clip_060,2,rest,,2.1033,1031838.0,raspberry_pi_seeed_gsr,"1031838,2.1033"
2026-05-31T15:22:38.397,asdf,self_20260531_151909,clip_060,2,rest,,2.0961,1031859.0,raspberry_pi_seeed_gsr,"1031859,2.0961"
2026-05-31T15:22:38.418,asdf,self_20260531_151909,clip_060,2,rest,,2.0993,1031880.0,raspberry_pi_seeed_gsr,"1031880,2.0993"
2026-05-31T15:22:38.439,asdf,self_20260531_151909,clip_060,2,rest,,2.0937,1031901.0,raspberry_pi_seeed_gsr,"1031901,2.0937"
2026-05-31T15:22:38.460,asdf,self_20260531_151909,clip_060,2,rest,,2.0993,1031922.0,raspberry_pi_seeed_gsr,"1031922,2.0993"
2026-05-31T15:22:38.481,asdf,self_20260531_151909,clip_060,2,rest,,2.0993,1031943.0,raspberry_pi_seeed_gsr,"1031943,2.0993"
2026-05-31T15:22:38.502,asdf,self_20260531_151909,clip_060,2,rest,,2.0985,1031964.0,raspberry_pi_seeed_gsr,"1031964,2.0985"
2026-05-31T15:22:38.523,asdf,self_20260531_151909,clip_060,2,rest,,2.0832,1031985.0,raspberry_pi_seeed_gsr,"1031985,2.0832"
2026-05-31T15:22:38.544,asdf,self_20260531_151909,clip_060,2,rest,,2.0993,1032006.0,raspberry_pi_seeed_gsr,"1032006,2.0993"
2026-05-31T15:22:38.565,asdf,self_20260531_151909,clip_060,2,rest,,2.1001,1032027.0,raspberry_pi_seeed_gsr,"1032027,2.1001"
2026-05-31T15:22:38.607,asdf,self_20260531_151909,clip_060,2,rest,,2.0977,1032048.0,raspberry_pi_seeed_gsr,"1032048,2.0977"
2026-05-31T15:22:38.608,asdf,self_20260531_151909,clip_060,2,rest,,2.109,1032069.0,raspberry_pi_seeed_gsr,"1032069,2.1090"
2026-05-31T15:22:38.628,asdf,self_20260531_151909,clip_060,2,rest,,2.0912,1032090.0,raspberry_pi_seeed_gsr,"1032090,2.0912"
2026-05-31T15:22:38.649,asdf,self_20260531_151909,clip_060,2,rest,,2.1057,1032111.0,raspberry_pi_seeed_gsr,"1032111,2.1057"
2026-05-31T15:22:38.670,asdf,self_20260531_151909,clip_060,2,rest,,2.0953,1032132.0,raspberry_pi_seeed_gsr,"1032132,2.0953"
2026-05-31T15:22:38.691,asdf,self_20260531_151909,clip_060,2,rest,,2.0993,1032153.0,raspberry_pi_seeed_gsr,"1032153,2.0993"
2026-05-31T15:22:38.712,asdf,self_20260531_151909,clip_060,2,rest,,2.0993,1032174.0,raspberry_pi_seeed_gsr,"1032174,2.0993"
2026-05-31T15:22:38.733,asdf,self_20260531_151909,clip_060,2,rest,,2.0977,1032195.0,raspberry_pi_seeed_gsr,"1032195,2.0977"
2026-05-31T15:22:38.754,asdf,self_20260531_151909,clip_060,2,rest,,2.1057,1032216.0,raspberry_pi_seeed_gsr,"1032216,2.1057"
2026-05-31T15:22:38.775,asdf,self_20260531_151909,clip_060,2,rest,,2.0904,1032237.0,raspberry_pi_seeed_gsr,"1032237,2.0904"
2026-05-31T15:22:38.796,asdf,self_20260531_151909,clip_060,2,rest,,2.0993,1032258.0,raspberry_pi_seeed_gsr,"1032258,2.0993"
2026-05-31T15:22:38.817,asdf,self_20260531_151909,clip_060,2,rest,,2.0896,1032279.0,raspberry_pi_seeed_gsr,"1032279,2.0896"
2026-05-31T15:22:38.861,asdf,self_20260531_151909,clip_060,2,rest,,2.1049,1032300.0,raspberry_pi_seeed_gsr,"1032300,2.1049"
2026-05-31T15:22:38.862,asdf,self_20260531_151909,clip_060,2,rest,,2.0961,1032321.0,raspberry_pi_seeed_gsr,"1032321,2.0961"
2026-05-31T15:22:38.880,asdf,self_20260531_151909,clip_060,2,rest,,2.1025,1032342.0,raspberry_pi_seeed_gsr,"1032342,2.1025"
2026-05-31T15:22:38.901,asdf,self_20260531_151909,clip_060,2,rest,,2.0904,1032363.0,raspberry_pi_seeed_gsr,"1032363,2.0904"
2026-05-31T15:22:38.922,asdf,self_20260531_151909,clip_060,2,rest,,2.092,1032384.0,raspberry_pi_seeed_gsr,"1032384,2.0920"
2026-05-31T15:22:38.943,asdf,self_20260531_151909,clip_060,2,rest,,2.0985,1032405.0,raspberry_pi_seeed_gsr,"1032405,2.0985"
2026-05-31T15:22:38.964,asdf,self_20260531_151909,clip_060,2,rest,,2.0953,1032426.0,raspberry_pi_seeed_gsr,"1032426,2.0953"
2026-05-31T15:22:38.985,asdf,self_20260531_151909,clip_060,2,rest,,2.0912,1032447.0,raspberry_pi_seeed_gsr,"1032447,2.0912"
2026-05-31T15:22:39.006,asdf,self_20260531_151909,clip_060,2,rest,,2.1065,1032468.0,raspberry_pi_seeed_gsr,"1032468,2.1065"
2026-05-31T15:22:39.027,asdf,self_20260531_151909,clip_060,2,rest,,2.0969,1032489.0,raspberry_pi_seeed_gsr,"1032489,2.0969"
2026-05-31T15:22:39.048,asdf,self_20260531_151909,clip_060,2,rest,,2.1033,1032510.0,raspberry_pi_seeed_gsr,"1032510,2.1033"
2026-05-31T15:22:39.069,asdf,self_20260531_151909,clip_060,2,rest,,2.1033,1032531.0,raspberry_pi_seeed_gsr,"1032531,2.1033"
2026-05-31T15:22:39.116,asdf,self_20260531_151909,clip_060,2,rest,,2.1001,1032552.0,raspberry_pi_seeed_gsr,"1032552,2.1001"
2026-05-31T15:22:39.117,asdf,self_20260531_151909,clip_060,2,rest,,2.0985,1032573.0,raspberry_pi_seeed_gsr,"1032573,2.0985"
2026-05-31T15:22:39.132,asdf,self_20260531_151909,clip_060,2,rest,,2.0993,1032594.0,raspberry_pi_seeed_gsr,"1032594,2.0993"
2026-05-31T15:22:39.153,asdf,self_20260531_151909,clip_060,2,rest,,2.0985,1032615.0,raspberry_pi_seeed_gsr,"1032615,2.0985"
2026-05-31T15:22:39.174,asdf,self_20260531_151909,clip_060,2,rest,,2.0985,1032636.0,raspberry_pi_seeed_gsr,"1032636,2.0985"
2026-05-31T15:22:39.195,asdf,self_20260531_151909,clip_060,2,rest,,2.1025,1032657.0,raspberry_pi_seeed_gsr,"1032657,2.1025"
2026-05-31T15:22:39.216,asdf,self_20260531_151909,clip_060,2,rest,,2.0977,1032678.0,raspberry_pi_seeed_gsr,"1032678,2.0977"
2026-05-31T15:22:39.237,asdf,self_20260531_151909,clip_060,2,rest,,2.1339,1032699.0,raspberry_pi_seeed_gsr,"1032699,2.1339"
2026-05-31T15:22:39.258,asdf,self_20260531_151909,clip_060,2,rest,,2.0953,1032720.0,raspberry_pi_seeed_gsr,"1032720,2.0953"
2026-05-31T15:22:39.279,asdf,self_20260531_151909,clip_060,2,rest,,2.092,1032741.0,raspberry_pi_seeed_gsr,"1032741,2.0920"
2026-05-31T15:22:39.300,asdf,self_20260531_151909,clip_060,2,rest,,2.0904,1032762.0,raspberry_pi_seeed_gsr,"1032762,2.0904"
2026-05-31T15:22:39.321,asdf,self_20260531_151909,clip_060,2,rest,,2.0953,1032783.0,raspberry_pi_seeed_gsr,"1032783,2.0953"
2026-05-31T15:22:39.367,asdf,self_20260531_151909,clip_060,2,rest,,2.1001,1032804.0,raspberry_pi_seeed_gsr,"1032804,2.1001"
2026-05-31T15:22:39.368,asdf,self_20260531_151909,clip_060,2,rest,,2.0977,1032825.0,raspberry_pi_seeed_gsr,"1032825,2.0977"
2026-05-31T15:22:39.384,asdf,self_20260531_151909,clip_060,2,rest,,2.1001,1032846.0,raspberry_pi_seeed_gsr,"1032846,2.1001"
2026-05-31T15:22:39.405,asdf,self_20260531_151909,clip_060,2,rest,,2.0993,1032867.0,raspberry_pi_seeed_gsr,"1032867,2.0993"
2026-05-31T15:22:39.426,asdf,self_20260531_151909,clip_060,2,rest,,2.1033,1032888.0,raspberry_pi_seeed_gsr,"1032888,2.1033"
2026-05-31T15:22:39.447,asdf,self_20260531_151909,clip_060,2,rest,,2.0969,1032909.0,raspberry_pi_seeed_gsr,"1032909,2.0969"
2026-05-31T15:22:39.468,asdf,self_20260531_151909,clip_060,2,rest,,2.0541,1032930.0,raspberry_pi_seeed_gsr,"1032930,2.0541"
2026-05-31T15:22:39.489,asdf,self_20260531_151909,clip_060,2,rest,,2.0985,1032951.0,raspberry_pi_seeed_gsr,"1032951,2.0985"
2026-05-31T15:22:39.510,asdf,self_20260531_151909,clip_060,2,rest,,2.0993,1032972.0,raspberry_pi_seeed_gsr,"1032972,2.0993"
2026-05-31T15:22:39.531,asdf,self_20260531_151909,clip_060,2,rest,,2.1057,1032993.0,raspberry_pi_seeed_gsr,"1032993,2.1057"
2026-05-31T15:22:39.552,asdf,self_20260531_151909,clip_060,2,rest,,2.1057,1033014.0,raspberry_pi_seeed_gsr,"1033014,2.1057"
2026-05-31T15:22:39.573,asdf,self_20260531_151909,clip_060,2,rest,,2.0977,1033035.0,raspberry_pi_seeed_gsr,"1033035,2.0977"
2026-05-31T15:22:39.616,asdf,self_20260531_151909,clip_060,2,rest,,2.0977,1033056.0,raspberry_pi_seeed_gsr,"1033056,2.0977"
2026-05-31T15:22:39.618,asdf,self_20260531_151909,clip_060,2,rest,,2.0977,1033077.0,raspberry_pi_seeed_gsr,"1033077,2.0977"
2026-05-31T15:22:39.636,asdf,self_20260531_151909,clip_060,2,rest,,2.1041,1033098.0,raspberry_pi_seeed_gsr,"1033098,2.1041"
2026-05-31T15:22:39.657,asdf,self_20260531_151909,clip_060,2,rest,,2.0977,1033119.0,raspberry_pi_seeed_gsr,"1033119,2.0977"
2026-05-31T15:22:39.678,asdf,self_20260531_151909,clip_060,2,rest,,2.1057,1033140.0,raspberry_pi_seeed_gsr,"1033140,2.1057"
2026-05-31T15:22:39.699,asdf,self_20260531_151909,clip_060,2,rest,,2.0993,1033161.0,raspberry_pi_seeed_gsr,"1033161,2.0993"
2026-05-31T15:22:39.720,asdf,self_20260531_151909,clip_060,2,rest,,2.1001,1033182.0,raspberry_pi_seeed_gsr,"1033182,2.1001"
2026-05-31T15:22:39.741,asdf,self_20260531_151909,clip_060,2,rest,,2.0977,1033203.0,raspberry_pi_seeed_gsr,"1033203,2.0977"
2026-05-31T15:22:39.762,asdf,self_20260531_151909,clip_060,2,rest,,2.0993,1033224.0,raspberry_pi_seeed_gsr,"1033224,2.0993"
2026-05-31T15:22:39.783,asdf,self_20260531_151909,clip_060,2,rest,,2.0937,1033245.0,raspberry_pi_seeed_gsr,"1033245,2.0937"
2026-05-31T15:22:39.804,asdf,self_20260531_151909,clip_060,2,rest,,2.0993,1033266.0,raspberry_pi_seeed_gsr,"1033266,2.0993"
2026-05-31T15:22:39.825,asdf,self_20260531_151909,clip_060,2,rest,,2.1001,1033287.0,raspberry_pi_seeed_gsr,"1033287,2.1001"
2026-05-31T15:22:39.870,asdf,self_20260531_151909,clip_060,2,rest,,2.0993,1033308.0,raspberry_pi_seeed_gsr,"1033308,2.0993"
2026-05-31T15:22:39.871,asdf,self_20260531_151909,clip_060,2,rest,,2.0912,1033329.0,raspberry_pi_seeed_gsr,"1033329,2.0912"
2026-05-31T15:22:39.888,asdf,self_20260531_151909,clip_060,2,rest,,2.1041,1033350.0,raspberry_pi_seeed_gsr,"1033350,2.1041"
2026-05-31T15:22:39.909,asdf,self_20260531_151909,clip_060,2,rest,,2.0969,1033371.0,raspberry_pi_seeed_gsr,"1033371,2.0969"
2026-05-31T15:22:39.930,asdf,self_20260531_151909,clip_060,2,rest,,2.0832,1033392.0,raspberry_pi_seeed_gsr,"1033392,2.0832"
2026-05-31T15:22:39.951,asdf,self_20260531_151909,clip_060,2,rest,,2.0977,1033413.0,raspberry_pi_seeed_gsr,"1033413,2.0977"
2026-05-31T15:22:39.972,asdf,self_20260531_151909,clip_060,2,rest,,2.0985,1033434.0,raspberry_pi_seeed_gsr,"1033434,2.0985"
2026-05-31T15:22:39.993,asdf,self_20260531_151909,clip_060,2,rest,,2.0904,1033455.0,raspberry_pi_seeed_gsr,"1033455,2.0904"
2026-05-31T15:22:40.014,asdf,self_20260531_151909,clip_060,2,rest,,2.0985,1033476.0,raspberry_pi_seeed_gsr,"1033476,2.0985"
2026-05-31T15:22:40.035,asdf,self_20260531_151909,clip_060,2,rest,,2.1041,1033497.0,raspberry_pi_seeed_gsr,"1033497,2.1041"
2026-05-31T15:22:40.056,asdf,self_20260531_151909,clip_060,2,rest,,2.0993,1033518.0,raspberry_pi_seeed_gsr,"1033518,2.0993"
2026-05-31T15:22:40.077,asdf,self_20260531_151909,clip_060,2,rest,,2.0993,1033539.0,raspberry_pi_seeed_gsr,"1033539,2.0993"
2026-05-31T15:22:40.122,asdf,self_20260531_151909,clip_060,2,rest,,2.0977,1033560.0,raspberry_pi_seeed_gsr,"1033560,2.0977"
2026-05-31T15:22:40.123,asdf,self_20260531_151909,clip_060,2,rest,,2.1001,1033581.0,raspberry_pi_seeed_gsr,"1033581,2.1001"
2026-05-31T15:22:40.140,asdf,self_20260531_151909,clip_060,2,rest,,2.1033,1033602.0,raspberry_pi_seeed_gsr,"1033602,2.1033"
2026-05-31T15:22:40.161,asdf,self_20260531_151909,clip_060,2,rest,,2.0969,1033623.0,raspberry_pi_seeed_gsr,"1033623,2.0969"
2026-05-31T15:22:40.182,asdf,self_20260531_151909,clip_060,2,rest,,2.0937,1033644.0,raspberry_pi_seeed_gsr,"1033644,2.0937"
2026-05-31T15:22:40.203,asdf,self_20260531_151909,clip_060,2,rest,,2.0977,1033665.0,raspberry_pi_seeed_gsr,"1033665,2.0977"
2026-05-31T15:22:40.224,asdf,self_20260531_151909,clip_060,2,rest,,2.0977,1033686.0,raspberry_pi_seeed_gsr,"1033686,2.0977"
2026-05-31T15:22:40.245,asdf,self_20260531_151909,clip_060,2,rest,,2.0985,1033707.0,raspberry_pi_seeed_gsr,"1033707,2.0985"
2026-05-31T15:22:40.266,asdf,self_20260531_151909,clip_060,2,rest,,2.1057,1033728.0,raspberry_pi_seeed_gsr,"1033728,2.1057"
2026-05-31T15:22:40.287,asdf,self_20260531_151909,clip_060,2,rest,,2.1001,1033749.0,raspberry_pi_seeed_gsr,"1033749,2.1001"
2026-05-31T15:22:40.308,asdf,self_20260531_151909,clip_060,2,rest,,2.0977,1033770.0,raspberry_pi_seeed_gsr,"1033770,2.0977"
2026-05-31T15:22:40.329,asdf,self_20260531_151909,clip_060,2,rest,,2.0912,1033791.0,raspberry_pi_seeed_gsr,"1033791,2.0912"
2026-05-31T15:22:40.370,asdf,self_20260531_151909,clip_060,2,rest,,2.1025,1033812.0,raspberry_pi_seeed_gsr,"1033812,2.1025"
2026-05-31T15:22:40.371,asdf,self_20260531_151909,clip_060,2,rest,,2.0928,1033833.0,raspberry_pi_seeed_gsr,"1033833,2.0928"
2026-05-31T15:22:40.392,asdf,self_20260531_151909,clip_060,2,rest,,2.0977,1033854.0,raspberry_pi_seeed_gsr,"1033854,2.0977"
2026-05-31T15:22:40.413,asdf,self_20260531_151909,clip_060,2,rest,,2.0993,1033875.0,raspberry_pi_seeed_gsr,"1033875,2.0993"
2026-05-31T15:22:40.434,asdf,self_20260531_151909,clip_060,2,rest,,2.0969,1033896.0,raspberry_pi_seeed_gsr,"1033896,2.0969"
2026-05-31T15:22:40.455,asdf,self_20260531_151909,clip_060,2,rest,,2.0993,1033917.0,raspberry_pi_seeed_gsr,"1033917,2.0993"
2026-05-31T15:22:40.476,asdf,self_20260531_151909,clip_060,2,rest,,2.0993,1033938.0,raspberry_pi_seeed_gsr,"1033938,2.0993"
2026-05-31T15:22:40.497,asdf,self_20260531_151909,clip_060,2,rest,,2.0993,1033959.0,raspberry_pi_seeed_gsr,"1033959,2.0993"
2026-05-31T15:22:40.518,asdf,self_20260531_151909,clip_060,2,rest,,2.0993,1033980.0,raspberry_pi_seeed_gsr,"1033980,2.0993"
2026-05-31T15:22:40.539,asdf,self_20260531_151909,clip_060,2,rest,,2.0961,1034001.0,raspberry_pi_seeed_gsr,"1034001,2.0961"
2026-05-31T15:22:40.560,asdf,self_20260531_151909,clip_060,2,rest,,2.0953,1034022.0,raspberry_pi_seeed_gsr,"1034022,2.0953"
2026-05-31T15:22:40.581,asdf,self_20260531_151909,clip_060,2,rest,,2.1057,1034043.0,raspberry_pi_seeed_gsr,"1034043,2.1057"
2026-05-31T15:22:40.626,asdf,self_20260531_151909,clip_060,2,rest,,2.092,1034064.0,raspberry_pi_seeed_gsr,"1034064,2.0920"
2026-05-31T15:22:40.627,asdf,self_20260531_151909,clip_060,2,rest,,2.0977,1034085.0,raspberry_pi_seeed_gsr,"1034085,2.0977"
2026-05-31T15:22:40.644,asdf,self_20260531_151909,clip_060,2,rest,,2.0993,1034106.0,raspberry_pi_seeed_gsr,"1034106,2.0993"
2026-05-31T15:22:40.665,asdf,self_20260531_151909,clip_060,2,rest,,2.1049,1034127.0,raspberry_pi_seeed_gsr,"1034127,2.1049"
2026-05-31T15:22:40.686,asdf,self_20260531_151909,clip_060,2,rest,,2.0977,1034148.0,raspberry_pi_seeed_gsr,"1034148,2.0977"
2026-05-31T15:22:40.707,asdf,self_20260531_151909,clip_060,2,rest,,2.0912,1034169.0,raspberry_pi_seeed_gsr,"1034169,2.0912"
2026-05-31T15:22:40.728,asdf,self_20260531_151909,clip_060,2,rest,,2.0993,1034190.0,raspberry_pi_seeed_gsr,"1034190,2.0993"
2026-05-31T15:22:40.749,asdf,self_20260531_151909,clip_060,2,rest,,2.0912,1034211.0,raspberry_pi_seeed_gsr,"1034211,2.0912"
2026-05-31T15:22:40.770,asdf,self_20260531_151909,clip_060,2,rest,,2.0969,1034232.0,raspberry_pi_seeed_gsr,"1034232,2.0969"
2026-05-31T15:22:40.791,asdf,self_20260531_151909,clip_060,2,rest,,2.1009,1034253.0,raspberry_pi_seeed_gsr,"1034253,2.1009"
2026-05-31T15:22:40.812,asdf,self_20260531_151909,clip_060,2,rest,,2.0985,1034274.0,raspberry_pi_seeed_gsr,"1034274,2.0985"
2026-05-31T15:22:40.833,asdf,self_20260531_151909,clip_060,2,rest,,2.0993,1034295.0,raspberry_pi_seeed_gsr,"1034295,2.0993"
2026-05-31T15:22:40.876,asdf,self_20260531_151909,clip_060,2,rest,,2.0985,1034316.0,raspberry_pi_seeed_gsr,"1034316,2.0985"
2026-05-31T15:22:40.877,asdf,self_20260531_151909,clip_060,2,rest,,2.0977,1034337.0,raspberry_pi_seeed_gsr,"1034337,2.0977"
2026-05-31T15:22:40.896,asdf,self_20260531_151909,clip_060,2,rest,,2.0969,1034358.0,raspberry_pi_seeed_gsr,"1034358,2.0969"
2026-05-31T15:22:40.917,asdf,self_20260531_151909,clip_060,2,rest,,2.0977,1034379.0,raspberry_pi_seeed_gsr,"1034379,2.0977"
2026-05-31T15:22:40.938,asdf,self_20260531_151909,clip_060,2,rest,,2.113,1034400.0,raspberry_pi_seeed_gsr,"1034400,2.1130"
2026-05-31T15:22:40.959,asdf,self_20260531_151909,clip_060,2,rest,,2.1025,1034421.0,raspberry_pi_seeed_gsr,"1034421,2.1025"
2026-05-31T15:22:40.980,asdf,self_20260531_151909,clip_060,2,rest,,2.0993,1034442.0,raspberry_pi_seeed_gsr,"1034442,2.0993"
2026-05-31T15:22:41.001,asdf,self_20260531_151909,clip_060,2,rest,,2.1001,1034463.0,raspberry_pi_seeed_gsr,"1034463,2.1001"
2026-05-31T15:22:41.022,asdf,self_20260531_151909,clip_060,2,rest,,2.0904,1034484.0,raspberry_pi_seeed_gsr,"1034484,2.0904"
2026-05-31T15:22:41.043,asdf,self_20260531_151909,clip_060,2,rest,,2.0993,1034505.0,raspberry_pi_seeed_gsr,"1034505,2.0993"
2026-05-31T15:22:41.064,asdf,self_20260531_151909,clip_060,2,rest,,2.0937,1034526.0,raspberry_pi_seeed_gsr,"1034526,2.0937"
2026-05-31T15:22:41.085,asdf,self_20260531_151909,clip_060,2,rest,,2.0888,1034547.0,raspberry_pi_seeed_gsr,"1034547,2.0888"
2026-05-31T15:22:41.128,asdf,self_20260531_151909,clip_060,2,rest,,2.0953,1034568.0,raspberry_pi_seeed_gsr,"1034568,2.0953"
2026-05-31T15:22:41.130,asdf,self_20260531_151909,clip_060,2,rest,,2.0928,1034589.0,raspberry_pi_seeed_gsr,"1034589,2.0928"
2026-05-31T15:22:41.148,asdf,self_20260531_151909,clip_060,2,rest,,2.1001,1034610.0,raspberry_pi_seeed_gsr,"1034610,2.1001"
2026-05-31T15:22:41.169,asdf,self_20260531_151909,clip_060,2,rest,,2.0985,1034631.0,raspberry_pi_seeed_gsr,"1034631,2.0985"
2026-05-31T15:22:41.190,asdf,self_20260531_151909,clip_060,2,rest,,2.0985,1034652.0,raspberry_pi_seeed_gsr,"1034652,2.0985"
2026-05-31T15:22:41.211,asdf,self_20260531_151909,clip_060,2,rest,,2.0928,1034673.0,raspberry_pi_seeed_gsr,"1034673,2.0928"
2026-05-31T15:22:41.232,asdf,self_20260531_151909,clip_060,2,rest,,2.1001,1034694.0,raspberry_pi_seeed_gsr,"1034694,2.1001"
2026-05-31T15:22:41.253,asdf,self_20260531_151909,clip_060,2,rest,,2.0977,1034715.0,raspberry_pi_seeed_gsr,"1034715,2.0977"
2026-05-31T15:22:41.274,asdf,self_20260531_151909,clip_060,2,rest,,2.0928,1034736.0,raspberry_pi_seeed_gsr,"1034736,2.0928"
2026-05-31T15:22:41.295,asdf,self_20260531_151909,clip_060,2,rest,,2.0928,1034757.0,raspberry_pi_seeed_gsr,"1034757,2.0928"
2026-05-31T15:22:41.316,asdf,self_20260531_151909,clip_060,2,rest,,2.1017,1034778.0,raspberry_pi_seeed_gsr,"1034778,2.1017"
2026-05-31T15:22:41.337,asdf,self_20260531_151909,clip_060,2,rest,,2.1114,1034799.0,raspberry_pi_seeed_gsr,"1034799,2.1114"
2026-05-31T15:22:41.382,asdf,self_20260531_151909,clip_060,2,rest,,2.1025,1034820.0,raspberry_pi_seeed_gsr,"1034820,2.1025"
2026-05-31T15:22:41.383,asdf,self_20260531_151909,clip_060,2,rest,,2.092,1034841.0,raspberry_pi_seeed_gsr,"1034841,2.0920"
2026-05-31T15:22:41.400,asdf,self_20260531_151909,clip_060,2,rest,,2.0985,1034862.0,raspberry_pi_seeed_gsr,"1034862,2.0985"
2026-05-31T15:22:41.421,asdf,self_20260531_151909,clip_060,2,rest,,2.1057,1034883.0,raspberry_pi_seeed_gsr,"1034883,2.1057"
2026-05-31T15:22:41.442,asdf,self_20260531_151909,clip_060,2,rest,,2.0937,1034904.0,raspberry_pi_seeed_gsr,"1034904,2.0937"
2026-05-31T15:22:41.463,asdf,self_20260531_151909,clip_060,2,rest,,2.0985,1034925.0,raspberry_pi_seeed_gsr,"1034925,2.0985"
2026-05-31T15:22:41.484,asdf,self_20260531_151909,clip_060,2,rest,,2.092,1034946.0,raspberry_pi_seeed_gsr,"1034946,2.0920"
2026-05-31T15:22:41.505,asdf,self_20260531_151909,clip_060,2,rest,,2.1041,1034967.0,raspberry_pi_seeed_gsr,"1034967,2.1041"
2026-05-31T15:22:41.526,asdf,self_20260531_151909,clip_060,2,rest,,2.0985,1034988.0,raspberry_pi_seeed_gsr,"1034988,2.0985"
2026-05-31T15:22:41.547,asdf,self_20260531_151909,clip_060,2,rest,,2.0969,1035009.0,raspberry_pi_seeed_gsr,"1035009,2.0969"
2026-05-31T15:22:41.568,asdf,self_20260531_151909,clip_060,2,rest,,2.0969,1035030.0,raspberry_pi_seeed_gsr,"1035030,2.0969"
2026-05-31T15:22:41.589,asdf,self_20260531_151909,clip_060,2,rest,,2.0985,1035051.0,raspberry_pi_seeed_gsr,"1035051,2.0985"
2026-05-31T15:22:41.630,asdf,self_20260531_151909,clip_060,2,rest,,2.0993,1035072.0,raspberry_pi_seeed_gsr,"1035072,2.0993"
2026-05-31T15:22:41.631,asdf,self_20260531_151909,clip_060,2,rest,,2.0953,1035093.0,raspberry_pi_seeed_gsr,"1035093,2.0953"
2026-05-31T15:22:41.652,asdf,self_20260531_151909,clip_060,2,rest,,2.1082,1035114.0,raspberry_pi_seeed_gsr,"1035114,2.1082"
2026-05-31T15:22:41.673,asdf,self_20260531_151909,clip_060,2,rest,,2.1041,1035135.0,raspberry_pi_seeed_gsr,"1035135,2.1041"
2026-05-31T15:22:41.694,asdf,self_20260531_151909,clip_060,2,rest,,2.1025,1035156.0,raspberry_pi_seeed_gsr,"1035156,2.1025"
2026-05-31T15:22:41.715,asdf,self_20260531_151909,clip_060,2,rest,,2.0977,1035177.0,raspberry_pi_seeed_gsr,"1035177,2.0977"
2026-05-31T15:22:41.736,asdf,self_20260531_151909,clip_060,2,rest,,2.1025,1035198.0,raspberry_pi_seeed_gsr,"1035198,2.1025"
2026-05-31T15:22:41.757,asdf,self_20260531_151909,clip_060,2,rest,,2.0993,1035219.0,raspberry_pi_seeed_gsr,"1035219,2.0993"
2026-05-31T15:22:41.778,asdf,self_20260531_151909,clip_060,2,rest,,2.1033,1035240.0,raspberry_pi_seeed_gsr,"1035240,2.1033"
2026-05-31T15:22:41.799,asdf,self_20260531_151909,clip_060,2,rest,,2.1001,1035261.0,raspberry_pi_seeed_gsr,"1035261,2.1001"
2026-05-31T15:22:41.820,asdf,self_20260531_151909,clip_060,2,rest,,2.0985,1035282.0,raspberry_pi_seeed_gsr,"1035282,2.0985"
2026-05-31T15:22:41.841,asdf,self_20260531_151909,clip_060,2,rest,,2.1017,1035303.0,raspberry_pi_seeed_gsr,"1035303,2.1017"
2026-05-31T15:22:41.887,asdf,self_20260531_151909,clip_060,2,rest,,2.1025,1035324.0,raspberry_pi_seeed_gsr,"1035324,2.1025"
2026-05-31T15:22:41.888,asdf,self_20260531_151909,clip_060,2,rest,,2.0977,1035345.0,raspberry_pi_seeed_gsr,"1035345,2.0977"
2026-05-31T15:22:41.904,asdf,self_20260531_151909,clip_060,2,rest,,2.0985,1035366.0,raspberry_pi_seeed_gsr,"1035366,2.0985"
2026-05-31T15:22:41.925,asdf,self_20260531_151909,clip_060,2,rest,,2.0977,1035387.0,raspberry_pi_seeed_gsr,"1035387,2.0977"
2026-05-31T15:22:41.946,asdf,self_20260531_151909,clip_060,2,rest,,2.1033,1035408.0,raspberry_pi_seeed_gsr,"1035408,2.1033"
2026-05-31T15:22:41.967,asdf,self_20260531_151909,clip_060,2,rest,,2.0993,1035429.0,raspberry_pi_seeed_gsr,"1035429,2.0993"
2026-05-31T15:22:41.988,asdf,self_20260531_151909,clip_060,2,rest,,2.1017,1035450.0,raspberry_pi_seeed_gsr,"1035450,2.1017"
2026-05-31T15:22:42.009,asdf,self_20260531_151909,clip_060,2,rest,,2.0977,1035471.0,raspberry_pi_seeed_gsr,"1035471,2.0977"
2026-05-31T15:22:42.030,asdf,self_20260531_151909,clip_060,2,rest,,2.0977,1035492.0,raspberry_pi_seeed_gsr,"1035492,2.0977"
2026-05-31T15:22:42.051,asdf,self_20260531_151909,clip_060,2,rest,,2.0904,1035513.0,raspberry_pi_seeed_gsr,"1035513,2.0904"
2026-05-31T15:22:42.072,asdf,self_20260531_151909,clip_060,2,rest,,2.0969,1035534.0,raspberry_pi_seeed_gsr,"1035534,2.0969"
2026-05-31T15:22:42.093,asdf,self_20260531_151909,clip_060,2,rest,,2.0928,1035555.0,raspberry_pi_seeed_gsr,"1035555,2.0928"
2026-05-31T15:22:42.136,asdf,self_20260531_151909,clip_060,2,rest,,2.0896,1035576.0,raspberry_pi_seeed_gsr,"1035576,2.0896"
2026-05-31T15:22:42.136,asdf,self_20260531_151909,clip_060,2,rest,,2.0993,1035597.0,raspberry_pi_seeed_gsr,"1035597,2.0993"
2026-05-31T15:22:42.156,asdf,self_20260531_151909,clip_060,2,rest,,2.0969,1035618.0,raspberry_pi_seeed_gsr,"1035618,2.0969"
2026-05-31T15:22:42.177,asdf,self_20260531_151909,clip_060,2,rest,,2.0953,1035639.0,raspberry_pi_seeed_gsr,"1035639,2.0953"
2026-05-31T15:22:42.198,asdf,self_20260531_151909,clip_060,2,rest,,2.0993,1035660.0,raspberry_pi_seeed_gsr,"1035660,2.0993"
2026-05-31T15:22:42.219,asdf,self_20260531_151909,clip_060,2,rest,,2.0969,1035681.0,raspberry_pi_seeed_gsr,"1035681,2.0969"
2026-05-31T15:22:42.240,asdf,self_20260531_151909,clip_060,2,rest,,2.0977,1035702.0,raspberry_pi_seeed_gsr,"1035702,2.0977"
2026-05-31T15:22:42.261,asdf,self_20260531_151909,clip_060,2,rest,,2.1049,1035723.0,raspberry_pi_seeed_gsr,"1035723,2.1049"
2026-05-31T15:22:42.282,asdf,self_20260531_151909,clip_060,2,rest,,2.0937,1035744.0,raspberry_pi_seeed_gsr,"1035744,2.0937"
2026-05-31T15:22:42.303,asdf,self_20260531_151909,clip_060,2,rest,,2.1041,1035765.0,raspberry_pi_seeed_gsr,"1035765,2.1041"
2026-05-31T15:22:42.324,asdf,self_20260531_151909,clip_060,2,rest,,2.0977,1035786.0,raspberry_pi_seeed_gsr,"1035786,2.0977"
2026-05-31T15:22:42.345,asdf,self_20260531_151909,clip_060,2,rest,,2.0969,1035807.0,raspberry_pi_seeed_gsr,"1035807,2.0969"
2026-05-31T15:22:42.389,asdf,self_20260531_151909,clip_060,2,rest,,2.0985,1035828.0,raspberry_pi_seeed_gsr,"1035828,2.0985"
2026-05-31T15:22:42.390,asdf,self_20260531_151909,clip_060,2,rest,,2.0993,1035849.0,raspberry_pi_seeed_gsr,"1035849,2.0993"
2026-05-31T15:22:42.408,asdf,self_20260531_151909,clip_060,2,rest,,2.1001,1035870.0,raspberry_pi_seeed_gsr,"1035870,2.1001"
2026-05-31T15:22:42.429,asdf,self_20260531_151909,clip_060,2,rest,,2.0985,1035891.0,raspberry_pi_seeed_gsr,"1035891,2.0985"
2026-05-31T15:22:42.450,asdf,self_20260531_151909,clip_060,2,rest,,2.0953,1035912.0,raspberry_pi_seeed_gsr,"1035912,2.0953"
2026-05-31T15:22:42.471,asdf,self_20260531_151909,clip_060,2,rest,,2.0961,1035933.0,raspberry_pi_seeed_gsr,"1035933,2.0961"
2026-05-31T15:22:42.492,asdf,self_20260531_151909,clip_060,2,rest,,2.0969,1035954.0,raspberry_pi_seeed_gsr,"1035954,2.0969"
2026-05-31T15:22:42.513,asdf,self_20260531_151909,clip_060,2,rest,,2.0791,1035975.0,raspberry_pi_seeed_gsr,"1035975,2.0791"
2026-05-31T15:22:42.534,asdf,self_20260531_151909,clip_060,2,rest,,2.1049,1035996.0,raspberry_pi_seeed_gsr,"1035996,2.1049"
2026-05-31T15:22:42.555,asdf,self_20260531_151909,clip_060,2,rest,,2.1025,1036017.0,raspberry_pi_seeed_gsr,"1036017,2.1025"
2026-05-31T15:22:42.576,asdf,self_20260531_151909,clip_060,2,rest,,2.0953,1036038.0,raspberry_pi_seeed_gsr,"1036038,2.0953"
2026-05-31T15:22:42.597,asdf,self_20260531_151909,clip_060,2,rest,,2.0945,1036059.0,raspberry_pi_seeed_gsr,"1036059,2.0945"
2026-05-31T15:22:42.640,asdf,self_20260531_151909,clip_060,2,rest,,2.1122,1036080.0,raspberry_pi_seeed_gsr,"1036080,2.1122"
2026-05-31T15:22:42.641,asdf,self_20260531_151909,clip_060,2,rest,,2.0985,1036101.0,raspberry_pi_seeed_gsr,"1036101,2.0985"
2026-05-31T15:22:42.660,asdf,self_20260531_151909,clip_060,2,rest,,2.0977,1036122.0,raspberry_pi_seeed_gsr,"1036122,2.0977"
2026-05-31T15:22:42.681,asdf,self_20260531_151909,clip_060,2,rest,,2.0961,1036143.0,raspberry_pi_seeed_gsr,"1036143,2.0961"
2026-05-31T15:22:42.702,asdf,self_20260531_151909,clip_060,2,rest,,2.0993,1036164.0,raspberry_pi_seeed_gsr,"1036164,2.0993"
2026-05-31T15:22:42.723,asdf,self_20260531_151909,clip_060,2,rest,,2.0993,1036185.0,raspberry_pi_seeed_gsr,"1036185,2.0993"
2026-05-31T15:22:42.744,asdf,self_20260531_151909,clip_060,2,rest,,2.0864,1036206.0,raspberry_pi_seeed_gsr,"1036206,2.0864"
2026-05-31T15:22:42.765,asdf,self_20260531_151909,clip_060,2,rest,,2.092,1036227.0,raspberry_pi_seeed_gsr,"1036227,2.0920"
2026-05-31T15:22:42.786,asdf,self_20260531_151909,clip_060,2,rest,,2.0896,1036248.0,raspberry_pi_seeed_gsr,"1036248,2.0896"
2026-05-31T15:22:42.807,asdf,self_20260531_151909,clip_060,2,rest,,2.092,1036269.0,raspberry_pi_seeed_gsr,"1036269,2.0920"
2026-05-31T15:22:42.828,asdf,self_20260531_151909,clip_060,2,rest,,2.1082,1036290.0,raspberry_pi_seeed_gsr,"1036290,2.1082"
2026-05-31T15:22:42.849,asdf,self_20260531_151909,clip_060,2,rest,,2.0977,1036311.0,raspberry_pi_seeed_gsr,"1036311,2.0977"
2026-05-31T15:22:42.892,asdf,self_20260531_151909,clip_060,2,rest,,2.1001,1036332.0,raspberry_pi_seeed_gsr,"1036332,2.1001"
2026-05-31T15:22:42.893,asdf,self_20260531_151909,clip_060,2,rest,,2.0985,1036353.0,raspberry_pi_seeed_gsr,"1036353,2.0985"
2026-05-31T15:22:42.912,asdf,self_20260531_151909,clip_060,2,rest,,2.0985,1036374.0,raspberry_pi_seeed_gsr,"1036374,2.0985"
2026-05-31T15:22:42.933,asdf,self_20260531_151909,clip_060,2,rest,,2.1033,1036395.0,raspberry_pi_seeed_gsr,"1036395,2.1033"
2026-05-31T15:22:42.954,asdf,self_20260531_151909,clip_060,2,rest,,2.0888,1036416.0,raspberry_pi_seeed_gsr,"1036416,2.0888"
2026-05-31T15:22:42.975,asdf,self_20260531_151909,clip_060,2,rest,,2.0993,1036437.0,raspberry_pi_seeed_gsr,"1036437,2.0993"
2026-05-31T15:22:42.996,asdf,self_20260531_151909,clip_060,2,rest,,2.1009,1036458.0,raspberry_pi_seeed_gsr,"1036458,2.1009"
2026-05-31T15:22:43.017,asdf,self_20260531_151909,clip_060,2,rest,,2.1033,1036479.0,raspberry_pi_seeed_gsr,"1036479,2.1033"
2026-05-31T15:22:43.038,asdf,self_20260531_151909,clip_060,2,rest,,2.0977,1036500.0,raspberry_pi_seeed_gsr,"1036500,2.0977"
2026-05-31T15:22:43.059,asdf,self_20260531_151909,clip_060,2,rest,,2.0985,1036521.0,raspberry_pi_seeed_gsr,"1036521,2.0985"
2026-05-31T15:22:43.080,asdf,self_20260531_151909,clip_060,2,rest,,2.1001,1036542.0,raspberry_pi_seeed_gsr,"1036542,2.1001"
2026-05-31T15:22:43.101,asdf,self_20260531_151909,clip_060,2,rest,,2.1017,1036563.0,raspberry_pi_seeed_gsr,"1036563,2.1017"
2026-05-31T15:22:43.148,asdf,self_20260531_151909,clip_060,2,rest,,2.0969,1036584.0,raspberry_pi_seeed_gsr,"1036584,2.0969"
2026-05-31T15:22:43.149,asdf,self_20260531_151909,clip_060,2,rest,,2.0961,1036605.0,raspberry_pi_seeed_gsr,"1036605,2.0961"
2026-05-31T15:22:43.164,asdf,self_20260531_151909,clip_060,2,rest,,2.0953,1036626.0,raspberry_pi_seeed_gsr,"1036626,2.0953"
2026-05-31T15:22:43.185,asdf,self_20260531_151909,clip_060,2,rest,,2.0953,1036647.0,raspberry_pi_seeed_gsr,"1036647,2.0953"
2026-05-31T15:22:43.206,asdf,self_20260531_151909,clip_060,2,rest,,2.1001,1036668.0,raspberry_pi_seeed_gsr,"1036668,2.1001"
2026-05-31T15:22:43.227,asdf,self_20260531_151909,clip_060,2,rest,,2.1041,1036689.0,raspberry_pi_seeed_gsr,"1036689,2.1041"
2026-05-31T15:22:43.248,asdf,self_20260531_151909,clip_060,2,rest,,2.1017,1036710.0,raspberry_pi_seeed_gsr,"1036710,2.1017"
2026-05-31T15:22:43.269,asdf,self_20260531_151909,clip_060,2,rest,,2.092,1036731.0,raspberry_pi_seeed_gsr,"1036731,2.0920"
2026-05-31T15:22:43.290,asdf,self_20260531_151909,clip_060,2,rest,,2.0993,1036752.0,raspberry_pi_seeed_gsr,"1036752,2.0993"
2026-05-31T15:22:43.311,asdf,self_20260531_151909,clip_060,2,rest,,2.1009,1036773.0,raspberry_pi_seeed_gsr,"1036773,2.1009"
2026-05-31T15:22:43.332,asdf,self_20260531_151909,clip_060,2,rest,,2.0977,1036794.0,raspberry_pi_seeed_gsr,"1036794,2.0977"
2026-05-31T15:22:43.353,asdf,self_20260531_151909,clip_060,2,rest,,2.0993,1036815.0,raspberry_pi_seeed_gsr,"1036815,2.0993"
2026-05-31T15:22:43.398,asdf,self_20260531_151909,clip_060,2,rest,,2.0961,1036836.0,raspberry_pi_seeed_gsr,"1036836,2.0961"
2026-05-31T15:22:43.399,asdf,self_20260531_151909,clip_060,2,rest,,2.0912,1036857.0,raspberry_pi_seeed_gsr,"1036857,2.0912"
2026-05-31T15:22:43.416,asdf,self_20260531_151909,clip_060,2,rest,,2.0993,1036878.0,raspberry_pi_seeed_gsr,"1036878,2.0993"
2026-05-31T15:22:43.437,asdf,self_20260531_151909,clip_060,2,rest,,2.0977,1036899.0,raspberry_pi_seeed_gsr,"1036899,2.0977"
2026-05-31T15:22:43.458,asdf,self_20260531_151909,clip_060,2,rest,,2.0977,1036920.0,raspberry_pi_seeed_gsr,"1036920,2.0977"
2026-05-31T15:22:43.479,asdf,self_20260531_151909,clip_060,2,rest,,2.0977,1036941.0,raspberry_pi_seeed_gsr,"1036941,2.0977"
2026-05-31T15:22:43.500,asdf,self_20260531_151909,clip_060,2,rest,,2.109,1036962.0,raspberry_pi_seeed_gsr,"1036962,2.1090"
2026-05-31T15:22:43.521,asdf,self_20260531_151909,clip_060,2,rest,,2.0912,1036983.0,raspberry_pi_seeed_gsr,"1036983,2.0912"
2026-05-31T15:22:43.542,asdf,self_20260531_151909,clip_060,2,rest,,2.1057,1037004.0,raspberry_pi_seeed_gsr,"1037004,2.1057"
2026-05-31T15:22:43.563,asdf,self_20260531_151909,clip_060,2,rest,,2.1001,1037025.0,raspberry_pi_seeed_gsr,"1037025,2.1001"
2026-05-31T15:22:43.584,asdf,self_20260531_151909,clip_060,2,rest,,2.1001,1037046.0,raspberry_pi_seeed_gsr,"1037046,2.1001"
2026-05-31T15:22:43.605,asdf,self_20260531_151909,clip_060,2,rest,,2.0985,1037067.0,raspberry_pi_seeed_gsr,"1037067,2.0985"
2026-05-31T15:22:43.650,asdf,self_20260531_151909,clip_060,2,rest,,2.0977,1037093.0,raspberry_pi_seeed_gsr,"1037093,2.0977"
2026-05-31T15:22:43.652,asdf,self_20260531_151909,clip_060,2,rest,,2.0912,1037114.0,raspberry_pi_seeed_gsr,"1037114,2.0912"
2026-05-31T15:22:43.673,asdf,self_20260531_151909,clip_060,2,rest,,2.092,1037135.0,raspberry_pi_seeed_gsr,"1037135,2.0920"
2026-05-31T15:22:43.694,asdf,self_20260531_151909,clip_060,2,rest,,2.1033,1037156.0,raspberry_pi_seeed_gsr,"1037156,2.1033"
2026-05-31T15:22:43.715,asdf,self_20260531_151909,clip_060,2,rest,,2.0993,1037177.0,raspberry_pi_seeed_gsr,"1037177,2.0993"
2026-05-31T15:22:43.736,asdf,self_20260531_151909,clip_060,2,rest,,2.1017,1037198.0,raspberry_pi_seeed_gsr,"1037198,2.1017"
2026-05-31T15:22:43.757,asdf,self_20260531_151909,clip_060,2,rest,,2.1057,1037219.0,raspberry_pi_seeed_gsr,"1037219,2.1057"
2026-05-31T15:22:43.778,asdf,self_20260531_151909,clip_060,2,rest,,2.0985,1037240.0,raspberry_pi_seeed_gsr,"1037240,2.0985"
2026-05-31T15:22:43.799,asdf,self_20260531_151909,clip_060,2,rest,,2.1017,1037261.0,raspberry_pi_seeed_gsr,"1037261,2.1017"
2026-05-31T15:22:43.820,asdf,self_20260531_151909,clip_060,2,rest,,2.1001,1037282.0,raspberry_pi_seeed_gsr,"1037282,2.1001"
2026-05-31T15:22:43.841,asdf,self_20260531_151909,clip_060,2,rest,,2.1009,1037303.0,raspberry_pi_seeed_gsr,"1037303,2.1009"
2026-05-31T15:22:43.862,asdf,self_20260531_151909,clip_060,2,rest,,2.0993,1037324.0,raspberry_pi_seeed_gsr,"1037324,2.0993"
2026-05-31T15:22:43.906,asdf,self_20260531_151909,clip_060,2,rest,,2.0977,1037345.0,raspberry_pi_seeed_gsr,"1037345,2.0977"
2026-05-31T15:22:43.907,asdf,self_20260531_151909,clip_060,2,rest,,2.0937,1037366.0,raspberry_pi_seeed_gsr,"1037366,2.0937"
2026-05-31T15:22:43.925,asdf,self_20260531_151909,clip_060,2,rest,,2.0961,1037387.0,raspberry_pi_seeed_gsr,"1037387,2.0961"
2026-05-31T15:22:43.946,asdf,self_20260531_151909,clip_060,2,rest,,2.1082,1037408.0,raspberry_pi_seeed_gsr,"1037408,2.1082"
2026-05-31T15:22:43.967,asdf,self_20260531_151909,clip_060,2,rest,,2.0928,1037429.0,raspberry_pi_seeed_gsr,"1037429,2.0928"
2026-05-31T15:22:43.988,asdf,self_20260531_151909,clip_060,2,rest,,2.0848,1037450.0,raspberry_pi_seeed_gsr,"1037450,2.0848"
2026-05-31T15:22:44.009,asdf,self_20260531_151909,clip_060,2,rest,,2.0912,1037471.0,raspberry_pi_seeed_gsr,"1037471,2.0912"
2026-05-31T15:22:44.030,asdf,self_20260531_151909,clip_060,2,rest,,2.0961,1037492.0,raspberry_pi_seeed_gsr,"1037492,2.0961"
2026-05-31T15:22:44.051,asdf,self_20260531_151909,clip_060,2,rest,,2.0928,1037513.0,raspberry_pi_seeed_gsr,"1037513,2.0928"
2026-05-31T15:22:44.072,asdf,self_20260531_151909,clip_060,2,rest,,2.0969,1037534.0,raspberry_pi_seeed_gsr,"1037534,2.0969"
2026-05-31T15:22:44.093,asdf,self_20260531_151909,clip_060,2,rest,,2.0606,1037555.0,raspberry_pi_seeed_gsr,"1037555,2.0606"
2026-05-31T15:22:44.114,asdf,self_20260531_151909,clip_060,2,rest,,2.1025,1037576.0,raspberry_pi_seeed_gsr,"1037576,2.1025"
2026-05-31T15:22:44.157,asdf,self_20260531_151909,clip_060,2,rest,,2.109,1037597.0,raspberry_pi_seeed_gsr,"1037597,2.1090"
2026-05-31T15:22:44.158,asdf,self_20260531_151909,clip_060,2,rest,,2.092,1037618.0,raspberry_pi_seeed_gsr,"1037618,2.0920"
2026-05-31T15:22:44.177,asdf,self_20260531_151909,clip_060,2,rest,,2.0985,1037639.0,raspberry_pi_seeed_gsr,"1037639,2.0985"
2026-05-31T15:22:44.198,asdf,self_20260531_151909,clip_060,2,rest,,2.0985,1037660.0,raspberry_pi_seeed_gsr,"1037660,2.0985"
2026-05-31T15:22:44.219,asdf,self_20260531_151909,clip_060,2,rest,,2.0663,1037681.0,raspberry_pi_seeed_gsr,"1037681,2.0663"
2026-05-31T15:22:44.240,asdf,self_20260531_151909,clip_060,2,rest,,2.0993,1037702.0,raspberry_pi_seeed_gsr,"1037702,2.0993"
2026-05-31T15:22:44.261,asdf,self_20260531_151909,clip_060,2,rest,,2.1009,1037723.0,raspberry_pi_seeed_gsr,"1037723,2.1009"
2026-05-31T15:22:44.282,asdf,self_20260531_151909,clip_060,2,rest,,2.1001,1037744.0,raspberry_pi_seeed_gsr,"1037744,2.1001"
2026-05-31T15:22:44.303,asdf,self_20260531_151909,clip_060,2,rest,,2.0993,1037765.0,raspberry_pi_seeed_gsr,"1037765,2.0993"
2026-05-31T15:22:44.324,asdf,self_20260531_151909,clip_060,2,rest,,2.1017,1037786.0,raspberry_pi_seeed_gsr,"1037786,2.1017"
2026-05-31T15:22:44.345,asdf,self_20260531_151909,clip_060,2,rest,,2.0896,1037807.0,raspberry_pi_seeed_gsr,"1037807,2.0896"
2026-05-31T15:22:44.366,asdf,self_20260531_151909,clip_060,2,rest,,2.1057,1037828.0,raspberry_pi_seeed_gsr,"1037828,2.1057"
2026-05-31T15:22:44.410,asdf,self_20260531_151909,clip_060,2,rest,,2.1001,1037849.0,raspberry_pi_seeed_gsr,"1037849,2.1001"
2026-05-31T15:22:44.411,asdf,self_20260531_151909,clip_060,2,rest,,2.0993,1037870.0,raspberry_pi_seeed_gsr,"1037870,2.0993"
2026-05-31T15:22:44.429,asdf,self_20260531_151909,clip_060,2,rest,,2.1025,1037891.0,raspberry_pi_seeed_gsr,"1037891,2.1025"
2026-05-31T15:22:44.450,asdf,self_20260531_151909,clip_060,2,rest,,2.1001,1037912.0,raspberry_pi_seeed_gsr,"1037912,2.1001"
2026-05-31T15:22:44.471,asdf,self_20260531_151909,clip_060,2,rest,,2.0993,1037933.0,raspberry_pi_seeed_gsr,"1037933,2.0993"
2026-05-31T15:22:44.492,asdf,self_20260531_151909,clip_060,2,rest,,2.0993,1037954.0,raspberry_pi_seeed_gsr,"1037954,2.0993"
2026-05-31T15:22:44.513,asdf,self_20260531_151909,clip_060,2,rest,,2.0961,1037975.0,raspberry_pi_seeed_gsr,"1037975,2.0961"
2026-05-31T15:22:44.534,asdf,self_20260531_151909,clip_060,2,rest,,2.1073,1037996.0,raspberry_pi_seeed_gsr,"1037996,2.1073"
2026-05-31T15:22:44.555,asdf,self_20260531_151909,clip_060,2,rest,,2.0977,1038017.0,raspberry_pi_seeed_gsr,"1038017,2.0977"
2026-05-31T15:22:44.576,asdf,self_20260531_151909,clip_060,2,rest,,2.0985,1038038.0,raspberry_pi_seeed_gsr,"1038038,2.0985"
2026-05-31T15:22:44.597,asdf,self_20260531_151909,clip_060,2,rest,,2.0993,1038059.0,raspberry_pi_seeed_gsr,"1038059,2.0993"
2026-05-31T15:22:44.618,asdf,self_20260531_151909,clip_060,2,rest,,2.1082,1038080.0,raspberry_pi_seeed_gsr,"1038080,2.1082"
2026-05-31T15:22:44.664,asdf,self_20260531_151909,clip_060,2,rest,,2.1114,1038101.0,raspberry_pi_seeed_gsr,"1038101,2.1114"
2026-05-31T15:22:44.665,asdf,self_20260531_151909,clip_060,2,rest,,2.0848,1038122.0,raspberry_pi_seeed_gsr,"1038122,2.0848"
2026-05-31T15:22:44.681,asdf,self_20260531_151909,clip_060,2,rest,,2.1001,1038143.0,raspberry_pi_seeed_gsr,"1038143,2.1001"
2026-05-31T15:22:44.702,asdf,self_20260531_151909,clip_060,2,rest,,2.0993,1038164.0,raspberry_pi_seeed_gsr,"1038164,2.0993"
2026-05-31T15:22:44.723,asdf,self_20260531_151909,clip_060,2,rest,,2.0937,1038185.0,raspberry_pi_seeed_gsr,"1038185,2.0937"
2026-05-31T15:22:44.744,asdf,self_20260531_151909,clip_060,2,rest,,2.0993,1038206.0,raspberry_pi_seeed_gsr,"1038206,2.0993"
2026-05-31T15:22:44.765,asdf,self_20260531_151909,clip_060,2,rest,,2.1025,1038227.0,raspberry_pi_seeed_gsr,"1038227,2.1025"
2026-05-31T15:22:44.786,asdf,self_20260531_151909,clip_060,2,rest,,2.0937,1038248.0,raspberry_pi_seeed_gsr,"1038248,2.0937"
2026-05-31T15:22:44.807,asdf,self_20260531_151909,clip_060,2,rest,,2.0993,1038269.0,raspberry_pi_seeed_gsr,"1038269,2.0993"
2026-05-31T15:22:44.828,asdf,self_20260531_151909,clip_060,2,rest,,2.1065,1038290.0,raspberry_pi_seeed_gsr,"1038290,2.1065"
2026-05-31T15:22:44.849,asdf,self_20260531_151909,clip_060,2,rest,,2.0985,1038311.0,raspberry_pi_seeed_gsr,"1038311,2.0985"
2026-05-31T15:22:44.871,asdf,self_20260531_151909,clip_060,2,rest,,2.0969,1038332.0,raspberry_pi_seeed_gsr,"1038332,2.0969"
2026-05-31T15:22:44.917,asdf,self_20260531_151909,clip_060,2,rest,,2.0928,1038353.0,raspberry_pi_seeed_gsr,"1038353,2.0928"
2026-05-31T15:22:44.918,asdf,self_20260531_151909,clip_060,2,rest,,2.0969,1038374.0,raspberry_pi_seeed_gsr,"1038374,2.0969"
2026-05-31T15:22:44.933,asdf,self_20260531_151909,clip_060,2,rest,,2.1017,1038395.0,raspberry_pi_seeed_gsr,"1038395,2.1017"
2026-05-31T15:22:44.954,asdf,self_20260531_151909,clip_060,2,rest,,2.1049,1038416.0,raspberry_pi_seeed_gsr,"1038416,2.1049"
2026-05-31T15:22:44.975,asdf,self_20260531_151909,clip_060,2,rest,,2.1001,1038437.0,raspberry_pi_seeed_gsr,"1038437,2.1001"
2026-05-31T15:22:44.996,asdf,self_20260531_151909,clip_060,2,rest,,2.0969,1038458.0,raspberry_pi_seeed_gsr,"1038458,2.0969"
2026-05-31T15:22:45.017,asdf,self_20260531_151909,clip_060,2,rest,,2.1017,1038479.0,raspberry_pi_seeed_gsr,"1038479,2.1017"
2026-05-31T15:22:45.038,asdf,self_20260531_151909,clip_060,2,rest,,2.0904,1038500.0,raspberry_pi_seeed_gsr,"1038500,2.0904"
2026-05-31T15:22:45.059,asdf,self_20260531_151909,clip_060,2,rest,,2.0993,1038521.0,raspberry_pi_seeed_gsr,"1038521,2.0993"
2026-05-31T15:22:45.080,asdf,self_20260531_151909,clip_060,2,rest,,2.0928,1038542.0,raspberry_pi_seeed_gsr,"1038542,2.0928"
2026-05-31T15:22:45.101,asdf,self_20260531_151909,clip_060,2,rest,,2.0969,1038563.0,raspberry_pi_seeed_gsr,"1038563,2.0969"
2026-05-31T15:22:45.122,asdf,self_20260531_151909,clip_060,2,rest,,2.0953,1038584.0,raspberry_pi_seeed_gsr,"1038584,2.0953"
2026-05-31T15:22:45.167,asdf,self_20260531_151909,clip_060,2,rest,,2.0977,1038605.0,raspberry_pi_seeed_gsr,"1038605,2.0977"
2026-05-31T15:22:45.168,asdf,self_20260531_151909,clip_060,2,rest,,2.0993,1038626.0,raspberry_pi_seeed_gsr,"1038626,2.0993"
2026-05-31T15:22:45.185,asdf,self_20260531_151909,clip_060,2,rest,,2.0945,1038647.0,raspberry_pi_seeed_gsr,"1038647,2.0945"
2026-05-31T15:22:45.206,asdf,self_20260531_151909,clip_060,2,rest,,2.1001,1038668.0,raspberry_pi_seeed_gsr,"1038668,2.1001"
2026-05-31T15:22:45.227,asdf,self_20260531_151909,clip_060,2,rest,,2.1001,1038689.0,raspberry_pi_seeed_gsr,"1038689,2.1001"
2026-05-31T15:22:45.248,asdf,self_20260531_151909,clip_060,2,rest,,2.1025,1038710.0,raspberry_pi_seeed_gsr,"1038710,2.1025"
2026-05-31T15:22:45.269,asdf,self_20260531_151909,clip_060,2,rest,,2.0993,1038731.0,raspberry_pi_seeed_gsr,"1038731,2.0993"
2026-05-31T15:22:45.290,asdf,self_20260531_151909,clip_060,2,rest,,2.0937,1038752.0,raspberry_pi_seeed_gsr,"1038752,2.0937"
2026-05-31T15:22:45.311,asdf,self_20260531_151909,clip_060,2,rest,,2.1049,1038773.0,raspberry_pi_seeed_gsr,"1038773,2.1049"
2026-05-31T15:22:45.332,asdf,self_20260531_151909,clip_060,2,rest,,2.0993,1038794.0,raspberry_pi_seeed_gsr,"1038794,2.0993"
2026-05-31T15:22:45.353,asdf,self_20260531_151909,clip_060,2,rest,,2.0961,1038815.0,raspberry_pi_seeed_gsr,"1038815,2.0961"
2026-05-31T15:22:45.374,asdf,self_20260531_151909,clip_060,2,rest,,2.0953,1038836.0,raspberry_pi_seeed_gsr,"1038836,2.0953"
2026-05-31T15:22:45.420,asdf,self_20260531_151909,clip_060,2,rest,,2.1259,1038857.0,raspberry_pi_seeed_gsr,"1038857,2.1259"
2026-05-31T15:22:45.421,asdf,self_20260531_151909,clip_060,2,rest,,2.0953,1038878.0,raspberry_pi_seeed_gsr,"1038878,2.0953"
2026-05-31T15:22:45.437,asdf,self_20260531_151909,clip_060,2,rest,,2.0961,1038899.0,raspberry_pi_seeed_gsr,"1038899,2.0961"
2026-05-31T15:22:45.458,asdf,self_20260531_151909,clip_060,2,rest,,2.0904,1038920.0,raspberry_pi_seeed_gsr,"1038920,2.0904"
2026-05-31T15:22:45.479,asdf,self_20260531_151909,clip_060,2,rest,,2.0969,1038941.0,raspberry_pi_seeed_gsr,"1038941,2.0969"
2026-05-31T15:22:45.500,asdf,self_20260531_151909,clip_060,2,rest,,2.1009,1038962.0,raspberry_pi_seeed_gsr,"1038962,2.1009"
2026-05-31T15:22:45.521,asdf,self_20260531_151909,clip_060,2,rest,,2.0985,1038983.0,raspberry_pi_seeed_gsr,"1038983,2.0985"
2026-05-31T15:22:45.542,asdf,self_20260531_151909,clip_060,2,rest,,2.0969,1039004.0,raspberry_pi_seeed_gsr,"1039004,2.0969"
2026-05-31T15:22:45.563,asdf,self_20260531_151909,clip_060,2,rest,,2.1082,1039025.0,raspberry_pi_seeed_gsr,"1039025,2.1082"
2026-05-31T15:22:45.584,asdf,self_20260531_151909,clip_060,2,rest,,2.0937,1039046.0,raspberry_pi_seeed_gsr,"1039046,2.0937"
2026-05-31T15:22:45.605,asdf,self_20260531_151909,clip_060,2,rest,,2.109,1039067.0,raspberry_pi_seeed_gsr,"1039067,2.1090"
2026-05-31T15:22:45.626,asdf,self_20260531_151909,clip_060,2,rest,,2.0856,1039088.0,raspberry_pi_seeed_gsr,"1039088,2.0856"
2026-05-31T15:22:45.668,asdf,self_20260531_151909,clip_060,2,rest,,2.1001,1039109.0,raspberry_pi_seeed_gsr,"1039109,2.1001"
2026-05-31T15:22:45.669,asdf,self_20260531_151909,clip_060,2,rest,,2.0993,1039130.0,raspberry_pi_seeed_gsr,"1039130,2.0993"
2026-05-31T15:22:45.689,asdf,self_20260531_151909,clip_060,2,rest,,2.0969,1039151.0,raspberry_pi_seeed_gsr,"1039151,2.0969"
2026-05-31T15:22:45.710,asdf,self_20260531_151909,clip_060,2,rest,,2.0977,1039172.0,raspberry_pi_seeed_gsr,"1039172,2.0977"
2026-05-31T15:22:45.731,asdf,self_20260531_151909,clip_060,2,rest,,2.0985,1039193.0,raspberry_pi_seeed_gsr,"1039193,2.0985"
2026-05-31T15:22:45.752,asdf,self_20260531_151909,clip_060,2,rest,,2.0848,1039214.0,raspberry_pi_seeed_gsr,"1039214,2.0848"
2026-05-31T15:22:45.773,asdf,self_20260531_151909,clip_060,2,rest,,2.0912,1039235.0,raspberry_pi_seeed_gsr,"1039235,2.0912"
2026-05-31T15:22:45.794,asdf,self_20260531_151909,clip_060,2,rest,,2.0985,1039256.0,raspberry_pi_seeed_gsr,"1039256,2.0985"
2026-05-31T15:22:45.815,asdf,self_20260531_151909,clip_060,2,rest,,2.0961,1039277.0,raspberry_pi_seeed_gsr,"1039277,2.0961"
2026-05-31T15:22:45.836,asdf,self_20260531_151909,clip_060,2,rest,,2.1033,1039298.0,raspberry_pi_seeed_gsr,"1039298,2.1033"
2026-05-31T15:22:45.857,asdf,self_20260531_151909,clip_060,2,rest,,2.0928,1039319.0,raspberry_pi_seeed_gsr,"1039319,2.0928"
2026-05-31T15:22:45.878,asdf,self_20260531_151909,clip_060,2,rest,,2.0993,1039340.0,raspberry_pi_seeed_gsr,"1039340,2.0993"
2026-05-31T15:22:45.922,asdf,self_20260531_151909,clip_060,2,rest,,2.1017,1039361.0,raspberry_pi_seeed_gsr,"1039361,2.1017"
2026-05-31T15:22:45.923,asdf,self_20260531_151909,clip_060,2,rest,,2.0993,1039382.0,raspberry_pi_seeed_gsr,"1039382,2.0993"
2026-05-31T15:22:45.941,asdf,self_20260531_151909,clip_060,2,rest,,2.1057,1039403.0,raspberry_pi_seeed_gsr,"1039403,2.1057"
2026-05-31T15:22:45.962,asdf,self_20260531_151909,clip_060,2,rest,,2.0937,1039424.0,raspberry_pi_seeed_gsr,"1039424,2.0937"
2026-05-31T15:22:45.983,asdf,self_20260531_151909,clip_060,2,rest,,2.1033,1039445.0,raspberry_pi_seeed_gsr,"1039445,2.1033"
2026-05-31T15:22:46.004,asdf,self_20260531_151909,clip_060,2,rest,,2.0993,1039466.0,raspberry_pi_seeed_gsr,"1039466,2.0993"
2026-05-31T15:22:46.025,asdf,self_20260531_151909,clip_060,2,rest,,2.0969,1039487.0,raspberry_pi_seeed_gsr,"1039487,2.0969"
2026-05-31T15:22:46.046,asdf,self_20260531_151909,clip_060,2,rest,,2.0977,1039508.0,raspberry_pi_seeed_gsr,"1039508,2.0977"
2026-05-31T15:22:46.067,asdf,self_20260531_151909,clip_060,2,rest,,2.0985,1039529.0,raspberry_pi_seeed_gsr,"1039529,2.0985"
2026-05-31T15:22:46.088,asdf,self_20260531_151909,clip_060,2,rest,,2.0937,1039550.0,raspberry_pi_seeed_gsr,"1039550,2.0937"
2026-05-31T15:22:46.109,asdf,self_20260531_151909,clip_060,2,rest,,2.0993,1039571.0,raspberry_pi_seeed_gsr,"1039571,2.0993"
2026-05-31T15:22:46.130,asdf,self_20260531_151909,clip_060,2,rest,,2.1001,1039592.0,raspberry_pi_seeed_gsr,"1039592,2.1001"
2026-05-31T15:22:46.177,asdf,self_20260531_151909,clip_060,2,rest,,2.1154,1039613.0,raspberry_pi_seeed_gsr,"1039613,2.1154"
2026-05-31T15:22:46.178,asdf,self_20260531_151909,clip_060,2,rest,,2.0985,1039634.0,raspberry_pi_seeed_gsr,"1039634,2.0985"
2026-05-31T15:22:46.193,asdf,self_20260531_151909,clip_060,2,rest,,2.0993,1039655.0,raspberry_pi_seeed_gsr,"1039655,2.0993"
2026-05-31T15:22:46.214,asdf,self_20260531_151909,clip_060,2,rest,,2.0969,1039676.0,raspberry_pi_seeed_gsr,"1039676,2.0969"
2026-05-31T15:22:46.235,asdf,self_20260531_151909,clip_060,2,rest,,2.1057,1039697.0,raspberry_pi_seeed_gsr,"1039697,2.1057"
2026-05-31T15:22:46.256,asdf,self_20260531_151909,clip_060,2,rest,,2.092,1039718.0,raspberry_pi_seeed_gsr,"1039718,2.0920"
2026-05-31T15:22:46.277,asdf,self_20260531_151909,clip_060,2,rest,,2.092,1039739.0,raspberry_pi_seeed_gsr,"1039739,2.0920"
2026-05-31T15:22:46.298,asdf,self_20260531_151909,clip_060,2,rest,,2.1065,1039760.0,raspberry_pi_seeed_gsr,"1039760,2.1065"
2026-05-31T15:22:46.319,asdf,self_20260531_151909,clip_060,2,rest,,2.0937,1039781.0,raspberry_pi_seeed_gsr,"1039781,2.0937"
2026-05-31T15:22:46.340,asdf,self_20260531_151909,clip_060,2,rest,,2.0953,1039802.0,raspberry_pi_seeed_gsr,"1039802,2.0953"
2026-05-31T15:22:46.361,asdf,self_20260531_151909,clip_060,2,rest,,2.0977,1039823.0,raspberry_pi_seeed_gsr,"1039823,2.0977"
2026-05-31T15:22:46.382,asdf,self_20260531_151909,clip_060,2,rest,,2.0961,1039844.0,raspberry_pi_seeed_gsr,"1039844,2.0961"
2026-05-31T15:22:46.420,asdf,self_20260531_151909,clip_060,2,rest,,2.1057,1039865.0,raspberry_pi_seeed_gsr,"1039865,2.1057"
2026-05-31T15:22:46.424,asdf,self_20260531_151909,clip_060,2,rest,,2.0985,1039886.0,raspberry_pi_seeed_gsr,"1039886,2.0985"
2026-05-31T15:22:46.445,asdf,self_20260531_151909,clip_060,2,rest,,2.0969,1039907.0,raspberry_pi_seeed_gsr,"1039907,2.0969"
2026-05-31T15:22:46.466,asdf,self_20260531_151909,clip_060,2,rest,,2.0969,1039928.0,raspberry_pi_seeed_gsr,"1039928,2.0969"
2026-05-31T15:22:46.487,asdf,self_20260531_151909,clip_060,2,rest,,2.1001,1039949.0,raspberry_pi_seeed_gsr,"1039949,2.1001"
2026-05-31T15:22:46.508,asdf,self_20260531_151909,clip_060,2,rest,,2.0985,1039970.0,raspberry_pi_seeed_gsr,"1039970,2.0985"
2026-05-31T15:22:46.529,asdf,self_20260531_151909,clip_060,2,rest,,2.0969,1039991.0,raspberry_pi_seeed_gsr,"1039991,2.0969"
2026-05-31T15:22:46.550,asdf,self_20260531_151909,clip_060,2,rest,,2.092,1040012.0,raspberry_pi_seeed_gsr,"1040012,2.0920"
2026-05-31T15:22:46.571,asdf,self_20260531_151909,clip_060,2,rest,,2.0937,1040033.0,raspberry_pi_seeed_gsr,"1040033,2.0937"
2026-05-31T15:22:46.593,asdf,self_20260531_151909,clip_060,2,rest,,2.109,1040054.0,raspberry_pi_seeed_gsr,"1040054,2.1090"
2026-05-31T15:22:46.613,asdf,self_20260531_151909,clip_060,2,rest,,2.092,1040075.0,raspberry_pi_seeed_gsr,"1040075,2.0920"
2026-05-31T15:22:46.634,asdf,self_20260531_151909,clip_060,2,rest,,2.0985,1040096.0,raspberry_pi_seeed_gsr,"1040096,2.0985"
2026-05-31T15:22:46.677,asdf,self_20260531_151909,clip_060,2,rest,,2.0977,1040117.0,raspberry_pi_seeed_gsr,"1040117,2.0977"
2026-05-31T15:22:46.678,asdf,self_20260531_151909,clip_060,2,rest,,2.0977,1040138.0,raspberry_pi_seeed_gsr,"1040138,2.0977"
2026-05-31T15:22:46.697,asdf,self_20260531_151909,clip_060,2,rest,,2.088,1040159.0,raspberry_pi_seeed_gsr,"1040159,2.0880"
2026-05-31T15:22:46.718,asdf,self_20260531_151909,clip_060,2,rest,,2.0904,1040180.0,raspberry_pi_seeed_gsr,"1040180,2.0904"
2026-05-31T15:22:46.739,asdf,self_20260531_151909,clip_060,2,rest,,2.0888,1040201.0,raspberry_pi_seeed_gsr,"1040201,2.0888"
2026-05-31T15:22:46.760,asdf,self_20260531_151909,clip_060,2,rest,,2.0977,1040222.0,raspberry_pi_seeed_gsr,"1040222,2.0977"
2026-05-31T15:22:46.781,asdf,self_20260531_151909,clip_060,2,rest,,2.0993,1040243.0,raspberry_pi_seeed_gsr,"1040243,2.0993"
2026-05-31T15:22:46.802,asdf,self_20260531_151909,clip_060,2,rest,,2.0977,1040264.0,raspberry_pi_seeed_gsr,"1040264,2.0977"
2026-05-31T15:22:46.823,asdf,self_20260531_151909,clip_060,2,rest,,2.0961,1040285.0,raspberry_pi_seeed_gsr,"1040285,2.0961"
2026-05-31T15:22:46.844,asdf,self_20260531_151909,clip_060,2,rest,,2.0977,1040306.0,raspberry_pi_seeed_gsr,"1040306,2.0977"
2026-05-31T15:22:46.865,asdf,self_20260531_151909,clip_060,2,rest,,2.0953,1040327.0,raspberry_pi_seeed_gsr,"1040327,2.0953"
2026-05-31T15:22:46.886,asdf,self_20260531_151909,clip_060,2,rest,,2.1033,1040348.0,raspberry_pi_seeed_gsr,"1040348,2.1033"
2026-05-31T15:22:46.928,asdf,self_20260531_151909,clip_060,2,rest,,2.1017,1040369.0,raspberry_pi_seeed_gsr,"1040369,2.1017"
2026-05-31T15:22:46.929,asdf,self_20260531_151909,clip_060,2,rest,,2.1001,1040390.0,raspberry_pi_seeed_gsr,"1040390,2.1001"
2026-05-31T15:22:46.949,asdf,self_20260531_151909,clip_060,2,rest,,2.0977,1040411.0,raspberry_pi_seeed_gsr,"1040411,2.0977"
2026-05-31T15:22:46.970,asdf,self_20260531_151909,clip_060,2,rest,,2.1009,1040432.0,raspberry_pi_seeed_gsr,"1040432,2.1009"
2026-05-31T15:22:46.991,asdf,self_20260531_151909,clip_060,2,rest,,2.1057,1040453.0,raspberry_pi_seeed_gsr,"1040453,2.1057"
2026-05-31T15:22:47.012,asdf,self_20260531_151909,clip_060,2,rest,,2.0993,1040474.0,raspberry_pi_seeed_gsr,"1040474,2.0993"
2026-05-31T15:22:47.033,asdf,self_20260531_151909,clip_060,2,rest,,2.0993,1040495.0,raspberry_pi_seeed_gsr,"1040495,2.0993"
2026-05-31T15:22:47.054,asdf,self_20260531_151909,clip_060,2,rest,,2.1001,1040516.0,raspberry_pi_seeed_gsr,"1040516,2.1001"
2026-05-31T15:22:47.075,asdf,self_20260531_151909,clip_060,2,rest,,2.0977,1040537.0,raspberry_pi_seeed_gsr,"1040537,2.0977"
2026-05-31T15:22:47.096,asdf,self_20260531_151909,clip_060,2,rest,,2.0993,1040558.0,raspberry_pi_seeed_gsr,"1040558,2.0993"
2026-05-31T15:22:47.117,asdf,self_20260531_151909,clip_060,2,rest,,2.0928,1040579.0,raspberry_pi_seeed_gsr,"1040579,2.0928"
2026-05-31T15:22:47.138,asdf,self_20260531_151909,clip_060,2,rest,,2.1057,1040600.0,raspberry_pi_seeed_gsr,"1040600,2.1057"
2026-05-31T15:22:47.175,asdf,self_20260531_151909,clip_060,2,rest,,2.1001,1040621.0,raspberry_pi_seeed_gsr,"1040621,2.1001"
2026-05-31T15:22:47.180,asdf,self_20260531_151909,clip_060,2,rest,,2.0993,1040642.0,raspberry_pi_seeed_gsr,"1040642,2.0993"
2026-05-31T15:22:47.201,asdf,self_20260531_151909,clip_060,2,rest,,2.0993,1040663.0,raspberry_pi_seeed_gsr,"1040663,2.0993"
2026-05-31T15:22:47.222,asdf,self_20260531_151909,clip_060,2,rest,,2.0904,1040684.0,raspberry_pi_seeed_gsr,"1040684,2.0904"
2026-05-31T15:22:47.243,asdf,self_20260531_151909,clip_060,2,rest,,2.0993,1040705.0,raspberry_pi_seeed_gsr,"1040705,2.0993"
2026-05-31T15:22:47.264,asdf,self_20260531_151909,clip_060,2,rest,,2.0993,1040726.0,raspberry_pi_seeed_gsr,"1040726,2.0993"
2026-05-31T15:22:47.285,asdf,self_20260531_151909,clip_060,2,rest,,2.0977,1040747.0,raspberry_pi_seeed_gsr,"1040747,2.0977"
2026-05-31T15:22:47.306,asdf,self_20260531_151909,clip_060,2,rest,,2.0993,1040768.0,raspberry_pi_seeed_gsr,"1040768,2.0993"
2026-05-31T15:22:47.327,asdf,self_20260531_151909,clip_060,2,rest,,2.0904,1040789.0,raspberry_pi_seeed_gsr,"1040789,2.0904"
2026-05-31T15:22:47.348,asdf,self_20260531_151909,clip_060,2,rest,,2.0953,1040810.0,raspberry_pi_seeed_gsr,"1040810,2.0953"
2026-05-31T15:22:47.369,asdf,self_20260531_151909,clip_060,2,rest,,2.1017,1040831.0,raspberry_pi_seeed_gsr,"1040831,2.1017"
2026-05-31T15:22:47.390,asdf,self_20260531_151909,clip_060,2,rest,,2.1001,1040852.0,raspberry_pi_seeed_gsr,"1040852,2.1001"
2026-05-31T15:22:47.433,asdf,self_20260531_151909,clip_060,2,rest,,2.0985,1040873.0,raspberry_pi_seeed_gsr,"1040873,2.0985"
2026-05-31T15:22:47.434,asdf,self_20260531_151909,clip_060,2,rest,,2.0969,1040894.0,raspberry_pi_seeed_gsr,"1040894,2.0969"
2026-05-31T15:22:47.453,asdf,self_20260531_151909,clip_060,2,rest,,2.1025,1040915.0,raspberry_pi_seeed_gsr,"1040915,2.1025"
2026-05-31T15:22:47.474,asdf,self_20260531_151909,clip_060,2,rest,,2.1001,1040936.0,raspberry_pi_seeed_gsr,"1040936,2.1001"
2026-05-31T15:22:47.495,asdf,self_20260531_151909,clip_060,2,rest,,2.1033,1040957.0,raspberry_pi_seeed_gsr,"1040957,2.1033"
2026-05-31T15:22:47.516,asdf,self_20260531_151909,clip_060,2,rest,,2.0993,1040978.0,raspberry_pi_seeed_gsr,"1040978,2.0993"
2026-05-31T15:22:47.537,asdf,self_20260531_151909,clip_060,2,rest,,2.0985,1040999.0,raspberry_pi_seeed_gsr,"1040999,2.0985"
2026-05-31T15:22:47.558,asdf,self_20260531_151909,clip_060,2,rest,,2.1017,1041020.0,raspberry_pi_seeed_gsr,"1041020,2.1017"
2026-05-31T15:22:47.579,asdf,self_20260531_151909,clip_060,2,rest,,2.0928,1041041.0,raspberry_pi_seeed_gsr,"1041041,2.0928"
2026-05-31T15:22:47.600,asdf,self_20260531_151909,clip_060,2,rest,,2.0977,1041062.0,raspberry_pi_seeed_gsr,"1041062,2.0977"
2026-05-31T15:22:47.621,asdf,self_20260531_151909,clip_060,2,rest,,2.0993,1041083.0,raspberry_pi_seeed_gsr,"1041083,2.0993"
2026-05-31T15:22:47.642,asdf,self_20260531_151909,clip_060,2,rest,,2.0993,1041104.0,raspberry_pi_seeed_gsr,"1041104,2.0993"
2026-05-31T15:22:47.686,asdf,self_20260531_151909,clip_060,2,rest,,2.1017,1041125.0,raspberry_pi_seeed_gsr,"1041125,2.1017"
2026-05-31T15:22:47.687,asdf,self_20260531_151909,clip_060,2,rest,,2.0993,1041146.0,raspberry_pi_seeed_gsr,"1041146,2.0993"
2026-05-31T15:22:47.705,asdf,self_20260531_151909,clip_060,2,rest,,2.1033,1041167.0,raspberry_pi_seeed_gsr,"1041167,2.1033"
2026-05-31T15:22:47.726,asdf,self_20260531_151909,clip_060,2,rest,,2.1001,1041188.0,raspberry_pi_seeed_gsr,"1041188,2.1001"
2026-05-31T15:22:47.747,asdf,self_20260531_151909,clip_060,2,rest,,2.1017,1041209.0,raspberry_pi_seeed_gsr,"1041209,2.1017"
2026-05-31T15:22:47.768,asdf,self_20260531_151909,clip_060,2,rest,,2.1025,1041230.0,raspberry_pi_seeed_gsr,"1041230,2.1025"
2026-05-31T15:22:47.789,asdf,self_20260531_151909,clip_060,2,rest,,2.0928,1041251.0,raspberry_pi_seeed_gsr,"1041251,2.0928"
2026-05-31T15:22:47.810,asdf,self_20260531_151909,clip_060,2,rest,,2.1025,1041272.0,raspberry_pi_seeed_gsr,"1041272,2.1025"
2026-05-31T15:22:47.831,asdf,self_20260531_151909,clip_060,2,rest,,2.0969,1041293.0,raspberry_pi_seeed_gsr,"1041293,2.0969"
2026-05-31T15:22:47.852,asdf,self_20260531_151909,clip_060,2,rest,,2.0888,1041314.0,raspberry_pi_seeed_gsr,"1041314,2.0888"
2026-05-31T15:22:47.873,asdf,self_20260531_151909,clip_060,2,rest,,2.0985,1041335.0,raspberry_pi_seeed_gsr,"1041335,2.0985"
2026-05-31T15:22:47.894,asdf,self_20260531_151909,clip_060,2,rest,,2.0937,1041356.0,raspberry_pi_seeed_gsr,"1041356,2.0937"
2026-05-31T15:22:47.935,asdf,self_20260531_151909,clip_060,2,rest,,2.0937,1041377.0,raspberry_pi_seeed_gsr,"1041377,2.0937"
2026-05-31T15:22:47.936,asdf,self_20260531_151909,clip_060,2,rest,,2.0928,1041398.0,raspberry_pi_seeed_gsr,"1041398,2.0928"
2026-05-31T15:22:47.957,asdf,self_20260531_151909,clip_060,2,rest,,2.0953,1041419.0,raspberry_pi_seeed_gsr,"1041419,2.0953"
2026-05-31T15:22:47.978,asdf,self_20260531_151909,clip_060,2,rest,,2.1041,1041440.0,raspberry_pi_seeed_gsr,"1041440,2.1041"
2026-05-31T15:22:47.999,asdf,self_20260531_151909,clip_060,2,rest,,2.0993,1041461.0,raspberry_pi_seeed_gsr,"1041461,2.0993"
2026-05-31T15:22:48.020,asdf,self_20260531_151909,clip_060,2,rest,,2.0969,1041482.0,raspberry_pi_seeed_gsr,"1041482,2.0969"
2026-05-31T15:22:48.041,asdf,self_20260531_151909,clip_060,2,rest,,2.1001,1041503.0,raspberry_pi_seeed_gsr,"1041503,2.1001"
2026-05-31T15:22:48.062,asdf,self_20260531_151909,clip_060,2,rest,,2.0985,1041524.0,raspberry_pi_seeed_gsr,"1041524,2.0985"
2026-05-31T15:22:48.083,asdf,self_20260531_151909,clip_060,2,rest,,2.1001,1041545.0,raspberry_pi_seeed_gsr,"1041545,2.1001"
2026-05-31T15:22:48.104,asdf,self_20260531_151909,clip_060,2,rest,,2.1025,1041566.0,raspberry_pi_seeed_gsr,"1041566,2.1025"
2026-05-31T15:22:48.125,asdf,self_20260531_151909,clip_060,2,rest,,2.1041,1041587.0,raspberry_pi_seeed_gsr,"1041587,2.1041"
2026-05-31T15:22:48.146,asdf,self_20260531_151909,clip_060,2,rest,,2.0993,1041608.0,raspberry_pi_seeed_gsr,"1041608,2.0993"
2026-05-31T15:22:48.189,asdf,self_20260531_151909,clip_060,2,rest,,2.0993,1041629.0,raspberry_pi_seeed_gsr,"1041629,2.0993"
2026-05-31T15:22:48.190,asdf,self_20260531_151909,clip_060,2,rest,,2.0953,1041650.0,raspberry_pi_seeed_gsr,"1041650,2.0953"
2026-05-31T15:22:48.209,asdf,self_20260531_151909,clip_060,2,rest,,2.0985,1041671.0,raspberry_pi_seeed_gsr,"1041671,2.0985"
2026-05-31T15:22:48.230,asdf,self_20260531_151909,clip_060,2,rest,,2.1001,1041692.0,raspberry_pi_seeed_gsr,"1041692,2.1001"
2026-05-31T15:22:48.251,asdf,self_20260531_151909,clip_060,2,rest,,2.0993,1041713.0,raspberry_pi_seeed_gsr,"1041713,2.0993"
2026-05-31T15:22:48.272,asdf,self_20260531_151909,clip_060,2,rest,,2.0969,1041734.0,raspberry_pi_seeed_gsr,"1041734,2.0969"
2026-05-31T15:22:48.293,asdf,self_20260531_151909,clip_060,2,rest,,2.0953,1041755.0,raspberry_pi_seeed_gsr,"1041755,2.0953"
2026-05-31T15:22:48.314,asdf,self_20260531_151909,clip_060,2,rest,,2.1017,1041776.0,raspberry_pi_seeed_gsr,"1041776,2.1017"
2026-05-31T15:22:48.335,asdf,self_20260531_151909,clip_060,2,rest,,2.0953,1041797.0,raspberry_pi_seeed_gsr,"1041797,2.0953"
2026-05-31T15:22:48.356,asdf,self_20260531_151909,clip_060,2,rest,,2.0993,1041818.0,raspberry_pi_seeed_gsr,"1041818,2.0993"
2026-05-31T15:22:48.377,asdf,self_20260531_151909,clip_060,2,rest,,2.1001,1041839.0,raspberry_pi_seeed_gsr,"1041839,2.1001"
2026-05-31T15:22:48.398,asdf,self_20260531_151909,clip_060,2,rest,,2.0985,1041860.0,raspberry_pi_seeed_gsr,"1041860,2.0985"
2026-05-31T15:22:48.440,asdf,self_20260531_151909,clip_060,2,rest,,2.0961,1041881.0,raspberry_pi_seeed_gsr,"1041881,2.0961"
2026-05-31T15:22:48.441,asdf,self_20260531_151909,clip_060,2,rest,,2.1025,1041902.0,raspberry_pi_seeed_gsr,"1041902,2.1025"
2026-05-31T15:22:48.461,asdf,self_20260531_151909,clip_060,2,rest,,2.0961,1041923.0,raspberry_pi_seeed_gsr,"1041923,2.0961"
2026-05-31T15:22:48.482,asdf,self_20260531_151909,clip_060,2,rest,,2.1033,1041944.0,raspberry_pi_seeed_gsr,"1041944,2.1033"
2026-05-31T15:22:48.503,asdf,self_20260531_151909,clip_060,2,rest,,2.0953,1041965.0,raspberry_pi_seeed_gsr,"1041965,2.0953"
2026-05-31T15:22:48.524,asdf,self_20260531_151909,clip_060,2,rest,,2.0937,1041986.0,raspberry_pi_seeed_gsr,"1041986,2.0937"
2026-05-31T15:22:48.545,asdf,self_20260531_151909,clip_060,2,rest,,2.0961,1042007.0,raspberry_pi_seeed_gsr,"1042007,2.0961"
2026-05-31T15:22:48.566,asdf,self_20260531_151909,clip_060,2,rest,,2.1001,1042028.0,raspberry_pi_seeed_gsr,"1042028,2.1001"
2026-05-31T15:22:48.588,asdf,self_20260531_151909,clip_060,2,rest,,2.0993,1042049.0,raspberry_pi_seeed_gsr,"1042049,2.0993"
2026-05-31T15:22:48.608,asdf,self_20260531_151909,clip_060,2,rest,,2.0977,1042070.0,raspberry_pi_seeed_gsr,"1042070,2.0977"
2026-05-31T15:22:48.629,asdf,self_20260531_151909,clip_060,2,rest,,2.0985,1042091.0,raspberry_pi_seeed_gsr,"1042091,2.0985"
2026-05-31T15:22:48.650,asdf,self_20260531_151909,clip_060,2,rest,,2.1001,1042112.0,raspberry_pi_seeed_gsr,"1042112,2.1001"
2026-05-31T15:22:48.692,asdf,self_20260531_151909,clip_060,2,rest,,2.0993,1042133.0,raspberry_pi_seeed_gsr,"1042133,2.0993"
2026-05-31T15:22:48.693,asdf,self_20260531_151909,clip_060,2,rest,,2.0977,1042154.0,raspberry_pi_seeed_gsr,"1042154,2.0977"
2026-05-31T15:22:48.713,asdf,self_20260531_151909,clip_060,2,rest,,2.0961,1042175.0,raspberry_pi_seeed_gsr,"1042175,2.0961"
2026-05-31T15:22:48.734,asdf,self_20260531_151909,clip_060,2,rest,,2.0969,1042196.0,raspberry_pi_seeed_gsr,"1042196,2.0969"
2026-05-31T15:22:48.755,asdf,self_20260531_151909,clip_060,2,rest,,2.0961,1042217.0,raspberry_pi_seeed_gsr,"1042217,2.0961"
2026-05-31T15:22:48.776,asdf,self_20260531_151909,clip_060,2,rest,,2.092,1042238.0,raspberry_pi_seeed_gsr,"1042238,2.0920"
2026-05-31T15:22:48.797,asdf,self_20260531_151909,clip_060,2,rest,,2.1017,1042259.0,raspberry_pi_seeed_gsr,"1042259,2.1017"
2026-05-31T15:22:48.818,asdf,self_20260531_151909,clip_060,2,rest,,2.0969,1042280.0,raspberry_pi_seeed_gsr,"1042280,2.0969"
2026-05-31T15:22:48.839,asdf,self_20260531_151909,clip_060,2,rest,,2.1001,1042301.0,raspberry_pi_seeed_gsr,"1042301,2.1001"
2026-05-31T15:22:48.860,asdf,self_20260531_151909,clip_060,2,rest,,2.0993,1042322.0,raspberry_pi_seeed_gsr,"1042322,2.0993"
2026-05-31T15:22:48.881,asdf,self_20260531_151909,clip_060,2,rest,,2.0977,1042343.0,raspberry_pi_seeed_gsr,"1042343,2.0977"
2026-05-31T15:22:48.902,asdf,self_20260531_151909,clip_060,2,rest,,2.0977,1042364.0,raspberry_pi_seeed_gsr,"1042364,2.0977"
2026-05-31T15:22:48.949,asdf,self_20260531_151909,clip_060,2,rest,,2.1001,1042385.0,raspberry_pi_seeed_gsr,"1042385,2.1001"
2026-05-31T15:22:48.949,asdf,self_20260531_151909,clip_060,2,rest,,2.0985,1042406.0,raspberry_pi_seeed_gsr,"1042406,2.0985"
2026-05-31T15:22:48.965,asdf,self_20260531_151909,clip_060,2,rest,,2.0767,1042427.0,raspberry_pi_seeed_gsr,"1042427,2.0767"
2026-05-31T15:22:48.986,asdf,self_20260531_151909,clip_060,2,rest,,2.0993,1042448.0,raspberry_pi_seeed_gsr,"1042448,2.0993"
2026-05-31T15:22:49.007,asdf,self_20260531_151909,clip_060,2,rest,,2.1001,1042469.0,raspberry_pi_seeed_gsr,"1042469,2.1001"
2026-05-31T15:22:49.028,asdf,self_20260531_151909,clip_060,2,rest,,2.1082,1042490.0,raspberry_pi_seeed_gsr,"1042490,2.1082"
2026-05-31T15:22:49.049,asdf,self_20260531_151909,clip_060,2,rest,,2.0985,1042511.0,raspberry_pi_seeed_gsr,"1042511,2.0985"
2026-05-31T15:22:49.070,asdf,self_20260531_151909,clip_060,2,rest,,2.0977,1042532.0,raspberry_pi_seeed_gsr,"1042532,2.0977"
2026-05-31T15:22:49.091,asdf,self_20260531_151909,clip_060,2,rest,,2.1001,1042553.0,raspberry_pi_seeed_gsr,"1042553,2.1001"
2026-05-31T15:22:49.112,asdf,self_20260531_151909,clip_060,2,rest,,2.0977,1042574.0,raspberry_pi_seeed_gsr,"1042574,2.0977"
2026-05-31T15:22:49.133,asdf,self_20260531_151909,clip_060,2,rest,,2.0904,1042595.0,raspberry_pi_seeed_gsr,"1042595,2.0904"
2026-05-31T15:22:49.154,asdf,self_20260531_151909,clip_060,2,rest,,2.084,1042616.0,raspberry_pi_seeed_gsr,"1042616,2.0840"
2026-05-31T15:22:49.198,asdf,self_20260531_151909,clip_060,2,rest,,2.0937,1042637.0,raspberry_pi_seeed_gsr,"1042637,2.0937"
2026-05-31T15:22:49.199,asdf,self_20260531_151909,clip_060,2,rest,,2.0953,1042658.0,raspberry_pi_seeed_gsr,"1042658,2.0953"
2026-05-31T15:22:49.217,asdf,self_20260531_151909,clip_060,2,rest,,2.0985,1042679.0,raspberry_pi_seeed_gsr,"1042679,2.0985"
2026-05-31T15:22:49.238,asdf,self_20260531_151909,clip_060,2,rest,,2.1017,1042700.0,raspberry_pi_seeed_gsr,"1042700,2.1017"
2026-05-31T15:22:49.259,asdf,self_20260531_151909,clip_060,2,rest,,2.0993,1042721.0,raspberry_pi_seeed_gsr,"1042721,2.0993"
2026-05-31T15:22:49.280,asdf,self_20260531_151909,clip_060,2,rest,,2.1001,1042742.0,raspberry_pi_seeed_gsr,"1042742,2.1001"
2026-05-31T15:22:49.301,asdf,self_20260531_151909,clip_060,2,rest,,2.0993,1042763.0,raspberry_pi_seeed_gsr,"1042763,2.0993"
2026-05-31T15:22:49.322,asdf,self_20260531_151909,clip_060,2,rest,,2.0953,1042784.0,raspberry_pi_seeed_gsr,"1042784,2.0953"
2026-05-31T15:22:49.343,asdf,self_20260531_151909,clip_060,2,rest,,2.1033,1042805.0,raspberry_pi_seeed_gsr,"1042805,2.1033"
2026-05-31T15:22:49.364,asdf,self_20260531_151909,clip_060,2,rest,,2.1009,1042826.0,raspberry_pi_seeed_gsr,"1042826,2.1009"
2026-05-31T15:22:49.385,asdf,self_20260531_151909,clip_060,2,rest,,2.0961,1042847.0,raspberry_pi_seeed_gsr,"1042847,2.0961"
2026-05-31T15:22:49.406,asdf,self_20260531_151909,clip_060,2,rest,,2.1025,1042868.0,raspberry_pi_seeed_gsr,"1042868,2.1025"
2026-05-31T15:22:49.452,asdf,self_20260531_151909,clip_060,2,rest,,2.0977,1042889.0,raspberry_pi_seeed_gsr,"1042889,2.0977"
2026-05-31T15:22:49.452,asdf,self_20260531_151909,clip_060,2,rest,,2.0993,1042910.0,raspberry_pi_seeed_gsr,"1042910,2.0993"
2026-05-31T15:22:49.469,asdf,self_20260531_151909,clip_060,2,rest,,2.0904,1042931.0,raspberry_pi_seeed_gsr,"1042931,2.0904"
2026-05-31T15:22:49.490,asdf,self_20260531_151909,clip_060,2,rest,,2.092,1042952.0,raspberry_pi_seeed_gsr,"1042952,2.0920"
2026-05-31T15:22:49.511,asdf,self_20260531_151909,clip_060,2,rest,,2.0969,1042973.0,raspberry_pi_seeed_gsr,"1042973,2.0969"
2026-05-31T15:22:49.532,asdf,self_20260531_151909,clip_060,2,rest,,2.0993,1042994.0,raspberry_pi_seeed_gsr,"1042994,2.0993"
2026-05-31T15:22:49.553,asdf,self_20260531_151909,clip_060,2,rest,,2.0969,1043015.0,raspberry_pi_seeed_gsr,"1043015,2.0969"
2026-05-31T15:22:49.574,asdf,self_20260531_151909,clip_060,2,rest,,2.0985,1043036.0,raspberry_pi_seeed_gsr,"1043036,2.0985"
2026-05-31T15:22:49.595,asdf,self_20260531_151909,clip_060,2,rest,,2.0993,1043057.0,raspberry_pi_seeed_gsr,"1043057,2.0993"
2026-05-31T15:22:49.616,asdf,self_20260531_151909,clip_060,2,rest,,2.0993,1043078.0,raspberry_pi_seeed_gsr,"1043078,2.0993"
2026-05-31T15:22:49.637,asdf,self_20260531_151909,clip_060,2,rest,,2.0985,1043099.0,raspberry_pi_seeed_gsr,"1043099,2.0985"
2026-05-31T15:22:49.658,asdf,self_20260531_151909,clip_060,2,rest,,2.0977,1043120.0,raspberry_pi_seeed_gsr,"1043120,2.0977"
2026-05-31T15:22:49.700,asdf,self_20260531_151909,clip_060,2,rest,,2.1065,1043141.0,raspberry_pi_seeed_gsr,"1043141,2.1065"
2026-05-31T15:22:49.701,asdf,self_20260531_151909,clip_060,2,rest,,2.1122,1043162.0,raspberry_pi_seeed_gsr,"1043162,2.1122"
2026-05-31T15:22:49.721,asdf,self_20260531_151909,clip_060,2,rest,,2.1017,1043183.0,raspberry_pi_seeed_gsr,"1043183,2.1017"
2026-05-31T15:22:49.742,asdf,self_20260531_151909,clip_060,2,rest,,2.1001,1043204.0,raspberry_pi_seeed_gsr,"1043204,2.1001"
2026-05-31T15:22:49.763,asdf,self_20260531_151909,clip_060,2,rest,,2.0985,1043225.0,raspberry_pi_seeed_gsr,"1043225,2.0985"
2026-05-31T15:22:49.784,asdf,self_20260531_151909,clip_060,2,rest,,2.1009,1043246.0,raspberry_pi_seeed_gsr,"1043246,2.1009"
2026-05-31T15:22:49.805,asdf,self_20260531_151909,clip_060,2,rest,,2.0928,1043267.0,raspberry_pi_seeed_gsr,"1043267,2.0928"
2026-05-31T15:22:49.826,asdf,self_20260531_151909,clip_060,2,rest,,2.1057,1043288.0,raspberry_pi_seeed_gsr,"1043288,2.1057"
2026-05-31T15:22:49.847,asdf,self_20260531_151909,clip_060,2,rest,,2.0864,1043309.0,raspberry_pi_seeed_gsr,"1043309,2.0864"
2026-05-31T15:22:49.868,asdf,self_20260531_151909,clip_060,2,rest,,2.1009,1043330.0,raspberry_pi_seeed_gsr,"1043330,2.1009"
2026-05-31T15:22:49.889,asdf,self_20260531_151909,clip_060,2,rest,,2.0655,1043351.0,raspberry_pi_seeed_gsr,"1043351,2.0655"
2026-05-31T15:22:49.910,asdf,self_20260531_151909,clip_060,2,rest,,2.0969,1043372.0,raspberry_pi_seeed_gsr,"1043372,2.0969"
2026-05-31T15:22:49.954,asdf,self_20260531_151909,clip_060,2,rest,,2.0953,1043393.0,raspberry_pi_seeed_gsr,"1043393,2.0953"
2026-05-31T15:22:49.955,asdf,self_20260531_151909,clip_060,2,rest,,2.0985,1043414.0,raspberry_pi_seeed_gsr,"1043414,2.0985"
2026-05-31T15:22:49.973,asdf,self_20260531_151909,clip_060,2,rest,,2.0953,1043435.0,raspberry_pi_seeed_gsr,"1043435,2.0953"
2026-05-31T15:22:49.994,asdf,self_20260531_151909,clip_060,2,rest,,2.0961,1043456.0,raspberry_pi_seeed_gsr,"1043456,2.0961"
2026-05-31T15:22:50.015,asdf,self_20260531_151909,clip_060,2,rest,,2.0969,1043477.0,raspberry_pi_seeed_gsr,"1043477,2.0969"
2026-05-31T15:22:50.036,asdf,self_20260531_151909,clip_060,2,rest,,2.0969,1043498.0,raspberry_pi_seeed_gsr,"1043498,2.0969"
2026-05-31T15:22:50.057,asdf,self_20260531_151909,clip_060,2,rest,,2.0969,1043519.0,raspberry_pi_seeed_gsr,"1043519,2.0969"
2026-05-31T15:22:50.078,asdf,self_20260531_151909,clip_060,2,rest,,2.0993,1043540.0,raspberry_pi_seeed_gsr,"1043540,2.0993"
2026-05-31T15:22:50.099,asdf,self_20260531_151909,clip_060,2,rest,,2.1049,1043561.0,raspberry_pi_seeed_gsr,"1043561,2.1049"
2026-05-31T15:22:50.120,asdf,self_20260531_151909,clip_060,2,rest,,2.0953,1043582.0,raspberry_pi_seeed_gsr,"1043582,2.0953"
2026-05-31T15:22:50.141,asdf,self_20260531_151909,clip_060,2,rest,,2.1001,1043603.0,raspberry_pi_seeed_gsr,"1043603,2.1001"
2026-05-31T15:22:50.162,asdf,self_20260531_151909,clip_060,2,rest,,2.0993,1043624.0,raspberry_pi_seeed_gsr,"1043624,2.0993"
2026-05-31T15:22:50.237,asdf,self_20260531_151909,clip_060,2,rest,,2.0977,1043645.0,raspberry_pi_seeed_gsr,"1043645,2.0977"
2026-05-31T15:22:50.238,asdf,self_20260531_151909,clip_060,2,rest,,2.1049,1043666.0,raspberry_pi_seeed_gsr,"1043666,2.1049"
2026-05-31T15:22:50.239,asdf,self_20260531_151909,clip_060,2,rest,,2.0969,1043687.0,raspberry_pi_seeed_gsr,"1043687,2.0969"
2026-05-31T15:22:50.246,asdf,self_20260531_151909,clip_060,2,rest,,2.0977,1043708.0,raspberry_pi_seeed_gsr,"1043708,2.0977"
2026-05-31T15:22:50.267,asdf,self_20260531_151909,clip_060,2,rest,,2.0961,1043729.0,raspberry_pi_seeed_gsr,"1043729,2.0961"
2026-05-31T15:22:50.288,asdf,self_20260531_151909,clip_060,2,rest,,2.0622,1043750.0,raspberry_pi_seeed_gsr,"1043750,2.0622"
2026-05-31T15:22:50.309,asdf,self_20260531_151909,clip_060,2,rest,,2.0969,1043771.0,raspberry_pi_seeed_gsr,"1043771,2.0969"
2026-05-31T15:22:50.330,asdf,self_20260531_151909,clip_060,2,rest,,2.0993,1043792.0,raspberry_pi_seeed_gsr,"1043792,2.0993"
2026-05-31T15:22:50.351,asdf,self_20260531_151909,clip_060,2,rest,,2.0977,1043813.0,raspberry_pi_seeed_gsr,"1043813,2.0977"
2026-05-31T15:22:50.372,asdf,self_20260531_151909,clip_060,2,rest,,2.1057,1043834.0,raspberry_pi_seeed_gsr,"1043834,2.1057"
2026-05-31T15:22:50.393,asdf,self_20260531_151909,clip_060,2,rest,,2.0977,1043855.0,raspberry_pi_seeed_gsr,"1043855,2.0977"
2026-05-31T15:22:50.414,asdf,self_20260531_151909,clip_060,2,rest,,2.1041,1043876.0,raspberry_pi_seeed_gsr,"1043876,2.1041"
2026-05-31T15:22:50.443,asdf,self_20260531_151909,clip_060,2,rest,,2.0985,1043897.0,raspberry_pi_seeed_gsr,"1043897,2.0985"
2026-05-31T15:22:50.456,asdf,self_20260531_151909,clip_060,2,rest,,2.1009,1043918.0,raspberry_pi_seeed_gsr,"1043918,2.1009"
2026-05-31T15:22:50.477,asdf,self_20260531_151909,clip_060,2,rest,,2.0985,1043939.0,raspberry_pi_seeed_gsr,"1043939,2.0985"
2026-05-31T15:22:50.498,asdf,self_20260531_151909,clip_060,2,rest,,2.0985,1043960.0,raspberry_pi_seeed_gsr,"1043960,2.0985"
2026-05-31T15:22:50.519,asdf,self_20260531_151909,clip_060,2,rest,,2.1001,1043981.0,raspberry_pi_seeed_gsr,"1043981,2.1001"
2026-05-31T15:22:50.540,asdf,self_20260531_151909,clip_060,2,rest,,2.0977,1044002.0,raspberry_pi_seeed_gsr,"1044002,2.0977"
2026-05-31T15:22:50.561,asdf,self_20260531_151909,clip_060,2,rest,,2.1009,1044023.0,raspberry_pi_seeed_gsr,"1044023,2.1009"
2026-05-31T15:22:50.582,asdf,self_20260531_151909,clip_060,2,rest,,2.0856,1044044.0,raspberry_pi_seeed_gsr,"1044044,2.0856"
2026-05-31T15:22:50.603,asdf,self_20260531_151909,clip_060,2,rest,,2.1033,1044065.0,raspberry_pi_seeed_gsr,"1044065,2.1033"
2026-05-31T15:22:50.624,asdf,self_20260531_151909,clip_060,2,rest,,2.0953,1044086.0,raspberry_pi_seeed_gsr,"1044086,2.0953"
2026-05-31T15:22:50.645,asdf,self_20260531_151909,clip_060,2,rest,,2.1033,1044107.0,raspberry_pi_seeed_gsr,"1044107,2.1033"
2026-05-31T15:22:50.666,asdf,self_20260531_151909,clip_060,2,rest,,2.1009,1044128.0,raspberry_pi_seeed_gsr,"1044128,2.1009"
2026-05-31T15:22:50.707,asdf,self_20260531_151909,clip_060,2,rest,,2.0961,1044149.0,raspberry_pi_seeed_gsr,"1044149,2.0961"
2026-05-31T15:22:50.708,asdf,self_20260531_151909,clip_060,2,rest,,2.1017,1044170.0,raspberry_pi_seeed_gsr,"1044170,2.1017"
2026-05-31T15:22:50.729,asdf,self_20260531_151909,clip_060,2,rest,,2.0969,1044191.0,raspberry_pi_seeed_gsr,"1044191,2.0969"
2026-05-31T15:22:50.750,asdf,self_20260531_151909,clip_060,2,rest,,2.0993,1044212.0,raspberry_pi_seeed_gsr,"1044212,2.0993"
2026-05-31T15:22:50.771,asdf,self_20260531_151909,clip_060,2,rest,,2.0808,1044233.0,raspberry_pi_seeed_gsr,"1044233,2.0808"
2026-05-31T15:22:50.792,asdf,self_20260531_151909,clip_060,2,rest,,2.0937,1044254.0,raspberry_pi_seeed_gsr,"1044254,2.0937"
2026-05-31T15:22:50.813,asdf,self_20260531_151909,clip_060,2,rest,,2.0961,1044275.0,raspberry_pi_seeed_gsr,"1044275,2.0961"
2026-05-31T15:22:50.834,asdf,self_20260531_151909,clip_060,2,rest,,2.0928,1044296.0,raspberry_pi_seeed_gsr,"1044296,2.0928"
2026-05-31T15:22:50.855,asdf,self_20260531_151909,clip_060,2,rest,,2.0993,1044317.0,raspberry_pi_seeed_gsr,"1044317,2.0993"
2026-05-31T15:22:50.876,asdf,self_20260531_151909,clip_060,2,rest,,2.0961,1044338.0,raspberry_pi_seeed_gsr,"1044338,2.0961"
2026-05-31T15:22:50.897,asdf,self_20260531_151909,clip_060,2,rest,,2.0945,1044359.0,raspberry_pi_seeed_gsr,"1044359,2.0945"
2026-05-31T15:22:50.918,asdf,self_20260531_151909,clip_060,2,rest,,2.117,1044380.0,raspberry_pi_seeed_gsr,"1044380,2.1170"
2026-05-31T15:22:50.959,asdf,self_20260531_151909,clip_060,2,rest,,2.0928,1044401.0,raspberry_pi_seeed_gsr,"1044401,2.0928"
2026-05-31T15:22:50.960,asdf,self_20260531_151909,clip_060,2,rest,,2.0985,1044422.0,raspberry_pi_seeed_gsr,"1044422,2.0985"
2026-05-31T15:22:50.981,asdf,self_20260531_151909,clip_060,2,rest,,2.1017,1044443.0,raspberry_pi_seeed_gsr,"1044443,2.1017"
2026-05-31T15:22:51.002,asdf,self_20260531_151909,clip_060,2,rest,,2.0993,1044464.0,raspberry_pi_seeed_gsr,"1044464,2.0993"
2026-05-31T15:22:51.023,asdf,self_20260531_151909,clip_060,2,rest,,2.0969,1044485.0,raspberry_pi_seeed_gsr,"1044485,2.0969"
2026-05-31T15:22:51.044,asdf,self_20260531_151909,clip_060,2,rest,,2.0985,1044506.0,raspberry_pi_seeed_gsr,"1044506,2.0985"
2026-05-31T15:22:51.065,asdf,self_20260531_151909,clip_060,2,rest,,2.0904,1044527.0,raspberry_pi_seeed_gsr,"1044527,2.0904"
2026-05-31T15:22:51.086,asdf,self_20260531_151909,clip_060,2,rest,,2.1009,1044548.0,raspberry_pi_seeed_gsr,"1044548,2.1009"
2026-05-31T15:22:51.107,asdf,self_20260531_151909,clip_060,2,rest,,2.0896,1044569.0,raspberry_pi_seeed_gsr,"1044569,2.0896"
2026-05-31T15:22:51.128,asdf,self_20260531_151909,clip_060,2,rest,,2.1041,1044590.0,raspberry_pi_seeed_gsr,"1044590,2.1041"
2026-05-31T15:22:51.149,asdf,self_20260531_151909,clip_060,2,rest,,2.0985,1044611.0,raspberry_pi_seeed_gsr,"1044611,2.0985"
2026-05-31T15:22:51.170,asdf,self_20260531_151909,clip_060,2,rest,,2.0993,1044632.0,raspberry_pi_seeed_gsr,"1044632,2.0993"
2026-05-31T15:22:51.212,asdf,self_20260531_151909,clip_060,2,rest,,2.1017,1044653.0,raspberry_pi_seeed_gsr,"1044653,2.1017"
2026-05-31T15:22:51.212,asdf,self_20260531_151909,clip_060,2,rest,,2.0872,1044674.0,raspberry_pi_seeed_gsr,"1044674,2.0872"
2026-05-31T15:22:51.233,asdf,self_20260531_151909,clip_060,2,rest,,2.0977,1044695.0,raspberry_pi_seeed_gsr,"1044695,2.0977"
2026-05-31T15:22:51.254,asdf,self_20260531_151909,clip_060,2,rest,,2.0977,1044716.0,raspberry_pi_seeed_gsr,"1044716,2.0977"
2026-05-31T15:22:51.275,asdf,self_20260531_151909,clip_060,2,rest,,2.0993,1044737.0,raspberry_pi_seeed_gsr,"1044737,2.0993"
2026-05-31T15:22:51.296,asdf,self_20260531_151909,clip_060,2,rest,,2.0937,1044758.0,raspberry_pi_seeed_gsr,"1044758,2.0937"
2026-05-31T15:22:51.317,asdf,self_20260531_151909,clip_060,2,rest,,2.0969,1044779.0,raspberry_pi_seeed_gsr,"1044779,2.0969"
2026-05-31T15:22:51.338,asdf,self_20260531_151909,clip_060,2,rest,,2.0912,1044800.0,raspberry_pi_seeed_gsr,"1044800,2.0912"
2026-05-31T15:22:51.359,asdf,self_20260531_151909,clip_060,2,rest,,2.0977,1044821.0,raspberry_pi_seeed_gsr,"1044821,2.0977"
2026-05-31T15:22:51.380,asdf,self_20260531_151909,clip_060,2,rest,,2.0969,1044842.0,raspberry_pi_seeed_gsr,"1044842,2.0969"
2026-05-31T15:22:51.401,asdf,self_20260531_151909,clip_060,2,rest,,2.0993,1044863.0,raspberry_pi_seeed_gsr,"1044863,2.0993"
2026-05-31T15:22:51.422,asdf,self_20260531_151909,clip_060,2,rest,,2.0961,1044884.0,raspberry_pi_seeed_gsr,"1044884,2.0961"
2026-05-31T15:22:53.523,asdf,self_20260531_151909,clip_060,2,listen,,96.0,,raspberry_pi_seeed_gsr,96
2026-05-31T15:22:53.526,asdf,self_20260531_151909,clip_060,2,listen,,2.1001,1046333.0,raspberry_pi_seeed_gsr,"1046333,2.1001"
2026-05-31T15:22:53.528,asdf,self_20260531_151909,clip_060,2,listen,,2.0985,1046354.0,raspberry_pi_seeed_gsr,"1046354,2.0985"
2026-05-31T15:22:53.529,asdf,self_20260531_151909,clip_060,2,listen,,2.1001,1046375.0,raspberry_pi_seeed_gsr,"1046375,2.1001"
2026-05-31T15:22:53.530,asdf,self_20260531_151909,clip_060,2,listen,,2.0985,1046396.0,raspberry_pi_seeed_gsr,"1046396,2.0985"
2026-05-31T15:22:53.531,asdf,self_20260531_151909,clip_060,2,listen,,2.0993,1046417.0,raspberry_pi_seeed_gsr,"1046417,2.0993"
2026-05-31T15:22:53.532,asdf,self_20260531_151909,clip_060,2,listen,,2.0977,1046438.0,raspberry_pi_seeed_gsr,"1046438,2.0977"
2026-05-31T15:22:53.533,asdf,self_20260531_151909,clip_060,2,listen,,2.0977,1046459.0,raspberry_pi_seeed_gsr,"1046459,2.0977"
2026-05-31T15:22:53.534,asdf,self_20260531_151909,clip_060,2,listen,,2.0993,1046480.0,raspberry_pi_seeed_gsr,"1046480,2.0993"
2026-05-31T15:22:53.535,asdf,self_20260531_151909,clip_060,2,listen,,2.1001,1046501.0,raspberry_pi_seeed_gsr,"1046501,2.1001"
2026-05-31T15:22:53.536,asdf,self_20260531_151909,clip_060,2,listen,,2.0928,1046522.0,raspberry_pi_seeed_gsr,"1046522,2.0928"
2026-05-31T15:22:53.537,asdf,self_20260531_151909,clip_060,2,listen,,2.1009,1046543.0,raspberry_pi_seeed_gsr,"1046543,2.1009"
2026-05-31T15:22:53.538,asdf,self_20260531_151909,clip_060,2,listen,,2.0993,1046564.0,raspberry_pi_seeed_gsr,"1046564,2.0993"
2026-05-31T15:22:53.539,asdf,self_20260531_151909,clip_060,2,listen,,2.0985,1046585.0,raspberry_pi_seeed_gsr,"1046585,2.0985"
2026-05-31T15:22:53.540,asdf,self_20260531_151909,clip_060,2,listen,,2.0969,1046606.0,raspberry_pi_seeed_gsr,"1046606,2.0969"
2026-05-31T15:22:53.541,asdf,self_20260531_151909,clip_060,2,listen,,2.1033,1046627.0,raspberry_pi_seeed_gsr,"1046627,2.1033"
2026-05-31T15:22:53.542,asdf,self_20260531_151909,clip_060,2,listen,,2.0985,1046648.0,raspberry_pi_seeed_gsr,"1046648,2.0985"
2026-05-31T15:22:53.543,asdf,self_20260531_151909,clip_060,2,listen,,2.0993,1046669.0,raspberry_pi_seeed_gsr,"1046669,2.0993"
2026-05-31T15:22:53.544,asdf,self_20260531_151909,clip_060,2,listen,,2.0993,1046690.0,raspberry_pi_seeed_gsr,"1046690,2.0993"
2026-05-31T15:22:53.545,asdf,self_20260531_151909,clip_060,2,listen,,2.0961,1046711.0,raspberry_pi_seeed_gsr,"1046711,2.0961"
2026-05-31T15:22:53.545,asdf,self_20260531_151909,clip_060,2,listen,,2.0977,1046732.0,raspberry_pi_seeed_gsr,"1046732,2.0977"
2026-05-31T15:22:53.546,asdf,self_20260531_151909,clip_060,2,listen,,2.0993,1046753.0,raspberry_pi_seeed_gsr,"1046753,2.0993"
2026-05-31T15:22:53.547,asdf,self_20260531_151909,clip_060,2,listen,,2.0953,1046774.0,raspberry_pi_seeed_gsr,"1046774,2.0953"
2026-05-31T15:22:53.547,asdf,self_20260531_151909,clip_060,2,listen,,2.1009,1046795.0,raspberry_pi_seeed_gsr,"1046795,2.1009"
2026-05-31T15:22:53.548,asdf,self_20260531_151909,clip_060,2,listen,,2.1041,1046816.0,raspberry_pi_seeed_gsr,"1046816,2.1041"
2026-05-31T15:22:53.549,asdf,self_20260531_151909,clip_060,2,listen,,2.0985,1046837.0,raspberry_pi_seeed_gsr,"1046837,2.0985"
2026-05-31T15:22:53.550,asdf,self_20260531_151909,clip_060,2,listen,,2.1017,1046858.0,raspberry_pi_seeed_gsr,"1046858,2.1017"
2026-05-31T15:22:53.550,asdf,self_20260531_151909,clip_060,2,listen,,2.0985,1046879.0,raspberry_pi_seeed_gsr,"1046879,2.0985"
2026-05-31T15:22:53.551,asdf,self_20260531_151909,clip_060,2,listen,,2.0904,1046900.0,raspberry_pi_seeed_gsr,"1046900,2.0904"
2026-05-31T15:22:53.552,asdf,self_20260531_151909,clip_060,2,listen,,2.0928,1046921.0,raspberry_pi_seeed_gsr,"1046921,2.0928"
2026-05-31T15:22:53.552,asdf,self_20260531_151909,clip_060,2,listen,,2.0969,1046942.0,raspberry_pi_seeed_gsr,"1046942,2.0969"
2026-05-31T15:22:53.553,asdf,self_20260531_151909,clip_060,2,listen,,2.0993,1046963.0,raspberry_pi_seeed_gsr,"1046963,2.0993"
2026-05-31T15:22:53.554,asdf,self_20260531_151909,clip_060,2,listen,,2.1001,1046984.0,raspberry_pi_seeed_gsr,"1046984,2.1001"
2026-05-31T15:22:53.555,asdf,self_20260531_151909,clip_060,2,listen,,2.1001,1047005.0,raspberry_pi_seeed_gsr,"1047005,2.1001"
2026-05-31T15:22:53.564,asdf,self_20260531_151909,clip_060,2,listen,,2.0993,1047026.0,raspberry_pi_seeed_gsr,"1047026,2.0993"
2026-05-31T15:22:53.585,asdf,self_20260531_151909,clip_060,2,listen,,2.0985,1047047.0,raspberry_pi_seeed_gsr,"1047047,2.0985"
2026-05-31T15:22:53.606,asdf,self_20260531_151909,clip_060,2,listen,,2.1025,1047068.0,raspberry_pi_seeed_gsr,"1047068,2.1025"
2026-05-31T15:22:53.627,asdf,self_20260531_151909,clip_060,2,listen,,2.1001,1047089.0,raspberry_pi_seeed_gsr,"1047089,2.1001"
2026-05-31T15:22:53.648,asdf,self_20260531_151909,clip_060,2,listen,,2.0985,1047110.0,raspberry_pi_seeed_gsr,"1047110,2.0985"
2026-05-31T15:22:53.669,asdf,self_20260531_151909,clip_060,2,listen,,2.0985,1047131.0,raspberry_pi_seeed_gsr,"1047131,2.0985"
2026-05-31T15:22:53.690,asdf,self_20260531_151909,clip_060,2,listen,,2.1033,1047152.0,raspberry_pi_seeed_gsr,"1047152,2.1033"
2026-05-31T15:22:53.711,asdf,self_20260531_151909,clip_060,2,listen,,2.1057,1047173.0,raspberry_pi_seeed_gsr,"1047173,2.1057"
2026-05-31T15:22:53.732,asdf,self_20260531_151909,clip_060,2,listen,,2.0993,1047194.0,raspberry_pi_seeed_gsr,"1047194,2.0993"
2026-05-31T15:22:53.753,asdf,self_20260531_151909,clip_060,2,listen,,2.0864,1047215.0,raspberry_pi_seeed_gsr,"1047215,2.0864"
2026-05-31T15:22:53.774,asdf,self_20260531_151909,clip_060,2,listen,,2.0977,1047236.0,raspberry_pi_seeed_gsr,"1047236,2.0977"
2026-05-31T15:22:53.795,asdf,self_20260531_151909,clip_060,2,listen,,2.1025,1047257.0,raspberry_pi_seeed_gsr,"1047257,2.1025"
2026-05-31T15:22:53.852,asdf,self_20260531_151909,clip_060,2,listen,,2.0969,1047278.0,raspberry_pi_seeed_gsr,"1047278,2.0969"
2026-05-31T15:22:53.853,asdf,self_20260531_151909,clip_060,2,listen,,2.0993,1047299.0,raspberry_pi_seeed_gsr,"1047299,2.0993"
2026-05-31T15:22:53.858,asdf,self_20260531_151909,clip_060,2,listen,,2.1041,1047320.0,raspberry_pi_seeed_gsr,"1047320,2.1041"
2026-05-31T15:22:53.879,asdf,self_20260531_151909,clip_060,2,listen,,2.1009,1047341.0,raspberry_pi_seeed_gsr,"1047341,2.1009"
2026-05-31T15:22:53.900,asdf,self_20260531_151909,clip_060,2,listen,,2.0985,1047362.0,raspberry_pi_seeed_gsr,"1047362,2.0985"
2026-05-31T15:22:53.921,asdf,self_20260531_151909,clip_060,2,listen,,2.1106,1047383.0,raspberry_pi_seeed_gsr,"1047383,2.1106"
2026-05-31T15:22:53.942,asdf,self_20260531_151909,clip_060,2,listen,,2.1017,1047404.0,raspberry_pi_seeed_gsr,"1047404,2.1017"
2026-05-31T15:22:53.963,asdf,self_20260531_151909,clip_060,2,listen,,2.0953,1047425.0,raspberry_pi_seeed_gsr,"1047425,2.0953"
2026-05-31T15:22:53.984,asdf,self_20260531_151909,clip_060,2,listen,,2.0961,1047446.0,raspberry_pi_seeed_gsr,"1047446,2.0961"
2026-05-31T15:22:54.005,asdf,self_20260531_151909,clip_060,2,listen,,2.1017,1047467.0,raspberry_pi_seeed_gsr,"1047467,2.1017"
2026-05-31T15:22:54.026,asdf,self_20260531_151909,clip_060,2,listen,,2.0993,1047488.0,raspberry_pi_seeed_gsr,"1047488,2.0993"
2026-05-31T15:22:54.047,asdf,self_20260531_151909,clip_060,2,listen,,2.0993,1047509.0,raspberry_pi_seeed_gsr,"1047509,2.0993"
2026-05-31T15:22:54.093,asdf,self_20260531_151909,clip_060,2,listen,,2.0993,1047530.0,raspberry_pi_seeed_gsr,"1047530,2.0993"
2026-05-31T15:22:54.094,asdf,self_20260531_151909,clip_060,2,listen,,2.1057,1047551.0,raspberry_pi_seeed_gsr,"1047551,2.1057"
2026-05-31T15:22:54.110,asdf,self_20260531_151909,clip_060,2,listen,,2.0977,1047572.0,raspberry_pi_seeed_gsr,"1047572,2.0977"
2026-05-31T15:22:54.131,asdf,self_20260531_151909,clip_060,2,listen,,2.0993,1047593.0,raspberry_pi_seeed_gsr,"1047593,2.0993"
2026-05-31T15:22:54.152,asdf,self_20260531_151909,clip_060,2,listen,,2.092,1047614.0,raspberry_pi_seeed_gsr,"1047614,2.0920"
2026-05-31T15:22:54.173,asdf,self_20260531_151909,clip_060,2,listen,,2.0985,1047635.0,raspberry_pi_seeed_gsr,"1047635,2.0985"
2026-05-31T15:22:54.194,asdf,self_20260531_151909,clip_060,2,listen,,2.0993,1047656.0,raspberry_pi_seeed_gsr,"1047656,2.0993"
2026-05-31T15:22:54.215,asdf,self_20260531_151909,clip_060,2,listen,,2.1098,1047677.0,raspberry_pi_seeed_gsr,"1047677,2.1098"
2026-05-31T15:22:54.236,asdf,self_20260531_151909,clip_060,2,listen,,2.0985,1047698.0,raspberry_pi_seeed_gsr,"1047698,2.0985"
2026-05-31T15:22:54.257,asdf,self_20260531_151909,clip_060,2,listen,,2.0961,1047719.0,raspberry_pi_seeed_gsr,"1047719,2.0961"
2026-05-31T15:22:54.278,asdf,self_20260531_151909,clip_060,2,listen,,2.1033,1047740.0,raspberry_pi_seeed_gsr,"1047740,2.1033"
2026-05-31T15:22:54.299,asdf,self_20260531_151909,clip_060,2,listen,,2.0993,1047761.0,raspberry_pi_seeed_gsr,"1047761,2.0993"
2026-05-31T15:22:54.343,asdf,self_20260531_151909,clip_060,2,listen,,2.0969,1047782.0,raspberry_pi_seeed_gsr,"1047782,2.0969"
2026-05-31T15:22:54.344,asdf,self_20260531_151909,clip_060,2,listen,,2.0977,1047803.0,raspberry_pi_seeed_gsr,"1047803,2.0977"
2026-05-31T15:22:54.362,asdf,self_20260531_151909,clip_060,2,listen,,2.0969,1047824.0,raspberry_pi_seeed_gsr,"1047824,2.0969"
2026-05-31T15:22:54.383,asdf,self_20260531_151909,clip_060,2,listen,,2.0969,1047845.0,raspberry_pi_seeed_gsr,"1047845,2.0969"
2026-05-31T15:22:54.404,asdf,self_20260531_151909,clip_060,2,listen,,2.0961,1047866.0,raspberry_pi_seeed_gsr,"1047866,2.0961"
2026-05-31T15:22:54.425,asdf,self_20260531_151909,clip_060,2,listen,,2.1025,1047887.0,raspberry_pi_seeed_gsr,"1047887,2.1025"
2026-05-31T15:22:54.446,asdf,self_20260531_151909,clip_060,2,listen,,2.1033,1047908.0,raspberry_pi_seeed_gsr,"1047908,2.1033"
2026-05-31T15:22:54.467,asdf,self_20260531_151909,clip_060,2,listen,,2.0953,1047929.0,raspberry_pi_seeed_gsr,"1047929,2.0953"
2026-05-31T15:22:54.488,asdf,self_20260531_151909,clip_060,2,listen,,2.1033,1047950.0,raspberry_pi_seeed_gsr,"1047950,2.1033"
2026-05-31T15:22:54.509,asdf,self_20260531_151909,clip_060,2,listen,,2.0993,1047971.0,raspberry_pi_seeed_gsr,"1047971,2.0993"
2026-05-31T15:22:54.530,asdf,self_20260531_151909,clip_060,2,listen,,2.1009,1047992.0,raspberry_pi_seeed_gsr,"1047992,2.1009"
2026-05-31T15:22:54.551,asdf,self_20260531_151909,clip_060,2,listen,,2.1001,1048013.0,raspberry_pi_seeed_gsr,"1048013,2.1001"
2026-05-31T15:22:54.596,asdf,self_20260531_151909,clip_060,2,listen,,2.0985,1048034.0,raspberry_pi_seeed_gsr,"1048034,2.0985"
2026-05-31T15:22:54.597,asdf,self_20260531_151909,clip_060,2,listen,,2.1025,1048055.0,raspberry_pi_seeed_gsr,"1048055,2.1025"
2026-05-31T15:22:54.614,asdf,self_20260531_151909,clip_060,2,listen,,2.0969,1048076.0,raspberry_pi_seeed_gsr,"1048076,2.0969"
2026-05-31T15:22:54.635,asdf,self_20260531_151909,clip_060,2,listen,,2.0622,1048097.0,raspberry_pi_seeed_gsr,"1048097,2.0622"
2026-05-31T15:22:54.656,asdf,self_20260531_151909,clip_060,2,listen,,2.0985,1048118.0,raspberry_pi_seeed_gsr,"1048118,2.0985"
2026-05-31T15:22:54.677,asdf,self_20260531_151909,clip_060,2,listen,,2.0993,1048139.0,raspberry_pi_seeed_gsr,"1048139,2.0993"
2026-05-31T15:22:54.698,asdf,self_20260531_151909,clip_060,2,listen,,2.0985,1048160.0,raspberry_pi_seeed_gsr,"1048160,2.0985"
2026-05-31T15:22:54.719,asdf,self_20260531_151909,clip_060,2,listen,,2.1033,1048181.0,raspberry_pi_seeed_gsr,"1048181,2.1033"
2026-05-31T15:22:54.740,asdf,self_20260531_151909,clip_060,2,listen,,2.1009,1048202.0,raspberry_pi_seeed_gsr,"1048202,2.1009"
2026-05-31T15:22:54.761,asdf,self_20260531_151909,clip_060,2,listen,,2.0985,1048223.0,raspberry_pi_seeed_gsr,"1048223,2.0985"
2026-05-31T15:22:54.782,asdf,self_20260531_151909,clip_060,2,listen,,2.0985,1048244.0,raspberry_pi_seeed_gsr,"1048244,2.0985"
2026-05-31T15:22:54.803,asdf,self_20260531_151909,clip_060,2,listen,,2.1009,1048265.0,raspberry_pi_seeed_gsr,"1048265,2.1009"
2026-05-31T15:22:54.848,asdf,self_20260531_151909,clip_060,2,listen,,2.1017,1048286.0,raspberry_pi_seeed_gsr,"1048286,2.1017"
2026-05-31T15:22:54.849,asdf,self_20260531_151909,clip_060,2,listen,,2.0993,1048307.0,raspberry_pi_seeed_gsr,"1048307,2.0993"
2026-05-31T15:22:54.866,asdf,self_20260531_151909,clip_060,2,listen,,2.0985,1048328.0,raspberry_pi_seeed_gsr,"1048328,2.0985"
2026-05-31T15:22:54.887,asdf,self_20260531_151909,clip_060,2,listen,,2.0896,1048349.0,raspberry_pi_seeed_gsr,"1048349,2.0896"
2026-05-31T15:22:54.908,asdf,self_20260531_151909,clip_060,2,listen,,2.1001,1048370.0,raspberry_pi_seeed_gsr,"1048370,2.1001"
2026-05-31T15:22:54.929,asdf,self_20260531_151909,clip_060,2,listen,,2.1009,1048391.0,raspberry_pi_seeed_gsr,"1048391,2.1009"
2026-05-31T15:22:54.950,asdf,self_20260531_151909,clip_060,2,listen,,2.1009,1048412.0,raspberry_pi_seeed_gsr,"1048412,2.1009"
2026-05-31T15:22:54.971,asdf,self_20260531_151909,clip_060,2,listen,,2.0961,1048433.0,raspberry_pi_seeed_gsr,"1048433,2.0961"
2026-05-31T15:22:54.992,asdf,self_20260531_151909,clip_060,2,listen,,2.1065,1048454.0,raspberry_pi_seeed_gsr,"1048454,2.1065"
2026-05-31T15:22:55.013,asdf,self_20260531_151909,clip_060,2,listen,,2.084,1048475.0,raspberry_pi_seeed_gsr,"1048475,2.0840"
2026-05-31T15:22:55.034,asdf,self_20260531_151909,clip_060,2,listen,,2.0928,1048496.0,raspberry_pi_seeed_gsr,"1048496,2.0928"
2026-05-31T15:22:55.055,asdf,self_20260531_151909,clip_060,2,listen,,2.1001,1048517.0,raspberry_pi_seeed_gsr,"1048517,2.1001"
2026-05-31T15:22:55.097,asdf,self_20260531_151909,clip_060,2,listen,,2.0969,1048538.0,raspberry_pi_seeed_gsr,"1048538,2.0969"
2026-05-31T15:22:55.098,asdf,self_20260531_151909,clip_060,2,listen,,2.0961,1048559.0,raspberry_pi_seeed_gsr,"1048559,2.0961"
2026-05-31T15:22:55.118,asdf,self_20260531_151909,clip_060,2,listen,,2.0977,1048580.0,raspberry_pi_seeed_gsr,"1048580,2.0977"
2026-05-31T15:22:55.139,asdf,self_20260531_151909,clip_060,2,listen,,2.0985,1048601.0,raspberry_pi_seeed_gsr,"1048601,2.0985"
2026-05-31T15:22:55.160,asdf,self_20260531_151909,clip_060,2,listen,,2.0969,1048622.0,raspberry_pi_seeed_gsr,"1048622,2.0969"
2026-05-31T15:22:55.181,asdf,self_20260531_151909,clip_060,2,listen,,2.1017,1048643.0,raspberry_pi_seeed_gsr,"1048643,2.1017"
2026-05-31T15:22:55.202,asdf,self_20260531_151909,clip_060,2,listen,,2.0622,1048664.0,raspberry_pi_seeed_gsr,"1048664,2.0622"
2026-05-31T15:22:55.223,asdf,self_20260531_151909,clip_060,2,listen,,2.0993,1048685.0,raspberry_pi_seeed_gsr,"1048685,2.0993"
2026-05-31T15:22:55.244,asdf,self_20260531_151909,clip_060,2,listen,,2.092,1048706.0,raspberry_pi_seeed_gsr,"1048706,2.0920"
2026-05-31T15:22:55.265,asdf,self_20260531_151909,clip_060,2,listen,,2.092,1048727.0,raspberry_pi_seeed_gsr,"1048727,2.0920"
2026-05-31T15:22:55.286,asdf,self_20260531_151909,clip_060,2,listen,,2.1355,1048748.0,raspberry_pi_seeed_gsr,"1048748,2.1355"
2026-05-31T15:22:55.307,asdf,self_20260531_151909,clip_060,2,listen,,2.0993,1048769.0,raspberry_pi_seeed_gsr,"1048769,2.0993"
2026-05-31T15:22:55.350,asdf,self_20260531_151909,clip_060,2,listen,,2.0985,1048790.0,raspberry_pi_seeed_gsr,"1048790,2.0985"
2026-05-31T15:22:55.351,asdf,self_20260531_151909,clip_060,2,listen,,2.0993,1048811.0,raspberry_pi_seeed_gsr,"1048811,2.0993"
2026-05-31T15:22:55.370,asdf,self_20260531_151909,clip_060,2,listen,,2.0985,1048832.0,raspberry_pi_seeed_gsr,"1048832,2.0985"
2026-05-31T15:22:55.391,asdf,self_20260531_151909,clip_060,2,listen,,2.092,1048853.0,raspberry_pi_seeed_gsr,"1048853,2.0920"
2026-05-31T15:22:55.412,asdf,self_20260531_151909,clip_060,2,listen,,2.0985,1048874.0,raspberry_pi_seeed_gsr,"1048874,2.0985"
2026-05-31T15:22:55.433,asdf,self_20260531_151909,clip_060,2,listen,,2.0977,1048895.0,raspberry_pi_seeed_gsr,"1048895,2.0977"
2026-05-31T15:22:55.454,asdf,self_20260531_151909,clip_060,2,listen,,2.1065,1048916.0,raspberry_pi_seeed_gsr,"1048916,2.1065"
2026-05-31T15:22:55.475,asdf,self_20260531_151909,clip_060,2,listen,,2.0993,1048937.0,raspberry_pi_seeed_gsr,"1048937,2.0993"
2026-05-31T15:22:55.497,asdf,self_20260531_151909,clip_060,2,listen,,2.0977,1048958.0,raspberry_pi_seeed_gsr,"1048958,2.0977"
2026-05-31T15:22:55.517,asdf,self_20260531_151909,clip_060,2,listen,,2.1001,1048979.0,raspberry_pi_seeed_gsr,"1048979,2.1001"
2026-05-31T15:22:55.539,asdf,self_20260531_151909,clip_060,2,listen,,2.1017,1049000.0,raspberry_pi_seeed_gsr,"1049000,2.1017"
2026-05-31T15:22:55.559,asdf,self_20260531_151909,clip_060,2,listen,,2.1009,1049021.0,raspberry_pi_seeed_gsr,"1049021,2.1009"
2026-05-31T15:22:55.601,asdf,self_20260531_151909,clip_060,2,listen,,2.0977,1049042.0,raspberry_pi_seeed_gsr,"1049042,2.0977"
2026-05-31T15:22:55.602,asdf,self_20260531_151909,clip_060,2,listen,,2.0904,1049063.0,raspberry_pi_seeed_gsr,"1049063,2.0904"
2026-05-31T15:22:55.622,asdf,self_20260531_151909,clip_060,2,listen,,2.0985,1049084.0,raspberry_pi_seeed_gsr,"1049084,2.0985"
2026-05-31T15:22:55.643,asdf,self_20260531_151909,clip_060,2,listen,,2.1025,1049105.0,raspberry_pi_seeed_gsr,"1049105,2.1025"
2026-05-31T15:22:55.664,asdf,self_20260531_151909,clip_060,2,listen,,2.0928,1049126.0,raspberry_pi_seeed_gsr,"1049126,2.0928"
2026-05-31T15:22:55.685,asdf,self_20260531_151909,clip_060,2,listen,,2.1017,1049147.0,raspberry_pi_seeed_gsr,"1049147,2.1017"
2026-05-31T15:22:55.706,asdf,self_20260531_151909,clip_060,2,listen,,2.1001,1049168.0,raspberry_pi_seeed_gsr,"1049168,2.1001"
2026-05-31T15:22:55.727,asdf,self_20260531_151909,clip_060,2,listen,,2.0993,1049189.0,raspberry_pi_seeed_gsr,"1049189,2.0993"
2026-05-31T15:22:55.748,asdf,self_20260531_151909,clip_060,2,listen,,2.1001,1049210.0,raspberry_pi_seeed_gsr,"1049210,2.1001"
2026-05-31T15:22:55.769,asdf,self_20260531_151909,clip_060,2,listen,,2.0993,1049231.0,raspberry_pi_seeed_gsr,"1049231,2.0993"
2026-05-31T15:22:55.790,asdf,self_20260531_151909,clip_060,2,listen,,2.1001,1049252.0,raspberry_pi_seeed_gsr,"1049252,2.1001"
2026-05-31T15:22:55.811,asdf,self_20260531_151909,clip_060,2,listen,,2.0993,1049273.0,raspberry_pi_seeed_gsr,"1049273,2.0993"
2026-05-31T15:22:55.848,asdf,self_20260531_151909,clip_060,2,listen,,2.0928,1049294.0,raspberry_pi_seeed_gsr,"1049294,2.0928"
2026-05-31T15:22:55.853,asdf,self_20260531_151909,clip_060,2,listen,,2.0977,1049315.0,raspberry_pi_seeed_gsr,"1049315,2.0977"
2026-05-31T15:22:55.874,asdf,self_20260531_151909,clip_060,2,listen,,2.0945,1049336.0,raspberry_pi_seeed_gsr,"1049336,2.0945"
2026-05-31T15:22:55.895,asdf,self_20260531_151909,clip_060,2,listen,,2.0993,1049357.0,raspberry_pi_seeed_gsr,"1049357,2.0993"
2026-05-31T15:22:55.916,asdf,self_20260531_151909,clip_060,2,listen,,2.1017,1049378.0,raspberry_pi_seeed_gsr,"1049378,2.1017"
2026-05-31T15:22:55.937,asdf,self_20260531_151909,clip_060,2,listen,,2.0953,1049399.0,raspberry_pi_seeed_gsr,"1049399,2.0953"
2026-05-31T15:22:55.958,asdf,self_20260531_151909,clip_060,2,listen,,2.1017,1049420.0,raspberry_pi_seeed_gsr,"1049420,2.1017"
2026-05-31T15:22:55.979,asdf,self_20260531_151909,clip_060,2,listen,,2.1065,1049441.0,raspberry_pi_seeed_gsr,"1049441,2.1065"
2026-05-31T15:22:56.000,asdf,self_20260531_151909,clip_060,2,listen,,2.0928,1049462.0,raspberry_pi_seeed_gsr,"1049462,2.0928"
2026-05-31T15:22:56.021,asdf,self_20260531_151909,clip_060,2,listen,,2.1009,1049483.0,raspberry_pi_seeed_gsr,"1049483,2.1009"
2026-05-31T15:22:56.042,asdf,self_20260531_151909,clip_060,2,listen,,2.0985,1049504.0,raspberry_pi_seeed_gsr,"1049504,2.0985"
2026-05-31T15:22:56.064,asdf,self_20260531_151909,clip_060,2,listen,,2.0937,1049525.0,raspberry_pi_seeed_gsr,"1049525,2.0937"
2026-05-31T15:22:56.104,asdf,self_20260531_151909,clip_060,2,listen,,2.0993,1049546.0,raspberry_pi_seeed_gsr,"1049546,2.0993"
2026-05-31T15:22:56.105,asdf,self_20260531_151909,clip_060,2,listen,,2.0993,1049567.0,raspberry_pi_seeed_gsr,"1049567,2.0993"
2026-05-31T15:22:56.126,asdf,self_20260531_151909,clip_060,2,listen,,2.1025,1049588.0,raspberry_pi_seeed_gsr,"1049588,2.1025"
2026-05-31T15:22:56.147,asdf,self_20260531_151909,clip_060,2,listen,,2.0985,1049609.0,raspberry_pi_seeed_gsr,"1049609,2.0985"
2026-05-31T15:22:56.168,asdf,self_20260531_151909,clip_060,2,listen,,2.0953,1049630.0,raspberry_pi_seeed_gsr,"1049630,2.0953"
2026-05-31T15:22:56.189,asdf,self_20260531_151909,clip_060,2,listen,,2.0977,1049651.0,raspberry_pi_seeed_gsr,"1049651,2.0977"
2026-05-31T15:22:56.210,asdf,self_20260531_151909,clip_060,2,listen,,2.0953,1049672.0,raspberry_pi_seeed_gsr,"1049672,2.0953"
2026-05-31T15:22:56.231,asdf,self_20260531_151909,clip_060,2,listen,,2.0912,1049693.0,raspberry_pi_seeed_gsr,"1049693,2.0912"
2026-05-31T15:22:56.252,asdf,self_20260531_151909,clip_060,2,listen,,2.1154,1049714.0,raspberry_pi_seeed_gsr,"1049714,2.1154"
2026-05-31T15:22:56.273,asdf,self_20260531_151909,clip_060,2,listen,,2.0977,1049735.0,raspberry_pi_seeed_gsr,"1049735,2.0977"
2026-05-31T15:22:56.294,asdf,self_20260531_151909,clip_060,2,listen,,2.0993,1049756.0,raspberry_pi_seeed_gsr,"1049756,2.0993"
2026-05-31T15:22:56.315,asdf,self_20260531_151909,clip_060,2,listen,,2.1049,1049777.0,raspberry_pi_seeed_gsr,"1049777,2.1049"
2026-05-31T15:22:56.359,asdf,self_20260531_151909,clip_060,2,listen,,2.092,1049798.0,raspberry_pi_seeed_gsr,"1049798,2.0920"
2026-05-31T15:22:56.360,asdf,self_20260531_151909,clip_060,2,listen,,2.0961,1049819.0,raspberry_pi_seeed_gsr,"1049819,2.0961"
2026-05-31T15:22:56.378,asdf,self_20260531_151909,clip_060,2,listen,,2.109,1049840.0,raspberry_pi_seeed_gsr,"1049840,2.1090"
2026-05-31T15:22:56.399,asdf,self_20260531_151909,clip_060,2,listen,,2.0993,1049861.0,raspberry_pi_seeed_gsr,"1049861,2.0993"
2026-05-31T15:22:56.420,asdf,self_20260531_151909,clip_060,2,listen,,2.1001,1049882.0,raspberry_pi_seeed_gsr,"1049882,2.1001"
2026-05-31T15:22:56.441,asdf,self_20260531_151909,clip_060,2,listen,,2.0953,1049903.0,raspberry_pi_seeed_gsr,"1049903,2.0953"
2026-05-31T15:22:56.462,asdf,self_20260531_151909,clip_060,2,listen,,2.0864,1049924.0,raspberry_pi_seeed_gsr,"1049924,2.0864"
2026-05-31T15:22:56.483,asdf,self_20260531_151909,clip_060,2,listen,,2.0896,1049945.0,raspberry_pi_seeed_gsr,"1049945,2.0896"
2026-05-31T15:22:56.504,asdf,self_20260531_151909,clip_060,2,listen,,2.0985,1049966.0,raspberry_pi_seeed_gsr,"1049966,2.0985"
2026-05-31T15:22:56.525,asdf,self_20260531_151909,clip_060,2,listen,,2.1001,1049987.0,raspberry_pi_seeed_gsr,"1049987,2.1001"
2026-05-31T15:22:56.546,asdf,self_20260531_151909,clip_060,2,listen,,2.1001,1050008.0,raspberry_pi_seeed_gsr,"1050008,2.1001"
2026-05-31T15:22:56.567,asdf,self_20260531_151909,clip_060,2,listen,,2.0969,1050029.0,raspberry_pi_seeed_gsr,"1050029,2.0969"
2026-05-31T15:22:56.630,asdf,self_20260531_151909,clip_060,2,listen,,2.0985,1050050.0,raspberry_pi_seeed_gsr,"1050050,2.0985"
2026-05-31T15:22:56.631,asdf,self_20260531_151909,clip_060,2,listen,,2.0977,1050071.0,raspberry_pi_seeed_gsr,"1050071,2.0977"
2026-05-31T15:22:56.632,asdf,self_20260531_151909,clip_060,2,listen,,2.1025,1050092.0,raspberry_pi_seeed_gsr,"1050092,2.1025"
2026-05-31T15:22:56.651,asdf,self_20260531_151909,clip_060,2,listen,,2.0985,1050113.0,raspberry_pi_seeed_gsr,"1050113,2.0985"
2026-05-31T15:22:56.673,asdf,self_20260531_151909,clip_060,2,listen,,2.1001,1050134.0,raspberry_pi_seeed_gsr,"1050134,2.1001"
2026-05-31T15:22:56.693,asdf,self_20260531_151909,clip_060,2,listen,,2.0993,1050155.0,raspberry_pi_seeed_gsr,"1050155,2.0993"
2026-05-31T15:22:56.714,asdf,self_20260531_151909,clip_060,2,listen,,2.0977,1050176.0,raspberry_pi_seeed_gsr,"1050176,2.0977"
2026-05-31T15:22:56.735,asdf,self_20260531_151909,clip_060,2,listen,,2.0993,1050197.0,raspberry_pi_seeed_gsr,"1050197,2.0993"
2026-05-31T15:22:56.756,asdf,self_20260531_151909,clip_060,2,listen,,2.0937,1050218.0,raspberry_pi_seeed_gsr,"1050218,2.0937"
2026-05-31T15:22:56.777,asdf,self_20260531_151909,clip_060,2,listen,,2.1025,1050239.0,raspberry_pi_seeed_gsr,"1050239,2.1025"
2026-05-31T15:22:56.798,asdf,self_20260531_151909,clip_060,2,listen,,2.0985,1050260.0,raspberry_pi_seeed_gsr,"1050260,2.0985"
2026-05-31T15:22:56.819,asdf,self_20260531_151909,clip_060,2,listen,,2.0993,1050281.0,raspberry_pi_seeed_gsr,"1050281,2.0993"
2026-05-31T15:22:56.840,asdf,self_20260531_151909,clip_060,2,listen,,2.0977,1050302.0,raspberry_pi_seeed_gsr,"1050302,2.0977"
2026-05-31T15:22:56.870,asdf,self_20260531_151909,clip_060,2,listen,,2.0961,1050323.0,raspberry_pi_seeed_gsr,"1050323,2.0961"
2026-05-31T15:22:56.882,asdf,self_20260531_151909,clip_060,2,listen,,2.1033,1050344.0,raspberry_pi_seeed_gsr,"1050344,2.1033"
2026-05-31T15:22:56.903,asdf,self_20260531_151909,clip_060,2,listen,,2.0985,1050365.0,raspberry_pi_seeed_gsr,"1050365,2.0985"
2026-05-31T15:22:56.924,asdf,self_20260531_151909,clip_060,2,listen,,2.1033,1050386.0,raspberry_pi_seeed_gsr,"1050386,2.1033"
2026-05-31T15:22:56.945,asdf,self_20260531_151909,clip_060,2,listen,,2.0969,1050407.0,raspberry_pi_seeed_gsr,"1050407,2.0969"
2026-05-31T15:22:56.966,asdf,self_20260531_151909,clip_060,2,listen,,2.1049,1050428.0,raspberry_pi_seeed_gsr,"1050428,2.1049"
2026-05-31T15:22:56.987,asdf,self_20260531_151909,clip_060,2,listen,,2.1009,1050449.0,raspberry_pi_seeed_gsr,"1050449,2.1009"
2026-05-31T15:22:57.008,asdf,self_20260531_151909,clip_060,2,listen,,2.0904,1050470.0,raspberry_pi_seeed_gsr,"1050470,2.0904"
2026-05-31T15:22:57.029,asdf,self_20260531_151909,clip_060,2,listen,,2.1057,1050491.0,raspberry_pi_seeed_gsr,"1050491,2.1057"
2026-05-31T15:22:57.050,asdf,self_20260531_151909,clip_060,2,listen,,2.1025,1050512.0,raspberry_pi_seeed_gsr,"1050512,2.1025"
2026-05-31T15:22:57.071,asdf,self_20260531_151909,clip_060,2,listen,,2.1009,1050533.0,raspberry_pi_seeed_gsr,"1050533,2.1009"
2026-05-31T15:22:57.092,asdf,self_20260531_151909,clip_060,2,listen,,2.0969,1050554.0,raspberry_pi_seeed_gsr,"1050554,2.0969"
2026-05-31T15:22:57.120,asdf,self_20260531_151909,clip_060,2,listen,,2.0928,1050575.0,raspberry_pi_seeed_gsr,"1050575,2.0928"
2026-05-31T15:22:57.136,asdf,self_20260531_151909,clip_060,2,listen,,2.0985,1050596.0,raspberry_pi_seeed_gsr,"1050596,2.0985"
2026-05-31T15:22:57.156,asdf,self_20260531_151909,clip_060,2,listen,,2.0985,1050617.0,raspberry_pi_seeed_gsr,"1050617,2.0985"
2026-05-31T15:22:57.176,asdf,self_20260531_151909,clip_060,2,listen,,2.0993,1050638.0,raspberry_pi_seeed_gsr,"1050638,2.0993"
2026-05-31T15:22:57.197,asdf,self_20260531_151909,clip_060,2,listen,,2.0977,1050659.0,raspberry_pi_seeed_gsr,"1050659,2.0977"
2026-05-31T15:22:57.218,asdf,self_20260531_151909,clip_060,2,listen,,2.1001,1050680.0,raspberry_pi_seeed_gsr,"1050680,2.1001"
2026-05-31T15:22:57.239,asdf,self_20260531_151909,clip_060,2,listen,,2.0985,1050701.0,raspberry_pi_seeed_gsr,"1050701,2.0985"
2026-05-31T15:22:57.260,asdf,self_20260531_151909,clip_060,2,listen,,2.0985,1050722.0,raspberry_pi_seeed_gsr,"1050722,2.0985"
2026-05-31T15:22:57.281,asdf,self_20260531_151909,clip_060,2,listen,,2.1154,1050743.0,raspberry_pi_seeed_gsr,"1050743,2.1154"
2026-05-31T15:22:57.302,asdf,self_20260531_151909,clip_060,2,listen,,2.0937,1050764.0,raspberry_pi_seeed_gsr,"1050764,2.0937"
2026-05-31T15:22:57.323,asdf,self_20260531_151909,clip_060,2,listen,,2.1057,1050785.0,raspberry_pi_seeed_gsr,"1050785,2.1057"
2026-05-31T15:22:57.344,asdf,self_20260531_151909,clip_060,2,listen,,2.0961,1050806.0,raspberry_pi_seeed_gsr,"1050806,2.0961"
2026-05-31T15:22:57.370,asdf,self_20260531_151909,clip_060,2,listen,,2.1025,1050827.0,raspberry_pi_seeed_gsr,"1050827,2.1025"
2026-05-31T15:22:57.386,asdf,self_20260531_151909,clip_060,2,listen,,2.0993,1050848.0,raspberry_pi_seeed_gsr,"1050848,2.0993"
2026-05-31T15:22:57.407,asdf,self_20260531_151909,clip_060,2,listen,,2.1065,1050869.0,raspberry_pi_seeed_gsr,"1050869,2.1065"
2026-05-31T15:22:57.428,asdf,self_20260531_151909,clip_060,2,listen,,2.1001,1050890.0,raspberry_pi_seeed_gsr,"1050890,2.1001"
2026-05-31T15:22:57.449,asdf,self_20260531_151909,clip_060,2,listen,,2.0985,1050911.0,raspberry_pi_seeed_gsr,"1050911,2.0985"
2026-05-31T15:22:57.470,asdf,self_20260531_151909,clip_060,2,listen,,2.1065,1050932.0,raspberry_pi_seeed_gsr,"1050932,2.1065"
2026-05-31T15:22:57.491,asdf,self_20260531_151909,clip_060,2,listen,,2.0977,1050953.0,raspberry_pi_seeed_gsr,"1050953,2.0977"
2026-05-31T15:22:57.512,asdf,self_20260531_151909,clip_060,2,listen,,2.1001,1050974.0,raspberry_pi_seeed_gsr,"1050974,2.1001"
2026-05-31T15:22:57.533,asdf,self_20260531_151909,clip_060,2,listen,,2.0928,1050995.0,raspberry_pi_seeed_gsr,"1050995,2.0928"
2026-05-31T15:22:57.554,asdf,self_20260531_151909,clip_060,2,listen,,2.0969,1051016.0,raspberry_pi_seeed_gsr,"1051016,2.0969"
2026-05-31T15:22:57.575,asdf,self_20260531_151909,clip_060,2,listen,,2.0993,1051037.0,raspberry_pi_seeed_gsr,"1051037,2.0993"
2026-05-31T15:22:57.596,asdf,self_20260531_151909,clip_060,2,listen,,2.0993,1051058.0,raspberry_pi_seeed_gsr,"1051058,2.0993"
2026-05-31T15:22:57.620,asdf,self_20260531_151909,clip_060,2,listen,,2.1001,1051079.0,raspberry_pi_seeed_gsr,"1051079,2.1001"
2026-05-31T15:22:57.638,asdf,self_20260531_151909,clip_060,2,listen,,2.0985,1051100.0,raspberry_pi_seeed_gsr,"1051100,2.0985"
2026-05-31T15:22:57.659,asdf,self_20260531_151909,clip_060,2,listen,,2.0969,1051121.0,raspberry_pi_seeed_gsr,"1051121,2.0969"
2026-05-31T15:22:57.680,asdf,self_20260531_151909,clip_060,2,listen,,2.1001,1051142.0,raspberry_pi_seeed_gsr,"1051142,2.1001"
2026-05-31T15:22:57.701,asdf,self_20260531_151909,clip_060,2,listen,,2.1017,1051163.0,raspberry_pi_seeed_gsr,"1051163,2.1017"
2026-05-31T15:22:57.722,asdf,self_20260531_151909,clip_060,2,listen,,2.0912,1051184.0,raspberry_pi_seeed_gsr,"1051184,2.0912"
2026-05-31T15:22:57.743,asdf,self_20260531_151909,clip_060,2,listen,,2.0977,1051205.0,raspberry_pi_seeed_gsr,"1051205,2.0977"
2026-05-31T15:22:57.764,asdf,self_20260531_151909,clip_060,2,listen,,2.0937,1051226.0,raspberry_pi_seeed_gsr,"1051226,2.0937"
2026-05-31T15:22:57.785,asdf,self_20260531_151909,clip_060,2,listen,,2.0977,1051247.0,raspberry_pi_seeed_gsr,"1051247,2.0977"
2026-05-31T15:22:57.806,asdf,self_20260531_151909,clip_060,2,listen,,2.0993,1051268.0,raspberry_pi_seeed_gsr,"1051268,2.0993"
2026-05-31T15:22:57.827,asdf,self_20260531_151909,clip_060,2,listen,,2.0977,1051289.0,raspberry_pi_seeed_gsr,"1051289,2.0977"
2026-05-31T15:22:57.848,asdf,self_20260531_151909,clip_060,2,listen,,2.1001,1051310.0,raspberry_pi_seeed_gsr,"1051310,2.1001"
2026-05-31T15:22:57.872,asdf,self_20260531_151909,clip_060,2,listen,,2.1025,1051331.0,raspberry_pi_seeed_gsr,"1051331,2.1025"
2026-05-31T15:22:57.890,asdf,self_20260531_151909,clip_060,2,listen,,2.0977,1051352.0,raspberry_pi_seeed_gsr,"1051352,2.0977"
2026-05-31T15:22:57.911,asdf,self_20260531_151909,clip_060,2,listen,,2.1001,1051373.0,raspberry_pi_seeed_gsr,"1051373,2.1001"
2026-05-31T15:22:57.932,asdf,self_20260531_151909,clip_060,2,listen,,2.1001,1051394.0,raspberry_pi_seeed_gsr,"1051394,2.1001"
2026-05-31T15:22:57.953,asdf,self_20260531_151909,clip_060,2,listen,,2.1025,1051415.0,raspberry_pi_seeed_gsr,"1051415,2.1025"
2026-05-31T15:22:57.974,asdf,self_20260531_151909,clip_060,2,listen,,2.0993,1051436.0,raspberry_pi_seeed_gsr,"1051436,2.0993"
2026-05-31T15:22:57.995,asdf,self_20260531_151909,clip_060,2,listen,,2.1025,1051457.0,raspberry_pi_seeed_gsr,"1051457,2.1025"
2026-05-31T15:22:58.016,asdf,self_20260531_151909,clip_060,2,listen,,2.1009,1051478.0,raspberry_pi_seeed_gsr,"1051478,2.1009"
2026-05-31T15:22:58.037,asdf,self_20260531_151909,clip_060,2,listen,,2.1001,1051499.0,raspberry_pi_seeed_gsr,"1051499,2.1001"
2026-05-31T15:22:58.058,asdf,self_20260531_151909,clip_060,2,listen,,2.0993,1051520.0,raspberry_pi_seeed_gsr,"1051520,2.0993"
2026-05-31T15:22:58.079,asdf,self_20260531_151909,clip_060,2,listen,,2.1001,1051541.0,raspberry_pi_seeed_gsr,"1051541,2.1001"
2026-05-31T15:22:58.100,asdf,self_20260531_151909,clip_060,2,listen,,2.0993,1051562.0,raspberry_pi_seeed_gsr,"1051562,2.0993"
2026-05-31T15:22:58.124,asdf,self_20260531_151909,clip_060,2,listen,,2.0977,1051583.0,raspberry_pi_seeed_gsr,"1051583,2.0977"
2026-05-31T15:22:58.142,asdf,self_20260531_151909,clip_060,2,listen,,2.1001,1051604.0,raspberry_pi_seeed_gsr,"1051604,2.1001"
2026-05-31T15:22:58.163,asdf,self_20260531_151909,clip_060,2,listen,,2.0993,1051625.0,raspberry_pi_seeed_gsr,"1051625,2.0993"
2026-05-31T15:22:58.184,asdf,self_20260531_151909,clip_060,2,listen,,2.1009,1051646.0,raspberry_pi_seeed_gsr,"1051646,2.1009"
2026-05-31T15:22:58.205,asdf,self_20260531_151909,clip_060,2,listen,,2.1025,1051667.0,raspberry_pi_seeed_gsr,"1051667,2.1025"
2026-05-31T15:22:58.226,asdf,self_20260531_151909,clip_060,2,listen,,2.0993,1051688.0,raspberry_pi_seeed_gsr,"1051688,2.0993"
2026-05-31T15:22:58.247,asdf,self_20260531_151909,clip_060,2,listen,,2.0993,1051709.0,raspberry_pi_seeed_gsr,"1051709,2.0993"
2026-05-31T15:22:58.268,asdf,self_20260531_151909,clip_060,2,listen,,2.1122,1051730.0,raspberry_pi_seeed_gsr,"1051730,2.1122"
2026-05-31T15:22:58.289,asdf,self_20260531_151909,clip_060,2,listen,,2.0985,1051751.0,raspberry_pi_seeed_gsr,"1051751,2.0985"
2026-05-31T15:22:58.310,asdf,self_20260531_151909,clip_060,2,listen,,2.0993,1051772.0,raspberry_pi_seeed_gsr,"1051772,2.0993"
2026-05-31T15:22:58.331,asdf,self_20260531_151909,clip_060,2,listen,,2.1291,1051793.0,raspberry_pi_seeed_gsr,"1051793,2.1291"
2026-05-31T15:22:58.352,asdf,self_20260531_151909,clip_060,2,listen,,2.1017,1051814.0,raspberry_pi_seeed_gsr,"1051814,2.1017"
2026-05-31T15:22:58.385,asdf,self_20260531_151909,clip_060,2,listen,,2.0985,1051835.0,raspberry_pi_seeed_gsr,"1051835,2.0985"
2026-05-31T15:22:58.394,asdf,self_20260531_151909,clip_060,2,listen,,2.0977,1051856.0,raspberry_pi_seeed_gsr,"1051856,2.0977"
2026-05-31T15:22:58.415,asdf,self_20260531_151909,clip_060,2,listen,,2.0993,1051877.0,raspberry_pi_seeed_gsr,"1051877,2.0993"
2026-05-31T15:22:58.436,asdf,self_20260531_151909,clip_060,2,listen,,2.0856,1051898.0,raspberry_pi_seeed_gsr,"1051898,2.0856"
2026-05-31T15:22:58.457,asdf,self_20260531_151909,clip_060,2,listen,,2.1098,1051919.0,raspberry_pi_seeed_gsr,"1051919,2.1098"
2026-05-31T15:22:58.478,asdf,self_20260531_151909,clip_060,2,listen,,2.0993,1051940.0,raspberry_pi_seeed_gsr,"1051940,2.0993"
2026-05-31T15:22:58.499,asdf,self_20260531_151909,clip_060,2,listen,,2.0969,1051961.0,raspberry_pi_seeed_gsr,"1051961,2.0969"
2026-05-31T15:22:58.520,asdf,self_20260531_151909,clip_060,2,listen,,2.1025,1051982.0,raspberry_pi_seeed_gsr,"1051982,2.1025"
2026-05-31T15:22:58.541,asdf,self_20260531_151909,clip_060,2,listen,,2.1001,1052003.0,raspberry_pi_seeed_gsr,"1052003,2.1001"
2026-05-31T15:22:58.562,asdf,self_20260531_151909,clip_060,2,listen,,2.1009,1052024.0,raspberry_pi_seeed_gsr,"1052024,2.1009"
2026-05-31T15:22:58.583,asdf,self_20260531_151909,clip_060,2,listen,,2.0985,1052045.0,raspberry_pi_seeed_gsr,"1052045,2.0985"
2026-05-31T15:22:58.604,asdf,self_20260531_151909,clip_060,2,listen,,2.0993,1052066.0,raspberry_pi_seeed_gsr,"1052066,2.0993"
2026-05-31T15:22:58.642,asdf,self_20260531_151909,clip_060,2,listen,,2.0969,1052087.0,raspberry_pi_seeed_gsr,"1052087,2.0969"
2026-05-31T15:22:58.646,asdf,self_20260531_151909,clip_060,2,listen,,2.0953,1052108.0,raspberry_pi_seeed_gsr,"1052108,2.0953"
2026-05-31T15:22:58.667,asdf,self_20260531_151909,clip_060,2,listen,,2.0783,1052129.0,raspberry_pi_seeed_gsr,"1052129,2.0783"
2026-05-31T15:22:58.688,asdf,self_20260531_151909,clip_060,2,listen,,2.1041,1052150.0,raspberry_pi_seeed_gsr,"1052150,2.1041"
2026-05-31T15:22:58.709,asdf,self_20260531_151909,clip_060,2,listen,,2.0993,1052171.0,raspberry_pi_seeed_gsr,"1052171,2.0993"
2026-05-31T15:22:58.730,asdf,self_20260531_151909,clip_060,2,listen,,2.0969,1052192.0,raspberry_pi_seeed_gsr,"1052192,2.0969"
2026-05-31T15:22:58.751,asdf,self_20260531_151909,clip_060,2,listen,,2.0993,1052213.0,raspberry_pi_seeed_gsr,"1052213,2.0993"
2026-05-31T15:22:58.772,asdf,self_20260531_151909,clip_060,2,listen,,2.1033,1052234.0,raspberry_pi_seeed_gsr,"1052234,2.1033"
2026-05-31T15:22:58.793,asdf,self_20260531_151909,clip_060,2,listen,,2.0961,1052255.0,raspberry_pi_seeed_gsr,"1052255,2.0961"
2026-05-31T15:22:58.814,asdf,self_20260531_151909,clip_060,2,listen,,2.0993,1052276.0,raspberry_pi_seeed_gsr,"1052276,2.0993"
2026-05-31T15:22:58.835,asdf,self_20260531_151909,clip_060,2,listen,,2.1001,1052297.0,raspberry_pi_seeed_gsr,"1052297,2.1001"
2026-05-31T15:22:58.856,asdf,self_20260531_151909,clip_060,2,listen,,2.1041,1052318.0,raspberry_pi_seeed_gsr,"1052318,2.1041"
2026-05-31T15:22:58.901,asdf,self_20260531_151909,clip_060,2,listen,,2.0937,1052339.0,raspberry_pi_seeed_gsr,"1052339,2.0937"
2026-05-31T15:22:58.902,asdf,self_20260531_151909,clip_060,2,listen,,2.0993,1052360.0,raspberry_pi_seeed_gsr,"1052360,2.0993"
2026-05-31T15:22:58.919,asdf,self_20260531_151909,clip_060,2,listen,,2.1364,1052381.0,raspberry_pi_seeed_gsr,"1052381,2.1364"
2026-05-31T15:22:58.940,asdf,self_20260531_151909,clip_060,2,listen,,2.0977,1052402.0,raspberry_pi_seeed_gsr,"1052402,2.0977"
2026-05-31T15:22:58.961,asdf,self_20260531_151909,clip_060,2,listen,,2.0912,1052423.0,raspberry_pi_seeed_gsr,"1052423,2.0912"
2026-05-31T15:22:58.982,asdf,self_20260531_151909,clip_060,2,listen,,2.1001,1052444.0,raspberry_pi_seeed_gsr,"1052444,2.1001"
2026-05-31T15:22:59.003,asdf,self_20260531_151909,clip_060,2,listen,,2.0993,1052465.0,raspberry_pi_seeed_gsr,"1052465,2.0993"
2026-05-31T15:22:59.024,asdf,self_20260531_151909,clip_060,2,listen,,2.1009,1052486.0,raspberry_pi_seeed_gsr,"1052486,2.1009"
2026-05-31T15:22:59.045,asdf,self_20260531_151909,clip_060,2,listen,,2.0993,1052507.0,raspberry_pi_seeed_gsr,"1052507,2.0993"
2026-05-31T15:22:59.066,asdf,self_20260531_151909,clip_060,2,listen,,2.0969,1052528.0,raspberry_pi_seeed_gsr,"1052528,2.0969"
2026-05-31T15:22:59.087,asdf,self_20260531_151909,clip_060,2,listen,,2.1001,1052549.0,raspberry_pi_seeed_gsr,"1052549,2.1001"
2026-05-31T15:22:59.108,asdf,self_20260531_151909,clip_060,2,listen,,2.0993,1052570.0,raspberry_pi_seeed_gsr,"1052570,2.0993"
2026-05-31T15:22:59.151,asdf,self_20260531_151909,clip_060,2,listen,,2.0977,1052591.0,raspberry_pi_seeed_gsr,"1052591,2.0977"
2026-05-31T15:22:59.152,asdf,self_20260531_151909,clip_060,2,listen,,2.0969,1052612.0,raspberry_pi_seeed_gsr,"1052612,2.0969"
2026-05-31T15:22:59.171,asdf,self_20260531_151909,clip_060,2,listen,,2.1025,1052633.0,raspberry_pi_seeed_gsr,"1052633,2.1025"
2026-05-31T15:22:59.192,asdf,self_20260531_151909,clip_060,2,listen,,2.1082,1052654.0,raspberry_pi_seeed_gsr,"1052654,2.1082"
2026-05-31T15:22:59.213,asdf,self_20260531_151909,clip_060,2,listen,,2.1017,1052675.0,raspberry_pi_seeed_gsr,"1052675,2.1017"
2026-05-31T15:22:59.234,asdf,self_20260531_151909,clip_060,2,listen,,2.1017,1052696.0,raspberry_pi_seeed_gsr,"1052696,2.1017"
2026-05-31T15:22:59.255,asdf,self_20260531_151909,clip_060,2,listen,,2.0969,1052717.0,raspberry_pi_seeed_gsr,"1052717,2.0969"
2026-05-31T15:22:59.276,asdf,self_20260531_151909,clip_060,2,listen,,2.0953,1052738.0,raspberry_pi_seeed_gsr,"1052738,2.0953"
2026-05-31T15:22:59.297,asdf,self_20260531_151909,clip_060,2,listen,,2.0993,1052759.0,raspberry_pi_seeed_gsr,"1052759,2.0993"
2026-05-31T15:22:59.318,asdf,self_20260531_151909,clip_060,2,listen,,2.1017,1052780.0,raspberry_pi_seeed_gsr,"1052780,2.1017"
2026-05-31T15:22:59.339,asdf,self_20260531_151909,clip_060,2,listen,,2.1001,1052801.0,raspberry_pi_seeed_gsr,"1052801,2.1001"
2026-05-31T15:22:59.360,asdf,self_20260531_151909,clip_060,2,listen,,2.0985,1052822.0,raspberry_pi_seeed_gsr,"1052822,2.0985"
2026-05-31T15:22:59.401,asdf,self_20260531_151909,clip_060,2,listen,,2.0985,1052843.0,raspberry_pi_seeed_gsr,"1052843,2.0985"
2026-05-31T15:22:59.402,asdf,self_20260531_151909,clip_060,2,listen,,2.0953,1052864.0,raspberry_pi_seeed_gsr,"1052864,2.0953"
2026-05-31T15:22:59.423,asdf,self_20260531_151909,clip_060,2,listen,,2.1025,1052885.0,raspberry_pi_seeed_gsr,"1052885,2.1025"
2026-05-31T15:22:59.444,asdf,self_20260531_151909,clip_060,2,listen,,2.0977,1052906.0,raspberry_pi_seeed_gsr,"1052906,2.0977"
2026-05-31T15:22:59.465,asdf,self_20260531_151909,clip_060,2,listen,,2.1009,1052927.0,raspberry_pi_seeed_gsr,"1052927,2.1009"
2026-05-31T15:22:59.486,asdf,self_20260531_151909,clip_060,2,listen,,2.1017,1052948.0,raspberry_pi_seeed_gsr,"1052948,2.1017"
2026-05-31T15:22:59.507,asdf,self_20260531_151909,clip_060,2,listen,,2.0985,1052969.0,raspberry_pi_seeed_gsr,"1052969,2.0985"
2026-05-31T15:22:59.528,asdf,self_20260531_151909,clip_060,2,listen,,2.0985,1052990.0,raspberry_pi_seeed_gsr,"1052990,2.0985"
2026-05-31T15:22:59.549,asdf,self_20260531_151909,clip_060,2,listen,,2.1065,1053011.0,raspberry_pi_seeed_gsr,"1053011,2.1065"
2026-05-31T15:22:59.570,asdf,self_20260531_151909,clip_060,2,listen,,2.1001,1053032.0,raspberry_pi_seeed_gsr,"1053032,2.1001"
2026-05-31T15:22:59.591,asdf,self_20260531_151909,clip_060,2,listen,,2.0993,1053053.0,raspberry_pi_seeed_gsr,"1053053,2.0993"
2026-05-31T15:22:59.612,asdf,self_20260531_151909,clip_060,2,listen,,2.0977,1053074.0,raspberry_pi_seeed_gsr,"1053074,2.0977"
2026-05-31T15:22:59.647,asdf,self_20260531_151909,clip_060,2,listen,,2.0985,1053095.0,raspberry_pi_seeed_gsr,"1053095,2.0985"
2026-05-31T15:22:59.654,asdf,self_20260531_151909,clip_060,2,listen,,2.1009,1053116.0,raspberry_pi_seeed_gsr,"1053116,2.1009"
2026-05-31T15:22:59.675,asdf,self_20260531_151909,clip_060,2,listen,,2.1017,1053137.0,raspberry_pi_seeed_gsr,"1053137,2.1017"
2026-05-31T15:22:59.696,asdf,self_20260531_151909,clip_060,2,listen,,2.0937,1053158.0,raspberry_pi_seeed_gsr,"1053158,2.0937"
2026-05-31T15:22:59.717,asdf,self_20260531_151909,clip_060,2,listen,,2.0977,1053179.0,raspberry_pi_seeed_gsr,"1053179,2.0977"
2026-05-31T15:22:59.738,asdf,self_20260531_151909,clip_060,2,listen,,2.0937,1053200.0,raspberry_pi_seeed_gsr,"1053200,2.0937"
2026-05-31T15:22:59.759,asdf,self_20260531_151909,clip_060,2,listen,,2.0912,1053221.0,raspberry_pi_seeed_gsr,"1053221,2.0912"
2026-05-31T15:22:59.780,asdf,self_20260531_151909,clip_060,2,listen,,2.1041,1053242.0,raspberry_pi_seeed_gsr,"1053242,2.1041"
2026-05-31T15:22:59.801,asdf,self_20260531_151909,clip_060,2,listen,,2.1017,1053263.0,raspberry_pi_seeed_gsr,"1053263,2.1017"
2026-05-31T15:22:59.822,asdf,self_20260531_151909,clip_060,2,listen,,2.1009,1053284.0,raspberry_pi_seeed_gsr,"1053284,2.1009"
2026-05-31T15:22:59.843,asdf,self_20260531_151909,clip_060,2,listen,,2.0993,1053305.0,raspberry_pi_seeed_gsr,"1053305,2.0993"
2026-05-31T15:22:59.864,asdf,self_20260531_151909,clip_060,2,listen,,2.0985,1053326.0,raspberry_pi_seeed_gsr,"1053326,2.0985"
2026-05-31T15:22:59.906,asdf,self_20260531_151909,clip_060,2,listen,,2.1017,1053347.0,raspberry_pi_seeed_gsr,"1053347,2.1017"
2026-05-31T15:22:59.907,asdf,self_20260531_151909,clip_060,2,listen,,2.0953,1053368.0,raspberry_pi_seeed_gsr,"1053368,2.0953"
2026-05-31T15:22:59.927,asdf,self_20260531_151909,clip_060,2,listen,,2.0993,1053389.0,raspberry_pi_seeed_gsr,"1053389,2.0993"
2026-05-31T15:22:59.948,asdf,self_20260531_151909,clip_060,2,listen,,2.1009,1053410.0,raspberry_pi_seeed_gsr,"1053410,2.1009"
2026-05-31T15:22:59.969,asdf,self_20260531_151909,clip_060,2,listen,,2.1025,1053431.0,raspberry_pi_seeed_gsr,"1053431,2.1025"
2026-05-31T15:22:59.990,asdf,self_20260531_151909,clip_060,2,listen,,2.0928,1053452.0,raspberry_pi_seeed_gsr,"1053452,2.0928"
2026-05-31T15:23:00.011,asdf,self_20260531_151909,clip_060,2,listen,,2.0969,1053473.0,raspberry_pi_seeed_gsr,"1053473,2.0969"
2026-05-31T15:23:00.032,asdf,self_20260531_151909,clip_060,2,listen,,2.0985,1053494.0,raspberry_pi_seeed_gsr,"1053494,2.0985"
2026-05-31T15:23:00.053,asdf,self_20260531_151909,clip_060,2,listen,,2.0961,1053515.0,raspberry_pi_seeed_gsr,"1053515,2.0961"
2026-05-31T15:23:00.074,asdf,self_20260531_151909,clip_060,2,listen,,2.0848,1053536.0,raspberry_pi_seeed_gsr,"1053536,2.0848"
2026-05-31T15:23:00.095,asdf,self_20260531_151909,clip_060,2,listen,,2.0985,1053557.0,raspberry_pi_seeed_gsr,"1053557,2.0985"
2026-05-31T15:23:00.116,asdf,self_20260531_151909,clip_060,2,listen,,2.0953,1053578.0,raspberry_pi_seeed_gsr,"1053578,2.0953"
2026-05-31T15:23:00.154,asdf,self_20260531_151909,clip_060,2,listen,,2.1033,1053599.0,raspberry_pi_seeed_gsr,"1053599,2.1033"
2026-05-31T15:23:00.158,asdf,self_20260531_151909,clip_060,2,listen,,2.1017,1053620.0,raspberry_pi_seeed_gsr,"1053620,2.1017"
2026-05-31T15:23:00.179,asdf,self_20260531_151909,clip_060,2,listen,,2.1025,1053641.0,raspberry_pi_seeed_gsr,"1053641,2.1025"
2026-05-31T15:23:00.200,asdf,self_20260531_151909,clip_060,2,listen,,2.0993,1053662.0,raspberry_pi_seeed_gsr,"1053662,2.0993"
2026-05-31T15:23:00.221,asdf,self_20260531_151909,clip_060,2,listen,,2.0961,1053683.0,raspberry_pi_seeed_gsr,"1053683,2.0961"
2026-05-31T15:23:00.242,asdf,self_20260531_151909,clip_060,2,listen,,2.1009,1053704.0,raspberry_pi_seeed_gsr,"1053704,2.1009"
2026-05-31T15:23:00.263,asdf,self_20260531_151909,clip_060,2,listen,,2.1001,1053725.0,raspberry_pi_seeed_gsr,"1053725,2.1001"
2026-05-31T15:23:00.284,asdf,self_20260531_151909,clip_060,2,listen,,2.0985,1053746.0,raspberry_pi_seeed_gsr,"1053746,2.0985"
2026-05-31T15:23:00.305,asdf,self_20260531_151909,clip_060,2,listen,,2.0985,1053767.0,raspberry_pi_seeed_gsr,"1053767,2.0985"
2026-05-31T15:23:00.326,asdf,self_20260531_151909,clip_060,2,listen,,2.1001,1053788.0,raspberry_pi_seeed_gsr,"1053788,2.1001"
2026-05-31T15:23:00.347,asdf,self_20260531_151909,clip_060,2,listen,,2.0985,1053809.0,raspberry_pi_seeed_gsr,"1053809,2.0985"
2026-05-31T15:23:00.368,asdf,self_20260531_151909,clip_060,2,listen,,2.0985,1053830.0,raspberry_pi_seeed_gsr,"1053830,2.0985"
2026-05-31T15:23:00.407,asdf,self_20260531_151909,clip_060,2,listen,,2.1001,1053851.0,raspberry_pi_seeed_gsr,"1053851,2.1001"
2026-05-31T15:23:00.410,asdf,self_20260531_151909,clip_060,2,listen,,2.1001,1053872.0,raspberry_pi_seeed_gsr,"1053872,2.1001"
2026-05-31T15:23:00.431,asdf,self_20260531_151909,clip_060,2,listen,,2.1049,1053893.0,raspberry_pi_seeed_gsr,"1053893,2.1049"
2026-05-31T15:23:00.452,asdf,self_20260531_151909,clip_060,2,listen,,2.1001,1053914.0,raspberry_pi_seeed_gsr,"1053914,2.1001"
2026-05-31T15:23:00.473,asdf,self_20260531_151909,clip_060,2,listen,,2.1009,1053935.0,raspberry_pi_seeed_gsr,"1053935,2.1009"
2026-05-31T15:23:00.494,asdf,self_20260531_151909,clip_060,2,listen,,2.0993,1053956.0,raspberry_pi_seeed_gsr,"1053956,2.0993"
2026-05-31T15:23:00.515,asdf,self_20260531_151909,clip_060,2,listen,,2.1017,1053977.0,raspberry_pi_seeed_gsr,"1053977,2.1017"
2026-05-31T15:23:00.536,asdf,self_20260531_151909,clip_060,2,listen,,2.0961,1053998.0,raspberry_pi_seeed_gsr,"1053998,2.0961"
2026-05-31T15:23:00.557,asdf,self_20260531_151909,clip_060,2,listen,,2.1025,1054019.0,raspberry_pi_seeed_gsr,"1054019,2.1025"
2026-05-31T15:23:00.578,asdf,self_20260531_151909,clip_060,2,listen,,2.1057,1054040.0,raspberry_pi_seeed_gsr,"1054040,2.1057"
2026-05-31T15:23:00.599,asdf,self_20260531_151909,clip_060,2,listen,,2.1009,1054061.0,raspberry_pi_seeed_gsr,"1054061,2.1009"
2026-05-31T15:23:00.620,asdf,self_20260531_151909,clip_060,2,listen,,2.0937,1054082.0,raspberry_pi_seeed_gsr,"1054082,2.0937"
2026-05-31T15:23:00.658,asdf,self_20260531_151909,clip_060,2,listen,,2.092,1054103.0,raspberry_pi_seeed_gsr,"1054103,2.0920"
2026-05-31T15:23:00.662,asdf,self_20260531_151909,clip_060,2,listen,,2.0993,1054124.0,raspberry_pi_seeed_gsr,"1054124,2.0993"
2026-05-31T15:23:00.683,asdf,self_20260531_151909,clip_060,2,listen,,2.0977,1054145.0,raspberry_pi_seeed_gsr,"1054145,2.0977"
2026-05-31T15:23:00.704,asdf,self_20260531_151909,clip_060,2,listen,,2.0904,1054166.0,raspberry_pi_seeed_gsr,"1054166,2.0904"
2026-05-31T15:23:00.725,asdf,self_20260531_151909,clip_060,2,listen,,2.0953,1054187.0,raspberry_pi_seeed_gsr,"1054187,2.0953"
2026-05-31T15:23:00.746,asdf,self_20260531_151909,clip_060,2,listen,,2.0937,1054208.0,raspberry_pi_seeed_gsr,"1054208,2.0937"
2026-05-31T15:23:00.767,asdf,self_20260531_151909,clip_060,2,listen,,2.0969,1054229.0,raspberry_pi_seeed_gsr,"1054229,2.0969"
2026-05-31T15:23:00.788,asdf,self_20260531_151909,clip_060,2,listen,,2.0969,1054250.0,raspberry_pi_seeed_gsr,"1054250,2.0969"
2026-05-31T15:23:00.809,asdf,self_20260531_151909,clip_060,2,listen,,2.1001,1054271.0,raspberry_pi_seeed_gsr,"1054271,2.1001"
2026-05-31T15:23:00.830,asdf,self_20260531_151909,clip_060,2,listen,,2.1001,1054292.0,raspberry_pi_seeed_gsr,"1054292,2.1001"
2026-05-31T15:23:00.851,asdf,self_20260531_151909,clip_060,2,listen,,2.1025,1054313.0,raspberry_pi_seeed_gsr,"1054313,2.1025"
2026-05-31T15:23:00.872,asdf,self_20260531_151909,clip_060,2,listen,,2.0993,1054334.0,raspberry_pi_seeed_gsr,"1054334,2.0993"
2026-05-31T15:23:00.910,asdf,self_20260531_151909,clip_060,2,listen,,2.0969,1054355.0,raspberry_pi_seeed_gsr,"1054355,2.0969"
2026-05-31T15:23:00.914,asdf,self_20260531_151909,clip_060,2,listen,,2.1025,1054376.0,raspberry_pi_seeed_gsr,"1054376,2.1025"
2026-05-31T15:23:00.935,asdf,self_20260531_151909,clip_060,2,listen,,2.1017,1054397.0,raspberry_pi_seeed_gsr,"1054397,2.1017"
2026-05-31T15:23:00.956,asdf,self_20260531_151909,clip_060,2,listen,,2.1065,1054418.0,raspberry_pi_seeed_gsr,"1054418,2.1065"
2026-05-31T15:23:00.977,asdf,self_20260531_151909,clip_060,2,listen,,2.0993,1054439.0,raspberry_pi_seeed_gsr,"1054439,2.0993"
2026-05-31T15:23:00.998,asdf,self_20260531_151909,clip_060,2,listen,,2.0993,1054460.0,raspberry_pi_seeed_gsr,"1054460,2.0993"
2026-05-31T15:23:01.019,asdf,self_20260531_151909,clip_060,2,listen,,2.1057,1054481.0,raspberry_pi_seeed_gsr,"1054481,2.1057"
2026-05-31T15:23:01.040,asdf,self_20260531_151909,clip_060,2,listen,,2.1041,1054502.0,raspberry_pi_seeed_gsr,"1054502,2.1041"
2026-05-31T15:23:01.061,asdf,self_20260531_151909,clip_060,2,listen,,2.0993,1054523.0,raspberry_pi_seeed_gsr,"1054523,2.0993"
2026-05-31T15:23:01.082,asdf,self_20260531_151909,clip_060,2,listen,,2.1001,1054544.0,raspberry_pi_seeed_gsr,"1054544,2.1001"
2026-05-31T15:23:01.103,asdf,self_20260531_151909,clip_060,2,listen,,2.0985,1054565.0,raspberry_pi_seeed_gsr,"1054565,2.0985"
2026-05-31T15:23:01.124,asdf,self_20260531_151909,clip_060,2,listen,,2.1299,1054586.0,raspberry_pi_seeed_gsr,"1054586,2.1299"
2026-05-31T15:23:01.163,asdf,self_20260531_151909,clip_060,2,listen,,2.1001,1054607.0,raspberry_pi_seeed_gsr,"1054607,2.1001"
2026-05-31T15:23:01.166,asdf,self_20260531_151909,clip_060,2,listen,,2.0937,1054628.0,raspberry_pi_seeed_gsr,"1054628,2.0937"
2026-05-31T15:23:01.187,asdf,self_20260531_151909,clip_060,2,listen,,2.0993,1054649.0,raspberry_pi_seeed_gsr,"1054649,2.0993"
2026-05-31T15:23:01.208,asdf,self_20260531_151909,clip_060,2,listen,,2.1041,1054670.0,raspberry_pi_seeed_gsr,"1054670,2.1041"
2026-05-31T15:23:01.229,asdf,self_20260531_151909,clip_060,2,listen,,2.1025,1054691.0,raspberry_pi_seeed_gsr,"1054691,2.1025"
2026-05-31T15:23:01.250,asdf,self_20260531_151909,clip_060,2,listen,,2.1057,1054712.0,raspberry_pi_seeed_gsr,"1054712,2.1057"
2026-05-31T15:23:01.271,asdf,self_20260531_151909,clip_060,2,listen,,2.1057,1054733.0,raspberry_pi_seeed_gsr,"1054733,2.1057"
2026-05-31T15:23:01.292,asdf,self_20260531_151909,clip_060,2,listen,,2.0993,1054754.0,raspberry_pi_seeed_gsr,"1054754,2.0993"
2026-05-31T15:23:01.313,asdf,self_20260531_151909,clip_060,2,listen,,2.0953,1054775.0,raspberry_pi_seeed_gsr,"1054775,2.0953"
2026-05-31T15:23:01.334,asdf,self_20260531_151909,clip_060,2,listen,,2.1033,1054796.0,raspberry_pi_seeed_gsr,"1054796,2.1033"
2026-05-31T15:23:01.355,asdf,self_20260531_151909,clip_060,2,listen,,2.1001,1054817.0,raspberry_pi_seeed_gsr,"1054817,2.1001"
2026-05-31T15:23:01.376,asdf,self_20260531_151909,clip_060,2,listen,,2.0993,1054838.0,raspberry_pi_seeed_gsr,"1054838,2.0993"
2026-05-31T15:23:01.417,asdf,self_20260531_151909,clip_060,2,listen,,2.1025,1054859.0,raspberry_pi_seeed_gsr,"1054859,2.1025"
2026-05-31T15:23:01.419,asdf,self_20260531_151909,clip_060,2,listen,,2.0985,1054880.0,raspberry_pi_seeed_gsr,"1054880,2.0985"
2026-05-31T15:23:01.439,asdf,self_20260531_151909,clip_060,2,listen,,2.1001,1054901.0,raspberry_pi_seeed_gsr,"1054901,2.1001"
2026-05-31T15:23:01.460,asdf,self_20260531_151909,clip_060,2,listen,,2.0993,1054922.0,raspberry_pi_seeed_gsr,"1054922,2.0993"
2026-05-31T15:23:01.481,asdf,self_20260531_151909,clip_060,2,listen,,2.1017,1054943.0,raspberry_pi_seeed_gsr,"1054943,2.1017"
2026-05-31T15:23:01.502,asdf,self_20260531_151909,clip_060,2,listen,,2.0912,1054964.0,raspberry_pi_seeed_gsr,"1054964,2.0912"
2026-05-31T15:23:01.523,asdf,self_20260531_151909,clip_060,2,listen,,2.0977,1054985.0,raspberry_pi_seeed_gsr,"1054985,2.0977"
2026-05-31T15:23:01.544,asdf,self_20260531_151909,clip_060,2,listen,,2.0985,1055006.0,raspberry_pi_seeed_gsr,"1055006,2.0985"
2026-05-31T15:23:01.565,asdf,self_20260531_151909,clip_060,2,listen,,2.0985,1055027.0,raspberry_pi_seeed_gsr,"1055027,2.0985"
2026-05-31T15:23:01.586,asdf,self_20260531_151909,clip_060,2,listen,,2.1057,1055048.0,raspberry_pi_seeed_gsr,"1055048,2.1057"
2026-05-31T15:23:01.607,asdf,self_20260531_151909,clip_060,2,listen,,2.0961,1055069.0,raspberry_pi_seeed_gsr,"1055069,2.0961"
2026-05-31T15:23:01.628,asdf,self_20260531_151909,clip_060,2,listen,,2.0848,1055090.0,raspberry_pi_seeed_gsr,"1055090,2.0848"
2026-05-31T15:23:01.672,asdf,self_20260531_151909,clip_060,2,listen,,2.0977,1055111.0,raspberry_pi_seeed_gsr,"1055111,2.0977"
2026-05-31T15:23:01.673,asdf,self_20260531_151909,clip_060,2,listen,,2.0969,1055132.0,raspberry_pi_seeed_gsr,"1055132,2.0969"
2026-05-31T15:23:01.691,asdf,self_20260531_151909,clip_060,2,listen,,2.1001,1055153.0,raspberry_pi_seeed_gsr,"1055153,2.1001"
2026-05-31T15:23:01.712,asdf,self_20260531_151909,clip_060,2,listen,,2.0985,1055174.0,raspberry_pi_seeed_gsr,"1055174,2.0985"
2026-05-31T15:23:01.733,asdf,self_20260531_151909,clip_060,2,listen,,2.1017,1055195.0,raspberry_pi_seeed_gsr,"1055195,2.1017"
2026-05-31T15:23:01.754,asdf,self_20260531_151909,clip_060,2,listen,,2.0993,1055216.0,raspberry_pi_seeed_gsr,"1055216,2.0993"
2026-05-31T15:23:01.775,asdf,self_20260531_151909,clip_060,2,listen,,2.0993,1055237.0,raspberry_pi_seeed_gsr,"1055237,2.0993"
2026-05-31T15:23:01.796,asdf,self_20260531_151909,clip_060,2,listen,,2.1025,1055258.0,raspberry_pi_seeed_gsr,"1055258,2.1025"
2026-05-31T15:23:01.817,asdf,self_20260531_151909,clip_060,2,listen,,2.0993,1055279.0,raspberry_pi_seeed_gsr,"1055279,2.0993"
2026-05-31T15:23:01.838,asdf,self_20260531_151909,clip_060,2,listen,,2.1025,1055300.0,raspberry_pi_seeed_gsr,"1055300,2.1025"
2026-05-31T15:23:01.859,asdf,self_20260531_151909,clip_060,2,listen,,2.1009,1055321.0,raspberry_pi_seeed_gsr,"1055321,2.1009"
2026-05-31T15:23:01.880,asdf,self_20260531_151909,clip_060,2,listen,,2.0977,1055342.0,raspberry_pi_seeed_gsr,"1055342,2.0977"
2026-05-31T15:23:01.901,asdf,self_20260531_151909,clip_060,2,listen,,2.0993,1055363.0,raspberry_pi_seeed_gsr,"1055363,2.0993"
2026-05-31T15:23:01.932,asdf,self_20260531_151909,clip_060,2,listen,,2.1017,1055384.0,raspberry_pi_seeed_gsr,"1055384,2.1017"
2026-05-31T15:23:01.943,asdf,self_20260531_151909,clip_060,2,listen,,2.1025,1055405.0,raspberry_pi_seeed_gsr,"1055405,2.1025"
2026-05-31T15:23:01.964,asdf,self_20260531_151909,clip_060,2,listen,,2.0985,1055426.0,raspberry_pi_seeed_gsr,"1055426,2.0985"
2026-05-31T15:23:01.985,asdf,self_20260531_151909,clip_060,2,listen,,2.0993,1055447.0,raspberry_pi_seeed_gsr,"1055447,2.0993"
2026-05-31T15:23:02.006,asdf,self_20260531_151909,clip_060,2,listen,,2.0961,1055468.0,raspberry_pi_seeed_gsr,"1055468,2.0961"
2026-05-31T15:23:02.027,asdf,self_20260531_151909,clip_060,2,listen,,2.1041,1055489.0,raspberry_pi_seeed_gsr,"1055489,2.1041"
2026-05-31T15:23:02.049,asdf,self_20260531_151909,clip_060,2,listen,,2.0888,1055510.0,raspberry_pi_seeed_gsr,"1055510,2.0888"
2026-05-31T15:23:02.069,asdf,self_20260531_151909,clip_060,2,listen,,2.0985,1055531.0,raspberry_pi_seeed_gsr,"1055531,2.0985"
2026-05-31T15:23:02.090,asdf,self_20260531_151909,clip_060,2,listen,,2.0961,1055552.0,raspberry_pi_seeed_gsr,"1055552,2.0961"
2026-05-31T15:23:02.111,asdf,self_20260531_151909,clip_060,2,listen,,2.1033,1055573.0,raspberry_pi_seeed_gsr,"1055573,2.1033"
2026-05-31T15:23:02.132,asdf,self_20260531_151909,clip_060,2,listen,,2.1025,1055594.0,raspberry_pi_seeed_gsr,"1055594,2.1025"
2026-05-31T15:23:02.153,asdf,self_20260531_151909,clip_060,2,listen,,2.1025,1055615.0,raspberry_pi_seeed_gsr,"1055615,2.1025"
2026-05-31T15:23:02.195,asdf,self_20260531_151909,clip_060,2,listen,,2.1057,1055636.0,raspberry_pi_seeed_gsr,"1055636,2.1057"
2026-05-31T15:23:02.196,asdf,self_20260531_151909,clip_060,2,listen,,2.1009,1055657.0,raspberry_pi_seeed_gsr,"1055657,2.1009"
2026-05-31T15:23:02.216,asdf,self_20260531_151909,clip_060,2,listen,,2.113,1055678.0,raspberry_pi_seeed_gsr,"1055678,2.1130"
2026-05-31T15:23:02.237,asdf,self_20260531_151909,clip_060,2,listen,,2.0985,1055699.0,raspberry_pi_seeed_gsr,"1055699,2.0985"
2026-05-31T15:23:02.258,asdf,self_20260531_151909,clip_060,2,listen,,2.1001,1055720.0,raspberry_pi_seeed_gsr,"1055720,2.1001"
2026-05-31T15:23:02.279,asdf,self_20260531_151909,clip_060,2,listen,,2.1001,1055741.0,raspberry_pi_seeed_gsr,"1055741,2.1001"
2026-05-31T15:23:02.300,asdf,self_20260531_151909,clip_060,2,listen,,2.1073,1055762.0,raspberry_pi_seeed_gsr,"1055762,2.1073"
2026-05-31T15:23:02.321,asdf,self_20260531_151909,clip_060,2,listen,,2.0985,1055783.0,raspberry_pi_seeed_gsr,"1055783,2.0985"
2026-05-31T15:23:02.342,asdf,self_20260531_151909,clip_060,2,listen,,2.1057,1055804.0,raspberry_pi_seeed_gsr,"1055804,2.1057"
2026-05-31T15:23:02.363,asdf,self_20260531_151909,clip_060,2,listen,,2.0977,1055825.0,raspberry_pi_seeed_gsr,"1055825,2.0977"
2026-05-31T15:23:02.384,asdf,self_20260531_151909,clip_060,2,listen,,2.0985,1055846.0,raspberry_pi_seeed_gsr,"1055846,2.0985"
2026-05-31T15:23:02.405,asdf,self_20260531_151909,clip_060,2,listen,,2.0961,1055867.0,raspberry_pi_seeed_gsr,"1055867,2.0961"
2026-05-31T15:23:02.446,asdf,self_20260531_151909,clip_060,2,listen,,2.0953,1055888.0,raspberry_pi_seeed_gsr,"1055888,2.0953"
2026-05-31T15:23:02.447,asdf,self_20260531_151909,clip_060,2,listen,,2.1025,1055909.0,raspberry_pi_seeed_gsr,"1055909,2.1025"
2026-05-31T15:23:02.468,asdf,self_20260531_151909,clip_060,2,listen,,2.0896,1055930.0,raspberry_pi_seeed_gsr,"1055930,2.0896"
2026-05-31T15:23:02.489,asdf,self_20260531_151909,clip_060,2,listen,,2.109,1055951.0,raspberry_pi_seeed_gsr,"1055951,2.1090"
2026-05-31T15:23:02.510,asdf,self_20260531_151909,clip_060,2,listen,,2.1025,1055972.0,raspberry_pi_seeed_gsr,"1055972,2.1025"
2026-05-31T15:23:02.531,asdf,self_20260531_151909,clip_060,2,listen,,2.1082,1055993.0,raspberry_pi_seeed_gsr,"1055993,2.1082"
2026-05-31T15:23:02.552,asdf,self_20260531_151909,clip_060,2,listen,,2.0977,1056014.0,raspberry_pi_seeed_gsr,"1056014,2.0977"
2026-05-31T15:23:02.573,asdf,self_20260531_151909,clip_060,2,listen,,2.0985,1056035.0,raspberry_pi_seeed_gsr,"1056035,2.0985"
2026-05-31T15:23:02.594,asdf,self_20260531_151909,clip_060,2,listen,,2.1017,1056056.0,raspberry_pi_seeed_gsr,"1056056,2.1017"
2026-05-31T15:23:02.615,asdf,self_20260531_151909,clip_060,2,listen,,2.0969,1056077.0,raspberry_pi_seeed_gsr,"1056077,2.0969"
2026-05-31T15:23:02.636,asdf,self_20260531_151909,clip_060,2,listen,,2.0993,1056098.0,raspberry_pi_seeed_gsr,"1056098,2.0993"
2026-05-31T15:23:02.657,asdf,self_20260531_151909,clip_060,2,listen,,2.0961,1056119.0,raspberry_pi_seeed_gsr,"1056119,2.0961"
2026-05-31T15:23:02.699,asdf,self_20260531_151909,clip_060,2,listen,,2.0985,1056140.0,raspberry_pi_seeed_gsr,"1056140,2.0985"
2026-05-31T15:23:02.700,asdf,self_20260531_151909,clip_060,2,listen,,2.1001,1056161.0,raspberry_pi_seeed_gsr,"1056161,2.1001"
2026-05-31T15:23:02.720,asdf,self_20260531_151909,clip_060,2,listen,,2.0993,1056182.0,raspberry_pi_seeed_gsr,"1056182,2.0993"
2026-05-31T15:23:02.741,asdf,self_20260531_151909,clip_060,2,listen,,2.1001,1056203.0,raspberry_pi_seeed_gsr,"1056203,2.1001"
2026-05-31T15:23:02.762,asdf,self_20260531_151909,clip_060,2,listen,,2.0993,1056224.0,raspberry_pi_seeed_gsr,"1056224,2.0993"
2026-05-31T15:23:02.783,asdf,self_20260531_151909,clip_060,2,listen,,2.1025,1056245.0,raspberry_pi_seeed_gsr,"1056245,2.1025"
2026-05-31T15:23:02.804,asdf,self_20260531_151909,clip_060,2,listen,,2.1001,1056266.0,raspberry_pi_seeed_gsr,"1056266,2.1001"
2026-05-31T15:23:02.825,asdf,self_20260531_151909,clip_060,2,listen,,2.0993,1056287.0,raspberry_pi_seeed_gsr,"1056287,2.0993"
2026-05-31T15:23:02.846,asdf,self_20260531_151909,clip_060,2,listen,,2.1025,1056308.0,raspberry_pi_seeed_gsr,"1056308,2.1025"
2026-05-31T15:23:02.867,asdf,self_20260531_151909,clip_060,2,listen,,2.0993,1056329.0,raspberry_pi_seeed_gsr,"1056329,2.0993"
2026-05-31T15:23:02.888,asdf,self_20260531_151909,clip_060,2,listen,,2.1065,1056350.0,raspberry_pi_seeed_gsr,"1056350,2.1065"
2026-05-31T15:23:02.909,asdf,self_20260531_151909,clip_060,2,listen,,2.0985,1056371.0,raspberry_pi_seeed_gsr,"1056371,2.0985"
2026-05-31T15:23:02.954,asdf,self_20260531_151909,clip_060,2,listen,,2.0985,1056392.0,raspberry_pi_seeed_gsr,"1056392,2.0985"
2026-05-31T15:23:02.955,asdf,self_20260531_151909,clip_060,2,listen,,2.1001,1056413.0,raspberry_pi_seeed_gsr,"1056413,2.1001"
2026-05-31T15:23:02.972,asdf,self_20260531_151909,clip_060,2,listen,,2.0993,1056434.0,raspberry_pi_seeed_gsr,"1056434,2.0993"
2026-05-31T15:23:02.993,asdf,self_20260531_151909,clip_060,2,listen,,2.0985,1056455.0,raspberry_pi_seeed_gsr,"1056455,2.0985"
2026-05-31T15:23:03.014,asdf,self_20260531_151909,clip_060,2,listen,,2.0993,1056476.0,raspberry_pi_seeed_gsr,"1056476,2.0993"
2026-05-31T15:23:03.035,asdf,self_20260531_151909,clip_060,2,listen,,2.0977,1056497.0,raspberry_pi_seeed_gsr,"1056497,2.0977"
2026-05-31T15:23:03.056,asdf,self_20260531_151909,clip_060,2,listen,,2.1009,1056518.0,raspberry_pi_seeed_gsr,"1056518,2.1009"
2026-05-31T15:23:03.077,asdf,self_20260531_151909,clip_060,2,listen,,2.0985,1056539.0,raspberry_pi_seeed_gsr,"1056539,2.0985"
2026-05-31T15:23:03.098,asdf,self_20260531_151909,clip_060,2,listen,,2.1057,1056560.0,raspberry_pi_seeed_gsr,"1056560,2.1057"
2026-05-31T15:23:03.119,asdf,self_20260531_151909,clip_060,2,listen,,2.0985,1056581.0,raspberry_pi_seeed_gsr,"1056581,2.0985"
2026-05-31T15:23:03.140,asdf,self_20260531_151909,clip_060,2,listen,,2.0969,1056602.0,raspberry_pi_seeed_gsr,"1056602,2.0969"
2026-05-31T15:23:03.161,asdf,self_20260531_151909,clip_060,2,listen,,2.0598,1056623.0,raspberry_pi_seeed_gsr,"1056623,2.0598"
2026-05-31T15:23:03.199,asdf,self_20260531_151909,clip_060,2,listen,,2.1146,1056644.0,raspberry_pi_seeed_gsr,"1056644,2.1146"
2026-05-31T15:23:03.203,asdf,self_20260531_151909,clip_060,2,listen,,2.0993,1056665.0,raspberry_pi_seeed_gsr,"1056665,2.0993"
2026-05-31T15:23:03.224,asdf,self_20260531_151909,clip_060,2,listen,,2.0928,1056686.0,raspberry_pi_seeed_gsr,"1056686,2.0928"
2026-05-31T15:23:03.245,asdf,self_20260531_151909,clip_060,2,listen,,2.0993,1056707.0,raspberry_pi_seeed_gsr,"1056707,2.0993"
2026-05-31T15:23:03.266,asdf,self_20260531_151909,clip_060,2,listen,,2.0985,1056728.0,raspberry_pi_seeed_gsr,"1056728,2.0985"
2026-05-31T15:23:03.287,asdf,self_20260531_151909,clip_060,2,listen,,2.1001,1056749.0,raspberry_pi_seeed_gsr,"1056749,2.1001"
2026-05-31T15:23:03.308,asdf,self_20260531_151909,clip_060,2,listen,,2.1049,1056770.0,raspberry_pi_seeed_gsr,"1056770,2.1049"
2026-05-31T15:23:03.329,asdf,self_20260531_151909,clip_060,2,listen,,2.1041,1056791.0,raspberry_pi_seeed_gsr,"1056791,2.1041"
2026-05-31T15:23:03.350,asdf,self_20260531_151909,clip_060,2,listen,,2.0985,1056812.0,raspberry_pi_seeed_gsr,"1056812,2.0985"
2026-05-31T15:23:03.371,asdf,self_20260531_151909,clip_060,2,listen,,2.0993,1056833.0,raspberry_pi_seeed_gsr,"1056833,2.0993"
2026-05-31T15:23:03.392,asdf,self_20260531_151909,clip_060,2,listen,,2.0985,1056854.0,raspberry_pi_seeed_gsr,"1056854,2.0985"
2026-05-31T15:23:03.413,asdf,self_20260531_151909,clip_060,2,listen,,2.0985,1056875.0,raspberry_pi_seeed_gsr,"1056875,2.0985"
2026-05-31T15:23:03.450,asdf,self_20260531_151909,clip_060,2,listen,,2.0937,1056896.0,raspberry_pi_seeed_gsr,"1056896,2.0937"
2026-05-31T15:23:03.455,asdf,self_20260531_151909,clip_060,2,listen,,2.0888,1056917.0,raspberry_pi_seeed_gsr,"1056917,2.0888"
2026-05-31T15:23:03.476,asdf,self_20260531_151909,clip_060,2,listen,,2.0928,1056938.0,raspberry_pi_seeed_gsr,"1056938,2.0928"
2026-05-31T15:23:03.497,asdf,self_20260531_151909,clip_060,2,listen,,2.1017,1056959.0,raspberry_pi_seeed_gsr,"1056959,2.1017"
2026-05-31T15:23:03.518,asdf,self_20260531_151909,clip_060,2,listen,,2.0977,1056980.0,raspberry_pi_seeed_gsr,"1056980,2.0977"
2026-05-31T15:23:03.539,asdf,self_20260531_151909,clip_060,2,listen,,2.0945,1057001.0,raspberry_pi_seeed_gsr,"1057001,2.0945"
2026-05-31T15:23:03.560,asdf,self_20260531_151909,clip_060,2,listen,,2.113,1057022.0,raspberry_pi_seeed_gsr,"1057022,2.1130"
2026-05-31T15:23:03.581,asdf,self_20260531_151909,clip_060,2,listen,,2.0993,1057043.0,raspberry_pi_seeed_gsr,"1057043,2.0993"
2026-05-31T15:23:03.602,asdf,self_20260531_151909,clip_060,2,listen,,2.1017,1057064.0,raspberry_pi_seeed_gsr,"1057064,2.1017"
2026-05-31T15:23:03.623,asdf,self_20260531_151909,clip_060,2,listen,,2.0985,1057085.0,raspberry_pi_seeed_gsr,"1057085,2.0985"
2026-05-31T15:23:03.644,asdf,self_20260531_151909,clip_060,2,listen,,2.1049,1057106.0,raspberry_pi_seeed_gsr,"1057106,2.1049"
2026-05-31T15:23:03.665,asdf,self_20260531_151909,clip_060,2,listen,,2.0953,1057127.0,raspberry_pi_seeed_gsr,"1057127,2.0953"
2026-05-31T15:23:03.710,asdf,self_20260531_151909,clip_060,2,listen,,2.0977,1057148.0,raspberry_pi_seeed_gsr,"1057148,2.0977"
2026-05-31T15:23:03.711,asdf,self_20260531_151909,clip_060,2,listen,,2.0993,1057169.0,raspberry_pi_seeed_gsr,"1057169,2.0993"
2026-05-31T15:23:03.728,asdf,self_20260531_151909,clip_060,2,listen,,2.0904,1057190.0,raspberry_pi_seeed_gsr,"1057190,2.0904"
2026-05-31T15:23:03.749,asdf,self_20260531_151909,clip_060,2,listen,,2.0985,1057211.0,raspberry_pi_seeed_gsr,"1057211,2.0985"
2026-05-31T15:23:03.770,asdf,self_20260531_151909,clip_060,2,listen,,2.113,1057232.0,raspberry_pi_seeed_gsr,"1057232,2.1130"
2026-05-31T15:23:03.791,asdf,self_20260531_151909,clip_060,2,listen,,2.0993,1057253.0,raspberry_pi_seeed_gsr,"1057253,2.0993"
2026-05-31T15:23:03.812,asdf,self_20260531_151909,clip_060,2,listen,,2.0977,1057274.0,raspberry_pi_seeed_gsr,"1057274,2.0977"
2026-05-31T15:23:03.833,asdf,self_20260531_151909,clip_060,2,listen,,2.0977,1057295.0,raspberry_pi_seeed_gsr,"1057295,2.0977"
2026-05-31T15:23:03.854,asdf,self_20260531_151909,clip_060,2,listen,,2.1049,1057316.0,raspberry_pi_seeed_gsr,"1057316,2.1049"
2026-05-31T15:23:03.875,asdf,self_20260531_151909,clip_060,2,listen,,2.0993,1057337.0,raspberry_pi_seeed_gsr,"1057337,2.0993"
2026-05-31T15:23:03.896,asdf,self_20260531_151909,clip_060,2,listen,,2.0993,1057358.0,raspberry_pi_seeed_gsr,"1057358,2.0993"
2026-05-31T15:23:03.917,asdf,self_20260531_151909,clip_060,2,listen,,2.0953,1057379.0,raspberry_pi_seeed_gsr,"1057379,2.0953"
2026-05-31T15:23:03.961,asdf,self_20260531_151909,clip_060,2,listen,,2.0953,1057400.0,raspberry_pi_seeed_gsr,"1057400,2.0953"
2026-05-31T15:23:03.962,asdf,self_20260531_151909,clip_060,2,listen,,2.0824,1057421.0,raspberry_pi_seeed_gsr,"1057421,2.0824"
2026-05-31T15:23:03.980,asdf,self_20260531_151909,clip_060,2,listen,,2.1065,1057442.0,raspberry_pi_seeed_gsr,"1057442,2.1065"
2026-05-31T15:23:04.001,asdf,self_20260531_151909,clip_060,2,listen,,2.0953,1057463.0,raspberry_pi_seeed_gsr,"1057463,2.0953"
2026-05-31T15:23:04.022,asdf,self_20260531_151909,clip_060,2,listen,,2.1098,1057484.0,raspberry_pi_seeed_gsr,"1057484,2.1098"
2026-05-31T15:23:04.043,asdf,self_20260531_151909,clip_060,2,listen,,2.1001,1057505.0,raspberry_pi_seeed_gsr,"1057505,2.1001"
2026-05-31T15:23:04.064,asdf,self_20260531_151909,clip_060,2,listen,,2.1001,1057526.0,raspberry_pi_seeed_gsr,"1057526,2.1001"
2026-05-31T15:23:04.085,asdf,self_20260531_151909,clip_060,2,listen,,2.0993,1057547.0,raspberry_pi_seeed_gsr,"1057547,2.0993"
2026-05-31T15:23:04.106,asdf,self_20260531_151909,clip_060,2,listen,,2.1033,1057568.0,raspberry_pi_seeed_gsr,"1057568,2.1033"
2026-05-31T15:23:04.127,asdf,self_20260531_151909,clip_060,2,listen,,2.0888,1057589.0,raspberry_pi_seeed_gsr,"1057589,2.0888"
2026-05-31T15:23:04.148,asdf,self_20260531_151909,clip_060,2,listen,,2.0993,1057610.0,raspberry_pi_seeed_gsr,"1057610,2.0993"
2026-05-31T15:23:04.169,asdf,self_20260531_151909,clip_060,2,listen,,2.0961,1057631.0,raspberry_pi_seeed_gsr,"1057631,2.0961"
2026-05-31T15:23:04.213,asdf,self_20260531_151909,clip_060,2,listen,,2.1025,1057652.0,raspberry_pi_seeed_gsr,"1057652,2.1025"
2026-05-31T15:23:04.214,asdf,self_20260531_151909,clip_060,2,listen,,2.0993,1057673.0,raspberry_pi_seeed_gsr,"1057673,2.0993"
2026-05-31T15:23:04.232,asdf,self_20260531_151909,clip_060,2,listen,,2.0985,1057694.0,raspberry_pi_seeed_gsr,"1057694,2.0985"
2026-05-31T15:23:04.253,asdf,self_20260531_151909,clip_060,2,listen,,2.1017,1057715.0,raspberry_pi_seeed_gsr,"1057715,2.1017"
2026-05-31T15:23:04.274,asdf,self_20260531_151909,clip_060,2,listen,,2.0969,1057736.0,raspberry_pi_seeed_gsr,"1057736,2.0969"
2026-05-31T15:23:04.295,asdf,self_20260531_151909,clip_060,2,listen,,2.0993,1057757.0,raspberry_pi_seeed_gsr,"1057757,2.0993"
2026-05-31T15:23:04.316,asdf,self_20260531_151909,clip_060,2,listen,,2.0961,1057778.0,raspberry_pi_seeed_gsr,"1057778,2.0961"
2026-05-31T15:23:04.337,asdf,self_20260531_151909,clip_060,2,listen,,2.1009,1057799.0,raspberry_pi_seeed_gsr,"1057799,2.1009"
2026-05-31T15:23:04.358,asdf,self_20260531_151909,clip_060,2,listen,,2.1025,1057820.0,raspberry_pi_seeed_gsr,"1057820,2.1025"
2026-05-31T15:23:04.379,asdf,self_20260531_151909,clip_060,2,listen,,2.0969,1057841.0,raspberry_pi_seeed_gsr,"1057841,2.0969"
2026-05-31T15:23:04.400,asdf,self_20260531_151909,clip_060,2,listen,,2.1001,1057862.0,raspberry_pi_seeed_gsr,"1057862,2.1001"
2026-05-31T15:23:04.421,asdf,self_20260531_151909,clip_060,2,listen,,2.0993,1057883.0,raspberry_pi_seeed_gsr,"1057883,2.0993"
2026-05-31T15:23:04.461,asdf,self_20260531_151909,clip_060,2,listen,,2.1291,1057904.0,raspberry_pi_seeed_gsr,"1057904,2.1291"
2026-05-31T15:23:04.463,asdf,self_20260531_151909,clip_060,2,listen,,2.0993,1057925.0,raspberry_pi_seeed_gsr,"1057925,2.0993"
2026-05-31T15:23:04.484,asdf,self_20260531_151909,clip_060,2,listen,,2.0985,1057946.0,raspberry_pi_seeed_gsr,"1057946,2.0985"
2026-05-31T15:23:04.505,asdf,self_20260531_151909,clip_060,2,listen,,2.1041,1057967.0,raspberry_pi_seeed_gsr,"1057967,2.1041"
2026-05-31T15:23:04.526,asdf,self_20260531_151909,clip_060,2,listen,,2.0993,1057988.0,raspberry_pi_seeed_gsr,"1057988,2.0993"
2026-05-31T15:23:04.547,asdf,self_20260531_151909,clip_060,2,listen,,2.1025,1058009.0,raspberry_pi_seeed_gsr,"1058009,2.1025"
2026-05-31T15:23:04.568,asdf,self_20260531_151909,clip_060,2,listen,,2.1017,1058030.0,raspberry_pi_seeed_gsr,"1058030,2.1017"
2026-05-31T15:23:04.589,asdf,self_20260531_151909,clip_060,2,listen,,2.1082,1058051.0,raspberry_pi_seeed_gsr,"1058051,2.1082"
2026-05-31T15:23:04.610,asdf,self_20260531_151909,clip_060,2,listen,,2.1017,1058072.0,raspberry_pi_seeed_gsr,"1058072,2.1017"
2026-05-31T15:23:04.631,asdf,self_20260531_151909,clip_060,2,listen,,2.1001,1058093.0,raspberry_pi_seeed_gsr,"1058093,2.1001"
2026-05-31T15:23:04.652,asdf,self_20260531_151909,clip_060,2,listen,,2.1001,1058114.0,raspberry_pi_seeed_gsr,"1058114,2.1001"
2026-05-31T15:23:04.673,asdf,self_20260531_151909,clip_060,2,listen,,2.1001,1058135.0,raspberry_pi_seeed_gsr,"1058135,2.1001"
2026-05-31T15:23:04.716,asdf,self_20260531_151909,clip_060,2,listen,,2.0985,1058156.0,raspberry_pi_seeed_gsr,"1058156,2.0985"
2026-05-31T15:23:04.717,asdf,self_20260531_151909,clip_060,2,listen,,2.1009,1058177.0,raspberry_pi_seeed_gsr,"1058177,2.1009"
2026-05-31T15:23:04.736,asdf,self_20260531_151909,clip_060,2,listen,,2.1275,1058198.0,raspberry_pi_seeed_gsr,"1058198,2.1275"
2026-05-31T15:23:04.757,asdf,self_20260531_151909,clip_060,2,listen,,2.1033,1058219.0,raspberry_pi_seeed_gsr,"1058219,2.1033"
2026-05-31T15:23:04.778,asdf,self_20260531_151909,clip_060,2,listen,,2.1001,1058240.0,raspberry_pi_seeed_gsr,"1058240,2.1001"
2026-05-31T15:23:04.799,asdf,self_20260531_151909,clip_060,2,listen,,2.0953,1058261.0,raspberry_pi_seeed_gsr,"1058261,2.0953"
2026-05-31T15:23:04.820,asdf,self_20260531_151909,clip_060,2,listen,,2.0969,1058282.0,raspberry_pi_seeed_gsr,"1058282,2.0969"
2026-05-31T15:23:04.841,asdf,self_20260531_151909,clip_060,2,listen,,2.0985,1058303.0,raspberry_pi_seeed_gsr,"1058303,2.0985"
2026-05-31T15:23:04.862,asdf,self_20260531_151909,clip_060,2,listen,,2.0775,1058324.0,raspberry_pi_seeed_gsr,"1058324,2.0775"
2026-05-31T15:23:04.883,asdf,self_20260531_151909,clip_060,2,listen,,2.1001,1058345.0,raspberry_pi_seeed_gsr,"1058345,2.1001"
2026-05-31T15:23:04.904,asdf,self_20260531_151909,clip_060,2,listen,,2.0977,1058366.0,raspberry_pi_seeed_gsr,"1058366,2.0977"
2026-05-31T15:23:04.925,asdf,self_20260531_151909,clip_060,2,listen,,2.0953,1058387.0,raspberry_pi_seeed_gsr,"1058387,2.0953"
2026-05-31T15:23:04.964,asdf,self_20260531_151909,clip_060,2,listen,,2.0961,1058408.0,raspberry_pi_seeed_gsr,"1058408,2.0961"
2026-05-31T15:23:04.967,asdf,self_20260531_151909,clip_060,2,listen,,2.092,1058429.0,raspberry_pi_seeed_gsr,"1058429,2.0920"
2026-05-31T15:23:04.988,asdf,self_20260531_151909,clip_060,2,listen,,2.1057,1058450.0,raspberry_pi_seeed_gsr,"1058450,2.1057"
2026-05-31T15:23:05.009,asdf,self_20260531_151909,clip_060,2,listen,,2.0985,1058471.0,raspberry_pi_seeed_gsr,"1058471,2.0985"
2026-05-31T15:23:05.030,asdf,self_20260531_151909,clip_060,2,listen,,2.0993,1058492.0,raspberry_pi_seeed_gsr,"1058492,2.0993"
2026-05-31T15:23:05.051,asdf,self_20260531_151909,clip_060,2,listen,,2.1041,1058513.0,raspberry_pi_seeed_gsr,"1058513,2.1041"
2026-05-31T15:23:05.072,asdf,self_20260531_151909,clip_060,2,listen,,2.0872,1058534.0,raspberry_pi_seeed_gsr,"1058534,2.0872"
2026-05-31T15:23:05.093,asdf,self_20260531_151909,clip_060,2,listen,,2.1057,1058555.0,raspberry_pi_seeed_gsr,"1058555,2.1057"
2026-05-31T15:23:05.114,asdf,self_20260531_151909,clip_060,2,listen,,2.1001,1058576.0,raspberry_pi_seeed_gsr,"1058576,2.1001"
2026-05-31T15:23:05.135,asdf,self_20260531_151909,clip_060,2,listen,,2.0985,1058597.0,raspberry_pi_seeed_gsr,"1058597,2.0985"
2026-05-31T15:23:05.157,asdf,self_20260531_151909,clip_060,2,listen,,2.1001,1058618.0,raspberry_pi_seeed_gsr,"1058618,2.1001"
2026-05-31T15:23:05.177,asdf,self_20260531_151909,clip_060,2,listen,,2.0977,1058639.0,raspberry_pi_seeed_gsr,"1058639,2.0977"
2026-05-31T15:23:05.222,asdf,self_20260531_151909,clip_060,2,listen,,2.1033,1058660.0,raspberry_pi_seeed_gsr,"1058660,2.1033"
2026-05-31T15:23:05.223,asdf,self_20260531_151909,clip_060,2,listen,,2.0985,1058681.0,raspberry_pi_seeed_gsr,"1058681,2.0985"
2026-05-31T15:23:05.240,asdf,self_20260531_151909,clip_060,2,listen,,2.0993,1058702.0,raspberry_pi_seeed_gsr,"1058702,2.0993"
2026-05-31T15:23:05.261,asdf,self_20260531_151909,clip_060,2,listen,,2.1041,1058723.0,raspberry_pi_seeed_gsr,"1058723,2.1041"
2026-05-31T15:23:05.282,asdf,self_20260531_151909,clip_060,2,listen,,2.0993,1058744.0,raspberry_pi_seeed_gsr,"1058744,2.0993"
2026-05-31T15:23:05.303,asdf,self_20260531_151909,clip_060,2,listen,,2.0977,1058765.0,raspberry_pi_seeed_gsr,"1058765,2.0977"
2026-05-31T15:23:05.324,asdf,self_20260531_151909,clip_060,2,listen,,2.0896,1058786.0,raspberry_pi_seeed_gsr,"1058786,2.0896"
2026-05-31T15:23:05.345,asdf,self_20260531_151909,clip_060,2,listen,,2.0985,1058807.0,raspberry_pi_seeed_gsr,"1058807,2.0985"
2026-05-31T15:23:05.366,asdf,self_20260531_151909,clip_060,2,listen,,2.0864,1058828.0,raspberry_pi_seeed_gsr,"1058828,2.0864"
2026-05-31T15:23:05.387,asdf,self_20260531_151909,clip_060,2,listen,,2.0993,1058849.0,raspberry_pi_seeed_gsr,"1058849,2.0993"
2026-05-31T15:23:05.408,asdf,self_20260531_151909,clip_060,2,listen,,2.0953,1058870.0,raspberry_pi_seeed_gsr,"1058870,2.0953"
2026-05-31T15:23:05.430,asdf,self_20260531_151909,clip_060,2,listen,,2.0953,1058891.0,raspberry_pi_seeed_gsr,"1058891,2.0953"
2026-05-31T15:23:05.476,asdf,self_20260531_151909,clip_060,2,listen,,2.0969,1058912.0,raspberry_pi_seeed_gsr,"1058912,2.0969"
2026-05-31T15:23:05.477,asdf,self_20260531_151909,clip_060,2,listen,,2.0985,1058933.0,raspberry_pi_seeed_gsr,"1058933,2.0985"
2026-05-31T15:23:05.492,asdf,self_20260531_151909,clip_060,2,listen,,2.0985,1058954.0,raspberry_pi_seeed_gsr,"1058954,2.0985"
2026-05-31T15:23:05.513,asdf,self_20260531_151909,clip_060,2,listen,,2.0937,1058975.0,raspberry_pi_seeed_gsr,"1058975,2.0937"
2026-05-31T15:23:05.534,asdf,self_20260531_151909,clip_060,2,listen,,2.0969,1058996.0,raspberry_pi_seeed_gsr,"1058996,2.0969"
2026-05-31T15:23:05.555,asdf,self_20260531_151909,clip_060,2,listen,,2.0896,1059017.0,raspberry_pi_seeed_gsr,"1059017,2.0896"
2026-05-31T15:23:05.576,asdf,self_20260531_151909,clip_060,2,listen,,2.1001,1059038.0,raspberry_pi_seeed_gsr,"1059038,2.1001"
2026-05-31T15:23:05.598,asdf,self_20260531_151909,clip_060,2,listen,,2.0928,1059059.0,raspberry_pi_seeed_gsr,"1059059,2.0928"
2026-05-31T15:23:05.618,asdf,self_20260531_151909,clip_060,2,listen,,2.092,1059080.0,raspberry_pi_seeed_gsr,"1059080,2.0920"
2026-05-31T15:23:05.639,asdf,self_20260531_151909,clip_060,2,listen,,2.1025,1059101.0,raspberry_pi_seeed_gsr,"1059101,2.1025"
2026-05-31T15:23:05.661,asdf,self_20260531_151909,clip_060,2,listen,,2.1017,1059122.0,raspberry_pi_seeed_gsr,"1059122,2.1017"
2026-05-31T15:23:05.681,asdf,self_20260531_151909,clip_060,2,listen,,2.0969,1059143.0,raspberry_pi_seeed_gsr,"1059143,2.0969"
2026-05-31T15:23:05.728,asdf,self_20260531_151909,clip_060,2,listen,,2.1001,1059164.0,raspberry_pi_seeed_gsr,"1059164,2.1001"
2026-05-31T15:23:05.729,asdf,self_20260531_151909,clip_060,2,listen,,2.0977,1059185.0,raspberry_pi_seeed_gsr,"1059185,2.0977"
2026-05-31T15:23:05.744,asdf,self_20260531_151909,clip_060,2,listen,,2.0993,1059206.0,raspberry_pi_seeed_gsr,"1059206,2.0993"
2026-05-31T15:23:05.765,asdf,self_20260531_151909,clip_060,2,listen,,2.1041,1059227.0,raspberry_pi_seeed_gsr,"1059227,2.1041"
2026-05-31T15:23:05.786,asdf,self_20260531_151909,clip_060,2,listen,,2.0961,1059248.0,raspberry_pi_seeed_gsr,"1059248,2.0961"
2026-05-31T15:23:05.807,asdf,self_20260531_151909,clip_060,2,listen,,2.0993,1059269.0,raspberry_pi_seeed_gsr,"1059269,2.0993"
2026-05-31T15:23:05.828,asdf,self_20260531_151909,clip_060,2,listen,,2.0977,1059290.0,raspberry_pi_seeed_gsr,"1059290,2.0977"
2026-05-31T15:23:05.849,asdf,self_20260531_151909,clip_060,2,listen,,2.0977,1059311.0,raspberry_pi_seeed_gsr,"1059311,2.0977"
2026-05-31T15:23:05.870,asdf,self_20260531_151909,clip_060,2,listen,,2.0985,1059332.0,raspberry_pi_seeed_gsr,"1059332,2.0985"
2026-05-31T15:23:05.891,asdf,self_20260531_151909,clip_060,2,listen,,2.0985,1059353.0,raspberry_pi_seeed_gsr,"1059353,2.0985"
2026-05-31T15:23:05.913,asdf,self_20260531_151909,clip_060,2,listen,,2.1009,1059374.0,raspberry_pi_seeed_gsr,"1059374,2.1009"
2026-05-31T15:23:05.933,asdf,self_20260531_151909,clip_060,2,listen,,2.1001,1059395.0,raspberry_pi_seeed_gsr,"1059395,2.1001"
2026-05-31T15:23:05.976,asdf,self_20260531_151909,clip_060,2,listen,,2.1009,1059416.0,raspberry_pi_seeed_gsr,"1059416,2.1009"
2026-05-31T15:23:05.977,asdf,self_20260531_151909,clip_060,2,listen,,2.0977,1059437.0,raspberry_pi_seeed_gsr,"1059437,2.0977"
2026-05-31T15:23:05.996,asdf,self_20260531_151909,clip_060,2,listen,,2.0937,1059458.0,raspberry_pi_seeed_gsr,"1059458,2.0937"
2026-05-31T15:23:06.017,asdf,self_20260531_151909,clip_060,2,listen,,2.0985,1059479.0,raspberry_pi_seeed_gsr,"1059479,2.0985"
2026-05-31T15:23:06.038,asdf,self_20260531_151909,clip_060,2,listen,,2.0912,1059500.0,raspberry_pi_seeed_gsr,"1059500,2.0912"
2026-05-31T15:23:06.059,asdf,self_20260531_151909,clip_060,2,listen,,2.0961,1059521.0,raspberry_pi_seeed_gsr,"1059521,2.0961"
2026-05-31T15:23:06.080,asdf,self_20260531_151909,clip_060,2,listen,,2.1106,1059542.0,raspberry_pi_seeed_gsr,"1059542,2.1106"
2026-05-31T15:23:06.101,asdf,self_20260531_151909,clip_060,2,listen,,2.1073,1059563.0,raspberry_pi_seeed_gsr,"1059563,2.1073"
2026-05-31T15:23:06.122,asdf,self_20260531_151909,clip_060,2,listen,,2.1009,1059584.0,raspberry_pi_seeed_gsr,"1059584,2.1009"
2026-05-31T15:23:06.143,asdf,self_20260531_151909,clip_060,2,listen,,2.0977,1059605.0,raspberry_pi_seeed_gsr,"1059605,2.0977"
2026-05-31T15:23:06.164,asdf,self_20260531_151909,clip_060,2,listen,,2.0977,1059626.0,raspberry_pi_seeed_gsr,"1059626,2.0977"
2026-05-31T15:23:06.185,asdf,self_20260531_151909,clip_060,2,listen,,2.1009,1059647.0,raspberry_pi_seeed_gsr,"1059647,2.1009"
2026-05-31T15:23:06.207,asdf,self_20260531_151909,clip_060,2,listen,,2.1017,1059668.0,raspberry_pi_seeed_gsr,"1059668,2.1017"
2026-05-31T15:23:06.253,asdf,self_20260531_151909,clip_060,2,listen,,2.0993,1059689.0,raspberry_pi_seeed_gsr,"1059689,2.0993"
2026-05-31T15:23:06.254,asdf,self_20260531_151909,clip_060,2,listen,,2.0896,1059710.0,raspberry_pi_seeed_gsr,"1059710,2.0896"
2026-05-31T15:23:06.269,asdf,self_20260531_151909,clip_060,2,listen,,2.0969,1059731.0,raspberry_pi_seeed_gsr,"1059731,2.0969"
2026-05-31T15:23:06.290,asdf,self_20260531_151909,clip_060,2,listen,,2.1017,1059752.0,raspberry_pi_seeed_gsr,"1059752,2.1017"
2026-05-31T15:23:06.311,asdf,self_20260531_151909,clip_060,2,listen,,2.0969,1059773.0,raspberry_pi_seeed_gsr,"1059773,2.0969"
2026-05-31T15:23:06.332,asdf,self_20260531_151909,clip_060,2,listen,,2.0896,1059794.0,raspberry_pi_seeed_gsr,"1059794,2.0896"
2026-05-31T15:23:06.353,asdf,self_20260531_151909,clip_060,2,listen,,2.0928,1059815.0,raspberry_pi_seeed_gsr,"1059815,2.0928"
2026-05-31T15:23:06.374,asdf,self_20260531_151909,clip_060,2,listen,,2.1041,1059836.0,raspberry_pi_seeed_gsr,"1059836,2.1041"
2026-05-31T15:23:06.395,asdf,self_20260531_151909,clip_060,2,listen,,2.1065,1059857.0,raspberry_pi_seeed_gsr,"1059857,2.1065"
2026-05-31T15:23:06.416,asdf,self_20260531_151909,clip_060,2,listen,,2.1017,1059878.0,raspberry_pi_seeed_gsr,"1059878,2.1017"
2026-05-31T15:23:06.437,asdf,self_20260531_151909,clip_060,2,listen,,2.0953,1059899.0,raspberry_pi_seeed_gsr,"1059899,2.0953"
2026-05-31T15:23:06.458,asdf,self_20260531_151909,clip_060,2,listen,,2.0977,1059920.0,raspberry_pi_seeed_gsr,"1059920,2.0977"
2026-05-31T15:23:06.501,asdf,self_20260531_151909,clip_060,2,listen,,2.0969,1059941.0,raspberry_pi_seeed_gsr,"1059941,2.0969"
2026-05-31T15:23:06.502,asdf,self_20260531_151909,clip_060,2,listen,,2.1017,1059962.0,raspberry_pi_seeed_gsr,"1059962,2.1017"
2026-05-31T15:23:06.521,asdf,self_20260531_151909,clip_060,2,listen,,2.0969,1059983.0,raspberry_pi_seeed_gsr,"1059983,2.0969"
2026-05-31T15:23:06.542,asdf,self_20260531_151909,clip_060,2,listen,,2.0912,1060004.0,raspberry_pi_seeed_gsr,"1060004,2.0912"
2026-05-31T15:23:06.563,asdf,self_20260531_151909,clip_060,2,listen,,2.1025,1060025.0,raspberry_pi_seeed_gsr,"1060025,2.1025"
2026-05-31T15:23:06.584,asdf,self_20260531_151909,clip_060,2,listen,,2.1025,1060046.0,raspberry_pi_seeed_gsr,"1060046,2.1025"
2026-05-31T15:23:06.605,asdf,self_20260531_151909,clip_060,2,listen,,2.0985,1060067.0,raspberry_pi_seeed_gsr,"1060067,2.0985"
2026-05-31T15:23:06.626,asdf,self_20260531_151909,clip_060,2,listen,,2.1001,1060088.0,raspberry_pi_seeed_gsr,"1060088,2.1001"
2026-05-31T15:23:06.647,asdf,self_20260531_151909,clip_060,2,listen,,2.0993,1060109.0,raspberry_pi_seeed_gsr,"1060109,2.0993"
2026-05-31T15:23:06.668,asdf,self_20260531_151909,clip_060,2,listen,,2.0977,1060130.0,raspberry_pi_seeed_gsr,"1060130,2.0977"
2026-05-31T15:23:06.689,asdf,self_20260531_151909,clip_060,2,listen,,2.0993,1060151.0,raspberry_pi_seeed_gsr,"1060151,2.0993"
2026-05-31T15:23:06.710,asdf,self_20260531_151909,clip_060,2,listen,,2.0977,1060172.0,raspberry_pi_seeed_gsr,"1060172,2.0977"
2026-05-31T15:23:06.755,asdf,self_20260531_151909,clip_060,2,listen,,2.0993,1060193.0,raspberry_pi_seeed_gsr,"1060193,2.0993"
2026-05-31T15:23:06.756,asdf,self_20260531_151909,clip_060,2,listen,,2.0928,1060214.0,raspberry_pi_seeed_gsr,"1060214,2.0928"
2026-05-31T15:23:06.773,asdf,self_20260531_151909,clip_060,2,listen,,2.1009,1060235.0,raspberry_pi_seeed_gsr,"1060235,2.1009"
2026-05-31T15:23:06.794,asdf,self_20260531_151909,clip_060,2,listen,,2.1057,1060256.0,raspberry_pi_seeed_gsr,"1060256,2.1057"
2026-05-31T15:23:06.815,asdf,self_20260531_151909,clip_060,2,listen,,2.0977,1060277.0,raspberry_pi_seeed_gsr,"1060277,2.0977"
2026-05-31T15:23:06.836,asdf,self_20260531_151909,clip_060,2,listen,,2.0993,1060298.0,raspberry_pi_seeed_gsr,"1060298,2.0993"
2026-05-31T15:23:06.857,asdf,self_20260531_151909,clip_060,2,listen,,2.1017,1060319.0,raspberry_pi_seeed_gsr,"1060319,2.1017"
2026-05-31T15:23:06.878,asdf,self_20260531_151909,clip_060,2,listen,,2.1017,1060340.0,raspberry_pi_seeed_gsr,"1060340,2.1017"
2026-05-31T15:23:06.899,asdf,self_20260531_151909,clip_060,2,listen,,2.109,1060361.0,raspberry_pi_seeed_gsr,"1060361,2.1090"
2026-05-31T15:23:06.920,asdf,self_20260531_151909,clip_060,2,listen,,2.0993,1060382.0,raspberry_pi_seeed_gsr,"1060382,2.0993"
2026-05-31T15:23:06.941,asdf,self_20260531_151909,clip_060,2,listen,,2.0969,1060403.0,raspberry_pi_seeed_gsr,"1060403,2.0969"
2026-05-31T15:23:06.962,asdf,self_20260531_151909,clip_060,2,listen,,2.1049,1060424.0,raspberry_pi_seeed_gsr,"1060424,2.1049"
2026-05-31T15:23:07.007,asdf,self_20260531_151909,clip_060,2,listen,,2.0993,1060445.0,raspberry_pi_seeed_gsr,"1060445,2.0993"
2026-05-31T15:23:07.008,asdf,self_20260531_151909,clip_060,2,listen,,2.0985,1060466.0,raspberry_pi_seeed_gsr,"1060466,2.0985"
2026-05-31T15:23:07.025,asdf,self_20260531_151909,clip_060,2,listen,,2.0985,1060487.0,raspberry_pi_seeed_gsr,"1060487,2.0985"
2026-05-31T15:23:07.046,asdf,self_20260531_151909,clip_060,2,listen,,2.0912,1060508.0,raspberry_pi_seeed_gsr,"1060508,2.0912"
2026-05-31T15:23:07.067,asdf,self_20260531_151909,clip_060,2,listen,,2.0896,1060529.0,raspberry_pi_seeed_gsr,"1060529,2.0896"
2026-05-31T15:23:07.088,asdf,self_20260531_151909,clip_060,2,listen,,2.0993,1060550.0,raspberry_pi_seeed_gsr,"1060550,2.0993"
2026-05-31T15:23:07.109,asdf,self_20260531_151909,clip_060,2,listen,,2.1057,1060571.0,raspberry_pi_seeed_gsr,"1060571,2.1057"
2026-05-31T15:23:07.130,asdf,self_20260531_151909,clip_060,2,listen,,2.0977,1060592.0,raspberry_pi_seeed_gsr,"1060592,2.0977"
2026-05-31T15:23:07.151,asdf,self_20260531_151909,clip_060,2,listen,,2.0969,1060613.0,raspberry_pi_seeed_gsr,"1060613,2.0969"
2026-05-31T15:23:07.172,asdf,self_20260531_151909,clip_060,2,listen,,2.0993,1060634.0,raspberry_pi_seeed_gsr,"1060634,2.0993"
2026-05-31T15:23:07.193,asdf,self_20260531_151909,clip_060,2,listen,,2.0985,1060655.0,raspberry_pi_seeed_gsr,"1060655,2.0985"
2026-05-31T15:23:07.214,asdf,self_20260531_151909,clip_060,2,listen,,2.0977,1060676.0,raspberry_pi_seeed_gsr,"1060676,2.0977"
2026-05-31T15:23:07.260,asdf,self_20260531_151909,clip_060,2,listen,,2.0969,1060697.0,raspberry_pi_seeed_gsr,"1060697,2.0969"
2026-05-31T15:23:07.261,asdf,self_20260531_151909,clip_060,2,listen,,2.0977,1060718.0,raspberry_pi_seeed_gsr,"1060718,2.0977"
2026-05-31T15:23:07.277,asdf,self_20260531_151909,clip_060,2,listen,,2.0985,1060739.0,raspberry_pi_seeed_gsr,"1060739,2.0985"
2026-05-31T15:23:07.298,asdf,self_20260531_151909,clip_060,2,listen,,2.0993,1060760.0,raspberry_pi_seeed_gsr,"1060760,2.0993"
2026-05-31T15:23:07.319,asdf,self_20260531_151909,clip_060,2,listen,,2.0993,1060781.0,raspberry_pi_seeed_gsr,"1060781,2.0993"
2026-05-31T15:23:07.340,asdf,self_20260531_151909,clip_060,2,listen,,2.1001,1060802.0,raspberry_pi_seeed_gsr,"1060802,2.1001"
2026-05-31T15:23:07.361,asdf,self_20260531_151909,clip_060,2,listen,,2.0985,1060823.0,raspberry_pi_seeed_gsr,"1060823,2.0985"
2026-05-31T15:23:07.382,asdf,self_20260531_151909,clip_060,2,listen,,2.1017,1060844.0,raspberry_pi_seeed_gsr,"1060844,2.1017"
2026-05-31T15:23:07.403,asdf,self_20260531_151909,clip_060,2,listen,,2.0985,1060865.0,raspberry_pi_seeed_gsr,"1060865,2.0985"
2026-05-31T15:23:07.424,asdf,self_20260531_151909,clip_060,2,listen,,2.1033,1060886.0,raspberry_pi_seeed_gsr,"1060886,2.1033"
2026-05-31T15:23:07.445,asdf,self_20260531_151909,clip_060,2,listen,,2.0985,1060907.0,raspberry_pi_seeed_gsr,"1060907,2.0985"
2026-05-31T15:23:07.466,asdf,self_20260531_151909,clip_060,2,listen,,2.0945,1060928.0,raspberry_pi_seeed_gsr,"1060928,2.0945"
2026-05-31T15:23:07.511,asdf,self_20260531_151909,clip_060,2,listen,,2.0872,1060949.0,raspberry_pi_seeed_gsr,"1060949,2.0872"
2026-05-31T15:23:07.512,asdf,self_20260531_151909,clip_060,2,listen,,2.0985,1060970.0,raspberry_pi_seeed_gsr,"1060970,2.0985"
2026-05-31T15:23:07.529,asdf,self_20260531_151909,clip_060,2,listen,,2.1033,1060991.0,raspberry_pi_seeed_gsr,"1060991,2.1033"
2026-05-31T15:23:07.550,asdf,self_20260531_151909,clip_060,2,listen,,2.1001,1061012.0,raspberry_pi_seeed_gsr,"1061012,2.1001"
2026-05-31T15:23:07.571,asdf,self_20260531_151909,clip_060,2,listen,,2.0993,1061033.0,raspberry_pi_seeed_gsr,"1061033,2.0993"
2026-05-31T15:23:07.592,asdf,self_20260531_151909,clip_060,2,listen,,2.1033,1061054.0,raspberry_pi_seeed_gsr,"1061054,2.1033"
2026-05-31T15:23:07.613,asdf,self_20260531_151909,clip_060,2,listen,,2.1057,1061075.0,raspberry_pi_seeed_gsr,"1061075,2.1057"
2026-05-31T15:23:07.634,asdf,self_20260531_151909,clip_060,2,listen,,2.0993,1061096.0,raspberry_pi_seeed_gsr,"1061096,2.0993"
2026-05-31T15:23:07.655,asdf,self_20260531_151909,clip_060,2,listen,,2.0985,1061117.0,raspberry_pi_seeed_gsr,"1061117,2.0985"
2026-05-31T15:23:07.676,asdf,self_20260531_151909,clip_060,2,listen,,2.0896,1061138.0,raspberry_pi_seeed_gsr,"1061138,2.0896"
2026-05-31T15:23:07.697,asdf,self_20260531_151909,clip_060,2,listen,,2.1001,1061159.0,raspberry_pi_seeed_gsr,"1061159,2.1001"
2026-05-31T15:23:07.718,asdf,self_20260531_151909,clip_060,2,listen,,2.0985,1061180.0,raspberry_pi_seeed_gsr,"1061180,2.0985"
2026-05-31T15:23:07.762,asdf,self_20260531_151909,clip_060,2,listen,,2.0985,1061201.0,raspberry_pi_seeed_gsr,"1061201,2.0985"
2026-05-31T15:23:07.763,asdf,self_20260531_151909,clip_060,2,listen,,2.0961,1061222.0,raspberry_pi_seeed_gsr,"1061222,2.0961"
2026-05-31T15:23:07.781,asdf,self_20260531_151909,clip_060,2,listen,,2.0912,1061243.0,raspberry_pi_seeed_gsr,"1061243,2.0912"
2026-05-31T15:23:07.802,asdf,self_20260531_151909,clip_060,2,listen,,2.0953,1061264.0,raspberry_pi_seeed_gsr,"1061264,2.0953"
2026-05-31T15:23:07.823,asdf,self_20260531_151909,clip_060,2,listen,,2.0977,1061285.0,raspberry_pi_seeed_gsr,"1061285,2.0977"
2026-05-31T15:23:07.844,asdf,self_20260531_151909,clip_060,2,listen,,2.1033,1061306.0,raspberry_pi_seeed_gsr,"1061306,2.1033"
2026-05-31T15:23:07.865,asdf,self_20260531_151909,clip_060,2,listen,,2.1073,1061327.0,raspberry_pi_seeed_gsr,"1061327,2.1073"
2026-05-31T15:23:07.886,asdf,self_20260531_151909,clip_060,2,listen,,2.0993,1061348.0,raspberry_pi_seeed_gsr,"1061348,2.0993"
2026-05-31T15:23:07.907,asdf,self_20260531_151909,clip_060,2,listen,,2.0775,1061369.0,raspberry_pi_seeed_gsr,"1061369,2.0775"
2026-05-31T15:23:07.928,asdf,self_20260531_151909,clip_060,2,listen,,2.0985,1061390.0,raspberry_pi_seeed_gsr,"1061390,2.0985"
2026-05-31T15:23:07.949,asdf,self_20260531_151909,clip_060,2,listen,,2.0791,1061411.0,raspberry_pi_seeed_gsr,"1061411,2.0791"
2026-05-31T15:23:07.970,asdf,self_20260531_151909,clip_060,2,listen,,2.1017,1061432.0,raspberry_pi_seeed_gsr,"1061432,2.1017"
2026-05-31T15:23:08.017,asdf,self_20260531_151909,clip_060,2,listen,,2.0993,1061453.0,raspberry_pi_seeed_gsr,"1061453,2.0993"
2026-05-31T15:23:08.018,asdf,self_20260531_151909,clip_060,2,listen,,2.0993,1061474.0,raspberry_pi_seeed_gsr,"1061474,2.0993"
2026-05-31T15:23:08.033,asdf,self_20260531_151909,clip_060,2,listen,,2.109,1061495.0,raspberry_pi_seeed_gsr,"1061495,2.1090"
2026-05-31T15:23:08.054,asdf,self_20260531_151909,clip_060,2,listen,,2.0985,1061516.0,raspberry_pi_seeed_gsr,"1061516,2.0985"
2026-05-31T15:23:08.075,asdf,self_20260531_151909,clip_060,2,listen,,2.0928,1061537.0,raspberry_pi_seeed_gsr,"1061537,2.0928"
2026-05-31T15:23:08.096,asdf,self_20260531_151909,clip_060,2,listen,,2.092,1061558.0,raspberry_pi_seeed_gsr,"1061558,2.0920"
2026-05-31T15:23:08.117,asdf,self_20260531_151909,clip_060,2,listen,,2.0969,1061579.0,raspberry_pi_seeed_gsr,"1061579,2.0969"
2026-05-31T15:23:08.138,asdf,self_20260531_151909,clip_060,2,listen,,2.0969,1061600.0,raspberry_pi_seeed_gsr,"1061600,2.0969"
2026-05-31T15:23:08.159,asdf,self_20260531_151909,clip_060,2,listen,,2.0993,1061621.0,raspberry_pi_seeed_gsr,"1061621,2.0993"
2026-05-31T15:23:08.180,asdf,self_20260531_151909,clip_060,2,listen,,2.1033,1061642.0,raspberry_pi_seeed_gsr,"1061642,2.1033"
2026-05-31T15:23:08.201,asdf,self_20260531_151909,clip_060,2,listen,,2.1001,1061663.0,raspberry_pi_seeed_gsr,"1061663,2.1001"
2026-05-31T15:23:08.222,asdf,self_20260531_151909,clip_060,2,listen,,2.0993,1061684.0,raspberry_pi_seeed_gsr,"1061684,2.0993"
2026-05-31T15:23:08.268,asdf,self_20260531_151909,clip_060,2,listen,,2.1009,1061705.0,raspberry_pi_seeed_gsr,"1061705,2.1009"
2026-05-31T15:23:08.269,asdf,self_20260531_151909,clip_060,2,listen,,2.1057,1061726.0,raspberry_pi_seeed_gsr,"1061726,2.1057"
2026-05-31T15:23:08.285,asdf,self_20260531_151909,clip_060,2,listen,,2.0985,1061747.0,raspberry_pi_seeed_gsr,"1061747,2.0985"
2026-05-31T15:23:08.306,asdf,self_20260531_151909,clip_060,2,listen,,2.1017,1061768.0,raspberry_pi_seeed_gsr,"1061768,2.1017"
2026-05-31T15:23:08.327,asdf,self_20260531_151909,clip_060,2,listen,,2.0993,1061789.0,raspberry_pi_seeed_gsr,"1061789,2.0993"
2026-05-31T15:23:08.348,asdf,self_20260531_151909,clip_060,2,listen,,2.1114,1061810.0,raspberry_pi_seeed_gsr,"1061810,2.1114"
2026-05-31T15:23:08.369,asdf,self_20260531_151909,clip_060,2,listen,,2.1001,1061831.0,raspberry_pi_seeed_gsr,"1061831,2.1001"
2026-05-31T15:23:08.390,asdf,self_20260531_151909,clip_060,2,listen,,2.0985,1061852.0,raspberry_pi_seeed_gsr,"1061852,2.0985"
2026-05-31T15:23:08.411,asdf,self_20260531_151909,clip_060,2,listen,,2.0993,1061873.0,raspberry_pi_seeed_gsr,"1061873,2.0993"
2026-05-31T15:23:08.432,asdf,self_20260531_151909,clip_060,2,listen,,2.1001,1061894.0,raspberry_pi_seeed_gsr,"1061894,2.1001"
2026-05-31T15:23:08.453,asdf,self_20260531_151909,clip_060,2,listen,,2.0993,1061915.0,raspberry_pi_seeed_gsr,"1061915,2.0993"
2026-05-31T15:23:08.474,asdf,self_20260531_151909,clip_060,2,listen,,2.0953,1061936.0,raspberry_pi_seeed_gsr,"1061936,2.0953"
2026-05-31T15:23:08.519,asdf,self_20260531_151909,clip_060,2,listen,,2.1001,1061957.0,raspberry_pi_seeed_gsr,"1061957,2.1001"
2026-05-31T15:23:08.520,asdf,self_20260531_151909,clip_060,2,listen,,2.0985,1061978.0,raspberry_pi_seeed_gsr,"1061978,2.0985"
2026-05-31T15:23:08.537,asdf,self_20260531_151909,clip_060,2,listen,,2.0969,1061999.0,raspberry_pi_seeed_gsr,"1061999,2.0969"
2026-05-31T15:23:08.558,asdf,self_20260531_151909,clip_060,2,listen,,2.0751,1062020.0,raspberry_pi_seeed_gsr,"1062020,2.0751"
2026-05-31T15:23:08.579,asdf,self_20260531_151909,clip_060,2,listen,,2.0953,1062041.0,raspberry_pi_seeed_gsr,"1062041,2.0953"
2026-05-31T15:23:08.600,asdf,self_20260531_151909,clip_060,2,listen,,2.1001,1062062.0,raspberry_pi_seeed_gsr,"1062062,2.1001"
2026-05-31T15:23:08.621,asdf,self_20260531_151909,clip_060,2,listen,,2.1009,1062083.0,raspberry_pi_seeed_gsr,"1062083,2.1009"
2026-05-31T15:23:08.642,asdf,self_20260531_151909,clip_060,2,listen,,2.0896,1062104.0,raspberry_pi_seeed_gsr,"1062104,2.0896"
2026-05-31T15:23:08.663,asdf,self_20260531_151909,clip_060,2,listen,,2.0993,1062125.0,raspberry_pi_seeed_gsr,"1062125,2.0993"
2026-05-31T15:23:08.684,asdf,self_20260531_151909,clip_060,2,listen,,2.1057,1062146.0,raspberry_pi_seeed_gsr,"1062146,2.1057"
2026-05-31T15:23:08.705,asdf,self_20260531_151909,clip_060,2,listen,,2.0985,1062167.0,raspberry_pi_seeed_gsr,"1062167,2.0985"
2026-05-31T15:23:08.726,asdf,self_20260531_151909,clip_060,2,listen,,2.0937,1062188.0,raspberry_pi_seeed_gsr,"1062188,2.0937"
2026-05-31T15:23:08.767,asdf,self_20260531_151909,clip_060,2,listen,,2.0896,1062209.0,raspberry_pi_seeed_gsr,"1062209,2.0896"
2026-05-31T15:23:08.768,asdf,self_20260531_151909,clip_060,2,listen,,2.0993,1062230.0,raspberry_pi_seeed_gsr,"1062230,2.0993"
2026-05-31T15:23:08.789,asdf,self_20260531_151909,clip_060,2,listen,,2.1049,1062251.0,raspberry_pi_seeed_gsr,"1062251,2.1049"
2026-05-31T15:23:08.810,asdf,self_20260531_151909,clip_060,2,listen,,2.0888,1062272.0,raspberry_pi_seeed_gsr,"1062272,2.0888"
2026-05-31T15:23:08.831,asdf,self_20260531_151909,clip_060,2,listen,,2.1001,1062293.0,raspberry_pi_seeed_gsr,"1062293,2.1001"
2026-05-31T15:23:08.852,asdf,self_20260531_151909,clip_060,2,listen,,2.0961,1062314.0,raspberry_pi_seeed_gsr,"1062314,2.0961"
2026-05-31T15:23:08.873,asdf,self_20260531_151909,clip_060,2,listen,,2.0937,1062335.0,raspberry_pi_seeed_gsr,"1062335,2.0937"
2026-05-31T15:23:08.894,asdf,self_20260531_151909,clip_060,2,listen,,2.0977,1062356.0,raspberry_pi_seeed_gsr,"1062356,2.0977"
2026-05-31T15:23:08.915,asdf,self_20260531_151909,clip_060,2,listen,,2.1057,1062377.0,raspberry_pi_seeed_gsr,"1062377,2.1057"
2026-05-31T15:23:08.936,asdf,self_20260531_151909,clip_060,2,listen,,2.1025,1062398.0,raspberry_pi_seeed_gsr,"1062398,2.1025"
2026-05-31T15:23:08.957,asdf,self_20260531_151909,clip_060,2,listen,,2.0953,1062419.0,raspberry_pi_seeed_gsr,"1062419,2.0953"
2026-05-31T15:23:08.978,asdf,self_20260531_151909,clip_060,2,listen,,2.0969,1062440.0,raspberry_pi_seeed_gsr,"1062440,2.0969"
2026-05-31T15:23:09.021,asdf,self_20260531_151909,clip_060,2,listen,,2.0961,1062461.0,raspberry_pi_seeed_gsr,"1062461,2.0961"
2026-05-31T15:23:09.022,asdf,self_20260531_151909,clip_060,2,listen,,2.1057,1062482.0,raspberry_pi_seeed_gsr,"1062482,2.1057"
2026-05-31T15:23:09.041,asdf,self_20260531_151909,clip_060,2,listen,,2.1001,1062503.0,raspberry_pi_seeed_gsr,"1062503,2.1001"
2026-05-31T15:23:09.062,asdf,self_20260531_151909,clip_060,2,listen,,2.0993,1062524.0,raspberry_pi_seeed_gsr,"1062524,2.0993"
2026-05-31T15:23:09.083,asdf,self_20260531_151909,clip_060,2,listen,,2.1001,1062545.0,raspberry_pi_seeed_gsr,"1062545,2.1001"
2026-05-31T15:23:09.104,asdf,self_20260531_151909,clip_060,2,listen,,2.1001,1062566.0,raspberry_pi_seeed_gsr,"1062566,2.1001"
2026-05-31T15:23:09.125,asdf,self_20260531_151909,clip_060,2,listen,,2.0985,1062587.0,raspberry_pi_seeed_gsr,"1062587,2.0985"
2026-05-31T15:23:09.146,asdf,self_20260531_151909,clip_060,2,listen,,2.0985,1062608.0,raspberry_pi_seeed_gsr,"1062608,2.0985"
2026-05-31T15:23:09.167,asdf,self_20260531_151909,clip_060,2,listen,,2.0977,1062629.0,raspberry_pi_seeed_gsr,"1062629,2.0977"
2026-05-31T15:23:09.188,asdf,self_20260531_151909,clip_060,2,listen,,2.0985,1062650.0,raspberry_pi_seeed_gsr,"1062650,2.0985"
2026-05-31T15:23:09.209,asdf,self_20260531_151909,clip_060,2,listen,,2.1041,1062671.0,raspberry_pi_seeed_gsr,"1062671,2.1041"
2026-05-31T15:23:09.230,asdf,self_20260531_151909,clip_060,2,listen,,2.1025,1062692.0,raspberry_pi_seeed_gsr,"1062692,2.1025"
2026-05-31T15:23:09.275,asdf,self_20260531_151909,clip_060,2,listen,,2.0993,1062713.0,raspberry_pi_seeed_gsr,"1062713,2.0993"
2026-05-31T15:23:09.276,asdf,self_20260531_151909,clip_060,2,listen,,2.1033,1062734.0,raspberry_pi_seeed_gsr,"1062734,2.1033"
2026-05-31T15:23:09.293,asdf,self_20260531_151909,clip_060,2,listen,,2.0985,1062755.0,raspberry_pi_seeed_gsr,"1062755,2.0985"
2026-05-31T15:23:09.314,asdf,self_20260531_151909,clip_060,2,listen,,2.0864,1062776.0,raspberry_pi_seeed_gsr,"1062776,2.0864"
2026-05-31T15:23:09.335,asdf,self_20260531_151909,clip_060,2,listen,,2.1001,1062797.0,raspberry_pi_seeed_gsr,"1062797,2.1001"
2026-05-31T15:23:09.356,asdf,self_20260531_151909,clip_060,2,listen,,2.1017,1062818.0,raspberry_pi_seeed_gsr,"1062818,2.1017"
2026-05-31T15:23:09.377,asdf,self_20260531_151909,clip_060,2,listen,,2.1017,1062839.0,raspberry_pi_seeed_gsr,"1062839,2.1017"
2026-05-31T15:23:09.398,asdf,self_20260531_151909,clip_060,2,listen,,2.0993,1062860.0,raspberry_pi_seeed_gsr,"1062860,2.0993"
2026-05-31T15:23:09.419,asdf,self_20260531_151909,clip_060,2,listen,,2.092,1062881.0,raspberry_pi_seeed_gsr,"1062881,2.0920"
2026-05-31T15:23:09.440,asdf,self_20260531_151909,clip_060,2,listen,,2.0912,1062902.0,raspberry_pi_seeed_gsr,"1062902,2.0912"
2026-05-31T15:23:09.461,asdf,self_20260531_151909,clip_060,2,listen,,2.0985,1062923.0,raspberry_pi_seeed_gsr,"1062923,2.0985"
2026-05-31T15:23:09.482,asdf,self_20260531_151909,clip_060,2,listen,,2.1001,1062944.0,raspberry_pi_seeed_gsr,"1062944,2.1001"
2026-05-31T15:23:09.529,asdf,self_20260531_151909,clip_060,2,listen,,2.0985,1062965.0,raspberry_pi_seeed_gsr,"1062965,2.0985"
2026-05-31T15:23:09.530,asdf,self_20260531_151909,clip_060,2,listen,,2.0953,1062986.0,raspberry_pi_seeed_gsr,"1062986,2.0953"
2026-05-31T15:23:09.545,asdf,self_20260531_151909,clip_060,2,listen,,2.0985,1063007.0,raspberry_pi_seeed_gsr,"1063007,2.0985"
2026-05-31T15:23:09.566,asdf,self_20260531_151909,clip_060,2,listen,,2.0969,1063028.0,raspberry_pi_seeed_gsr,"1063028,2.0969"
2026-05-31T15:23:09.587,asdf,self_20260531_151909,clip_060,2,listen,,2.0969,1063049.0,raspberry_pi_seeed_gsr,"1063049,2.0969"
2026-05-31T15:23:09.608,asdf,self_20260531_151909,clip_060,2,listen,,2.0969,1063070.0,raspberry_pi_seeed_gsr,"1063070,2.0969"
2026-05-31T15:23:09.629,asdf,self_20260531_151909,clip_060,2,listen,,2.1017,1063091.0,raspberry_pi_seeed_gsr,"1063091,2.1017"
2026-05-31T15:23:09.650,asdf,self_20260531_151909,clip_060,2,listen,,2.0904,1063112.0,raspberry_pi_seeed_gsr,"1063112,2.0904"
2026-05-31T15:23:09.671,asdf,self_20260531_151909,clip_060,2,listen,,2.1041,1063133.0,raspberry_pi_seeed_gsr,"1063133,2.1041"
2026-05-31T15:23:09.692,asdf,self_20260531_151909,clip_060,2,listen,,2.0993,1063154.0,raspberry_pi_seeed_gsr,"1063154,2.0993"
2026-05-31T15:23:09.713,asdf,self_20260531_151909,clip_060,2,listen,,2.0969,1063175.0,raspberry_pi_seeed_gsr,"1063175,2.0969"
2026-05-31T15:23:09.734,asdf,self_20260531_151909,clip_060,2,listen,,2.1017,1063196.0,raspberry_pi_seeed_gsr,"1063196,2.1017"
2026-05-31T15:23:09.770,asdf,self_20260531_151909,clip_060,2,listen,,2.0985,1063217.0,raspberry_pi_seeed_gsr,"1063217,2.0985"
2026-05-31T15:23:09.776,asdf,self_20260531_151909,clip_060,2,listen,,2.0993,1063238.0,raspberry_pi_seeed_gsr,"1063238,2.0993"
2026-05-31T15:23:09.797,asdf,self_20260531_151909,clip_060,2,listen,,2.1017,1063259.0,raspberry_pi_seeed_gsr,"1063259,2.1017"
2026-05-31T15:23:09.818,asdf,self_20260531_151909,clip_060,2,listen,,2.1017,1063280.0,raspberry_pi_seeed_gsr,"1063280,2.1017"
2026-05-31T15:23:09.839,asdf,self_20260531_151909,clip_060,2,listen,,2.1001,1063301.0,raspberry_pi_seeed_gsr,"1063301,2.1001"
2026-05-31T15:23:09.860,asdf,self_20260531_151909,clip_060,2,listen,,2.0993,1063322.0,raspberry_pi_seeed_gsr,"1063322,2.0993"
2026-05-31T15:23:09.881,asdf,self_20260531_151909,clip_060,2,listen,,2.1082,1063343.0,raspberry_pi_seeed_gsr,"1063343,2.1082"
2026-05-31T15:23:09.902,asdf,self_20260531_151909,clip_060,2,listen,,2.0969,1063364.0,raspberry_pi_seeed_gsr,"1063364,2.0969"
2026-05-31T15:23:09.923,asdf,self_20260531_151909,clip_060,2,listen,,2.0993,1063385.0,raspberry_pi_seeed_gsr,"1063385,2.0993"
2026-05-31T15:23:09.944,asdf,self_20260531_151909,clip_060,2,listen,,2.0977,1063406.0,raspberry_pi_seeed_gsr,"1063406,2.0977"
2026-05-31T15:23:09.965,asdf,self_20260531_151909,clip_060,2,listen,,2.0985,1063427.0,raspberry_pi_seeed_gsr,"1063427,2.0985"
2026-05-31T15:23:09.986,asdf,self_20260531_151909,clip_060,2,listen,,2.0961,1063448.0,raspberry_pi_seeed_gsr,"1063448,2.0961"
2026-05-31T15:23:10.024,asdf,self_20260531_151909,clip_060,2,listen,,2.0993,1063469.0,raspberry_pi_seeed_gsr,"1063469,2.0993"
2026-05-31T15:23:10.028,asdf,self_20260531_151909,clip_060,2,listen,,2.0969,1063490.0,raspberry_pi_seeed_gsr,"1063490,2.0969"
2026-05-31T15:23:10.049,asdf,self_20260531_151909,clip_060,2,listen,,2.1025,1063511.0,raspberry_pi_seeed_gsr,"1063511,2.1025"
2026-05-31T15:23:10.070,asdf,self_20260531_151909,clip_060,2,listen,,2.1017,1063532.0,raspberry_pi_seeed_gsr,"1063532,2.1017"
2026-05-31T15:23:10.091,asdf,self_20260531_151909,clip_060,2,listen,,2.0985,1063553.0,raspberry_pi_seeed_gsr,"1063553,2.0985"
2026-05-31T15:23:10.112,asdf,self_20260531_151909,clip_060,2,listen,,2.0993,1063574.0,raspberry_pi_seeed_gsr,"1063574,2.0993"
2026-05-31T15:23:10.133,asdf,self_20260531_151909,clip_060,2,listen,,2.1049,1063595.0,raspberry_pi_seeed_gsr,"1063595,2.1049"
2026-05-31T15:23:10.154,asdf,self_20260531_151909,clip_060,2,listen,,2.1025,1063616.0,raspberry_pi_seeed_gsr,"1063616,2.1025"
2026-05-31T15:23:10.175,asdf,self_20260531_151909,clip_060,2,listen,,2.1146,1063637.0,raspberry_pi_seeed_gsr,"1063637,2.1146"
2026-05-31T15:23:10.196,asdf,self_20260531_151909,clip_060,2,listen,,2.0961,1063658.0,raspberry_pi_seeed_gsr,"1063658,2.0961"
2026-05-31T15:23:10.217,asdf,self_20260531_151909,clip_060,2,listen,,2.1009,1063679.0,raspberry_pi_seeed_gsr,"1063679,2.1009"
2026-05-31T15:23:10.238,asdf,self_20260531_151909,clip_060,2,listen,,2.0912,1063700.0,raspberry_pi_seeed_gsr,"1063700,2.0912"
2026-05-31T15:23:10.276,asdf,self_20260531_151909,clip_060,2,listen,,2.1025,1063721.0,raspberry_pi_seeed_gsr,"1063721,2.1025"
2026-05-31T15:23:10.280,asdf,self_20260531_151909,clip_060,2,listen,,2.1001,1063742.0,raspberry_pi_seeed_gsr,"1063742,2.1001"
2026-05-31T15:23:10.301,asdf,self_20260531_151909,clip_060,2,listen,,2.0993,1063763.0,raspberry_pi_seeed_gsr,"1063763,2.0993"
2026-05-31T15:23:10.322,asdf,self_20260531_151909,clip_060,2,listen,,2.0993,1063784.0,raspberry_pi_seeed_gsr,"1063784,2.0993"
2026-05-31T15:23:10.343,asdf,self_20260531_151909,clip_060,2,listen,,2.0969,1063805.0,raspberry_pi_seeed_gsr,"1063805,2.0969"
2026-05-31T15:23:10.364,asdf,self_20260531_151909,clip_060,2,listen,,2.1017,1063826.0,raspberry_pi_seeed_gsr,"1063826,2.1017"
2026-05-31T15:23:10.385,asdf,self_20260531_151909,clip_060,2,listen,,2.0985,1063847.0,raspberry_pi_seeed_gsr,"1063847,2.0985"
2026-05-31T15:23:10.406,asdf,self_20260531_151909,clip_060,2,listen,,2.1001,1063868.0,raspberry_pi_seeed_gsr,"1063868,2.1001"
2026-05-31T15:23:10.427,asdf,self_20260531_151909,clip_060,2,listen,,2.0993,1063889.0,raspberry_pi_seeed_gsr,"1063889,2.0993"
2026-05-31T15:23:10.448,asdf,self_20260531_151909,clip_060,2,listen,,2.0969,1063910.0,raspberry_pi_seeed_gsr,"1063910,2.0969"
2026-05-31T15:23:10.469,asdf,self_20260531_151909,clip_060,2,listen,,2.092,1063931.0,raspberry_pi_seeed_gsr,"1063931,2.0920"
2026-05-31T15:23:10.490,asdf,self_20260531_151909,clip_060,2,listen,,2.0928,1063952.0,raspberry_pi_seeed_gsr,"1063952,2.0928"
2026-05-31T15:23:10.526,asdf,self_20260531_151909,clip_060,2,listen,,2.0953,1063973.0,raspberry_pi_seeed_gsr,"1063973,2.0953"
2026-05-31T15:23:10.532,asdf,self_20260531_151909,clip_060,2,listen,,2.1001,1063994.0,raspberry_pi_seeed_gsr,"1063994,2.1001"
2026-05-31T15:23:10.553,asdf,self_20260531_151909,clip_060,2,listen,,2.0993,1064015.0,raspberry_pi_seeed_gsr,"1064015,2.0993"
2026-05-31T15:23:10.574,asdf,self_20260531_151909,clip_060,2,listen,,2.0977,1064036.0,raspberry_pi_seeed_gsr,"1064036,2.0977"
2026-05-31T15:23:10.595,asdf,self_20260531_151909,clip_060,2,listen,,2.0977,1064057.0,raspberry_pi_seeed_gsr,"1064057,2.0977"
2026-05-31T15:23:10.616,asdf,self_20260531_151909,clip_060,2,listen,,2.0993,1064078.0,raspberry_pi_seeed_gsr,"1064078,2.0993"
2026-05-31T15:23:10.637,asdf,self_20260531_151909,clip_060,2,listen,,2.1009,1064099.0,raspberry_pi_seeed_gsr,"1064099,2.1009"
2026-05-31T15:23:10.658,asdf,self_20260531_151909,clip_060,2,listen,,2.1001,1064120.0,raspberry_pi_seeed_gsr,"1064120,2.1001"
2026-05-31T15:23:10.679,asdf,self_20260531_151909,clip_060,2,listen,,2.0993,1064141.0,raspberry_pi_seeed_gsr,"1064141,2.0993"
2026-05-31T15:23:10.700,asdf,self_20260531_151909,clip_060,2,listen,,2.1001,1064162.0,raspberry_pi_seeed_gsr,"1064162,2.1001"
2026-05-31T15:23:10.721,asdf,self_20260531_151909,clip_060,2,listen,,2.0985,1064183.0,raspberry_pi_seeed_gsr,"1064183,2.0985"
2026-05-31T15:23:10.742,asdf,self_20260531_151909,clip_060,2,listen,,2.0953,1064204.0,raspberry_pi_seeed_gsr,"1064204,2.0953"
2026-05-31T15:23:10.782,asdf,self_20260531_151909,clip_060,2,listen,,2.1073,1064225.0,raspberry_pi_seeed_gsr,"1064225,2.1073"
2026-05-31T15:23:10.784,asdf,self_20260531_151909,clip_060,2,listen,,2.1065,1064246.0,raspberry_pi_seeed_gsr,"1064246,2.1065"
2026-05-31T15:23:10.805,asdf,self_20260531_151909,clip_060,2,listen,,2.0977,1064267.0,raspberry_pi_seeed_gsr,"1064267,2.0977"
2026-05-31T15:23:10.826,asdf,self_20260531_151909,clip_060,2,listen,,2.1017,1064288.0,raspberry_pi_seeed_gsr,"1064288,2.1017"
2026-05-31T15:23:10.847,asdf,self_20260531_151909,clip_060,2,listen,,2.1033,1064309.0,raspberry_pi_seeed_gsr,"1064309,2.1033"
2026-05-31T15:23:10.868,asdf,self_20260531_151909,clip_060,2,listen,,2.0912,1064330.0,raspberry_pi_seeed_gsr,"1064330,2.0912"
2026-05-31T15:23:10.889,asdf,self_20260531_151909,clip_060,2,listen,,2.0985,1064351.0,raspberry_pi_seeed_gsr,"1064351,2.0985"
2026-05-31T15:23:10.910,asdf,self_20260531_151909,clip_060,2,listen,,2.0953,1064372.0,raspberry_pi_seeed_gsr,"1064372,2.0953"
2026-05-31T15:23:10.931,asdf,self_20260531_151909,clip_060,2,listen,,2.0977,1064393.0,raspberry_pi_seeed_gsr,"1064393,2.0977"
2026-05-31T15:23:10.952,asdf,self_20260531_151909,clip_060,2,listen,,2.0969,1064414.0,raspberry_pi_seeed_gsr,"1064414,2.0969"
2026-05-31T15:23:10.973,asdf,self_20260531_151909,clip_060,2,listen,,2.1017,1064435.0,raspberry_pi_seeed_gsr,"1064435,2.1017"
2026-05-31T15:23:10.994,asdf,self_20260531_151909,clip_060,2,listen,,2.1009,1064456.0,raspberry_pi_seeed_gsr,"1064456,2.1009"
2026-05-31T15:23:11.041,asdf,self_20260531_151909,clip_060,2,listen,,2.0985,1064477.0,raspberry_pi_seeed_gsr,"1064477,2.0985"
2026-05-31T15:23:11.042,asdf,self_20260531_151909,clip_060,2,listen,,2.1001,1064498.0,raspberry_pi_seeed_gsr,"1064498,2.1001"
2026-05-31T15:23:11.057,asdf,self_20260531_151909,clip_060,2,listen,,2.0993,1064519.0,raspberry_pi_seeed_gsr,"1064519,2.0993"
2026-05-31T15:23:11.078,asdf,self_20260531_151909,clip_060,2,listen,,2.1001,1064540.0,raspberry_pi_seeed_gsr,"1064540,2.1001"
2026-05-31T15:23:11.099,asdf,self_20260531_151909,clip_060,2,listen,,2.0993,1064561.0,raspberry_pi_seeed_gsr,"1064561,2.0993"
2026-05-31T15:23:11.120,asdf,self_20260531_151909,clip_060,2,listen,,2.0953,1064582.0,raspberry_pi_seeed_gsr,"1064582,2.0953"
2026-05-31T15:23:11.141,asdf,self_20260531_151909,clip_060,2,listen,,2.088,1064603.0,raspberry_pi_seeed_gsr,"1064603,2.0880"
2026-05-31T15:23:11.162,asdf,self_20260531_151909,clip_060,2,listen,,2.0969,1064624.0,raspberry_pi_seeed_gsr,"1064624,2.0969"
2026-05-31T15:23:11.183,asdf,self_20260531_151909,clip_060,2,listen,,2.1009,1064645.0,raspberry_pi_seeed_gsr,"1064645,2.1009"
2026-05-31T15:23:11.204,asdf,self_20260531_151909,clip_060,2,listen,,2.0977,1064666.0,raspberry_pi_seeed_gsr,"1064666,2.0977"
2026-05-31T15:23:11.225,asdf,self_20260531_151909,clip_060,2,listen,,2.0993,1064687.0,raspberry_pi_seeed_gsr,"1064687,2.0993"
2026-05-31T15:23:11.246,asdf,self_20260531_151909,clip_060,2,listen,,2.0985,1064708.0,raspberry_pi_seeed_gsr,"1064708,2.0985"
2026-05-31T15:23:11.288,asdf,self_20260531_151909,clip_060,2,listen,,2.1017,1064729.0,raspberry_pi_seeed_gsr,"1064729,2.1017"
2026-05-31T15:23:11.289,asdf,self_20260531_151909,clip_060,2,listen,,2.0953,1064750.0,raspberry_pi_seeed_gsr,"1064750,2.0953"
2026-05-31T15:23:11.309,asdf,self_20260531_151909,clip_060,2,listen,,2.0993,1064771.0,raspberry_pi_seeed_gsr,"1064771,2.0993"
2026-05-31T15:23:11.330,asdf,self_20260531_151909,clip_060,2,listen,,2.0961,1064792.0,raspberry_pi_seeed_gsr,"1064792,2.0961"
2026-05-31T15:23:11.351,asdf,self_20260531_151909,clip_060,2,listen,,2.1001,1064813.0,raspberry_pi_seeed_gsr,"1064813,2.1001"
2026-05-31T15:23:11.372,asdf,self_20260531_151909,clip_060,2,listen,,2.1001,1064834.0,raspberry_pi_seeed_gsr,"1064834,2.1001"
2026-05-31T15:23:11.393,asdf,self_20260531_151909,clip_060,2,listen,,2.1057,1064855.0,raspberry_pi_seeed_gsr,"1064855,2.1057"
2026-05-31T15:23:11.414,asdf,self_20260531_151909,clip_060,2,listen,,2.0993,1064876.0,raspberry_pi_seeed_gsr,"1064876,2.0993"
2026-05-31T15:23:11.437,asdf,self_20260531_151909,clip_060,2,listen,,2.0993,1064897.0,raspberry_pi_seeed_gsr,"1064897,2.0993"
2026-05-31T15:23:11.456,asdf,self_20260531_151909,clip_060,2,listen,,2.0904,1064918.0,raspberry_pi_seeed_gsr,"1064918,2.0904"
2026-05-31T15:23:11.477,asdf,self_20260531_151909,clip_060,2,listen,,2.0993,1064939.0,raspberry_pi_seeed_gsr,"1064939,2.0993"
2026-05-31T15:23:11.498,asdf,self_20260531_151909,clip_060,2,listen,,2.0977,1064960.0,raspberry_pi_seeed_gsr,"1064960,2.0977"
2026-05-31T15:23:11.536,asdf,self_20260531_151909,clip_060,2,listen,,2.0961,1064981.0,raspberry_pi_seeed_gsr,"1064981,2.0961"
2026-05-31T15:23:11.540,asdf,self_20260531_151909,clip_060,2,listen,,2.109,1065002.0,raspberry_pi_seeed_gsr,"1065002,2.1090"
2026-05-31T15:23:11.561,asdf,self_20260531_151909,clip_060,2,listen,,2.0985,1065023.0,raspberry_pi_seeed_gsr,"1065023,2.0985"
2026-05-31T15:23:11.582,asdf,self_20260531_151909,clip_060,2,listen,,2.0993,1065044.0,raspberry_pi_seeed_gsr,"1065044,2.0993"
2026-05-31T15:23:11.603,asdf,self_20260531_151909,clip_060,2,listen,,2.0985,1065065.0,raspberry_pi_seeed_gsr,"1065065,2.0985"
2026-05-31T15:23:11.624,asdf,self_20260531_151909,clip_060,2,listen,,2.0977,1065086.0,raspberry_pi_seeed_gsr,"1065086,2.0977"
2026-05-31T15:23:11.645,asdf,self_20260531_151909,clip_060,2,listen,,2.0977,1065107.0,raspberry_pi_seeed_gsr,"1065107,2.0977"
2026-05-31T15:23:11.666,asdf,self_20260531_151909,clip_060,2,listen,,2.0961,1065128.0,raspberry_pi_seeed_gsr,"1065128,2.0961"
2026-05-31T15:23:11.687,asdf,self_20260531_151909,clip_060,2,listen,,2.0969,1065149.0,raspberry_pi_seeed_gsr,"1065149,2.0969"
2026-05-31T15:23:11.708,asdf,self_20260531_151909,clip_060,2,listen,,2.0912,1065170.0,raspberry_pi_seeed_gsr,"1065170,2.0912"
2026-05-31T15:23:11.729,asdf,self_20260531_151909,clip_060,2,listen,,2.1057,1065191.0,raspberry_pi_seeed_gsr,"1065191,2.1057"
2026-05-31T15:23:11.750,asdf,self_20260531_151909,clip_060,2,listen,,2.0993,1065212.0,raspberry_pi_seeed_gsr,"1065212,2.0993"
2026-05-31T15:23:11.790,asdf,self_20260531_151909,clip_060,2,listen,,2.1114,1065233.0,raspberry_pi_seeed_gsr,"1065233,2.1114"
2026-05-31T15:23:11.792,asdf,self_20260531_151909,clip_060,2,listen,,2.0969,1065254.0,raspberry_pi_seeed_gsr,"1065254,2.0969"
2026-05-31T15:23:11.813,asdf,self_20260531_151909,clip_060,2,listen,,2.0985,1065275.0,raspberry_pi_seeed_gsr,"1065275,2.0985"
2026-05-31T15:23:11.834,asdf,self_20260531_151909,clip_060,2,listen,,2.0977,1065296.0,raspberry_pi_seeed_gsr,"1065296,2.0977"
2026-05-31T15:23:11.855,asdf,self_20260531_151909,clip_060,2,listen,,2.0888,1065317.0,raspberry_pi_seeed_gsr,"1065317,2.0888"
2026-05-31T15:23:11.876,asdf,self_20260531_151909,clip_060,2,listen,,2.0993,1065338.0,raspberry_pi_seeed_gsr,"1065338,2.0993"
2026-05-31T15:23:11.897,asdf,self_20260531_151909,clip_060,2,listen,,2.0985,1065359.0,raspberry_pi_seeed_gsr,"1065359,2.0985"
2026-05-31T15:23:11.918,asdf,self_20260531_151909,clip_060,2,listen,,2.1049,1065380.0,raspberry_pi_seeed_gsr,"1065380,2.1049"
2026-05-31T15:23:11.939,asdf,self_20260531_151909,clip_060,2,listen,,2.0848,1065401.0,raspberry_pi_seeed_gsr,"1065401,2.0848"
2026-05-31T15:23:11.960,asdf,self_20260531_151909,clip_060,2,listen,,2.0993,1065422.0,raspberry_pi_seeed_gsr,"1065422,2.0993"
2026-05-31T15:23:11.981,asdf,self_20260531_151909,clip_060,2,listen,,2.1098,1065443.0,raspberry_pi_seeed_gsr,"1065443,2.1098"
2026-05-31T15:23:12.002,asdf,self_20260531_151909,clip_060,2,listen,,2.0993,1065464.0,raspberry_pi_seeed_gsr,"1065464,2.0993"
2026-05-31T15:23:12.040,asdf,self_20260531_151909,clip_060,2,listen,,2.0953,1065485.0,raspberry_pi_seeed_gsr,"1065485,2.0953"
2026-05-31T15:23:12.044,asdf,self_20260531_151909,clip_060,2,listen,,2.0969,1065506.0,raspberry_pi_seeed_gsr,"1065506,2.0969"
2026-05-31T15:23:12.065,asdf,self_20260531_151909,clip_060,2,listen,,2.0993,1065527.0,raspberry_pi_seeed_gsr,"1065527,2.0993"
2026-05-31T15:23:12.086,asdf,self_20260531_151909,clip_060,2,listen,,2.0993,1065548.0,raspberry_pi_seeed_gsr,"1065548,2.0993"
2026-05-31T15:23:12.107,asdf,self_20260531_151909,clip_060,2,listen,,2.1001,1065569.0,raspberry_pi_seeed_gsr,"1065569,2.1001"
2026-05-31T15:23:12.128,asdf,self_20260531_151909,clip_060,2,listen,,2.1001,1065590.0,raspberry_pi_seeed_gsr,"1065590,2.1001"
2026-05-31T15:23:12.149,asdf,self_20260531_151909,clip_060,2,listen,,2.0928,1065611.0,raspberry_pi_seeed_gsr,"1065611,2.0928"
2026-05-31T15:23:12.170,asdf,self_20260531_151909,clip_060,2,listen,,2.1025,1065632.0,raspberry_pi_seeed_gsr,"1065632,2.1025"
2026-05-31T15:23:12.191,asdf,self_20260531_151909,clip_060,2,listen,,2.0888,1065653.0,raspberry_pi_seeed_gsr,"1065653,2.0888"
2026-05-31T15:23:12.212,asdf,self_20260531_151909,clip_060,2,listen,,2.0985,1065674.0,raspberry_pi_seeed_gsr,"1065674,2.0985"
2026-05-31T15:23:12.233,asdf,self_20260531_151909,clip_060,2,listen,,2.0977,1065695.0,raspberry_pi_seeed_gsr,"1065695,2.0977"
2026-05-31T15:23:12.254,asdf,self_20260531_151909,clip_060,2,listen,,2.0977,1065716.0,raspberry_pi_seeed_gsr,"1065716,2.0977"
2026-05-31T15:23:12.291,asdf,self_20260531_151909,clip_060,2,listen,,2.109,1065737.0,raspberry_pi_seeed_gsr,"1065737,2.1090"
2026-05-31T15:23:12.296,asdf,self_20260531_151909,clip_060,2,listen,,2.1057,1065758.0,raspberry_pi_seeed_gsr,"1065758,2.1057"
2026-05-31T15:23:12.317,asdf,self_20260531_151909,clip_060,2,listen,,2.0977,1065779.0,raspberry_pi_seeed_gsr,"1065779,2.0977"
2026-05-31T15:23:12.338,asdf,self_20260531_151909,clip_060,2,listen,,2.0969,1065800.0,raspberry_pi_seeed_gsr,"1065800,2.0969"
2026-05-31T15:23:12.359,asdf,self_20260531_151909,clip_060,2,listen,,2.092,1065821.0,raspberry_pi_seeed_gsr,"1065821,2.0920"
2026-05-31T15:23:12.380,asdf,self_20260531_151909,clip_060,2,listen,,2.0993,1065842.0,raspberry_pi_seeed_gsr,"1065842,2.0993"
2026-05-31T15:23:12.401,asdf,self_20260531_151909,clip_060,2,listen,,2.0993,1065863.0,raspberry_pi_seeed_gsr,"1065863,2.0993"
2026-05-31T15:23:12.422,asdf,self_20260531_151909,clip_060,2,listen,,2.1001,1065884.0,raspberry_pi_seeed_gsr,"1065884,2.1001"
2026-05-31T15:23:12.443,asdf,self_20260531_151909,clip_060,2,listen,,2.1017,1065905.0,raspberry_pi_seeed_gsr,"1065905,2.1017"
2026-05-31T15:23:12.465,asdf,self_20260531_151909,clip_060,2,listen,,2.0848,1065926.0,raspberry_pi_seeed_gsr,"1065926,2.0848"
2026-05-31T15:23:12.486,asdf,self_20260531_151909,clip_060,2,listen,,2.0993,1065947.0,raspberry_pi_seeed_gsr,"1065947,2.0993"
2026-05-31T15:23:12.506,asdf,self_20260531_151909,clip_060,2,listen,,2.0993,1065968.0,raspberry_pi_seeed_gsr,"1065968,2.0993"
2026-05-31T15:23:12.576,asdf,self_20260531_151909,clip_060,2,listen,,2.0985,1065989.0,raspberry_pi_seeed_gsr,"1065989,2.0985"
2026-05-31T15:23:12.577,asdf,self_20260531_151909,clip_060,2,listen,,2.0969,1066010.0,raspberry_pi_seeed_gsr,"1066010,2.0969"
2026-05-31T15:23:12.578,asdf,self_20260531_151909,clip_060,2,listen,,2.0985,1066031.0,raspberry_pi_seeed_gsr,"1066031,2.0985"
2026-05-31T15:23:12.590,asdf,self_20260531_151909,clip_060,2,listen,,2.0985,1066052.0,raspberry_pi_seeed_gsr,"1066052,2.0985"
2026-05-31T15:23:12.611,asdf,self_20260531_151909,clip_060,2,listen,,2.092,1066073.0,raspberry_pi_seeed_gsr,"1066073,2.0920"
2026-05-31T15:23:12.632,asdf,self_20260531_151909,clip_060,2,listen,,2.0993,1066094.0,raspberry_pi_seeed_gsr,"1066094,2.0993"
2026-05-31T15:23:12.653,asdf,self_20260531_151909,clip_060,2,listen,,2.1017,1066115.0,raspberry_pi_seeed_gsr,"1066115,2.1017"
2026-05-31T15:23:12.674,asdf,self_20260531_151909,clip_060,2,listen,,2.1041,1066136.0,raspberry_pi_seeed_gsr,"1066136,2.1041"
2026-05-31T15:23:12.695,asdf,self_20260531_151909,clip_060,2,listen,,2.0961,1066157.0,raspberry_pi_seeed_gsr,"1066157,2.0961"
2026-05-31T15:23:12.716,asdf,self_20260531_151909,clip_060,2,listen,,2.1114,1066178.0,raspberry_pi_seeed_gsr,"1066178,2.1114"
2026-05-31T15:23:12.737,asdf,self_20260531_151909,clip_060,2,listen,,2.0977,1066199.0,raspberry_pi_seeed_gsr,"1066199,2.0977"
2026-05-31T15:23:12.758,asdf,self_20260531_151909,clip_060,2,listen,,2.1001,1066220.0,raspberry_pi_seeed_gsr,"1066220,2.1001"
2026-05-31T15:23:12.779,asdf,self_20260531_151909,clip_060,2,listen,,2.0993,1066241.0,raspberry_pi_seeed_gsr,"1066241,2.0993"
2026-05-31T15:23:12.808,asdf,self_20260531_151909,clip_060,2,listen,,2.0993,1066262.0,raspberry_pi_seeed_gsr,"1066262,2.0993"
2026-05-31T15:23:12.821,asdf,self_20260531_151909,clip_060,2,listen,,2.0993,1066283.0,raspberry_pi_seeed_gsr,"1066283,2.0993"
2026-05-31T15:23:12.842,asdf,self_20260531_151909,clip_060,2,listen,,2.1001,1066304.0,raspberry_pi_seeed_gsr,"1066304,2.1001"
2026-05-31T15:23:12.863,asdf,self_20260531_151909,clip_060,2,listen,,2.1001,1066325.0,raspberry_pi_seeed_gsr,"1066325,2.1001"
2026-05-31T15:23:12.884,asdf,self_20260531_151909,clip_060,2,listen,,2.0985,1066346.0,raspberry_pi_seeed_gsr,"1066346,2.0985"
2026-05-31T15:23:12.905,asdf,self_20260531_151909,clip_060,2,listen,,2.1049,1066367.0,raspberry_pi_seeed_gsr,"1066367,2.1049"
2026-05-31T15:23:12.926,asdf,self_20260531_151909,clip_060,2,listen,,2.0961,1066388.0,raspberry_pi_seeed_gsr,"1066388,2.0961"
2026-05-31T15:23:12.947,asdf,self_20260531_151909,clip_060,2,listen,,2.092,1066409.0,raspberry_pi_seeed_gsr,"1066409,2.0920"
2026-05-31T15:23:12.968,asdf,self_20260531_151909,clip_060,2,listen,,2.1073,1066430.0,raspberry_pi_seeed_gsr,"1066430,2.1073"
2026-05-31T15:23:12.989,asdf,self_20260531_151909,clip_060,2,listen,,2.1227,1066451.0,raspberry_pi_seeed_gsr,"1066451,2.1227"
2026-05-31T15:23:13.011,asdf,self_20260531_151909,clip_060,2,listen,,2.0977,1066472.0,raspberry_pi_seeed_gsr,"1066472,2.0977"
2026-05-31T15:23:13.031,asdf,self_20260531_151909,clip_060,2,listen,,2.1001,1066493.0,raspberry_pi_seeed_gsr,"1066493,2.1001"
2026-05-31T15:23:13.071,asdf,self_20260531_151909,clip_060,2,listen,,2.0993,1066514.0,raspberry_pi_seeed_gsr,"1066514,2.0993"
2026-05-31T15:23:13.073,asdf,self_20260531_151909,clip_060,2,listen,,2.0993,1066535.0,raspberry_pi_seeed_gsr,"1066535,2.0993"
2026-05-31T15:23:13.094,asdf,self_20260531_151909,clip_060,2,listen,,2.0993,1066556.0,raspberry_pi_seeed_gsr,"1066556,2.0993"
2026-05-31T15:23:13.115,asdf,self_20260531_151909,clip_060,2,listen,,2.0993,1066577.0,raspberry_pi_seeed_gsr,"1066577,2.0993"
2026-05-31T15:23:13.136,asdf,self_20260531_151909,clip_060,2,listen,,2.0985,1066598.0,raspberry_pi_seeed_gsr,"1066598,2.0985"
2026-05-31T15:23:13.157,asdf,self_20260531_151909,clip_060,2,listen,,2.1001,1066619.0,raspberry_pi_seeed_gsr,"1066619,2.1001"
2026-05-31T15:23:13.178,asdf,self_20260531_151909,clip_060,2,listen,,2.0993,1066640.0,raspberry_pi_seeed_gsr,"1066640,2.0993"
2026-05-31T15:23:13.201,asdf,self_20260531_151909,clip_060,2,listen,,2.1025,1066661.0,raspberry_pi_seeed_gsr,"1066661,2.1025"
2026-05-31T15:23:13.220,asdf,self_20260531_151909,clip_060,2,listen,,2.0912,1066682.0,raspberry_pi_seeed_gsr,"1066682,2.0912"
2026-05-31T15:23:13.241,asdf,self_20260531_151909,clip_060,2,listen,,2.1041,1066703.0,raspberry_pi_seeed_gsr,"1066703,2.1041"
2026-05-31T15:23:13.262,asdf,self_20260531_151909,clip_060,2,listen,,2.1001,1066724.0,raspberry_pi_seeed_gsr,"1066724,2.1001"
2026-05-31T15:23:13.283,asdf,self_20260531_151909,clip_060,2,listen,,2.1001,1066745.0,raspberry_pi_seeed_gsr,"1066745,2.1001"
2026-05-31T15:23:13.327,asdf,self_20260531_151909,clip_060,2,listen,,2.1001,1066766.0,raspberry_pi_seeed_gsr,"1066766,2.1001"
2026-05-31T15:23:13.328,asdf,self_20260531_151909,clip_060,2,listen,,2.0928,1066787.0,raspberry_pi_seeed_gsr,"1066787,2.0928"
2026-05-31T15:23:13.346,asdf,self_20260531_151909,clip_060,2,listen,,2.1001,1066808.0,raspberry_pi_seeed_gsr,"1066808,2.1001"
2026-05-31T15:23:13.367,asdf,self_20260531_151909,clip_060,2,listen,,2.0993,1066829.0,raspberry_pi_seeed_gsr,"1066829,2.0993"
2026-05-31T15:23:13.388,asdf,self_20260531_151909,clip_060,2,listen,,2.1001,1066850.0,raspberry_pi_seeed_gsr,"1066850,2.1001"
2026-05-31T15:23:13.409,asdf,self_20260531_151909,clip_060,2,listen,,2.1017,1066871.0,raspberry_pi_seeed_gsr,"1066871,2.1017"
2026-05-31T15:23:13.430,asdf,self_20260531_151909,clip_060,2,listen,,2.0993,1066892.0,raspberry_pi_seeed_gsr,"1066892,2.0993"
2026-05-31T15:23:13.451,asdf,self_20260531_151909,clip_060,2,listen,,2.0985,1066913.0,raspberry_pi_seeed_gsr,"1066913,2.0985"
2026-05-31T15:23:13.472,asdf,self_20260531_151909,clip_060,2,listen,,2.0872,1066934.0,raspberry_pi_seeed_gsr,"1066934,2.0872"
2026-05-31T15:23:13.493,asdf,self_20260531_151909,clip_060,2,listen,,2.1033,1066955.0,raspberry_pi_seeed_gsr,"1066955,2.1033"
2026-05-31T15:23:13.514,asdf,self_20260531_151909,clip_060,2,listen,,2.1001,1066976.0,raspberry_pi_seeed_gsr,"1066976,2.1001"
2026-05-31T15:23:13.535,asdf,self_20260531_151909,clip_060,2,listen,,2.0993,1066997.0,raspberry_pi_seeed_gsr,"1066997,2.0993"
2026-05-31T15:23:13.572,asdf,self_20260531_151909,clip_060,2,listen,,2.1025,1067018.0,raspberry_pi_seeed_gsr,"1067018,2.1025"
2026-05-31T15:23:13.577,asdf,self_20260531_151909,clip_060,2,listen,,2.0977,1067039.0,raspberry_pi_seeed_gsr,"1067039,2.0977"
2026-05-31T15:23:13.598,asdf,self_20260531_151909,clip_060,2,listen,,2.0993,1067060.0,raspberry_pi_seeed_gsr,"1067060,2.0993"
2026-05-31T15:23:13.619,asdf,self_20260531_151909,clip_060,2,listen,,2.1017,1067081.0,raspberry_pi_seeed_gsr,"1067081,2.1017"
2026-05-31T15:23:13.640,asdf,self_20260531_151909,clip_060,2,listen,,2.1025,1067102.0,raspberry_pi_seeed_gsr,"1067102,2.1025"
2026-05-31T15:23:13.661,asdf,self_20260531_151909,clip_060,2,listen,,2.109,1067123.0,raspberry_pi_seeed_gsr,"1067123,2.1090"
2026-05-31T15:23:13.682,asdf,self_20260531_151909,clip_060,2,listen,,2.0993,1067144.0,raspberry_pi_seeed_gsr,"1067144,2.0993"
2026-05-31T15:23:13.703,asdf,self_20260531_151909,clip_060,2,listen,,2.1009,1067165.0,raspberry_pi_seeed_gsr,"1067165,2.1009"
2026-05-31T15:23:13.724,asdf,self_20260531_151909,clip_060,2,listen,,2.0969,1067186.0,raspberry_pi_seeed_gsr,"1067186,2.0969"
2026-05-31T15:23:13.745,asdf,self_20260531_151909,clip_060,2,listen,,2.0928,1067207.0,raspberry_pi_seeed_gsr,"1067207,2.0928"
2026-05-31T15:23:13.766,asdf,self_20260531_151909,clip_060,2,listen,,2.0993,1067228.0,raspberry_pi_seeed_gsr,"1067228,2.0993"
2026-05-31T15:23:13.787,asdf,self_20260531_151909,clip_060,2,listen,,2.0928,1067249.0,raspberry_pi_seeed_gsr,"1067249,2.0928"
2026-05-31T15:23:13.828,asdf,self_20260531_151909,clip_060,2,listen,,2.0961,1067270.0,raspberry_pi_seeed_gsr,"1067270,2.0961"
2026-05-31T15:23:13.829,asdf,self_20260531_151909,clip_060,2,listen,,2.1017,1067291.0,raspberry_pi_seeed_gsr,"1067291,2.1017"
2026-05-31T15:23:13.850,asdf,self_20260531_151909,clip_060,2,listen,,2.0961,1067312.0,raspberry_pi_seeed_gsr,"1067312,2.0961"
2026-05-31T15:23:13.871,asdf,self_20260531_151909,clip_060,2,listen,,2.1009,1067333.0,raspberry_pi_seeed_gsr,"1067333,2.1009"
2026-05-31T15:23:13.892,asdf,self_20260531_151909,clip_060,2,listen,,2.0969,1067354.0,raspberry_pi_seeed_gsr,"1067354,2.0969"
2026-05-31T15:23:13.913,asdf,self_20260531_151909,clip_060,2,listen,,2.0985,1067375.0,raspberry_pi_seeed_gsr,"1067375,2.0985"
2026-05-31T15:23:13.934,asdf,self_20260531_151909,clip_060,2,listen,,2.1073,1067396.0,raspberry_pi_seeed_gsr,"1067396,2.1073"
2026-05-31T15:23:13.955,asdf,self_20260531_151909,clip_060,2,listen,,2.0993,1067417.0,raspberry_pi_seeed_gsr,"1067417,2.0993"
2026-05-31T15:23:13.976,asdf,self_20260531_151909,clip_060,2,listen,,2.113,1067438.0,raspberry_pi_seeed_gsr,"1067438,2.1130"
2026-05-31T15:23:13.997,asdf,self_20260531_151909,clip_060,2,listen,,2.1001,1067459.0,raspberry_pi_seeed_gsr,"1067459,2.1001"
2026-05-31T15:23:14.018,asdf,self_20260531_151909,clip_060,2,listen,,2.1017,1067480.0,raspberry_pi_seeed_gsr,"1067480,2.1017"
2026-05-31T15:23:14.039,asdf,self_20260531_151909,clip_060,2,listen,,2.1009,1067501.0,raspberry_pi_seeed_gsr,"1067501,2.1009"
2026-05-31T15:23:14.076,asdf,self_20260531_151909,clip_060,2,listen,,2.0928,1067522.0,raspberry_pi_seeed_gsr,"1067522,2.0928"
2026-05-31T15:23:14.081,asdf,self_20260531_151909,clip_060,2,listen,,2.0993,1067543.0,raspberry_pi_seeed_gsr,"1067543,2.0993"
2026-05-31T15:23:14.102,asdf,self_20260531_151909,clip_060,2,listen,,2.0977,1067564.0,raspberry_pi_seeed_gsr,"1067564,2.0977"
2026-05-31T15:23:14.123,asdf,self_20260531_151909,clip_060,2,listen,,2.0945,1067585.0,raspberry_pi_seeed_gsr,"1067585,2.0945"
2026-05-31T15:23:14.144,asdf,self_20260531_151909,clip_060,2,listen,,2.0985,1067606.0,raspberry_pi_seeed_gsr,"1067606,2.0985"
2026-05-31T15:23:14.165,asdf,self_20260531_151909,clip_060,2,listen,,2.1001,1067627.0,raspberry_pi_seeed_gsr,"1067627,2.1001"
2026-05-31T15:23:14.186,asdf,self_20260531_151909,clip_060,2,listen,,2.0993,1067648.0,raspberry_pi_seeed_gsr,"1067648,2.0993"
2026-05-31T15:23:14.207,asdf,self_20260531_151909,clip_060,2,listen,,2.1025,1067669.0,raspberry_pi_seeed_gsr,"1067669,2.1025"
2026-05-31T15:23:14.228,asdf,self_20260531_151909,clip_060,2,listen,,2.0985,1067690.0,raspberry_pi_seeed_gsr,"1067690,2.0985"
2026-05-31T15:23:14.249,asdf,self_20260531_151909,clip_060,2,listen,,2.0977,1067711.0,raspberry_pi_seeed_gsr,"1067711,2.0977"
2026-05-31T15:23:14.270,asdf,self_20260531_151909,clip_060,2,listen,,2.1001,1067732.0,raspberry_pi_seeed_gsr,"1067732,2.1001"
2026-05-31T15:23:14.291,asdf,self_20260531_151909,clip_060,2,listen,,2.0993,1067753.0,raspberry_pi_seeed_gsr,"1067753,2.0993"
2026-05-31T15:23:14.331,asdf,self_20260531_151909,clip_060,2,listen,,2.0993,1067774.0,raspberry_pi_seeed_gsr,"1067774,2.0993"
2026-05-31T15:23:14.333,asdf,self_20260531_151909,clip_060,2,listen,,2.1025,1067795.0,raspberry_pi_seeed_gsr,"1067795,2.1025"
2026-05-31T15:23:14.354,asdf,self_20260531_151909,clip_060,2,listen,,2.1009,1067816.0,raspberry_pi_seeed_gsr,"1067816,2.1009"
2026-05-31T15:23:14.375,asdf,self_20260531_151909,clip_060,2,listen,,2.0912,1067837.0,raspberry_pi_seeed_gsr,"1067837,2.0912"
2026-05-31T15:23:14.396,asdf,self_20260531_151909,clip_060,2,listen,,2.0985,1067858.0,raspberry_pi_seeed_gsr,"1067858,2.0985"
2026-05-31T15:23:14.417,asdf,self_20260531_151909,clip_060,2,listen,,2.1073,1067879.0,raspberry_pi_seeed_gsr,"1067879,2.1073"
2026-05-31T15:23:14.438,asdf,self_20260531_151909,clip_060,2,listen,,2.0993,1067900.0,raspberry_pi_seeed_gsr,"1067900,2.0993"
2026-05-31T15:23:14.459,asdf,self_20260531_151909,clip_060,2,listen,,2.1033,1067921.0,raspberry_pi_seeed_gsr,"1067921,2.1033"
2026-05-31T15:23:14.480,asdf,self_20260531_151909,clip_060,2,listen,,2.0969,1067942.0,raspberry_pi_seeed_gsr,"1067942,2.0969"
2026-05-31T15:23:14.501,asdf,self_20260531_151909,clip_060,2,listen,,2.0993,1067963.0,raspberry_pi_seeed_gsr,"1067963,2.0993"
2026-05-31T15:23:14.523,asdf,self_20260531_151909,clip_060,2,listen,,2.0928,1067984.0,raspberry_pi_seeed_gsr,"1067984,2.0928"
2026-05-31T15:23:14.543,asdf,self_20260531_151909,clip_060,2,listen,,2.0928,1068005.0,raspberry_pi_seeed_gsr,"1068005,2.0928"
2026-05-31T15:23:14.589,asdf,self_20260531_151909,clip_060,2,listen,,2.1017,1068026.0,raspberry_pi_seeed_gsr,"1068026,2.1017"
2026-05-31T15:23:14.590,asdf,self_20260531_151909,clip_060,2,listen,,2.0961,1068047.0,raspberry_pi_seeed_gsr,"1068047,2.0961"
2026-05-31T15:23:14.606,asdf,self_20260531_151909,clip_060,2,listen,,2.0985,1068068.0,raspberry_pi_seeed_gsr,"1068068,2.0985"
2026-05-31T15:23:14.627,asdf,self_20260531_151909,clip_060,2,listen,,2.088,1068089.0,raspberry_pi_seeed_gsr,"1068089,2.0880"
2026-05-31T15:23:14.648,asdf,self_20260531_151909,clip_060,2,listen,,2.0985,1068110.0,raspberry_pi_seeed_gsr,"1068110,2.0985"
2026-05-31T15:23:14.669,asdf,self_20260531_151909,clip_060,2,listen,,2.1025,1068131.0,raspberry_pi_seeed_gsr,"1068131,2.1025"
2026-05-31T15:23:14.690,asdf,self_20260531_151909,clip_060,2,listen,,2.1001,1068152.0,raspberry_pi_seeed_gsr,"1068152,2.1001"
2026-05-31T15:23:14.711,asdf,self_20260531_151909,clip_060,2,listen,,2.1025,1068173.0,raspberry_pi_seeed_gsr,"1068173,2.1025"
2026-05-31T15:23:14.732,asdf,self_20260531_151909,clip_060,2,listen,,2.0864,1068194.0,raspberry_pi_seeed_gsr,"1068194,2.0864"
2026-05-31T15:23:14.753,asdf,self_20260531_151909,clip_060,2,listen,,2.1017,1068215.0,raspberry_pi_seeed_gsr,"1068215,2.1017"
2026-05-31T15:23:14.774,asdf,self_20260531_151909,clip_060,2,listen,,2.1098,1068236.0,raspberry_pi_seeed_gsr,"1068236,2.1098"
2026-05-31T15:23:14.795,asdf,self_20260531_151909,clip_060,2,listen,,2.0985,1068257.0,raspberry_pi_seeed_gsr,"1068257,2.0985"
2026-05-31T15:23:14.837,asdf,self_20260531_151909,clip_060,2,listen,,2.0961,1068278.0,raspberry_pi_seeed_gsr,"1068278,2.0961"
2026-05-31T15:23:14.838,asdf,self_20260531_151909,clip_060,2,listen,,2.0945,1068299.0,raspberry_pi_seeed_gsr,"1068299,2.0945"
2026-05-31T15:23:14.858,asdf,self_20260531_151909,clip_060,2,listen,,2.0993,1068320.0,raspberry_pi_seeed_gsr,"1068320,2.0993"
2026-05-31T15:23:14.879,asdf,self_20260531_151909,clip_060,2,listen,,2.0985,1068341.0,raspberry_pi_seeed_gsr,"1068341,2.0985"
2026-05-31T15:23:14.900,asdf,self_20260531_151909,clip_060,2,listen,,2.0985,1068362.0,raspberry_pi_seeed_gsr,"1068362,2.0985"
2026-05-31T15:23:14.921,asdf,self_20260531_151909,clip_060,2,listen,,2.1033,1068383.0,raspberry_pi_seeed_gsr,"1068383,2.1033"
2026-05-31T15:23:14.942,asdf,self_20260531_151909,clip_060,2,listen,,2.0993,1068404.0,raspberry_pi_seeed_gsr,"1068404,2.0993"
2026-05-31T15:23:14.963,asdf,self_20260531_151909,clip_060,2,listen,,2.1049,1068425.0,raspberry_pi_seeed_gsr,"1068425,2.1049"
2026-05-31T15:23:14.984,asdf,self_20260531_151909,clip_060,2,listen,,2.0977,1068446.0,raspberry_pi_seeed_gsr,"1068446,2.0977"
2026-05-31T15:23:15.005,asdf,self_20260531_151909,clip_060,2,listen,,2.0904,1068467.0,raspberry_pi_seeed_gsr,"1068467,2.0904"
2026-05-31T15:23:15.026,asdf,self_20260531_151909,clip_060,2,listen,,2.0985,1068488.0,raspberry_pi_seeed_gsr,"1068488,2.0985"
2026-05-31T15:23:15.047,asdf,self_20260531_151909,clip_060,2,listen,,2.1001,1068509.0,raspberry_pi_seeed_gsr,"1068509,2.1001"
2026-05-31T15:23:15.086,asdf,self_20260531_151909,clip_060,2,listen,,2.0985,1068530.0,raspberry_pi_seeed_gsr,"1068530,2.0985"
2026-05-31T15:23:15.089,asdf,self_20260531_151909,clip_060,2,listen,,2.1049,1068551.0,raspberry_pi_seeed_gsr,"1068551,2.1049"
2026-05-31T15:23:15.110,asdf,self_20260531_151909,clip_060,2,listen,,2.0977,1068572.0,raspberry_pi_seeed_gsr,"1068572,2.0977"
2026-05-31T15:23:15.131,asdf,self_20260531_151909,clip_060,2,listen,,2.0993,1068593.0,raspberry_pi_seeed_gsr,"1068593,2.0993"
2026-05-31T15:23:15.152,asdf,self_20260531_151909,clip_060,2,listen,,2.1001,1068614.0,raspberry_pi_seeed_gsr,"1068614,2.1001"
2026-05-31T15:23:15.173,asdf,self_20260531_151909,clip_060,2,listen,,2.0993,1068635.0,raspberry_pi_seeed_gsr,"1068635,2.0993"
2026-05-31T15:23:15.194,asdf,self_20260531_151909,clip_060,2,listen,,2.0977,1068656.0,raspberry_pi_seeed_gsr,"1068656,2.0977"
2026-05-31T15:23:15.215,asdf,self_20260531_151909,clip_060,2,listen,,2.1009,1068677.0,raspberry_pi_seeed_gsr,"1068677,2.1009"
2026-05-31T15:23:15.236,asdf,self_20260531_151909,clip_060,2,listen,,2.0985,1068698.0,raspberry_pi_seeed_gsr,"1068698,2.0985"
2026-05-31T15:23:15.257,asdf,self_20260531_151909,clip_060,2,listen,,2.0977,1068719.0,raspberry_pi_seeed_gsr,"1068719,2.0977"
2026-05-31T15:23:15.278,asdf,self_20260531_151909,clip_060,2,listen,,2.1001,1068740.0,raspberry_pi_seeed_gsr,"1068740,2.1001"
2026-05-31T15:23:15.299,asdf,self_20260531_151909,clip_060,2,listen,,2.0993,1068761.0,raspberry_pi_seeed_gsr,"1068761,2.0993"
2026-05-31T15:23:15.344,asdf,self_20260531_151909,clip_060,2,listen,,2.0622,1068782.0,raspberry_pi_seeed_gsr,"1068782,2.0622"
2026-05-31T15:23:15.345,asdf,self_20260531_151909,clip_060,2,listen,,2.1001,1068803.0,raspberry_pi_seeed_gsr,"1068803,2.1001"
2026-05-31T15:23:15.362,asdf,self_20260531_151909,clip_060,2,listen,,2.0985,1068824.0,raspberry_pi_seeed_gsr,"1068824,2.0985"
2026-05-31T15:23:15.383,asdf,self_20260531_151909,clip_060,2,listen,,2.0977,1068845.0,raspberry_pi_seeed_gsr,"1068845,2.0977"
2026-05-31T15:23:15.404,asdf,self_20260531_151909,clip_060,2,listen,,2.0977,1068866.0,raspberry_pi_seeed_gsr,"1068866,2.0977"
2026-05-31T15:23:15.425,asdf,self_20260531_151909,clip_060,2,listen,,2.1001,1068887.0,raspberry_pi_seeed_gsr,"1068887,2.1001"
2026-05-31T15:23:15.446,asdf,self_20260531_151909,clip_060,2,listen,,2.1009,1068908.0,raspberry_pi_seeed_gsr,"1068908,2.1009"
2026-05-31T15:23:15.467,asdf,self_20260531_151909,clip_060,2,listen,,2.1017,1068929.0,raspberry_pi_seeed_gsr,"1068929,2.1017"
2026-05-31T15:23:15.488,asdf,self_20260531_151909,clip_060,2,listen,,2.0961,1068950.0,raspberry_pi_seeed_gsr,"1068950,2.0961"
2026-05-31T15:23:15.509,asdf,self_20260531_151909,clip_060,2,listen,,2.0993,1068971.0,raspberry_pi_seeed_gsr,"1068971,2.0993"
2026-05-31T15:23:15.530,asdf,self_20260531_151909,clip_060,2,listen,,2.0985,1068992.0,raspberry_pi_seeed_gsr,"1068992,2.0985"
2026-05-31T15:23:15.551,asdf,self_20260531_151909,clip_060,2,listen,,2.0993,1069013.0,raspberry_pi_seeed_gsr,"1069013,2.0993"
2026-05-31T15:23:15.600,asdf,self_20260531_151909,clip_060,2,listen,,2.1025,1069034.0,raspberry_pi_seeed_gsr,"1069034,2.1025"
2026-05-31T15:23:15.600,asdf,self_20260531_151909,clip_060,2,listen,,2.1025,1069055.0,raspberry_pi_seeed_gsr,"1069055,2.1025"
2026-05-31T15:23:15.614,asdf,self_20260531_151909,clip_060,2,listen,,2.0993,1069076.0,raspberry_pi_seeed_gsr,"1069076,2.0993"
2026-05-31T15:23:15.635,asdf,self_20260531_151909,clip_060,2,listen,,2.0969,1069097.0,raspberry_pi_seeed_gsr,"1069097,2.0969"
2026-05-31T15:23:15.656,asdf,self_20260531_151909,clip_060,2,listen,,2.0985,1069118.0,raspberry_pi_seeed_gsr,"1069118,2.0985"
2026-05-31T15:23:15.677,asdf,self_20260531_151909,clip_060,2,listen,,2.0977,1069139.0,raspberry_pi_seeed_gsr,"1069139,2.0977"
2026-05-31T15:23:15.698,asdf,self_20260531_151909,clip_060,2,listen,,2.1017,1069160.0,raspberry_pi_seeed_gsr,"1069160,2.1017"
2026-05-31T15:23:15.719,asdf,self_20260531_151909,clip_060,2,listen,,2.0912,1069181.0,raspberry_pi_seeed_gsr,"1069181,2.0912"
2026-05-31T15:23:15.740,asdf,self_20260531_151909,clip_060,2,listen,,2.0993,1069202.0,raspberry_pi_seeed_gsr,"1069202,2.0993"
2026-05-31T15:23:15.761,asdf,self_20260531_151909,clip_060,2,listen,,2.092,1069223.0,raspberry_pi_seeed_gsr,"1069223,2.0920"
2026-05-31T15:23:15.782,asdf,self_20260531_151909,clip_060,2,listen,,2.0985,1069244.0,raspberry_pi_seeed_gsr,"1069244,2.0985"
2026-05-31T15:23:15.803,asdf,self_20260531_151909,clip_060,2,listen,,2.0993,1069265.0,raspberry_pi_seeed_gsr,"1069265,2.0993"
2026-05-31T15:23:15.845,asdf,self_20260531_151909,clip_060,2,listen,,2.0961,1069286.0,raspberry_pi_seeed_gsr,"1069286,2.0961"
2026-05-31T15:23:15.846,asdf,self_20260531_151909,clip_060,2,listen,,2.1001,1069307.0,raspberry_pi_seeed_gsr,"1069307,2.1001"
2026-05-31T15:23:15.866,asdf,self_20260531_151909,clip_060,2,listen,,2.0993,1069328.0,raspberry_pi_seeed_gsr,"1069328,2.0993"
2026-05-31T15:23:15.887,asdf,self_20260531_151909,clip_060,2,listen,,2.0985,1069349.0,raspberry_pi_seeed_gsr,"1069349,2.0985"
2026-05-31T15:23:15.908,asdf,self_20260531_151909,clip_060,2,listen,,2.0969,1069370.0,raspberry_pi_seeed_gsr,"1069370,2.0969"
2026-05-31T15:23:15.929,asdf,self_20260531_151909,clip_060,2,listen,,2.0928,1069391.0,raspberry_pi_seeed_gsr,"1069391,2.0928"
2026-05-31T15:23:15.950,asdf,self_20260531_151909,clip_060,2,listen,,2.1025,1069412.0,raspberry_pi_seeed_gsr,"1069412,2.1025"
2026-05-31T15:23:15.971,asdf,self_20260531_151909,clip_060,2,listen,,2.1057,1069433.0,raspberry_pi_seeed_gsr,"1069433,2.1057"
2026-05-31T15:23:15.993,asdf,self_20260531_151909,clip_060,2,listen,,2.0993,1069454.0,raspberry_pi_seeed_gsr,"1069454,2.0993"
2026-05-31T15:23:16.013,asdf,self_20260531_151909,clip_060,2,listen,,2.0985,1069475.0,raspberry_pi_seeed_gsr,"1069475,2.0985"
2026-05-31T15:23:16.035,asdf,self_20260531_151909,clip_060,2,listen,,2.092,1069496.0,raspberry_pi_seeed_gsr,"1069496,2.0920"
2026-05-31T15:23:16.055,asdf,self_20260531_151909,clip_060,2,listen,,2.1017,1069517.0,raspberry_pi_seeed_gsr,"1069517,2.1017"
2026-05-31T15:23:16.095,asdf,self_20260531_151909,clip_060,2,listen,,2.0993,1069538.0,raspberry_pi_seeed_gsr,"1069538,2.0993"
2026-05-31T15:23:16.097,asdf,self_20260531_151909,clip_060,2,listen,,2.1001,1069559.0,raspberry_pi_seeed_gsr,"1069559,2.1001"
2026-05-31T15:23:16.118,asdf,self_20260531_151909,clip_060,2,listen,,2.1057,1069580.0,raspberry_pi_seeed_gsr,"1069580,2.1057"
2026-05-31T15:23:16.139,asdf,self_20260531_151909,clip_060,2,listen,,2.1017,1069601.0,raspberry_pi_seeed_gsr,"1069601,2.1017"
2026-05-31T15:23:16.160,asdf,self_20260531_151909,clip_060,2,listen,,2.0977,1069622.0,raspberry_pi_seeed_gsr,"1069622,2.0977"
2026-05-31T15:23:16.181,asdf,self_20260531_151909,clip_060,2,listen,,2.0969,1069643.0,raspberry_pi_seeed_gsr,"1069643,2.0969"
2026-05-31T15:23:16.202,asdf,self_20260531_151909,clip_060,2,listen,,2.1009,1069664.0,raspberry_pi_seeed_gsr,"1069664,2.1009"
2026-05-31T15:23:16.223,asdf,self_20260531_151909,clip_060,2,listen,,2.1033,1069685.0,raspberry_pi_seeed_gsr,"1069685,2.1033"
2026-05-31T15:23:16.244,asdf,self_20260531_151909,clip_060,2,listen,,2.0985,1069706.0,raspberry_pi_seeed_gsr,"1069706,2.0985"
2026-05-31T15:23:16.265,asdf,self_20260531_151909,clip_060,2,listen,,2.0993,1069727.0,raspberry_pi_seeed_gsr,"1069727,2.0993"
2026-05-31T15:23:16.286,asdf,self_20260531_151909,clip_060,2,listen,,2.0993,1069748.0,raspberry_pi_seeed_gsr,"1069748,2.0993"
2026-05-31T15:23:16.308,asdf,self_20260531_151909,clip_060,2,listen,,2.0985,1069769.0,raspberry_pi_seeed_gsr,"1069769,2.0985"
2026-05-31T15:23:16.351,asdf,self_20260531_151909,clip_060,2,listen,,2.1098,1069790.0,raspberry_pi_seeed_gsr,"1069790,2.1098"
2026-05-31T15:23:16.352,asdf,self_20260531_151909,clip_060,2,listen,,2.1049,1069811.0,raspberry_pi_seeed_gsr,"1069811,2.1049"
2026-05-31T15:23:16.370,asdf,self_20260531_151909,clip_060,2,listen,,2.0993,1069832.0,raspberry_pi_seeed_gsr,"1069832,2.0993"
2026-05-31T15:23:16.391,asdf,self_20260531_151909,clip_060,2,listen,,2.0937,1069853.0,raspberry_pi_seeed_gsr,"1069853,2.0937"
2026-05-31T15:23:16.412,asdf,self_20260531_151909,clip_060,2,listen,,2.0961,1069874.0,raspberry_pi_seeed_gsr,"1069874,2.0961"
2026-05-31T15:23:16.433,asdf,self_20260531_151909,clip_060,2,listen,,2.0985,1069895.0,raspberry_pi_seeed_gsr,"1069895,2.0985"
2026-05-31T15:23:16.454,asdf,self_20260531_151909,clip_060,2,listen,,2.1033,1069916.0,raspberry_pi_seeed_gsr,"1069916,2.1033"
2026-05-31T15:23:16.475,asdf,self_20260531_151909,clip_060,2,listen,,2.1017,1069937.0,raspberry_pi_seeed_gsr,"1069937,2.1017"
2026-05-31T15:23:16.496,asdf,self_20260531_151909,clip_060,2,listen,,2.0953,1069958.0,raspberry_pi_seeed_gsr,"1069958,2.0953"
2026-05-31T15:23:16.518,asdf,self_20260531_151909,clip_060,2,listen,,2.0969,1069979.0,raspberry_pi_seeed_gsr,"1069979,2.0969"
2026-05-31T15:23:16.539,asdf,self_20260531_151909,clip_060,2,listen,,2.0985,1070000.0,raspberry_pi_seeed_gsr,"1070000,2.0985"
2026-05-31T15:23:16.559,asdf,self_20260531_151909,clip_060,2,listen,,2.0977,1070021.0,raspberry_pi_seeed_gsr,"1070021,2.0977"
2026-05-31T15:23:16.586,asdf,self_20260531_151909,clip_060,2,listen,,2.1001,1070042.0,raspberry_pi_seeed_gsr,"1070042,2.1001"
2026-05-31T15:23:16.601,asdf,self_20260531_151909,clip_060,2,listen,,2.1001,1070063.0,raspberry_pi_seeed_gsr,"1070063,2.1001"
2026-05-31T15:23:16.622,asdf,self_20260531_151909,clip_060,2,listen,,2.1001,1070084.0,raspberry_pi_seeed_gsr,"1070084,2.1001"
2026-05-31T15:23:16.643,asdf,self_20260531_151909,clip_060,2,listen,,2.0993,1070105.0,raspberry_pi_seeed_gsr,"1070105,2.0993"
2026-05-31T15:23:16.664,asdf,self_20260531_151909,clip_060,2,listen,,2.1001,1070126.0,raspberry_pi_seeed_gsr,"1070126,2.1001"
2026-05-31T15:23:16.685,asdf,self_20260531_151909,clip_060,2,listen,,2.1057,1070147.0,raspberry_pi_seeed_gsr,"1070147,2.1057"
2026-05-31T15:23:16.706,asdf,self_20260531_151909,clip_060,2,listen,,2.0993,1070168.0,raspberry_pi_seeed_gsr,"1070168,2.0993"
2026-05-31T15:23:16.727,asdf,self_20260531_151909,clip_060,2,listen,,2.1082,1070189.0,raspberry_pi_seeed_gsr,"1070189,2.1082"
2026-05-31T15:23:16.749,asdf,self_20260531_151909,clip_060,2,listen,,2.1001,1070210.0,raspberry_pi_seeed_gsr,"1070210,2.1001"
2026-05-31T15:23:16.769,asdf,self_20260531_151909,clip_060,2,listen,,2.1001,1070231.0,raspberry_pi_seeed_gsr,"1070231,2.1001"
2026-05-31T15:23:16.790,asdf,self_20260531_151909,clip_060,2,listen,,2.0985,1070252.0,raspberry_pi_seeed_gsr,"1070252,2.0985"
2026-05-31T15:23:16.811,asdf,self_20260531_151909,clip_060,2,listen,,2.0993,1070273.0,raspberry_pi_seeed_gsr,"1070273,2.0993"
2026-05-31T15:23:16.854,asdf,self_20260531_151909,clip_060,2,listen,,2.1009,1070294.0,raspberry_pi_seeed_gsr,"1070294,2.1009"
2026-05-31T15:23:16.855,asdf,self_20260531_151909,clip_060,2,listen,,2.0985,1070315.0,raspberry_pi_seeed_gsr,"1070315,2.0985"
2026-05-31T15:23:16.874,asdf,self_20260531_151909,clip_060,2,listen,,2.1009,1070336.0,raspberry_pi_seeed_gsr,"1070336,2.1009"
2026-05-31T15:23:16.895,asdf,self_20260531_151909,clip_060,2,listen,,2.0993,1070357.0,raspberry_pi_seeed_gsr,"1070357,2.0993"
2026-05-31T15:23:16.916,asdf,self_20260531_151909,clip_060,2,listen,,2.1009,1070378.0,raspberry_pi_seeed_gsr,"1070378,2.1009"
2026-05-31T15:23:16.937,asdf,self_20260531_151909,clip_060,2,listen,,2.0977,1070399.0,raspberry_pi_seeed_gsr,"1070399,2.0977"
2026-05-31T15:23:16.959,asdf,self_20260531_151909,clip_060,2,listen,,2.0977,1070420.0,raspberry_pi_seeed_gsr,"1070420,2.0977"
2026-05-31T15:23:16.979,asdf,self_20260531_151909,clip_060,2,listen,,2.1106,1070441.0,raspberry_pi_seeed_gsr,"1070441,2.1106"
2026-05-31T15:23:17.000,asdf,self_20260531_151909,clip_060,2,listen,,2.0864,1070462.0,raspberry_pi_seeed_gsr,"1070462,2.0864"
2026-05-31T15:23:17.022,asdf,self_20260531_151909,clip_060,2,listen,,2.0953,1070483.0,raspberry_pi_seeed_gsr,"1070483,2.0953"
2026-05-31T15:23:17.043,asdf,self_20260531_151909,clip_060,2,listen,,2.1009,1070504.0,raspberry_pi_seeed_gsr,"1070504,2.1009"
2026-05-31T15:23:17.063,asdf,self_20260531_151909,clip_060,2,listen,,2.1057,1070525.0,raspberry_pi_seeed_gsr,"1070525,2.1057"
2026-05-31T15:23:17.107,asdf,self_20260531_151909,clip_060,2,listen,,2.0993,1070546.0,raspberry_pi_seeed_gsr,"1070546,2.0993"
2026-05-31T15:23:17.108,asdf,self_20260531_151909,clip_060,2,listen,,2.1017,1070567.0,raspberry_pi_seeed_gsr,"1070567,2.1017"
2026-05-31T15:23:17.126,asdf,self_20260531_151909,clip_060,2,listen,,2.121,1070588.0,raspberry_pi_seeed_gsr,"1070588,2.1210"
2026-05-31T15:23:17.147,asdf,self_20260531_151909,clip_060,2,listen,,2.1001,1070609.0,raspberry_pi_seeed_gsr,"1070609,2.1001"
2026-05-31T15:23:17.168,asdf,self_20260531_151909,clip_060,2,listen,,2.0985,1070630.0,raspberry_pi_seeed_gsr,"1070630,2.0985"
2026-05-31T15:23:17.189,asdf,self_20260531_151909,clip_060,2,listen,,2.1001,1070651.0,raspberry_pi_seeed_gsr,"1070651,2.1001"
2026-05-31T15:23:17.210,asdf,self_20260531_151909,clip_060,2,listen,,2.0912,1070672.0,raspberry_pi_seeed_gsr,"1070672,2.0912"
2026-05-31T15:23:17.231,asdf,self_20260531_151909,clip_060,2,listen,,2.0993,1070693.0,raspberry_pi_seeed_gsr,"1070693,2.0993"
2026-05-31T15:23:17.252,asdf,self_20260531_151909,clip_060,2,listen,,2.0993,1070714.0,raspberry_pi_seeed_gsr,"1070714,2.0993"
2026-05-31T15:23:17.273,asdf,self_20260531_151909,clip_060,2,listen,,2.0977,1070735.0,raspberry_pi_seeed_gsr,"1070735,2.0977"
2026-05-31T15:23:17.294,asdf,self_20260531_151909,clip_060,2,listen,,2.1041,1070756.0,raspberry_pi_seeed_gsr,"1070756,2.1041"
2026-05-31T15:23:17.315,asdf,self_20260531_151909,clip_060,2,listen,,2.1049,1070777.0,raspberry_pi_seeed_gsr,"1070777,2.1049"
2026-05-31T15:23:17.359,asdf,self_20260531_151909,clip_060,2,listen,,2.0993,1070798.0,raspberry_pi_seeed_gsr,"1070798,2.0993"
2026-05-31T15:23:17.360,asdf,self_20260531_151909,clip_060,2,listen,,2.1009,1070819.0,raspberry_pi_seeed_gsr,"1070819,2.1009"
2026-05-31T15:23:17.378,asdf,self_20260531_151909,clip_060,2,listen,,2.1001,1070840.0,raspberry_pi_seeed_gsr,"1070840,2.1001"
2026-05-31T15:23:17.399,asdf,self_20260531_151909,clip_060,2,listen,,2.0977,1070861.0,raspberry_pi_seeed_gsr,"1070861,2.0977"
2026-05-31T15:23:17.420,asdf,self_20260531_151909,clip_060,2,listen,,2.0969,1070882.0,raspberry_pi_seeed_gsr,"1070882,2.0969"
2026-05-31T15:23:17.441,asdf,self_20260531_151909,clip_060,2,listen,,2.1001,1070903.0,raspberry_pi_seeed_gsr,"1070903,2.1001"
2026-05-31T15:23:17.462,asdf,self_20260531_151909,clip_060,2,listen,,2.1025,1070924.0,raspberry_pi_seeed_gsr,"1070924,2.1025"
2026-05-31T15:23:17.483,asdf,self_20260531_151909,clip_060,2,listen,,2.0928,1070945.0,raspberry_pi_seeed_gsr,"1070945,2.0928"
2026-05-31T15:23:17.505,asdf,self_20260531_151909,clip_060,2,listen,,2.1017,1070966.0,raspberry_pi_seeed_gsr,"1070966,2.1017"
2026-05-31T15:23:17.526,asdf,self_20260531_151909,clip_060,2,listen,,2.0985,1070987.0,raspberry_pi_seeed_gsr,"1070987,2.0985"
2026-05-31T15:23:17.546,asdf,self_20260531_151909,clip_060,2,listen,,2.1017,1071008.0,raspberry_pi_seeed_gsr,"1071008,2.1017"
2026-05-31T15:23:17.568,asdf,self_20260531_151909,clip_060,2,listen,,2.0977,1071029.0,raspberry_pi_seeed_gsr,"1071029,2.0977"
2026-05-31T15:23:17.609,asdf,self_20260531_151909,clip_060,2,listen,,2.0969,1071050.0,raspberry_pi_seeed_gsr,"1071050,2.0969"
2026-05-31T15:23:17.609,asdf,self_20260531_151909,clip_060,2,listen,,2.0985,1071071.0,raspberry_pi_seeed_gsr,"1071071,2.0985"
2026-05-31T15:23:17.630,asdf,self_20260531_151909,clip_060,2,listen,,2.1001,1071092.0,raspberry_pi_seeed_gsr,"1071092,2.1001"
2026-05-31T15:23:17.651,asdf,self_20260531_151909,clip_060,2,listen,,2.0977,1071113.0,raspberry_pi_seeed_gsr,"1071113,2.0977"
2026-05-31T15:23:17.672,asdf,self_20260531_151909,clip_060,2,listen,,2.092,1071134.0,raspberry_pi_seeed_gsr,"1071134,2.0920"
2026-05-31T15:23:17.693,asdf,self_20260531_151909,clip_060,2,listen,,2.0985,1071155.0,raspberry_pi_seeed_gsr,"1071155,2.0985"
2026-05-31T15:23:17.714,asdf,self_20260531_151909,clip_060,2,listen,,2.0961,1071176.0,raspberry_pi_seeed_gsr,"1071176,2.0961"
2026-05-31T15:23:17.735,asdf,self_20260531_151909,clip_060,2,listen,,2.0993,1071197.0,raspberry_pi_seeed_gsr,"1071197,2.0993"
2026-05-31T15:23:17.756,asdf,self_20260531_151909,clip_060,2,listen,,2.0961,1071218.0,raspberry_pi_seeed_gsr,"1071218,2.0961"
2026-05-31T15:23:17.777,asdf,self_20260531_151909,clip_060,2,listen,,2.0953,1071239.0,raspberry_pi_seeed_gsr,"1071239,2.0953"
2026-05-31T15:23:17.798,asdf,self_20260531_151909,clip_060,2,listen,,2.0993,1071260.0,raspberry_pi_seeed_gsr,"1071260,2.0993"
2026-05-31T15:23:17.820,asdf,self_20260531_151909,clip_060,2,listen,,2.0969,1071281.0,raspberry_pi_seeed_gsr,"1071281,2.0969"
2026-05-31T15:23:17.862,asdf,self_20260531_151909,clip_060,2,listen,,2.0985,1071302.0,raspberry_pi_seeed_gsr,"1071302,2.0985"
2026-05-31T15:23:17.863,asdf,self_20260531_151909,clip_060,2,listen,,2.0993,1071323.0,raspberry_pi_seeed_gsr,"1071323,2.0993"
2026-05-31T15:23:17.882,asdf,self_20260531_151909,clip_060,2,listen,,2.0985,1071344.0,raspberry_pi_seeed_gsr,"1071344,2.0985"
2026-05-31T15:23:17.903,asdf,self_20260531_151909,clip_060,2,listen,,2.0993,1071365.0,raspberry_pi_seeed_gsr,"1071365,2.0993"
2026-05-31T15:23:17.924,asdf,self_20260531_151909,clip_060,2,listen,,2.1009,1071386.0,raspberry_pi_seeed_gsr,"1071386,2.1009"
2026-05-31T15:23:17.945,asdf,self_20260531_151909,clip_060,2,listen,,2.0969,1071407.0,raspberry_pi_seeed_gsr,"1071407,2.0969"
2026-05-31T15:23:17.967,asdf,self_20260531_151909,clip_060,2,listen,,2.109,1071428.0,raspberry_pi_seeed_gsr,"1071428,2.1090"
2026-05-31T15:23:17.987,asdf,self_20260531_151909,clip_060,2,listen,,2.1009,1071449.0,raspberry_pi_seeed_gsr,"1071449,2.1009"
2026-05-31T15:23:18.008,asdf,self_20260531_151909,clip_060,2,listen,,2.1009,1071470.0,raspberry_pi_seeed_gsr,"1071470,2.1009"
2026-05-31T15:23:18.029,asdf,self_20260531_151909,clip_060,2,listen,,2.0993,1071491.0,raspberry_pi_seeed_gsr,"1071491,2.0993"
2026-05-31T15:23:18.050,asdf,self_20260531_151909,clip_060,2,listen,,2.0977,1071512.0,raspberry_pi_seeed_gsr,"1071512,2.0977"
2026-05-31T15:23:18.072,asdf,self_20260531_151909,clip_060,2,listen,,2.0937,1071533.0,raspberry_pi_seeed_gsr,"1071533,2.0937"
2026-05-31T15:23:18.108,asdf,self_20260531_151909,clip_060,2,listen,,2.0953,1071554.0,raspberry_pi_seeed_gsr,"1071554,2.0953"
2026-05-31T15:23:18.113,asdf,self_20260531_151909,clip_060,2,listen,,2.1082,1071575.0,raspberry_pi_seeed_gsr,"1071575,2.1082"
2026-05-31T15:23:18.134,asdf,self_20260531_151909,clip_060,2,listen,,2.0977,1071596.0,raspberry_pi_seeed_gsr,"1071596,2.0977"
2026-05-31T15:23:18.155,asdf,self_20260531_151909,clip_060,2,listen,,2.0953,1071617.0,raspberry_pi_seeed_gsr,"1071617,2.0953"
2026-05-31T15:23:18.176,asdf,self_20260531_151909,clip_060,2,listen,,2.0985,1071638.0,raspberry_pi_seeed_gsr,"1071638,2.0985"
2026-05-31T15:23:18.197,asdf,self_20260531_151909,clip_060,2,listen,,2.0993,1071659.0,raspberry_pi_seeed_gsr,"1071659,2.0993"
2026-05-31T15:23:18.218,asdf,self_20260531_151909,clip_060,2,listen,,2.0993,1071680.0,raspberry_pi_seeed_gsr,"1071680,2.0993"
2026-05-31T15:23:18.239,asdf,self_20260531_151909,clip_060,2,listen,,2.092,1071701.0,raspberry_pi_seeed_gsr,"1071701,2.0920"
2026-05-31T15:23:18.260,asdf,self_20260531_151909,clip_060,2,listen,,2.0993,1071722.0,raspberry_pi_seeed_gsr,"1071722,2.0993"
2026-05-31T15:23:18.282,asdf,self_20260531_151909,clip_060,2,listen,,2.0977,1071743.0,raspberry_pi_seeed_gsr,"1071743,2.0977"
2026-05-31T15:23:18.303,asdf,self_20260531_151909,clip_060,2,listen,,2.0985,1071764.0,raspberry_pi_seeed_gsr,"1071764,2.0985"
2026-05-31T15:23:18.323,asdf,self_20260531_151909,clip_060,2,listen,,2.1017,1071785.0,raspberry_pi_seeed_gsr,"1071785,2.1017"
2026-05-31T15:23:18.354,asdf,self_20260531_151909,clip_060,2,listen,,2.0969,1071806.0,raspberry_pi_seeed_gsr,"1071806,2.0969"
2026-05-31T15:23:18.365,asdf,self_20260531_151909,clip_060,2,listen,,2.1009,1071827.0,raspberry_pi_seeed_gsr,"1071827,2.1009"
2026-05-31T15:23:18.386,asdf,self_20260531_151909,clip_060,2,listen,,2.0993,1071848.0,raspberry_pi_seeed_gsr,"1071848,2.0993"
2026-05-31T15:23:18.408,asdf,self_20260531_151909,clip_060,2,listen,,2.0993,1071869.0,raspberry_pi_seeed_gsr,"1071869,2.0993"
2026-05-31T15:23:18.428,asdf,self_20260531_151909,clip_060,2,listen,,2.1017,1071890.0,raspberry_pi_seeed_gsr,"1071890,2.1017"
2026-05-31T15:23:18.449,asdf,self_20260531_151909,clip_060,2,listen,,2.1025,1071911.0,raspberry_pi_seeed_gsr,"1071911,2.1025"
2026-05-31T15:23:18.471,asdf,self_20260531_151909,clip_060,2,listen,,2.1017,1071932.0,raspberry_pi_seeed_gsr,"1071932,2.1017"
2026-05-31T15:23:18.491,asdf,self_20260531_151909,clip_060,2,listen,,2.0896,1071953.0,raspberry_pi_seeed_gsr,"1071953,2.0896"
2026-05-31T15:23:18.512,asdf,self_20260531_151909,clip_060,2,listen,,2.1009,1071974.0,raspberry_pi_seeed_gsr,"1071974,2.1009"
2026-05-31T15:23:18.533,asdf,self_20260531_151909,clip_060,2,listen,,2.0993,1071995.0,raspberry_pi_seeed_gsr,"1071995,2.0993"
2026-05-31T15:23:18.555,asdf,self_20260531_151909,clip_060,2,listen,,2.0953,1072016.0,raspberry_pi_seeed_gsr,"1072016,2.0953"
2026-05-31T15:23:18.575,asdf,self_20260531_151909,clip_060,2,listen,,2.0969,1072037.0,raspberry_pi_seeed_gsr,"1072037,2.0969"
2026-05-31T15:23:18.618,asdf,self_20260531_151909,clip_060,2,listen,,2.0961,1072058.0,raspberry_pi_seeed_gsr,"1072058,2.0961"
2026-05-31T15:23:18.620,asdf,self_20260531_151909,clip_060,2,listen,,2.0993,1072079.0,raspberry_pi_seeed_gsr,"1072079,2.0993"
2026-05-31T15:23:18.638,asdf,self_20260531_151909,clip_060,2,listen,,2.0977,1072100.0,raspberry_pi_seeed_gsr,"1072100,2.0977"
2026-05-31T15:23:18.659,asdf,self_20260531_151909,clip_060,2,listen,,2.1001,1072121.0,raspberry_pi_seeed_gsr,"1072121,2.1001"
2026-05-31T15:23:18.680,asdf,self_20260531_151909,clip_060,2,listen,,2.0993,1072142.0,raspberry_pi_seeed_gsr,"1072142,2.0993"
2026-05-31T15:23:18.701,asdf,self_20260531_151909,clip_060,2,listen,,2.1049,1072163.0,raspberry_pi_seeed_gsr,"1072163,2.1049"
2026-05-31T15:23:18.722,asdf,self_20260531_151909,clip_060,2,listen,,2.0937,1072184.0,raspberry_pi_seeed_gsr,"1072184,2.0937"
2026-05-31T15:23:18.743,asdf,self_20260531_151909,clip_060,2,listen,,2.0953,1072205.0,raspberry_pi_seeed_gsr,"1072205,2.0953"
2026-05-31T15:23:18.764,asdf,self_20260531_151909,clip_060,2,listen,,2.1017,1072226.0,raspberry_pi_seeed_gsr,"1072226,2.1017"
2026-05-31T15:23:18.785,asdf,self_20260531_151909,clip_060,2,listen,,2.1017,1072247.0,raspberry_pi_seeed_gsr,"1072247,2.1017"
2026-05-31T15:23:18.806,asdf,self_20260531_151909,clip_060,2,listen,,2.0937,1072268.0,raspberry_pi_seeed_gsr,"1072268,2.0937"
2026-05-31T15:23:18.828,asdf,self_20260531_151909,clip_060,2,listen,,2.1017,1072289.0,raspberry_pi_seeed_gsr,"1072289,2.1017"
2026-05-31T15:23:18.869,asdf,self_20260531_151909,clip_060,2,listen,,2.1033,1072310.0,raspberry_pi_seeed_gsr,"1072310,2.1033"
2026-05-31T15:23:18.870,asdf,self_20260531_151909,clip_060,2,listen,,2.0993,1072331.0,raspberry_pi_seeed_gsr,"1072331,2.0993"
2026-05-31T15:23:18.890,asdf,self_20260531_151909,clip_060,2,listen,,2.0985,1072352.0,raspberry_pi_seeed_gsr,"1072352,2.0985"
2026-05-31T15:23:18.911,asdf,self_20260531_151909,clip_060,2,listen,,2.0945,1072373.0,raspberry_pi_seeed_gsr,"1072373,2.0945"
2026-05-31T15:23:18.932,asdf,self_20260531_151909,clip_060,2,listen,,2.0977,1072394.0,raspberry_pi_seeed_gsr,"1072394,2.0977"
2026-05-31T15:23:18.953,asdf,self_20260531_151909,clip_060,2,listen,,2.0993,1072415.0,raspberry_pi_seeed_gsr,"1072415,2.0993"
2026-05-31T15:23:18.974,asdf,self_20260531_151909,clip_060,2,listen,,2.1001,1072436.0,raspberry_pi_seeed_gsr,"1072436,2.1001"
2026-05-31T15:23:18.995,asdf,self_20260531_151909,clip_060,2,listen,,2.0993,1072457.0,raspberry_pi_seeed_gsr,"1072457,2.0993"
2026-05-31T15:23:19.016,asdf,self_20260531_151909,clip_060,2,listen,,2.0985,1072478.0,raspberry_pi_seeed_gsr,"1072478,2.0985"
2026-05-31T15:23:19.037,asdf,self_20260531_151909,clip_060,2,listen,,2.0977,1072499.0,raspberry_pi_seeed_gsr,"1072499,2.0977"
2026-05-31T15:23:19.058,asdf,self_20260531_151909,clip_060,2,listen,,2.1001,1072520.0,raspberry_pi_seeed_gsr,"1072520,2.1001"
2026-05-31T15:23:19.079,asdf,self_20260531_151909,clip_060,2,listen,,2.0953,1072541.0,raspberry_pi_seeed_gsr,"1072541,2.0953"
2026-05-31T15:23:19.118,asdf,self_20260531_151909,clip_060,2,listen,,2.0872,1072562.0,raspberry_pi_seeed_gsr,"1072562,2.0872"
2026-05-31T15:23:19.121,asdf,self_20260531_151909,clip_060,2,listen,,2.1082,1072583.0,raspberry_pi_seeed_gsr,"1072583,2.1082"
2026-05-31T15:23:19.142,asdf,self_20260531_151909,clip_060,2,listen,,2.1001,1072604.0,raspberry_pi_seeed_gsr,"1072604,2.1001"
2026-05-31T15:23:19.163,asdf,self_20260531_151909,clip_060,2,listen,,2.0993,1072625.0,raspberry_pi_seeed_gsr,"1072625,2.0993"
2026-05-31T15:23:19.184,asdf,self_20260531_151909,clip_060,2,listen,,2.0969,1072646.0,raspberry_pi_seeed_gsr,"1072646,2.0969"
2026-05-31T15:23:19.205,asdf,self_20260531_151909,clip_060,2,listen,,2.0993,1072667.0,raspberry_pi_seeed_gsr,"1072667,2.0993"
2026-05-31T15:23:19.226,asdf,self_20260531_151909,clip_060,2,listen,,2.1009,1072688.0,raspberry_pi_seeed_gsr,"1072688,2.1009"
2026-05-31T15:23:19.247,asdf,self_20260531_151909,clip_060,2,listen,,2.0977,1072709.0,raspberry_pi_seeed_gsr,"1072709,2.0977"
2026-05-31T15:23:19.268,asdf,self_20260531_151909,clip_060,2,listen,,2.0888,1072730.0,raspberry_pi_seeed_gsr,"1072730,2.0888"
2026-05-31T15:23:19.289,asdf,self_20260531_151909,clip_060,2,listen,,2.0993,1072751.0,raspberry_pi_seeed_gsr,"1072751,2.0993"
2026-05-31T15:23:19.310,asdf,self_20260531_151909,clip_060,2,listen,,2.0928,1072772.0,raspberry_pi_seeed_gsr,"1072772,2.0928"
2026-05-31T15:23:19.331,asdf,self_20260531_151909,clip_060,2,listen,,2.1017,1072793.0,raspberry_pi_seeed_gsr,"1072793,2.1017"
2026-05-31T15:23:19.378,asdf,self_20260531_151909,clip_060,2,listen,,2.0985,1072814.0,raspberry_pi_seeed_gsr,"1072814,2.0985"
2026-05-31T15:23:19.378,asdf,self_20260531_151909,clip_060,2,listen,,2.0969,1072835.0,raspberry_pi_seeed_gsr,"1072835,2.0969"
2026-05-31T15:23:19.394,asdf,self_20260531_151909,clip_060,2,listen,,2.0961,1072856.0,raspberry_pi_seeed_gsr,"1072856,2.0961"
2026-05-31T15:23:19.415,asdf,self_20260531_151909,clip_060,2,listen,,2.0912,1072877.0,raspberry_pi_seeed_gsr,"1072877,2.0912"
2026-05-31T15:23:19.436,asdf,self_20260531_151909,clip_060,2,listen,,2.0993,1072898.0,raspberry_pi_seeed_gsr,"1072898,2.0993"
2026-05-31T15:23:19.457,asdf,self_20260531_151909,clip_060,2,listen,,2.1017,1072919.0,raspberry_pi_seeed_gsr,"1072919,2.1017"
2026-05-31T15:23:19.478,asdf,self_20260531_151909,clip_060,2,listen,,2.0912,1072940.0,raspberry_pi_seeed_gsr,"1072940,2.0912"
2026-05-31T15:23:19.499,asdf,self_20260531_151909,clip_060,2,listen,,2.0912,1072961.0,raspberry_pi_seeed_gsr,"1072961,2.0912"
2026-05-31T15:23:19.520,asdf,self_20260531_151909,clip_060,2,listen,,2.0985,1072982.0,raspberry_pi_seeed_gsr,"1072982,2.0985"
2026-05-31T15:23:19.541,asdf,self_20260531_151909,clip_060,2,listen,,2.1033,1073003.0,raspberry_pi_seeed_gsr,"1073003,2.1033"
2026-05-31T15:23:19.563,asdf,self_20260531_151909,clip_060,2,listen,,2.1033,1073024.0,raspberry_pi_seeed_gsr,"1073024,2.1033"
2026-05-31T15:23:19.583,asdf,self_20260531_151909,clip_060,2,listen,,2.1041,1073045.0,raspberry_pi_seeed_gsr,"1073045,2.1041"
2026-05-31T15:23:19.626,asdf,self_20260531_151909,clip_060,2,listen,,2.0985,1073066.0,raspberry_pi_seeed_gsr,"1073066,2.0985"
2026-05-31T15:23:19.627,asdf,self_20260531_151909,clip_060,2,listen,,2.0977,1073087.0,raspberry_pi_seeed_gsr,"1073087,2.0977"
2026-05-31T15:23:19.646,asdf,self_20260531_151909,clip_060,2,listen,,2.0961,1073108.0,raspberry_pi_seeed_gsr,"1073108,2.0961"
2026-05-31T15:23:19.667,asdf,self_20260531_151909,clip_060,2,listen,,2.0993,1073129.0,raspberry_pi_seeed_gsr,"1073129,2.0993"
2026-05-31T15:23:19.688,asdf,self_20260531_151909,clip_060,2,listen,,2.0977,1073150.0,raspberry_pi_seeed_gsr,"1073150,2.0977"
2026-05-31T15:23:19.709,asdf,self_20260531_151909,clip_060,2,listen,,2.0969,1073171.0,raspberry_pi_seeed_gsr,"1073171,2.0969"
2026-05-31T15:23:19.730,asdf,self_20260531_151909,clip_060,2,listen,,2.0977,1073192.0,raspberry_pi_seeed_gsr,"1073192,2.0977"
2026-05-31T15:23:19.753,asdf,self_20260531_151909,clip_060,2,listen,,2.0985,1073213.0,raspberry_pi_seeed_gsr,"1073213,2.0985"
2026-05-31T15:23:19.772,asdf,self_20260531_151909,clip_060,2,listen,,2.1001,1073234.0,raspberry_pi_seeed_gsr,"1073234,2.1001"
2026-05-31T15:23:19.794,asdf,self_20260531_151909,clip_060,2,listen,,2.0977,1073255.0,raspberry_pi_seeed_gsr,"1073255,2.0977"
2026-05-31T15:23:19.815,asdf,self_20260531_151909,clip_060,2,listen,,2.0961,1073276.0,raspberry_pi_seeed_gsr,"1073276,2.0961"
2026-05-31T15:23:19.835,asdf,self_20260531_151909,clip_060,2,listen,,2.1017,1073297.0,raspberry_pi_seeed_gsr,"1073297,2.1017"
2026-05-31T15:23:19.875,asdf,self_20260531_151909,clip_060,2,listen,,2.0993,1073318.0,raspberry_pi_seeed_gsr,"1073318,2.0993"
2026-05-31T15:23:19.877,asdf,self_20260531_151909,clip_060,2,listen,,2.0928,1073339.0,raspberry_pi_seeed_gsr,"1073339,2.0928"
2026-05-31T15:23:19.898,asdf,self_20260531_151909,clip_060,2,listen,,2.1001,1073360.0,raspberry_pi_seeed_gsr,"1073360,2.1001"
2026-05-31T15:23:19.919,asdf,self_20260531_151909,clip_060,2,listen,,2.1025,1073381.0,raspberry_pi_seeed_gsr,"1073381,2.1025"
2026-05-31T15:23:19.940,asdf,self_20260531_151909,clip_060,2,listen,,2.1033,1073402.0,raspberry_pi_seeed_gsr,"1073402,2.1033"
2026-05-31T15:23:19.961,asdf,self_20260531_151909,clip_060,2,listen,,2.1025,1073423.0,raspberry_pi_seeed_gsr,"1073423,2.1025"
2026-05-31T15:23:19.985,asdf,self_20260531_151909,clip_060,2,listen,,2.0961,1073444.0,raspberry_pi_seeed_gsr,"1073444,2.0961"
2026-05-31T15:23:20.003,asdf,self_20260531_151909,clip_060,2,listen,,2.1033,1073465.0,raspberry_pi_seeed_gsr,"1073465,2.1033"
2026-05-31T15:23:20.024,asdf,self_20260531_151909,clip_060,2,listen,,2.0985,1073486.0,raspberry_pi_seeed_gsr,"1073486,2.0985"
2026-05-31T15:23:20.045,asdf,self_20260531_151909,clip_060,2,listen,,2.0945,1073507.0,raspberry_pi_seeed_gsr,"1073507,2.0945"
2026-05-31T15:23:20.067,asdf,self_20260531_151909,clip_060,2,listen,,2.1017,1073528.0,raspberry_pi_seeed_gsr,"1073528,2.1017"
2026-05-31T15:23:20.087,asdf,self_20260531_151909,clip_060,2,listen,,2.1025,1073549.0,raspberry_pi_seeed_gsr,"1073549,2.1025"
2026-05-31T15:23:20.128,asdf,self_20260531_151909,clip_060,2,listen,,2.1065,1073570.0,raspberry_pi_seeed_gsr,"1073570,2.1065"
2026-05-31T15:23:20.129,asdf,self_20260531_151909,clip_060,2,listen,,2.1065,1073591.0,raspberry_pi_seeed_gsr,"1073591,2.1065"
2026-05-31T15:23:20.150,asdf,self_20260531_151909,clip_060,2,listen,,2.0977,1073612.0,raspberry_pi_seeed_gsr,"1073612,2.0977"
2026-05-31T15:23:20.171,asdf,self_20260531_151909,clip_060,2,listen,,2.1001,1073633.0,raspberry_pi_seeed_gsr,"1073633,2.1001"
2026-05-31T15:23:20.192,asdf,self_20260531_151909,clip_060,2,listen,,2.1017,1073654.0,raspberry_pi_seeed_gsr,"1073654,2.1017"
2026-05-31T15:23:20.213,asdf,self_20260531_151909,clip_060,2,listen,,2.0985,1073675.0,raspberry_pi_seeed_gsr,"1073675,2.0985"
2026-05-31T15:23:20.234,asdf,self_20260531_151909,clip_060,2,listen,,2.0961,1073696.0,raspberry_pi_seeed_gsr,"1073696,2.0961"
2026-05-31T15:23:20.255,asdf,self_20260531_151909,clip_060,2,listen,,2.0993,1073717.0,raspberry_pi_seeed_gsr,"1073717,2.0993"
2026-05-31T15:23:20.276,asdf,self_20260531_151909,clip_060,2,listen,,2.0985,1073738.0,raspberry_pi_seeed_gsr,"1073738,2.0985"
2026-05-31T15:23:20.297,asdf,self_20260531_151909,clip_060,2,listen,,2.0928,1073759.0,raspberry_pi_seeed_gsr,"1073759,2.0928"
2026-05-31T15:23:20.318,asdf,self_20260531_151909,clip_060,2,listen,,2.0945,1073780.0,raspberry_pi_seeed_gsr,"1073780,2.0945"
2026-05-31T15:23:20.339,asdf,self_20260531_151909,clip_060,2,listen,,2.0985,1073801.0,raspberry_pi_seeed_gsr,"1073801,2.0985"
2026-05-31T15:23:20.379,asdf,self_20260531_151909,clip_060,2,listen,,2.1001,1073822.0,raspberry_pi_seeed_gsr,"1073822,2.1001"
2026-05-31T15:23:20.381,asdf,self_20260531_151909,clip_060,2,listen,,2.1001,1073843.0,raspberry_pi_seeed_gsr,"1073843,2.1001"
2026-05-31T15:23:20.402,asdf,self_20260531_151909,clip_060,2,listen,,2.0985,1073864.0,raspberry_pi_seeed_gsr,"1073864,2.0985"
2026-05-31T15:23:20.423,asdf,self_20260531_151909,clip_060,2,listen,,2.0993,1073885.0,raspberry_pi_seeed_gsr,"1073885,2.0993"
2026-05-31T15:23:20.444,asdf,self_20260531_151909,clip_060,2,listen,,2.0977,1073906.0,raspberry_pi_seeed_gsr,"1073906,2.0977"
2026-05-31T15:23:20.465,asdf,self_20260531_151909,clip_060,2,listen,,2.1017,1073927.0,raspberry_pi_seeed_gsr,"1073927,2.1017"
2026-05-31T15:23:20.486,asdf,self_20260531_151909,clip_060,2,listen,,2.0993,1073948.0,raspberry_pi_seeed_gsr,"1073948,2.0993"
2026-05-31T15:23:20.507,asdf,self_20260531_151909,clip_060,2,listen,,2.1323,1073969.0,raspberry_pi_seeed_gsr,"1073969,2.1323"
2026-05-31T15:23:20.528,asdf,self_20260531_151909,clip_060,2,listen,,2.0872,1073990.0,raspberry_pi_seeed_gsr,"1073990,2.0872"
2026-05-31T15:23:20.550,asdf,self_20260531_151909,clip_060,2,listen,,2.0993,1074011.0,raspberry_pi_seeed_gsr,"1074011,2.0993"
2026-05-31T15:23:20.570,asdf,self_20260531_151909,clip_060,2,listen,,2.0977,1074032.0,raspberry_pi_seeed_gsr,"1074032,2.0977"
2026-05-31T15:23:20.591,asdf,self_20260531_151909,clip_060,2,listen,,2.1017,1074053.0,raspberry_pi_seeed_gsr,"1074053,2.1017"
2026-05-31T15:23:20.622,asdf,self_20260531_151909,clip_060,2,listen,,2.1009,1074074.0,raspberry_pi_seeed_gsr,"1074074,2.1009"
2026-05-31T15:23:20.633,asdf,self_20260531_151909,clip_060,2,listen,,2.0977,1074095.0,raspberry_pi_seeed_gsr,"1074095,2.0977"
2026-05-31T15:23:20.654,asdf,self_20260531_151909,clip_060,2,listen,,2.1033,1074116.0,raspberry_pi_seeed_gsr,"1074116,2.1033"
2026-05-31T15:23:20.675,asdf,self_20260531_151909,clip_060,2,listen,,2.0985,1074137.0,raspberry_pi_seeed_gsr,"1074137,2.0985"
2026-05-31T15:23:20.696,asdf,self_20260531_151909,clip_060,2,listen,,2.0888,1074158.0,raspberry_pi_seeed_gsr,"1074158,2.0888"
2026-05-31T15:23:20.717,asdf,self_20260531_151909,clip_060,2,listen,,2.0969,1074179.0,raspberry_pi_seeed_gsr,"1074179,2.0969"
2026-05-31T15:23:20.738,asdf,self_20260531_151909,clip_060,2,listen,,2.1049,1074200.0,raspberry_pi_seeed_gsr,"1074200,2.1049"
2026-05-31T15:23:20.759,asdf,self_20260531_151909,clip_060,2,listen,,2.1001,1074221.0,raspberry_pi_seeed_gsr,"1074221,2.1001"
2026-05-31T15:23:20.781,asdf,self_20260531_151909,clip_060,2,listen,,2.1082,1074242.0,raspberry_pi_seeed_gsr,"1074242,2.1082"
2026-05-31T15:23:20.802,asdf,self_20260531_151909,clip_060,2,listen,,2.1057,1074263.0,raspberry_pi_seeed_gsr,"1074263,2.1057"
2026-05-31T15:23:20.823,asdf,self_20260531_151909,clip_060,2,listen,,2.0961,1074284.0,raspberry_pi_seeed_gsr,"1074284,2.0961"
2026-05-31T15:23:20.844,asdf,self_20260531_151909,clip_060,2,listen,,2.0977,1074305.0,raspberry_pi_seeed_gsr,"1074305,2.0977"
2026-05-31T15:23:20.889,asdf,self_20260531_151909,clip_060,2,listen,,2.0985,1074326.0,raspberry_pi_seeed_gsr,"1074326,2.0985"
2026-05-31T15:23:20.889,asdf,self_20260531_151909,clip_060,2,listen,,2.0993,1074347.0,raspberry_pi_seeed_gsr,"1074347,2.0993"
2026-05-31T15:23:20.906,asdf,self_20260531_151909,clip_060,2,listen,,2.1082,1074368.0,raspberry_pi_seeed_gsr,"1074368,2.1082"
2026-05-31T15:23:20.927,asdf,self_20260531_151909,clip_060,2,listen,,2.0977,1074389.0,raspberry_pi_seeed_gsr,"1074389,2.0977"
2026-05-31T15:23:20.948,asdf,self_20260531_151909,clip_060,2,listen,,2.1001,1074410.0,raspberry_pi_seeed_gsr,"1074410,2.1001"
2026-05-31T15:23:20.969,asdf,self_20260531_151909,clip_060,2,listen,,2.0993,1074431.0,raspberry_pi_seeed_gsr,"1074431,2.0993"
2026-05-31T15:23:20.990,asdf,self_20260531_151909,clip_060,2,listen,,2.0985,1074452.0,raspberry_pi_seeed_gsr,"1074452,2.0985"
2026-05-31T15:23:21.011,asdf,self_20260531_151909,clip_060,2,listen,,2.1243,1074473.0,raspberry_pi_seeed_gsr,"1074473,2.1243"
2026-05-31T15:23:21.032,asdf,self_20260531_151909,clip_060,2,listen,,2.1001,1074494.0,raspberry_pi_seeed_gsr,"1074494,2.1001"
2026-05-31T15:23:21.054,asdf,self_20260531_151909,clip_060,2,listen,,2.1017,1074515.0,raspberry_pi_seeed_gsr,"1074515,2.1017"
2026-05-31T15:23:21.074,asdf,self_20260531_151909,clip_060,2,listen,,2.1001,1074536.0,raspberry_pi_seeed_gsr,"1074536,2.1001"
2026-05-31T15:23:21.095,asdf,self_20260531_151909,clip_060,2,listen,,2.1001,1074557.0,raspberry_pi_seeed_gsr,"1074557,2.1001"
2026-05-31T15:23:21.132,asdf,self_20260531_151909,clip_060,2,listen,,2.0928,1074578.0,raspberry_pi_seeed_gsr,"1074578,2.0928"
2026-05-31T15:23:21.137,asdf,self_20260531_151909,clip_060,2,listen,,2.1001,1074599.0,raspberry_pi_seeed_gsr,"1074599,2.1001"
2026-05-31T15:23:21.158,asdf,self_20260531_151909,clip_060,2,listen,,2.0888,1074620.0,raspberry_pi_seeed_gsr,"1074620,2.0888"
2026-05-31T15:23:21.179,asdf,self_20260531_151909,clip_060,2,listen,,2.1001,1074641.0,raspberry_pi_seeed_gsr,"1074641,2.1001"
2026-05-31T15:23:21.200,asdf,self_20260531_151909,clip_060,2,listen,,2.0953,1074662.0,raspberry_pi_seeed_gsr,"1074662,2.0953"
2026-05-31T15:23:21.221,asdf,self_20260531_151909,clip_060,2,listen,,2.0985,1074683.0,raspberry_pi_seeed_gsr,"1074683,2.0985"
2026-05-31T15:23:21.242,asdf,self_20260531_151909,clip_060,2,listen,,2.0993,1074704.0,raspberry_pi_seeed_gsr,"1074704,2.0993"
2026-05-31T15:23:21.263,asdf,self_20260531_151909,clip_060,2,listen,,2.0993,1074725.0,raspberry_pi_seeed_gsr,"1074725,2.0993"
2026-05-31T15:23:21.284,asdf,self_20260531_151909,clip_060,2,listen,,2.0985,1074746.0,raspberry_pi_seeed_gsr,"1074746,2.0985"
2026-05-31T15:23:21.305,asdf,self_20260531_151909,clip_060,2,listen,,2.1049,1074767.0,raspberry_pi_seeed_gsr,"1074767,2.1049"
2026-05-31T15:23:21.326,asdf,self_20260531_151909,clip_060,2,listen,,2.0937,1074788.0,raspberry_pi_seeed_gsr,"1074788,2.0937"
2026-05-31T15:23:21.348,asdf,self_20260531_151909,clip_060,2,listen,,2.0977,1074809.0,raspberry_pi_seeed_gsr,"1074809,2.0977"
2026-05-31T15:23:21.391,asdf,self_20260531_151909,clip_060,2,listen,,2.0993,1074830.0,raspberry_pi_seeed_gsr,"1074830,2.0993"
2026-05-31T15:23:21.392,asdf,self_20260531_151909,clip_060,2,listen,,2.0977,1074851.0,raspberry_pi_seeed_gsr,"1074851,2.0977"
2026-05-31T15:23:21.410,asdf,self_20260531_151909,clip_060,2,listen,,2.0993,1074872.0,raspberry_pi_seeed_gsr,"1074872,2.0993"
2026-05-31T15:23:21.431,asdf,self_20260531_151909,clip_060,2,listen,,2.0985,1074893.0,raspberry_pi_seeed_gsr,"1074893,2.0985"
2026-05-31T15:23:21.452,asdf,self_20260531_151909,clip_060,2,listen,,2.0993,1074914.0,raspberry_pi_seeed_gsr,"1074914,2.0993"
2026-05-31T15:23:21.473,asdf,self_20260531_151909,clip_060,2,listen,,2.1001,1074935.0,raspberry_pi_seeed_gsr,"1074935,2.1001"
2026-05-31T15:23:21.494,asdf,self_20260531_151909,clip_060,2,listen,,2.0993,1074956.0,raspberry_pi_seeed_gsr,"1074956,2.0993"
2026-05-31T15:23:21.515,asdf,self_20260531_151909,clip_060,2,listen,,2.1049,1074977.0,raspberry_pi_seeed_gsr,"1074977,2.1049"
2026-05-31T15:23:21.536,asdf,self_20260531_151909,clip_060,2,listen,,2.1017,1074998.0,raspberry_pi_seeed_gsr,"1074998,2.1017"
2026-05-31T15:23:21.558,asdf,self_20260531_151909,clip_060,2,listen,,2.1033,1075019.0,raspberry_pi_seeed_gsr,"1075019,2.1033"
2026-05-31T15:23:21.579,asdf,self_20260531_151909,clip_060,2,listen,,2.0977,1075040.0,raspberry_pi_seeed_gsr,"1075040,2.0977"
2026-05-31T15:23:21.600,asdf,self_20260531_151909,clip_060,2,listen,,2.1073,1075061.0,raspberry_pi_seeed_gsr,"1075061,2.1073"
2026-05-31T15:23:21.637,asdf,self_20260531_151909,clip_060,2,listen,,2.0993,1075082.0,raspberry_pi_seeed_gsr,"1075082,2.0993"
2026-05-31T15:23:21.641,asdf,self_20260531_151909,clip_060,2,listen,,2.1001,1075103.0,raspberry_pi_seeed_gsr,"1075103,2.1001"
2026-05-31T15:23:21.662,asdf,self_20260531_151909,clip_060,2,listen,,2.0985,1075124.0,raspberry_pi_seeed_gsr,"1075124,2.0985"
2026-05-31T15:23:21.683,asdf,self_20260531_151909,clip_060,2,listen,,2.0993,1075145.0,raspberry_pi_seeed_gsr,"1075145,2.0993"
2026-05-31T15:23:21.704,asdf,self_20260531_151909,clip_060,2,listen,,2.0953,1075166.0,raspberry_pi_seeed_gsr,"1075166,2.0953"
2026-05-31T15:23:21.725,asdf,self_20260531_151909,clip_060,2,listen,,2.0985,1075187.0,raspberry_pi_seeed_gsr,"1075187,2.0985"
2026-05-31T15:23:21.746,asdf,self_20260531_151909,clip_060,2,listen,,2.0937,1075208.0,raspberry_pi_seeed_gsr,"1075208,2.0937"
2026-05-31T15:23:21.767,asdf,self_20260531_151909,clip_060,2,listen,,2.0928,1075229.0,raspberry_pi_seeed_gsr,"1075229,2.0928"
2026-05-31T15:23:21.788,asdf,self_20260531_151909,clip_060,2,listen,,2.0985,1075250.0,raspberry_pi_seeed_gsr,"1075250,2.0985"
2026-05-31T15:23:21.810,asdf,self_20260531_151909,clip_060,2,listen,,2.0961,1075271.0,raspberry_pi_seeed_gsr,"1075271,2.0961"
2026-05-31T15:23:21.831,asdf,self_20260531_151909,clip_060,2,listen,,2.0937,1075292.0,raspberry_pi_seeed_gsr,"1075292,2.0937"
2026-05-31T15:23:21.851,asdf,self_20260531_151909,clip_060,2,listen,,2.1017,1075313.0,raspberry_pi_seeed_gsr,"1075313,2.1017"
2026-05-31T15:23:21.894,asdf,self_20260531_151909,clip_060,2,listen,,2.0985,1075334.0,raspberry_pi_seeed_gsr,"1075334,2.0985"
2026-05-31T15:23:21.895,asdf,self_20260531_151909,clip_060,2,listen,,2.1017,1075355.0,raspberry_pi_seeed_gsr,"1075355,2.1017"
2026-05-31T15:23:21.914,asdf,self_20260531_151909,clip_060,2,listen,,2.0969,1075376.0,raspberry_pi_seeed_gsr,"1075376,2.0969"
2026-05-31T15:23:21.935,asdf,self_20260531_151909,clip_060,2,listen,,2.1009,1075397.0,raspberry_pi_seeed_gsr,"1075397,2.1009"
2026-05-31T15:23:21.956,asdf,self_20260531_151909,clip_060,2,listen,,2.0985,1075418.0,raspberry_pi_seeed_gsr,"1075418,2.0985"
2026-05-31T15:23:21.977,asdf,self_20260531_151909,clip_060,2,listen,,2.0904,1075439.0,raspberry_pi_seeed_gsr,"1075439,2.0904"
2026-05-31T15:23:21.998,asdf,self_20260531_151909,clip_060,2,listen,,2.0993,1075460.0,raspberry_pi_seeed_gsr,"1075460,2.0993"
2026-05-31T15:23:22.019,asdf,self_20260531_151909,clip_060,2,listen,,2.1009,1075481.0,raspberry_pi_seeed_gsr,"1075481,2.1009"
2026-05-31T15:23:22.040,asdf,self_20260531_151909,clip_060,2,listen,,2.1073,1075502.0,raspberry_pi_seeed_gsr,"1075502,2.1073"
2026-05-31T15:23:22.062,asdf,self_20260531_151909,clip_060,2,listen,,2.109,1075523.0,raspberry_pi_seeed_gsr,"1075523,2.1090"
2026-05-31T15:23:22.083,asdf,self_20260531_151909,clip_060,2,listen,,2.1017,1075544.0,raspberry_pi_seeed_gsr,"1075544,2.1017"
2026-05-31T15:23:22.104,asdf,self_20260531_151909,clip_060,2,listen,,2.0977,1075565.0,raspberry_pi_seeed_gsr,"1075565,2.0977"
2026-05-31T15:23:22.145,asdf,self_20260531_151909,clip_060,2,listen,,2.1017,1075586.0,raspberry_pi_seeed_gsr,"1075586,2.1017"
2026-05-31T15:23:22.146,asdf,self_20260531_151909,clip_060,2,listen,,2.0993,1075607.0,raspberry_pi_seeed_gsr,"1075607,2.0993"
2026-05-31T15:23:22.166,asdf,self_20260531_151909,clip_060,2,listen,,2.0993,1075628.0,raspberry_pi_seeed_gsr,"1075628,2.0993"
2026-05-31T15:23:22.187,asdf,self_20260531_151909,clip_060,2,listen,,2.092,1075649.0,raspberry_pi_seeed_gsr,"1075649,2.0920"
2026-05-31T15:23:22.208,asdf,self_20260531_151909,clip_060,2,listen,,2.1001,1075670.0,raspberry_pi_seeed_gsr,"1075670,2.1001"
2026-05-31T15:23:22.229,asdf,self_20260531_151909,clip_060,2,listen,,2.1001,1075691.0,raspberry_pi_seeed_gsr,"1075691,2.1001"
2026-05-31T15:23:22.250,asdf,self_20260531_151909,clip_060,2,listen,,2.0993,1075712.0,raspberry_pi_seeed_gsr,"1075712,2.0993"
2026-05-31T15:23:22.271,asdf,self_20260531_151909,clip_060,2,listen,,2.0985,1075733.0,raspberry_pi_seeed_gsr,"1075733,2.0985"
2026-05-31T15:23:22.293,asdf,self_20260531_151909,clip_060,2,listen,,2.0961,1075754.0,raspberry_pi_seeed_gsr,"1075754,2.0961"
2026-05-31T15:23:22.314,asdf,self_20260531_151909,clip_060,2,listen,,2.0961,1075775.0,raspberry_pi_seeed_gsr,"1075775,2.0961"
2026-05-31T15:23:22.335,asdf,self_20260531_151909,clip_060,2,listen,,2.0937,1075796.0,raspberry_pi_seeed_gsr,"1075796,2.0937"
2026-05-31T15:23:22.356,asdf,self_20260531_151909,clip_060,2,listen,,2.0977,1075817.0,raspberry_pi_seeed_gsr,"1075817,2.0977"
2026-05-31T15:23:22.400,asdf,self_20260531_151909,clip_060,2,listen,,2.0928,1075838.0,raspberry_pi_seeed_gsr,"1075838,2.0928"
2026-05-31T15:23:22.401,asdf,self_20260531_151909,clip_060,2,listen,,2.0985,1075859.0,raspberry_pi_seeed_gsr,"1075859,2.0985"
2026-05-31T15:23:22.418,asdf,self_20260531_151909,clip_060,2,listen,,2.1025,1075880.0,raspberry_pi_seeed_gsr,"1075880,2.1025"
2026-05-31T15:23:22.439,asdf,self_20260531_151909,clip_060,2,listen,,2.0904,1075901.0,raspberry_pi_seeed_gsr,"1075901,2.0904"
2026-05-31T15:23:22.460,asdf,self_20260531_151909,clip_060,2,listen,,2.0969,1075922.0,raspberry_pi_seeed_gsr,"1075922,2.0969"
2026-05-31T15:23:22.481,asdf,self_20260531_151909,clip_060,2,listen,,2.0993,1075943.0,raspberry_pi_seeed_gsr,"1075943,2.0993"
2026-05-31T15:23:22.502,asdf,self_20260531_151909,clip_060,2,listen,,2.0969,1075964.0,raspberry_pi_seeed_gsr,"1075964,2.0969"
2026-05-31T15:23:22.523,asdf,self_20260531_151909,clip_060,2,listen,,2.0864,1075985.0,raspberry_pi_seeed_gsr,"1075985,2.0864"
2026-05-31T15:23:22.544,asdf,self_20260531_151909,clip_060,2,listen,,2.0985,1076006.0,raspberry_pi_seeed_gsr,"1076006,2.0985"
2026-05-31T15:23:22.566,asdf,self_20260531_151909,clip_060,2,listen,,2.0993,1076027.0,raspberry_pi_seeed_gsr,"1076027,2.0993"
2026-05-31T15:23:22.587,asdf,self_20260531_151909,clip_060,2,listen,,2.0993,1076048.0,raspberry_pi_seeed_gsr,"1076048,2.0993"
2026-05-31T15:23:22.607,asdf,self_20260531_151909,clip_060,2,listen,,2.0961,1076069.0,raspberry_pi_seeed_gsr,"1076069,2.0961"
2026-05-31T15:23:22.639,asdf,self_20260531_151909,clip_060,2,listen,,2.1025,1076090.0,raspberry_pi_seeed_gsr,"1076090,2.1025"
2026-05-31T15:23:22.649,asdf,self_20260531_151909,clip_060,2,listen,,2.0856,1076111.0,raspberry_pi_seeed_gsr,"1076111,2.0856"
2026-05-31T15:23:22.670,asdf,self_20260531_151909,clip_060,2,listen,,2.0977,1076132.0,raspberry_pi_seeed_gsr,"1076132,2.0977"
2026-05-31T15:23:22.691,asdf,self_20260531_151909,clip_060,2,listen,,2.0985,1076153.0,raspberry_pi_seeed_gsr,"1076153,2.0985"
2026-05-31T15:23:22.712,asdf,self_20260531_151909,clip_060,2,listen,,2.0985,1076174.0,raspberry_pi_seeed_gsr,"1076174,2.0985"
2026-05-31T15:23:22.733,asdf,self_20260531_151909,clip_060,2,listen,,2.0993,1076195.0,raspberry_pi_seeed_gsr,"1076195,2.0993"
2026-05-31T15:23:22.754,asdf,self_20260531_151909,clip_060,2,listen,,2.0985,1076216.0,raspberry_pi_seeed_gsr,"1076216,2.0985"
2026-05-31T15:23:22.776,asdf,self_20260531_151909,clip_060,2,listen,,2.0985,1076237.0,raspberry_pi_seeed_gsr,"1076237,2.0985"
2026-05-31T15:23:22.796,asdf,self_20260531_151909,clip_060,2,listen,,2.0993,1076258.0,raspberry_pi_seeed_gsr,"1076258,2.0993"
2026-05-31T15:23:22.818,asdf,self_20260531_151909,clip_060,2,listen,,2.0928,1076279.0,raspberry_pi_seeed_gsr,"1076279,2.0928"
2026-05-31T15:23:22.839,asdf,self_20260531_151909,clip_060,2,listen,,2.1009,1076300.0,raspberry_pi_seeed_gsr,"1076300,2.1009"
2026-05-31T15:23:22.860,asdf,self_20260531_151909,clip_060,2,listen,,2.1065,1076321.0,raspberry_pi_seeed_gsr,"1076321,2.1065"
2026-05-31T15:23:22.898,asdf,self_20260531_151909,clip_060,2,listen,,2.0993,1076342.0,raspberry_pi_seeed_gsr,"1076342,2.0993"
2026-05-31T15:23:22.901,asdf,self_20260531_151909,clip_060,2,listen,,2.1001,1076363.0,raspberry_pi_seeed_gsr,"1076363,2.1001"
2026-05-31T15:23:22.922,asdf,self_20260531_151909,clip_060,2,listen,,2.0993,1076384.0,raspberry_pi_seeed_gsr,"1076384,2.0993"
2026-05-31T15:23:22.943,asdf,self_20260531_151909,clip_060,2,listen,,2.0993,1076405.0,raspberry_pi_seeed_gsr,"1076405,2.0993"
2026-05-31T15:23:22.964,asdf,self_20260531_151909,clip_060,2,listen,,2.1017,1076426.0,raspberry_pi_seeed_gsr,"1076426,2.1017"
2026-05-31T15:23:22.985,asdf,self_20260531_151909,clip_060,2,listen,,2.1009,1076447.0,raspberry_pi_seeed_gsr,"1076447,2.1009"
2026-05-31T15:23:23.006,asdf,self_20260531_151909,clip_060,2,listen,,2.0969,1076468.0,raspberry_pi_seeed_gsr,"1076468,2.0969"
2026-05-31T15:23:23.027,asdf,self_20260531_151909,clip_060,2,listen,,2.1025,1076489.0,raspberry_pi_seeed_gsr,"1076489,2.1025"
2026-05-31T15:23:23.048,asdf,self_20260531_151909,clip_060,2,listen,,2.1001,1076510.0,raspberry_pi_seeed_gsr,"1076510,2.1001"
2026-05-31T15:23:23.069,asdf,self_20260531_151909,clip_060,2,listen,,2.1049,1076531.0,raspberry_pi_seeed_gsr,"1076531,2.1049"
2026-05-31T15:23:23.090,asdf,self_20260531_151909,clip_060,2,listen,,2.0969,1076552.0,raspberry_pi_seeed_gsr,"1076552,2.0969"
2026-05-31T15:23:23.112,asdf,self_20260531_151909,clip_060,2,listen,,2.0961,1076573.0,raspberry_pi_seeed_gsr,"1076573,2.0961"
2026-05-31T15:23:23.142,asdf,self_20260531_151909,clip_060,2,listen,,2.0985,1076594.0,raspberry_pi_seeed_gsr,"1076594,2.0985"
2026-05-31T15:23:23.153,asdf,self_20260531_151909,clip_060,2,listen,,2.1033,1076615.0,raspberry_pi_seeed_gsr,"1076615,2.1033"
2026-05-31T15:23:23.174,asdf,self_20260531_151909,clip_060,2,listen,,2.0977,1076636.0,raspberry_pi_seeed_gsr,"1076636,2.0977"
2026-05-31T15:23:23.195,asdf,self_20260531_151909,clip_060,2,listen,,2.092,1076657.0,raspberry_pi_seeed_gsr,"1076657,2.0920"
2026-05-31T15:23:23.216,asdf,self_20260531_151909,clip_060,2,listen,,2.1065,1076678.0,raspberry_pi_seeed_gsr,"1076678,2.1065"
2026-05-31T15:23:23.237,asdf,self_20260531_151909,clip_060,2,listen,,2.1001,1076699.0,raspberry_pi_seeed_gsr,"1076699,2.1001"
2026-05-31T15:23:23.258,asdf,self_20260531_151909,clip_060,2,listen,,2.0985,1076720.0,raspberry_pi_seeed_gsr,"1076720,2.0985"
2026-05-31T15:23:23.279,asdf,self_20260531_151909,clip_060,2,listen,,2.1001,1076741.0,raspberry_pi_seeed_gsr,"1076741,2.1001"
2026-05-31T15:23:23.301,asdf,self_20260531_151909,clip_060,2,listen,,2.0993,1076762.0,raspberry_pi_seeed_gsr,"1076762,2.0993"
2026-05-31T15:23:23.322,asdf,self_20260531_151909,clip_060,2,listen,,2.1049,1076783.0,raspberry_pi_seeed_gsr,"1076783,2.1049"
2026-05-31T15:23:23.343,asdf,self_20260531_151909,clip_060,2,listen,,2.0977,1076804.0,raspberry_pi_seeed_gsr,"1076804,2.0977"
2026-05-31T15:23:23.363,asdf,self_20260531_151909,clip_060,2,listen,,2.1001,1076825.0,raspberry_pi_seeed_gsr,"1076825,2.1001"
2026-05-31T15:23:23.403,asdf,self_20260531_151909,clip_060,2,listen,,2.0985,1076846.0,raspberry_pi_seeed_gsr,"1076846,2.0985"
2026-05-31T15:23:23.405,asdf,self_20260531_151909,clip_060,2,listen,,2.0985,1076867.0,raspberry_pi_seeed_gsr,"1076867,2.0985"
2026-05-31T15:23:23.426,asdf,self_20260531_151909,clip_060,2,listen,,2.1041,1076888.0,raspberry_pi_seeed_gsr,"1076888,2.1041"
2026-05-31T15:23:23.447,asdf,self_20260531_151909,clip_060,2,listen,,2.0985,1076909.0,raspberry_pi_seeed_gsr,"1076909,2.0985"
2026-05-31T15:23:23.468,asdf,self_20260531_151909,clip_060,2,listen,,2.0993,1076930.0,raspberry_pi_seeed_gsr,"1076930,2.0993"
2026-05-31T15:23:23.489,asdf,self_20260531_151909,clip_060,2,listen,,2.1017,1076951.0,raspberry_pi_seeed_gsr,"1076951,2.1017"
2026-05-31T15:23:23.510,asdf,self_20260531_151909,clip_060,2,listen,,2.1041,1076972.0,raspberry_pi_seeed_gsr,"1076972,2.1041"
2026-05-31T15:23:23.531,asdf,self_20260531_151909,clip_060,2,listen,,2.1057,1076993.0,raspberry_pi_seeed_gsr,"1076993,2.1057"
