timestamp,user_id,session_id,clip_id,trial_index,phase,hr,eda,sensor_elapsed_ms,source,raw_line
2026-05-31T15:36:13.660,test88,self_20260531_153611,clip_126,1,rest,,74.0,,raspberry_pi_seeed_gsr,74
2026-05-31T15:36:13.662,test88,self_20260531_153611,clip_126,1,rest,,0.6866,1846452.0,raspberry_pi_seeed_gsr,"1846452,0.6866"
2026-05-31T15:36:13.663,test88,self_20260531_153611,clip_126,1,rest,,0.6858,1846473.0,raspberry_pi_seeed_gsr,"1846473,0.6858"
2026-05-31T15:36:13.664,test88,self_20260531_153611,clip_126,1,rest,,0.6866,1846494.0,raspberry_pi_seeed_gsr,"1846494,0.6866"
2026-05-31T15:36:13.665,test88,self_20260531_153611,clip_126,1,rest,,0.6866,1846515.0,raspberry_pi_seeed_gsr,"1846515,0.6866"
2026-05-31T15:36:13.666,test88,self_20260531_153611,clip_126,1,rest,,0.6866,1846536.0,raspberry_pi_seeed_gsr,"1846536,0.6866"
2026-05-31T15:36:13.668,test88,self_20260531_153611,clip_126,1,rest,,0.6793,1846557.0,raspberry_pi_seeed_gsr,"1846557,0.6793"
2026-05-31T15:36:13.668,test88,self_20260531_153611,clip_126,1,rest,,0.6866,1846578.0,raspberry_pi_seeed_gsr,"1846578,0.6866"
2026-05-31T15:36:13.669,test88,self_20260531_153611,clip_126,1,rest,,0.6866,1846599.0,raspberry_pi_seeed_gsr,"1846599,0.6866"
2026-05-31T15:36:13.671,test88,self_20260531_153611,clip_126,1,rest,,0.6834,1846620.0,raspberry_pi_seeed_gsr,"1846620,0.6834"
2026-05-31T15:36:13.671,test88,self_20260531_153611,clip_126,1,rest,,0.6874,1846641.0,raspberry_pi_seeed_gsr,"1846641,0.6874"
2026-05-31T15:36:13.672,test88,self_20260531_153611,clip_126,1,rest,,0.6882,1846662.0,raspberry_pi_seeed_gsr,"1846662,0.6882"
2026-05-31T15:36:13.673,test88,self_20260531_153611,clip_126,1,rest,,0.6842,1846683.0,raspberry_pi_seeed_gsr,"1846683,0.6842"
2026-05-31T15:36:13.674,test88,self_20260531_153611,clip_126,1,rest,,0.6858,1846704.0,raspberry_pi_seeed_gsr,"1846704,0.6858"
2026-05-31T15:36:13.674,test88,self_20260531_153611,clip_126,1,rest,,0.6858,1846725.0,raspberry_pi_seeed_gsr,"1846725,0.6858"
2026-05-31T15:36:13.675,test88,self_20260531_153611,clip_126,1,rest,,0.6866,1846746.0,raspberry_pi_seeed_gsr,"1846746,0.6866"
2026-05-31T15:36:13.676,test88,self_20260531_153611,clip_126,1,rest,,0.6882,1846767.0,raspberry_pi_seeed_gsr,"1846767,0.6882"
2026-05-31T15:36:13.676,test88,self_20260531_153611,clip_126,1,rest,,0.6866,1846788.0,raspberry_pi_seeed_gsr,"1846788,0.6866"
2026-05-31T15:36:13.678,test88,self_20260531_153611,clip_126,1,rest,,0.6858,1846809.0,raspberry_pi_seeed_gsr,"1846809,0.6858"
2026-05-31T15:36:13.678,test88,self_20260531_153611,clip_126,1,rest,,0.6858,1846831.0,raspberry_pi_seeed_gsr,"1846831,0.6858"
2026-05-31T15:36:13.679,test88,self_20260531_153611,clip_126,1,rest,,0.685,1846851.0,raspberry_pi_seeed_gsr,"1846851,0.6850"
2026-05-31T15:36:13.680,test88,self_20260531_153611,clip_126,1,rest,,0.6858,1846872.0,raspberry_pi_seeed_gsr,"1846872,0.6858"
2026-05-31T15:36:13.681,test88,self_20260531_153611,clip_126,1,rest,,0.6858,1846893.0,raspberry_pi_seeed_gsr,"1846893,0.6858"
2026-05-31T15:36:13.681,test88,self_20260531_153611,clip_126,1,rest,,0.6842,1846914.0,raspberry_pi_seeed_gsr,"1846914,0.6842"
2026-05-31T15:36:13.682,test88,self_20260531_153611,clip_126,1,rest,,0.6858,1846935.0,raspberry_pi_seeed_gsr,"1846935,0.6858"
2026-05-31T15:36:13.682,test88,self_20260531_153611,clip_126,1,rest,,0.6898,1846956.0,raspberry_pi_seeed_gsr,"1846956,0.6898"
2026-05-31T15:36:13.683,test88,self_20260531_153611,clip_126,1,rest,,0.685,1846977.0,raspberry_pi_seeed_gsr,"1846977,0.6850"
2026-05-31T15:36:13.684,test88,self_20260531_153611,clip_126,1,rest,,0.6858,1846998.0,raspberry_pi_seeed_gsr,"1846998,0.6858"
2026-05-31T15:36:13.684,test88,self_20260531_153611,clip_126,1,rest,,0.6874,1847019.0,raspberry_pi_seeed_gsr,"1847019,0.6874"
2026-05-31T15:36:13.685,test88,self_20260531_153611,clip_126,1,rest,,0.6801,1847040.0,raspberry_pi_seeed_gsr,"1847040,0.6801"
2026-05-31T15:36:13.686,test88,self_20260531_153611,clip_126,1,rest,,0.6858,1847061.0,raspberry_pi_seeed_gsr,"1847061,0.6858"
2026-05-31T15:36:13.687,test88,self_20260531_153611,clip_126,1,rest,,0.6858,1847082.0,raspberry_pi_seeed_gsr,"1847082,0.6858"
2026-05-31T15:36:13.688,test88,self_20260531_153611,clip_126,1,rest,,0.685,1847103.0,raspberry_pi_seeed_gsr,"1847103,0.6850"
2026-05-31T15:36:13.689,test88,self_20260531_153611,clip_126,1,rest,,0.685,1847124.0,raspberry_pi_seeed_gsr,"1847124,0.6850"
2026-05-31T15:36:13.699,test88,self_20260531_153611,clip_126,1,rest,,0.6834,1847145.0,raspberry_pi_seeed_gsr,"1847145,0.6834"
2026-05-31T15:36:13.721,test88,self_20260531_153611,clip_126,1,rest,,0.6834,1847166.0,raspberry_pi_seeed_gsr,"1847166,0.6834"
2026-05-31T15:36:13.742,test88,self_20260531_153611,clip_126,1,rest,,0.6866,1847187.0,raspberry_pi_seeed_gsr,"1847187,0.6866"
2026-05-31T15:36:13.763,test88,self_20260531_153611,clip_126,1,rest,,0.685,1847208.0,raspberry_pi_seeed_gsr,"1847208,0.6850"
2026-05-31T15:36:13.784,test88,self_20260531_153611,clip_126,1,rest,,0.685,1847229.0,raspberry_pi_seeed_gsr,"1847229,0.6850"
2026-05-31T15:36:13.805,test88,self_20260531_153611,clip_126,1,rest,,0.6858,1847251.0,raspberry_pi_seeed_gsr,"1847251,0.6858"
2026-05-31T15:36:13.825,test88,self_20260531_153611,clip_126,1,rest,,0.6842,1847271.0,raspberry_pi_seeed_gsr,"1847271,0.6842"
2026-05-31T15:36:13.846,test88,self_20260531_153611,clip_126,1,rest,,0.6826,1847292.0,raspberry_pi_seeed_gsr,"1847292,0.6826"
2026-05-31T15:36:13.867,test88,self_20260531_153611,clip_126,1,rest,,0.6842,1847313.0,raspberry_pi_seeed_gsr,"1847313,0.6842"
2026-05-31T15:36:13.888,test88,self_20260531_153611,clip_126,1,rest,,0.6842,1847334.0,raspberry_pi_seeed_gsr,"1847334,0.6842"
2026-05-31T15:36:13.909,test88,self_20260531_153611,clip_126,1,rest,,0.685,1847355.0,raspberry_pi_seeed_gsr,"1847355,0.6850"
2026-05-31T15:36:13.930,test88,self_20260531_153611,clip_126,1,rest,,0.6866,1847376.0,raspberry_pi_seeed_gsr,"1847376,0.6866"
2026-05-31T15:36:13.997,test88,self_20260531_153611,clip_126,1,rest,,0.6834,1847397.0,raspberry_pi_seeed_gsr,"1847397,0.6834"
2026-05-31T15:36:13.998,test88,self_20260531_153611,clip_126,1,rest,,0.6818,1847418.0,raspberry_pi_seeed_gsr,"1847418,0.6818"
2026-05-31T15:36:13.998,test88,self_20260531_153611,clip_126,1,rest,,0.6874,1847439.0,raspberry_pi_seeed_gsr,"1847439,0.6874"
2026-05-31T15:36:14.014,test88,self_20260531_153611,clip_126,1,rest,,0.6818,1847460.0,raspberry_pi_seeed_gsr,"1847460,0.6818"
2026-05-31T15:36:14.035,test88,self_20260531_153611,clip_126,1,rest,,0.6809,1847481.0,raspberry_pi_seeed_gsr,"1847481,0.6809"
2026-05-31T15:36:14.056,test88,self_20260531_153611,clip_126,1,rest,,0.6818,1847502.0,raspberry_pi_seeed_gsr,"1847502,0.6818"
2026-05-31T15:36:14.077,test88,self_20260531_153611,clip_126,1,rest,,0.6809,1847523.0,raspberry_pi_seeed_gsr,"1847523,0.6809"
2026-05-31T15:36:14.099,test88,self_20260531_153611,clip_126,1,rest,,0.6681,1847544.0,raspberry_pi_seeed_gsr,"1847544,0.6681"
2026-05-31T15:36:14.120,test88,self_20260531_153611,clip_126,1,rest,,0.6834,1847565.0,raspberry_pi_seeed_gsr,"1847565,0.6834"
2026-05-31T15:36:14.141,test88,self_20260531_153611,clip_126,1,rest,,0.6818,1847586.0,raspberry_pi_seeed_gsr,"1847586,0.6818"
2026-05-31T15:36:14.162,test88,self_20260531_153611,clip_126,1,rest,,0.6818,1847607.0,raspberry_pi_seeed_gsr,"1847607,0.6818"
2026-05-31T15:36:14.183,test88,self_20260531_153611,clip_126,1,rest,,0.6842,1847628.0,raspberry_pi_seeed_gsr,"1847628,0.6842"
2026-05-31T15:36:14.233,test88,self_20260531_153611,clip_126,1,rest,,0.6809,1847649.0,raspberry_pi_seeed_gsr,"1847649,0.6809"
2026-05-31T15:36:14.234,test88,self_20260531_153611,clip_126,1,rest,,0.6842,1847670.0,raspberry_pi_seeed_gsr,"1847670,0.6842"
2026-05-31T15:36:14.246,test88,self_20260531_153611,clip_126,1,rest,,0.6801,1847691.0,raspberry_pi_seeed_gsr,"1847691,0.6801"
2026-05-31T15:36:14.267,test88,self_20260531_153611,clip_126,1,rest,,0.6801,1847713.0,raspberry_pi_seeed_gsr,"1847713,0.6801"
2026-05-31T15:36:14.287,test88,self_20260531_153611,clip_126,1,rest,,0.6809,1847733.0,raspberry_pi_seeed_gsr,"1847733,0.6809"
2026-05-31T15:36:14.308,test88,self_20260531_153611,clip_126,1,rest,,0.6809,1847754.0,raspberry_pi_seeed_gsr,"1847754,0.6809"
2026-05-31T15:36:14.329,test88,self_20260531_153611,clip_126,1,rest,,0.6777,1847775.0,raspberry_pi_seeed_gsr,"1847775,0.6777"
2026-05-31T15:36:14.350,test88,self_20260531_153611,clip_126,1,rest,,0.6801,1847796.0,raspberry_pi_seeed_gsr,"1847796,0.6801"
2026-05-31T15:36:14.371,test88,self_20260531_153611,clip_126,1,rest,,0.6801,1847817.0,raspberry_pi_seeed_gsr,"1847817,0.6801"
2026-05-31T15:36:14.392,test88,self_20260531_153611,clip_126,1,rest,,0.6785,1847838.0,raspberry_pi_seeed_gsr,"1847838,0.6785"
2026-05-31T15:36:14.414,test88,self_20260531_153611,clip_126,1,rest,,0.6777,1847859.0,raspberry_pi_seeed_gsr,"1847859,0.6777"
2026-05-31T15:36:14.435,test88,self_20260531_153611,clip_126,1,rest,,0.6761,1847880.0,raspberry_pi_seeed_gsr,"1847880,0.6761"
2026-05-31T15:36:14.483,test88,self_20260531_153611,clip_126,1,rest,,0.6809,1847901.0,raspberry_pi_seeed_gsr,"1847901,0.6809"
2026-05-31T15:36:14.484,test88,self_20260531_153611,clip_126,1,rest,,0.6745,1847922.0,raspberry_pi_seeed_gsr,"1847922,0.6745"
2026-05-31T15:36:14.497,test88,self_20260531_153611,clip_126,1,rest,,0.6793,1847943.0,raspberry_pi_seeed_gsr,"1847943,0.6793"
2026-05-31T15:36:14.519,test88,self_20260531_153611,clip_126,1,rest,,0.6777,1847964.0,raspberry_pi_seeed_gsr,"1847964,0.6777"
2026-05-31T15:36:14.540,test88,self_20260531_153611,clip_126,1,rest,,0.6801,1847985.0,raspberry_pi_seeed_gsr,"1847985,0.6801"
2026-05-31T15:36:14.561,test88,self_20260531_153611,clip_126,1,rest,,0.6809,1848006.0,raspberry_pi_seeed_gsr,"1848006,0.6809"
2026-05-31T15:36:14.582,test88,self_20260531_153611,clip_126,1,rest,,0.6809,1848027.0,raspberry_pi_seeed_gsr,"1848027,0.6809"
2026-05-31T15:36:14.603,test88,self_20260531_153611,clip_126,1,rest,,0.6777,1848048.0,raspberry_pi_seeed_gsr,"1848048,0.6777"
2026-05-31T15:36:14.624,test88,self_20260531_153611,clip_126,1,rest,,0.6785,1848069.0,raspberry_pi_seeed_gsr,"1848069,0.6785"
2026-05-31T15:36:14.645,test88,self_20260531_153611,clip_126,1,rest,,0.6785,1848090.0,raspberry_pi_seeed_gsr,"1848090,0.6785"
2026-05-31T15:36:14.666,test88,self_20260531_153611,clip_126,1,rest,,0.6785,1848112.0,raspberry_pi_seeed_gsr,"1848112,0.6785"
2026-05-31T15:36:14.686,test88,self_20260531_153611,clip_126,1,rest,,0.6777,1848132.0,raspberry_pi_seeed_gsr,"1848132,0.6777"
2026-05-31T15:36:14.735,test88,self_20260531_153611,clip_126,1,rest,,0.6745,1848153.0,raspberry_pi_seeed_gsr,"1848153,0.6745"
2026-05-31T15:36:14.736,test88,self_20260531_153611,clip_126,1,rest,,0.6785,1848174.0,raspberry_pi_seeed_gsr,"1848174,0.6785"
2026-05-31T15:36:14.749,test88,self_20260531_153611,clip_126,1,rest,,0.6793,1848195.0,raspberry_pi_seeed_gsr,"1848195,0.6793"
2026-05-31T15:36:14.770,test88,self_20260531_153611,clip_126,1,rest,,0.6785,1848216.0,raspberry_pi_seeed_gsr,"1848216,0.6785"
2026-05-31T15:36:14.791,test88,self_20260531_153611,clip_126,1,rest,,0.6737,1848237.0,raspberry_pi_seeed_gsr,"1848237,0.6737"
2026-05-31T15:36:14.812,test88,self_20260531_153611,clip_126,1,rest,,0.6801,1848258.0,raspberry_pi_seeed_gsr,"1848258,0.6801"
2026-05-31T15:36:14.833,test88,self_20260531_153611,clip_126,1,rest,,0.6753,1848279.0,raspberry_pi_seeed_gsr,"1848279,0.6753"
2026-05-31T15:36:14.854,test88,self_20260531_153611,clip_126,1,rest,,0.685,1848300.0,raspberry_pi_seeed_gsr,"1848300,0.6850"
2026-05-31T15:36:14.876,test88,self_20260531_153611,clip_126,1,rest,,0.6769,1848321.0,raspberry_pi_seeed_gsr,"1848321,0.6769"
2026-05-31T15:36:14.897,test88,self_20260531_153611,clip_126,1,rest,,0.6826,1848342.0,raspberry_pi_seeed_gsr,"1848342,0.6826"
2026-05-31T15:36:14.918,test88,self_20260531_153611,clip_126,1,rest,,0.6785,1848363.0,raspberry_pi_seeed_gsr,"1848363,0.6785"
2026-05-31T15:36:14.939,test88,self_20260531_153611,clip_126,1,rest,,0.6769,1848384.0,raspberry_pi_seeed_gsr,"1848384,0.6769"
2026-05-31T15:36:14.990,test88,self_20260531_153611,clip_126,1,rest,,0.6769,1848405.0,raspberry_pi_seeed_gsr,"1848405,0.6769"
2026-05-31T15:36:14.991,test88,self_20260531_153611,clip_126,1,rest,,0.6793,1848426.0,raspberry_pi_seeed_gsr,"1848426,0.6793"
2026-05-31T15:36:15.002,test88,self_20260531_153611,clip_126,1,rest,,0.6777,1848447.0,raspberry_pi_seeed_gsr,"1848447,0.6777"
2026-05-31T15:36:15.023,test88,self_20260531_153611,clip_126,1,rest,,0.6753,1848468.0,raspberry_pi_seeed_gsr,"1848468,0.6753"
2026-05-31T15:36:15.044,test88,self_20260531_153611,clip_126,1,rest,,0.6785,1848489.0,raspberry_pi_seeed_gsr,"1848489,0.6785"
2026-05-31T15:36:15.065,test88,self_20260531_153611,clip_126,1,rest,,0.6785,1848511.0,raspberry_pi_seeed_gsr,"1848511,0.6785"
2026-05-31T15:36:15.085,test88,self_20260531_153611,clip_126,1,rest,,0.6801,1848531.0,raspberry_pi_seeed_gsr,"1848531,0.6801"
2026-05-31T15:36:15.106,test88,self_20260531_153611,clip_126,1,rest,,0.6801,1848552.0,raspberry_pi_seeed_gsr,"1848552,0.6801"
2026-05-31T15:36:15.127,test88,self_20260531_153611,clip_126,1,rest,,0.6785,1848573.0,raspberry_pi_seeed_gsr,"1848573,0.6785"
2026-05-31T15:36:15.148,test88,self_20260531_153611,clip_126,1,rest,,0.6785,1848594.0,raspberry_pi_seeed_gsr,"1848594,0.6785"
2026-05-31T15:36:15.169,test88,self_20260531_153611,clip_126,1,rest,,0.6785,1848615.0,raspberry_pi_seeed_gsr,"1848615,0.6785"
2026-05-31T15:36:15.190,test88,self_20260531_153611,clip_126,1,rest,,0.6777,1848636.0,raspberry_pi_seeed_gsr,"1848636,0.6777"
2026-05-31T15:36:15.229,test88,self_20260531_153611,clip_126,1,rest,,0.6834,1848657.0,raspberry_pi_seeed_gsr,"1848657,0.6834"
2026-05-31T15:36:15.232,test88,self_20260531_153611,clip_126,1,rest,,0.6785,1848678.0,raspberry_pi_seeed_gsr,"1848678,0.6785"
2026-05-31T15:36:15.253,test88,self_20260531_153611,clip_126,1,rest,,0.6793,1848699.0,raspberry_pi_seeed_gsr,"1848699,0.6793"
2026-05-31T15:36:15.274,test88,self_20260531_153611,clip_126,1,rest,,0.6793,1848720.0,raspberry_pi_seeed_gsr,"1848720,0.6793"
2026-05-31T15:36:15.295,test88,self_20260531_153611,clip_126,1,rest,,0.6793,1848741.0,raspberry_pi_seeed_gsr,"1848741,0.6793"
2026-05-31T15:36:15.316,test88,self_20260531_153611,clip_126,1,rest,,0.6801,1848762.0,raspberry_pi_seeed_gsr,"1848762,0.6801"
2026-05-31T15:36:15.337,test88,self_20260531_153611,clip_126,1,rest,,0.6793,1848783.0,raspberry_pi_seeed_gsr,"1848783,0.6793"
2026-05-31T15:36:15.359,test88,self_20260531_153611,clip_126,1,rest,,0.6769,1848804.0,raspberry_pi_seeed_gsr,"1848804,0.6769"
2026-05-31T15:36:15.380,test88,self_20260531_153611,clip_126,1,rest,,0.6777,1848825.0,raspberry_pi_seeed_gsr,"1848825,0.6777"
2026-05-31T15:36:15.401,test88,self_20260531_153611,clip_126,1,rest,,0.6801,1848846.0,raspberry_pi_seeed_gsr,"1848846,0.6801"
2026-05-31T15:36:15.422,test88,self_20260531_153611,clip_126,1,rest,,0.6801,1848867.0,raspberry_pi_seeed_gsr,"1848867,0.6801"
2026-05-31T15:36:15.443,test88,self_20260531_153611,clip_126,1,rest,,0.6809,1848888.0,raspberry_pi_seeed_gsr,"1848888,0.6809"
2026-05-31T15:36:15.469,test88,self_20260531_153611,clip_126,1,rest,,0.6801,1848909.0,raspberry_pi_seeed_gsr,"1848909,0.6801"
2026-05-31T15:36:15.484,test88,self_20260531_153611,clip_126,1,rest,,0.6793,1848930.0,raspberry_pi_seeed_gsr,"1848930,0.6793"
2026-05-31T15:36:15.505,test88,self_20260531_153611,clip_126,1,rest,,0.6801,1848951.0,raspberry_pi_seeed_gsr,"1848951,0.6801"
2026-05-31T15:36:15.526,test88,self_20260531_153611,clip_126,1,rest,,0.6801,1848972.0,raspberry_pi_seeed_gsr,"1848972,0.6801"
2026-05-31T15:36:15.547,test88,self_20260531_153611,clip_126,1,rest,,0.6801,1848993.0,raspberry_pi_seeed_gsr,"1848993,0.6801"
2026-05-31T15:36:15.568,test88,self_20260531_153611,clip_126,1,rest,,0.6793,1849014.0,raspberry_pi_seeed_gsr,"1849014,0.6793"
2026-05-31T15:36:15.589,test88,self_20260531_153611,clip_126,1,rest,,0.6793,1849035.0,raspberry_pi_seeed_gsr,"1849035,0.6793"
2026-05-31T15:36:15.610,test88,self_20260531_153611,clip_126,1,rest,,0.6809,1849056.0,raspberry_pi_seeed_gsr,"1849056,0.6809"
2026-05-31T15:36:15.631,test88,self_20260531_153611,clip_126,1,rest,,0.6785,1849077.0,raspberry_pi_seeed_gsr,"1849077,0.6785"
2026-05-31T15:36:15.653,test88,self_20260531_153611,clip_126,1,rest,,0.6866,1849098.0,raspberry_pi_seeed_gsr,"1849098,0.6866"
2026-05-31T15:36:15.674,test88,self_20260531_153611,clip_126,1,rest,,0.6793,1849119.0,raspberry_pi_seeed_gsr,"1849119,0.6793"
2026-05-31T15:36:15.695,test88,self_20260531_153611,clip_126,1,rest,,0.6793,1849140.0,raspberry_pi_seeed_gsr,"1849140,0.6793"
2026-05-31T15:36:15.746,test88,self_20260531_153611,clip_126,1,rest,,0.6769,1849161.0,raspberry_pi_seeed_gsr,"1849161,0.6769"
2026-05-31T15:36:15.747,test88,self_20260531_153611,clip_126,1,rest,,0.6785,1849182.0,raspberry_pi_seeed_gsr,"1849182,0.6785"
2026-05-31T15:36:15.758,test88,self_20260531_153611,clip_126,1,rest,,0.6769,1849203.0,raspberry_pi_seeed_gsr,"1849203,0.6769"
2026-05-31T15:36:15.779,test88,self_20260531_153611,clip_126,1,rest,,0.6745,1849224.0,raspberry_pi_seeed_gsr,"1849224,0.6745"
2026-05-31T15:36:15.800,test88,self_20260531_153611,clip_126,1,rest,,0.6785,1849245.0,raspberry_pi_seeed_gsr,"1849245,0.6785"
2026-05-31T15:36:15.821,test88,self_20260531_153611,clip_126,1,rest,,0.6777,1849266.0,raspberry_pi_seeed_gsr,"1849266,0.6777"
2026-05-31T15:36:15.842,test88,self_20260531_153611,clip_126,1,rest,,0.6664,1849287.0,raspberry_pi_seeed_gsr,"1849287,0.6664"
2026-05-31T15:36:15.863,test88,self_20260531_153611,clip_126,1,rest,,0.6769,1849308.0,raspberry_pi_seeed_gsr,"1849308,0.6769"
2026-05-31T15:36:15.884,test88,self_20260531_153611,clip_126,1,rest,,0.6769,1849330.0,raspberry_pi_seeed_gsr,"1849330,0.6769"
2026-05-31T15:36:15.904,test88,self_20260531_153611,clip_126,1,rest,,0.6777,1849350.0,raspberry_pi_seeed_gsr,"1849350,0.6777"
2026-05-31T15:36:15.925,test88,self_20260531_153611,clip_126,1,rest,,0.6793,1849371.0,raspberry_pi_seeed_gsr,"1849371,0.6793"
2026-05-31T15:36:15.946,test88,self_20260531_153611,clip_126,1,rest,,0.6793,1849392.0,raspberry_pi_seeed_gsr,"1849392,0.6793"
2026-05-31T15:36:15.968,test88,self_20260531_153611,clip_126,1,rest,,0.6777,1849413.0,raspberry_pi_seeed_gsr,"1849413,0.6777"
2026-05-31T15:36:16.005,test88,self_20260531_153611,clip_126,1,rest,,0.6745,1849434.0,raspberry_pi_seeed_gsr,"1849434,0.6745"
2026-05-31T15:36:16.009,test88,self_20260531_153611,clip_126,1,rest,,0.6745,1849455.0,raspberry_pi_seeed_gsr,"1849455,0.6745"
2026-05-31T15:36:16.030,test88,self_20260531_153611,clip_126,1,rest,,0.6769,1849476.0,raspberry_pi_seeed_gsr,"1849476,0.6769"
2026-05-31T15:36:16.051,test88,self_20260531_153611,clip_126,1,rest,,0.6761,1849497.0,raspberry_pi_seeed_gsr,"1849497,0.6761"
2026-05-31T15:36:16.072,test88,self_20260531_153611,clip_126,1,rest,,0.6753,1849518.0,raspberry_pi_seeed_gsr,"1849518,0.6753"
2026-05-31T15:36:16.093,test88,self_20260531_153611,clip_126,1,rest,,0.6745,1849539.0,raspberry_pi_seeed_gsr,"1849539,0.6745"
2026-05-31T15:36:16.115,test88,self_20260531_153611,clip_126,1,rest,,0.6729,1849560.0,raspberry_pi_seeed_gsr,"1849560,0.6729"
2026-05-31T15:36:16.136,test88,self_20260531_153611,clip_126,1,rest,,0.6737,1849581.0,raspberry_pi_seeed_gsr,"1849581,0.6737"
2026-05-31T15:36:16.157,test88,self_20260531_153611,clip_126,1,rest,,0.6777,1849602.0,raspberry_pi_seeed_gsr,"1849602,0.6777"
2026-05-31T15:36:16.178,test88,self_20260531_153611,clip_126,1,rest,,0.6745,1849623.0,raspberry_pi_seeed_gsr,"1849623,0.6745"
2026-05-31T15:36:16.199,test88,self_20260531_153611,clip_126,1,rest,,0.6737,1849644.0,raspberry_pi_seeed_gsr,"1849644,0.6737"
2026-05-31T15:36:16.222,test88,self_20260531_153611,clip_126,1,rest,,0.6729,1849665.0,raspberry_pi_seeed_gsr,"1849665,0.6729"
2026-05-31T15:36:16.273,test88,self_20260531_153611,clip_126,1,rest,,0.6745,1849686.0,raspberry_pi_seeed_gsr,"1849686,0.6745"
2026-05-31T15:36:16.274,test88,self_20260531_153611,clip_126,1,rest,,0.6729,1849707.0,raspberry_pi_seeed_gsr,"1849707,0.6729"
2026-05-31T15:36:16.283,test88,self_20260531_153611,clip_126,1,rest,,0.6648,1849728.0,raspberry_pi_seeed_gsr,"1849728,0.6648"
2026-05-31T15:36:16.304,test88,self_20260531_153611,clip_126,1,rest,,0.6729,1849749.0,raspberry_pi_seeed_gsr,"1849749,0.6729"
2026-05-31T15:36:16.325,test88,self_20260531_153611,clip_126,1,rest,,0.6737,1849770.0,raspberry_pi_seeed_gsr,"1849770,0.6737"
2026-05-31T15:36:16.346,test88,self_20260531_153611,clip_126,1,rest,,0.6737,1849792.0,raspberry_pi_seeed_gsr,"1849792,0.6737"
2026-05-31T15:36:16.367,test88,self_20260531_153611,clip_126,1,rest,,0.6729,1849813.0,raspberry_pi_seeed_gsr,"1849813,0.6729"
2026-05-31T15:36:16.387,test88,self_20260531_153611,clip_126,1,rest,,0.6721,1849833.0,raspberry_pi_seeed_gsr,"1849833,0.6721"
2026-05-31T15:36:16.408,test88,self_20260531_153611,clip_126,1,rest,,0.6753,1849854.0,raspberry_pi_seeed_gsr,"1849854,0.6753"
2026-05-31T15:36:16.429,test88,self_20260531_153611,clip_126,1,rest,,0.6729,1849875.0,raspberry_pi_seeed_gsr,"1849875,0.6729"
2026-05-31T15:36:16.450,test88,self_20260531_153611,clip_126,1,rest,,0.6713,1849896.0,raspberry_pi_seeed_gsr,"1849896,0.6713"
2026-05-31T15:36:16.471,test88,self_20260531_153611,clip_126,1,rest,,0.6721,1849917.0,raspberry_pi_seeed_gsr,"1849917,0.6721"
2026-05-31T15:36:16.492,test88,self_20260531_153611,clip_126,1,rest,,0.6721,1849938.0,raspberry_pi_seeed_gsr,"1849938,0.6721"
2026-05-31T15:36:16.525,test88,self_20260531_153611,clip_126,1,rest,,0.6729,1849959.0,raspberry_pi_seeed_gsr,"1849959,0.6729"
2026-05-31T15:36:16.534,test88,self_20260531_153611,clip_126,1,rest,,0.6624,1849980.0,raspberry_pi_seeed_gsr,"1849980,0.6624"
2026-05-31T15:36:16.555,test88,self_20260531_153611,clip_126,1,rest,,0.6729,1850001.0,raspberry_pi_seeed_gsr,"1850001,0.6729"
2026-05-31T15:36:16.576,test88,self_20260531_153611,clip_126,1,rest,,0.6664,1850022.0,raspberry_pi_seeed_gsr,"1850022,0.6664"
2026-05-31T15:36:16.597,test88,self_20260531_153611,clip_126,1,rest,,0.6769,1850043.0,raspberry_pi_seeed_gsr,"1850043,0.6769"
2026-05-31T15:36:16.618,test88,self_20260531_153611,clip_126,1,rest,,0.6689,1850064.0,raspberry_pi_seeed_gsr,"1850064,0.6689"
2026-05-31T15:36:16.640,test88,self_20260531_153611,clip_126,1,rest,,0.6705,1850085.0,raspberry_pi_seeed_gsr,"1850085,0.6705"
2026-05-31T15:36:16.661,test88,self_20260531_153611,clip_126,1,rest,,0.6616,1850106.0,raspberry_pi_seeed_gsr,"1850106,0.6616"
2026-05-31T15:36:16.682,test88,self_20260531_153611,clip_126,1,rest,,0.6689,1850127.0,raspberry_pi_seeed_gsr,"1850127,0.6689"
2026-05-31T15:36:16.703,test88,self_20260531_153611,clip_126,1,rest,,0.6689,1850148.0,raspberry_pi_seeed_gsr,"1850148,0.6689"
2026-05-31T15:36:16.724,test88,self_20260531_153611,clip_126,1,rest,,0.6745,1850169.0,raspberry_pi_seeed_gsr,"1850169,0.6745"
2026-05-31T15:36:16.745,test88,self_20260531_153611,clip_126,1,rest,,0.6729,1850190.0,raspberry_pi_seeed_gsr,"1850190,0.6729"
2026-05-31T15:36:16.784,test88,self_20260531_153611,clip_126,1,rest,,0.6721,1850211.0,raspberry_pi_seeed_gsr,"1850211,0.6721"
2026-05-31T15:36:16.787,test88,self_20260531_153611,clip_126,1,rest,,0.6713,1850232.0,raspberry_pi_seeed_gsr,"1850232,0.6713"
2026-05-31T15:36:16.808,test88,self_20260531_153611,clip_126,1,rest,,0.6721,1850254.0,raspberry_pi_seeed_gsr,"1850254,0.6721"
2026-05-31T15:36:16.828,test88,self_20260531_153611,clip_126,1,rest,,0.6713,1850274.0,raspberry_pi_seeed_gsr,"1850274,0.6713"
2026-05-31T15:36:16.849,test88,self_20260531_153611,clip_126,1,rest,,0.6729,1850295.0,raspberry_pi_seeed_gsr,"1850295,0.6729"
2026-05-31T15:36:16.870,test88,self_20260531_153611,clip_126,1,rest,,0.6721,1850316.0,raspberry_pi_seeed_gsr,"1850316,0.6721"
2026-05-31T15:36:16.891,test88,self_20260531_153611,clip_126,1,rest,,0.6721,1850337.0,raspberry_pi_seeed_gsr,"1850337,0.6721"
2026-05-31T15:36:16.913,test88,self_20260531_153611,clip_126,1,rest,,0.6729,1850358.0,raspberry_pi_seeed_gsr,"1850358,0.6729"
2026-05-31T15:36:16.933,test88,self_20260531_153611,clip_126,1,rest,,0.6713,1850379.0,raspberry_pi_seeed_gsr,"1850379,0.6713"
2026-05-31T15:36:16.955,test88,self_20260531_153611,clip_126,1,rest,,0.6713,1850400.0,raspberry_pi_seeed_gsr,"1850400,0.6713"
2026-05-31T15:36:16.976,test88,self_20260531_153611,clip_126,1,rest,,0.6729,1850421.0,raspberry_pi_seeed_gsr,"1850421,0.6729"
2026-05-31T15:36:16.996,test88,self_20260531_153611,clip_126,1,rest,,0.6729,1850442.0,raspberry_pi_seeed_gsr,"1850442,0.6729"
2026-05-31T15:36:17.037,test88,self_20260531_153611,clip_126,1,rest,,0.6681,1850463.0,raspberry_pi_seeed_gsr,"1850463,0.6681"
2026-05-31T15:36:17.038,test88,self_20260531_153611,clip_126,1,rest,,0.6745,1850484.0,raspberry_pi_seeed_gsr,"1850484,0.6745"
2026-05-31T15:36:17.059,test88,self_20260531_153611,clip_126,1,rest,,0.6745,1850505.0,raspberry_pi_seeed_gsr,"1850505,0.6745"
2026-05-31T15:36:17.081,test88,self_20260531_153611,clip_126,1,rest,,0.6729,1850526.0,raspberry_pi_seeed_gsr,"1850526,0.6729"
2026-05-31T15:36:17.102,test88,self_20260531_153611,clip_126,1,rest,,0.6745,1850547.0,raspberry_pi_seeed_gsr,"1850547,0.6745"
2026-05-31T15:36:17.123,test88,self_20260531_153611,clip_126,1,rest,,0.6721,1850568.0,raspberry_pi_seeed_gsr,"1850568,0.6721"
2026-05-31T15:36:17.144,test88,self_20260531_153611,clip_126,1,rest,,0.6713,1850589.0,raspberry_pi_seeed_gsr,"1850589,0.6713"
2026-05-31T15:36:17.165,test88,self_20260531_153611,clip_126,1,rest,,0.6721,1850610.0,raspberry_pi_seeed_gsr,"1850610,0.6721"
2026-05-31T15:36:17.186,test88,self_20260531_153611,clip_126,1,rest,,0.6769,1850631.0,raspberry_pi_seeed_gsr,"1850631,0.6769"
2026-05-31T15:36:17.207,test88,self_20260531_153611,clip_126,1,rest,,0.6737,1850653.0,raspberry_pi_seeed_gsr,"1850653,0.6737"
2026-05-31T15:36:17.228,test88,self_20260531_153611,clip_126,1,rest,,0.6745,1850673.0,raspberry_pi_seeed_gsr,"1850673,0.6745"
2026-05-31T15:36:17.247,test88,self_20260531_153611,clip_126,1,rest,,0.6745,1850693.0,raspberry_pi_seeed_gsr,"1850693,0.6745"
2026-05-31T15:36:17.290,test88,self_20260531_153611,clip_126,1,rest,,0.6745,1850714.0,raspberry_pi_seeed_gsr,"1850714,0.6745"
2026-05-31T15:36:17.291,test88,self_20260531_153611,clip_126,1,rest,,0.6745,1850735.0,raspberry_pi_seeed_gsr,"1850735,0.6745"
2026-05-31T15:36:17.310,test88,self_20260531_153611,clip_126,1,rest,,0.6737,1850756.0,raspberry_pi_seeed_gsr,"1850756,0.6737"
2026-05-31T15:36:17.331,test88,self_20260531_153611,clip_126,1,rest,,0.6721,1850777.0,raspberry_pi_seeed_gsr,"1850777,0.6721"
2026-05-31T15:36:17.352,test88,self_20260531_153611,clip_126,1,rest,,0.6745,1850798.0,raspberry_pi_seeed_gsr,"1850798,0.6745"
2026-05-31T15:36:17.373,test88,self_20260531_153611,clip_126,1,rest,,0.6753,1850819.0,raspberry_pi_seeed_gsr,"1850819,0.6753"
2026-05-31T15:36:17.394,test88,self_20260531_153611,clip_126,1,rest,,0.6745,1850840.0,raspberry_pi_seeed_gsr,"1850840,0.6745"
2026-05-31T15:36:17.415,test88,self_20260531_153611,clip_126,1,rest,,0.6753,1850861.0,raspberry_pi_seeed_gsr,"1850861,0.6753"
2026-05-31T15:36:17.436,test88,self_20260531_153611,clip_126,1,rest,,0.6737,1850882.0,raspberry_pi_seeed_gsr,"1850882,0.6737"
2026-05-31T15:36:17.458,test88,self_20260531_153611,clip_126,1,rest,,0.6656,1850903.0,raspberry_pi_seeed_gsr,"1850903,0.6656"
2026-05-31T15:36:17.479,test88,self_20260531_153611,clip_126,1,rest,,0.6729,1850924.0,raspberry_pi_seeed_gsr,"1850924,0.6729"
2026-05-31T15:36:17.500,test88,self_20260531_153611,clip_126,1,rest,,0.6737,1850945.0,raspberry_pi_seeed_gsr,"1850945,0.6737"
2026-05-31T15:36:17.521,test88,self_20260531_153611,clip_126,1,rest,,0.6737,1850966.0,raspberry_pi_seeed_gsr,"1850966,0.6737"
2026-05-31T15:36:17.556,test88,self_20260531_153611,clip_126,1,rest,,0.6745,1850987.0,raspberry_pi_seeed_gsr,"1850987,0.6745"
2026-05-31T15:36:17.563,test88,self_20260531_153611,clip_126,1,rest,,0.6737,1851008.0,raspberry_pi_seeed_gsr,"1851008,0.6737"
2026-05-31T15:36:17.584,test88,self_20260531_153611,clip_126,1,rest,,0.6769,1851029.0,raspberry_pi_seeed_gsr,"1851029,0.6769"
2026-05-31T15:36:17.605,test88,self_20260531_153611,clip_126,1,rest,,0.6737,1851050.0,raspberry_pi_seeed_gsr,"1851050,0.6737"
2026-05-31T15:36:17.625,test88,self_20260531_153611,clip_126,1,rest,,0.6745,1851071.0,raspberry_pi_seeed_gsr,"1851071,0.6745"
2026-05-31T15:36:17.646,test88,self_20260531_153611,clip_126,1,rest,,0.6737,1851092.0,raspberry_pi_seeed_gsr,"1851092,0.6737"
2026-05-31T15:36:17.667,test88,self_20260531_153611,clip_126,1,rest,,0.6745,1851113.0,raspberry_pi_seeed_gsr,"1851113,0.6745"
2026-05-31T15:36:17.688,test88,self_20260531_153611,clip_126,1,rest,,0.6745,1851134.0,raspberry_pi_seeed_gsr,"1851134,0.6745"
2026-05-31T15:36:17.709,test88,self_20260531_153611,clip_126,1,rest,,0.6729,1851155.0,raspberry_pi_seeed_gsr,"1851155,0.6729"
2026-05-31T15:36:17.730,test88,self_20260531_153611,clip_126,1,rest,,0.6729,1851176.0,raspberry_pi_seeed_gsr,"1851176,0.6729"
2026-05-31T15:36:17.752,test88,self_20260531_153611,clip_126,1,rest,,0.6785,1851197.0,raspberry_pi_seeed_gsr,"1851197,0.6785"
2026-05-31T15:36:17.773,test88,self_20260531_153611,clip_126,1,rest,,0.6745,1851218.0,raspberry_pi_seeed_gsr,"1851218,0.6745"
2026-05-31T15:36:17.821,test88,self_20260531_153611,clip_126,1,rest,,0.6785,1851239.0,raspberry_pi_seeed_gsr,"1851239,0.6785"
2026-05-31T15:36:17.821,test88,self_20260531_153611,clip_126,1,rest,,0.6729,1851260.0,raspberry_pi_seeed_gsr,"1851260,0.6729"
2026-05-31T15:36:17.835,test88,self_20260531_153611,clip_126,1,rest,,0.6729,1851281.0,raspberry_pi_seeed_gsr,"1851281,0.6729"
2026-05-31T15:36:17.857,test88,self_20260531_153611,clip_126,1,rest,,0.6729,1851302.0,raspberry_pi_seeed_gsr,"1851302,0.6729"
2026-05-31T15:36:17.878,test88,self_20260531_153611,clip_126,1,rest,,0.6713,1851323.0,raspberry_pi_seeed_gsr,"1851323,0.6713"
2026-05-31T15:36:17.899,test88,self_20260531_153611,clip_126,1,rest,,0.6664,1851344.0,raspberry_pi_seeed_gsr,"1851344,0.6664"
2026-05-31T15:36:17.920,test88,self_20260531_153611,clip_126,1,rest,,0.6713,1851365.0,raspberry_pi_seeed_gsr,"1851365,0.6713"
2026-05-31T15:36:17.941,test88,self_20260531_153611,clip_126,1,rest,,0.6713,1851386.0,raspberry_pi_seeed_gsr,"1851386,0.6713"
2026-05-31T15:36:17.962,test88,self_20260531_153611,clip_126,1,rest,,0.6745,1851407.0,raspberry_pi_seeed_gsr,"1851407,0.6745"
2026-05-31T15:36:17.983,test88,self_20260531_153611,clip_126,1,rest,,0.6705,1851428.0,raspberry_pi_seeed_gsr,"1851428,0.6705"
2026-05-31T15:36:18.004,test88,self_20260531_153611,clip_126,1,rest,,0.6713,1851449.0,raspberry_pi_seeed_gsr,"1851449,0.6713"
2026-05-31T15:36:18.025,test88,self_20260531_153611,clip_126,1,rest,,0.6705,1851470.0,raspberry_pi_seeed_gsr,"1851470,0.6705"
2026-05-31T15:36:18.073,test88,self_20260531_153611,clip_126,1,rest,,0.6713,1851492.0,raspberry_pi_seeed_gsr,"1851492,0.6713"
2026-05-31T15:36:18.074,test88,self_20260531_153611,clip_126,1,rest,,0.6705,1851512.0,raspberry_pi_seeed_gsr,"1851512,0.6705"
2026-05-31T15:36:18.087,test88,self_20260531_153611,clip_126,1,rest,,0.6689,1851533.0,raspberry_pi_seeed_gsr,"1851533,0.6689"
2026-05-31T15:36:18.108,test88,self_20260531_153611,clip_126,1,rest,,0.6705,1851554.0,raspberry_pi_seeed_gsr,"1851554,0.6705"
2026-05-31T15:36:18.129,test88,self_20260531_153611,clip_126,1,rest,,0.6689,1851575.0,raspberry_pi_seeed_gsr,"1851575,0.6689"
2026-05-31T15:36:18.150,test88,self_20260531_153611,clip_126,1,rest,,0.6745,1851596.0,raspberry_pi_seeed_gsr,"1851596,0.6745"
2026-05-31T15:36:18.171,test88,self_20260531_153611,clip_126,1,rest,,0.6689,1851617.0,raspberry_pi_seeed_gsr,"1851617,0.6689"
2026-05-31T15:36:18.192,test88,self_20260531_153611,clip_126,1,rest,,0.6656,1851638.0,raspberry_pi_seeed_gsr,"1851638,0.6656"
2026-05-31T15:36:18.214,test88,self_20260531_153611,clip_126,1,rest,,0.6697,1851659.0,raspberry_pi_seeed_gsr,"1851659,0.6697"
2026-05-31T15:36:18.234,test88,self_20260531_153611,clip_126,1,rest,,0.6697,1851680.0,raspberry_pi_seeed_gsr,"1851680,0.6697"
2026-05-31T15:36:18.255,test88,self_20260531_153611,clip_126,1,rest,,0.6681,1851701.0,raspberry_pi_seeed_gsr,"1851701,0.6681"
2026-05-31T15:36:18.276,test88,self_20260531_153611,clip_126,1,rest,,0.6681,1851722.0,raspberry_pi_seeed_gsr,"1851722,0.6681"
2026-05-31T15:36:18.297,test88,self_20260531_153611,clip_126,1,rest,,0.6689,1851743.0,raspberry_pi_seeed_gsr,"1851743,0.6689"
2026-05-31T15:36:18.324,test88,self_20260531_153611,clip_126,1,rest,,0.6648,1851764.0,raspberry_pi_seeed_gsr,"1851764,0.6648"
2026-05-31T15:36:18.340,test88,self_20260531_153611,clip_126,1,rest,,0.6681,1851785.0,raspberry_pi_seeed_gsr,"1851785,0.6681"
2026-05-31T15:36:18.361,test88,self_20260531_153611,clip_126,1,rest,,0.6664,1851806.0,raspberry_pi_seeed_gsr,"1851806,0.6664"
2026-05-31T15:36:18.382,test88,self_20260531_153611,clip_126,1,rest,,0.6673,1851827.0,raspberry_pi_seeed_gsr,"1851827,0.6673"
2026-05-31T15:36:18.403,test88,self_20260531_153611,clip_126,1,rest,,0.6616,1851848.0,raspberry_pi_seeed_gsr,"1851848,0.6616"
2026-05-31T15:36:18.424,test88,self_20260531_153611,clip_126,1,rest,,0.6664,1851869.0,raspberry_pi_seeed_gsr,"1851869,0.6664"
2026-05-31T15:36:18.445,test88,self_20260531_153611,clip_126,1,rest,,0.6616,1851890.0,raspberry_pi_seeed_gsr,"1851890,0.6616"
2026-05-31T15:36:18.466,test88,self_20260531_153611,clip_126,1,rest,,0.6664,1851911.0,raspberry_pi_seeed_gsr,"1851911,0.6664"
2026-05-31T15:36:18.487,test88,self_20260531_153611,clip_126,1,rest,,0.6656,1851933.0,raspberry_pi_seeed_gsr,"1851933,0.6656"
2026-05-31T15:36:18.507,test88,self_20260531_153611,clip_126,1,rest,,0.6664,1851953.0,raspberry_pi_seeed_gsr,"1851953,0.6664"
2026-05-31T15:36:18.528,test88,self_20260531_153611,clip_126,1,rest,,0.6664,1851974.0,raspberry_pi_seeed_gsr,"1851974,0.6664"
2026-05-31T15:36:18.551,test88,self_20260531_153611,clip_126,1,rest,,0.6656,1851995.0,raspberry_pi_seeed_gsr,"1851995,0.6656"
2026-05-31T15:36:18.595,test88,self_20260531_153611,clip_126,1,rest,,0.6632,1852016.0,raspberry_pi_seeed_gsr,"1852016,0.6632"
2026-05-31T15:36:18.596,test88,self_20260531_153611,clip_126,1,rest,,0.6648,1852037.0,raspberry_pi_seeed_gsr,"1852037,0.6648"
2026-05-31T15:36:18.612,test88,self_20260531_153611,clip_126,1,rest,,0.6681,1852058.0,raspberry_pi_seeed_gsr,"1852058,0.6681"
2026-05-31T15:36:18.633,test88,self_20260531_153611,clip_126,1,rest,,0.6664,1852079.0,raspberry_pi_seeed_gsr,"1852079,0.6664"
2026-05-31T15:36:18.654,test88,self_20260531_153611,clip_126,1,rest,,0.66,1852100.0,raspberry_pi_seeed_gsr,"1852100,0.6600"
2026-05-31T15:36:18.675,test88,self_20260531_153611,clip_126,1,rest,,0.6656,1852121.0,raspberry_pi_seeed_gsr,"1852121,0.6656"
2026-05-31T15:36:18.696,test88,self_20260531_153611,clip_126,1,rest,,0.6624,1852142.0,raspberry_pi_seeed_gsr,"1852142,0.6624"
2026-05-31T15:36:18.717,test88,self_20260531_153611,clip_126,1,rest,,0.6648,1852163.0,raspberry_pi_seeed_gsr,"1852163,0.6648"
2026-05-31T15:36:18.738,test88,self_20260531_153611,clip_126,1,rest,,0.6664,1852184.0,raspberry_pi_seeed_gsr,"1852184,0.6664"
2026-05-31T15:36:18.760,test88,self_20260531_153611,clip_126,1,rest,,0.664,1852205.0,raspberry_pi_seeed_gsr,"1852205,0.6640"
2026-05-31T15:36:18.781,test88,self_20260531_153611,clip_126,1,rest,,0.6729,1852226.0,raspberry_pi_seeed_gsr,"1852226,0.6729"
2026-05-31T15:36:18.802,test88,self_20260531_153611,clip_126,1,rest,,0.6624,1852247.0,raspberry_pi_seeed_gsr,"1852247,0.6624"
2026-05-31T15:36:18.849,test88,self_20260531_153611,clip_126,1,rest,,0.6544,1852268.0,raspberry_pi_seeed_gsr,"1852268,0.6544"
2026-05-31T15:36:18.850,test88,self_20260531_153611,clip_126,1,rest,,0.6624,1852289.0,raspberry_pi_seeed_gsr,"1852289,0.6624"
2026-05-31T15:36:18.865,test88,self_20260531_153611,clip_126,1,rest,,0.6624,1852310.0,raspberry_pi_seeed_gsr,"1852310,0.6624"
2026-05-31T15:36:18.886,test88,self_20260531_153611,clip_126,1,rest,,0.6624,1852331.0,raspberry_pi_seeed_gsr,"1852331,0.6624"
2026-05-31T15:36:18.907,test88,self_20260531_153611,clip_126,1,rest,,0.6616,1852352.0,raspberry_pi_seeed_gsr,"1852352,0.6616"
2026-05-31T15:36:18.928,test88,self_20260531_153611,clip_126,1,rest,,0.6616,1852373.0,raspberry_pi_seeed_gsr,"1852373,0.6616"
2026-05-31T15:36:18.949,test88,self_20260531_153611,clip_126,1,rest,,0.6624,1852394.0,raspberry_pi_seeed_gsr,"1852394,0.6624"
2026-05-31T15:36:18.970,test88,self_20260531_153611,clip_126,1,rest,,0.6608,1852416.0,raspberry_pi_seeed_gsr,"1852416,0.6608"
2026-05-31T15:36:18.990,test88,self_20260531_153611,clip_126,1,rest,,0.6664,1852436.0,raspberry_pi_seeed_gsr,"1852436,0.6664"
2026-05-31T15:36:19.011,test88,self_20260531_153611,clip_126,1,rest,,0.6616,1852457.0,raspberry_pi_seeed_gsr,"1852457,0.6616"
2026-05-31T15:36:19.032,test88,self_20260531_153611,clip_126,1,rest,,0.6673,1852478.0,raspberry_pi_seeed_gsr,"1852478,0.6673"
2026-05-31T15:36:19.053,test88,self_20260531_153611,clip_126,1,rest,,0.6592,1852499.0,raspberry_pi_seeed_gsr,"1852499,0.6592"
2026-05-31T15:36:19.102,test88,self_20260531_153611,clip_126,1,rest,,0.6608,1852520.0,raspberry_pi_seeed_gsr,"1852520,0.6608"
2026-05-31T15:36:19.103,test88,self_20260531_153611,clip_126,1,rest,,0.6624,1852541.0,raspberry_pi_seeed_gsr,"1852541,0.6624"
2026-05-31T15:36:19.116,test88,self_20260531_153611,clip_126,1,rest,,0.6527,1852562.0,raspberry_pi_seeed_gsr,"1852562,0.6527"
2026-05-31T15:36:19.138,test88,self_20260531_153611,clip_126,1,rest,,0.6608,1852583.0,raspberry_pi_seeed_gsr,"1852583,0.6608"
2026-05-31T15:36:19.159,test88,self_20260531_153611,clip_126,1,rest,,0.6576,1852604.0,raspberry_pi_seeed_gsr,"1852604,0.6576"
2026-05-31T15:36:19.179,test88,self_20260531_153611,clip_126,1,rest,,0.66,1852625.0,raspberry_pi_seeed_gsr,"1852625,0.6600"
2026-05-31T15:36:19.200,test88,self_20260531_153611,clip_126,1,rest,,0.6592,1852646.0,raspberry_pi_seeed_gsr,"1852646,0.6592"
2026-05-31T15:36:19.222,test88,self_20260531_153611,clip_126,1,rest,,0.6624,1852667.0,raspberry_pi_seeed_gsr,"1852667,0.6624"
2026-05-31T15:36:19.243,test88,self_20260531_153611,clip_126,1,rest,,0.6527,1852688.0,raspberry_pi_seeed_gsr,"1852688,0.6527"
2026-05-31T15:36:19.264,test88,self_20260531_153611,clip_126,1,rest,,0.66,1852709.0,raspberry_pi_seeed_gsr,"1852709,0.6600"
2026-05-31T15:36:19.284,test88,self_20260531_153611,clip_126,1,rest,,0.6592,1852730.0,raspberry_pi_seeed_gsr,"1852730,0.6592"
2026-05-31T15:36:19.306,test88,self_20260531_153611,clip_126,1,rest,,0.6608,1852751.0,raspberry_pi_seeed_gsr,"1852751,0.6608"
2026-05-31T15:36:19.334,test88,self_20260531_153611,clip_126,1,rest,,0.6624,1852772.0,raspberry_pi_seeed_gsr,"1852772,0.6624"
2026-05-31T15:36:19.348,test88,self_20260531_153611,clip_126,1,rest,,0.6616,1852793.0,raspberry_pi_seeed_gsr,"1852793,0.6616"
2026-05-31T15:36:19.369,test88,self_20260531_153611,clip_126,1,rest,,0.66,1852814.0,raspberry_pi_seeed_gsr,"1852814,0.6600"
2026-05-31T15:36:19.390,test88,self_20260531_153611,clip_126,1,rest,,0.66,1852835.0,raspberry_pi_seeed_gsr,"1852835,0.6600"
2026-05-31T15:36:19.411,test88,self_20260531_153611,clip_126,1,rest,,0.6608,1852856.0,raspberry_pi_seeed_gsr,"1852856,0.6608"
2026-05-31T15:36:19.432,test88,self_20260531_153611,clip_126,1,rest,,0.6608,1852877.0,raspberry_pi_seeed_gsr,"1852877,0.6608"
2026-05-31T15:36:19.453,test88,self_20260531_153611,clip_126,1,rest,,0.66,1852898.0,raspberry_pi_seeed_gsr,"1852898,0.6600"
2026-05-31T15:36:19.474,test88,self_20260531_153611,clip_126,1,rest,,0.6608,1852919.0,raspberry_pi_seeed_gsr,"1852919,0.6608"
2026-05-31T15:36:19.495,test88,self_20260531_153611,clip_126,1,rest,,0.6616,1852940.0,raspberry_pi_seeed_gsr,"1852940,0.6616"
2026-05-31T15:36:19.516,test88,self_20260531_153611,clip_126,1,rest,,0.6616,1852961.0,raspberry_pi_seeed_gsr,"1852961,0.6616"
2026-05-31T15:36:19.537,test88,self_20260531_153611,clip_126,1,rest,,0.66,1852982.0,raspberry_pi_seeed_gsr,"1852982,0.6600"
2026-05-31T15:36:19.558,test88,self_20260531_153611,clip_126,1,rest,,0.664,1853003.0,raspberry_pi_seeed_gsr,"1853003,0.6640"
2026-05-31T15:36:19.604,test88,self_20260531_153611,clip_126,1,rest,,0.6608,1853024.0,raspberry_pi_seeed_gsr,"1853024,0.6608"
2026-05-31T15:36:19.605,test88,self_20260531_153611,clip_126,1,rest,,0.6616,1853045.0,raspberry_pi_seeed_gsr,"1853045,0.6616"
2026-05-31T15:36:19.621,test88,self_20260531_153611,clip_126,1,rest,,0.6616,1853067.0,raspberry_pi_seeed_gsr,"1853067,0.6616"
2026-05-31T15:36:19.641,test88,self_20260531_153611,clip_126,1,rest,,0.6608,1853087.0,raspberry_pi_seeed_gsr,"1853087,0.6608"
2026-05-31T15:36:19.662,test88,self_20260531_153611,clip_126,1,rest,,0.6616,1853108.0,raspberry_pi_seeed_gsr,"1853108,0.6616"
2026-05-31T15:36:19.683,test88,self_20260531_153611,clip_126,1,rest,,0.66,1853129.0,raspberry_pi_seeed_gsr,"1853129,0.6600"
2026-05-31T15:36:19.704,test88,self_20260531_153611,clip_126,1,rest,,0.6608,1853150.0,raspberry_pi_seeed_gsr,"1853150,0.6608"
2026-05-31T15:36:19.725,test88,self_20260531_153611,clip_126,1,rest,,0.6592,1853171.0,raspberry_pi_seeed_gsr,"1853171,0.6592"
2026-05-31T15:36:19.746,test88,self_20260531_153611,clip_126,1,rest,,0.6608,1853192.0,raspberry_pi_seeed_gsr,"1853192,0.6608"
2026-05-31T15:36:19.767,test88,self_20260531_153611,clip_126,1,rest,,0.6624,1853213.0,raspberry_pi_seeed_gsr,"1853213,0.6624"
2026-05-31T15:36:19.789,test88,self_20260531_153611,clip_126,1,rest,,0.6624,1853234.0,raspberry_pi_seeed_gsr,"1853234,0.6624"
2026-05-31T15:36:19.810,test88,self_20260531_153611,clip_126,1,rest,,0.664,1853255.0,raspberry_pi_seeed_gsr,"1853255,0.6640"
2026-05-31T15:36:19.856,test88,self_20260531_153611,clip_126,1,rest,,0.6616,1853276.0,raspberry_pi_seeed_gsr,"1853276,0.6616"
2026-05-31T15:36:19.857,test88,self_20260531_153611,clip_126,1,rest,,0.6721,1853297.0,raspberry_pi_seeed_gsr,"1853297,0.6721"
2026-05-31T15:36:19.872,test88,self_20260531_153611,clip_126,1,rest,,0.6648,1853318.0,raspberry_pi_seeed_gsr,"1853318,0.6648"
2026-05-31T15:36:19.894,test88,self_20260531_153611,clip_126,1,rest,,0.6616,1853339.0,raspberry_pi_seeed_gsr,"1853339,0.6616"
2026-05-31T15:36:19.915,test88,self_20260531_153611,clip_126,1,rest,,0.664,1853360.0,raspberry_pi_seeed_gsr,"1853360,0.6640"
2026-05-31T15:36:19.936,test88,self_20260531_153611,clip_126,1,rest,,0.664,1853381.0,raspberry_pi_seeed_gsr,"1853381,0.6640"
2026-05-31T15:36:19.957,test88,self_20260531_153611,clip_126,1,rest,,0.6616,1853402.0,raspberry_pi_seeed_gsr,"1853402,0.6616"
2026-05-31T15:36:19.978,test88,self_20260531_153611,clip_126,1,rest,,0.6648,1853423.0,raspberry_pi_seeed_gsr,"1853423,0.6648"
2026-05-31T15:36:19.999,test88,self_20260531_153611,clip_126,1,rest,,0.6592,1853444.0,raspberry_pi_seeed_gsr,"1853444,0.6592"
2026-05-31T15:36:20.020,test88,self_20260531_153611,clip_126,1,rest,,0.664,1853465.0,raspberry_pi_seeed_gsr,"1853465,0.6640"
2026-05-31T15:36:20.041,test88,self_20260531_153611,clip_126,1,rest,,0.6576,1853486.0,raspberry_pi_seeed_gsr,"1853486,0.6576"
2026-05-31T15:36:20.062,test88,self_20260531_153611,clip_126,1,rest,,0.6681,1853507.0,raspberry_pi_seeed_gsr,"1853507,0.6681"
2026-05-31T15:36:20.109,test88,self_20260531_153611,clip_126,1,rest,,0.6705,1853528.0,raspberry_pi_seeed_gsr,"1853528,0.6705"
2026-05-31T15:36:20.110,test88,self_20260531_153611,clip_126,1,rest,,0.6664,1853550.0,raspberry_pi_seeed_gsr,"1853550,0.6664"
2026-05-31T15:36:20.124,test88,self_20260531_153611,clip_126,1,rest,,0.6552,1853570.0,raspberry_pi_seeed_gsr,"1853570,0.6552"
2026-05-31T15:36:20.145,test88,self_20260531_153611,clip_126,1,rest,,0.6648,1853591.0,raspberry_pi_seeed_gsr,"1853591,0.6648"
2026-05-31T15:36:20.166,test88,self_20260531_153611,clip_126,1,rest,,0.6624,1853612.0,raspberry_pi_seeed_gsr,"1853612,0.6624"
2026-05-31T15:36:20.187,test88,self_20260531_153611,clip_126,1,rest,,0.6648,1853633.0,raspberry_pi_seeed_gsr,"1853633,0.6648"
2026-05-31T15:36:20.208,test88,self_20260531_153611,clip_126,1,rest,,0.6656,1853654.0,raspberry_pi_seeed_gsr,"1853654,0.6656"
2026-05-31T15:36:20.229,test88,self_20260531_153611,clip_126,1,rest,,0.664,1853675.0,raspberry_pi_seeed_gsr,"1853675,0.6640"
2026-05-31T15:36:20.250,test88,self_20260531_153611,clip_126,1,rest,,0.6664,1853696.0,raspberry_pi_seeed_gsr,"1853696,0.6664"
2026-05-31T15:36:20.271,test88,self_20260531_153611,clip_126,1,rest,,0.6656,1853717.0,raspberry_pi_seeed_gsr,"1853717,0.6656"
2026-05-31T15:36:20.292,test88,self_20260531_153611,clip_126,1,rest,,0.6664,1853738.0,raspberry_pi_seeed_gsr,"1853738,0.6664"
2026-05-31T15:36:20.313,test88,self_20260531_153611,clip_126,1,rest,,0.664,1853759.0,raspberry_pi_seeed_gsr,"1853759,0.6640"
2026-05-31T15:36:20.334,test88,self_20260531_153611,clip_126,1,rest,,0.6664,1853780.0,raspberry_pi_seeed_gsr,"1853780,0.6664"
2026-05-31T15:36:20.360,test88,self_20260531_153611,clip_126,1,rest,,0.6664,1853801.0,raspberry_pi_seeed_gsr,"1853801,0.6664"
2026-05-31T15:36:20.376,test88,self_20260531_153611,clip_126,1,rest,,0.6721,1853822.0,raspberry_pi_seeed_gsr,"1853822,0.6721"
2026-05-31T15:36:20.398,test88,self_20260531_153611,clip_126,1,rest,,0.6705,1853843.0,raspberry_pi_seeed_gsr,"1853843,0.6705"
2026-05-31T15:36:20.419,test88,self_20260531_153611,clip_126,1,rest,,0.6681,1853864.0,raspberry_pi_seeed_gsr,"1853864,0.6681"
2026-05-31T15:36:20.440,test88,self_20260531_153611,clip_126,1,rest,,0.6705,1853885.0,raspberry_pi_seeed_gsr,"1853885,0.6705"
2026-05-31T15:36:20.461,test88,self_20260531_153611,clip_126,1,rest,,0.6681,1853906.0,raspberry_pi_seeed_gsr,"1853906,0.6681"
2026-05-31T15:36:20.482,test88,self_20260531_153611,clip_126,1,rest,,0.6713,1853927.0,raspberry_pi_seeed_gsr,"1853927,0.6713"
2026-05-31T15:36:20.503,test88,self_20260531_153611,clip_126,1,rest,,0.6664,1853948.0,raspberry_pi_seeed_gsr,"1853948,0.6664"
2026-05-31T15:36:20.524,test88,self_20260531_153611,clip_126,1,rest,,0.6681,1853970.0,raspberry_pi_seeed_gsr,"1853970,0.6681"
2026-05-31T15:36:20.544,test88,self_20260531_153611,clip_126,1,rest,,0.6729,1853990.0,raspberry_pi_seeed_gsr,"1853990,0.6729"
2026-05-31T15:36:20.565,test88,self_20260531_153611,clip_126,1,rest,,0.6713,1854011.0,raspberry_pi_seeed_gsr,"1854011,0.6713"
2026-05-31T15:36:20.586,test88,self_20260531_153611,clip_126,1,rest,,0.6689,1854032.0,raspberry_pi_seeed_gsr,"1854032,0.6689"
2026-05-31T15:36:20.633,test88,self_20260531_153611,clip_126,1,rest,,0.6681,1854053.0,raspberry_pi_seeed_gsr,"1854053,0.6681"
2026-05-31T15:36:20.634,test88,self_20260531_153611,clip_126,1,rest,,0.6705,1854074.0,raspberry_pi_seeed_gsr,"1854074,0.6705"
2026-05-31T15:36:20.649,test88,self_20260531_153611,clip_126,1,rest,,0.6689,1854095.0,raspberry_pi_seeed_gsr,"1854095,0.6689"
2026-05-31T15:36:20.670,test88,self_20260531_153611,clip_126,1,rest,,0.6713,1854116.0,raspberry_pi_seeed_gsr,"1854116,0.6713"
2026-05-31T15:36:20.691,test88,self_20260531_153611,clip_126,1,rest,,0.6656,1854137.0,raspberry_pi_seeed_gsr,"1854137,0.6656"
2026-05-31T15:36:20.712,test88,self_20260531_153611,clip_126,1,rest,,0.6689,1854158.0,raspberry_pi_seeed_gsr,"1854158,0.6689"
2026-05-31T15:36:20.733,test88,self_20260531_153611,clip_126,1,rest,,0.6713,1854179.0,raspberry_pi_seeed_gsr,"1854179,0.6713"
2026-05-31T15:36:20.754,test88,self_20260531_153611,clip_126,1,rest,,0.6705,1854200.0,raspberry_pi_seeed_gsr,"1854200,0.6705"
2026-05-31T15:36:20.775,test88,self_20260531_153611,clip_126,1,rest,,0.6721,1854221.0,raspberry_pi_seeed_gsr,"1854221,0.6721"
2026-05-31T15:36:20.797,test88,self_20260531_153611,clip_126,1,rest,,0.6713,1854242.0,raspberry_pi_seeed_gsr,"1854242,0.6713"
2026-05-31T15:36:20.818,test88,self_20260531_153611,clip_126,1,rest,,0.6713,1854263.0,raspberry_pi_seeed_gsr,"1854263,0.6713"
2026-05-31T15:36:20.839,test88,self_20260531_153611,clip_126,1,rest,,0.6713,1854284.0,raspberry_pi_seeed_gsr,"1854284,0.6713"
2026-05-31T15:36:20.886,test88,self_20260531_153611,clip_126,1,rest,,0.6689,1854305.0,raspberry_pi_seeed_gsr,"1854305,0.6689"
2026-05-31T15:36:20.887,test88,self_20260531_153611,clip_126,1,rest,,0.6673,1854326.0,raspberry_pi_seeed_gsr,"1854326,0.6673"
2026-05-31T15:36:20.902,test88,self_20260531_153611,clip_126,1,rest,,0.6713,1854347.0,raspberry_pi_seeed_gsr,"1854347,0.6713"
2026-05-31T15:36:20.923,test88,self_20260531_153611,clip_126,1,rest,,0.6705,1854368.0,raspberry_pi_seeed_gsr,"1854368,0.6705"
2026-05-31T15:36:20.944,test88,self_20260531_153611,clip_126,1,rest,,0.6737,1854389.0,raspberry_pi_seeed_gsr,"1854389,0.6737"
2026-05-31T15:36:20.965,test88,self_20260531_153611,clip_126,1,rest,,0.6729,1854410.0,raspberry_pi_seeed_gsr,"1854410,0.6729"
2026-05-31T15:36:20.986,test88,self_20260531_153611,clip_126,1,rest,,0.6713,1854432.0,raspberry_pi_seeed_gsr,"1854432,0.6713"
2026-05-31T15:36:21.006,test88,self_20260531_153611,clip_126,1,rest,,0.6793,1854452.0,raspberry_pi_seeed_gsr,"1854452,0.6793"
2026-05-31T15:36:21.027,test88,self_20260531_153611,clip_126,1,rest,,0.6689,1854473.0,raspberry_pi_seeed_gsr,"1854473,0.6689"
2026-05-31T15:36:21.048,test88,self_20260531_153611,clip_126,1,rest,,0.6729,1854494.0,raspberry_pi_seeed_gsr,"1854494,0.6729"
2026-05-31T15:36:21.069,test88,self_20260531_153611,clip_126,1,rest,,0.6729,1854515.0,raspberry_pi_seeed_gsr,"1854515,0.6729"
2026-05-31T15:36:21.091,test88,self_20260531_153611,clip_126,1,rest,,0.6713,1854536.0,raspberry_pi_seeed_gsr,"1854536,0.6713"
2026-05-31T15:36:21.140,test88,self_20260531_153611,clip_126,1,rest,,0.6737,1854557.0,raspberry_pi_seeed_gsr,"1854557,0.6737"
2026-05-31T15:36:21.141,test88,self_20260531_153611,clip_126,1,rest,,0.6681,1854578.0,raspberry_pi_seeed_gsr,"1854578,0.6681"
2026-05-31T15:36:21.153,test88,self_20260531_153611,clip_126,1,rest,,0.6745,1854599.0,raspberry_pi_seeed_gsr,"1854599,0.6745"
2026-05-31T15:36:21.174,test88,self_20260531_153611,clip_126,1,rest,,0.6729,1854620.0,raspberry_pi_seeed_gsr,"1854620,0.6729"
2026-05-31T15:36:21.196,test88,self_20260531_153611,clip_126,1,rest,,0.6737,1854641.0,raspberry_pi_seeed_gsr,"1854641,0.6737"
2026-05-31T15:36:21.216,test88,self_20260531_153611,clip_126,1,rest,,0.6769,1854662.0,raspberry_pi_seeed_gsr,"1854662,0.6769"
2026-05-31T15:36:21.238,test88,self_20260531_153611,clip_126,1,rest,,0.6737,1854683.0,raspberry_pi_seeed_gsr,"1854683,0.6737"
2026-05-31T15:36:21.259,test88,self_20260531_153611,clip_126,1,rest,,0.6729,1854704.0,raspberry_pi_seeed_gsr,"1854704,0.6729"
2026-05-31T15:36:21.280,test88,self_20260531_153611,clip_126,1,rest,,0.6737,1854725.0,raspberry_pi_seeed_gsr,"1854725,0.6737"
2026-05-31T15:36:21.301,test88,self_20260531_153611,clip_126,1,rest,,0.6721,1854746.0,raspberry_pi_seeed_gsr,"1854746,0.6721"
2026-05-31T15:36:21.322,test88,self_20260531_153611,clip_126,1,rest,,0.6729,1854767.0,raspberry_pi_seeed_gsr,"1854767,0.6729"
2026-05-31T15:36:21.343,test88,self_20260531_153611,clip_126,1,rest,,0.6745,1854788.0,raspberry_pi_seeed_gsr,"1854788,0.6745"
2026-05-31T15:36:21.370,test88,self_20260531_153611,clip_126,1,rest,,0.6721,1854809.0,raspberry_pi_seeed_gsr,"1854809,0.6721"
2026-05-31T15:36:21.385,test88,self_20260531_153611,clip_126,1,rest,,0.6737,1854830.0,raspberry_pi_seeed_gsr,"1854830,0.6737"
2026-05-31T15:36:21.406,test88,self_20260531_153611,clip_126,1,rest,,0.6745,1854851.0,raspberry_pi_seeed_gsr,"1854851,0.6745"
2026-05-31T15:36:21.427,test88,self_20260531_153611,clip_126,1,rest,,0.6793,1854873.0,raspberry_pi_seeed_gsr,"1854873,0.6793"
2026-05-31T15:36:21.447,test88,self_20260531_153611,clip_126,1,rest,,0.6729,1854893.0,raspberry_pi_seeed_gsr,"1854893,0.6729"
2026-05-31T15:36:21.468,test88,self_20260531_153611,clip_126,1,rest,,0.6745,1854914.0,raspberry_pi_seeed_gsr,"1854914,0.6745"
2026-05-31T15:36:21.489,test88,self_20260531_153611,clip_126,1,rest,,0.6769,1854935.0,raspberry_pi_seeed_gsr,"1854935,0.6769"
2026-05-31T15:36:21.510,test88,self_20260531_153611,clip_126,1,rest,,0.6777,1854956.0,raspberry_pi_seeed_gsr,"1854956,0.6777"
2026-05-31T15:36:21.531,test88,self_20260531_153611,clip_126,1,rest,,0.6729,1854977.0,raspberry_pi_seeed_gsr,"1854977,0.6729"
2026-05-31T15:36:21.552,test88,self_20260531_153611,clip_126,1,rest,,0.6769,1854998.0,raspberry_pi_seeed_gsr,"1854998,0.6769"
2026-05-31T15:36:21.573,test88,self_20260531_153611,clip_126,1,rest,,0.6729,1855019.0,raspberry_pi_seeed_gsr,"1855019,0.6729"
2026-05-31T15:36:21.595,test88,self_20260531_153611,clip_126,1,rest,,0.6745,1855040.0,raspberry_pi_seeed_gsr,"1855040,0.6745"
2026-05-31T15:36:21.640,test88,self_20260531_153611,clip_126,1,rest,,0.6745,1855061.0,raspberry_pi_seeed_gsr,"1855061,0.6745"
2026-05-31T15:36:21.641,test88,self_20260531_153611,clip_126,1,rest,,0.6721,1855082.0,raspberry_pi_seeed_gsr,"1855082,0.6721"
2026-05-31T15:36:21.658,test88,self_20260531_153611,clip_126,1,rest,,0.6777,1855103.0,raspberry_pi_seeed_gsr,"1855103,0.6777"
2026-05-31T15:36:21.679,test88,self_20260531_153611,clip_126,1,rest,,0.6793,1855124.0,raspberry_pi_seeed_gsr,"1855124,0.6793"
2026-05-31T15:36:21.700,test88,self_20260531_153611,clip_126,1,rest,,0.6745,1855145.0,raspberry_pi_seeed_gsr,"1855145,0.6745"
2026-05-31T15:36:21.721,test88,self_20260531_153611,clip_126,1,rest,,0.6769,1855166.0,raspberry_pi_seeed_gsr,"1855166,0.6769"
2026-05-31T15:36:21.742,test88,self_20260531_153611,clip_126,1,rest,,0.6753,1855187.0,raspberry_pi_seeed_gsr,"1855187,0.6753"
2026-05-31T15:36:21.763,test88,self_20260531_153611,clip_126,1,rest,,0.6745,1855208.0,raspberry_pi_seeed_gsr,"1855208,0.6745"
2026-05-31T15:36:21.784,test88,self_20260531_153611,clip_126,1,rest,,0.6769,1855229.0,raspberry_pi_seeed_gsr,"1855229,0.6769"
2026-05-31T15:36:21.805,test88,self_20260531_153611,clip_126,1,rest,,0.6769,1855250.0,raspberry_pi_seeed_gsr,"1855250,0.6769"
2026-05-31T15:36:21.826,test88,self_20260531_153611,clip_126,1,rest,,0.6785,1855272.0,raspberry_pi_seeed_gsr,"1855272,0.6785"
2026-05-31T15:36:21.846,test88,self_20260531_153611,clip_126,1,rest,,0.6745,1855292.0,raspberry_pi_seeed_gsr,"1855292,0.6745"
2026-05-31T15:36:21.893,test88,self_20260531_153611,clip_126,1,rest,,0.6745,1855313.0,raspberry_pi_seeed_gsr,"1855313,0.6745"
2026-05-31T15:36:21.894,test88,self_20260531_153611,clip_126,1,rest,,0.6729,1855334.0,raspberry_pi_seeed_gsr,"1855334,0.6729"
2026-05-31T15:36:21.909,test88,self_20260531_153611,clip_126,1,rest,,0.6737,1855355.0,raspberry_pi_seeed_gsr,"1855355,0.6737"
2026-05-31T15:36:21.930,test88,self_20260531_153611,clip_126,1,rest,,0.6648,1855376.0,raspberry_pi_seeed_gsr,"1855376,0.6648"
2026-05-31T15:36:21.951,test88,self_20260531_153611,clip_126,1,rest,,0.6745,1855397.0,raspberry_pi_seeed_gsr,"1855397,0.6745"
2026-05-31T15:36:21.972,test88,self_20260531_153611,clip_126,1,rest,,0.6745,1855418.0,raspberry_pi_seeed_gsr,"1855418,0.6745"
2026-05-31T15:36:21.993,test88,self_20260531_153611,clip_126,1,rest,,0.6745,1855439.0,raspberry_pi_seeed_gsr,"1855439,0.6745"
2026-05-31T15:36:22.015,test88,self_20260531_153611,clip_126,1,rest,,0.6737,1855460.0,raspberry_pi_seeed_gsr,"1855460,0.6737"
2026-05-31T15:36:22.036,test88,self_20260531_153611,clip_126,1,rest,,0.6737,1855481.0,raspberry_pi_seeed_gsr,"1855481,0.6737"
2026-05-31T15:36:22.057,test88,self_20260531_153611,clip_126,1,rest,,0.6753,1855502.0,raspberry_pi_seeed_gsr,"1855502,0.6753"
2026-05-31T15:36:22.078,test88,self_20260531_153611,clip_126,1,rest,,0.6753,1855523.0,raspberry_pi_seeed_gsr,"1855523,0.6753"
2026-05-31T15:36:22.099,test88,self_20260531_153611,clip_126,1,rest,,0.6769,1855544.0,raspberry_pi_seeed_gsr,"1855544,0.6769"
2026-05-31T15:36:22.148,test88,self_20260531_153611,clip_126,1,rest,,0.6753,1855565.0,raspberry_pi_seeed_gsr,"1855565,0.6753"
2026-05-31T15:36:22.148,test88,self_20260531_153611,clip_126,1,rest,,0.6769,1855586.0,raspberry_pi_seeed_gsr,"1855586,0.6769"
2026-05-31T15:36:22.162,test88,self_20260531_153611,clip_126,1,rest,,0.6858,1855607.0,raspberry_pi_seeed_gsr,"1855607,0.6858"
2026-05-31T15:36:22.183,test88,self_20260531_153611,clip_126,1,rest,,0.6769,1855628.0,raspberry_pi_seeed_gsr,"1855628,0.6769"
2026-05-31T15:36:22.204,test88,self_20260531_153611,clip_126,1,rest,,0.6737,1855649.0,raspberry_pi_seeed_gsr,"1855649,0.6737"
2026-05-31T15:36:22.225,test88,self_20260531_153611,clip_126,1,rest,,0.6713,1855670.0,raspberry_pi_seeed_gsr,"1855670,0.6713"
2026-05-31T15:36:22.246,test88,self_20260531_153611,clip_126,1,rest,,0.6745,1855691.0,raspberry_pi_seeed_gsr,"1855691,0.6745"
2026-05-31T15:36:22.267,test88,self_20260531_153611,clip_126,1,rest,,0.6745,1855713.0,raspberry_pi_seeed_gsr,"1855713,0.6745"
2026-05-31T15:36:22.287,test88,self_20260531_153611,clip_126,1,rest,,0.6689,1855733.0,raspberry_pi_seeed_gsr,"1855733,0.6689"
2026-05-31T15:36:22.308,test88,self_20260531_153611,clip_126,1,rest,,0.6753,1855754.0,raspberry_pi_seeed_gsr,"1855754,0.6753"
2026-05-31T15:36:22.329,test88,self_20260531_153611,clip_126,1,rest,,0.6753,1855775.0,raspberry_pi_seeed_gsr,"1855775,0.6753"
2026-05-31T15:36:22.350,test88,self_20260531_153611,clip_126,1,rest,,0.6753,1855796.0,raspberry_pi_seeed_gsr,"1855796,0.6753"
2026-05-31T15:36:22.375,test88,self_20260531_153611,clip_126,1,rest,,0.6673,1855817.0,raspberry_pi_seeed_gsr,"1855817,0.6673"
2026-05-31T15:36:22.392,test88,self_20260531_153611,clip_126,1,rest,,0.6729,1855838.0,raspberry_pi_seeed_gsr,"1855838,0.6729"
2026-05-31T15:36:22.413,test88,self_20260531_153611,clip_126,1,rest,,0.6721,1855859.0,raspberry_pi_seeed_gsr,"1855859,0.6721"
2026-05-31T15:36:22.434,test88,self_20260531_153611,clip_126,1,rest,,0.6745,1855880.0,raspberry_pi_seeed_gsr,"1855880,0.6745"
2026-05-31T15:36:22.455,test88,self_20260531_153611,clip_126,1,rest,,0.6753,1855901.0,raspberry_pi_seeed_gsr,"1855901,0.6753"
2026-05-31T15:36:22.476,test88,self_20260531_153611,clip_126,1,rest,,0.6769,1855922.0,raspberry_pi_seeed_gsr,"1855922,0.6769"
2026-05-31T15:36:22.498,test88,self_20260531_153611,clip_126,1,rest,,0.6753,1855943.0,raspberry_pi_seeed_gsr,"1855943,0.6753"
2026-05-31T15:36:22.519,test88,self_20260531_153611,clip_126,1,rest,,0.6745,1855964.0,raspberry_pi_seeed_gsr,"1855964,0.6745"
2026-05-31T15:36:22.540,test88,self_20260531_153611,clip_126,1,rest,,0.6753,1855985.0,raspberry_pi_seeed_gsr,"1855985,0.6753"
2026-05-31T15:36:22.561,test88,self_20260531_153611,clip_126,1,rest,,0.6777,1856006.0,raspberry_pi_seeed_gsr,"1856006,0.6777"
2026-05-31T15:36:22.582,test88,self_20260531_153611,clip_126,1,rest,,0.6826,1856027.0,raspberry_pi_seeed_gsr,"1856027,0.6826"
2026-05-31T15:36:22.603,test88,self_20260531_153611,clip_126,1,rest,,0.6769,1856048.0,raspberry_pi_seeed_gsr,"1856048,0.6769"
2026-05-31T15:36:22.649,test88,self_20260531_153611,clip_126,1,rest,,0.6745,1856069.0,raspberry_pi_seeed_gsr,"1856069,0.6745"
2026-05-31T15:36:22.650,test88,self_20260531_153611,clip_126,1,rest,,0.6656,1856090.0,raspberry_pi_seeed_gsr,"1856090,0.6656"
2026-05-31T15:36:22.666,test88,self_20260531_153611,clip_126,1,rest,,0.6753,1856111.0,raspberry_pi_seeed_gsr,"1856111,0.6753"
2026-05-31T15:36:22.687,test88,self_20260531_153611,clip_126,1,rest,,0.6818,1856133.0,raspberry_pi_seeed_gsr,"1856133,0.6818"
2026-05-31T15:36:22.707,test88,self_20260531_153611,clip_126,1,rest,,0.6777,1856153.0,raspberry_pi_seeed_gsr,"1856153,0.6777"
2026-05-31T15:36:22.727,test88,self_20260531_153611,clip_126,1,rest,,0.6793,1856173.0,raspberry_pi_seeed_gsr,"1856173,0.6793"
2026-05-31T15:36:22.748,test88,self_20260531_153611,clip_126,1,rest,,0.6793,1856194.0,raspberry_pi_seeed_gsr,"1856194,0.6793"
2026-05-31T15:36:22.769,test88,self_20260531_153611,clip_126,1,rest,,0.6753,1856215.0,raspberry_pi_seeed_gsr,"1856215,0.6753"
2026-05-31T15:36:22.790,test88,self_20260531_153611,clip_126,1,rest,,0.6713,1856236.0,raspberry_pi_seeed_gsr,"1856236,0.6713"
2026-05-31T15:36:22.812,test88,self_20260531_153611,clip_126,1,rest,,0.6753,1856257.0,raspberry_pi_seeed_gsr,"1856257,0.6753"
2026-05-31T15:36:22.833,test88,self_20260531_153611,clip_126,1,rest,,0.6737,1856278.0,raspberry_pi_seeed_gsr,"1856278,0.6737"
2026-05-31T15:36:22.854,test88,self_20260531_153611,clip_126,1,rest,,0.6777,1856299.0,raspberry_pi_seeed_gsr,"1856299,0.6777"
2026-05-31T15:36:22.901,test88,self_20260531_153611,clip_126,1,rest,,0.6809,1856320.0,raspberry_pi_seeed_gsr,"1856320,0.6809"
2026-05-31T15:36:22.902,test88,self_20260531_153611,clip_126,1,rest,,0.6769,1856341.0,raspberry_pi_seeed_gsr,"1856341,0.6769"
2026-05-31T15:36:22.917,test88,self_20260531_153611,clip_126,1,rest,,0.6785,1856362.0,raspberry_pi_seeed_gsr,"1856362,0.6785"
2026-05-31T15:36:22.938,test88,self_20260531_153611,clip_126,1,rest,,0.6785,1856383.0,raspberry_pi_seeed_gsr,"1856383,0.6785"
2026-05-31T15:36:22.959,test88,self_20260531_153611,clip_126,1,rest,,0.6785,1856404.0,raspberry_pi_seeed_gsr,"1856404,0.6785"
2026-05-31T15:36:22.980,test88,self_20260531_153611,clip_126,1,rest,,0.6753,1856425.0,raspberry_pi_seeed_gsr,"1856425,0.6753"
2026-05-31T15:36:23.001,test88,self_20260531_153611,clip_126,1,rest,,0.6785,1856446.0,raspberry_pi_seeed_gsr,"1856446,0.6785"
2026-05-31T15:36:23.022,test88,self_20260531_153611,clip_126,1,rest,,0.6785,1856467.0,raspberry_pi_seeed_gsr,"1856467,0.6785"
2026-05-31T15:36:23.043,test88,self_20260531_153611,clip_126,1,rest,,0.6769,1856488.0,raspberry_pi_seeed_gsr,"1856488,0.6769"
2026-05-31T15:36:23.064,test88,self_20260531_153611,clip_126,1,rest,,0.6785,1856509.0,raspberry_pi_seeed_gsr,"1856509,0.6785"
2026-05-31T15:36:23.086,test88,self_20260531_153611,clip_126,1,rest,,0.6793,1856531.0,raspberry_pi_seeed_gsr,"1856531,0.6793"
2026-05-31T15:36:23.105,test88,self_20260531_153611,clip_126,1,rest,,0.6777,1856551.0,raspberry_pi_seeed_gsr,"1856551,0.6777"
2026-05-31T15:36:23.154,test88,self_20260531_153611,clip_126,1,rest,,0.6753,1856572.0,raspberry_pi_seeed_gsr,"1856572,0.6753"
2026-05-31T15:36:23.154,test88,self_20260531_153611,clip_126,1,rest,,0.6793,1856593.0,raspberry_pi_seeed_gsr,"1856593,0.6793"
2026-05-31T15:36:23.168,test88,self_20260531_153611,clip_126,1,rest,,0.6753,1856614.0,raspberry_pi_seeed_gsr,"1856614,0.6753"
2026-05-31T15:36:23.189,test88,self_20260531_153611,clip_126,1,rest,,0.6737,1856635.0,raspberry_pi_seeed_gsr,"1856635,0.6737"
2026-05-31T15:36:23.210,test88,self_20260531_153611,clip_126,1,rest,,0.6793,1856656.0,raspberry_pi_seeed_gsr,"1856656,0.6793"
2026-05-31T15:36:23.231,test88,self_20260531_153611,clip_126,1,rest,,0.6801,1856677.0,raspberry_pi_seeed_gsr,"1856677,0.6801"
2026-05-31T15:36:23.252,test88,self_20260531_153611,clip_126,1,rest,,0.6785,1856698.0,raspberry_pi_seeed_gsr,"1856698,0.6785"
2026-05-31T15:36:23.273,test88,self_20260531_153611,clip_126,1,rest,,0.6785,1856719.0,raspberry_pi_seeed_gsr,"1856719,0.6785"
2026-05-31T15:36:23.294,test88,self_20260531_153611,clip_126,1,rest,,0.6858,1856740.0,raspberry_pi_seeed_gsr,"1856740,0.6858"
2026-05-31T15:36:23.315,test88,self_20260531_153611,clip_126,1,rest,,0.6818,1856761.0,raspberry_pi_seeed_gsr,"1856761,0.6818"
2026-05-31T15:36:23.337,test88,self_20260531_153611,clip_126,1,rest,,0.6793,1856782.0,raspberry_pi_seeed_gsr,"1856782,0.6793"
2026-05-31T15:36:23.358,test88,self_20260531_153611,clip_126,1,rest,,0.6785,1856803.0,raspberry_pi_seeed_gsr,"1856803,0.6785"
2026-05-31T15:36:23.379,test88,self_20260531_153611,clip_126,1,rest,,0.6777,1856824.0,raspberry_pi_seeed_gsr,"1856824,0.6777"
2026-05-31T15:36:23.402,test88,self_20260531_153611,clip_126,1,rest,,0.6809,1856845.0,raspberry_pi_seeed_gsr,"1856845,0.6809"
2026-05-31T15:36:23.421,test88,self_20260531_153611,clip_126,1,rest,,0.6785,1856866.0,raspberry_pi_seeed_gsr,"1856866,0.6785"
2026-05-31T15:36:23.442,test88,self_20260531_153611,clip_126,1,rest,,0.6793,1856887.0,raspberry_pi_seeed_gsr,"1856887,0.6793"
2026-05-31T15:36:23.463,test88,self_20260531_153611,clip_126,1,rest,,0.6809,1856908.0,raspberry_pi_seeed_gsr,"1856908,0.6809"
2026-05-31T15:36:23.484,test88,self_20260531_153611,clip_126,1,rest,,0.6818,1856929.0,raspberry_pi_seeed_gsr,"1856929,0.6818"
2026-05-31T15:36:23.505,test88,self_20260531_153611,clip_126,1,rest,,0.6801,1856951.0,raspberry_pi_seeed_gsr,"1856951,0.6801"
2026-05-31T15:36:23.525,test88,self_20260531_153611,clip_126,1,rest,,0.6818,1856971.0,raspberry_pi_seeed_gsr,"1856971,0.6818"
2026-05-31T15:36:23.546,test88,self_20260531_153611,clip_126,1,rest,,0.6834,1856992.0,raspberry_pi_seeed_gsr,"1856992,0.6834"
2026-05-31T15:36:23.567,test88,self_20260531_153611,clip_126,1,rest,,0.6793,1857013.0,raspberry_pi_seeed_gsr,"1857013,0.6793"
2026-05-31T15:36:23.588,test88,self_20260531_153611,clip_126,1,rest,,0.6745,1857034.0,raspberry_pi_seeed_gsr,"1857034,0.6745"
2026-05-31T15:36:23.610,test88,self_20260531_153611,clip_126,1,rest,,0.6793,1857055.0,raspberry_pi_seeed_gsr,"1857055,0.6793"
2026-05-31T15:36:23.631,test88,self_20260531_153611,clip_126,1,rest,,0.6826,1857076.0,raspberry_pi_seeed_gsr,"1857076,0.6826"
2026-05-31T15:36:23.679,test88,self_20260531_153611,clip_126,1,rest,,0.6801,1857097.0,raspberry_pi_seeed_gsr,"1857097,0.6801"
2026-05-31T15:36:23.680,test88,self_20260531_153611,clip_126,1,rest,,0.6801,1857118.0,raspberry_pi_seeed_gsr,"1857118,0.6801"
2026-05-31T15:36:23.693,test88,self_20260531_153611,clip_126,1,rest,,0.6809,1857139.0,raspberry_pi_seeed_gsr,"1857139,0.6809"
2026-05-31T15:36:23.715,test88,self_20260531_153611,clip_126,1,rest,,0.6818,1857160.0,raspberry_pi_seeed_gsr,"1857160,0.6818"
2026-05-31T15:36:23.736,test88,self_20260531_153611,clip_126,1,rest,,0.6834,1857181.0,raspberry_pi_seeed_gsr,"1857181,0.6834"
2026-05-31T15:36:23.757,test88,self_20260531_153611,clip_126,1,rest,,0.6801,1857202.0,raspberry_pi_seeed_gsr,"1857202,0.6801"
2026-05-31T15:36:23.778,test88,self_20260531_153611,clip_126,1,rest,,0.6882,1857223.0,raspberry_pi_seeed_gsr,"1857223,0.6882"
2026-05-31T15:36:23.799,test88,self_20260531_153611,clip_126,1,rest,,0.6826,1857244.0,raspberry_pi_seeed_gsr,"1857244,0.6826"
2026-05-31T15:36:23.820,test88,self_20260531_153611,clip_126,1,rest,,0.6818,1857265.0,raspberry_pi_seeed_gsr,"1857265,0.6818"
2026-05-31T15:36:23.841,test88,self_20260531_153611,clip_126,1,rest,,0.6834,1857286.0,raspberry_pi_seeed_gsr,"1857286,0.6834"
2026-05-31T15:36:23.862,test88,self_20260531_153611,clip_126,1,rest,,0.6842,1857307.0,raspberry_pi_seeed_gsr,"1857307,0.6842"
2026-05-31T15:36:23.884,test88,self_20260531_153611,clip_126,1,rest,,0.6818,1857329.0,raspberry_pi_seeed_gsr,"1857329,0.6818"
2026-05-31T15:36:23.929,test88,self_20260531_153611,clip_126,1,rest,,0.6761,1857349.0,raspberry_pi_seeed_gsr,"1857349,0.6761"
2026-05-31T15:36:23.930,test88,self_20260531_153611,clip_126,1,rest,,0.6826,1857369.0,raspberry_pi_seeed_gsr,"1857369,0.6826"
2026-05-31T15:36:23.944,test88,self_20260531_153611,clip_126,1,rest,,0.6834,1857390.0,raspberry_pi_seeed_gsr,"1857390,0.6834"
2026-05-31T15:36:23.965,test88,self_20260531_153611,clip_126,1,rest,,0.6834,1857411.0,raspberry_pi_seeed_gsr,"1857411,0.6834"
2026-05-31T15:36:23.986,test88,self_20260531_153611,clip_126,1,rest,,0.6834,1857432.0,raspberry_pi_seeed_gsr,"1857432,0.6834"
2026-05-31T15:36:24.007,test88,self_20260531_153611,clip_126,1,rest,,0.6842,1857453.0,raspberry_pi_seeed_gsr,"1857453,0.6842"
2026-05-31T15:36:24.028,test88,self_20260531_153611,clip_126,1,rest,,0.6834,1857474.0,raspberry_pi_seeed_gsr,"1857474,0.6834"
2026-05-31T15:36:24.049,test88,self_20260531_153611,clip_126,1,rest,,0.6834,1857495.0,raspberry_pi_seeed_gsr,"1857495,0.6834"
2026-05-31T15:36:24.071,test88,self_20260531_153611,clip_126,1,rest,,0.6818,1857516.0,raspberry_pi_seeed_gsr,"1857516,0.6818"
2026-05-31T15:36:24.092,test88,self_20260531_153611,clip_126,1,rest,,0.6826,1857537.0,raspberry_pi_seeed_gsr,"1857537,0.6826"
2026-05-31T15:36:24.113,test88,self_20260531_153611,clip_126,1,rest,,0.6801,1857558.0,raspberry_pi_seeed_gsr,"1857558,0.6801"
2026-05-31T15:36:24.134,test88,self_20260531_153611,clip_126,1,rest,,0.6737,1857579.0,raspberry_pi_seeed_gsr,"1857579,0.6737"
2026-05-31T15:36:24.177,test88,self_20260531_153611,clip_126,1,rest,,0.685,1857600.0,raspberry_pi_seeed_gsr,"1857600,0.6850"
2026-05-31T15:36:24.178,test88,self_20260531_153611,clip_126,1,rest,,0.6858,1857621.0,raspberry_pi_seeed_gsr,"1857621,0.6858"
2026-05-31T15:36:24.197,test88,self_20260531_153611,clip_126,1,rest,,0.6809,1857642.0,raspberry_pi_seeed_gsr,"1857642,0.6809"
2026-05-31T15:36:24.218,test88,self_20260531_153611,clip_126,1,rest,,0.6793,1857663.0,raspberry_pi_seeed_gsr,"1857663,0.6793"
2026-05-31T15:36:24.239,test88,self_20260531_153611,clip_126,1,rest,,0.6834,1857684.0,raspberry_pi_seeed_gsr,"1857684,0.6834"
2026-05-31T15:36:24.260,test88,self_20260531_153611,clip_126,1,rest,,0.6793,1857705.0,raspberry_pi_seeed_gsr,"1857705,0.6793"
2026-05-31T15:36:24.281,test88,self_20260531_153611,clip_126,1,rest,,0.6785,1857726.0,raspberry_pi_seeed_gsr,"1857726,0.6785"
2026-05-31T15:36:24.302,test88,self_20260531_153611,clip_126,1,rest,,0.6785,1857748.0,raspberry_pi_seeed_gsr,"1857748,0.6785"
2026-05-31T15:36:24.322,test88,self_20260531_153611,clip_126,1,rest,,0.6826,1857768.0,raspberry_pi_seeed_gsr,"1857768,0.6826"
2026-05-31T15:36:24.343,test88,self_20260531_153611,clip_126,1,rest,,0.6777,1857789.0,raspberry_pi_seeed_gsr,"1857789,0.6777"
2026-05-31T15:36:24.364,test88,self_20260531_153611,clip_126,1,rest,,0.6834,1857810.0,raspberry_pi_seeed_gsr,"1857810,0.6834"
2026-05-31T15:36:24.385,test88,self_20260531_153611,clip_126,1,rest,,0.6729,1857831.0,raspberry_pi_seeed_gsr,"1857831,0.6729"
2026-05-31T15:36:24.408,test88,self_20260531_153611,clip_126,1,rest,,0.6664,1857852.0,raspberry_pi_seeed_gsr,"1857852,0.6664"
2026-05-31T15:36:24.427,test88,self_20260531_153611,clip_126,1,rest,,0.6729,1857873.0,raspberry_pi_seeed_gsr,"1857873,0.6729"
2026-05-31T15:36:24.448,test88,self_20260531_153611,clip_126,1,rest,,0.6681,1857894.0,raspberry_pi_seeed_gsr,"1857894,0.6681"
2026-05-31T15:36:24.469,test88,self_20260531_153611,clip_126,1,rest,,0.6689,1857915.0,raspberry_pi_seeed_gsr,"1857915,0.6689"
2026-05-31T15:36:24.490,test88,self_20260531_153611,clip_126,1,rest,,0.664,1857936.0,raspberry_pi_seeed_gsr,"1857936,0.6640"
2026-05-31T15:36:24.512,test88,self_20260531_153611,clip_126,1,rest,,0.6673,1857957.0,raspberry_pi_seeed_gsr,"1857957,0.6673"
2026-05-31T15:36:24.533,test88,self_20260531_153611,clip_126,1,rest,,0.6616,1857978.0,raspberry_pi_seeed_gsr,"1857978,0.6616"
2026-05-31T15:36:24.554,test88,self_20260531_153611,clip_126,1,rest,,0.664,1857999.0,raspberry_pi_seeed_gsr,"1857999,0.6640"
2026-05-31T15:36:24.575,test88,self_20260531_153611,clip_126,1,rest,,0.656,1858020.0,raspberry_pi_seeed_gsr,"1858020,0.6560"
2026-05-31T15:36:24.596,test88,self_20260531_153611,clip_126,1,rest,,0.6616,1858041.0,raspberry_pi_seeed_gsr,"1858041,0.6616"
2026-05-31T15:36:24.617,test88,self_20260531_153611,clip_126,1,rest,,0.6592,1858062.0,raspberry_pi_seeed_gsr,"1858062,0.6592"
2026-05-31T15:36:24.638,test88,self_20260531_153611,clip_126,1,rest,,0.6568,1858083.0,raspberry_pi_seeed_gsr,"1858083,0.6568"
2026-05-31T15:36:24.684,test88,self_20260531_153611,clip_126,1,rest,,0.6552,1858104.0,raspberry_pi_seeed_gsr,"1858104,0.6552"
2026-05-31T15:36:24.685,test88,self_20260531_153611,clip_126,1,rest,,0.6544,1858125.0,raspberry_pi_seeed_gsr,"1858125,0.6544"
2026-05-31T15:36:24.701,test88,self_20260531_153611,clip_126,1,rest,,0.6511,1858146.0,raspberry_pi_seeed_gsr,"1858146,0.6511"
2026-05-31T15:36:24.722,test88,self_20260531_153611,clip_126,1,rest,,0.6544,1858167.0,raspberry_pi_seeed_gsr,"1858167,0.6544"
2026-05-31T15:36:24.743,test88,self_20260531_153611,clip_126,1,rest,,0.6552,1858188.0,raspberry_pi_seeed_gsr,"1858188,0.6552"
2026-05-31T15:36:24.764,test88,self_20260531_153611,clip_126,1,rest,,0.6455,1858209.0,raspberry_pi_seeed_gsr,"1858209,0.6455"
2026-05-31T15:36:24.785,test88,self_20260531_153611,clip_126,1,rest,,0.6455,1858231.0,raspberry_pi_seeed_gsr,"1858231,0.6455"
2026-05-31T15:36:24.805,test88,self_20260531_153611,clip_126,1,rest,,0.6366,1858251.0,raspberry_pi_seeed_gsr,"1858251,0.6366"
2026-05-31T15:36:24.826,test88,self_20260531_153611,clip_126,1,rest,,0.6455,1858272.0,raspberry_pi_seeed_gsr,"1858272,0.6455"
2026-05-31T15:36:24.847,test88,self_20260531_153611,clip_126,1,rest,,0.6423,1858293.0,raspberry_pi_seeed_gsr,"1858293,0.6423"
2026-05-31T15:36:24.869,test88,self_20260531_153611,clip_126,1,rest,,0.6415,1858314.0,raspberry_pi_seeed_gsr,"1858314,0.6415"
2026-05-31T15:36:24.890,test88,self_20260531_153611,clip_126,1,rest,,0.635,1858335.0,raspberry_pi_seeed_gsr,"1858335,0.6350"
2026-05-31T15:36:24.933,test88,self_20260531_153611,clip_126,1,rest,,0.6366,1858356.0,raspberry_pi_seeed_gsr,"1858356,0.6366"
2026-05-31T15:36:24.934,test88,self_20260531_153611,clip_126,1,rest,,0.6334,1858377.0,raspberry_pi_seeed_gsr,"1858377,0.6334"
2026-05-31T15:36:24.952,test88,self_20260531_153611,clip_126,1,rest,,0.6278,1858398.0,raspberry_pi_seeed_gsr,"1858398,0.6278"
2026-05-31T15:36:24.973,test88,self_20260531_153611,clip_126,1,rest,,0.631,1858419.0,raspberry_pi_seeed_gsr,"1858419,0.6310"
2026-05-31T15:36:24.995,test88,self_20260531_153611,clip_126,1,rest,,0.6302,1858440.0,raspberry_pi_seeed_gsr,"1858440,0.6302"
2026-05-31T15:36:25.016,test88,self_20260531_153611,clip_126,1,rest,,0.6278,1858461.0,raspberry_pi_seeed_gsr,"1858461,0.6278"
2026-05-31T15:36:25.037,test88,self_20260531_153611,clip_126,1,rest,,0.6294,1858482.0,raspberry_pi_seeed_gsr,"1858482,0.6294"
2026-05-31T15:36:25.058,test88,self_20260531_153611,clip_126,1,rest,,0.6262,1858503.0,raspberry_pi_seeed_gsr,"1858503,0.6262"
2026-05-31T15:36:25.079,test88,self_20260531_153611,clip_126,1,rest,,0.6254,1858524.0,raspberry_pi_seeed_gsr,"1858524,0.6254"
2026-05-31T15:36:25.100,test88,self_20260531_153611,clip_126,1,rest,,0.6254,1858545.0,raspberry_pi_seeed_gsr,"1858545,0.6254"
2026-05-31T15:36:25.121,test88,self_20260531_153611,clip_126,1,rest,,0.6237,1858566.0,raspberry_pi_seeed_gsr,"1858566,0.6237"
2026-05-31T15:36:25.142,test88,self_20260531_153611,clip_126,1,rest,,0.6213,1858587.0,raspberry_pi_seeed_gsr,"1858587,0.6213"
2026-05-31T15:36:25.187,test88,self_20260531_153611,clip_126,1,rest,,0.6213,1858608.0,raspberry_pi_seeed_gsr,"1858608,0.6213"
2026-05-31T15:36:25.188,test88,self_20260531_153611,clip_126,1,rest,,0.6164,1858630.0,raspberry_pi_seeed_gsr,"1858630,0.6164"
2026-05-31T15:36:25.204,test88,self_20260531_153611,clip_126,1,rest,,0.6197,1858650.0,raspberry_pi_seeed_gsr,"1858650,0.6197"
2026-05-31T15:36:25.225,test88,self_20260531_153611,clip_126,1,rest,,0.6205,1858671.0,raspberry_pi_seeed_gsr,"1858671,0.6205"
2026-05-31T15:36:25.246,test88,self_20260531_153611,clip_126,1,rest,,0.6181,1858692.0,raspberry_pi_seeed_gsr,"1858692,0.6181"
2026-05-31T15:36:25.267,test88,self_20260531_153611,clip_126,1,rest,,0.6164,1858713.0,raspberry_pi_seeed_gsr,"1858713,0.6164"
2026-05-31T15:36:25.288,test88,self_20260531_153611,clip_126,1,rest,,0.6164,1858734.0,raspberry_pi_seeed_gsr,"1858734,0.6164"
2026-05-31T15:36:25.309,test88,self_20260531_153611,clip_126,1,rest,,0.6148,1858755.0,raspberry_pi_seeed_gsr,"1858755,0.6148"
2026-05-31T15:36:25.330,test88,self_20260531_153611,clip_126,1,rest,,0.614,1858776.0,raspberry_pi_seeed_gsr,"1858776,0.6140"
2026-05-31T15:36:25.351,test88,self_20260531_153611,clip_126,1,rest,,0.6148,1858797.0,raspberry_pi_seeed_gsr,"1858797,0.6148"
2026-05-31T15:36:25.372,test88,self_20260531_153611,clip_126,1,rest,,0.614,1858818.0,raspberry_pi_seeed_gsr,"1858818,0.6140"
2026-05-31T15:36:25.393,test88,self_20260531_153611,clip_126,1,rest,,0.6148,1858839.0,raspberry_pi_seeed_gsr,"1858839,0.6148"
2026-05-31T15:36:25.417,test88,self_20260531_153611,clip_126,1,rest,,0.6124,1858860.0,raspberry_pi_seeed_gsr,"1858860,0.6124"
2026-05-31T15:36:25.436,test88,self_20260531_153611,clip_126,1,rest,,0.6124,1858881.0,raspberry_pi_seeed_gsr,"1858881,0.6124"
2026-05-31T15:36:25.457,test88,self_20260531_153611,clip_126,1,rest,,0.6124,1858902.0,raspberry_pi_seeed_gsr,"1858902,0.6124"
2026-05-31T15:36:25.478,test88,self_20260531_153611,clip_126,1,rest,,0.6156,1858923.0,raspberry_pi_seeed_gsr,"1858923,0.6156"
2026-05-31T15:36:25.499,test88,self_20260531_153611,clip_126,1,rest,,0.6148,1858944.0,raspberry_pi_seeed_gsr,"1858944,0.6148"
2026-05-31T15:36:25.520,test88,self_20260531_153611,clip_126,1,rest,,0.606,1858965.0,raspberry_pi_seeed_gsr,"1858965,0.6060"
2026-05-31T15:36:25.541,test88,self_20260531_153611,clip_126,1,rest,,0.6116,1858986.0,raspberry_pi_seeed_gsr,"1858986,0.6116"
2026-05-31T15:36:25.562,test88,self_20260531_153611,clip_126,1,rest,,0.6124,1859007.0,raspberry_pi_seeed_gsr,"1859007,0.6124"
2026-05-31T15:36:25.583,test88,self_20260531_153611,clip_126,1,rest,,0.6124,1859028.0,raspberry_pi_seeed_gsr,"1859028,0.6124"
2026-05-31T15:36:25.604,test88,self_20260531_153611,clip_126,1,rest,,0.6148,1859049.0,raspberry_pi_seeed_gsr,"1859049,0.6148"
2026-05-31T15:36:25.625,test88,self_20260531_153611,clip_126,1,rest,,0.6036,1859070.0,raspberry_pi_seeed_gsr,"1859070,0.6036"
2026-05-31T15:36:25.646,test88,self_20260531_153611,clip_126,1,rest,,0.61,1859092.0,raspberry_pi_seeed_gsr,"1859092,0.6100"
2026-05-31T15:36:25.696,test88,self_20260531_153611,clip_126,1,rest,,0.6116,1859113.0,raspberry_pi_seeed_gsr,"1859113,0.6116"
2026-05-31T15:36:25.696,test88,self_20260531_153611,clip_126,1,rest,,0.6124,1859133.0,raspberry_pi_seeed_gsr,"1859133,0.6124"
2026-05-31T15:36:25.708,test88,self_20260531_153611,clip_126,1,rest,,0.6068,1859154.0,raspberry_pi_seeed_gsr,"1859154,0.6068"
2026-05-31T15:36:25.729,test88,self_20260531_153611,clip_126,1,rest,,0.61,1859175.0,raspberry_pi_seeed_gsr,"1859175,0.6100"
2026-05-31T15:36:25.750,test88,self_20260531_153611,clip_126,1,rest,,0.6116,1859196.0,raspberry_pi_seeed_gsr,"1859196,0.6116"
2026-05-31T15:36:25.771,test88,self_20260531_153611,clip_126,1,rest,,0.614,1859217.0,raspberry_pi_seeed_gsr,"1859217,0.6140"
2026-05-31T15:36:25.792,test88,self_20260531_153611,clip_126,1,rest,,0.6108,1859238.0,raspberry_pi_seeed_gsr,"1859238,0.6108"
2026-05-31T15:36:25.813,test88,self_20260531_153611,clip_126,1,rest,,0.6132,1859259.0,raspberry_pi_seeed_gsr,"1859259,0.6132"
2026-05-31T15:36:25.835,test88,self_20260531_153611,clip_126,1,rest,,0.6172,1859280.0,raspberry_pi_seeed_gsr,"1859280,0.6172"
2026-05-31T15:36:25.856,test88,self_20260531_153611,clip_126,1,rest,,0.614,1859301.0,raspberry_pi_seeed_gsr,"1859301,0.6140"
2026-05-31T15:36:25.877,test88,self_20260531_153611,clip_126,1,rest,,0.6092,1859322.0,raspberry_pi_seeed_gsr,"1859322,0.6092"
2026-05-31T15:36:25.898,test88,self_20260531_153611,clip_126,1,rest,,0.6124,1859343.0,raspberry_pi_seeed_gsr,"1859343,0.6124"
2026-05-31T15:36:25.944,test88,self_20260531_153611,clip_126,1,rest,,0.6019,1859364.0,raspberry_pi_seeed_gsr,"1859364,0.6019"
2026-05-31T15:36:25.944,test88,self_20260531_153611,clip_126,1,rest,,0.6132,1859385.0,raspberry_pi_seeed_gsr,"1859385,0.6132"
2026-05-31T15:36:25.961,test88,self_20260531_153611,clip_126,1,rest,,0.61,1859406.0,raspberry_pi_seeed_gsr,"1859406,0.6100"
2026-05-31T15:36:25.982,test88,self_20260531_153611,clip_126,1,rest,,0.6132,1859427.0,raspberry_pi_seeed_gsr,"1859427,0.6132"
2026-05-31T15:36:26.003,test88,self_20260531_153611,clip_126,1,rest,,0.6156,1859448.0,raspberry_pi_seeed_gsr,"1859448,0.6156"
2026-05-31T15:36:26.024,test88,self_20260531_153611,clip_126,1,rest,,0.6132,1859469.0,raspberry_pi_seeed_gsr,"1859469,0.6132"
2026-05-31T15:36:26.045,test88,self_20260531_153611,clip_126,1,rest,,0.6132,1859490.0,raspberry_pi_seeed_gsr,"1859490,0.6132"
2026-05-31T15:36:26.066,test88,self_20260531_153611,clip_126,1,rest,,0.6148,1859511.0,raspberry_pi_seeed_gsr,"1859511,0.6148"
2026-05-31T15:36:26.087,test88,self_20260531_153611,clip_126,1,rest,,0.6197,1859532.0,raspberry_pi_seeed_gsr,"1859532,0.6197"
2026-05-31T15:36:26.108,test88,self_20260531_153611,clip_126,1,rest,,0.6148,1859553.0,raspberry_pi_seeed_gsr,"1859553,0.6148"
2026-05-31T15:36:26.129,test88,self_20260531_153611,clip_126,1,rest,,0.6156,1859574.0,raspberry_pi_seeed_gsr,"1859574,0.6156"
2026-05-31T15:36:26.150,test88,self_20260531_153611,clip_126,1,rest,,0.6164,1859595.0,raspberry_pi_seeed_gsr,"1859595,0.6164"
2026-05-31T15:36:26.196,test88,self_20260531_153611,clip_126,1,rest,,0.6164,1859616.0,raspberry_pi_seeed_gsr,"1859616,0.6164"
2026-05-31T15:36:26.197,test88,self_20260531_153611,clip_126,1,rest,,0.6197,1859638.0,raspberry_pi_seeed_gsr,"1859638,0.6197"
2026-05-31T15:36:26.212,test88,self_20260531_153611,clip_126,1,rest,,0.6172,1859658.0,raspberry_pi_seeed_gsr,"1859658,0.6172"
2026-05-31T15:36:26.233,test88,self_20260531_153611,clip_126,1,rest,,0.6052,1859679.0,raspberry_pi_seeed_gsr,"1859679,0.6052"
2026-05-31T15:36:26.254,test88,self_20260531_153611,clip_126,1,rest,,0.614,1859700.0,raspberry_pi_seeed_gsr,"1859700,0.6140"
2026-05-31T15:36:26.275,test88,self_20260531_153611,clip_126,1,rest,,0.6197,1859721.0,raspberry_pi_seeed_gsr,"1859721,0.6197"
2026-05-31T15:36:26.296,test88,self_20260531_153611,clip_126,1,rest,,0.6189,1859742.0,raspberry_pi_seeed_gsr,"1859742,0.6189"
2026-05-31T15:36:26.317,test88,self_20260531_153611,clip_126,1,rest,,0.6172,1859763.0,raspberry_pi_seeed_gsr,"1859763,0.6172"
2026-05-31T15:36:26.338,test88,self_20260531_153611,clip_126,1,rest,,0.6189,1859784.0,raspberry_pi_seeed_gsr,"1859784,0.6189"
2026-05-31T15:36:26.359,test88,self_20260531_153611,clip_126,1,rest,,0.6172,1859805.0,raspberry_pi_seeed_gsr,"1859805,0.6172"
2026-05-31T15:36:26.381,test88,self_20260531_153611,clip_126,1,rest,,0.6189,1859826.0,raspberry_pi_seeed_gsr,"1859826,0.6189"
2026-05-31T15:36:26.402,test88,self_20260531_153611,clip_126,1,rest,,0.6189,1859847.0,raspberry_pi_seeed_gsr,"1859847,0.6189"
2026-05-31T15:36:26.425,test88,self_20260531_153611,clip_126,1,rest,,0.6213,1859868.0,raspberry_pi_seeed_gsr,"1859868,0.6213"
2026-05-31T15:36:26.444,test88,self_20260531_153611,clip_126,1,rest,,0.6172,1859889.0,raspberry_pi_seeed_gsr,"1859889,0.6172"
2026-05-31T15:36:26.465,test88,self_20260531_153611,clip_126,1,rest,,0.6229,1859910.0,raspberry_pi_seeed_gsr,"1859910,0.6229"
2026-05-31T15:36:26.486,test88,self_20260531_153611,clip_126,1,rest,,0.6213,1859931.0,raspberry_pi_seeed_gsr,"1859931,0.6213"
2026-05-31T15:36:26.507,test88,self_20260531_153611,clip_126,1,rest,,0.6213,1859952.0,raspberry_pi_seeed_gsr,"1859952,0.6213"
2026-05-31T15:36:26.528,test88,self_20260531_153611,clip_126,1,rest,,0.6213,1859973.0,raspberry_pi_seeed_gsr,"1859973,0.6213"
2026-05-31T15:36:26.549,test88,self_20260531_153611,clip_126,1,rest,,0.6221,1859994.0,raspberry_pi_seeed_gsr,"1859994,0.6221"
2026-05-31T15:36:26.570,test88,self_20260531_153611,clip_126,1,rest,,0.6205,1860015.0,raspberry_pi_seeed_gsr,"1860015,0.6205"
2026-05-31T15:36:26.591,test88,self_20260531_153611,clip_126,1,rest,,0.6213,1860036.0,raspberry_pi_seeed_gsr,"1860036,0.6213"
2026-05-31T15:36:26.612,test88,self_20260531_153611,clip_126,1,rest,,0.627,1860058.0,raspberry_pi_seeed_gsr,"1860058,0.6270"
2026-05-31T15:36:26.633,test88,self_20260531_153611,clip_126,1,rest,,0.6254,1860078.0,raspberry_pi_seeed_gsr,"1860078,0.6254"
2026-05-31T15:36:26.653,test88,self_20260531_153611,clip_126,1,rest,,0.6237,1860099.0,raspberry_pi_seeed_gsr,"1860099,0.6237"
2026-05-31T15:36:26.698,test88,self_20260531_153611,clip_126,1,rest,,0.6254,1860120.0,raspberry_pi_seeed_gsr,"1860120,0.6254"
2026-05-31T15:36:26.699,test88,self_20260531_153611,clip_126,1,rest,,0.6229,1860141.0,raspberry_pi_seeed_gsr,"1860141,0.6229"
2026-05-31T15:36:26.716,test88,self_20260531_153611,clip_126,1,rest,,0.6246,1860162.0,raspberry_pi_seeed_gsr,"1860162,0.6246"
2026-05-31T15:36:26.737,test88,self_20260531_153611,clip_126,1,rest,,0.6254,1860183.0,raspberry_pi_seeed_gsr,"1860183,0.6254"
2026-05-31T15:36:26.758,test88,self_20260531_153611,clip_126,1,rest,,0.6254,1860204.0,raspberry_pi_seeed_gsr,"1860204,0.6254"
2026-05-31T15:36:26.779,test88,self_20260531_153611,clip_126,1,rest,,0.6286,1860225.0,raspberry_pi_seeed_gsr,"1860225,0.6286"
2026-05-31T15:36:26.801,test88,self_20260531_153611,clip_126,1,rest,,0.6286,1860246.0,raspberry_pi_seeed_gsr,"1860246,0.6286"
2026-05-31T15:36:26.822,test88,self_20260531_153611,clip_126,1,rest,,0.6237,1860267.0,raspberry_pi_seeed_gsr,"1860267,0.6237"
2026-05-31T15:36:26.843,test88,self_20260531_153611,clip_126,1,rest,,0.6294,1860288.0,raspberry_pi_seeed_gsr,"1860288,0.6294"
2026-05-31T15:36:26.864,test88,self_20260531_153611,clip_126,1,rest,,0.6294,1860309.0,raspberry_pi_seeed_gsr,"1860309,0.6294"
2026-05-31T15:36:26.885,test88,self_20260531_153611,clip_126,1,rest,,0.6278,1860330.0,raspberry_pi_seeed_gsr,"1860330,0.6278"
2026-05-31T15:36:26.906,test88,self_20260531_153611,clip_126,1,rest,,0.6278,1860351.0,raspberry_pi_seeed_gsr,"1860351,0.6278"
2026-05-31T15:36:26.952,test88,self_20260531_153611,clip_126,1,rest,,0.6254,1860372.0,raspberry_pi_seeed_gsr,"1860372,0.6254"
2026-05-31T15:36:26.953,test88,self_20260531_153611,clip_126,1,rest,,0.6278,1860393.0,raspberry_pi_seeed_gsr,"1860393,0.6278"
2026-05-31T15:36:26.969,test88,self_20260531_153611,clip_126,1,rest,,0.6262,1860414.0,raspberry_pi_seeed_gsr,"1860414,0.6262"
2026-05-31T15:36:26.990,test88,self_20260531_153611,clip_126,1,rest,,0.6358,1860435.0,raspberry_pi_seeed_gsr,"1860435,0.6358"
2026-05-31T15:36:27.011,test88,self_20260531_153611,clip_126,1,rest,,0.6278,1860456.0,raspberry_pi_seeed_gsr,"1860456,0.6278"
2026-05-31T15:36:27.032,test88,self_20260531_153611,clip_126,1,rest,,0.6326,1860477.0,raspberry_pi_seeed_gsr,"1860477,0.6326"
2026-05-31T15:36:27.053,test88,self_20260531_153611,clip_126,1,rest,,0.6302,1860498.0,raspberry_pi_seeed_gsr,"1860498,0.6302"
2026-05-31T15:36:27.074,test88,self_20260531_153611,clip_126,1,rest,,0.631,1860520.0,raspberry_pi_seeed_gsr,"1860520,0.6310"
2026-05-31T15:36:27.094,test88,self_20260531_153611,clip_126,1,rest,,0.6326,1860540.0,raspberry_pi_seeed_gsr,"1860540,0.6326"
2026-05-31T15:36:27.115,test88,self_20260531_153611,clip_126,1,rest,,0.6326,1860561.0,raspberry_pi_seeed_gsr,"1860561,0.6326"
2026-05-31T15:36:27.137,test88,self_20260531_153611,clip_126,1,rest,,0.6318,1860582.0,raspberry_pi_seeed_gsr,"1860582,0.6318"
2026-05-31T15:36:27.158,test88,self_20260531_153611,clip_126,1,rest,,0.6342,1860603.0,raspberry_pi_seeed_gsr,"1860603,0.6342"
2026-05-31T15:36:27.200,test88,self_20260531_153611,clip_126,1,rest,,0.6342,1860624.0,raspberry_pi_seeed_gsr,"1860624,0.6342"
2026-05-31T15:36:27.201,test88,self_20260531_153611,clip_126,1,rest,,0.6334,1860645.0,raspberry_pi_seeed_gsr,"1860645,0.6334"
2026-05-31T15:36:27.220,test88,self_20260531_153611,clip_126,1,rest,,0.6318,1860666.0,raspberry_pi_seeed_gsr,"1860666,0.6318"
2026-05-31T15:36:27.241,test88,self_20260531_153611,clip_126,1,rest,,0.6326,1860687.0,raspberry_pi_seeed_gsr,"1860687,0.6326"
2026-05-31T15:36:27.262,test88,self_20260531_153611,clip_126,1,rest,,0.6342,1860708.0,raspberry_pi_seeed_gsr,"1860708,0.6342"
2026-05-31T15:36:27.283,test88,self_20260531_153611,clip_126,1,rest,,0.635,1860729.0,raspberry_pi_seeed_gsr,"1860729,0.6350"
2026-05-31T15:36:27.304,test88,self_20260531_153611,clip_126,1,rest,,0.6334,1860750.0,raspberry_pi_seeed_gsr,"1860750,0.6334"
2026-05-31T15:36:27.326,test88,self_20260531_153611,clip_126,1,rest,,0.6342,1860771.0,raspberry_pi_seeed_gsr,"1860771,0.6342"
2026-05-31T15:36:27.347,test88,self_20260531_153611,clip_126,1,rest,,0.6326,1860792.0,raspberry_pi_seeed_gsr,"1860792,0.6326"
2026-05-31T15:36:27.368,test88,self_20260531_153611,clip_126,1,rest,,0.6358,1860813.0,raspberry_pi_seeed_gsr,"1860813,0.6358"
2026-05-31T15:36:27.389,test88,self_20260531_153611,clip_126,1,rest,,0.6358,1860834.0,raspberry_pi_seeed_gsr,"1860834,0.6358"
2026-05-31T15:36:27.410,test88,self_20260531_153611,clip_126,1,rest,,0.6374,1860855.0,raspberry_pi_seeed_gsr,"1860855,0.6374"
2026-05-31T15:36:27.433,test88,self_20260531_153611,clip_126,1,rest,,0.635,1860876.0,raspberry_pi_seeed_gsr,"1860876,0.6350"
2026-05-31T15:36:27.452,test88,self_20260531_153611,clip_126,1,rest,,0.635,1860897.0,raspberry_pi_seeed_gsr,"1860897,0.6350"
2026-05-31T15:36:27.473,test88,self_20260531_153611,clip_126,1,rest,,0.6366,1860918.0,raspberry_pi_seeed_gsr,"1860918,0.6366"
2026-05-31T15:36:27.494,test88,self_20260531_153611,clip_126,1,rest,,0.6278,1860939.0,raspberry_pi_seeed_gsr,"1860939,0.6278"
2026-05-31T15:36:27.515,test88,self_20260531_153611,clip_126,1,rest,,0.6366,1860960.0,raspberry_pi_seeed_gsr,"1860960,0.6366"
2026-05-31T15:36:27.536,test88,self_20260531_153611,clip_126,1,rest,,0.6391,1860981.0,raspberry_pi_seeed_gsr,"1860981,0.6391"
2026-05-31T15:36:27.557,test88,self_20260531_153611,clip_126,1,rest,,0.6366,1861002.0,raspberry_pi_seeed_gsr,"1861002,0.6366"
2026-05-31T15:36:27.577,test88,self_20260531_153611,clip_126,1,rest,,0.6431,1861023.0,raspberry_pi_seeed_gsr,"1861023,0.6431"
2026-05-31T15:36:27.598,test88,self_20260531_153611,clip_126,1,rest,,0.6358,1861044.0,raspberry_pi_seeed_gsr,"1861044,0.6358"
2026-05-31T15:36:27.620,test88,self_20260531_153611,clip_126,1,rest,,0.6391,1861065.0,raspberry_pi_seeed_gsr,"1861065,0.6391"
2026-05-31T15:36:27.641,test88,self_20260531_153611,clip_126,1,rest,,0.6382,1861086.0,raspberry_pi_seeed_gsr,"1861086,0.6382"
2026-05-31T15:36:27.662,test88,self_20260531_153611,clip_126,1,rest,,0.6399,1861107.0,raspberry_pi_seeed_gsr,"1861107,0.6399"
2026-05-31T15:36:27.711,test88,self_20260531_153611,clip_126,1,rest,,0.6382,1861128.0,raspberry_pi_seeed_gsr,"1861128,0.6382"
2026-05-31T15:36:27.712,test88,self_20260531_153611,clip_126,1,rest,,0.6358,1861149.0,raspberry_pi_seeed_gsr,"1861149,0.6358"
2026-05-31T15:36:27.724,test88,self_20260531_153611,clip_126,1,rest,,0.6391,1861170.0,raspberry_pi_seeed_gsr,"1861170,0.6391"
2026-05-31T15:36:27.745,test88,self_20260531_153611,clip_126,1,rest,,0.6391,1861191.0,raspberry_pi_seeed_gsr,"1861191,0.6391"
2026-05-31T15:36:27.767,test88,self_20260531_153611,clip_126,1,rest,,0.6382,1861212.0,raspberry_pi_seeed_gsr,"1861212,0.6382"
2026-05-31T15:36:27.788,test88,self_20260531_153611,clip_126,1,rest,,0.6455,1861233.0,raspberry_pi_seeed_gsr,"1861233,0.6455"
2026-05-31T15:36:27.809,test88,self_20260531_153611,clip_126,1,rest,,0.6366,1861254.0,raspberry_pi_seeed_gsr,"1861254,0.6366"
2026-05-31T15:36:27.830,test88,self_20260531_153611,clip_126,1,rest,,0.6391,1861275.0,raspberry_pi_seeed_gsr,"1861275,0.6391"
2026-05-31T15:36:27.851,test88,self_20260531_153611,clip_126,1,rest,,0.6463,1861296.0,raspberry_pi_seeed_gsr,"1861296,0.6463"
2026-05-31T15:36:27.872,test88,self_20260531_153611,clip_126,1,rest,,0.6399,1861317.0,raspberry_pi_seeed_gsr,"1861317,0.6399"
2026-05-31T15:36:27.893,test88,self_20260531_153611,clip_126,1,rest,,0.6391,1861338.0,raspberry_pi_seeed_gsr,"1861338,0.6391"
2026-05-31T15:36:27.914,test88,self_20260531_153611,clip_126,1,rest,,0.6407,1861359.0,raspberry_pi_seeed_gsr,"1861359,0.6407"
2026-05-31T15:36:27.958,test88,self_20260531_153611,clip_126,1,rest,,0.6407,1861380.0,raspberry_pi_seeed_gsr,"1861380,0.6407"
2026-05-31T15:36:27.959,test88,self_20260531_153611,clip_126,1,rest,,0.6415,1861401.0,raspberry_pi_seeed_gsr,"1861401,0.6415"
2026-05-31T15:36:27.977,test88,self_20260531_153611,clip_126,1,rest,,0.6407,1861423.0,raspberry_pi_seeed_gsr,"1861423,0.6407"
2026-05-31T15:36:27.997,test88,self_20260531_153611,clip_126,1,rest,,0.6399,1861443.0,raspberry_pi_seeed_gsr,"1861443,0.6399"
2026-05-31T15:36:28.018,test88,self_20260531_153611,clip_126,1,rest,,0.6455,1861464.0,raspberry_pi_seeed_gsr,"1861464,0.6455"
2026-05-31T15:36:28.039,test88,self_20260531_153611,clip_126,1,rest,,0.6447,1861485.0,raspberry_pi_seeed_gsr,"1861485,0.6447"
2026-05-31T15:36:28.060,test88,self_20260531_153611,clip_126,1,rest,,0.6415,1861506.0,raspberry_pi_seeed_gsr,"1861506,0.6415"
2026-05-31T15:36:28.081,test88,self_20260531_153611,clip_126,1,rest,,0.6399,1861527.0,raspberry_pi_seeed_gsr,"1861527,0.6399"
2026-05-31T15:36:28.103,test88,self_20260531_153611,clip_126,1,rest,,0.6399,1861548.0,raspberry_pi_seeed_gsr,"1861548,0.6399"
2026-05-31T15:36:28.124,test88,self_20260531_153611,clip_126,1,rest,,0.6415,1861569.0,raspberry_pi_seeed_gsr,"1861569,0.6415"
2026-05-31T15:36:28.145,test88,self_20260531_153611,clip_126,1,rest,,0.6423,1861590.0,raspberry_pi_seeed_gsr,"1861590,0.6423"
2026-05-31T15:36:28.166,test88,self_20260531_153611,clip_126,1,rest,,0.6455,1861611.0,raspberry_pi_seeed_gsr,"1861611,0.6455"
2026-05-31T15:36:28.214,test88,self_20260531_153611,clip_126,1,rest,,0.6495,1861632.0,raspberry_pi_seeed_gsr,"1861632,0.6495"
2026-05-31T15:36:28.214,test88,self_20260531_153611,clip_126,1,rest,,0.6423,1861653.0,raspberry_pi_seeed_gsr,"1861653,0.6423"
2026-05-31T15:36:28.229,test88,self_20260531_153611,clip_126,1,rest,,0.6423,1861674.0,raspberry_pi_seeed_gsr,"1861674,0.6423"
2026-05-31T15:36:28.250,test88,self_20260531_153611,clip_126,1,rest,,0.6431,1861695.0,raspberry_pi_seeed_gsr,"1861695,0.6431"
2026-05-31T15:36:28.271,test88,self_20260531_153611,clip_126,1,rest,,0.6447,1861716.0,raspberry_pi_seeed_gsr,"1861716,0.6447"
2026-05-31T15:36:28.292,test88,self_20260531_153611,clip_126,1,rest,,0.6423,1861737.0,raspberry_pi_seeed_gsr,"1861737,0.6423"
2026-05-31T15:36:28.313,test88,self_20260531_153611,clip_126,1,rest,,0.6423,1861758.0,raspberry_pi_seeed_gsr,"1861758,0.6423"
2026-05-31T15:36:28.334,test88,self_20260531_153611,clip_126,1,rest,,0.635,1861779.0,raspberry_pi_seeed_gsr,"1861779,0.6350"
2026-05-31T15:36:28.355,test88,self_20260531_153611,clip_126,1,rest,,0.6407,1861800.0,raspberry_pi_seeed_gsr,"1861800,0.6407"
2026-05-31T15:36:28.376,test88,self_20260531_153611,clip_126,1,rest,,0.6415,1861821.0,raspberry_pi_seeed_gsr,"1861821,0.6415"
2026-05-31T15:36:28.397,test88,self_20260531_153611,clip_126,1,rest,,0.6407,1861842.0,raspberry_pi_seeed_gsr,"1861842,0.6407"
2026-05-31T15:36:28.417,test88,self_20260531_153611,clip_126,1,rest,,0.6415,1861863.0,raspberry_pi_seeed_gsr,"1861863,0.6415"
2026-05-31T15:36:28.440,test88,self_20260531_153611,clip_126,1,rest,,0.6399,1861883.0,raspberry_pi_seeed_gsr,"1861883,0.6399"
2026-05-31T15:36:28.458,test88,self_20260531_153611,clip_126,1,rest,,0.6407,1861904.0,raspberry_pi_seeed_gsr,"1861904,0.6407"
2026-05-31T15:36:28.479,test88,self_20260531_153611,clip_126,1,rest,,0.6423,1861925.0,raspberry_pi_seeed_gsr,"1861925,0.6423"
2026-05-31T15:36:28.500,test88,self_20260531_153611,clip_126,1,rest,,0.6415,1861946.0,raspberry_pi_seeed_gsr,"1861946,0.6415"
2026-05-31T15:36:28.521,test88,self_20260531_153611,clip_126,1,rest,,0.6399,1861967.0,raspberry_pi_seeed_gsr,"1861967,0.6399"
2026-05-31T15:36:28.543,test88,self_20260531_153611,clip_126,1,rest,,0.6423,1861988.0,raspberry_pi_seeed_gsr,"1861988,0.6423"
2026-05-31T15:36:28.564,test88,self_20260531_153611,clip_126,1,rest,,0.6407,1862009.0,raspberry_pi_seeed_gsr,"1862009,0.6407"
2026-05-31T15:36:28.585,test88,self_20260531_153611,clip_126,1,rest,,0.6415,1862030.0,raspberry_pi_seeed_gsr,"1862030,0.6415"
2026-05-31T15:36:28.606,test88,self_20260531_153611,clip_126,1,rest,,0.6407,1862051.0,raspberry_pi_seeed_gsr,"1862051,0.6407"
2026-05-31T15:36:28.627,test88,self_20260531_153611,clip_126,1,rest,,0.6423,1862072.0,raspberry_pi_seeed_gsr,"1862072,0.6423"
2026-05-31T15:36:28.648,test88,self_20260531_153611,clip_126,1,rest,,0.6326,1862093.0,raspberry_pi_seeed_gsr,"1862093,0.6326"
2026-05-31T15:36:28.669,test88,self_20260531_153611,clip_126,1,rest,,0.6407,1862114.0,raspberry_pi_seeed_gsr,"1862114,0.6407"
2026-05-31T15:36:28.717,test88,self_20260531_153611,clip_126,1,rest,,0.6407,1862135.0,raspberry_pi_seeed_gsr,"1862135,0.6407"
2026-05-31T15:36:28.717,test88,self_20260531_153611,clip_126,1,rest,,0.6423,1862156.0,raspberry_pi_seeed_gsr,"1862156,0.6423"
2026-05-31T15:36:28.732,test88,self_20260531_153611,clip_126,1,rest,,0.6407,1862177.0,raspberry_pi_seeed_gsr,"1862177,0.6407"
2026-05-31T15:36:28.753,test88,self_20260531_153611,clip_126,1,rest,,0.6407,1862198.0,raspberry_pi_seeed_gsr,"1862198,0.6407"
2026-05-31T15:36:28.774,test88,self_20260531_153611,clip_126,1,rest,,0.6415,1862220.0,raspberry_pi_seeed_gsr,"1862220,0.6415"
2026-05-31T15:36:28.794,test88,self_20260531_153611,clip_126,1,rest,,0.6358,1862240.0,raspberry_pi_seeed_gsr,"1862240,0.6358"
2026-05-31T15:36:28.815,test88,self_20260531_153611,clip_126,1,rest,,0.6407,1862261.0,raspberry_pi_seeed_gsr,"1862261,0.6407"
2026-05-31T15:36:28.837,test88,self_20260531_153611,clip_126,1,rest,,0.6423,1862282.0,raspberry_pi_seeed_gsr,"1862282,0.6423"
2026-05-31T15:36:28.857,test88,self_20260531_153611,clip_126,1,rest,,0.6382,1862303.0,raspberry_pi_seeed_gsr,"1862303,0.6382"
2026-05-31T15:36:28.878,test88,self_20260531_153611,clip_126,1,rest,,0.6382,1862324.0,raspberry_pi_seeed_gsr,"1862324,0.6382"
2026-05-31T15:36:28.900,test88,self_20260531_153611,clip_126,1,rest,,0.6431,1862345.0,raspberry_pi_seeed_gsr,"1862345,0.6431"
2026-05-31T15:36:28.921,test88,self_20260531_153611,clip_126,1,rest,,0.6382,1862366.0,raspberry_pi_seeed_gsr,"1862366,0.6382"
2026-05-31T15:36:28.966,test88,self_20260531_153611,clip_126,1,rest,,0.6374,1862387.0,raspberry_pi_seeed_gsr,"1862387,0.6374"
2026-05-31T15:36:28.967,test88,self_20260531_153611,clip_126,1,rest,,0.6366,1862408.0,raspberry_pi_seeed_gsr,"1862408,0.6366"
2026-05-31T15:36:28.984,test88,self_20260531_153611,clip_126,1,rest,,0.6391,1862429.0,raspberry_pi_seeed_gsr,"1862429,0.6391"
2026-05-31T15:36:29.005,test88,self_20260531_153611,clip_126,1,rest,,0.6463,1862450.0,raspberry_pi_seeed_gsr,"1862450,0.6463"
2026-05-31T15:36:29.026,test88,self_20260531_153611,clip_126,1,rest,,0.6391,1862471.0,raspberry_pi_seeed_gsr,"1862471,0.6391"
2026-05-31T15:36:29.047,test88,self_20260531_153611,clip_126,1,rest,,0.6382,1862492.0,raspberry_pi_seeed_gsr,"1862492,0.6382"
2026-05-31T15:36:29.068,test88,self_20260531_153611,clip_126,1,rest,,0.6391,1862513.0,raspberry_pi_seeed_gsr,"1862513,0.6391"
2026-05-31T15:36:29.089,test88,self_20260531_153611,clip_126,1,rest,,0.6342,1862534.0,raspberry_pi_seeed_gsr,"1862534,0.6342"
2026-05-31T15:36:29.110,test88,self_20260531_153611,clip_126,1,rest,,0.6374,1862555.0,raspberry_pi_seeed_gsr,"1862555,0.6374"
2026-05-31T15:36:29.131,test88,self_20260531_153611,clip_126,1,rest,,0.6382,1862576.0,raspberry_pi_seeed_gsr,"1862576,0.6382"
2026-05-31T15:36:29.152,test88,self_20260531_153611,clip_126,1,rest,,0.6382,1862597.0,raspberry_pi_seeed_gsr,"1862597,0.6382"
2026-05-31T15:36:29.173,test88,self_20260531_153611,clip_126,1,rest,,0.6374,1862618.0,raspberry_pi_seeed_gsr,"1862618,0.6374"
2026-05-31T15:36:29.220,test88,self_20260531_153611,clip_126,1,rest,,0.6358,1862639.0,raspberry_pi_seeed_gsr,"1862639,0.6358"
2026-05-31T15:36:29.221,test88,self_20260531_153611,clip_126,1,rest,,0.6358,1862661.0,raspberry_pi_seeed_gsr,"1862661,0.6358"
2026-05-31T15:36:29.235,test88,self_20260531_153611,clip_126,1,rest,,0.6358,1862681.0,raspberry_pi_seeed_gsr,"1862681,0.6358"
2026-05-31T15:36:29.256,test88,self_20260531_153611,clip_126,1,rest,,0.635,1862702.0,raspberry_pi_seeed_gsr,"1862702,0.6350"
2026-05-31T15:36:29.277,test88,self_20260531_153611,clip_126,1,rest,,0.635,1862723.0,raspberry_pi_seeed_gsr,"1862723,0.6350"
2026-05-31T15:36:29.298,test88,self_20260531_153611,clip_126,1,rest,,0.6391,1862744.0,raspberry_pi_seeed_gsr,"1862744,0.6391"
2026-05-31T15:36:29.319,test88,self_20260531_153611,clip_126,1,rest,,0.6342,1862765.0,raspberry_pi_seeed_gsr,"1862765,0.6342"
2026-05-31T15:36:29.341,test88,self_20260531_153611,clip_126,1,rest,,0.6302,1862786.0,raspberry_pi_seeed_gsr,"1862786,0.6302"
2026-05-31T15:36:29.361,test88,self_20260531_153611,clip_126,1,rest,,0.6326,1862807.0,raspberry_pi_seeed_gsr,"1862807,0.6326"
2026-05-31T15:36:29.382,test88,self_20260531_153611,clip_126,1,rest,,0.6334,1862828.0,raspberry_pi_seeed_gsr,"1862828,0.6334"
2026-05-31T15:36:29.403,test88,self_20260531_153611,clip_126,1,rest,,0.6318,1862849.0,raspberry_pi_seeed_gsr,"1862849,0.6318"
2026-05-31T15:36:29.424,test88,self_20260531_153611,clip_126,1,rest,,0.6302,1862870.0,raspberry_pi_seeed_gsr,"1862870,0.6302"
2026-05-31T15:36:29.446,test88,self_20260531_153611,clip_126,1,rest,,0.6358,1862891.0,raspberry_pi_seeed_gsr,"1862891,0.6358"
2026-05-31T15:36:29.470,test88,self_20260531_153611,clip_126,1,rest,,0.6302,1862912.0,raspberry_pi_seeed_gsr,"1862912,0.6302"
2026-05-31T15:36:29.488,test88,self_20260531_153611,clip_126,1,rest,,0.6326,1862933.0,raspberry_pi_seeed_gsr,"1862933,0.6326"
2026-05-31T15:36:29.509,test88,self_20260531_153611,clip_126,1,rest,,0.6294,1862954.0,raspberry_pi_seeed_gsr,"1862954,0.6294"
2026-05-31T15:36:29.530,test88,self_20260531_153611,clip_126,1,rest,,0.627,1862975.0,raspberry_pi_seeed_gsr,"1862975,0.6270"
2026-05-31T15:36:29.551,test88,self_20260531_153611,clip_126,1,rest,,0.6278,1862996.0,raspberry_pi_seeed_gsr,"1862996,0.6278"
2026-05-31T15:36:29.572,test88,self_20260531_153611,clip_126,1,rest,,0.6286,1863017.0,raspberry_pi_seeed_gsr,"1863017,0.6286"
2026-05-31T15:36:29.593,test88,self_20260531_153611,clip_126,1,rest,,0.6278,1863038.0,raspberry_pi_seeed_gsr,"1863038,0.6278"
2026-05-31T15:36:29.614,test88,self_20260531_153611,clip_126,1,rest,,0.6262,1863059.0,raspberry_pi_seeed_gsr,"1863059,0.6262"
2026-05-31T15:36:29.635,test88,self_20260531_153611,clip_126,1,rest,,0.6237,1863080.0,raspberry_pi_seeed_gsr,"1863080,0.6237"
2026-05-31T15:36:29.656,test88,self_20260531_153611,clip_126,1,rest,,0.6254,1863101.0,raspberry_pi_seeed_gsr,"1863101,0.6254"
2026-05-31T15:36:29.677,test88,self_20260531_153611,clip_126,1,rest,,0.6205,1863122.0,raspberry_pi_seeed_gsr,"1863122,0.6205"
2026-05-31T15:36:29.698,test88,self_20260531_153611,clip_126,1,rest,,0.6229,1863144.0,raspberry_pi_seeed_gsr,"1863144,0.6229"
2026-05-31T15:36:29.744,test88,self_20260531_153611,clip_126,1,rest,,0.6229,1863164.0,raspberry_pi_seeed_gsr,"1863164,0.6229"
2026-05-31T15:36:29.745,test88,self_20260531_153611,clip_126,1,rest,,0.6213,1863185.0,raspberry_pi_seeed_gsr,"1863185,0.6213"
2026-05-31T15:36:29.760,test88,self_20260531_153611,clip_126,1,rest,,0.6197,1863206.0,raspberry_pi_seeed_gsr,"1863206,0.6197"
2026-05-31T15:36:29.781,test88,self_20260531_153611,clip_126,1,rest,,0.6148,1863227.0,raspberry_pi_seeed_gsr,"1863227,0.6148"
2026-05-31T15:36:29.802,test88,self_20260531_153611,clip_126,1,rest,,0.6164,1863248.0,raspberry_pi_seeed_gsr,"1863248,0.6164"
2026-05-31T15:36:29.823,test88,self_20260531_153611,clip_126,1,rest,,0.6229,1863269.0,raspberry_pi_seeed_gsr,"1863269,0.6229"
2026-05-31T15:36:29.844,test88,self_20260531_153611,clip_126,1,rest,,0.6156,1863290.0,raspberry_pi_seeed_gsr,"1863290,0.6156"
2026-05-31T15:36:29.865,test88,self_20260531_153611,clip_126,1,rest,,0.6132,1863311.0,raspberry_pi_seeed_gsr,"1863311,0.6132"
2026-05-31T15:36:29.886,test88,self_20260531_153611,clip_126,1,rest,,0.6132,1863332.0,raspberry_pi_seeed_gsr,"1863332,0.6132"
2026-05-31T15:36:29.908,test88,self_20260531_153611,clip_126,1,rest,,0.61,1863353.0,raspberry_pi_seeed_gsr,"1863353,0.6100"
2026-05-31T15:36:29.929,test88,self_20260531_153611,clip_126,1,rest,,0.6076,1863374.0,raspberry_pi_seeed_gsr,"1863374,0.6076"
2026-05-31T15:36:29.950,test88,self_20260531_153611,clip_126,1,rest,,0.6084,1863395.0,raspberry_pi_seeed_gsr,"1863395,0.6084"
2026-05-31T15:36:29.996,test88,self_20260531_153611,clip_126,1,rest,,0.6132,1863416.0,raspberry_pi_seeed_gsr,"1863416,0.6132"
2026-05-31T15:36:29.997,test88,self_20260531_153611,clip_126,1,rest,,0.6036,1863437.0,raspberry_pi_seeed_gsr,"1863437,0.6036"
2026-05-31T15:36:30.013,test88,self_20260531_153611,clip_126,1,rest,,0.606,1863458.0,raspberry_pi_seeed_gsr,"1863458,0.6060"
2026-05-31T15:36:30.034,test88,self_20260531_153611,clip_126,1,rest,,0.6044,1863479.0,raspberry_pi_seeed_gsr,"1863479,0.6044"
2026-05-31T15:36:30.055,test88,self_20260531_153611,clip_126,1,rest,,0.6027,1863500.0,raspberry_pi_seeed_gsr,"1863500,0.6027"
2026-05-31T15:36:30.076,test88,self_20260531_153611,clip_126,1,rest,,0.6003,1863521.0,raspberry_pi_seeed_gsr,"1863521,0.6003"
2026-05-31T15:36:30.097,test88,self_20260531_153611,clip_126,1,rest,,0.6003,1863542.0,raspberry_pi_seeed_gsr,"1863542,0.6003"
2026-05-31T15:36:30.118,test88,self_20260531_153611,clip_126,1,rest,,0.5995,1863563.0,raspberry_pi_seeed_gsr,"1863563,0.5995"
2026-05-31T15:36:30.139,test88,self_20260531_153611,clip_126,1,rest,,0.5971,1863584.0,raspberry_pi_seeed_gsr,"1863584,0.5971"
2026-05-31T15:36:30.160,test88,self_20260531_153611,clip_126,1,rest,,0.606,1863605.0,raspberry_pi_seeed_gsr,"1863605,0.6060"
2026-05-31T15:36:30.181,test88,self_20260531_153611,clip_126,1,rest,,0.5931,1863627.0,raspberry_pi_seeed_gsr,"1863627,0.5931"
2026-05-31T15:36:30.202,test88,self_20260531_153611,clip_126,1,rest,,0.5947,1863647.0,raspberry_pi_seeed_gsr,"1863647,0.5947"
2026-05-31T15:36:30.248,test88,self_20260531_153611,clip_126,1,rest,,0.5874,1863668.0,raspberry_pi_seeed_gsr,"1863668,0.5874"
2026-05-31T15:36:30.249,test88,self_20260531_153611,clip_126,1,rest,,0.5899,1863689.0,raspberry_pi_seeed_gsr,"1863689,0.5899"
2026-05-31T15:36:30.264,test88,self_20260531_153611,clip_126,1,rest,,0.5907,1863710.0,raspberry_pi_seeed_gsr,"1863710,0.5907"
2026-05-31T15:36:30.285,test88,self_20260531_153611,clip_126,1,rest,,0.5891,1863731.0,raspberry_pi_seeed_gsr,"1863731,0.5891"
2026-05-31T15:36:30.306,test88,self_20260531_153611,clip_126,1,rest,,0.5882,1863752.0,raspberry_pi_seeed_gsr,"1863752,0.5882"
2026-05-31T15:36:30.327,test88,self_20260531_153611,clip_126,1,rest,,0.5882,1863773.0,raspberry_pi_seeed_gsr,"1863773,0.5882"
2026-05-31T15:36:30.348,test88,self_20260531_153611,clip_126,1,rest,,0.5866,1863794.0,raspberry_pi_seeed_gsr,"1863794,0.5866"
2026-05-31T15:36:30.369,test88,self_20260531_153611,clip_126,1,rest,,0.5874,1863815.0,raspberry_pi_seeed_gsr,"1863815,0.5874"
2026-05-31T15:36:30.391,test88,self_20260531_153611,clip_126,1,rest,,0.585,1863836.0,raspberry_pi_seeed_gsr,"1863836,0.5850"
2026-05-31T15:36:30.412,test88,self_20260531_153611,clip_126,1,rest,,0.5834,1863857.0,raspberry_pi_seeed_gsr,"1863857,0.5834"
2026-05-31T15:36:30.433,test88,self_20260531_153611,clip_126,1,rest,,0.5826,1863878.0,raspberry_pi_seeed_gsr,"1863878,0.5826"
2026-05-31T15:36:30.454,test88,self_20260531_153611,clip_126,1,rest,,0.5826,1863899.0,raspberry_pi_seeed_gsr,"1863899,0.5826"
2026-05-31T15:36:30.478,test88,self_20260531_153611,clip_126,1,rest,,0.5802,1863920.0,raspberry_pi_seeed_gsr,"1863920,0.5802"
2026-05-31T15:36:30.496,test88,self_20260531_153611,clip_126,1,rest,,0.5874,1863941.0,raspberry_pi_seeed_gsr,"1863941,0.5874"
2026-05-31T15:36:30.517,test88,self_20260531_153611,clip_126,1,rest,,0.5947,1863962.0,raspberry_pi_seeed_gsr,"1863962,0.5947"
2026-05-31T15:36:30.538,test88,self_20260531_153611,clip_126,1,rest,,0.5786,1863983.0,raspberry_pi_seeed_gsr,"1863983,0.5786"
2026-05-31T15:36:30.559,test88,self_20260531_153611,clip_126,1,rest,,0.5778,1864004.0,raspberry_pi_seeed_gsr,"1864004,0.5778"
2026-05-31T15:36:30.580,test88,self_20260531_153611,clip_126,1,rest,,0.5778,1864026.0,raspberry_pi_seeed_gsr,"1864026,0.5778"
2026-05-31T15:36:30.600,test88,self_20260531_153611,clip_126,1,rest,,0.5842,1864046.0,raspberry_pi_seeed_gsr,"1864046,0.5842"
2026-05-31T15:36:30.621,test88,self_20260531_153611,clip_126,1,rest,,0.5762,1864067.0,raspberry_pi_seeed_gsr,"1864067,0.5762"
2026-05-31T15:36:30.642,test88,self_20260531_153611,clip_126,1,rest,,0.5745,1864088.0,raspberry_pi_seeed_gsr,"1864088,0.5745"
2026-05-31T15:36:30.664,test88,self_20260531_153611,clip_126,1,rest,,0.577,1864109.0,raspberry_pi_seeed_gsr,"1864109,0.5770"
2026-05-31T15:36:30.685,test88,self_20260531_153611,clip_126,1,rest,,0.5745,1864130.0,raspberry_pi_seeed_gsr,"1864130,0.5745"
2026-05-31T15:36:30.706,test88,self_20260531_153611,clip_126,1,rest,,0.5754,1864151.0,raspberry_pi_seeed_gsr,"1864151,0.5754"
2026-05-31T15:36:30.755,test88,self_20260531_153611,clip_126,1,rest,,0.5729,1864172.0,raspberry_pi_seeed_gsr,"1864172,0.5729"
2026-05-31T15:36:30.756,test88,self_20260531_153611,clip_126,1,rest,,0.5721,1864193.0,raspberry_pi_seeed_gsr,"1864193,0.5721"
2026-05-31T15:36:30.769,test88,self_20260531_153611,clip_126,1,rest,,0.5713,1864214.0,raspberry_pi_seeed_gsr,"1864214,0.5713"
2026-05-31T15:36:30.790,test88,self_20260531_153611,clip_126,1,rest,,0.5721,1864235.0,raspberry_pi_seeed_gsr,"1864235,0.5721"
2026-05-31T15:36:30.811,test88,self_20260531_153611,clip_126,1,rest,,0.5705,1864256.0,raspberry_pi_seeed_gsr,"1864256,0.5705"
2026-05-31T15:36:30.832,test88,self_20260531_153611,clip_126,1,rest,,0.5745,1864277.0,raspberry_pi_seeed_gsr,"1864277,0.5745"
2026-05-31T15:36:30.853,test88,self_20260531_153611,clip_126,1,rest,,0.5737,1864298.0,raspberry_pi_seeed_gsr,"1864298,0.5737"
2026-05-31T15:36:30.874,test88,self_20260531_153611,clip_126,1,rest,,0.5705,1864319.0,raspberry_pi_seeed_gsr,"1864319,0.5705"
2026-05-31T15:36:30.895,test88,self_20260531_153611,clip_126,1,rest,,0.5705,1864340.0,raspberry_pi_seeed_gsr,"1864340,0.5705"
2026-05-31T15:36:30.916,test88,self_20260531_153611,clip_126,1,rest,,0.5721,1864361.0,raspberry_pi_seeed_gsr,"1864361,0.5721"
2026-05-31T15:36:30.937,test88,self_20260531_153611,clip_126,1,rest,,0.5649,1864382.0,raspberry_pi_seeed_gsr,"1864382,0.5649"
2026-05-31T15:36:30.959,test88,self_20260531_153611,clip_126,1,rest,,0.5762,1864403.0,raspberry_pi_seeed_gsr,"1864403,0.5762"
2026-05-31T15:36:31.002,test88,self_20260531_153611,clip_126,1,rest,,0.5697,1864424.0,raspberry_pi_seeed_gsr,"1864424,0.5697"
2026-05-31T15:36:31.003,test88,self_20260531_153611,clip_126,1,rest,,0.5681,1864446.0,raspberry_pi_seeed_gsr,"1864446,0.5681"
2026-05-31T15:36:31.021,test88,self_20260531_153611,clip_126,1,rest,,0.5697,1864467.0,raspberry_pi_seeed_gsr,"1864467,0.5697"
2026-05-31T15:36:31.041,test88,self_20260531_153611,clip_126,1,rest,,0.5697,1864487.0,raspberry_pi_seeed_gsr,"1864487,0.5697"
2026-05-31T15:36:31.062,test88,self_20260531_153611,clip_126,1,rest,,0.5713,1864508.0,raspberry_pi_seeed_gsr,"1864508,0.5713"
2026-05-31T15:36:31.083,test88,self_20260531_153611,clip_126,1,rest,,0.5681,1864529.0,raspberry_pi_seeed_gsr,"1864529,0.5681"
2026-05-31T15:36:31.104,test88,self_20260531_153611,clip_126,1,rest,,0.5713,1864550.0,raspberry_pi_seeed_gsr,"1864550,0.5713"
2026-05-31T15:36:31.125,test88,self_20260531_153611,clip_126,1,rest,,0.5673,1864571.0,raspberry_pi_seeed_gsr,"1864571,0.5673"
2026-05-31T15:36:31.146,test88,self_20260531_153611,clip_126,1,rest,,0.5721,1864592.0,raspberry_pi_seeed_gsr,"1864592,0.5721"
2026-05-31T15:36:31.168,test88,self_20260531_153611,clip_126,1,rest,,0.5649,1864613.0,raspberry_pi_seeed_gsr,"1864613,0.5649"
2026-05-31T15:36:31.189,test88,self_20260531_153611,clip_126,1,rest,,0.5641,1864634.0,raspberry_pi_seeed_gsr,"1864634,0.5641"
2026-05-31T15:36:31.210,test88,self_20260531_153611,clip_126,1,rest,,0.5649,1864655.0,raspberry_pi_seeed_gsr,"1864655,0.5649"
2026-05-31T15:36:31.254,test88,self_20260531_153611,clip_126,1,rest,,0.5681,1864676.0,raspberry_pi_seeed_gsr,"1864676,0.5681"
2026-05-31T15:36:31.255,test88,self_20260531_153611,clip_126,1,rest,,0.5657,1864697.0,raspberry_pi_seeed_gsr,"1864697,0.5657"
2026-05-31T15:36:31.273,test88,self_20260531_153611,clip_126,1,rest,,0.5633,1864718.0,raspberry_pi_seeed_gsr,"1864718,0.5633"
2026-05-31T15:36:31.294,test88,self_20260531_153611,clip_126,1,rest,,0.5633,1864739.0,raspberry_pi_seeed_gsr,"1864739,0.5633"
2026-05-31T15:36:31.315,test88,self_20260531_153611,clip_126,1,rest,,0.5512,1864760.0,raspberry_pi_seeed_gsr,"1864760,0.5512"
2026-05-31T15:36:31.336,test88,self_20260531_153611,clip_126,1,rest,,0.5633,1864781.0,raspberry_pi_seeed_gsr,"1864781,0.5633"
2026-05-31T15:36:31.357,test88,self_20260531_153611,clip_126,1,rest,,0.5584,1864802.0,raspberry_pi_seeed_gsr,"1864802,0.5584"
2026-05-31T15:36:31.378,test88,self_20260531_153611,clip_126,1,rest,,0.5617,1864823.0,raspberry_pi_seeed_gsr,"1864823,0.5617"
2026-05-31T15:36:31.399,test88,self_20260531_153611,clip_126,1,rest,,0.5609,1864844.0,raspberry_pi_seeed_gsr,"1864844,0.5609"
2026-05-31T15:36:31.420,test88,self_20260531_153611,clip_126,1,rest,,0.5584,1864865.0,raspberry_pi_seeed_gsr,"1864865,0.5584"
2026-05-31T15:36:31.441,test88,self_20260531_153611,clip_126,1,rest,,0.5552,1864887.0,raspberry_pi_seeed_gsr,"1864887,0.5552"
2026-05-31T15:36:31.462,test88,self_20260531_153611,clip_126,1,rest,,0.5528,1864908.0,raspberry_pi_seeed_gsr,"1864908,0.5528"
2026-05-31T15:36:31.487,test88,self_20260531_153611,clip_126,1,rest,,0.5504,1864928.0,raspberry_pi_seeed_gsr,"1864928,0.5504"
2026-05-31T15:36:31.503,test88,self_20260531_153611,clip_126,1,rest,,0.5488,1864949.0,raspberry_pi_seeed_gsr,"1864949,0.5488"
2026-05-31T15:36:31.524,test88,self_20260531_153611,clip_126,1,rest,,0.5496,1864970.0,raspberry_pi_seeed_gsr,"1864970,0.5496"
2026-05-31T15:36:31.545,test88,self_20260531_153611,clip_126,1,rest,,0.5528,1864991.0,raspberry_pi_seeed_gsr,"1864991,0.5528"
2026-05-31T15:36:31.566,test88,self_20260531_153611,clip_126,1,rest,,0.5439,1865012.0,raspberry_pi_seeed_gsr,"1865012,0.5439"
2026-05-31T15:36:31.588,test88,self_20260531_153611,clip_126,1,rest,,0.5423,1865033.0,raspberry_pi_seeed_gsr,"1865033,0.5423"
2026-05-31T15:36:31.608,test88,self_20260531_153611,clip_126,1,rest,,0.5399,1865054.0,raspberry_pi_seeed_gsr,"1865054,0.5399"
2026-05-31T15:36:31.629,test88,self_20260531_153611,clip_126,1,rest,,0.5399,1865075.0,raspberry_pi_seeed_gsr,"1865075,0.5399"
2026-05-31T15:36:31.651,test88,self_20260531_153611,clip_126,1,rest,,0.5359,1865096.0,raspberry_pi_seeed_gsr,"1865096,0.5359"
2026-05-31T15:36:31.672,test88,self_20260531_153611,clip_126,1,rest,,0.5367,1865117.0,raspberry_pi_seeed_gsr,"1865117,0.5367"
2026-05-31T15:36:31.693,test88,self_20260531_153611,clip_126,1,rest,,0.531,1865138.0,raspberry_pi_seeed_gsr,"1865138,0.5310"
2026-05-31T15:36:31.714,test88,self_20260531_153611,clip_126,1,rest,,0.5286,1865159.0,raspberry_pi_seeed_gsr,"1865159,0.5286"
2026-05-31T15:36:31.758,test88,self_20260531_153611,clip_126,1,rest,,0.527,1865180.0,raspberry_pi_seeed_gsr,"1865180,0.5270"
2026-05-31T15:36:31.759,test88,self_20260531_153611,clip_126,1,rest,,0.523,1865201.0,raspberry_pi_seeed_gsr,"1865201,0.5230"
2026-05-31T15:36:31.777,test88,self_20260531_153611,clip_126,1,rest,,0.5198,1865222.0,raspberry_pi_seeed_gsr,"1865222,0.5198"
2026-05-31T15:36:31.798,test88,self_20260531_153611,clip_126,1,rest,,0.5238,1865243.0,raspberry_pi_seeed_gsr,"1865243,0.5238"
2026-05-31T15:36:31.819,test88,self_20260531_153611,clip_126,1,rest,,0.5165,1865264.0,raspberry_pi_seeed_gsr,"1865264,0.5165"
2026-05-31T15:36:31.840,test88,self_20260531_153611,clip_126,1,rest,,0.5125,1865285.0,raspberry_pi_seeed_gsr,"1865285,0.5125"
2026-05-31T15:36:31.861,test88,self_20260531_153611,clip_126,1,rest,,0.5101,1865306.0,raspberry_pi_seeed_gsr,"1865306,0.5101"
2026-05-31T15:36:31.882,test88,self_20260531_153611,clip_126,1,rest,,0.5069,1865327.0,raspberry_pi_seeed_gsr,"1865327,0.5069"
2026-05-31T15:36:31.903,test88,self_20260531_153611,clip_126,1,rest,,0.5077,1865348.0,raspberry_pi_seeed_gsr,"1865348,0.5077"
2026-05-31T15:36:31.924,test88,self_20260531_153611,clip_126,1,rest,,0.5045,1865369.0,raspberry_pi_seeed_gsr,"1865369,0.5045"
2026-05-31T15:36:31.945,test88,self_20260531_153611,clip_126,1,rest,,0.5028,1865390.0,raspberry_pi_seeed_gsr,"1865390,0.5028"
2026-05-31T15:36:31.966,test88,self_20260531_153611,clip_126,1,rest,,0.5012,1865411.0,raspberry_pi_seeed_gsr,"1865411,0.5012"
2026-05-31T15:36:32.009,test88,self_20260531_153611,clip_126,1,rest,,0.4996,1865432.0,raspberry_pi_seeed_gsr,"1865432,0.4996"
2026-05-31T15:36:32.010,test88,self_20260531_153611,clip_126,1,rest,,0.494,1865454.0,raspberry_pi_seeed_gsr,"1865454,0.4940"
2026-05-31T15:36:32.028,test88,self_20260531_153611,clip_126,1,rest,,0.494,1865474.0,raspberry_pi_seeed_gsr,"1865474,0.4940"
2026-05-31T15:36:32.048,test88,self_20260531_153611,clip_126,1,rest,,0.494,1865494.0,raspberry_pi_seeed_gsr,"1865494,0.4940"
2026-05-31T15:36:32.069,test88,self_20260531_153611,clip_126,1,rest,,0.49,1865515.0,raspberry_pi_seeed_gsr,"1865515,0.4900"
2026-05-31T15:36:32.090,test88,self_20260531_153611,clip_126,1,rest,,0.4916,1865536.0,raspberry_pi_seeed_gsr,"1865536,0.4916"
2026-05-31T15:36:32.111,test88,self_20260531_153611,clip_126,1,rest,,0.4875,1865557.0,raspberry_pi_seeed_gsr,"1865557,0.4875"
2026-05-31T15:36:32.132,test88,self_20260531_153611,clip_126,1,rest,,0.4859,1865578.0,raspberry_pi_seeed_gsr,"1865578,0.4859"
2026-05-31T15:36:32.153,test88,self_20260531_153611,clip_126,1,rest,,0.4851,1865599.0,raspberry_pi_seeed_gsr,"1865599,0.4851"
2026-05-31T15:36:32.178,test88,self_20260531_153611,clip_126,1,rest,,0.4819,1865620.0,raspberry_pi_seeed_gsr,"1865620,0.4819"
2026-05-31T15:36:32.196,test88,self_20260531_153611,clip_126,1,rest,,0.4811,1865641.0,raspberry_pi_seeed_gsr,"1865641,0.4811"
2026-05-31T15:36:32.217,test88,self_20260531_153611,clip_126,1,rest,,0.4738,1865662.0,raspberry_pi_seeed_gsr,"1865662,0.4738"
2026-05-31T15:36:32.260,test88,self_20260531_153611,clip_126,1,rest,,0.4795,1865683.0,raspberry_pi_seeed_gsr,"1865683,0.4795"
2026-05-31T15:36:32.261,test88,self_20260531_153611,clip_126,1,rest,,0.4763,1865704.0,raspberry_pi_seeed_gsr,"1865704,0.4763"
2026-05-31T15:36:32.280,test88,self_20260531_153611,clip_126,1,rest,,0.473,1865725.0,raspberry_pi_seeed_gsr,"1865725,0.4730"
2026-05-31T15:36:32.301,test88,self_20260531_153611,clip_126,1,rest,,0.4722,1865746.0,raspberry_pi_seeed_gsr,"1865746,0.4722"
2026-05-31T15:36:32.322,test88,self_20260531_153611,clip_126,1,rest,,0.469,1865767.0,raspberry_pi_seeed_gsr,"1865767,0.4690"
2026-05-31T15:36:32.343,test88,self_20260531_153611,clip_126,1,rest,,0.4609,1865788.0,raspberry_pi_seeed_gsr,"1865788,0.4609"
2026-05-31T15:36:32.364,test88,self_20260531_153611,clip_126,1,rest,,0.4658,1865809.0,raspberry_pi_seeed_gsr,"1865809,0.4658"
2026-05-31T15:36:32.385,test88,self_20260531_153611,clip_126,1,rest,,0.465,1865830.0,raspberry_pi_seeed_gsr,"1865830,0.4650"
2026-05-31T15:36:32.406,test88,self_20260531_153611,clip_126,1,rest,,0.4609,1865851.0,raspberry_pi_seeed_gsr,"1865851,0.4609"
2026-05-31T15:36:32.427,test88,self_20260531_153611,clip_126,1,rest,,0.4674,1865872.0,raspberry_pi_seeed_gsr,"1865872,0.4674"
2026-05-31T15:36:32.448,test88,self_20260531_153611,clip_126,1,rest,,0.4585,1865894.0,raspberry_pi_seeed_gsr,"1865894,0.4585"
2026-05-31T15:36:32.468,test88,self_20260531_153611,clip_126,1,rest,,0.4561,1865914.0,raspberry_pi_seeed_gsr,"1865914,0.4561"
2026-05-31T15:36:32.521,test88,self_20260531_153611,clip_126,1,rest,,0.4553,1865934.0,raspberry_pi_seeed_gsr,"1865934,0.4553"
2026-05-31T15:36:32.522,test88,self_20260531_153611,clip_126,1,rest,,0.4545,1865955.0,raspberry_pi_seeed_gsr,"1865955,0.4545"
2026-05-31T15:36:32.530,test88,self_20260531_153611,clip_126,1,rest,,0.4537,1865976.0,raspberry_pi_seeed_gsr,"1865976,0.4537"
2026-05-31T15:36:32.551,test88,self_20260531_153611,clip_126,1,rest,,0.4593,1865997.0,raspberry_pi_seeed_gsr,"1865997,0.4593"
2026-05-31T15:36:32.572,test88,self_20260531_153611,clip_126,1,rest,,0.4521,1866018.0,raspberry_pi_seeed_gsr,"1866018,0.4521"
2026-05-31T15:36:32.594,test88,self_20260531_153611,clip_126,1,rest,,0.4497,1866039.0,raspberry_pi_seeed_gsr,"1866039,0.4497"
2026-05-31T15:36:32.615,test88,self_20260531_153611,clip_126,1,rest,,0.4521,1866060.0,raspberry_pi_seeed_gsr,"1866060,0.4521"
2026-05-31T15:36:32.636,test88,self_20260531_153611,clip_126,1,rest,,0.4448,1866081.0,raspberry_pi_seeed_gsr,"1866081,0.4448"
2026-05-31T15:36:32.657,test88,self_20260531_153611,clip_126,1,rest,,0.4481,1866102.0,raspberry_pi_seeed_gsr,"1866102,0.4481"
2026-05-31T15:36:32.678,test88,self_20260531_153611,clip_126,1,rest,,0.4408,1866123.0,raspberry_pi_seeed_gsr,"1866123,0.4408"
2026-05-31T15:36:32.699,test88,self_20260531_153611,clip_126,1,rest,,0.4448,1866144.0,raspberry_pi_seeed_gsr,"1866144,0.4448"
2026-05-31T15:36:32.720,test88,self_20260531_153611,clip_126,1,rest,,0.4384,1866165.0,raspberry_pi_seeed_gsr,"1866165,0.4384"
2026-05-31T15:36:32.760,test88,self_20260531_153611,clip_126,1,rest,,0.4392,1866186.0,raspberry_pi_seeed_gsr,"1866186,0.4392"
2026-05-31T15:36:32.762,test88,self_20260531_153611,clip_126,1,rest,,0.4416,1866207.0,raspberry_pi_seeed_gsr,"1866207,0.4416"
2026-05-31T15:36:32.783,test88,self_20260531_153611,clip_126,1,rest,,0.436,1866228.0,raspberry_pi_seeed_gsr,"1866228,0.4360"
2026-05-31T15:36:32.804,test88,self_20260531_153611,clip_126,1,rest,,0.4295,1866249.0,raspberry_pi_seeed_gsr,"1866249,0.4295"
2026-05-31T15:36:32.825,test88,self_20260531_153611,clip_126,1,rest,,0.4319,1866270.0,raspberry_pi_seeed_gsr,"1866270,0.4319"
2026-05-31T15:36:32.846,test88,self_20260531_153611,clip_126,1,rest,,0.4368,1866292.0,raspberry_pi_seeed_gsr,"1866292,0.4368"
2026-05-31T15:36:32.866,test88,self_20260531_153611,clip_126,1,rest,,0.4295,1866312.0,raspberry_pi_seeed_gsr,"1866312,0.4295"
2026-05-31T15:36:32.886,test88,self_20260531_153611,clip_126,1,rest,,0.4295,1866332.0,raspberry_pi_seeed_gsr,"1866332,0.4295"
2026-05-31T15:36:32.908,test88,self_20260531_153611,clip_126,1,rest,,0.4223,1866353.0,raspberry_pi_seeed_gsr,"1866353,0.4223"
2026-05-31T15:36:32.929,test88,self_20260531_153611,clip_126,1,rest,,0.4239,1866374.0,raspberry_pi_seeed_gsr,"1866374,0.4239"
2026-05-31T15:36:32.950,test88,self_20260531_153611,clip_126,1,rest,,0.4255,1866395.0,raspberry_pi_seeed_gsr,"1866395,0.4255"
2026-05-31T15:36:32.971,test88,self_20260531_153611,clip_126,1,rest,,0.4247,1866416.0,raspberry_pi_seeed_gsr,"1866416,0.4247"
2026-05-31T15:36:33.016,test88,self_20260531_153611,clip_126,1,rest,,0.4223,1866437.0,raspberry_pi_seeed_gsr,"1866437,0.4223"
2026-05-31T15:36:33.018,test88,self_20260531_153611,clip_126,1,rest,,0.4215,1866463.0,raspberry_pi_seeed_gsr,"1866463,0.4215"
2026-05-31T15:36:33.039,test88,self_20260531_153611,clip_126,1,rest,,0.4191,1866484.0,raspberry_pi_seeed_gsr,"1866484,0.4191"
2026-05-31T15:36:33.060,test88,self_20260531_153611,clip_126,1,rest,,0.4191,1866505.0,raspberry_pi_seeed_gsr,"1866505,0.4191"
2026-05-31T15:36:33.081,test88,self_20260531_153611,clip_126,1,rest,,0.4191,1866526.0,raspberry_pi_seeed_gsr,"1866526,0.4191"
2026-05-31T15:36:33.102,test88,self_20260531_153611,clip_126,1,rest,,0.4158,1866548.0,raspberry_pi_seeed_gsr,"1866548,0.4158"
2026-05-31T15:36:33.123,test88,self_20260531_153611,clip_126,1,rest,,0.415,1866569.0,raspberry_pi_seeed_gsr,"1866569,0.4150"
2026-05-31T15:36:33.144,test88,self_20260531_153611,clip_126,1,rest,,0.4142,1866589.0,raspberry_pi_seeed_gsr,"1866589,0.4142"
2026-05-31T15:36:33.165,test88,self_20260531_153611,clip_126,1,rest,,0.4118,1866610.0,raspberry_pi_seeed_gsr,"1866610,0.4118"
2026-05-31T15:36:33.186,test88,self_20260531_153611,clip_126,1,rest,,0.4118,1866631.0,raspberry_pi_seeed_gsr,"1866631,0.4118"
2026-05-31T15:36:33.207,test88,self_20260531_153611,clip_126,1,rest,,0.4118,1866652.0,raspberry_pi_seeed_gsr,"1866652,0.4118"
2026-05-31T15:36:33.228,test88,self_20260531_153611,clip_126,1,rest,,0.4118,1866673.0,raspberry_pi_seeed_gsr,"1866673,0.4118"
2026-05-31T15:36:33.275,test88,self_20260531_153611,clip_126,1,rest,,0.4077,1866694.0,raspberry_pi_seeed_gsr,"1866694,0.4077"
2026-05-31T15:36:33.276,test88,self_20260531_153611,clip_126,1,rest,,0.4109,1866715.0,raspberry_pi_seeed_gsr,"1866715,0.4109"
2026-05-31T15:36:33.291,test88,self_20260531_153611,clip_126,1,rest,,0.4109,1866736.0,raspberry_pi_seeed_gsr,"1866736,0.4109"
2026-05-31T15:36:33.312,test88,self_20260531_153611,clip_126,1,rest,,0.4085,1866757.0,raspberry_pi_seeed_gsr,"1866757,0.4085"
2026-05-31T15:36:33.333,test88,self_20260531_153611,clip_126,1,rest,,0.4109,1866778.0,raspberry_pi_seeed_gsr,"1866778,0.4109"
2026-05-31T15:36:33.354,test88,self_20260531_153611,clip_126,1,rest,,0.4045,1866799.0,raspberry_pi_seeed_gsr,"1866799,0.4045"
2026-05-31T15:36:33.375,test88,self_20260531_153611,clip_126,1,rest,,0.4085,1866820.0,raspberry_pi_seeed_gsr,"1866820,0.4085"
2026-05-31T15:36:33.396,test88,self_20260531_153611,clip_126,1,rest,,0.4045,1866841.0,raspberry_pi_seeed_gsr,"1866841,0.4045"
2026-05-31T15:36:33.417,test88,self_20260531_153611,clip_126,1,rest,,0.4061,1866862.0,raspberry_pi_seeed_gsr,"1866862,0.4061"
2026-05-31T15:36:33.438,test88,self_20260531_153611,clip_126,1,rest,,0.4118,1866883.0,raspberry_pi_seeed_gsr,"1866883,0.4118"
2026-05-31T15:36:33.459,test88,self_20260531_153611,clip_126,1,rest,,0.4013,1866904.0,raspberry_pi_seeed_gsr,"1866904,0.4013"
2026-05-31T15:36:33.480,test88,self_20260531_153611,clip_126,1,rest,,0.3964,1866925.0,raspberry_pi_seeed_gsr,"1866925,0.3964"
2026-05-31T15:36:33.502,test88,self_20260531_153611,clip_126,1,rest,,0.4021,1866946.0,raspberry_pi_seeed_gsr,"1866946,0.4021"
2026-05-31T15:36:33.522,test88,self_20260531_153611,clip_126,1,rest,,0.4021,1866967.0,raspberry_pi_seeed_gsr,"1866967,0.4021"
2026-05-31T15:36:33.542,test88,self_20260531_153611,clip_126,1,rest,,0.4037,1866988.0,raspberry_pi_seeed_gsr,"1866988,0.4037"
2026-05-31T15:36:33.562,test88,self_20260531_153611,clip_126,1,rest,,0.3997,1867008.0,raspberry_pi_seeed_gsr,"1867008,0.3997"
2026-05-31T15:36:33.583,test88,self_20260531_153611,clip_126,1,rest,,0.4013,1867029.0,raspberry_pi_seeed_gsr,"1867029,0.4013"
2026-05-31T15:36:33.604,test88,self_20260531_153611,clip_126,1,rest,,0.4005,1867050.0,raspberry_pi_seeed_gsr,"1867050,0.4005"
2026-05-31T15:36:33.625,test88,self_20260531_153611,clip_126,1,rest,,0.4029,1867071.0,raspberry_pi_seeed_gsr,"1867071,0.4029"
2026-05-31T15:36:33.646,test88,self_20260531_153611,clip_126,1,rest,,0.4005,1867092.0,raspberry_pi_seeed_gsr,"1867092,0.4005"
2026-05-31T15:36:33.667,test88,self_20260531_153611,clip_126,1,rest,,0.4021,1867113.0,raspberry_pi_seeed_gsr,"1867113,0.4021"
2026-05-31T15:36:35.727,test88,self_20260531_153611,clip_126,1,listen,,36.0,,raspberry_pi_seeed_gsr,36
2026-05-31T15:36:35.729,test88,self_20260531_153611,clip_126,1,listen,,0.3844,1868468.0,raspberry_pi_seeed_gsr,"1868468,0.3844"
2026-05-31T15:36:35.731,test88,self_20260531_153611,clip_126,1,listen,,0.3868,1868488.0,raspberry_pi_seeed_gsr,"1868488,0.3868"
2026-05-31T15:36:35.733,test88,self_20260531_153611,clip_126,1,listen,,0.3884,1868508.0,raspberry_pi_seeed_gsr,"1868508,0.3884"
2026-05-31T15:36:35.734,test88,self_20260531_153611,clip_126,1,listen,,0.386,1868528.0,raspberry_pi_seeed_gsr,"1868528,0.3860"
2026-05-31T15:36:35.735,test88,self_20260531_153611,clip_126,1,listen,,0.3852,1868548.0,raspberry_pi_seeed_gsr,"1868548,0.3852"
2026-05-31T15:36:35.736,test88,self_20260531_153611,clip_126,1,listen,,0.3852,1868568.0,raspberry_pi_seeed_gsr,"1868568,0.3852"
2026-05-31T15:36:35.737,test88,self_20260531_153611,clip_126,1,listen,,0.3827,1868588.0,raspberry_pi_seeed_gsr,"1868588,0.3827"
2026-05-31T15:36:35.738,test88,self_20260531_153611,clip_126,1,listen,,0.3836,1868608.0,raspberry_pi_seeed_gsr,"1868608,0.3836"
2026-05-31T15:36:35.739,test88,self_20260531_153611,clip_126,1,listen,,0.3836,1868628.0,raspberry_pi_seeed_gsr,"1868628,0.3836"
2026-05-31T15:36:35.740,test88,self_20260531_153611,clip_126,1,listen,,0.3836,1868649.0,raspberry_pi_seeed_gsr,"1868649,0.3836"
2026-05-31T15:36:35.741,test88,self_20260531_153611,clip_126,1,listen,,0.3852,1868669.0,raspberry_pi_seeed_gsr,"1868669,0.3852"
2026-05-31T15:36:35.741,test88,self_20260531_153611,clip_126,1,listen,,0.3852,1868690.0,raspberry_pi_seeed_gsr,"1868690,0.3852"
2026-05-31T15:36:35.742,test88,self_20260531_153611,clip_126,1,listen,,0.3836,1868710.0,raspberry_pi_seeed_gsr,"1868710,0.3836"
2026-05-31T15:36:35.743,test88,self_20260531_153611,clip_126,1,listen,,0.3892,1868730.0,raspberry_pi_seeed_gsr,"1868730,0.3892"
2026-05-31T15:36:35.743,test88,self_20260531_153611,clip_126,1,listen,,0.3868,1868750.0,raspberry_pi_seeed_gsr,"1868750,0.3868"
2026-05-31T15:36:35.744,test88,self_20260531_153611,clip_126,1,listen,,0.3892,1868770.0,raspberry_pi_seeed_gsr,"1868770,0.3892"
2026-05-31T15:36:35.744,test88,self_20260531_153611,clip_126,1,listen,,0.3787,1868790.0,raspberry_pi_seeed_gsr,"1868790,0.3787"
2026-05-31T15:36:35.745,test88,self_20260531_153611,clip_126,1,listen,,0.3908,1868810.0,raspberry_pi_seeed_gsr,"1868810,0.3908"
2026-05-31T15:36:35.745,test88,self_20260531_153611,clip_126,1,listen,,0.3844,1868830.0,raspberry_pi_seeed_gsr,"1868830,0.3844"
2026-05-31T15:36:35.746,test88,self_20260531_153611,clip_126,1,listen,,0.3844,1868850.0,raspberry_pi_seeed_gsr,"1868850,0.3844"
2026-05-31T15:36:35.746,test88,self_20260531_153611,clip_126,1,listen,,0.3852,1868870.0,raspberry_pi_seeed_gsr,"1868870,0.3852"
2026-05-31T15:36:35.747,test88,self_20260531_153611,clip_126,1,listen,,0.3852,1868890.0,raspberry_pi_seeed_gsr,"1868890,0.3852"
2026-05-31T15:36:35.747,test88,self_20260531_153611,clip_126,1,listen,,0.3819,1868910.0,raspberry_pi_seeed_gsr,"1868910,0.3819"
2026-05-31T15:36:35.748,test88,self_20260531_153611,clip_126,1,listen,,0.3868,1868930.0,raspberry_pi_seeed_gsr,"1868930,0.3868"
2026-05-31T15:36:35.748,test88,self_20260531_153611,clip_126,1,listen,,0.3852,1868950.0,raspberry_pi_seeed_gsr,"1868950,0.3852"
2026-05-31T15:36:35.749,test88,self_20260531_153611,clip_126,1,listen,,0.3852,1868970.0,raspberry_pi_seeed_gsr,"1868970,0.3852"
2026-05-31T15:36:35.750,test88,self_20260531_153611,clip_126,1,listen,,0.3876,1868991.0,raspberry_pi_seeed_gsr,"1868991,0.3876"
2026-05-31T15:36:35.750,test88,self_20260531_153611,clip_126,1,listen,,0.3876,1869012.0,raspberry_pi_seeed_gsr,"1869012,0.3876"
2026-05-31T15:36:35.751,test88,self_20260531_153611,clip_126,1,listen,,0.39,1869032.0,raspberry_pi_seeed_gsr,"1869032,0.3900"
2026-05-31T15:36:35.752,test88,self_20260531_153611,clip_126,1,listen,,0.39,1869052.0,raspberry_pi_seeed_gsr,"1869052,0.3900"
2026-05-31T15:36:35.752,test88,self_20260531_153611,clip_126,1,listen,,0.3892,1869072.0,raspberry_pi_seeed_gsr,"1869072,0.3892"
2026-05-31T15:36:35.753,test88,self_20260531_153611,clip_126,1,listen,,0.39,1869092.0,raspberry_pi_seeed_gsr,"1869092,0.3900"
2026-05-31T15:36:35.753,test88,self_20260531_153611,clip_126,1,listen,,0.3948,1869112.0,raspberry_pi_seeed_gsr,"1869112,0.3948"
2026-05-31T15:36:35.754,test88,self_20260531_153611,clip_126,1,listen,,0.3876,1869132.0,raspberry_pi_seeed_gsr,"1869132,0.3876"
2026-05-31T15:36:35.754,test88,self_20260531_153611,clip_126,1,listen,,0.3892,1869152.0,raspberry_pi_seeed_gsr,"1869152,0.3892"
2026-05-31T15:36:35.754,test88,self_20260531_153611,clip_126,1,listen,,0.3892,1869172.0,raspberry_pi_seeed_gsr,"1869172,0.3892"
2026-05-31T15:36:35.755,test88,self_20260531_153611,clip_126,1,listen,,0.3892,1869192.0,raspberry_pi_seeed_gsr,"1869192,0.3892"
2026-05-31T15:36:35.766,test88,self_20260531_153611,clip_126,1,listen,,0.3892,1869212.0,raspberry_pi_seeed_gsr,"1869212,0.3892"
2026-05-31T15:36:35.786,test88,self_20260531_153611,clip_126,1,listen,,0.3964,1869232.0,raspberry_pi_seeed_gsr,"1869232,0.3964"
2026-05-31T15:36:35.806,test88,self_20260531_153611,clip_126,1,listen,,0.3884,1869252.0,raspberry_pi_seeed_gsr,"1869252,0.3884"
2026-05-31T15:36:35.827,test88,self_20260531_153611,clip_126,1,listen,,0.3876,1869273.0,raspberry_pi_seeed_gsr,"1869273,0.3876"
2026-05-31T15:36:35.848,test88,self_20260531_153611,clip_126,1,listen,,0.3892,1869294.0,raspberry_pi_seeed_gsr,"1869294,0.3892"
2026-05-31T15:36:35.869,test88,self_20260531_153611,clip_126,1,listen,,0.3876,1869314.0,raspberry_pi_seeed_gsr,"1869314,0.3876"
2026-05-31T15:36:35.889,test88,self_20260531_153611,clip_126,1,listen,,0.3876,1869334.0,raspberry_pi_seeed_gsr,"1869334,0.3876"
2026-05-31T15:36:35.908,test88,self_20260531_153611,clip_126,1,listen,,0.3868,1869354.0,raspberry_pi_seeed_gsr,"1869354,0.3868"
2026-05-31T15:36:35.929,test88,self_20260531_153611,clip_126,1,listen,,0.3868,1869374.0,raspberry_pi_seeed_gsr,"1869374,0.3868"
2026-05-31T15:36:35.948,test88,self_20260531_153611,clip_126,1,listen,,0.386,1869394.0,raspberry_pi_seeed_gsr,"1869394,0.3860"
2026-05-31T15:36:35.969,test88,self_20260531_153611,clip_126,1,listen,,0.3827,1869414.0,raspberry_pi_seeed_gsr,"1869414,0.3827"
2026-05-31T15:36:35.989,test88,self_20260531_153611,clip_126,1,listen,,0.3803,1869434.0,raspberry_pi_seeed_gsr,"1869434,0.3803"
2026-05-31T15:36:36.010,test88,self_20260531_153611,clip_126,1,listen,,0.3876,1869455.0,raspberry_pi_seeed_gsr,"1869455,0.3876"
2026-05-31T15:36:36.069,test88,self_20260531_153611,clip_126,1,listen,,0.3884,1869475.0,raspberry_pi_seeed_gsr,"1869475,0.3884"
2026-05-31T15:36:36.070,test88,self_20260531_153611,clip_126,1,listen,,0.3916,1869495.0,raspberry_pi_seeed_gsr,"1869495,0.3916"
2026-05-31T15:36:36.071,test88,self_20260531_153611,clip_126,1,listen,,0.3836,1869515.0,raspberry_pi_seeed_gsr,"1869515,0.3836"
2026-05-31T15:36:36.089,test88,self_20260531_153611,clip_126,1,listen,,0.3819,1869535.0,raspberry_pi_seeed_gsr,"1869535,0.3819"
2026-05-31T15:36:36.110,test88,self_20260531_153611,clip_126,1,listen,,0.3819,1869556.0,raspberry_pi_seeed_gsr,"1869556,0.3819"
2026-05-31T15:36:36.131,test88,self_20260531_153611,clip_126,1,listen,,0.3811,1869577.0,raspberry_pi_seeed_gsr,"1869577,0.3811"
2026-05-31T15:36:36.151,test88,self_20260531_153611,clip_126,1,listen,,0.3811,1869597.0,raspberry_pi_seeed_gsr,"1869597,0.3811"
2026-05-31T15:36:36.172,test88,self_20260531_153611,clip_126,1,listen,,0.3803,1869618.0,raspberry_pi_seeed_gsr,"1869618,0.3803"
2026-05-31T15:36:36.192,test88,self_20260531_153611,clip_126,1,listen,,0.3795,1869638.0,raspberry_pi_seeed_gsr,"1869638,0.3795"
2026-05-31T15:36:36.212,test88,self_20260531_153611,clip_126,1,listen,,0.3779,1869658.0,raspberry_pi_seeed_gsr,"1869658,0.3779"
2026-05-31T15:36:36.234,test88,self_20260531_153611,clip_126,1,listen,,0.3811,1869679.0,raspberry_pi_seeed_gsr,"1869679,0.3811"
2026-05-31T15:36:36.254,test88,self_20260531_153611,clip_126,1,listen,,0.3827,1869699.0,raspberry_pi_seeed_gsr,"1869699,0.3827"
2026-05-31T15:36:36.274,test88,self_20260531_153611,clip_126,1,listen,,0.3811,1869719.0,raspberry_pi_seeed_gsr,"1869719,0.3811"
2026-05-31T15:36:36.321,test88,self_20260531_153611,clip_126,1,listen,,0.3844,1869740.0,raspberry_pi_seeed_gsr,"1869740,0.3844"
2026-05-31T15:36:36.322,test88,self_20260531_153611,clip_126,1,listen,,0.3795,1869760.0,raspberry_pi_seeed_gsr,"1869760,0.3795"
2026-05-31T15:36:36.334,test88,self_20260531_153611,clip_126,1,listen,,0.3868,1869780.0,raspberry_pi_seeed_gsr,"1869780,0.3868"
2026-05-31T15:36:36.354,test88,self_20260531_153611,clip_126,1,listen,,0.3852,1869800.0,raspberry_pi_seeed_gsr,"1869800,0.3852"
2026-05-31T15:36:36.374,test88,self_20260531_153611,clip_126,1,listen,,0.3852,1869820.0,raspberry_pi_seeed_gsr,"1869820,0.3852"
2026-05-31T15:36:36.394,test88,self_20260531_153611,clip_126,1,listen,,0.3892,1869840.0,raspberry_pi_seeed_gsr,"1869840,0.3892"
2026-05-31T15:36:36.415,test88,self_20260531_153611,clip_126,1,listen,,0.3876,1869861.0,raspberry_pi_seeed_gsr,"1869861,0.3876"
2026-05-31T15:36:36.435,test88,self_20260531_153611,clip_126,1,listen,,0.3868,1869881.0,raspberry_pi_seeed_gsr,"1869881,0.3868"
2026-05-31T15:36:36.455,test88,self_20260531_153611,clip_126,1,listen,,0.3819,1869901.0,raspberry_pi_seeed_gsr,"1869901,0.3819"
2026-05-31T15:36:36.477,test88,self_20260531_153611,clip_126,1,listen,,0.3876,1869922.0,raspberry_pi_seeed_gsr,"1869922,0.3876"
2026-05-31T15:36:36.496,test88,self_20260531_153611,clip_126,1,listen,,0.386,1869942.0,raspberry_pi_seeed_gsr,"1869942,0.3860"
2026-05-31T15:36:36.517,test88,self_20260531_153611,clip_126,1,listen,,0.3779,1869963.0,raspberry_pi_seeed_gsr,"1869963,0.3779"
2026-05-31T15:36:36.538,test88,self_20260531_153611,clip_126,1,listen,,0.3876,1869984.0,raspberry_pi_seeed_gsr,"1869984,0.3876"
2026-05-31T15:36:36.579,test88,self_20260531_153611,clip_126,1,listen,,0.386,1870004.0,raspberry_pi_seeed_gsr,"1870004,0.3860"
2026-05-31T15:36:36.580,test88,self_20260531_153611,clip_126,1,listen,,0.3876,1870024.0,raspberry_pi_seeed_gsr,"1870024,0.3876"
2026-05-31T15:36:36.598,test88,self_20260531_153611,clip_126,1,listen,,0.3876,1870044.0,raspberry_pi_seeed_gsr,"1870044,0.3876"
2026-05-31T15:36:36.618,test88,self_20260531_153611,clip_126,1,listen,,0.3892,1870064.0,raspberry_pi_seeed_gsr,"1870064,0.3892"
2026-05-31T15:36:36.638,test88,self_20260531_153611,clip_126,1,listen,,0.3884,1870084.0,raspberry_pi_seeed_gsr,"1870084,0.3884"
2026-05-31T15:36:36.658,test88,self_20260531_153611,clip_126,1,listen,,0.3852,1870104.0,raspberry_pi_seeed_gsr,"1870104,0.3852"
2026-05-31T15:36:36.678,test88,self_20260531_153611,clip_126,1,listen,,0.3884,1870124.0,raspberry_pi_seeed_gsr,"1870124,0.3884"
2026-05-31T15:36:36.698,test88,self_20260531_153611,clip_126,1,listen,,0.3884,1870144.0,raspberry_pi_seeed_gsr,"1870144,0.3884"
2026-05-31T15:36:36.720,test88,self_20260531_153611,clip_126,1,listen,,0.3868,1870165.0,raspberry_pi_seeed_gsr,"1870165,0.3868"
2026-05-31T15:36:36.740,test88,self_20260531_153611,clip_126,1,listen,,0.3803,1870185.0,raspberry_pi_seeed_gsr,"1870185,0.3803"
2026-05-31T15:36:36.760,test88,self_20260531_153611,clip_126,1,listen,,0.3852,1870205.0,raspberry_pi_seeed_gsr,"1870205,0.3852"
2026-05-31T15:36:36.780,test88,self_20260531_153611,clip_126,1,listen,,0.3811,1870225.0,raspberry_pi_seeed_gsr,"1870225,0.3811"
2026-05-31T15:36:36.800,test88,self_20260531_153611,clip_126,1,listen,,0.3868,1870245.0,raspberry_pi_seeed_gsr,"1870245,0.3868"
2026-05-31T15:36:36.848,test88,self_20260531_153611,clip_126,1,listen,,0.386,1870265.0,raspberry_pi_seeed_gsr,"1870265,0.3860"
2026-05-31T15:36:36.849,test88,self_20260531_153611,clip_126,1,listen,,0.3868,1870285.0,raspberry_pi_seeed_gsr,"1870285,0.3868"
2026-05-31T15:36:36.860,test88,self_20260531_153611,clip_126,1,listen,,0.3852,1870306.0,raspberry_pi_seeed_gsr,"1870306,0.3852"
2026-05-31T15:36:36.881,test88,self_20260531_153611,clip_126,1,listen,,0.386,1870327.0,raspberry_pi_seeed_gsr,"1870327,0.3860"
2026-05-31T15:36:36.901,test88,self_20260531_153611,clip_126,1,listen,,0.3884,1870347.0,raspberry_pi_seeed_gsr,"1870347,0.3884"
2026-05-31T15:36:36.922,test88,self_20260531_153611,clip_126,1,listen,,0.3876,1870368.0,raspberry_pi_seeed_gsr,"1870368,0.3876"
2026-05-31T15:36:36.943,test88,self_20260531_153611,clip_126,1,listen,,0.3876,1870389.0,raspberry_pi_seeed_gsr,"1870389,0.3876"
2026-05-31T15:36:36.963,test88,self_20260531_153611,clip_126,1,listen,,0.3908,1870409.0,raspberry_pi_seeed_gsr,"1870409,0.3908"
2026-05-31T15:36:36.985,test88,self_20260531_153611,clip_126,1,listen,,0.3876,1870430.0,raspberry_pi_seeed_gsr,"1870430,0.3876"
2026-05-31T15:36:37.006,test88,self_20260531_153611,clip_126,1,listen,,0.3876,1870451.0,raspberry_pi_seeed_gsr,"1870451,0.3876"
2026-05-31T15:36:37.025,test88,self_20260531_153611,clip_126,1,listen,,0.3884,1870471.0,raspberry_pi_seeed_gsr,"1870471,0.3884"
2026-05-31T15:36:37.046,test88,self_20260531_153611,clip_126,1,listen,,0.3876,1870491.0,raspberry_pi_seeed_gsr,"1870491,0.3876"
2026-05-31T15:36:37.066,test88,self_20260531_153611,clip_126,1,listen,,0.3884,1870511.0,raspberry_pi_seeed_gsr,"1870511,0.3884"
2026-05-31T15:36:37.113,test88,self_20260531_153611,clip_126,1,listen,,0.3892,1870532.0,raspberry_pi_seeed_gsr,"1870532,0.3892"
2026-05-31T15:36:37.114,test88,self_20260531_153611,clip_126,1,listen,,0.3892,1870553.0,raspberry_pi_seeed_gsr,"1870553,0.3892"
2026-05-31T15:36:37.128,test88,self_20260531_153611,clip_126,1,listen,,0.3868,1870574.0,raspberry_pi_seeed_gsr,"1870574,0.3868"
2026-05-31T15:36:37.149,test88,self_20260531_153611,clip_126,1,listen,,0.3892,1870595.0,raspberry_pi_seeed_gsr,"1870595,0.3892"
2026-05-31T15:36:37.169,test88,self_20260531_153611,clip_126,1,listen,,0.39,1870615.0,raspberry_pi_seeed_gsr,"1870615,0.3900"
2026-05-31T15:36:37.189,test88,self_20260531_153611,clip_126,1,listen,,0.3868,1870635.0,raspberry_pi_seeed_gsr,"1870635,0.3868"
2026-05-31T15:36:37.209,test88,self_20260531_153611,clip_126,1,listen,,0.3803,1870655.0,raspberry_pi_seeed_gsr,"1870655,0.3803"
2026-05-31T15:36:37.229,test88,self_20260531_153611,clip_126,1,listen,,0.3916,1870675.0,raspberry_pi_seeed_gsr,"1870675,0.3916"
2026-05-31T15:36:37.250,test88,self_20260531_153611,clip_126,1,listen,,0.3956,1870695.0,raspberry_pi_seeed_gsr,"1870695,0.3956"
2026-05-31T15:36:37.270,test88,self_20260531_153611,clip_126,1,listen,,0.3884,1870715.0,raspberry_pi_seeed_gsr,"1870715,0.3884"
2026-05-31T15:36:37.289,test88,self_20260531_153611,clip_126,1,listen,,0.3884,1870735.0,raspberry_pi_seeed_gsr,"1870735,0.3884"
2026-05-31T15:36:37.309,test88,self_20260531_153611,clip_126,1,listen,,0.3981,1870755.0,raspberry_pi_seeed_gsr,"1870755,0.3981"
2026-05-31T15:36:37.330,test88,self_20260531_153611,clip_126,1,listen,,0.3972,1870776.0,raspberry_pi_seeed_gsr,"1870776,0.3972"
2026-05-31T15:36:37.360,test88,self_20260531_153611,clip_126,1,listen,,0.3916,1870797.0,raspberry_pi_seeed_gsr,"1870797,0.3916"
2026-05-31T15:36:37.371,test88,self_20260531_153611,clip_126,1,listen,,0.3892,1870817.0,raspberry_pi_seeed_gsr,"1870817,0.3892"
2026-05-31T15:36:37.392,test88,self_20260531_153611,clip_126,1,listen,,0.3868,1870838.0,raspberry_pi_seeed_gsr,"1870838,0.3868"
2026-05-31T15:36:37.412,test88,self_20260531_153611,clip_126,1,listen,,0.3908,1870858.0,raspberry_pi_seeed_gsr,"1870858,0.3908"
2026-05-31T15:36:37.432,test88,self_20260531_153611,clip_126,1,listen,,0.39,1870878.0,raspberry_pi_seeed_gsr,"1870878,0.3900"
2026-05-31T15:36:37.452,test88,self_20260531_153611,clip_126,1,listen,,0.39,1870898.0,raspberry_pi_seeed_gsr,"1870898,0.3900"
2026-05-31T15:36:37.472,test88,self_20260531_153611,clip_126,1,listen,,0.3932,1870918.0,raspberry_pi_seeed_gsr,"1870918,0.3932"
2026-05-31T15:36:37.492,test88,self_20260531_153611,clip_126,1,listen,,0.39,1870938.0,raspberry_pi_seeed_gsr,"1870938,0.3900"
2026-05-31T15:36:37.512,test88,self_20260531_153611,clip_126,1,listen,,0.3884,1870958.0,raspberry_pi_seeed_gsr,"1870958,0.3884"
2026-05-31T15:36:37.533,test88,self_20260531_153611,clip_126,1,listen,,0.3908,1870979.0,raspberry_pi_seeed_gsr,"1870979,0.3908"
2026-05-31T15:36:37.554,test88,self_20260531_153611,clip_126,1,listen,,0.394,1871000.0,raspberry_pi_seeed_gsr,"1871000,0.3940"
2026-05-31T15:36:37.575,test88,self_20260531_153611,clip_126,1,listen,,0.3908,1871021.0,raspberry_pi_seeed_gsr,"1871021,0.3908"
2026-05-31T15:36:37.596,test88,self_20260531_153611,clip_126,1,listen,,0.3916,1871041.0,raspberry_pi_seeed_gsr,"1871041,0.3916"
2026-05-31T15:36:37.640,test88,self_20260531_153611,clip_126,1,listen,,0.3916,1871062.0,raspberry_pi_seeed_gsr,"1871062,0.3916"
2026-05-31T15:36:37.641,test88,self_20260531_153611,clip_126,1,listen,,0.394,1871083.0,raspberry_pi_seeed_gsr,"1871083,0.3940"
2026-05-31T15:36:37.658,test88,self_20260531_153611,clip_126,1,listen,,0.3908,1871104.0,raspberry_pi_seeed_gsr,"1871104,0.3908"
2026-05-31T15:36:37.679,test88,self_20260531_153611,clip_126,1,listen,,0.3916,1871125.0,raspberry_pi_seeed_gsr,"1871125,0.3916"
2026-05-31T15:36:37.700,test88,self_20260531_153611,clip_126,1,listen,,0.3924,1871146.0,raspberry_pi_seeed_gsr,"1871146,0.3924"
2026-05-31T15:36:37.721,test88,self_20260531_153611,clip_126,1,listen,,0.3868,1871167.0,raspberry_pi_seeed_gsr,"1871167,0.3868"
2026-05-31T15:36:37.742,test88,self_20260531_153611,clip_126,1,listen,,0.3916,1871188.0,raspberry_pi_seeed_gsr,"1871188,0.3916"
2026-05-31T15:36:37.763,test88,self_20260531_153611,clip_126,1,listen,,0.3956,1871209.0,raspberry_pi_seeed_gsr,"1871209,0.3956"
2026-05-31T15:36:37.785,test88,self_20260531_153611,clip_126,1,listen,,0.3876,1871230.0,raspberry_pi_seeed_gsr,"1871230,0.3876"
2026-05-31T15:36:37.805,test88,self_20260531_153611,clip_126,1,listen,,0.39,1871251.0,raspberry_pi_seeed_gsr,"1871251,0.3900"
2026-05-31T15:36:37.826,test88,self_20260531_153611,clip_126,1,listen,,0.3884,1871271.0,raspberry_pi_seeed_gsr,"1871271,0.3884"
2026-05-31T15:36:37.847,test88,self_20260531_153611,clip_126,1,listen,,0.3884,1871292.0,raspberry_pi_seeed_gsr,"1871292,0.3884"
2026-05-31T15:36:37.895,test88,self_20260531_153611,clip_126,1,listen,,0.39,1871312.0,raspberry_pi_seeed_gsr,"1871312,0.3900"
2026-05-31T15:36:37.896,test88,self_20260531_153611,clip_126,1,listen,,0.3892,1871332.0,raspberry_pi_seeed_gsr,"1871332,0.3892"
2026-05-31T15:36:37.906,test88,self_20260531_153611,clip_126,1,listen,,0.3884,1871352.0,raspberry_pi_seeed_gsr,"1871352,0.3884"
2026-05-31T15:36:37.928,test88,self_20260531_153611,clip_126,1,listen,,0.3884,1871373.0,raspberry_pi_seeed_gsr,"1871373,0.3884"
2026-05-31T15:36:37.947,test88,self_20260531_153611,clip_126,1,listen,,0.3884,1871393.0,raspberry_pi_seeed_gsr,"1871393,0.3884"
2026-05-31T15:36:37.968,test88,self_20260531_153611,clip_126,1,listen,,0.39,1871414.0,raspberry_pi_seeed_gsr,"1871414,0.3900"
2026-05-31T15:36:37.988,test88,self_20260531_153611,clip_126,1,listen,,0.39,1871434.0,raspberry_pi_seeed_gsr,"1871434,0.3900"
2026-05-31T15:36:38.008,test88,self_20260531_153611,clip_126,1,listen,,0.3892,1871454.0,raspberry_pi_seeed_gsr,"1871454,0.3892"
2026-05-31T15:36:38.030,test88,self_20260531_153611,clip_126,1,listen,,0.3884,1871475.0,raspberry_pi_seeed_gsr,"1871475,0.3884"
2026-05-31T15:36:38.049,test88,self_20260531_153611,clip_126,1,listen,,0.3868,1871495.0,raspberry_pi_seeed_gsr,"1871495,0.3868"
2026-05-31T15:36:38.070,test88,self_20260531_153611,clip_126,1,listen,,0.3868,1871515.0,raspberry_pi_seeed_gsr,"1871515,0.3868"
2026-05-31T15:36:38.089,test88,self_20260531_153611,clip_126,1,listen,,0.3884,1871535.0,raspberry_pi_seeed_gsr,"1871535,0.3884"
2026-05-31T15:36:38.110,test88,self_20260531_153611,clip_126,1,listen,,0.3868,1871555.0,raspberry_pi_seeed_gsr,"1871555,0.3868"
2026-05-31T15:36:38.156,test88,self_20260531_153611,clip_126,1,listen,,0.3868,1871576.0,raspberry_pi_seeed_gsr,"1871576,0.3868"
2026-05-31T15:36:38.157,test88,self_20260531_153611,clip_126,1,listen,,0.39,1871597.0,raspberry_pi_seeed_gsr,"1871597,0.3900"
2026-05-31T15:36:38.171,test88,self_20260531_153611,clip_126,1,listen,,0.3908,1871617.0,raspberry_pi_seeed_gsr,"1871617,0.3908"
2026-05-31T15:36:38.193,test88,self_20260531_153611,clip_126,1,listen,,0.394,1871638.0,raspberry_pi_seeed_gsr,"1871638,0.3940"
2026-05-31T15:36:38.213,test88,self_20260531_153611,clip_126,1,listen,,0.3876,1871659.0,raspberry_pi_seeed_gsr,"1871659,0.3876"
2026-05-31T15:36:38.234,test88,self_20260531_153611,clip_126,1,listen,,0.3868,1871680.0,raspberry_pi_seeed_gsr,"1871680,0.3868"
2026-05-31T15:36:38.255,test88,self_20260531_153611,clip_126,1,listen,,0.3868,1871701.0,raspberry_pi_seeed_gsr,"1871701,0.3868"
2026-05-31T15:36:38.276,test88,self_20260531_153611,clip_126,1,listen,,0.3852,1871722.0,raspberry_pi_seeed_gsr,"1871722,0.3852"
2026-05-31T15:36:38.297,test88,self_20260531_153611,clip_126,1,listen,,0.3852,1871743.0,raspberry_pi_seeed_gsr,"1871743,0.3852"
2026-05-31T15:36:38.318,test88,self_20260531_153611,clip_126,1,listen,,0.3876,1871764.0,raspberry_pi_seeed_gsr,"1871764,0.3876"
2026-05-31T15:36:38.339,test88,self_20260531_153611,clip_126,1,listen,,0.3827,1871785.0,raspberry_pi_seeed_gsr,"1871785,0.3827"
2026-05-31T15:36:38.360,test88,self_20260531_153611,clip_126,1,listen,,0.3827,1871806.0,raspberry_pi_seeed_gsr,"1871806,0.3827"
2026-05-31T15:36:38.380,test88,self_20260531_153611,clip_126,1,listen,,0.3819,1871826.0,raspberry_pi_seeed_gsr,"1871826,0.3819"
2026-05-31T15:36:38.403,test88,self_20260531_153611,clip_126,1,listen,,0.3819,1871847.0,raspberry_pi_seeed_gsr,"1871847,0.3819"
2026-05-31T15:36:38.422,test88,self_20260531_153611,clip_126,1,listen,,0.3803,1871868.0,raspberry_pi_seeed_gsr,"1871868,0.3803"
2026-05-31T15:36:38.443,test88,self_20260531_153611,clip_126,1,listen,,0.3811,1871889.0,raspberry_pi_seeed_gsr,"1871889,0.3811"
2026-05-31T15:36:38.464,test88,self_20260531_153611,clip_126,1,listen,,0.3844,1871910.0,raspberry_pi_seeed_gsr,"1871910,0.3844"
2026-05-31T15:36:38.485,test88,self_20260531_153611,clip_126,1,listen,,0.3827,1871931.0,raspberry_pi_seeed_gsr,"1871931,0.3827"
2026-05-31T15:36:38.506,test88,self_20260531_153611,clip_126,1,listen,,0.3836,1871952.0,raspberry_pi_seeed_gsr,"1871952,0.3836"
2026-05-31T15:36:38.527,test88,self_20260531_153611,clip_126,1,listen,,0.3868,1871973.0,raspberry_pi_seeed_gsr,"1871973,0.3868"
2026-05-31T15:36:38.548,test88,self_20260531_153611,clip_126,1,listen,,0.3844,1871994.0,raspberry_pi_seeed_gsr,"1871994,0.3844"
2026-05-31T15:36:38.569,test88,self_20260531_153611,clip_126,1,listen,,0.3827,1872015.0,raspberry_pi_seeed_gsr,"1872015,0.3827"
2026-05-31T15:36:38.590,test88,self_20260531_153611,clip_126,1,listen,,0.3836,1872036.0,raspberry_pi_seeed_gsr,"1872036,0.3836"
2026-05-31T15:36:38.611,test88,self_20260531_153611,clip_126,1,listen,,0.3844,1872056.0,raspberry_pi_seeed_gsr,"1872056,0.3844"
2026-05-31T15:36:38.632,test88,self_20260531_153611,clip_126,1,listen,,0.3779,1872077.0,raspberry_pi_seeed_gsr,"1872077,0.3779"
2026-05-31T15:36:38.679,test88,self_20260531_153611,clip_126,1,listen,,0.3763,1872097.0,raspberry_pi_seeed_gsr,"1872097,0.3763"
2026-05-31T15:36:38.680,test88,self_20260531_153611,clip_126,1,listen,,0.3819,1872118.0,raspberry_pi_seeed_gsr,"1872118,0.3819"
2026-05-31T15:36:38.693,test88,self_20260531_153611,clip_126,1,listen,,0.3844,1872139.0,raspberry_pi_seeed_gsr,"1872139,0.3844"
2026-05-31T15:36:38.715,test88,self_20260531_153611,clip_126,1,listen,,0.3836,1872160.0,raspberry_pi_seeed_gsr,"1872160,0.3836"
2026-05-31T15:36:38.735,test88,self_20260531_153611,clip_126,1,listen,,0.3844,1872181.0,raspberry_pi_seeed_gsr,"1872181,0.3844"
2026-05-31T15:36:38.756,test88,self_20260531_153611,clip_126,1,listen,,0.3819,1872202.0,raspberry_pi_seeed_gsr,"1872202,0.3819"
2026-05-31T15:36:38.777,test88,self_20260531_153611,clip_126,1,listen,,0.3836,1872223.0,raspberry_pi_seeed_gsr,"1872223,0.3836"
2026-05-31T15:36:38.798,test88,self_20260531_153611,clip_126,1,listen,,0.3811,1872244.0,raspberry_pi_seeed_gsr,"1872244,0.3811"
2026-05-31T15:36:38.820,test88,self_20260531_153611,clip_126,1,listen,,0.3803,1872265.0,raspberry_pi_seeed_gsr,"1872265,0.3803"
2026-05-31T15:36:38.841,test88,self_20260531_153611,clip_126,1,listen,,0.3827,1872286.0,raspberry_pi_seeed_gsr,"1872286,0.3827"
2026-05-31T15:36:38.862,test88,self_20260531_153611,clip_126,1,listen,,0.3771,1872307.0,raspberry_pi_seeed_gsr,"1872307,0.3771"
2026-05-31T15:36:38.883,test88,self_20260531_153611,clip_126,1,listen,,0.3836,1872328.0,raspberry_pi_seeed_gsr,"1872328,0.3836"
2026-05-31T15:36:38.930,test88,self_20260531_153611,clip_126,1,listen,,0.3803,1872349.0,raspberry_pi_seeed_gsr,"1872349,0.3803"
2026-05-31T15:36:38.931,test88,self_20260531_153611,clip_126,1,listen,,0.3803,1872370.0,raspberry_pi_seeed_gsr,"1872370,0.3803"
2026-05-31T15:36:38.945,test88,self_20260531_153611,clip_126,1,listen,,0.3787,1872391.0,raspberry_pi_seeed_gsr,"1872391,0.3787"
2026-05-31T15:36:38.966,test88,self_20260531_153611,clip_126,1,listen,,0.3819,1872412.0,raspberry_pi_seeed_gsr,"1872412,0.3819"
2026-05-31T15:36:38.987,test88,self_20260531_153611,clip_126,1,listen,,0.3787,1872433.0,raspberry_pi_seeed_gsr,"1872433,0.3787"
2026-05-31T15:36:39.008,test88,self_20260531_153611,clip_126,1,listen,,0.3819,1872454.0,raspberry_pi_seeed_gsr,"1872454,0.3819"
2026-05-31T15:36:39.029,test88,self_20260531_153611,clip_126,1,listen,,0.3836,1872475.0,raspberry_pi_seeed_gsr,"1872475,0.3836"
2026-05-31T15:36:39.050,test88,self_20260531_153611,clip_126,1,listen,,0.3819,1872496.0,raspberry_pi_seeed_gsr,"1872496,0.3819"
2026-05-31T15:36:39.071,test88,self_20260531_153611,clip_126,1,listen,,0.3811,1872517.0,raspberry_pi_seeed_gsr,"1872517,0.3811"
2026-05-31T15:36:39.093,test88,self_20260531_153611,clip_126,1,listen,,0.3827,1872538.0,raspberry_pi_seeed_gsr,"1872538,0.3827"
2026-05-31T15:36:39.114,test88,self_20260531_153611,clip_126,1,listen,,0.3827,1872559.0,raspberry_pi_seeed_gsr,"1872559,0.3827"
2026-05-31T15:36:39.133,test88,self_20260531_153611,clip_126,1,listen,,0.3827,1872579.0,raspberry_pi_seeed_gsr,"1872579,0.3827"
2026-05-31T15:36:39.181,test88,self_20260531_153611,clip_126,1,listen,,0.3844,1872600.0,raspberry_pi_seeed_gsr,"1872600,0.3844"
2026-05-31T15:36:39.182,test88,self_20260531_153611,clip_126,1,listen,,0.3827,1872621.0,raspberry_pi_seeed_gsr,"1872621,0.3827"
2026-05-31T15:36:39.196,test88,self_20260531_153611,clip_126,1,listen,,0.3852,1872642.0,raspberry_pi_seeed_gsr,"1872642,0.3852"
2026-05-31T15:36:39.217,test88,self_20260531_153611,clip_126,1,listen,,0.3836,1872663.0,raspberry_pi_seeed_gsr,"1872663,0.3836"
2026-05-31T15:36:39.238,test88,self_20260531_153611,clip_126,1,listen,,0.3827,1872684.0,raspberry_pi_seeed_gsr,"1872684,0.3827"
2026-05-31T15:36:39.259,test88,self_20260531_153611,clip_126,1,listen,,0.3739,1872705.0,raspberry_pi_seeed_gsr,"1872705,0.3739"
2026-05-31T15:36:39.280,test88,self_20260531_153611,clip_126,1,listen,,0.3852,1872726.0,raspberry_pi_seeed_gsr,"1872726,0.3852"
2026-05-31T15:36:39.301,test88,self_20260531_153611,clip_126,1,listen,,0.3827,1872746.0,raspberry_pi_seeed_gsr,"1872746,0.3827"
2026-05-31T15:36:39.322,test88,self_20260531_153611,clip_126,1,listen,,0.3827,1872767.0,raspberry_pi_seeed_gsr,"1872767,0.3827"
2026-05-31T15:36:39.342,test88,self_20260531_153611,clip_126,1,listen,,0.3811,1872788.0,raspberry_pi_seeed_gsr,"1872788,0.3811"
2026-05-31T15:36:39.363,test88,self_20260531_153611,clip_126,1,listen,,0.3811,1872809.0,raspberry_pi_seeed_gsr,"1872809,0.3811"
2026-05-31T15:36:39.384,test88,self_20260531_153611,clip_126,1,listen,,0.3819,1872830.0,raspberry_pi_seeed_gsr,"1872830,0.3819"
2026-05-31T15:36:39.405,test88,self_20260531_153611,clip_126,1,listen,,0.3844,1872851.0,raspberry_pi_seeed_gsr,"1872851,0.3844"
2026-05-31T15:36:39.429,test88,self_20260531_153611,clip_126,1,listen,,0.3803,1872872.0,raspberry_pi_seeed_gsr,"1872872,0.3803"
2026-05-31T15:36:39.447,test88,self_20260531_153611,clip_126,1,listen,,0.3819,1872893.0,raspberry_pi_seeed_gsr,"1872893,0.3819"
2026-05-31T15:36:39.468,test88,self_20260531_153611,clip_126,1,listen,,0.3819,1872914.0,raspberry_pi_seeed_gsr,"1872914,0.3819"
2026-05-31T15:36:39.489,test88,self_20260531_153611,clip_126,1,listen,,0.3852,1872935.0,raspberry_pi_seeed_gsr,"1872935,0.3852"
2026-05-31T15:36:39.510,test88,self_20260531_153611,clip_126,1,listen,,0.3827,1872956.0,raspberry_pi_seeed_gsr,"1872956,0.3827"
2026-05-31T15:36:39.531,test88,self_20260531_153611,clip_126,1,listen,,0.3803,1872977.0,raspberry_pi_seeed_gsr,"1872977,0.3803"
2026-05-31T15:36:39.552,test88,self_20260531_153611,clip_126,1,listen,,0.3844,1872998.0,raspberry_pi_seeed_gsr,"1872998,0.3844"
2026-05-31T15:36:39.573,test88,self_20260531_153611,clip_126,1,listen,,0.3827,1873019.0,raspberry_pi_seeed_gsr,"1873019,0.3827"
2026-05-31T15:36:39.594,test88,self_20260531_153611,clip_126,1,listen,,0.3892,1873040.0,raspberry_pi_seeed_gsr,"1873040,0.3892"
2026-05-31T15:36:39.615,test88,self_20260531_153611,clip_126,1,listen,,0.3852,1873061.0,raspberry_pi_seeed_gsr,"1873061,0.3852"
2026-05-31T15:36:39.637,test88,self_20260531_153611,clip_126,1,listen,,0.3819,1873082.0,raspberry_pi_seeed_gsr,"1873082,0.3819"
2026-05-31T15:36:39.658,test88,self_20260531_153611,clip_126,1,listen,,0.3852,1873103.0,raspberry_pi_seeed_gsr,"1873103,0.3852"
2026-05-31T15:36:39.705,test88,self_20260531_153611,clip_126,1,listen,,0.3827,1873124.0,raspberry_pi_seeed_gsr,"1873124,0.3827"
2026-05-31T15:36:39.706,test88,self_20260531_153611,clip_126,1,listen,,0.3852,1873145.0,raspberry_pi_seeed_gsr,"1873145,0.3852"
2026-05-31T15:36:39.720,test88,self_20260531_153611,clip_126,1,listen,,0.3884,1873166.0,raspberry_pi_seeed_gsr,"1873166,0.3884"
2026-05-31T15:36:39.741,test88,self_20260531_153611,clip_126,1,listen,,0.3844,1873187.0,raspberry_pi_seeed_gsr,"1873187,0.3844"
2026-05-31T15:36:39.762,test88,self_20260531_153611,clip_126,1,listen,,0.3892,1873208.0,raspberry_pi_seeed_gsr,"1873208,0.3892"
2026-05-31T15:36:39.783,test88,self_20260531_153611,clip_126,1,listen,,0.3811,1873229.0,raspberry_pi_seeed_gsr,"1873229,0.3811"
2026-05-31T15:36:39.804,test88,self_20260531_153611,clip_126,1,listen,,0.3811,1873250.0,raspberry_pi_seeed_gsr,"1873250,0.3811"
2026-05-31T15:36:39.825,test88,self_20260531_153611,clip_126,1,listen,,0.3836,1873271.0,raspberry_pi_seeed_gsr,"1873271,0.3836"
2026-05-31T15:36:39.846,test88,self_20260531_153611,clip_126,1,listen,,0.3827,1873292.0,raspberry_pi_seeed_gsr,"1873292,0.3827"
2026-05-31T15:36:39.868,test88,self_20260531_153611,clip_126,1,listen,,0.3803,1873313.0,raspberry_pi_seeed_gsr,"1873313,0.3803"
2026-05-31T15:36:39.889,test88,self_20260531_153611,clip_126,1,listen,,0.3844,1873334.0,raspberry_pi_seeed_gsr,"1873334,0.3844"
2026-05-31T15:36:39.910,test88,self_20260531_153611,clip_126,1,listen,,0.3827,1873355.0,raspberry_pi_seeed_gsr,"1873355,0.3827"
2026-05-31T15:36:39.957,test88,self_20260531_153611,clip_126,1,listen,,0.3884,1873376.0,raspberry_pi_seeed_gsr,"1873376,0.3884"
2026-05-31T15:36:39.958,test88,self_20260531_153611,clip_126,1,listen,,0.3819,1873397.0,raspberry_pi_seeed_gsr,"1873397,0.3819"
2026-05-31T15:36:39.972,test88,self_20260531_153611,clip_126,1,listen,,0.3827,1873418.0,raspberry_pi_seeed_gsr,"1873418,0.3827"
2026-05-31T15:36:39.993,test88,self_20260531_153611,clip_126,1,listen,,0.3811,1873439.0,raspberry_pi_seeed_gsr,"1873439,0.3811"
2026-05-31T15:36:40.014,test88,self_20260531_153611,clip_126,1,listen,,0.3819,1873460.0,raspberry_pi_seeed_gsr,"1873460,0.3819"
2026-05-31T15:36:40.035,test88,self_20260531_153611,clip_126,1,listen,,0.3811,1873481.0,raspberry_pi_seeed_gsr,"1873481,0.3811"
2026-05-31T15:36:40.056,test88,self_20260531_153611,clip_126,1,listen,,0.3787,1873502.0,raspberry_pi_seeed_gsr,"1873502,0.3787"
2026-05-31T15:36:40.077,test88,self_20260531_153611,clip_126,1,listen,,0.3844,1873523.0,raspberry_pi_seeed_gsr,"1873523,0.3844"
2026-05-31T15:36:40.099,test88,self_20260531_153611,clip_126,1,listen,,0.3787,1873544.0,raspberry_pi_seeed_gsr,"1873544,0.3787"
2026-05-31T15:36:40.119,test88,self_20260531_153611,clip_126,1,listen,,0.3819,1873565.0,raspberry_pi_seeed_gsr,"1873565,0.3819"
2026-05-31T15:36:40.141,test88,self_20260531_153611,clip_126,1,listen,,0.3803,1873586.0,raspberry_pi_seeed_gsr,"1873586,0.3803"
2026-05-31T15:36:40.161,test88,self_20260531_153611,clip_126,1,listen,,0.3811,1873607.0,raspberry_pi_seeed_gsr,"1873607,0.3811"
2026-05-31T15:36:40.208,test88,self_20260531_153611,clip_126,1,listen,,0.3795,1873628.0,raspberry_pi_seeed_gsr,"1873628,0.3795"
2026-05-31T15:36:40.209,test88,self_20260531_153611,clip_126,1,listen,,0.3819,1873649.0,raspberry_pi_seeed_gsr,"1873649,0.3819"
2026-05-31T15:36:40.224,test88,self_20260531_153611,clip_126,1,listen,,0.3803,1873670.0,raspberry_pi_seeed_gsr,"1873670,0.3803"
2026-05-31T15:36:40.246,test88,self_20260531_153611,clip_126,1,listen,,0.3811,1873691.0,raspberry_pi_seeed_gsr,"1873691,0.3811"
2026-05-31T15:36:40.266,test88,self_20260531_153611,clip_126,1,listen,,0.3795,1873712.0,raspberry_pi_seeed_gsr,"1873712,0.3795"
2026-05-31T15:36:40.287,test88,self_20260531_153611,clip_126,1,listen,,0.3811,1873733.0,raspberry_pi_seeed_gsr,"1873733,0.3811"
2026-05-31T15:36:40.308,test88,self_20260531_153611,clip_126,1,listen,,0.3787,1873754.0,raspberry_pi_seeed_gsr,"1873754,0.3787"
2026-05-31T15:36:40.329,test88,self_20260531_153611,clip_126,1,listen,,0.3803,1873775.0,raspberry_pi_seeed_gsr,"1873775,0.3803"
2026-05-31T15:36:40.350,test88,self_20260531_153611,clip_126,1,listen,,0.3787,1873796.0,raspberry_pi_seeed_gsr,"1873796,0.3787"
2026-05-31T15:36:40.371,test88,self_20260531_153611,clip_126,1,listen,,0.3795,1873817.0,raspberry_pi_seeed_gsr,"1873817,0.3795"
2026-05-31T15:36:40.392,test88,self_20260531_153611,clip_126,1,listen,,0.3787,1873838.0,raspberry_pi_seeed_gsr,"1873838,0.3787"
2026-05-31T15:36:40.413,test88,self_20260531_153611,clip_126,1,listen,,0.3779,1873859.0,raspberry_pi_seeed_gsr,"1873859,0.3779"
2026-05-31T15:36:40.435,test88,self_20260531_153611,clip_126,1,listen,,0.3795,1873880.0,raspberry_pi_seeed_gsr,"1873880,0.3795"
2026-05-31T15:36:40.458,test88,self_20260531_153611,clip_126,1,listen,,0.3779,1873901.0,raspberry_pi_seeed_gsr,"1873901,0.3779"
2026-05-31T15:36:40.476,test88,self_20260531_153611,clip_126,1,listen,,0.3699,1873922.0,raspberry_pi_seeed_gsr,"1873922,0.3699"
2026-05-31T15:36:40.497,test88,self_20260531_153611,clip_126,1,listen,,0.3715,1873943.0,raspberry_pi_seeed_gsr,"1873943,0.3715"
2026-05-31T15:36:40.518,test88,self_20260531_153611,clip_126,1,listen,,0.3779,1873964.0,raspberry_pi_seeed_gsr,"1873964,0.3779"
2026-05-31T15:36:40.539,test88,self_20260531_153611,clip_126,1,listen,,0.3819,1873985.0,raspberry_pi_seeed_gsr,"1873985,0.3819"
2026-05-31T15:36:40.560,test88,self_20260531_153611,clip_126,1,listen,,0.3819,1874006.0,raspberry_pi_seeed_gsr,"1874006,0.3819"
2026-05-31T15:36:40.581,test88,self_20260531_153611,clip_126,1,listen,,0.3827,1874027.0,raspberry_pi_seeed_gsr,"1874027,0.3827"
2026-05-31T15:36:40.602,test88,self_20260531_153611,clip_126,1,listen,,0.3787,1874048.0,raspberry_pi_seeed_gsr,"1874048,0.3787"
2026-05-31T15:36:40.623,test88,self_20260531_153611,clip_126,1,listen,,0.3827,1874069.0,raspberry_pi_seeed_gsr,"1874069,0.3827"
2026-05-31T15:36:40.645,test88,self_20260531_153611,clip_126,1,listen,,0.3811,1874090.0,raspberry_pi_seeed_gsr,"1874090,0.3811"
2026-05-31T15:36:40.666,test88,self_20260531_153611,clip_126,1,listen,,0.3811,1874111.0,raspberry_pi_seeed_gsr,"1874111,0.3811"
2026-05-31T15:36:40.686,test88,self_20260531_153611,clip_126,1,listen,,0.3803,1874132.0,raspberry_pi_seeed_gsr,"1874132,0.3803"
2026-05-31T15:36:40.729,test88,self_20260531_153611,clip_126,1,listen,,0.3803,1874153.0,raspberry_pi_seeed_gsr,"1874153,0.3803"
2026-05-31T15:36:40.730,test88,self_20260531_153611,clip_126,1,listen,,0.3819,1874174.0,raspberry_pi_seeed_gsr,"1874174,0.3819"
2026-05-31T15:36:40.749,test88,self_20260531_153611,clip_126,1,listen,,0.3827,1874195.0,raspberry_pi_seeed_gsr,"1874195,0.3827"
2026-05-31T15:36:40.770,test88,self_20260531_153611,clip_126,1,listen,,0.3844,1874216.0,raspberry_pi_seeed_gsr,"1874216,0.3844"
2026-05-31T15:36:40.791,test88,self_20260531_153611,clip_126,1,listen,,0.3836,1874237.0,raspberry_pi_seeed_gsr,"1874237,0.3836"
2026-05-31T15:36:40.812,test88,self_20260531_153611,clip_126,1,listen,,0.3811,1874258.0,raspberry_pi_seeed_gsr,"1874258,0.3811"
2026-05-31T15:36:40.832,test88,self_20260531_153611,clip_126,1,listen,,0.3803,1874278.0,raspberry_pi_seeed_gsr,"1874278,0.3803"
2026-05-31T15:36:40.854,test88,self_20260531_153611,clip_126,1,listen,,0.3827,1874299.0,raspberry_pi_seeed_gsr,"1874299,0.3827"
2026-05-31T15:36:40.875,test88,self_20260531_153611,clip_126,1,listen,,0.3827,1874320.0,raspberry_pi_seeed_gsr,"1874320,0.3827"
2026-05-31T15:36:40.896,test88,self_20260531_153611,clip_126,1,listen,,0.3803,1874341.0,raspberry_pi_seeed_gsr,"1874341,0.3803"
2026-05-31T15:36:40.917,test88,self_20260531_153611,clip_126,1,listen,,0.3803,1874362.0,raspberry_pi_seeed_gsr,"1874362,0.3803"
2026-05-31T15:36:40.938,test88,self_20260531_153611,clip_126,1,listen,,0.3803,1874383.0,raspberry_pi_seeed_gsr,"1874383,0.3803"
2026-05-31T15:36:40.986,test88,self_20260531_153611,clip_126,1,listen,,0.3771,1874404.0,raspberry_pi_seeed_gsr,"1874404,0.3771"
2026-05-31T15:36:40.987,test88,self_20260531_153611,clip_126,1,listen,,0.3827,1874425.0,raspberry_pi_seeed_gsr,"1874425,0.3827"
2026-05-31T15:36:41.000,test88,self_20260531_153611,clip_126,1,listen,,0.3868,1874446.0,raspberry_pi_seeed_gsr,"1874446,0.3868"
2026-05-31T15:36:41.021,test88,self_20260531_153611,clip_126,1,listen,,0.3811,1874467.0,raspberry_pi_seeed_gsr,"1874467,0.3811"
2026-05-31T15:36:41.043,test88,self_20260531_153611,clip_126,1,listen,,0.3803,1874488.0,raspberry_pi_seeed_gsr,"1874488,0.3803"
2026-05-31T15:36:41.064,test88,self_20260531_153611,clip_126,1,listen,,0.3787,1874509.0,raspberry_pi_seeed_gsr,"1874509,0.3787"
2026-05-31T15:36:41.084,test88,self_20260531_153611,clip_126,1,listen,,0.3811,1874530.0,raspberry_pi_seeed_gsr,"1874530,0.3811"
2026-05-31T15:36:41.105,test88,self_20260531_153611,clip_126,1,listen,,0.3827,1874551.0,raspberry_pi_seeed_gsr,"1874551,0.3827"
2026-05-31T15:36:41.127,test88,self_20260531_153611,clip_126,1,listen,,0.3811,1874572.0,raspberry_pi_seeed_gsr,"1874572,0.3811"
2026-05-31T15:36:41.148,test88,self_20260531_153611,clip_126,1,listen,,0.3811,1874593.0,raspberry_pi_seeed_gsr,"1874593,0.3811"
2026-05-31T15:36:41.169,test88,self_20260531_153611,clip_126,1,listen,,0.3803,1874614.0,raspberry_pi_seeed_gsr,"1874614,0.3803"
2026-05-31T15:36:41.190,test88,self_20260531_153611,clip_126,1,listen,,0.3795,1874635.0,raspberry_pi_seeed_gsr,"1874635,0.3795"
2026-05-31T15:36:41.237,test88,self_20260531_153611,clip_126,1,listen,,0.3723,1874656.0,raspberry_pi_seeed_gsr,"1874656,0.3723"
2026-05-31T15:36:41.238,test88,self_20260531_153611,clip_126,1,listen,,0.3787,1874677.0,raspberry_pi_seeed_gsr,"1874677,0.3787"
2026-05-31T15:36:41.252,test88,self_20260531_153611,clip_126,1,listen,,0.3771,1874698.0,raspberry_pi_seeed_gsr,"1874698,0.3771"
2026-05-31T15:36:41.273,test88,self_20260531_153611,clip_126,1,listen,,0.3811,1874719.0,raspberry_pi_seeed_gsr,"1874719,0.3811"
2026-05-31T15:36:41.294,test88,self_20260531_153611,clip_126,1,listen,,0.3747,1874740.0,raspberry_pi_seeed_gsr,"1874740,0.3747"
2026-05-31T15:36:41.315,test88,self_20260531_153611,clip_126,1,listen,,0.3811,1874761.0,raspberry_pi_seeed_gsr,"1874761,0.3811"
2026-05-31T15:36:41.336,test88,self_20260531_153611,clip_126,1,listen,,0.3827,1874782.0,raspberry_pi_seeed_gsr,"1874782,0.3827"
2026-05-31T15:36:41.356,test88,self_20260531_153611,clip_126,1,listen,,0.3803,1874802.0,raspberry_pi_seeed_gsr,"1874802,0.3803"
2026-05-31T15:36:41.377,test88,self_20260531_153611,clip_126,1,listen,,0.3819,1874823.0,raspberry_pi_seeed_gsr,"1874823,0.3819"
2026-05-31T15:36:41.398,test88,self_20260531_153611,clip_126,1,listen,,0.3787,1874844.0,raspberry_pi_seeed_gsr,"1874844,0.3787"
2026-05-31T15:36:41.419,test88,self_20260531_153611,clip_126,1,listen,,0.3803,1874865.0,raspberry_pi_seeed_gsr,"1874865,0.3803"
2026-05-31T15:36:41.440,test88,self_20260531_153611,clip_126,1,listen,,0.3787,1874886.0,raspberry_pi_seeed_gsr,"1874886,0.3787"
2026-05-31T15:36:41.461,test88,self_20260531_153611,clip_126,1,listen,,0.3811,1874907.0,raspberry_pi_seeed_gsr,"1874907,0.3811"
2026-05-31T15:36:41.485,test88,self_20260531_153611,clip_126,1,listen,,0.3811,1874928.0,raspberry_pi_seeed_gsr,"1874928,0.3811"
2026-05-31T15:36:41.503,test88,self_20260531_153611,clip_126,1,listen,,0.3803,1874949.0,raspberry_pi_seeed_gsr,"1874949,0.3803"
2026-05-31T15:36:41.524,test88,self_20260531_153611,clip_126,1,listen,,0.3739,1874970.0,raspberry_pi_seeed_gsr,"1874970,0.3739"
2026-05-31T15:36:41.545,test88,self_20260531_153611,clip_126,1,listen,,0.3836,1874991.0,raspberry_pi_seeed_gsr,"1874991,0.3836"
2026-05-31T15:36:41.567,test88,self_20260531_153611,clip_126,1,listen,,0.3819,1875012.0,raspberry_pi_seeed_gsr,"1875012,0.3819"
2026-05-31T15:36:41.587,test88,self_20260531_153611,clip_126,1,listen,,0.3844,1875033.0,raspberry_pi_seeed_gsr,"1875033,0.3844"
2026-05-31T15:36:41.608,test88,self_20260531_153611,clip_126,1,listen,,0.3811,1875054.0,raspberry_pi_seeed_gsr,"1875054,0.3811"
2026-05-31T15:36:41.629,test88,self_20260531_153611,clip_126,1,listen,,0.3827,1875075.0,raspberry_pi_seeed_gsr,"1875075,0.3827"
2026-05-31T15:36:41.651,test88,self_20260531_153611,clip_126,1,listen,,0.3852,1875096.0,raspberry_pi_seeed_gsr,"1875096,0.3852"
2026-05-31T15:36:41.672,test88,self_20260531_153611,clip_126,1,listen,,0.3819,1875117.0,raspberry_pi_seeed_gsr,"1875117,0.3819"
2026-05-31T15:36:41.693,test88,self_20260531_153611,clip_126,1,listen,,0.3844,1875138.0,raspberry_pi_seeed_gsr,"1875138,0.3844"
2026-05-31T15:36:41.714,test88,self_20260531_153611,clip_126,1,listen,,0.3852,1875159.0,raspberry_pi_seeed_gsr,"1875159,0.3852"
2026-05-31T15:36:41.762,test88,self_20260531_153611,clip_126,1,listen,,0.3811,1875180.0,raspberry_pi_seeed_gsr,"1875180,0.3811"
2026-05-31T15:36:41.762,test88,self_20260531_153611,clip_126,1,listen,,0.3852,1875201.0,raspberry_pi_seeed_gsr,"1875201,0.3852"
2026-05-31T15:36:41.776,test88,self_20260531_153611,clip_126,1,listen,,0.3811,1875222.0,raspberry_pi_seeed_gsr,"1875222,0.3811"
2026-05-31T15:36:41.797,test88,self_20260531_153611,clip_126,1,listen,,0.3852,1875243.0,raspberry_pi_seeed_gsr,"1875243,0.3852"
2026-05-31T15:36:41.818,test88,self_20260531_153611,clip_126,1,listen,,0.3852,1875264.0,raspberry_pi_seeed_gsr,"1875264,0.3852"
2026-05-31T15:36:41.839,test88,self_20260531_153611,clip_126,1,listen,,0.3868,1875285.0,raspberry_pi_seeed_gsr,"1875285,0.3868"
2026-05-31T15:36:41.861,test88,self_20260531_153611,clip_126,1,listen,,0.3836,1875306.0,raspberry_pi_seeed_gsr,"1875306,0.3836"
2026-05-31T15:36:41.882,test88,self_20260531_153611,clip_126,1,listen,,0.3852,1875327.0,raspberry_pi_seeed_gsr,"1875327,0.3852"
2026-05-31T15:36:41.903,test88,self_20260531_153611,clip_126,1,listen,,0.3876,1875348.0,raspberry_pi_seeed_gsr,"1875348,0.3876"
2026-05-31T15:36:41.924,test88,self_20260531_153611,clip_126,1,listen,,0.3884,1875369.0,raspberry_pi_seeed_gsr,"1875369,0.3884"
2026-05-31T15:36:41.945,test88,self_20260531_153611,clip_126,1,listen,,0.3876,1875390.0,raspberry_pi_seeed_gsr,"1875390,0.3876"
2026-05-31T15:36:41.966,test88,self_20260531_153611,clip_126,1,listen,,0.3884,1875411.0,raspberry_pi_seeed_gsr,"1875411,0.3884"
2026-05-31T15:36:42.013,test88,self_20260531_153611,clip_126,1,listen,,0.39,1875432.0,raspberry_pi_seeed_gsr,"1875432,0.3900"
2026-05-31T15:36:42.014,test88,self_20260531_153611,clip_126,1,listen,,0.3884,1875452.0,raspberry_pi_seeed_gsr,"1875452,0.3884"
2026-05-31T15:36:42.027,test88,self_20260531_153611,clip_126,1,listen,,0.3892,1875473.0,raspberry_pi_seeed_gsr,"1875473,0.3892"
2026-05-31T15:36:42.048,test88,self_20260531_153611,clip_126,1,listen,,0.3908,1875494.0,raspberry_pi_seeed_gsr,"1875494,0.3908"
2026-05-31T15:36:42.070,test88,self_20260531_153611,clip_126,1,listen,,0.3884,1875515.0,raspberry_pi_seeed_gsr,"1875515,0.3884"
2026-05-31T15:36:42.091,test88,self_20260531_153611,clip_126,1,listen,,0.3916,1875536.0,raspberry_pi_seeed_gsr,"1875536,0.3916"
2026-05-31T15:36:42.111,test88,self_20260531_153611,clip_126,1,listen,,0.3948,1875557.0,raspberry_pi_seeed_gsr,"1875557,0.3948"
2026-05-31T15:36:42.132,test88,self_20260531_153611,clip_126,1,listen,,0.3908,1875578.0,raspberry_pi_seeed_gsr,"1875578,0.3908"
2026-05-31T15:36:42.154,test88,self_20260531_153611,clip_126,1,listen,,0.3892,1875599.0,raspberry_pi_seeed_gsr,"1875599,0.3892"
2026-05-31T15:36:42.175,test88,self_20260531_153611,clip_126,1,listen,,0.3908,1875620.0,raspberry_pi_seeed_gsr,"1875620,0.3908"
2026-05-31T15:36:42.196,test88,self_20260531_153611,clip_126,1,listen,,0.3908,1875641.0,raspberry_pi_seeed_gsr,"1875641,0.3908"
2026-05-31T15:36:42.217,test88,self_20260531_153611,clip_126,1,listen,,0.3964,1875662.0,raspberry_pi_seeed_gsr,"1875662,0.3964"
2026-05-31T15:36:42.264,test88,self_20260531_153611,clip_126,1,listen,,0.3908,1875683.0,raspberry_pi_seeed_gsr,"1875683,0.3908"
2026-05-31T15:36:42.265,test88,self_20260531_153611,clip_126,1,listen,,0.3948,1875704.0,raspberry_pi_seeed_gsr,"1875704,0.3948"
2026-05-31T15:36:42.279,test88,self_20260531_153611,clip_126,1,listen,,0.3964,1875725.0,raspberry_pi_seeed_gsr,"1875725,0.3964"
2026-05-31T15:36:42.301,test88,self_20260531_153611,clip_126,1,listen,,0.3981,1875746.0,raspberry_pi_seeed_gsr,"1875746,0.3981"
2026-05-31T15:36:42.321,test88,self_20260531_153611,clip_126,1,listen,,0.394,1875767.0,raspberry_pi_seeed_gsr,"1875767,0.3940"
2026-05-31T15:36:42.342,test88,self_20260531_153611,clip_126,1,listen,,0.394,1875788.0,raspberry_pi_seeed_gsr,"1875788,0.3940"
2026-05-31T15:36:42.363,test88,self_20260531_153611,clip_126,1,listen,,0.3948,1875809.0,raspberry_pi_seeed_gsr,"1875809,0.3948"
2026-05-31T15:36:42.384,test88,self_20260531_153611,clip_126,1,listen,,0.4021,1875830.0,raspberry_pi_seeed_gsr,"1875830,0.4021"
2026-05-31T15:36:42.405,test88,self_20260531_153611,clip_126,1,listen,,0.394,1875851.0,raspberry_pi_seeed_gsr,"1875851,0.3940"
2026-05-31T15:36:42.426,test88,self_20260531_153611,clip_126,1,listen,,0.3948,1875872.0,raspberry_pi_seeed_gsr,"1875872,0.3948"
2026-05-31T15:36:42.447,test88,self_20260531_153611,clip_126,1,listen,,0.3932,1875893.0,raspberry_pi_seeed_gsr,"1875893,0.3932"
2026-05-31T15:36:42.468,test88,self_20260531_153611,clip_126,1,listen,,0.3956,1875914.0,raspberry_pi_seeed_gsr,"1875914,0.3956"
2026-05-31T15:36:42.492,test88,self_20260531_153611,clip_126,1,listen,,0.3948,1875935.0,raspberry_pi_seeed_gsr,"1875935,0.3948"
2026-05-31T15:36:42.510,test88,self_20260531_153611,clip_126,1,listen,,0.3884,1875956.0,raspberry_pi_seeed_gsr,"1875956,0.3884"
2026-05-31T15:36:42.531,test88,self_20260531_153611,clip_126,1,listen,,0.3956,1875977.0,raspberry_pi_seeed_gsr,"1875977,0.3956"
2026-05-31T15:36:42.553,test88,self_20260531_153611,clip_126,1,listen,,0.3948,1875998.0,raspberry_pi_seeed_gsr,"1875998,0.3948"
2026-05-31T15:36:42.574,test88,self_20260531_153611,clip_126,1,listen,,0.3892,1876019.0,raspberry_pi_seeed_gsr,"1876019,0.3892"
2026-05-31T15:36:42.594,test88,self_20260531_153611,clip_126,1,listen,,0.394,1876040.0,raspberry_pi_seeed_gsr,"1876040,0.3940"
2026-05-31T15:36:42.615,test88,self_20260531_153611,clip_126,1,listen,,0.3956,1876061.0,raspberry_pi_seeed_gsr,"1876061,0.3956"
2026-05-31T15:36:42.637,test88,self_20260531_153611,clip_126,1,listen,,0.3884,1876082.0,raspberry_pi_seeed_gsr,"1876082,0.3884"
2026-05-31T15:36:42.658,test88,self_20260531_153611,clip_126,1,listen,,0.3981,1876103.0,raspberry_pi_seeed_gsr,"1876103,0.3981"
2026-05-31T15:36:42.679,test88,self_20260531_153611,clip_126,1,listen,,0.4061,1876124.0,raspberry_pi_seeed_gsr,"1876124,0.4061"
2026-05-31T15:36:42.700,test88,self_20260531_153611,clip_126,1,listen,,0.3972,1876145.0,raspberry_pi_seeed_gsr,"1876145,0.3972"
2026-05-31T15:36:42.721,test88,self_20260531_153611,clip_126,1,listen,,0.3981,1876166.0,raspberry_pi_seeed_gsr,"1876166,0.3981"
2026-05-31T15:36:42.758,test88,self_20260531_153611,clip_126,1,listen,,0.3989,1876187.0,raspberry_pi_seeed_gsr,"1876187,0.3989"
2026-05-31T15:36:42.762,test88,self_20260531_153611,clip_126,1,listen,,0.3989,1876208.0,raspberry_pi_seeed_gsr,"1876208,0.3989"
2026-05-31T15:36:42.783,test88,self_20260531_153611,clip_126,1,listen,,0.4005,1876229.0,raspberry_pi_seeed_gsr,"1876229,0.4005"
2026-05-31T15:36:42.804,test88,self_20260531_153611,clip_126,1,listen,,0.3972,1876250.0,raspberry_pi_seeed_gsr,"1876250,0.3972"
2026-05-31T15:36:42.825,test88,self_20260531_153611,clip_126,1,listen,,0.4005,1876271.0,raspberry_pi_seeed_gsr,"1876271,0.4005"
2026-05-31T15:36:42.846,test88,self_20260531_153611,clip_126,1,listen,,0.3997,1876292.0,raspberry_pi_seeed_gsr,"1876292,0.3997"
2026-05-31T15:36:42.868,test88,self_20260531_153611,clip_126,1,listen,,0.3997,1876313.0,raspberry_pi_seeed_gsr,"1876313,0.3997"
2026-05-31T15:36:42.888,test88,self_20260531_153611,clip_126,1,listen,,0.3997,1876334.0,raspberry_pi_seeed_gsr,"1876334,0.3997"
2026-05-31T15:36:42.909,test88,self_20260531_153611,clip_126,1,listen,,0.4005,1876355.0,raspberry_pi_seeed_gsr,"1876355,0.4005"
2026-05-31T15:36:42.931,test88,self_20260531_153611,clip_126,1,listen,,0.4013,1876376.0,raspberry_pi_seeed_gsr,"1876376,0.4013"
2026-05-31T15:36:42.952,test88,self_20260531_153611,clip_126,1,listen,,0.3997,1876397.0,raspberry_pi_seeed_gsr,"1876397,0.3997"
2026-05-31T15:36:42.973,test88,self_20260531_153611,clip_126,1,listen,,0.3997,1876418.0,raspberry_pi_seeed_gsr,"1876418,0.3997"
2026-05-31T15:36:43.022,test88,self_20260531_153611,clip_126,1,listen,,0.4005,1876439.0,raspberry_pi_seeed_gsr,"1876439,0.4005"
2026-05-31T15:36:43.022,test88,self_20260531_153611,clip_126,1,listen,,0.3932,1876460.0,raspberry_pi_seeed_gsr,"1876460,0.3932"
2026-05-31T15:36:43.035,test88,self_20260531_153611,clip_126,1,listen,,0.4037,1876481.0,raspberry_pi_seeed_gsr,"1876481,0.4037"
2026-05-31T15:36:43.056,test88,self_20260531_153611,clip_126,1,listen,,0.4013,1876502.0,raspberry_pi_seeed_gsr,"1876502,0.4013"
2026-05-31T15:36:43.078,test88,self_20260531_153611,clip_126,1,listen,,0.4013,1876523.0,raspberry_pi_seeed_gsr,"1876523,0.4013"
2026-05-31T15:36:43.099,test88,self_20260531_153611,clip_126,1,listen,,0.3981,1876544.0,raspberry_pi_seeed_gsr,"1876544,0.3981"
2026-05-31T15:36:43.119,test88,self_20260531_153611,clip_126,1,listen,,0.4013,1876565.0,raspberry_pi_seeed_gsr,"1876565,0.4013"
2026-05-31T15:36:43.140,test88,self_20260531_153611,clip_126,1,listen,,0.4005,1876586.0,raspberry_pi_seeed_gsr,"1876586,0.4005"
2026-05-31T15:36:43.162,test88,self_20260531_153611,clip_126,1,listen,,0.3997,1876607.0,raspberry_pi_seeed_gsr,"1876607,0.3997"
2026-05-31T15:36:43.182,test88,self_20260531_153611,clip_126,1,listen,,0.4021,1876628.0,raspberry_pi_seeed_gsr,"1876628,0.4021"
2026-05-31T15:36:43.204,test88,self_20260531_153611,clip_126,1,listen,,0.4045,1876649.0,raspberry_pi_seeed_gsr,"1876649,0.4045"
2026-05-31T15:36:43.225,test88,self_20260531_153611,clip_126,1,listen,,0.4005,1876670.0,raspberry_pi_seeed_gsr,"1876670,0.4005"
2026-05-31T15:36:43.270,test88,self_20260531_153611,clip_126,1,listen,,0.3884,1876691.0,raspberry_pi_seeed_gsr,"1876691,0.3884"
2026-05-31T15:36:43.271,test88,self_20260531_153611,clip_126,1,listen,,0.4021,1876712.0,raspberry_pi_seeed_gsr,"1876712,0.4021"
2026-05-31T15:36:43.287,test88,self_20260531_153611,clip_126,1,listen,,0.3997,1876733.0,raspberry_pi_seeed_gsr,"1876733,0.3997"
2026-05-31T15:36:43.308,test88,self_20260531_153611,clip_126,1,listen,,0.4093,1876754.0,raspberry_pi_seeed_gsr,"1876754,0.4093"
2026-05-31T15:36:43.329,test88,self_20260531_153611,clip_126,1,listen,,0.4037,1876775.0,raspberry_pi_seeed_gsr,"1876775,0.4037"
2026-05-31T15:36:43.351,test88,self_20260531_153611,clip_126,1,listen,,0.4037,1876796.0,raspberry_pi_seeed_gsr,"1876796,0.4037"
2026-05-31T15:36:43.371,test88,self_20260531_153611,clip_126,1,listen,,0.4037,1876817.0,raspberry_pi_seeed_gsr,"1876817,0.4037"
2026-05-31T15:36:43.392,test88,self_20260531_153611,clip_126,1,listen,,0.4021,1876838.0,raspberry_pi_seeed_gsr,"1876838,0.4021"
2026-05-31T15:36:43.413,test88,self_20260531_153611,clip_126,1,listen,,0.4029,1876859.0,raspberry_pi_seeed_gsr,"1876859,0.4029"
2026-05-31T15:36:43.434,test88,self_20260531_153611,clip_126,1,listen,,0.3972,1876880.0,raspberry_pi_seeed_gsr,"1876880,0.3972"
2026-05-31T15:36:43.455,test88,self_20260531_153611,clip_126,1,listen,,0.3989,1876901.0,raspberry_pi_seeed_gsr,"1876901,0.3989"
2026-05-31T15:36:43.476,test88,self_20260531_153611,clip_126,1,listen,,0.4061,1876922.0,raspberry_pi_seeed_gsr,"1876922,0.4061"
2026-05-31T15:36:43.497,test88,self_20260531_153611,clip_126,1,listen,,0.4029,1876943.0,raspberry_pi_seeed_gsr,"1876943,0.4029"
2026-05-31T15:36:43.521,test88,self_20260531_153611,clip_126,1,listen,,0.4037,1876964.0,raspberry_pi_seeed_gsr,"1876964,0.4037"
2026-05-31T15:36:43.539,test88,self_20260531_153611,clip_126,1,listen,,0.4118,1876985.0,raspberry_pi_seeed_gsr,"1876985,0.4118"
2026-05-31T15:36:43.561,test88,self_20260531_153611,clip_126,1,listen,,0.3997,1877006.0,raspberry_pi_seeed_gsr,"1877006,0.3997"
2026-05-31T15:36:43.581,test88,self_20260531_153611,clip_126,1,listen,,0.4021,1877027.0,raspberry_pi_seeed_gsr,"1877027,0.4021"
2026-05-31T15:36:43.602,test88,self_20260531_153611,clip_126,1,listen,,0.4045,1877048.0,raspberry_pi_seeed_gsr,"1877048,0.4045"
2026-05-31T15:36:43.623,test88,self_20260531_153611,clip_126,1,listen,,0.4037,1877069.0,raspberry_pi_seeed_gsr,"1877069,0.4037"
2026-05-31T15:36:43.644,test88,self_20260531_153611,clip_126,1,listen,,0.4085,1877090.0,raspberry_pi_seeed_gsr,"1877090,0.4085"
2026-05-31T15:36:43.666,test88,self_20260531_153611,clip_126,1,listen,,0.4021,1877111.0,raspberry_pi_seeed_gsr,"1877111,0.4021"
2026-05-31T15:36:43.686,test88,self_20260531_153611,clip_126,1,listen,,0.4029,1877132.0,raspberry_pi_seeed_gsr,"1877132,0.4029"
2026-05-31T15:36:43.708,test88,self_20260531_153611,clip_126,1,listen,,0.4005,1877153.0,raspberry_pi_seeed_gsr,"1877153,0.4005"
2026-05-31T15:36:43.729,test88,self_20260531_153611,clip_126,1,listen,,0.4029,1877174.0,raspberry_pi_seeed_gsr,"1877174,0.4029"
2026-05-31T15:36:43.750,test88,self_20260531_153611,clip_126,1,listen,,0.4069,1877195.0,raspberry_pi_seeed_gsr,"1877195,0.4069"
2026-05-31T15:36:43.796,test88,self_20260531_153611,clip_126,1,listen,,0.4029,1877216.0,raspberry_pi_seeed_gsr,"1877216,0.4029"
2026-05-31T15:36:43.797,test88,self_20260531_153611,clip_126,1,listen,,0.4045,1877237.0,raspberry_pi_seeed_gsr,"1877237,0.4045"
2026-05-31T15:36:43.812,test88,self_20260531_153611,clip_126,1,listen,,0.4045,1877258.0,raspberry_pi_seeed_gsr,"1877258,0.4045"
2026-05-31T15:36:43.833,test88,self_20260531_153611,clip_126,1,listen,,0.4093,1877279.0,raspberry_pi_seeed_gsr,"1877279,0.4093"
2026-05-31T15:36:43.855,test88,self_20260531_153611,clip_126,1,listen,,0.4045,1877300.0,raspberry_pi_seeed_gsr,"1877300,0.4045"
2026-05-31T15:36:43.875,test88,self_20260531_153611,clip_126,1,listen,,0.4005,1877321.0,raspberry_pi_seeed_gsr,"1877321,0.4005"
2026-05-31T15:36:43.896,test88,self_20260531_153611,clip_126,1,listen,,0.4085,1877342.0,raspberry_pi_seeed_gsr,"1877342,0.4085"
2026-05-31T15:36:43.918,test88,self_20260531_153611,clip_126,1,listen,,0.3964,1877363.0,raspberry_pi_seeed_gsr,"1877363,0.3964"
2026-05-31T15:36:43.939,test88,self_20260531_153611,clip_126,1,listen,,0.4013,1877384.0,raspberry_pi_seeed_gsr,"1877384,0.4013"
2026-05-31T15:36:43.960,test88,self_20260531_153611,clip_126,1,listen,,0.4013,1877405.0,raspberry_pi_seeed_gsr,"1877405,0.4013"
2026-05-31T15:36:43.981,test88,self_20260531_153611,clip_126,1,listen,,0.4037,1877426.0,raspberry_pi_seeed_gsr,"1877426,0.4037"
2026-05-31T15:36:44.002,test88,self_20260531_153611,clip_126,1,listen,,0.4029,1877447.0,raspberry_pi_seeed_gsr,"1877447,0.4029"
2026-05-31T15:36:44.050,test88,self_20260531_153611,clip_126,1,listen,,0.4021,1877468.0,raspberry_pi_seeed_gsr,"1877468,0.4021"
2026-05-31T15:36:44.051,test88,self_20260531_153611,clip_126,1,listen,,0.4045,1877489.0,raspberry_pi_seeed_gsr,"1877489,0.4045"
2026-05-31T15:36:44.064,test88,self_20260531_153611,clip_126,1,listen,,0.4013,1877510.0,raspberry_pi_seeed_gsr,"1877510,0.4013"
2026-05-31T15:36:44.085,test88,self_20260531_153611,clip_126,1,listen,,0.3948,1877531.0,raspberry_pi_seeed_gsr,"1877531,0.3948"
2026-05-31T15:36:44.106,test88,self_20260531_153611,clip_126,1,listen,,0.4021,1877552.0,raspberry_pi_seeed_gsr,"1877552,0.4021"
2026-05-31T15:36:44.128,test88,self_20260531_153611,clip_126,1,listen,,0.3916,1877573.0,raspberry_pi_seeed_gsr,"1877573,0.3916"
2026-05-31T15:36:44.148,test88,self_20260531_153611,clip_126,1,listen,,0.4021,1877594.0,raspberry_pi_seeed_gsr,"1877594,0.4021"
2026-05-31T15:36:44.170,test88,self_20260531_153611,clip_126,1,listen,,0.3997,1877615.0,raspberry_pi_seeed_gsr,"1877615,0.3997"
2026-05-31T15:36:44.191,test88,self_20260531_153611,clip_126,1,listen,,0.4013,1877636.0,raspberry_pi_seeed_gsr,"1877636,0.4013"
2026-05-31T15:36:44.212,test88,self_20260531_153611,clip_126,1,listen,,0.4037,1877657.0,raspberry_pi_seeed_gsr,"1877657,0.4037"
2026-05-31T15:36:44.233,test88,self_20260531_153611,clip_126,1,listen,,0.4013,1877678.0,raspberry_pi_seeed_gsr,"1877678,0.4013"
2026-05-31T15:36:44.254,test88,self_20260531_153611,clip_126,1,listen,,0.4013,1877699.0,raspberry_pi_seeed_gsr,"1877699,0.4013"
2026-05-31T15:36:44.302,test88,self_20260531_153611,clip_126,1,listen,,0.4005,1877720.0,raspberry_pi_seeed_gsr,"1877720,0.4005"
2026-05-31T15:36:44.303,test88,self_20260531_153611,clip_126,1,listen,,0.3981,1877741.0,raspberry_pi_seeed_gsr,"1877741,0.3981"
2026-05-31T15:36:44.316,test88,self_20260531_153611,clip_126,1,listen,,0.3956,1877762.0,raspberry_pi_seeed_gsr,"1877762,0.3956"
2026-05-31T15:36:44.338,test88,self_20260531_153611,clip_126,1,listen,,0.3981,1877783.0,raspberry_pi_seeed_gsr,"1877783,0.3981"
2026-05-31T15:36:44.358,test88,self_20260531_153611,clip_126,1,listen,,0.3956,1877804.0,raspberry_pi_seeed_gsr,"1877804,0.3956"
2026-05-31T15:36:44.379,test88,self_20260531_153611,clip_126,1,listen,,0.3972,1877825.0,raspberry_pi_seeed_gsr,"1877825,0.3972"
2026-05-31T15:36:44.400,test88,self_20260531_153611,clip_126,1,listen,,0.3972,1877846.0,raspberry_pi_seeed_gsr,"1877846,0.3972"
2026-05-31T15:36:44.421,test88,self_20260531_153611,clip_126,1,listen,,0.3997,1877867.0,raspberry_pi_seeed_gsr,"1877867,0.3997"
2026-05-31T15:36:44.442,test88,self_20260531_153611,clip_126,1,listen,,0.3981,1877888.0,raspberry_pi_seeed_gsr,"1877888,0.3981"
2026-05-31T15:36:44.463,test88,self_20260531_153611,clip_126,1,listen,,0.4037,1877909.0,raspberry_pi_seeed_gsr,"1877909,0.4037"
2026-05-31T15:36:44.484,test88,self_20260531_153611,clip_126,1,listen,,0.3981,1877930.0,raspberry_pi_seeed_gsr,"1877930,0.3981"
2026-05-31T15:36:44.505,test88,self_20260531_153611,clip_126,1,listen,,0.4029,1877951.0,raspberry_pi_seeed_gsr,"1877951,0.4029"
2026-05-31T15:36:44.526,test88,self_20260531_153611,clip_126,1,listen,,0.4021,1877972.0,raspberry_pi_seeed_gsr,"1877972,0.4021"
2026-05-31T15:36:44.555,test88,self_20260531_153611,clip_126,1,listen,,0.3997,1877993.0,raspberry_pi_seeed_gsr,"1877993,0.3997"
2026-05-31T15:36:44.568,test88,self_20260531_153611,clip_126,1,listen,,0.4005,1878014.0,raspberry_pi_seeed_gsr,"1878014,0.4005"
2026-05-31T15:36:44.589,test88,self_20260531_153611,clip_126,1,listen,,0.4013,1878035.0,raspberry_pi_seeed_gsr,"1878035,0.4013"
2026-05-31T15:36:44.610,test88,self_20260531_153611,clip_126,1,listen,,0.3981,1878056.0,raspberry_pi_seeed_gsr,"1878056,0.3981"
2026-05-31T15:36:44.632,test88,self_20260531_153611,clip_126,1,listen,,0.3997,1878077.0,raspberry_pi_seeed_gsr,"1878077,0.3997"
2026-05-31T15:36:44.652,test88,self_20260531_153611,clip_126,1,listen,,0.3997,1878098.0,raspberry_pi_seeed_gsr,"1878098,0.3997"
2026-05-31T15:36:44.674,test88,self_20260531_153611,clip_126,1,listen,,0.4005,1878119.0,raspberry_pi_seeed_gsr,"1878119,0.4005"
2026-05-31T15:36:44.694,test88,self_20260531_153611,clip_126,1,listen,,0.3981,1878140.0,raspberry_pi_seeed_gsr,"1878140,0.3981"
2026-05-31T15:36:44.716,test88,self_20260531_153611,clip_126,1,listen,,0.394,1878161.0,raspberry_pi_seeed_gsr,"1878161,0.3940"
2026-05-31T15:36:44.737,test88,self_20260531_153611,clip_126,1,listen,,0.3972,1878182.0,raspberry_pi_seeed_gsr,"1878182,0.3972"
2026-05-31T15:36:44.758,test88,self_20260531_153611,clip_126,1,listen,,0.3844,1878203.0,raspberry_pi_seeed_gsr,"1878203,0.3844"
2026-05-31T15:36:44.779,test88,self_20260531_153611,clip_126,1,listen,,0.394,1878224.0,raspberry_pi_seeed_gsr,"1878224,0.3940"
2026-05-31T15:36:44.825,test88,self_20260531_153611,clip_126,1,listen,,0.3956,1878245.0,raspberry_pi_seeed_gsr,"1878245,0.3956"
2026-05-31T15:36:44.826,test88,self_20260531_153611,clip_126,1,listen,,0.3932,1878266.0,raspberry_pi_seeed_gsr,"1878266,0.3932"
2026-05-31T15:36:44.841,test88,self_20260531_153611,clip_126,1,listen,,0.3908,1878287.0,raspberry_pi_seeed_gsr,"1878287,0.3908"
2026-05-31T15:36:44.862,test88,self_20260531_153611,clip_126,1,listen,,0.3932,1878308.0,raspberry_pi_seeed_gsr,"1878308,0.3932"
2026-05-31T15:36:44.883,test88,self_20260531_153611,clip_126,1,listen,,0.3956,1878329.0,raspberry_pi_seeed_gsr,"1878329,0.3956"
2026-05-31T15:36:44.904,test88,self_20260531_153611,clip_126,1,listen,,0.394,1878350.0,raspberry_pi_seeed_gsr,"1878350,0.3940"
2026-05-31T15:36:44.926,test88,self_20260531_153611,clip_126,1,listen,,0.3884,1878371.0,raspberry_pi_seeed_gsr,"1878371,0.3884"
2026-05-31T15:36:44.946,test88,self_20260531_153611,clip_126,1,listen,,0.3964,1878392.0,raspberry_pi_seeed_gsr,"1878392,0.3964"
2026-05-31T15:36:44.968,test88,self_20260531_153611,clip_126,1,listen,,0.3924,1878413.0,raspberry_pi_seeed_gsr,"1878413,0.3924"
2026-05-31T15:36:44.989,test88,self_20260531_153611,clip_126,1,listen,,0.3981,1878434.0,raspberry_pi_seeed_gsr,"1878434,0.3981"
2026-05-31T15:36:45.010,test88,self_20260531_153611,clip_126,1,listen,,0.3779,1878455.0,raspberry_pi_seeed_gsr,"1878455,0.3779"
2026-05-31T15:36:45.031,test88,self_20260531_153611,clip_126,1,listen,,0.3932,1878476.0,raspberry_pi_seeed_gsr,"1878476,0.3932"
2026-05-31T15:36:45.077,test88,self_20260531_153611,clip_126,1,listen,,0.39,1878497.0,raspberry_pi_seeed_gsr,"1878497,0.3900"
2026-05-31T15:36:45.078,test88,self_20260531_153611,clip_126,1,listen,,0.394,1878517.0,raspberry_pi_seeed_gsr,"1878517,0.3940"
2026-05-31T15:36:45.092,test88,self_20260531_153611,clip_126,1,listen,,0.3956,1878538.0,raspberry_pi_seeed_gsr,"1878538,0.3956"
2026-05-31T15:36:45.113,test88,self_20260531_153611,clip_126,1,listen,,0.3908,1878559.0,raspberry_pi_seeed_gsr,"1878559,0.3908"
2026-05-31T15:36:45.134,test88,self_20260531_153611,clip_126,1,listen,,0.394,1878580.0,raspberry_pi_seeed_gsr,"1878580,0.3940"
2026-05-31T15:36:45.156,test88,self_20260531_153611,clip_126,1,listen,,0.394,1878601.0,raspberry_pi_seeed_gsr,"1878601,0.3940"
2026-05-31T15:36:45.177,test88,self_20260531_153611,clip_126,1,listen,,0.394,1878622.0,raspberry_pi_seeed_gsr,"1878622,0.3940"
2026-05-31T15:36:45.198,test88,self_20260531_153611,clip_126,1,listen,,0.394,1878643.0,raspberry_pi_seeed_gsr,"1878643,0.3940"
2026-05-31T15:36:45.219,test88,self_20260531_153611,clip_126,1,listen,,0.39,1878664.0,raspberry_pi_seeed_gsr,"1878664,0.3900"
2026-05-31T15:36:45.238,test88,self_20260531_153611,clip_126,1,listen,,0.3964,1878684.0,raspberry_pi_seeed_gsr,"1878684,0.3964"
2026-05-31T15:36:45.260,test88,self_20260531_153611,clip_126,1,listen,,0.3956,1878705.0,raspberry_pi_seeed_gsr,"1878705,0.3956"
2026-05-31T15:36:45.281,test88,self_20260531_153611,clip_126,1,listen,,0.3948,1878726.0,raspberry_pi_seeed_gsr,"1878726,0.3948"
2026-05-31T15:36:45.303,test88,self_20260531_153611,clip_126,1,listen,,0.3892,1878747.0,raspberry_pi_seeed_gsr,"1878747,0.3892"
2026-05-31T15:36:45.349,test88,self_20260531_153611,clip_126,1,listen,,0.3916,1878768.0,raspberry_pi_seeed_gsr,"1878768,0.3916"
2026-05-31T15:36:45.350,test88,self_20260531_153611,clip_126,1,listen,,0.3876,1878789.0,raspberry_pi_seeed_gsr,"1878789,0.3876"
2026-05-31T15:36:45.364,test88,self_20260531_153611,clip_126,1,listen,,0.3997,1878810.0,raspberry_pi_seeed_gsr,"1878810,0.3997"
2026-05-31T15:36:45.385,test88,self_20260531_153611,clip_126,1,listen,,0.3981,1878831.0,raspberry_pi_seeed_gsr,"1878831,0.3981"
2026-05-31T15:36:45.406,test88,self_20260531_153611,clip_126,1,listen,,0.3948,1878852.0,raspberry_pi_seeed_gsr,"1878852,0.3948"
2026-05-31T15:36:45.427,test88,self_20260531_153611,clip_126,1,listen,,0.3981,1878873.0,raspberry_pi_seeed_gsr,"1878873,0.3981"
2026-05-31T15:36:45.448,test88,self_20260531_153611,clip_126,1,listen,,0.3956,1878894.0,raspberry_pi_seeed_gsr,"1878894,0.3956"
2026-05-31T15:36:45.469,test88,self_20260531_153611,clip_126,1,listen,,0.3997,1878915.0,raspberry_pi_seeed_gsr,"1878915,0.3997"
2026-05-31T15:36:45.490,test88,self_20260531_153611,clip_126,1,listen,,0.3956,1878936.0,raspberry_pi_seeed_gsr,"1878936,0.3956"
2026-05-31T15:36:45.511,test88,self_20260531_153611,clip_126,1,listen,,0.3972,1878957.0,raspberry_pi_seeed_gsr,"1878957,0.3972"
2026-05-31T15:36:45.532,test88,self_20260531_153611,clip_126,1,listen,,0.3819,1878978.0,raspberry_pi_seeed_gsr,"1878978,0.3819"
2026-05-31T15:36:45.553,test88,self_20260531_153611,clip_126,1,listen,,0.3964,1878999.0,raspberry_pi_seeed_gsr,"1878999,0.3964"
2026-05-31T15:36:45.575,test88,self_20260531_153611,clip_126,1,listen,,0.4037,1879020.0,raspberry_pi_seeed_gsr,"1879020,0.4037"
2026-05-31T15:36:45.610,test88,self_20260531_153611,clip_126,1,listen,,0.3972,1879041.0,raspberry_pi_seeed_gsr,"1879041,0.3972"
2026-05-31T15:36:45.616,test88,self_20260531_153611,clip_126,1,listen,,0.3997,1879062.0,raspberry_pi_seeed_gsr,"1879062,0.3997"
2026-05-31T15:36:45.637,test88,self_20260531_153611,clip_126,1,listen,,0.3964,1879083.0,raspberry_pi_seeed_gsr,"1879083,0.3964"
2026-05-31T15:36:45.658,test88,self_20260531_153611,clip_126,1,listen,,0.3972,1879104.0,raspberry_pi_seeed_gsr,"1879104,0.3972"
2026-05-31T15:36:45.679,test88,self_20260531_153611,clip_126,1,listen,,0.3972,1879125.0,raspberry_pi_seeed_gsr,"1879125,0.3972"
2026-05-31T15:36:45.700,test88,self_20260531_153611,clip_126,1,listen,,0.4045,1879146.0,raspberry_pi_seeed_gsr,"1879146,0.4045"
2026-05-31T15:36:45.721,test88,self_20260531_153611,clip_126,1,listen,,0.3981,1879167.0,raspberry_pi_seeed_gsr,"1879167,0.3981"
2026-05-31T15:36:45.742,test88,self_20260531_153611,clip_126,1,listen,,0.3997,1879188.0,raspberry_pi_seeed_gsr,"1879188,0.3997"
2026-05-31T15:36:45.764,test88,self_20260531_153611,clip_126,1,listen,,0.4005,1879209.0,raspberry_pi_seeed_gsr,"1879209,0.4005"
2026-05-31T15:36:45.785,test88,self_20260531_153611,clip_126,1,listen,,0.3981,1879230.0,raspberry_pi_seeed_gsr,"1879230,0.3981"
2026-05-31T15:36:45.806,test88,self_20260531_153611,clip_126,1,listen,,0.3997,1879251.0,raspberry_pi_seeed_gsr,"1879251,0.3997"
2026-05-31T15:36:45.827,test88,self_20260531_153611,clip_126,1,listen,,0.3956,1879272.0,raspberry_pi_seeed_gsr,"1879272,0.3956"
2026-05-31T15:36:45.876,test88,self_20260531_153611,clip_126,1,listen,,0.4013,1879293.0,raspberry_pi_seeed_gsr,"1879293,0.4013"
2026-05-31T15:36:45.877,test88,self_20260531_153611,clip_126,1,listen,,0.3997,1879314.0,raspberry_pi_seeed_gsr,"1879314,0.3997"
2026-05-31T15:36:45.889,test88,self_20260531_153611,clip_126,1,listen,,0.3972,1879335.0,raspberry_pi_seeed_gsr,"1879335,0.3972"
2026-05-31T15:36:45.910,test88,self_20260531_153611,clip_126,1,listen,,0.3972,1879356.0,raspberry_pi_seeed_gsr,"1879356,0.3972"
2026-05-31T15:36:45.932,test88,self_20260531_153611,clip_126,1,listen,,0.4029,1879377.0,raspberry_pi_seeed_gsr,"1879377,0.4029"
2026-05-31T15:36:45.953,test88,self_20260531_153611,clip_126,1,listen,,0.4005,1879398.0,raspberry_pi_seeed_gsr,"1879398,0.4005"
2026-05-31T15:36:45.974,test88,self_20260531_153611,clip_126,1,listen,,0.3997,1879419.0,raspberry_pi_seeed_gsr,"1879419,0.3997"
2026-05-31T15:36:45.995,test88,self_20260531_153611,clip_126,1,listen,,0.4013,1879440.0,raspberry_pi_seeed_gsr,"1879440,0.4013"
2026-05-31T15:36:46.016,test88,self_20260531_153611,clip_126,1,listen,,0.3997,1879461.0,raspberry_pi_seeed_gsr,"1879461,0.3997"
2026-05-31T15:36:46.037,test88,self_20260531_153611,clip_126,1,listen,,0.4005,1879482.0,raspberry_pi_seeed_gsr,"1879482,0.4005"
2026-05-31T15:36:46.058,test88,self_20260531_153611,clip_126,1,listen,,0.4005,1879503.0,raspberry_pi_seeed_gsr,"1879503,0.4005"
2026-05-31T15:36:46.079,test88,self_20260531_153611,clip_126,1,listen,,0.4005,1879524.0,raspberry_pi_seeed_gsr,"1879524,0.4005"
2026-05-31T15:36:46.125,test88,self_20260531_153611,clip_126,1,listen,,0.3981,1879545.0,raspberry_pi_seeed_gsr,"1879545,0.3981"
2026-05-31T15:36:46.126,test88,self_20260531_153611,clip_126,1,listen,,0.4029,1879566.0,raspberry_pi_seeed_gsr,"1879566,0.4029"
2026-05-31T15:36:46.141,test88,self_20260531_153611,clip_126,1,listen,,0.3981,1879587.0,raspberry_pi_seeed_gsr,"1879587,0.3981"
2026-05-31T15:36:46.162,test88,self_20260531_153611,clip_126,1,listen,,0.4005,1879608.0,raspberry_pi_seeed_gsr,"1879608,0.4005"
2026-05-31T15:36:46.183,test88,self_20260531_153611,clip_126,1,listen,,0.3981,1879629.0,raspberry_pi_seeed_gsr,"1879629,0.3981"
2026-05-31T15:36:46.204,test88,self_20260531_153611,clip_126,1,listen,,0.4013,1879650.0,raspberry_pi_seeed_gsr,"1879650,0.4013"
2026-05-31T15:36:46.226,test88,self_20260531_153611,clip_126,1,listen,,0.4005,1879671.0,raspberry_pi_seeed_gsr,"1879671,0.4005"
2026-05-31T15:36:46.246,test88,self_20260531_153611,clip_126,1,listen,,0.4013,1879692.0,raspberry_pi_seeed_gsr,"1879692,0.4013"
2026-05-31T15:36:46.268,test88,self_20260531_153611,clip_126,1,listen,,0.3956,1879713.0,raspberry_pi_seeed_gsr,"1879713,0.3956"
2026-05-31T15:36:46.289,test88,self_20260531_153611,clip_126,1,listen,,0.4037,1879734.0,raspberry_pi_seeed_gsr,"1879734,0.4037"
2026-05-31T15:36:46.311,test88,self_20260531_153611,clip_126,1,listen,,0.4013,1879755.0,raspberry_pi_seeed_gsr,"1879755,0.4013"
2026-05-31T15:36:46.331,test88,self_20260531_153611,clip_126,1,listen,,0.4005,1879776.0,raspberry_pi_seeed_gsr,"1879776,0.4005"
2026-05-31T15:36:46.380,test88,self_20260531_153611,clip_126,1,listen,,0.4021,1879797.0,raspberry_pi_seeed_gsr,"1879797,0.4021"
2026-05-31T15:36:46.381,test88,self_20260531_153611,clip_126,1,listen,,0.4021,1879818.0,raspberry_pi_seeed_gsr,"1879818,0.4021"
2026-05-31T15:36:46.393,test88,self_20260531_153611,clip_126,1,listen,,0.4013,1879839.0,raspberry_pi_seeed_gsr,"1879839,0.4013"
2026-05-31T15:36:46.415,test88,self_20260531_153611,clip_126,1,listen,,0.4037,1879860.0,raspberry_pi_seeed_gsr,"1879860,0.4037"
2026-05-31T15:36:46.435,test88,self_20260531_153611,clip_126,1,listen,,0.3997,1879881.0,raspberry_pi_seeed_gsr,"1879881,0.3997"
2026-05-31T15:36:46.456,test88,self_20260531_153611,clip_126,1,listen,,0.4029,1879902.0,raspberry_pi_seeed_gsr,"1879902,0.4029"
2026-05-31T15:36:46.478,test88,self_20260531_153611,clip_126,1,listen,,0.4021,1879923.0,raspberry_pi_seeed_gsr,"1879923,0.4021"
2026-05-31T15:36:46.498,test88,self_20260531_153611,clip_126,1,listen,,0.4029,1879944.0,raspberry_pi_seeed_gsr,"1879944,0.4029"
2026-05-31T15:36:46.519,test88,self_20260531_153611,clip_126,1,listen,,0.4085,1879965.0,raspberry_pi_seeed_gsr,"1879965,0.4085"
2026-05-31T15:36:46.540,test88,self_20260531_153611,clip_126,1,listen,,0.3908,1879986.0,raspberry_pi_seeed_gsr,"1879986,0.3908"
2026-05-31T15:36:46.561,test88,self_20260531_153611,clip_126,1,listen,,0.4005,1880007.0,raspberry_pi_seeed_gsr,"1880007,0.4005"
2026-05-31T15:36:46.582,test88,self_20260531_153611,clip_126,1,listen,,0.4061,1880028.0,raspberry_pi_seeed_gsr,"1880028,0.4061"
2026-05-31T15:36:46.603,test88,self_20260531_153611,clip_126,1,listen,,0.4029,1880049.0,raspberry_pi_seeed_gsr,"1880049,0.4029"
2026-05-31T15:36:46.626,test88,self_20260531_153611,clip_126,1,listen,,0.4029,1880070.0,raspberry_pi_seeed_gsr,"1880070,0.4029"
2026-05-31T15:36:46.645,test88,self_20260531_153611,clip_126,1,listen,,0.4118,1880091.0,raspberry_pi_seeed_gsr,"1880091,0.4118"
2026-05-31T15:36:46.666,test88,self_20260531_153611,clip_126,1,listen,,0.4085,1880112.0,raspberry_pi_seeed_gsr,"1880112,0.4085"
2026-05-31T15:36:46.688,test88,self_20260531_153611,clip_126,1,listen,,0.4109,1880133.0,raspberry_pi_seeed_gsr,"1880133,0.4109"
2026-05-31T15:36:46.709,test88,self_20260531_153611,clip_126,1,listen,,0.4037,1880154.0,raspberry_pi_seeed_gsr,"1880154,0.4037"
2026-05-31T15:36:46.729,test88,self_20260531_153611,clip_126,1,listen,,0.4029,1880175.0,raspberry_pi_seeed_gsr,"1880175,0.4029"
2026-05-31T15:36:46.751,test88,self_20260531_153611,clip_126,1,listen,,0.4053,1880196.0,raspberry_pi_seeed_gsr,"1880196,0.4053"
2026-05-31T15:36:46.771,test88,self_20260531_153611,clip_126,1,listen,,0.4045,1880217.0,raspberry_pi_seeed_gsr,"1880217,0.4045"
2026-05-31T15:36:46.793,test88,self_20260531_153611,clip_126,1,listen,,0.4037,1880238.0,raspberry_pi_seeed_gsr,"1880238,0.4037"
2026-05-31T15:36:46.814,test88,self_20260531_153611,clip_126,1,listen,,0.4005,1880259.0,raspberry_pi_seeed_gsr,"1880259,0.4005"
2026-05-31T15:36:46.835,test88,self_20260531_153611,clip_126,1,listen,,0.4013,1880280.0,raspberry_pi_seeed_gsr,"1880280,0.4013"
2026-05-31T15:36:46.856,test88,self_20260531_153611,clip_126,1,listen,,0.4037,1880301.0,raspberry_pi_seeed_gsr,"1880301,0.4037"
2026-05-31T15:36:46.898,test88,self_20260531_153611,clip_126,1,listen,,0.4045,1880322.0,raspberry_pi_seeed_gsr,"1880322,0.4045"
2026-05-31T15:36:46.899,test88,self_20260531_153611,clip_126,1,listen,,0.4061,1880343.0,raspberry_pi_seeed_gsr,"1880343,0.4061"
2026-05-31T15:36:46.918,test88,self_20260531_153611,clip_126,1,listen,,0.4077,1880364.0,raspberry_pi_seeed_gsr,"1880364,0.4077"
2026-05-31T15:36:46.939,test88,self_20260531_153611,clip_126,1,listen,,0.4069,1880385.0,raspberry_pi_seeed_gsr,"1880385,0.4069"
2026-05-31T15:36:46.961,test88,self_20260531_153611,clip_126,1,listen,,0.4061,1880406.0,raspberry_pi_seeed_gsr,"1880406,0.4061"
2026-05-31T15:36:46.982,test88,self_20260531_153611,clip_126,1,listen,,0.4061,1880427.0,raspberry_pi_seeed_gsr,"1880427,0.4061"
2026-05-31T15:36:47.003,test88,self_20260531_153611,clip_126,1,listen,,0.3948,1880448.0,raspberry_pi_seeed_gsr,"1880448,0.3948"
2026-05-31T15:36:47.024,test88,self_20260531_153611,clip_126,1,listen,,0.4085,1880469.0,raspberry_pi_seeed_gsr,"1880469,0.4085"
2026-05-31T15:36:47.045,test88,self_20260531_153611,clip_126,1,listen,,0.4061,1880490.0,raspberry_pi_seeed_gsr,"1880490,0.4061"
2026-05-31T15:36:47.066,test88,self_20260531_153611,clip_126,1,listen,,0.4118,1880511.0,raspberry_pi_seeed_gsr,"1880511,0.4118"
2026-05-31T15:36:47.087,test88,self_20260531_153611,clip_126,1,listen,,0.4093,1880532.0,raspberry_pi_seeed_gsr,"1880532,0.4093"
2026-05-31T15:36:47.108,test88,self_20260531_153611,clip_126,1,listen,,0.4061,1880553.0,raspberry_pi_seeed_gsr,"1880553,0.4061"
2026-05-31T15:36:47.153,test88,self_20260531_153611,clip_126,1,listen,,0.4069,1880574.0,raspberry_pi_seeed_gsr,"1880574,0.4069"
2026-05-31T15:36:47.154,test88,self_20260531_153611,clip_126,1,listen,,0.4045,1880595.0,raspberry_pi_seeed_gsr,"1880595,0.4045"
2026-05-31T15:36:47.170,test88,self_20260531_153611,clip_126,1,listen,,0.4085,1880616.0,raspberry_pi_seeed_gsr,"1880616,0.4085"
2026-05-31T15:36:47.191,test88,self_20260531_153611,clip_126,1,listen,,0.4061,1880637.0,raspberry_pi_seeed_gsr,"1880637,0.4061"
2026-05-31T15:36:47.213,test88,self_20260531_153611,clip_126,1,listen,,0.4085,1880658.0,raspberry_pi_seeed_gsr,"1880658,0.4085"
2026-05-31T15:36:47.234,test88,self_20260531_153611,clip_126,1,listen,,0.4093,1880679.0,raspberry_pi_seeed_gsr,"1880679,0.4093"
2026-05-31T15:36:47.254,test88,self_20260531_153611,clip_126,1,listen,,0.3989,1880700.0,raspberry_pi_seeed_gsr,"1880700,0.3989"
2026-05-31T15:36:47.275,test88,self_20260531_153611,clip_126,1,listen,,0.4045,1880721.0,raspberry_pi_seeed_gsr,"1880721,0.4045"
2026-05-31T15:36:47.297,test88,self_20260531_153611,clip_126,1,listen,,0.4085,1880742.0,raspberry_pi_seeed_gsr,"1880742,0.4085"
2026-05-31T15:36:47.318,test88,self_20260531_153611,clip_126,1,listen,,0.4101,1880763.0,raspberry_pi_seeed_gsr,"1880763,0.4101"
2026-05-31T15:36:47.339,test88,self_20260531_153611,clip_126,1,listen,,0.4085,1880784.0,raspberry_pi_seeed_gsr,"1880784,0.4085"
2026-05-31T15:36:47.360,test88,self_20260531_153611,clip_126,1,listen,,0.4085,1880805.0,raspberry_pi_seeed_gsr,"1880805,0.4085"
2026-05-31T15:36:47.405,test88,self_20260531_153611,clip_126,1,listen,,0.4005,1880826.0,raspberry_pi_seeed_gsr,"1880826,0.4005"
2026-05-31T15:36:47.406,test88,self_20260531_153611,clip_126,1,listen,,0.4085,1880847.0,raspberry_pi_seeed_gsr,"1880847,0.4085"
2026-05-31T15:36:47.422,test88,self_20260531_153611,clip_126,1,listen,,0.4085,1880868.0,raspberry_pi_seeed_gsr,"1880868,0.4085"
2026-05-31T15:36:47.443,test88,self_20260531_153611,clip_126,1,listen,,0.4118,1880889.0,raspberry_pi_seeed_gsr,"1880889,0.4118"
2026-05-31T15:36:47.464,test88,self_20260531_153611,clip_126,1,listen,,0.4069,1880910.0,raspberry_pi_seeed_gsr,"1880910,0.4069"
2026-05-31T15:36:47.485,test88,self_20260531_153611,clip_126,1,listen,,0.4118,1880931.0,raspberry_pi_seeed_gsr,"1880931,0.4118"
2026-05-31T15:36:47.506,test88,self_20260531_153611,clip_126,1,listen,,0.4077,1880952.0,raspberry_pi_seeed_gsr,"1880952,0.4077"
2026-05-31T15:36:47.527,test88,self_20260531_153611,clip_126,1,listen,,0.4069,1880973.0,raspberry_pi_seeed_gsr,"1880973,0.4069"
2026-05-31T15:36:47.548,test88,self_20260531_153611,clip_126,1,listen,,0.4085,1880994.0,raspberry_pi_seeed_gsr,"1880994,0.4085"
2026-05-31T15:36:47.569,test88,self_20260531_153611,clip_126,1,listen,,0.4045,1881015.0,raspberry_pi_seeed_gsr,"1881015,0.4045"
2026-05-31T15:36:47.590,test88,self_20260531_153611,clip_126,1,listen,,0.4085,1881036.0,raspberry_pi_seeed_gsr,"1881036,0.4085"
2026-05-31T15:36:47.611,test88,self_20260531_153611,clip_126,1,listen,,0.4077,1881057.0,raspberry_pi_seeed_gsr,"1881057,0.4077"
2026-05-31T15:36:47.638,test88,self_20260531_153611,clip_126,1,listen,,0.4093,1881078.0,raspberry_pi_seeed_gsr,"1881078,0.4093"
2026-05-31T15:36:47.654,test88,self_20260531_153611,clip_126,1,listen,,0.4118,1881099.0,raspberry_pi_seeed_gsr,"1881099,0.4118"
2026-05-31T15:36:47.674,test88,self_20260531_153611,clip_126,1,listen,,0.4085,1881120.0,raspberry_pi_seeed_gsr,"1881120,0.4085"
2026-05-31T15:36:47.696,test88,self_20260531_153611,clip_126,1,listen,,0.4085,1881141.0,raspberry_pi_seeed_gsr,"1881141,0.4085"
2026-05-31T15:36:47.717,test88,self_20260531_153611,clip_126,1,listen,,0.4085,1881162.0,raspberry_pi_seeed_gsr,"1881162,0.4085"
2026-05-31T15:36:47.738,test88,self_20260531_153611,clip_126,1,listen,,0.4061,1881183.0,raspberry_pi_seeed_gsr,"1881183,0.4061"
2026-05-31T15:36:47.759,test88,self_20260531_153611,clip_126,1,listen,,0.4085,1881204.0,raspberry_pi_seeed_gsr,"1881204,0.4085"
2026-05-31T15:36:47.779,test88,self_20260531_153611,clip_126,1,listen,,0.4101,1881225.0,raspberry_pi_seeed_gsr,"1881225,0.4101"
2026-05-31T15:36:47.801,test88,self_20260531_153611,clip_126,1,listen,,0.4045,1881246.0,raspberry_pi_seeed_gsr,"1881246,0.4045"
2026-05-31T15:36:47.822,test88,self_20260531_153611,clip_126,1,listen,,0.4077,1881267.0,raspberry_pi_seeed_gsr,"1881267,0.4077"
2026-05-31T15:36:47.843,test88,self_20260531_153611,clip_126,1,listen,,0.4069,1881288.0,raspberry_pi_seeed_gsr,"1881288,0.4069"
2026-05-31T15:36:47.864,test88,self_20260531_153611,clip_126,1,listen,,0.4085,1881309.0,raspberry_pi_seeed_gsr,"1881309,0.4085"
2026-05-31T15:36:47.911,test88,self_20260531_153611,clip_126,1,listen,,0.4085,1881330.0,raspberry_pi_seeed_gsr,"1881330,0.4085"
2026-05-31T15:36:47.912,test88,self_20260531_153611,clip_126,1,listen,,0.4077,1881351.0,raspberry_pi_seeed_gsr,"1881351,0.4077"
2026-05-31T15:36:47.926,test88,self_20260531_153611,clip_126,1,listen,,0.4085,1881372.0,raspberry_pi_seeed_gsr,"1881372,0.4085"
2026-05-31T15:36:47.947,test88,self_20260531_153611,clip_126,1,listen,,0.4077,1881393.0,raspberry_pi_seeed_gsr,"1881393,0.4077"
2026-05-31T15:36:47.968,test88,self_20260531_153611,clip_126,1,listen,,0.4085,1881414.0,raspberry_pi_seeed_gsr,"1881414,0.4085"
2026-05-31T15:36:47.990,test88,self_20260531_153611,clip_126,1,listen,,0.4077,1881435.0,raspberry_pi_seeed_gsr,"1881435,0.4077"
2026-05-31T15:36:48.010,test88,self_20260531_153611,clip_126,1,listen,,0.4061,1881456.0,raspberry_pi_seeed_gsr,"1881456,0.4061"
2026-05-31T15:36:48.032,test88,self_20260531_153611,clip_126,1,listen,,0.4085,1881477.0,raspberry_pi_seeed_gsr,"1881477,0.4085"
2026-05-31T15:36:48.053,test88,self_20260531_153611,clip_126,1,listen,,0.4093,1881498.0,raspberry_pi_seeed_gsr,"1881498,0.4093"
2026-05-31T15:36:48.074,test88,self_20260531_153611,clip_126,1,listen,,0.4061,1881519.0,raspberry_pi_seeed_gsr,"1881519,0.4061"
2026-05-31T15:36:48.095,test88,self_20260531_153611,clip_126,1,listen,,0.4069,1881540.0,raspberry_pi_seeed_gsr,"1881540,0.4069"
2026-05-31T15:36:48.116,test88,self_20260531_153611,clip_126,1,listen,,0.4037,1881561.0,raspberry_pi_seeed_gsr,"1881561,0.4037"
2026-05-31T15:36:48.164,test88,self_20260531_153611,clip_126,1,listen,,0.4061,1881582.0,raspberry_pi_seeed_gsr,"1881582,0.4061"
2026-05-31T15:36:48.165,test88,self_20260531_153611,clip_126,1,listen,,0.4077,1881603.0,raspberry_pi_seeed_gsr,"1881603,0.4077"
2026-05-31T15:36:48.178,test88,self_20260531_153611,clip_126,1,listen,,0.4085,1881624.0,raspberry_pi_seeed_gsr,"1881624,0.4085"
2026-05-31T15:36:48.199,test88,self_20260531_153611,clip_126,1,listen,,0.4101,1881645.0,raspberry_pi_seeed_gsr,"1881645,0.4101"
2026-05-31T15:36:48.220,test88,self_20260531_153611,clip_126,1,listen,,0.4109,1881666.0,raspberry_pi_seeed_gsr,"1881666,0.4109"
2026-05-31T15:36:48.241,test88,self_20260531_153611,clip_126,1,listen,,0.4069,1881687.0,raspberry_pi_seeed_gsr,"1881687,0.4069"
2026-05-31T15:36:48.263,test88,self_20260531_153611,clip_126,1,listen,,0.4093,1881708.0,raspberry_pi_seeed_gsr,"1881708,0.4093"
2026-05-31T15:36:48.284,test88,self_20260531_153611,clip_126,1,listen,,0.4109,1881729.0,raspberry_pi_seeed_gsr,"1881729,0.4109"
2026-05-31T15:36:48.305,test88,self_20260531_153611,clip_126,1,listen,,0.4085,1881750.0,raspberry_pi_seeed_gsr,"1881750,0.4085"
2026-05-31T15:36:48.326,test88,self_20260531_153611,clip_126,1,listen,,0.4101,1881771.0,raspberry_pi_seeed_gsr,"1881771,0.4101"
2026-05-31T15:36:48.347,test88,self_20260531_153611,clip_126,1,listen,,0.4118,1881792.0,raspberry_pi_seeed_gsr,"1881792,0.4118"
2026-05-31T15:36:48.368,test88,self_20260531_153611,clip_126,1,listen,,0.4077,1881813.0,raspberry_pi_seeed_gsr,"1881813,0.4077"
2026-05-31T15:36:48.413,test88,self_20260531_153611,clip_126,1,listen,,0.4118,1881834.0,raspberry_pi_seeed_gsr,"1881834,0.4118"
2026-05-31T15:36:48.414,test88,self_20260531_153611,clip_126,1,listen,,0.4118,1881855.0,raspberry_pi_seeed_gsr,"1881855,0.4118"
2026-05-31T15:36:48.431,test88,self_20260531_153611,clip_126,1,listen,,0.4101,1881876.0,raspberry_pi_seeed_gsr,"1881876,0.4101"
2026-05-31T15:36:48.455,test88,self_20260531_153611,clip_126,1,listen,,0.4118,1881897.0,raspberry_pi_seeed_gsr,"1881897,0.4118"
2026-05-31T15:36:48.472,test88,self_20260531_153611,clip_126,1,listen,,0.4118,1881918.0,raspberry_pi_seeed_gsr,"1881918,0.4118"
2026-05-31T15:36:48.493,test88,self_20260531_153611,clip_126,1,listen,,0.4085,1881939.0,raspberry_pi_seeed_gsr,"1881939,0.4085"
2026-05-31T15:36:48.514,test88,self_20260531_153611,clip_126,1,listen,,0.4118,1881960.0,raspberry_pi_seeed_gsr,"1881960,0.4118"
2026-05-31T15:36:48.535,test88,self_20260531_153611,clip_126,1,listen,,0.4101,1881981.0,raspberry_pi_seeed_gsr,"1881981,0.4101"
2026-05-31T15:36:48.556,test88,self_20260531_153611,clip_126,1,listen,,0.4101,1882002.0,raspberry_pi_seeed_gsr,"1882002,0.4101"
2026-05-31T15:36:48.577,test88,self_20260531_153611,clip_126,1,listen,,0.4093,1882023.0,raspberry_pi_seeed_gsr,"1882023,0.4093"
2026-05-31T15:36:48.598,test88,self_20260531_153611,clip_126,1,listen,,0.4118,1882044.0,raspberry_pi_seeed_gsr,"1882044,0.4118"
2026-05-31T15:36:48.619,test88,self_20260531_153611,clip_126,1,listen,,0.4109,1882065.0,raspberry_pi_seeed_gsr,"1882065,0.4109"
2026-05-31T15:36:48.643,test88,self_20260531_153611,clip_126,1,listen,,0.4118,1882086.0,raspberry_pi_seeed_gsr,"1882086,0.4118"
2026-05-31T15:36:48.661,test88,self_20260531_153611,clip_126,1,listen,,0.4109,1882107.0,raspberry_pi_seeed_gsr,"1882107,0.4109"
2026-05-31T15:36:48.682,test88,self_20260531_153611,clip_126,1,listen,,0.4093,1882128.0,raspberry_pi_seeed_gsr,"1882128,0.4093"
2026-05-31T15:36:48.704,test88,self_20260531_153611,clip_126,1,listen,,0.4118,1882149.0,raspberry_pi_seeed_gsr,"1882149,0.4118"
2026-05-31T15:36:48.725,test88,self_20260531_153611,clip_126,1,listen,,0.4085,1882170.0,raspberry_pi_seeed_gsr,"1882170,0.4085"
2026-05-31T15:36:48.746,test88,self_20260531_153611,clip_126,1,listen,,0.4118,1882191.0,raspberry_pi_seeed_gsr,"1882191,0.4118"
2026-05-31T15:36:48.766,test88,self_20260531_153611,clip_126,1,listen,,0.4118,1882212.0,raspberry_pi_seeed_gsr,"1882212,0.4118"
2026-05-31T15:36:48.787,test88,self_20260531_153611,clip_126,1,listen,,0.4118,1882233.0,raspberry_pi_seeed_gsr,"1882233,0.4118"
2026-05-31T15:36:48.809,test88,self_20260531_153611,clip_126,1,listen,,0.4118,1882254.0,raspberry_pi_seeed_gsr,"1882254,0.4118"
2026-05-31T15:36:48.830,test88,self_20260531_153611,clip_126,1,listen,,0.4118,1882275.0,raspberry_pi_seeed_gsr,"1882275,0.4118"
2026-05-31T15:36:48.851,test88,self_20260531_153611,clip_126,1,listen,,0.4118,1882296.0,raspberry_pi_seeed_gsr,"1882296,0.4118"
2026-05-31T15:36:48.872,test88,self_20260531_153611,clip_126,1,listen,,0.4118,1882317.0,raspberry_pi_seeed_gsr,"1882317,0.4118"
2026-05-31T15:36:48.917,test88,self_20260531_153611,clip_126,1,listen,,0.4118,1882338.0,raspberry_pi_seeed_gsr,"1882338,0.4118"
2026-05-31T15:36:48.918,test88,self_20260531_153611,clip_126,1,listen,,0.4118,1882359.0,raspberry_pi_seeed_gsr,"1882359,0.4118"
2026-05-31T15:36:48.935,test88,self_20260531_153611,clip_126,1,listen,,0.4118,1882380.0,raspberry_pi_seeed_gsr,"1882380,0.4118"
2026-05-31T15:36:48.956,test88,self_20260531_153611,clip_126,1,listen,,0.4085,1882401.0,raspberry_pi_seeed_gsr,"1882401,0.4085"
2026-05-31T15:36:48.976,test88,self_20260531_153611,clip_126,1,listen,,0.4109,1882422.0,raspberry_pi_seeed_gsr,"1882422,0.4109"
2026-05-31T15:36:48.997,test88,self_20260531_153611,clip_126,1,listen,,0.4118,1882443.0,raspberry_pi_seeed_gsr,"1882443,0.4118"
2026-05-31T15:36:49.019,test88,self_20260531_153611,clip_126,1,listen,,0.4118,1882464.0,raspberry_pi_seeed_gsr,"1882464,0.4118"
2026-05-31T15:36:49.039,test88,self_20260531_153611,clip_126,1,listen,,0.4118,1882485.0,raspberry_pi_seeed_gsr,"1882485,0.4118"
2026-05-31T15:36:49.061,test88,self_20260531_153611,clip_126,1,listen,,0.4118,1882506.0,raspberry_pi_seeed_gsr,"1882506,0.4118"
2026-05-31T15:36:49.082,test88,self_20260531_153611,clip_126,1,listen,,0.4118,1882527.0,raspberry_pi_seeed_gsr,"1882527,0.4118"
2026-05-31T15:36:49.103,test88,self_20260531_153611,clip_126,1,listen,,0.4118,1882548.0,raspberry_pi_seeed_gsr,"1882548,0.4118"
2026-05-31T15:36:49.124,test88,self_20260531_153611,clip_126,1,listen,,0.4118,1882569.0,raspberry_pi_seeed_gsr,"1882569,0.4118"
2026-05-31T15:36:49.171,test88,self_20260531_153611,clip_126,1,listen,,0.4118,1882590.0,raspberry_pi_seeed_gsr,"1882590,0.4118"
2026-05-31T15:36:49.172,test88,self_20260531_153611,clip_126,1,listen,,0.4118,1882611.0,raspberry_pi_seeed_gsr,"1882611,0.4118"
2026-05-31T15:36:49.186,test88,self_20260531_153611,clip_126,1,listen,,0.4118,1882632.0,raspberry_pi_seeed_gsr,"1882632,0.4118"
2026-05-31T15:36:49.207,test88,self_20260531_153611,clip_126,1,listen,,0.4118,1882653.0,raspberry_pi_seeed_gsr,"1882653,0.4118"
2026-05-31T15:36:49.229,test88,self_20260531_153611,clip_126,1,listen,,0.4118,1882674.0,raspberry_pi_seeed_gsr,"1882674,0.4118"
2026-05-31T15:36:49.250,test88,self_20260531_153611,clip_126,1,listen,,0.4126,1882695.0,raspberry_pi_seeed_gsr,"1882695,0.4126"
2026-05-31T15:36:49.270,test88,self_20260531_153611,clip_126,1,listen,,0.4118,1882716.0,raspberry_pi_seeed_gsr,"1882716,0.4118"
2026-05-31T15:36:49.292,test88,self_20260531_153611,clip_126,1,listen,,0.4118,1882737.0,raspberry_pi_seeed_gsr,"1882737,0.4118"
2026-05-31T15:36:49.313,test88,self_20260531_153611,clip_126,1,listen,,0.4126,1882758.0,raspberry_pi_seeed_gsr,"1882758,0.4126"
2026-05-31T15:36:49.334,test88,self_20260531_153611,clip_126,1,listen,,0.4126,1882779.0,raspberry_pi_seeed_gsr,"1882779,0.4126"
2026-05-31T15:36:49.355,test88,self_20260531_153611,clip_126,1,listen,,0.4142,1882800.0,raspberry_pi_seeed_gsr,"1882800,0.4142"
2026-05-31T15:36:49.376,test88,self_20260531_153611,clip_126,1,listen,,0.4118,1882821.0,raspberry_pi_seeed_gsr,"1882821,0.4118"
2026-05-31T15:36:49.421,test88,self_20260531_153611,clip_126,1,listen,,0.4134,1882842.0,raspberry_pi_seeed_gsr,"1882842,0.4134"
2026-05-31T15:36:49.421,test88,self_20260531_153611,clip_126,1,listen,,0.4126,1882863.0,raspberry_pi_seeed_gsr,"1882863,0.4126"
2026-05-31T15:36:49.438,test88,self_20260531_153611,clip_126,1,listen,,0.4158,1882884.0,raspberry_pi_seeed_gsr,"1882884,0.4158"
2026-05-31T15:36:49.459,test88,self_20260531_153611,clip_126,1,listen,,0.4142,1882905.0,raspberry_pi_seeed_gsr,"1882905,0.4142"
2026-05-31T15:36:49.480,test88,self_20260531_153611,clip_126,1,listen,,0.4134,1882926.0,raspberry_pi_seeed_gsr,"1882926,0.4134"
2026-05-31T15:36:49.501,test88,self_20260531_153611,clip_126,1,listen,,0.415,1882947.0,raspberry_pi_seeed_gsr,"1882947,0.4150"
2026-05-31T15:36:49.522,test88,self_20260531_153611,clip_126,1,listen,,0.4142,1882968.0,raspberry_pi_seeed_gsr,"1882968,0.4142"
2026-05-31T15:36:49.543,test88,self_20260531_153611,clip_126,1,listen,,0.4239,1882989.0,raspberry_pi_seeed_gsr,"1882989,0.4239"
2026-05-31T15:36:49.565,test88,self_20260531_153611,clip_126,1,listen,,0.4126,1883010.0,raspberry_pi_seeed_gsr,"1883010,0.4126"
2026-05-31T15:36:49.586,test88,self_20260531_153611,clip_126,1,listen,,0.4134,1883031.0,raspberry_pi_seeed_gsr,"1883031,0.4134"
2026-05-31T15:36:49.606,test88,self_20260531_153611,clip_126,1,listen,,0.4174,1883052.0,raspberry_pi_seeed_gsr,"1883052,0.4174"
2026-05-31T15:36:49.627,test88,self_20260531_153611,clip_126,1,listen,,0.4166,1883073.0,raspberry_pi_seeed_gsr,"1883073,0.4166"
2026-05-31T15:36:49.651,test88,self_20260531_153611,clip_126,1,listen,,0.4142,1883094.0,raspberry_pi_seeed_gsr,"1883094,0.4142"
2026-05-31T15:36:49.669,test88,self_20260531_153611,clip_126,1,listen,,0.4126,1883115.0,raspberry_pi_seeed_gsr,"1883115,0.4126"
2026-05-31T15:36:49.690,test88,self_20260531_153611,clip_126,1,listen,,0.4134,1883136.0,raspberry_pi_seeed_gsr,"1883136,0.4134"
2026-05-31T15:36:49.711,test88,self_20260531_153611,clip_126,1,listen,,0.4158,1883157.0,raspberry_pi_seeed_gsr,"1883157,0.4158"
2026-05-31T15:36:49.732,test88,self_20260531_153611,clip_126,1,listen,,0.4166,1883178.0,raspberry_pi_seeed_gsr,"1883178,0.4166"
2026-05-31T15:36:49.754,test88,self_20260531_153611,clip_126,1,listen,,0.4158,1883199.0,raspberry_pi_seeed_gsr,"1883199,0.4158"
2026-05-31T15:36:49.774,test88,self_20260531_153611,clip_126,1,listen,,0.4191,1883220.0,raspberry_pi_seeed_gsr,"1883220,0.4191"
2026-05-31T15:36:49.796,test88,self_20260531_153611,clip_126,1,listen,,0.4174,1883241.0,raspberry_pi_seeed_gsr,"1883241,0.4174"
2026-05-31T15:36:49.817,test88,self_20260531_153611,clip_126,1,listen,,0.4174,1883262.0,raspberry_pi_seeed_gsr,"1883262,0.4174"
2026-05-31T15:36:49.838,test88,self_20260531_153611,clip_126,1,listen,,0.4191,1883283.0,raspberry_pi_seeed_gsr,"1883283,0.4191"
2026-05-31T15:36:49.859,test88,self_20260531_153611,clip_126,1,listen,,0.4166,1883304.0,raspberry_pi_seeed_gsr,"1883304,0.4166"
2026-05-31T15:36:49.880,test88,self_20260531_153611,clip_126,1,listen,,0.4174,1883325.0,raspberry_pi_seeed_gsr,"1883325,0.4174"
2026-05-31T15:36:49.927,test88,self_20260531_153611,clip_126,1,listen,,0.4174,1883346.0,raspberry_pi_seeed_gsr,"1883346,0.4174"
2026-05-31T15:36:49.928,test88,self_20260531_153611,clip_126,1,listen,,0.4263,1883367.0,raspberry_pi_seeed_gsr,"1883367,0.4263"
2026-05-31T15:36:49.943,test88,self_20260531_153611,clip_126,1,listen,,0.4199,1883388.0,raspberry_pi_seeed_gsr,"1883388,0.4199"
2026-05-31T15:36:49.964,test88,self_20260531_153611,clip_126,1,listen,,0.4191,1883409.0,raspberry_pi_seeed_gsr,"1883409,0.4191"
2026-05-31T15:36:49.985,test88,self_20260531_153611,clip_126,1,listen,,0.4166,1883430.0,raspberry_pi_seeed_gsr,"1883430,0.4166"
2026-05-31T15:36:50.006,test88,self_20260531_153611,clip_126,1,listen,,0.4191,1883451.0,raspberry_pi_seeed_gsr,"1883451,0.4191"
2026-05-31T15:36:50.027,test88,self_20260531_153611,clip_126,1,listen,,0.4174,1883472.0,raspberry_pi_seeed_gsr,"1883472,0.4174"
2026-05-31T15:36:50.047,test88,self_20260531_153611,clip_126,1,listen,,0.4207,1883493.0,raspberry_pi_seeed_gsr,"1883493,0.4207"
2026-05-31T15:36:50.069,test88,self_20260531_153611,clip_126,1,listen,,0.4215,1883514.0,raspberry_pi_seeed_gsr,"1883514,0.4215"
2026-05-31T15:36:50.090,test88,self_20260531_153611,clip_126,1,listen,,0.4199,1883535.0,raspberry_pi_seeed_gsr,"1883535,0.4199"
2026-05-31T15:36:50.111,test88,self_20260531_153611,clip_126,1,listen,,0.4223,1883556.0,raspberry_pi_seeed_gsr,"1883556,0.4223"
2026-05-31T15:36:50.132,test88,self_20260531_153611,clip_126,1,listen,,0.4231,1883577.0,raspberry_pi_seeed_gsr,"1883577,0.4231"
2026-05-31T15:36:50.178,test88,self_20260531_153611,clip_126,1,listen,,0.4263,1883598.0,raspberry_pi_seeed_gsr,"1883598,0.4263"
2026-05-31T15:36:50.179,test88,self_20260531_153611,clip_126,1,listen,,0.4191,1883619.0,raspberry_pi_seeed_gsr,"1883619,0.4191"
2026-05-31T15:36:50.194,test88,self_20260531_153611,clip_126,1,listen,,0.4199,1883640.0,raspberry_pi_seeed_gsr,"1883640,0.4199"
2026-05-31T15:36:50.215,test88,self_20260531_153611,clip_126,1,listen,,0.4207,1883661.0,raspberry_pi_seeed_gsr,"1883661,0.4207"
2026-05-31T15:36:50.237,test88,self_20260531_153611,clip_126,1,listen,,0.4231,1883682.0,raspberry_pi_seeed_gsr,"1883682,0.4231"
2026-05-31T15:36:50.258,test88,self_20260531_153611,clip_126,1,listen,,0.4223,1883703.0,raspberry_pi_seeed_gsr,"1883703,0.4223"
2026-05-31T15:36:50.279,test88,self_20260531_153611,clip_126,1,listen,,0.4166,1883724.0,raspberry_pi_seeed_gsr,"1883724,0.4166"
2026-05-31T15:36:50.300,test88,self_20260531_153611,clip_126,1,listen,,0.4215,1883745.0,raspberry_pi_seeed_gsr,"1883745,0.4215"
2026-05-31T15:36:50.321,test88,self_20260531_153611,clip_126,1,listen,,0.4223,1883766.0,raspberry_pi_seeed_gsr,"1883766,0.4223"
2026-05-31T15:36:50.342,test88,self_20260531_153611,clip_126,1,listen,,0.4215,1883787.0,raspberry_pi_seeed_gsr,"1883787,0.4215"
2026-05-31T15:36:50.363,test88,self_20260531_153611,clip_126,1,listen,,0.4231,1883808.0,raspberry_pi_seeed_gsr,"1883808,0.4231"
2026-05-31T15:36:50.384,test88,self_20260531_153611,clip_126,1,listen,,0.4295,1883829.0,raspberry_pi_seeed_gsr,"1883829,0.4295"
2026-05-31T15:36:50.428,test88,self_20260531_153611,clip_126,1,listen,,0.4239,1883850.0,raspberry_pi_seeed_gsr,"1883850,0.4239"
2026-05-31T15:36:50.429,test88,self_20260531_153611,clip_126,1,listen,,0.4223,1883871.0,raspberry_pi_seeed_gsr,"1883871,0.4223"
2026-05-31T15:36:50.447,test88,self_20260531_153611,clip_126,1,listen,,0.4231,1883892.0,raspberry_pi_seeed_gsr,"1883892,0.4231"
2026-05-31T15:36:50.468,test88,self_20260531_153611,clip_126,1,listen,,0.4223,1883913.0,raspberry_pi_seeed_gsr,"1883913,0.4223"
2026-05-31T15:36:50.489,test88,self_20260531_153611,clip_126,1,listen,,0.4344,1883934.0,raspberry_pi_seeed_gsr,"1883934,0.4344"
2026-05-31T15:36:50.510,test88,self_20260531_153611,clip_126,1,listen,,0.4239,1883955.0,raspberry_pi_seeed_gsr,"1883955,0.4239"
2026-05-31T15:36:50.530,test88,self_20260531_153611,clip_126,1,listen,,0.4158,1883976.0,raspberry_pi_seeed_gsr,"1883976,0.4158"
2026-05-31T15:36:50.551,test88,self_20260531_153611,clip_126,1,listen,,0.4223,1883997.0,raspberry_pi_seeed_gsr,"1883997,0.4223"
2026-05-31T15:36:50.572,test88,self_20260531_153611,clip_126,1,listen,,0.4255,1884018.0,raspberry_pi_seeed_gsr,"1884018,0.4255"
2026-05-31T15:36:50.593,test88,self_20260531_153611,clip_126,1,listen,,0.4271,1884039.0,raspberry_pi_seeed_gsr,"1884039,0.4271"
2026-05-31T15:36:50.614,test88,self_20260531_153611,clip_126,1,listen,,0.4255,1884060.0,raspberry_pi_seeed_gsr,"1884060,0.4255"
2026-05-31T15:36:50.635,test88,self_20260531_153611,clip_126,1,listen,,0.4239,1884081.0,raspberry_pi_seeed_gsr,"1884081,0.4239"
2026-05-31T15:36:50.657,test88,self_20260531_153611,clip_126,1,listen,,0.4271,1884102.0,raspberry_pi_seeed_gsr,"1884102,0.4271"
2026-05-31T15:36:50.691,test88,self_20260531_153611,clip_126,1,listen,,0.4263,1884123.0,raspberry_pi_seeed_gsr,"1884123,0.4263"
2026-05-31T15:36:50.698,test88,self_20260531_153611,clip_126,1,listen,,0.4263,1884144.0,raspberry_pi_seeed_gsr,"1884144,0.4263"
2026-05-31T15:36:50.719,test88,self_20260531_153611,clip_126,1,listen,,0.4255,1884165.0,raspberry_pi_seeed_gsr,"1884165,0.4255"
2026-05-31T15:36:50.740,test88,self_20260531_153611,clip_126,1,listen,,0.4247,1884186.0,raspberry_pi_seeed_gsr,"1884186,0.4247"
2026-05-31T15:36:50.762,test88,self_20260531_153611,clip_126,1,listen,,0.4263,1884207.0,raspberry_pi_seeed_gsr,"1884207,0.4263"
2026-05-31T15:36:50.783,test88,self_20260531_153611,clip_126,1,listen,,0.4255,1884228.0,raspberry_pi_seeed_gsr,"1884228,0.4255"
2026-05-31T15:36:50.804,test88,self_20260531_153611,clip_126,1,listen,,0.4279,1884249.0,raspberry_pi_seeed_gsr,"1884249,0.4279"
2026-05-31T15:36:50.825,test88,self_20260531_153611,clip_126,1,listen,,0.4344,1884270.0,raspberry_pi_seeed_gsr,"1884270,0.4344"
2026-05-31T15:36:50.846,test88,self_20260531_153611,clip_126,1,listen,,0.4271,1884291.0,raspberry_pi_seeed_gsr,"1884291,0.4271"
2026-05-31T15:36:50.867,test88,self_20260531_153611,clip_126,1,listen,,0.4287,1884312.0,raspberry_pi_seeed_gsr,"1884312,0.4287"
2026-05-31T15:36:50.888,test88,self_20260531_153611,clip_126,1,listen,,0.4279,1884333.0,raspberry_pi_seeed_gsr,"1884333,0.4279"
2026-05-31T15:36:50.909,test88,self_20260531_153611,clip_126,1,listen,,0.4263,1884354.0,raspberry_pi_seeed_gsr,"1884354,0.4263"
2026-05-31T15:36:50.954,test88,self_20260531_153611,clip_126,1,listen,,0.4303,1884375.0,raspberry_pi_seeed_gsr,"1884375,0.4303"
2026-05-31T15:36:50.955,test88,self_20260531_153611,clip_126,1,listen,,0.4295,1884396.0,raspberry_pi_seeed_gsr,"1884396,0.4295"
2026-05-31T15:36:50.972,test88,self_20260531_153611,clip_126,1,listen,,0.4303,1884417.0,raspberry_pi_seeed_gsr,"1884417,0.4303"
2026-05-31T15:36:50.993,test88,self_20260531_153611,clip_126,1,listen,,0.4287,1884438.0,raspberry_pi_seeed_gsr,"1884438,0.4287"
2026-05-31T15:36:51.014,test88,self_20260531_153611,clip_126,1,listen,,0.4223,1884459.0,raspberry_pi_seeed_gsr,"1884459,0.4223"
2026-05-31T15:36:51.035,test88,self_20260531_153611,clip_126,1,listen,,0.4287,1884480.0,raspberry_pi_seeed_gsr,"1884480,0.4287"
2026-05-31T15:36:51.055,test88,self_20260531_153611,clip_126,1,listen,,0.4295,1884501.0,raspberry_pi_seeed_gsr,"1884501,0.4295"
2026-05-31T15:36:51.076,test88,self_20260531_153611,clip_126,1,listen,,0.4327,1884522.0,raspberry_pi_seeed_gsr,"1884522,0.4327"
2026-05-31T15:36:51.098,test88,self_20260531_153611,clip_126,1,listen,,0.4327,1884543.0,raspberry_pi_seeed_gsr,"1884543,0.4327"
2026-05-31T15:36:51.119,test88,self_20260531_153611,clip_126,1,listen,,0.4239,1884564.0,raspberry_pi_seeed_gsr,"1884564,0.4239"
2026-05-31T15:36:51.140,test88,self_20260531_153611,clip_126,1,listen,,0.4287,1884585.0,raspberry_pi_seeed_gsr,"1884585,0.4287"
2026-05-31T15:36:51.162,test88,self_20260531_153611,clip_126,1,listen,,0.4303,1884606.0,raspberry_pi_seeed_gsr,"1884606,0.4303"
2026-05-31T15:36:51.207,test88,self_20260531_153611,clip_126,1,listen,,0.4336,1884627.0,raspberry_pi_seeed_gsr,"1884627,0.4336"
2026-05-31T15:36:51.208,test88,self_20260531_153611,clip_126,1,listen,,0.4327,1884648.0,raspberry_pi_seeed_gsr,"1884648,0.4327"
2026-05-31T15:36:51.223,test88,self_20260531_153611,clip_126,1,listen,,0.4336,1884669.0,raspberry_pi_seeed_gsr,"1884669,0.4336"
2026-05-31T15:36:51.245,test88,self_20260531_153611,clip_126,1,listen,,0.4295,1884690.0,raspberry_pi_seeed_gsr,"1884690,0.4295"
2026-05-31T15:36:51.266,test88,self_20260531_153611,clip_126,1,listen,,0.4319,1884711.0,raspberry_pi_seeed_gsr,"1884711,0.4319"
2026-05-31T15:36:51.287,test88,self_20260531_153611,clip_126,1,listen,,0.4327,1884732.0,raspberry_pi_seeed_gsr,"1884732,0.4327"
2026-05-31T15:36:51.308,test88,self_20260531_153611,clip_126,1,listen,,0.4327,1884753.0,raspberry_pi_seeed_gsr,"1884753,0.4327"
2026-05-31T15:36:51.329,test88,self_20260531_153611,clip_126,1,listen,,0.4344,1884774.0,raspberry_pi_seeed_gsr,"1884774,0.4344"
2026-05-31T15:36:51.350,test88,self_20260531_153611,clip_126,1,listen,,0.4327,1884795.0,raspberry_pi_seeed_gsr,"1884795,0.4327"
2026-05-31T15:36:51.371,test88,self_20260531_153611,clip_126,1,listen,,0.4336,1884816.0,raspberry_pi_seeed_gsr,"1884816,0.4336"
2026-05-31T15:36:51.392,test88,self_20260531_153611,clip_126,1,listen,,0.4344,1884837.0,raspberry_pi_seeed_gsr,"1884837,0.4344"
2026-05-31T15:36:51.413,test88,self_20260531_153611,clip_126,1,listen,,0.436,1884858.0,raspberry_pi_seeed_gsr,"1884858,0.4360"
2026-05-31T15:36:51.460,test88,self_20260531_153611,clip_126,1,listen,,0.4336,1884879.0,raspberry_pi_seeed_gsr,"1884879,0.4336"
2026-05-31T15:36:51.461,test88,self_20260531_153611,clip_126,1,listen,,0.4336,1884900.0,raspberry_pi_seeed_gsr,"1884900,0.4336"
2026-05-31T15:36:51.476,test88,self_20260531_153611,clip_126,1,listen,,0.4287,1884921.0,raspberry_pi_seeed_gsr,"1884921,0.4287"
2026-05-31T15:36:51.497,test88,self_20260531_153611,clip_126,1,listen,,0.4199,1884942.0,raspberry_pi_seeed_gsr,"1884942,0.4199"
2026-05-31T15:36:51.518,test88,self_20260531_153611,clip_126,1,listen,,0.4344,1884963.0,raspberry_pi_seeed_gsr,"1884963,0.4344"
2026-05-31T15:36:51.538,test88,self_20260531_153611,clip_126,1,listen,,0.4352,1884984.0,raspberry_pi_seeed_gsr,"1884984,0.4352"
2026-05-31T15:36:51.560,test88,self_20260531_153611,clip_126,1,listen,,0.4352,1885005.0,raspberry_pi_seeed_gsr,"1885005,0.4352"
2026-05-31T15:36:51.581,test88,self_20260531_153611,clip_126,1,listen,,0.4352,1885026.0,raspberry_pi_seeed_gsr,"1885026,0.4352"
2026-05-31T15:36:51.602,test88,self_20260531_153611,clip_126,1,listen,,0.4344,1885047.0,raspberry_pi_seeed_gsr,"1885047,0.4344"
2026-05-31T15:36:51.623,test88,self_20260531_153611,clip_126,1,listen,,0.4344,1885068.0,raspberry_pi_seeed_gsr,"1885068,0.4344"
2026-05-31T15:36:51.644,test88,self_20260531_153611,clip_126,1,listen,,0.4352,1885089.0,raspberry_pi_seeed_gsr,"1885089,0.4352"
2026-05-31T15:36:51.665,test88,self_20260531_153611,clip_126,1,listen,,0.4319,1885110.0,raspberry_pi_seeed_gsr,"1885110,0.4319"
2026-05-31T15:36:51.686,test88,self_20260531_153611,clip_126,1,listen,,0.4392,1885131.0,raspberry_pi_seeed_gsr,"1885131,0.4392"
2026-05-31T15:36:51.716,test88,self_20260531_153611,clip_126,1,listen,,0.4352,1885152.0,raspberry_pi_seeed_gsr,"1885152,0.4352"
2026-05-31T15:36:51.728,test88,self_20260531_153611,clip_126,1,listen,,0.4327,1885173.0,raspberry_pi_seeed_gsr,"1885173,0.4327"
2026-05-31T15:36:51.749,test88,self_20260531_153611,clip_126,1,listen,,0.4255,1885194.0,raspberry_pi_seeed_gsr,"1885194,0.4255"
2026-05-31T15:36:51.769,test88,self_20260531_153611,clip_126,1,listen,,0.4327,1885215.0,raspberry_pi_seeed_gsr,"1885215,0.4327"
2026-05-31T15:36:51.790,test88,self_20260531_153611,clip_126,1,listen,,0.44,1885236.0,raspberry_pi_seeed_gsr,"1885236,0.4400"
2026-05-31T15:36:51.811,test88,self_20260531_153611,clip_126,1,listen,,0.4327,1885256.0,raspberry_pi_seeed_gsr,"1885256,0.4327"
2026-05-31T15:36:51.832,test88,self_20260531_153611,clip_126,1,listen,,0.4319,1885277.0,raspberry_pi_seeed_gsr,"1885277,0.4319"
2026-05-31T15:36:51.852,test88,self_20260531_153611,clip_126,1,listen,,0.4239,1885298.0,raspberry_pi_seeed_gsr,"1885298,0.4239"
2026-05-31T15:36:51.874,test88,self_20260531_153611,clip_126,1,listen,,0.4287,1885319.0,raspberry_pi_seeed_gsr,"1885319,0.4287"
2026-05-31T15:36:51.895,test88,self_20260531_153611,clip_126,1,listen,,0.4271,1885340.0,raspberry_pi_seeed_gsr,"1885340,0.4271"
2026-05-31T15:36:51.916,test88,self_20260531_153611,clip_126,1,listen,,0.4263,1885361.0,raspberry_pi_seeed_gsr,"1885361,0.4263"
2026-05-31T15:36:51.937,test88,self_20260531_153611,clip_126,1,listen,,0.4287,1885382.0,raspberry_pi_seeed_gsr,"1885382,0.4287"
2026-05-31T15:36:51.980,test88,self_20260531_153611,clip_126,1,listen,,0.4239,1885403.0,raspberry_pi_seeed_gsr,"1885403,0.4239"
2026-05-31T15:36:51.982,test88,self_20260531_153611,clip_126,1,listen,,0.4215,1885424.0,raspberry_pi_seeed_gsr,"1885424,0.4215"
2026-05-31T15:36:51.999,test88,self_20260531_153611,clip_126,1,listen,,0.4215,1885445.0,raspberry_pi_seeed_gsr,"1885445,0.4215"
2026-05-31T15:36:52.021,test88,self_20260531_153611,clip_126,1,listen,,0.4191,1885466.0,raspberry_pi_seeed_gsr,"1885466,0.4191"
2026-05-31T15:36:52.042,test88,self_20260531_153611,clip_126,1,listen,,0.4199,1885487.0,raspberry_pi_seeed_gsr,"1885487,0.4199"
2026-05-31T15:36:52.063,test88,self_20260531_153611,clip_126,1,listen,,0.4174,1885508.0,raspberry_pi_seeed_gsr,"1885508,0.4174"
2026-05-31T15:36:52.084,test88,self_20260531_153611,clip_126,1,listen,,0.4166,1885529.0,raspberry_pi_seeed_gsr,"1885529,0.4166"
2026-05-31T15:36:52.105,test88,self_20260531_153611,clip_126,1,listen,,0.4207,1885550.0,raspberry_pi_seeed_gsr,"1885550,0.4207"
2026-05-31T15:36:52.126,test88,self_20260531_153611,clip_126,1,listen,,0.4174,1885571.0,raspberry_pi_seeed_gsr,"1885571,0.4174"
2026-05-31T15:36:52.147,test88,self_20260531_153611,clip_126,1,listen,,0.4126,1885592.0,raspberry_pi_seeed_gsr,"1885592,0.4126"
2026-05-31T15:36:52.168,test88,self_20260531_153611,clip_126,1,listen,,0.4166,1885613.0,raspberry_pi_seeed_gsr,"1885613,0.4166"
2026-05-31T15:36:52.189,test88,self_20260531_153611,clip_126,1,listen,,0.4118,1885634.0,raspberry_pi_seeed_gsr,"1885634,0.4118"
2026-05-31T15:36:52.236,test88,self_20260531_153611,clip_126,1,listen,,0.4118,1885655.0,raspberry_pi_seeed_gsr,"1885655,0.4118"
2026-05-31T15:36:52.237,test88,self_20260531_153611,clip_126,1,listen,,0.4085,1885676.0,raspberry_pi_seeed_gsr,"1885676,0.4085"
2026-05-31T15:36:52.252,test88,self_20260531_153611,clip_126,1,listen,,0.4118,1885697.0,raspberry_pi_seeed_gsr,"1885697,0.4118"
2026-05-31T15:36:52.273,test88,self_20260531_153611,clip_126,1,listen,,0.4045,1885718.0,raspberry_pi_seeed_gsr,"1885718,0.4045"
2026-05-31T15:36:52.294,test88,self_20260531_153611,clip_126,1,listen,,0.4037,1885739.0,raspberry_pi_seeed_gsr,"1885739,0.4037"
2026-05-31T15:36:52.315,test88,self_20260531_153611,clip_126,1,listen,,0.4005,1885760.0,raspberry_pi_seeed_gsr,"1885760,0.4005"
2026-05-31T15:36:52.336,test88,self_20260531_153611,clip_126,1,listen,,0.4013,1885781.0,raspberry_pi_seeed_gsr,"1885781,0.4013"
2026-05-31T15:36:52.357,test88,self_20260531_153611,clip_126,1,listen,,0.3981,1885802.0,raspberry_pi_seeed_gsr,"1885802,0.3981"
2026-05-31T15:36:52.378,test88,self_20260531_153611,clip_126,1,listen,,0.3948,1885823.0,raspberry_pi_seeed_gsr,"1885823,0.3948"
2026-05-31T15:36:52.399,test88,self_20260531_153611,clip_126,1,listen,,0.3956,1885844.0,raspberry_pi_seeed_gsr,"1885844,0.3956"
2026-05-31T15:36:52.420,test88,self_20260531_153611,clip_126,1,listen,,0.394,1885865.0,raspberry_pi_seeed_gsr,"1885865,0.3940"
2026-05-31T15:36:52.441,test88,self_20260531_153611,clip_126,1,listen,,0.3964,1885886.0,raspberry_pi_seeed_gsr,"1885886,0.3964"
2026-05-31T15:36:52.485,test88,self_20260531_153611,clip_126,1,listen,,0.3892,1885907.0,raspberry_pi_seeed_gsr,"1885907,0.3892"
2026-05-31T15:36:52.486,test88,self_20260531_153611,clip_126,1,listen,,0.3844,1885928.0,raspberry_pi_seeed_gsr,"1885928,0.3844"
2026-05-31T15:36:52.503,test88,self_20260531_153611,clip_126,1,listen,,0.3803,1885949.0,raspberry_pi_seeed_gsr,"1885949,0.3803"
2026-05-31T15:36:52.525,test88,self_20260531_153611,clip_126,1,listen,,0.3811,1885970.0,raspberry_pi_seeed_gsr,"1885970,0.3811"
2026-05-31T15:36:52.545,test88,self_20260531_153611,clip_126,1,listen,,0.3811,1885991.0,raspberry_pi_seeed_gsr,"1885991,0.3811"
2026-05-31T15:36:52.566,test88,self_20260531_153611,clip_126,1,listen,,0.3787,1886012.0,raspberry_pi_seeed_gsr,"1886012,0.3787"
2026-05-31T15:36:52.588,test88,self_20260531_153611,clip_126,1,listen,,0.3811,1886033.0,raspberry_pi_seeed_gsr,"1886033,0.3811"
2026-05-31T15:36:52.609,test88,self_20260531_153611,clip_126,1,listen,,0.3747,1886054.0,raspberry_pi_seeed_gsr,"1886054,0.3747"
2026-05-31T15:36:52.630,test88,self_20260531_153611,clip_126,1,listen,,0.3747,1886075.0,raspberry_pi_seeed_gsr,"1886075,0.3747"
2026-05-31T15:36:52.651,test88,self_20260531_153611,clip_126,1,listen,,0.3755,1886096.0,raspberry_pi_seeed_gsr,"1886096,0.3755"
2026-05-31T15:36:52.671,test88,self_20260531_153611,clip_126,1,listen,,0.3715,1886117.0,raspberry_pi_seeed_gsr,"1886117,0.3715"
2026-05-31T15:36:52.693,test88,self_20260531_153611,clip_126,1,listen,,0.3699,1886138.0,raspberry_pi_seeed_gsr,"1886138,0.3699"
2026-05-31T15:36:52.717,test88,self_20260531_153611,clip_126,1,listen,,0.3715,1886159.0,raspberry_pi_seeed_gsr,"1886159,0.3715"
2026-05-31T15:36:52.735,test88,self_20260531_153611,clip_126,1,listen,,0.3707,1886180.0,raspberry_pi_seeed_gsr,"1886180,0.3707"
2026-05-31T15:36:52.756,test88,self_20260531_153611,clip_126,1,listen,,0.3699,1886201.0,raspberry_pi_seeed_gsr,"1886201,0.3699"
2026-05-31T15:36:52.776,test88,self_20260531_153611,clip_126,1,listen,,0.3699,1886222.0,raspberry_pi_seeed_gsr,"1886222,0.3699"
2026-05-31T15:36:52.797,test88,self_20260531_153611,clip_126,1,listen,,0.3691,1886243.0,raspberry_pi_seeed_gsr,"1886243,0.3691"
2026-05-31T15:36:52.819,test88,self_20260531_153611,clip_126,1,listen,,0.3642,1886264.0,raspberry_pi_seeed_gsr,"1886264,0.3642"
2026-05-31T15:36:52.840,test88,self_20260531_153611,clip_126,1,listen,,0.3674,1886285.0,raspberry_pi_seeed_gsr,"1886285,0.3674"
2026-05-31T15:36:52.860,test88,self_20260531_153611,clip_126,1,listen,,0.3554,1886306.0,raspberry_pi_seeed_gsr,"1886306,0.3554"
2026-05-31T15:36:52.882,test88,self_20260531_153611,clip_126,1,listen,,0.3771,1886327.0,raspberry_pi_seeed_gsr,"1886327,0.3771"
2026-05-31T15:36:52.903,test88,self_20260531_153611,clip_126,1,listen,,0.3691,1886348.0,raspberry_pi_seeed_gsr,"1886348,0.3691"
2026-05-31T15:36:52.924,test88,self_20260531_153611,clip_126,1,listen,,0.3691,1886369.0,raspberry_pi_seeed_gsr,"1886369,0.3691"
2026-05-31T15:36:52.945,test88,self_20260531_153611,clip_126,1,listen,,0.3626,1886390.0,raspberry_pi_seeed_gsr,"1886390,0.3626"
2026-05-31T15:36:52.989,test88,self_20260531_153611,clip_126,1,listen,,0.365,1886411.0,raspberry_pi_seeed_gsr,"1886411,0.3650"
2026-05-31T15:36:52.991,test88,self_20260531_153611,clip_126,1,listen,,0.3707,1886432.0,raspberry_pi_seeed_gsr,"1886432,0.3707"
2026-05-31T15:36:53.008,test88,self_20260531_153611,clip_126,1,listen,,0.3715,1886453.0,raspberry_pi_seeed_gsr,"1886453,0.3715"
2026-05-31T15:36:53.029,test88,self_20260531_153611,clip_126,1,listen,,0.3699,1886474.0,raspberry_pi_seeed_gsr,"1886474,0.3699"
2026-05-31T15:36:53.049,test88,self_20260531_153611,clip_126,1,listen,,0.3691,1886495.0,raspberry_pi_seeed_gsr,"1886495,0.3691"
2026-05-31T15:36:53.070,test88,self_20260531_153611,clip_126,1,listen,,0.3674,1886516.0,raspberry_pi_seeed_gsr,"1886516,0.3674"
2026-05-31T15:36:53.092,test88,self_20260531_153611,clip_126,1,listen,,0.3691,1886537.0,raspberry_pi_seeed_gsr,"1886537,0.3691"
2026-05-31T15:36:53.113,test88,self_20260531_153611,clip_126,1,listen,,0.3674,1886558.0,raspberry_pi_seeed_gsr,"1886558,0.3674"
2026-05-31T15:36:53.134,test88,self_20260531_153611,clip_126,1,listen,,0.3578,1886579.0,raspberry_pi_seeed_gsr,"1886579,0.3578"
2026-05-31T15:36:53.155,test88,self_20260531_153611,clip_126,1,listen,,0.3731,1886600.0,raspberry_pi_seeed_gsr,"1886600,0.3731"
2026-05-31T15:36:53.176,test88,self_20260531_153611,clip_126,1,listen,,0.3739,1886621.0,raspberry_pi_seeed_gsr,"1886621,0.3739"
2026-05-31T15:36:53.197,test88,self_20260531_153611,clip_126,1,listen,,0.3715,1886642.0,raspberry_pi_seeed_gsr,"1886642,0.3715"
2026-05-31T15:36:53.243,test88,self_20260531_153611,clip_126,1,listen,,0.3731,1886663.0,raspberry_pi_seeed_gsr,"1886663,0.3731"
2026-05-31T15:36:53.244,test88,self_20260531_153611,clip_126,1,listen,,0.3747,1886684.0,raspberry_pi_seeed_gsr,"1886684,0.3747"
2026-05-31T15:36:53.260,test88,self_20260531_153611,clip_126,1,listen,,0.3739,1886705.0,raspberry_pi_seeed_gsr,"1886705,0.3739"
2026-05-31T15:36:53.281,test88,self_20260531_153611,clip_126,1,listen,,0.3699,1886726.0,raspberry_pi_seeed_gsr,"1886726,0.3699"
2026-05-31T15:36:53.301,test88,self_20260531_153611,clip_126,1,listen,,0.3747,1886747.0,raspberry_pi_seeed_gsr,"1886747,0.3747"
2026-05-31T15:36:53.322,test88,self_20260531_153611,clip_126,1,listen,,0.3763,1886768.0,raspberry_pi_seeed_gsr,"1886768,0.3763"
2026-05-31T15:36:53.343,test88,self_20260531_153611,clip_126,1,listen,,0.3747,1886789.0,raspberry_pi_seeed_gsr,"1886789,0.3747"
2026-05-31T15:36:53.365,test88,self_20260531_153611,clip_126,1,listen,,0.3908,1886810.0,raspberry_pi_seeed_gsr,"1886810,0.3908"
2026-05-31T15:36:53.386,test88,self_20260531_153611,clip_126,1,listen,,0.3811,1886831.0,raspberry_pi_seeed_gsr,"1886831,0.3811"
2026-05-31T15:36:53.407,test88,self_20260531_153611,clip_126,1,listen,,0.3771,1886852.0,raspberry_pi_seeed_gsr,"1886852,0.3771"
2026-05-31T15:36:53.428,test88,self_20260531_153611,clip_126,1,listen,,0.3699,1886873.0,raspberry_pi_seeed_gsr,"1886873,0.3699"
2026-05-31T15:36:53.449,test88,self_20260531_153611,clip_126,1,listen,,0.3811,1886894.0,raspberry_pi_seeed_gsr,"1886894,0.3811"
2026-05-31T15:36:53.495,test88,self_20260531_153611,clip_126,1,listen,,0.3811,1886915.0,raspberry_pi_seeed_gsr,"1886915,0.3811"
2026-05-31T15:36:53.496,test88,self_20260531_153611,clip_126,1,listen,,0.3779,1886936.0,raspberry_pi_seeed_gsr,"1886936,0.3779"
2026-05-31T15:36:53.512,test88,self_20260531_153611,clip_126,1,listen,,0.3819,1886957.0,raspberry_pi_seeed_gsr,"1886957,0.3819"
2026-05-31T15:36:53.532,test88,self_20260531_153611,clip_126,1,listen,,0.3844,1886978.0,raspberry_pi_seeed_gsr,"1886978,0.3844"
2026-05-31T15:36:53.554,test88,self_20260531_153611,clip_126,1,listen,,0.3803,1886999.0,raspberry_pi_seeed_gsr,"1886999,0.3803"
2026-05-31T15:36:53.574,test88,self_20260531_153611,clip_126,1,listen,,0.3844,1887020.0,raspberry_pi_seeed_gsr,"1887020,0.3844"
2026-05-31T15:36:53.596,test88,self_20260531_153611,clip_126,1,listen,,0.3876,1887041.0,raspberry_pi_seeed_gsr,"1887041,0.3876"
2026-05-31T15:36:53.617,test88,self_20260531_153611,clip_126,1,listen,,0.386,1887062.0,raspberry_pi_seeed_gsr,"1887062,0.3860"
2026-05-31T15:36:53.637,test88,self_20260531_153611,clip_126,1,listen,,0.3884,1887083.0,raspberry_pi_seeed_gsr,"1887083,0.3884"
2026-05-31T15:36:53.659,test88,self_20260531_153611,clip_126,1,listen,,0.3884,1887104.0,raspberry_pi_seeed_gsr,"1887104,0.3884"
2026-05-31T15:36:53.679,test88,self_20260531_153611,clip_126,1,listen,,0.39,1887125.0,raspberry_pi_seeed_gsr,"1887125,0.3900"
2026-05-31T15:36:53.699,test88,self_20260531_153611,clip_126,1,listen,,0.39,1887145.0,raspberry_pi_seeed_gsr,"1887145,0.3900"
2026-05-31T15:36:53.719,test88,self_20260531_153611,clip_126,1,listen,,0.3948,1887165.0,raspberry_pi_seeed_gsr,"1887165,0.3948"
2026-05-31T15:36:53.751,test88,self_20260531_153611,clip_126,1,listen,,0.3932,1887186.0,raspberry_pi_seeed_gsr,"1887186,0.3932"
2026-05-31T15:36:53.761,test88,self_20260531_153611,clip_126,1,listen,,0.3932,1887207.0,raspberry_pi_seeed_gsr,"1887207,0.3932"
2026-05-31T15:36:53.782,test88,self_20260531_153611,clip_126,1,listen,,0.3916,1887228.0,raspberry_pi_seeed_gsr,"1887228,0.3916"
2026-05-31T15:36:53.804,test88,self_20260531_153611,clip_126,1,listen,,0.3948,1887249.0,raspberry_pi_seeed_gsr,"1887249,0.3948"
2026-05-31T15:36:53.824,test88,self_20260531_153611,clip_126,1,listen,,0.3997,1887270.0,raspberry_pi_seeed_gsr,"1887270,0.3997"
2026-05-31T15:36:53.845,test88,self_20260531_153611,clip_126,1,listen,,0.3916,1887291.0,raspberry_pi_seeed_gsr,"1887291,0.3916"
2026-05-31T15:36:53.867,test88,self_20260531_153611,clip_126,1,listen,,0.4037,1887312.0,raspberry_pi_seeed_gsr,"1887312,0.4037"
2026-05-31T15:36:53.888,test88,self_20260531_153611,clip_126,1,listen,,0.4029,1887333.0,raspberry_pi_seeed_gsr,"1887333,0.4029"
2026-05-31T15:36:53.909,test88,self_20260531_153611,clip_126,1,listen,,0.4045,1887354.0,raspberry_pi_seeed_gsr,"1887354,0.4045"
2026-05-31T15:36:53.930,test88,self_20260531_153611,clip_126,1,listen,,0.4069,1887375.0,raspberry_pi_seeed_gsr,"1887375,0.4069"
2026-05-31T15:36:53.951,test88,self_20260531_153611,clip_126,1,listen,,0.4077,1887396.0,raspberry_pi_seeed_gsr,"1887396,0.4077"
2026-05-31T15:36:53.972,test88,self_20260531_153611,clip_126,1,listen,,0.4069,1887417.0,raspberry_pi_seeed_gsr,"1887417,0.4069"
2026-05-31T15:36:54.018,test88,self_20260531_153611,clip_126,1,listen,,0.4118,1887438.0,raspberry_pi_seeed_gsr,"1887438,0.4118"
2026-05-31T15:36:54.020,test88,self_20260531_153611,clip_126,1,listen,,0.4109,1887459.0,raspberry_pi_seeed_gsr,"1887459,0.4109"
2026-05-31T15:36:54.035,test88,self_20260531_153611,clip_126,1,listen,,0.4093,1887480.0,raspberry_pi_seeed_gsr,"1887480,0.4093"
2026-05-31T15:36:54.056,test88,self_20260531_153611,clip_126,1,listen,,0.4101,1887501.0,raspberry_pi_seeed_gsr,"1887501,0.4101"
2026-05-31T15:36:54.077,test88,self_20260531_153611,clip_126,1,listen,,0.4118,1887522.0,raspberry_pi_seeed_gsr,"1887522,0.4118"
2026-05-31T15:36:54.098,test88,self_20260531_153611,clip_126,1,listen,,0.4109,1887543.0,raspberry_pi_seeed_gsr,"1887543,0.4109"
2026-05-31T15:36:54.118,test88,self_20260531_153611,clip_126,1,listen,,0.4118,1887564.0,raspberry_pi_seeed_gsr,"1887564,0.4118"
2026-05-31T15:36:54.140,test88,self_20260531_153611,clip_126,1,listen,,0.4118,1887585.0,raspberry_pi_seeed_gsr,"1887585,0.4118"
2026-05-31T15:36:54.161,test88,self_20260531_153611,clip_126,1,listen,,0.4118,1887606.0,raspberry_pi_seeed_gsr,"1887606,0.4118"
2026-05-31T15:36:54.182,test88,self_20260531_153611,clip_126,1,listen,,0.4118,1887627.0,raspberry_pi_seeed_gsr,"1887627,0.4118"
2026-05-31T15:36:54.203,test88,self_20260531_153611,clip_126,1,listen,,0.4118,1887648.0,raspberry_pi_seeed_gsr,"1887648,0.4118"
2026-05-31T15:36:54.224,test88,self_20260531_153611,clip_126,1,listen,,0.4118,1887669.0,raspberry_pi_seeed_gsr,"1887669,0.4118"
2026-05-31T15:36:54.245,test88,self_20260531_153611,clip_126,1,listen,,0.4118,1887690.0,raspberry_pi_seeed_gsr,"1887690,0.4118"
2026-05-31T15:36:54.289,test88,self_20260531_153611,clip_126,1,listen,,0.4118,1887711.0,raspberry_pi_seeed_gsr,"1887711,0.4118"
2026-05-31T15:36:54.290,test88,self_20260531_153611,clip_126,1,listen,,0.4118,1887732.0,raspberry_pi_seeed_gsr,"1887732,0.4118"
2026-05-31T15:36:54.308,test88,self_20260531_153611,clip_126,1,listen,,0.4118,1887753.0,raspberry_pi_seeed_gsr,"1887753,0.4118"
2026-05-31T15:36:54.329,test88,self_20260531_153611,clip_126,1,listen,,0.4134,1887774.0,raspberry_pi_seeed_gsr,"1887774,0.4134"
2026-05-31T15:36:54.350,test88,self_20260531_153611,clip_126,1,listen,,0.4118,1887795.0,raspberry_pi_seeed_gsr,"1887795,0.4118"
2026-05-31T15:36:54.371,test88,self_20260531_153611,clip_126,1,listen,,0.4126,1887816.0,raspberry_pi_seeed_gsr,"1887816,0.4126"
2026-05-31T15:36:54.392,test88,self_20260531_153611,clip_126,1,listen,,0.4118,1887837.0,raspberry_pi_seeed_gsr,"1887837,0.4118"
2026-05-31T15:36:54.413,test88,self_20260531_153611,clip_126,1,listen,,0.415,1887858.0,raspberry_pi_seeed_gsr,"1887858,0.4150"
2026-05-31T15:36:54.434,test88,self_20260531_153611,clip_126,1,listen,,0.4158,1887879.0,raspberry_pi_seeed_gsr,"1887879,0.4158"
2026-05-31T15:36:54.455,test88,self_20260531_153611,clip_126,1,listen,,0.415,1887900.0,raspberry_pi_seeed_gsr,"1887900,0.4150"
2026-05-31T15:36:54.476,test88,self_20260531_153611,clip_126,1,listen,,0.4191,1887921.0,raspberry_pi_seeed_gsr,"1887921,0.4191"
2026-05-31T15:36:54.497,test88,self_20260531_153611,clip_126,1,listen,,0.4142,1887942.0,raspberry_pi_seeed_gsr,"1887942,0.4142"
2026-05-31T15:36:54.543,test88,self_20260531_153611,clip_126,1,listen,,0.4166,1887963.0,raspberry_pi_seeed_gsr,"1887963,0.4166"
2026-05-31T15:36:54.544,test88,self_20260531_153611,clip_126,1,listen,,0.4158,1887984.0,raspberry_pi_seeed_gsr,"1887984,0.4158"
2026-05-31T15:36:54.560,test88,self_20260531_153611,clip_126,1,listen,,0.4158,1888005.0,raspberry_pi_seeed_gsr,"1888005,0.4158"
2026-05-31T15:36:54.581,test88,self_20260531_153611,clip_126,1,listen,,0.4174,1888026.0,raspberry_pi_seeed_gsr,"1888026,0.4174"
2026-05-31T15:36:54.603,test88,self_20260531_153611,clip_126,1,listen,,0.4231,1888047.0,raspberry_pi_seeed_gsr,"1888047,0.4231"
2026-05-31T15:36:54.623,test88,self_20260531_153611,clip_126,1,listen,,0.4174,1888068.0,raspberry_pi_seeed_gsr,"1888068,0.4174"
2026-05-31T15:36:54.644,test88,self_20260531_153611,clip_126,1,listen,,0.4191,1888089.0,raspberry_pi_seeed_gsr,"1888089,0.4191"
2026-05-31T15:36:54.665,test88,self_20260531_153611,clip_126,1,listen,,0.4199,1888110.0,raspberry_pi_seeed_gsr,"1888110,0.4199"
2026-05-31T15:36:54.685,test88,self_20260531_153611,clip_126,1,listen,,0.4199,1888131.0,raspberry_pi_seeed_gsr,"1888131,0.4199"
2026-05-31T15:36:54.706,test88,self_20260531_153611,clip_126,1,listen,,0.4134,1888152.0,raspberry_pi_seeed_gsr,"1888152,0.4134"
2026-05-31T15:36:54.728,test88,self_20260531_153611,clip_126,1,listen,,0.4223,1888173.0,raspberry_pi_seeed_gsr,"1888173,0.4223"
2026-05-31T15:36:54.749,test88,self_20260531_153611,clip_126,1,listen,,0.4207,1888194.0,raspberry_pi_seeed_gsr,"1888194,0.4207"
2026-05-31T15:36:54.770,test88,self_20260531_153611,clip_126,1,listen,,0.4174,1888215.0,raspberry_pi_seeed_gsr,"1888215,0.4174"
2026-05-31T15:36:54.837,test88,self_20260531_153611,clip_126,1,listen,,0.4223,1888236.0,raspberry_pi_seeed_gsr,"1888236,0.4223"
2026-05-31T15:36:54.837,test88,self_20260531_153611,clip_126,1,listen,,0.4247,1888257.0,raspberry_pi_seeed_gsr,"1888257,0.4247"
2026-05-31T15:36:54.838,test88,self_20260531_153611,clip_126,1,listen,,0.4223,1888278.0,raspberry_pi_seeed_gsr,"1888278,0.4223"
2026-05-31T15:36:54.854,test88,self_20260531_153611,clip_126,1,listen,,0.4255,1888299.0,raspberry_pi_seeed_gsr,"1888299,0.4255"
2026-05-31T15:36:54.875,test88,self_20260531_153611,clip_126,1,listen,,0.4231,1888320.0,raspberry_pi_seeed_gsr,"1888320,0.4231"
2026-05-31T15:36:54.896,test88,self_20260531_153611,clip_126,1,listen,,0.4239,1888341.0,raspberry_pi_seeed_gsr,"1888341,0.4239"
2026-05-31T15:36:54.917,test88,self_20260531_153611,clip_126,1,listen,,0.4247,1888362.0,raspberry_pi_seeed_gsr,"1888362,0.4247"
2026-05-31T15:36:54.938,test88,self_20260531_153611,clip_126,1,listen,,0.4255,1888383.0,raspberry_pi_seeed_gsr,"1888383,0.4255"
2026-05-31T15:36:54.959,test88,self_20260531_153611,clip_126,1,listen,,0.4255,1888404.0,raspberry_pi_seeed_gsr,"1888404,0.4255"
2026-05-31T15:36:54.980,test88,self_20260531_153611,clip_126,1,listen,,0.4255,1888425.0,raspberry_pi_seeed_gsr,"1888425,0.4255"
2026-05-31T15:36:55.001,test88,self_20260531_153611,clip_126,1,listen,,0.4263,1888446.0,raspberry_pi_seeed_gsr,"1888446,0.4263"
2026-05-31T15:36:55.021,test88,self_20260531_153611,clip_126,1,listen,,0.4271,1888467.0,raspberry_pi_seeed_gsr,"1888467,0.4271"
2026-05-31T15:36:55.052,test88,self_20260531_153611,clip_126,1,listen,,0.4279,1888488.0,raspberry_pi_seeed_gsr,"1888488,0.4279"
2026-05-31T15:36:55.063,test88,self_20260531_153611,clip_126,1,listen,,0.4223,1888509.0,raspberry_pi_seeed_gsr,"1888509,0.4223"
2026-05-31T15:36:55.084,test88,self_20260531_153611,clip_126,1,listen,,0.4263,1888530.0,raspberry_pi_seeed_gsr,"1888530,0.4263"
2026-05-31T15:36:55.106,test88,self_20260531_153611,clip_126,1,listen,,0.4287,1888551.0,raspberry_pi_seeed_gsr,"1888551,0.4287"
2026-05-31T15:36:55.127,test88,self_20260531_153611,clip_126,1,listen,,0.4287,1888572.0,raspberry_pi_seeed_gsr,"1888572,0.4287"
2026-05-31T15:36:55.148,test88,self_20260531_153611,clip_126,1,listen,,0.4303,1888593.0,raspberry_pi_seeed_gsr,"1888593,0.4303"
2026-05-31T15:36:55.169,test88,self_20260531_153611,clip_126,1,listen,,0.4279,1888614.0,raspberry_pi_seeed_gsr,"1888614,0.4279"
2026-05-31T15:36:55.190,test88,self_20260531_153611,clip_126,1,listen,,0.4319,1888635.0,raspberry_pi_seeed_gsr,"1888635,0.4319"
2026-05-31T15:36:55.211,test88,self_20260531_153611,clip_126,1,listen,,0.4336,1888656.0,raspberry_pi_seeed_gsr,"1888656,0.4336"
2026-05-31T15:36:55.232,test88,self_20260531_153611,clip_126,1,listen,,0.4319,1888677.0,raspberry_pi_seeed_gsr,"1888677,0.4319"
2026-05-31T15:36:55.253,test88,self_20260531_153611,clip_126,1,listen,,0.4327,1888698.0,raspberry_pi_seeed_gsr,"1888698,0.4327"
2026-05-31T15:36:55.274,test88,self_20260531_153611,clip_126,1,listen,,0.4239,1888719.0,raspberry_pi_seeed_gsr,"1888719,0.4239"
2026-05-31T15:36:55.306,test88,self_20260531_153611,clip_126,1,listen,,0.4327,1888740.0,raspberry_pi_seeed_gsr,"1888740,0.4327"
2026-05-31T15:36:55.316,test88,self_20260531_153611,clip_126,1,listen,,0.4303,1888761.0,raspberry_pi_seeed_gsr,"1888761,0.4303"
2026-05-31T15:36:55.337,test88,self_20260531_153611,clip_126,1,listen,,0.4303,1888782.0,raspberry_pi_seeed_gsr,"1888782,0.4303"
2026-05-31T15:36:55.358,test88,self_20260531_153611,clip_126,1,listen,,0.4303,1888803.0,raspberry_pi_seeed_gsr,"1888803,0.4303"
2026-05-31T15:36:55.379,test88,self_20260531_153611,clip_126,1,listen,,0.4319,1888824.0,raspberry_pi_seeed_gsr,"1888824,0.4319"
2026-05-31T15:36:55.400,test88,self_20260531_153611,clip_126,1,listen,,0.4303,1888845.0,raspberry_pi_seeed_gsr,"1888845,0.4303"
2026-05-31T15:36:55.421,test88,self_20260531_153611,clip_126,1,listen,,0.4336,1888866.0,raspberry_pi_seeed_gsr,"1888866,0.4336"
2026-05-31T15:36:55.442,test88,self_20260531_153611,clip_126,1,listen,,0.4368,1888887.0,raspberry_pi_seeed_gsr,"1888887,0.4368"
2026-05-31T15:36:55.463,test88,self_20260531_153611,clip_126,1,listen,,0.4319,1888908.0,raspberry_pi_seeed_gsr,"1888908,0.4319"
2026-05-31T15:36:55.484,test88,self_20260531_153611,clip_126,1,listen,,0.4344,1888929.0,raspberry_pi_seeed_gsr,"1888929,0.4344"
2026-05-31T15:36:55.505,test88,self_20260531_153611,clip_126,1,listen,,0.4344,1888950.0,raspberry_pi_seeed_gsr,"1888950,0.4344"
2026-05-31T15:36:55.526,test88,self_20260531_153611,clip_126,1,listen,,0.4344,1888971.0,raspberry_pi_seeed_gsr,"1888971,0.4344"
2026-05-31T15:36:55.564,test88,self_20260531_153611,clip_126,1,listen,,0.4344,1888992.0,raspberry_pi_seeed_gsr,"1888992,0.4344"
2026-05-31T15:36:55.568,test88,self_20260531_153611,clip_126,1,listen,,0.4327,1889013.0,raspberry_pi_seeed_gsr,"1889013,0.4327"
2026-05-31T15:36:55.589,test88,self_20260531_153611,clip_126,1,listen,,0.436,1889034.0,raspberry_pi_seeed_gsr,"1889034,0.4360"
2026-05-31T15:36:55.610,test88,self_20260531_153611,clip_126,1,listen,,0.4376,1889055.0,raspberry_pi_seeed_gsr,"1889055,0.4376"
2026-05-31T15:36:55.631,test88,self_20260531_153611,clip_126,1,listen,,0.436,1889076.0,raspberry_pi_seeed_gsr,"1889076,0.4360"
2026-05-31T15:36:55.652,test88,self_20260531_153611,clip_126,1,listen,,0.4352,1889097.0,raspberry_pi_seeed_gsr,"1889097,0.4352"
2026-05-31T15:36:55.673,test88,self_20260531_153611,clip_126,1,listen,,0.436,1889118.0,raspberry_pi_seeed_gsr,"1889118,0.4360"
2026-05-31T15:36:55.694,test88,self_20260531_153611,clip_126,1,listen,,0.4352,1889139.0,raspberry_pi_seeed_gsr,"1889139,0.4352"
2026-05-31T15:36:55.715,test88,self_20260531_153611,clip_126,1,listen,,0.4344,1889160.0,raspberry_pi_seeed_gsr,"1889160,0.4344"
2026-05-31T15:36:55.736,test88,self_20260531_153611,clip_126,1,listen,,0.4392,1889181.0,raspberry_pi_seeed_gsr,"1889181,0.4392"
2026-05-31T15:36:55.757,test88,self_20260531_153611,clip_126,1,listen,,0.4481,1889202.0,raspberry_pi_seeed_gsr,"1889202,0.4481"
2026-05-31T15:36:55.777,test88,self_20260531_153611,clip_126,1,listen,,0.4384,1889223.0,raspberry_pi_seeed_gsr,"1889223,0.4384"
2026-05-31T15:36:55.801,test88,self_20260531_153611,clip_126,1,listen,,0.44,1889244.0,raspberry_pi_seeed_gsr,"1889244,0.4400"
2026-05-31T15:36:55.818,test88,self_20260531_153611,clip_126,1,listen,,0.4384,1889264.0,raspberry_pi_seeed_gsr,"1889264,0.4384"
2026-05-31T15:36:55.840,test88,self_20260531_153611,clip_126,1,listen,,0.4336,1889285.0,raspberry_pi_seeed_gsr,"1889285,0.4336"
2026-05-31T15:36:55.861,test88,self_20260531_153611,clip_126,1,listen,,0.4368,1889306.0,raspberry_pi_seeed_gsr,"1889306,0.4368"
2026-05-31T15:36:55.882,test88,self_20260531_153611,clip_126,1,listen,,0.4432,1889327.0,raspberry_pi_seeed_gsr,"1889327,0.4432"
2026-05-31T15:36:55.902,test88,self_20260531_153611,clip_126,1,listen,,0.44,1889348.0,raspberry_pi_seeed_gsr,"1889348,0.4400"
2026-05-31T15:36:55.923,test88,self_20260531_153611,clip_126,1,listen,,0.4464,1889368.0,raspberry_pi_seeed_gsr,"1889368,0.4464"
2026-05-31T15:36:55.944,test88,self_20260531_153611,clip_126,1,listen,,0.4424,1889389.0,raspberry_pi_seeed_gsr,"1889389,0.4424"
2026-05-31T15:36:55.965,test88,self_20260531_153611,clip_126,1,listen,,0.4416,1889410.0,raspberry_pi_seeed_gsr,"1889410,0.4416"
2026-05-31T15:36:55.986,test88,self_20260531_153611,clip_126,1,listen,,0.4416,1889431.0,raspberry_pi_seeed_gsr,"1889431,0.4416"
2026-05-31T15:36:56.007,test88,self_20260531_153611,clip_126,1,listen,,0.4344,1889452.0,raspberry_pi_seeed_gsr,"1889452,0.4344"
2026-05-31T15:36:56.028,test88,self_20260531_153611,clip_126,1,listen,,0.4432,1889473.0,raspberry_pi_seeed_gsr,"1889473,0.4432"
2026-05-31T15:36:56.075,test88,self_20260531_153611,clip_126,1,listen,,0.44,1889494.0,raspberry_pi_seeed_gsr,"1889494,0.4400"
2026-05-31T15:36:56.076,test88,self_20260531_153611,clip_126,1,listen,,0.4424,1889514.0,raspberry_pi_seeed_gsr,"1889514,0.4424"
2026-05-31T15:36:56.089,test88,self_20260531_153611,clip_126,1,listen,,0.4424,1889535.0,raspberry_pi_seeed_gsr,"1889535,0.4424"
2026-05-31T15:36:56.111,test88,self_20260531_153611,clip_126,1,listen,,0.4448,1889556.0,raspberry_pi_seeed_gsr,"1889556,0.4448"
2026-05-31T15:36:56.132,test88,self_20260531_153611,clip_126,1,listen,,0.444,1889577.0,raspberry_pi_seeed_gsr,"1889577,0.4440"
2026-05-31T15:36:56.153,test88,self_20260531_153611,clip_126,1,listen,,0.4432,1889598.0,raspberry_pi_seeed_gsr,"1889598,0.4432"
2026-05-31T15:36:56.174,test88,self_20260531_153611,clip_126,1,listen,,0.4432,1889619.0,raspberry_pi_seeed_gsr,"1889619,0.4432"
2026-05-31T15:36:56.195,test88,self_20260531_153611,clip_126,1,listen,,0.4464,1889640.0,raspberry_pi_seeed_gsr,"1889640,0.4464"
2026-05-31T15:36:56.216,test88,self_20260531_153611,clip_126,1,listen,,0.4416,1889661.0,raspberry_pi_seeed_gsr,"1889661,0.4416"
2026-05-31T15:36:56.237,test88,self_20260531_153611,clip_126,1,listen,,0.4392,1889682.0,raspberry_pi_seeed_gsr,"1889682,0.4392"
2026-05-31T15:36:56.258,test88,self_20260531_153611,clip_126,1,listen,,0.4416,1889703.0,raspberry_pi_seeed_gsr,"1889703,0.4416"
2026-05-31T15:36:56.279,test88,self_20260531_153611,clip_126,1,listen,,0.4376,1889724.0,raspberry_pi_seeed_gsr,"1889724,0.4376"
2026-05-31T15:36:56.324,test88,self_20260531_153611,clip_126,1,listen,,0.4432,1889745.0,raspberry_pi_seeed_gsr,"1889745,0.4432"
2026-05-31T15:36:56.325,test88,self_20260531_153611,clip_126,1,listen,,0.4432,1889766.0,raspberry_pi_seeed_gsr,"1889766,0.4432"
2026-05-31T15:36:56.342,test88,self_20260531_153611,clip_126,1,listen,,0.4416,1889787.0,raspberry_pi_seeed_gsr,"1889787,0.4416"
2026-05-31T15:36:56.363,test88,self_20260531_153611,clip_126,1,listen,,0.4408,1889808.0,raspberry_pi_seeed_gsr,"1889808,0.4408"
2026-05-31T15:36:56.384,test88,self_20260531_153611,clip_126,1,listen,,0.444,1889829.0,raspberry_pi_seeed_gsr,"1889829,0.4440"
2026-05-31T15:36:56.405,test88,self_20260531_153611,clip_126,1,listen,,0.4416,1889850.0,raspberry_pi_seeed_gsr,"1889850,0.4416"
2026-05-31T15:36:56.426,test88,self_20260531_153611,clip_126,1,listen,,0.4432,1889871.0,raspberry_pi_seeed_gsr,"1889871,0.4432"
2026-05-31T15:36:56.447,test88,self_20260531_153611,clip_126,1,listen,,0.4416,1889892.0,raspberry_pi_seeed_gsr,"1889892,0.4416"
2026-05-31T15:36:56.468,test88,self_20260531_153611,clip_126,1,listen,,0.44,1889913.0,raspberry_pi_seeed_gsr,"1889913,0.4400"
2026-05-31T15:36:56.488,test88,self_20260531_153611,clip_126,1,listen,,0.4392,1889933.0,raspberry_pi_seeed_gsr,"1889933,0.4392"
2026-05-31T15:36:56.508,test88,self_20260531_153611,clip_126,1,listen,,0.44,1889953.0,raspberry_pi_seeed_gsr,"1889953,0.4400"
2026-05-31T15:36:56.528,test88,self_20260531_153611,clip_126,1,listen,,0.4424,1889973.0,raspberry_pi_seeed_gsr,"1889973,0.4424"
2026-05-31T15:36:56.549,test88,self_20260531_153611,clip_126,1,listen,,0.4384,1889994.0,raspberry_pi_seeed_gsr,"1889994,0.4384"
2026-05-31T15:36:56.596,test88,self_20260531_153611,clip_126,1,listen,,0.4416,1890015.0,raspberry_pi_seeed_gsr,"1890015,0.4416"
2026-05-31T15:36:56.597,test88,self_20260531_153611,clip_126,1,listen,,0.4416,1890036.0,raspberry_pi_seeed_gsr,"1890036,0.4416"
2026-05-31T15:36:56.612,test88,self_20260531_153611,clip_126,1,listen,,0.4424,1890057.0,raspberry_pi_seeed_gsr,"1890057,0.4424"
2026-05-31T15:36:56.633,test88,self_20260531_153611,clip_126,1,listen,,0.4384,1890078.0,raspberry_pi_seeed_gsr,"1890078,0.4384"
2026-05-31T15:36:56.654,test88,self_20260531_153611,clip_126,1,listen,,0.4489,1890099.0,raspberry_pi_seeed_gsr,"1890099,0.4489"
2026-05-31T15:36:56.675,test88,self_20260531_153611,clip_126,1,listen,,0.4408,1890120.0,raspberry_pi_seeed_gsr,"1890120,0.4408"
2026-05-31T15:36:56.695,test88,self_20260531_153611,clip_126,1,listen,,0.44,1890141.0,raspberry_pi_seeed_gsr,"1890141,0.4400"
2026-05-31T15:36:56.716,test88,self_20260531_153611,clip_126,1,listen,,0.4416,1890161.0,raspberry_pi_seeed_gsr,"1890161,0.4416"
2026-05-31T15:36:56.737,test88,self_20260531_153611,clip_126,1,listen,,0.4416,1890182.0,raspberry_pi_seeed_gsr,"1890182,0.4416"
2026-05-31T15:36:56.758,test88,self_20260531_153611,clip_126,1,listen,,0.4408,1890203.0,raspberry_pi_seeed_gsr,"1890203,0.4408"
2026-05-31T15:36:56.779,test88,self_20260531_153611,clip_126,1,listen,,0.4416,1890224.0,raspberry_pi_seeed_gsr,"1890224,0.4416"
2026-05-31T15:36:56.799,test88,self_20260531_153611,clip_126,1,listen,,0.44,1890245.0,raspberry_pi_seeed_gsr,"1890245,0.4400"
2026-05-31T15:36:56.822,test88,self_20260531_153611,clip_126,1,listen,,0.4489,1890265.0,raspberry_pi_seeed_gsr,"1890265,0.4489"
2026-05-31T15:36:56.840,test88,self_20260531_153611,clip_126,1,listen,,0.44,1890286.0,raspberry_pi_seeed_gsr,"1890286,0.4400"
2026-05-31T15:36:56.861,test88,self_20260531_153611,clip_126,1,listen,,0.4408,1890306.0,raspberry_pi_seeed_gsr,"1890306,0.4408"
2026-05-31T15:36:56.882,test88,self_20260531_153611,clip_126,1,listen,,0.4392,1890327.0,raspberry_pi_seeed_gsr,"1890327,0.4392"
2026-05-31T15:36:56.903,test88,self_20260531_153611,clip_126,1,listen,,0.4416,1890348.0,raspberry_pi_seeed_gsr,"1890348,0.4416"
2026-05-31T15:36:56.924,test88,self_20260531_153611,clip_126,1,listen,,0.4432,1890369.0,raspberry_pi_seeed_gsr,"1890369,0.4432"
2026-05-31T15:36:56.945,test88,self_20260531_153611,clip_126,1,listen,,0.4424,1890390.0,raspberry_pi_seeed_gsr,"1890390,0.4424"
2026-05-31T15:36:56.966,test88,self_20260531_153611,clip_126,1,listen,,0.444,1890411.0,raspberry_pi_seeed_gsr,"1890411,0.4440"
2026-05-31T15:36:56.987,test88,self_20260531_153611,clip_126,1,listen,,0.4392,1890432.0,raspberry_pi_seeed_gsr,"1890432,0.4392"
2026-05-31T15:36:57.008,test88,self_20260531_153611,clip_126,1,listen,,0.4416,1890453.0,raspberry_pi_seeed_gsr,"1890453,0.4416"
2026-05-31T15:36:57.029,test88,self_20260531_153611,clip_126,1,listen,,0.4408,1890474.0,raspberry_pi_seeed_gsr,"1890474,0.4408"
2026-05-31T15:36:57.050,test88,self_20260531_153611,clip_126,1,listen,,0.4408,1890495.0,raspberry_pi_seeed_gsr,"1890495,0.4408"
2026-05-31T15:36:57.096,test88,self_20260531_153611,clip_126,1,listen,,0.4376,1890516.0,raspberry_pi_seeed_gsr,"1890516,0.4376"
2026-05-31T15:36:57.097,test88,self_20260531_153611,clip_126,1,listen,,0.44,1890537.0,raspberry_pi_seeed_gsr,"1890537,0.4400"
2026-05-31T15:36:57.111,test88,self_20260531_153611,clip_126,1,listen,,0.44,1890557.0,raspberry_pi_seeed_gsr,"1890557,0.4400"
2026-05-31T15:36:57.132,test88,self_20260531_153611,clip_126,1,listen,,0.4408,1890577.0,raspberry_pi_seeed_gsr,"1890577,0.4408"
2026-05-31T15:36:57.153,test88,self_20260531_153611,clip_126,1,listen,,0.4408,1890598.0,raspberry_pi_seeed_gsr,"1890598,0.4408"
2026-05-31T15:36:57.174,test88,self_20260531_153611,clip_126,1,listen,,0.4408,1890619.0,raspberry_pi_seeed_gsr,"1890619,0.4408"
2026-05-31T15:36:57.195,test88,self_20260531_153611,clip_126,1,listen,,0.4416,1890640.0,raspberry_pi_seeed_gsr,"1890640,0.4416"
2026-05-31T15:36:57.216,test88,self_20260531_153611,clip_126,1,listen,,0.4424,1890661.0,raspberry_pi_seeed_gsr,"1890661,0.4424"
2026-05-31T15:36:57.237,test88,self_20260531_153611,clip_126,1,listen,,0.4408,1890682.0,raspberry_pi_seeed_gsr,"1890682,0.4408"
2026-05-31T15:36:57.258,test88,self_20260531_153611,clip_126,1,listen,,0.4424,1890703.0,raspberry_pi_seeed_gsr,"1890703,0.4424"
2026-05-31T15:36:57.280,test88,self_20260531_153611,clip_126,1,listen,,0.4408,1890724.0,raspberry_pi_seeed_gsr,"1890724,0.4408"
2026-05-31T15:36:57.300,test88,self_20260531_153611,clip_126,1,listen,,0.44,1890745.0,raspberry_pi_seeed_gsr,"1890745,0.4400"
2026-05-31T15:36:57.345,test88,self_20260531_153611,clip_126,1,listen,,0.44,1890765.0,raspberry_pi_seeed_gsr,"1890765,0.4400"
2026-05-31T15:36:57.346,test88,self_20260531_153611,clip_126,1,listen,,0.44,1890785.0,raspberry_pi_seeed_gsr,"1890785,0.4400"
2026-05-31T15:36:57.359,test88,self_20260531_153611,clip_126,1,listen,,0.44,1890805.0,raspberry_pi_seeed_gsr,"1890805,0.4400"
2026-05-31T15:36:57.380,test88,self_20260531_153611,clip_126,1,listen,,0.4408,1890825.0,raspberry_pi_seeed_gsr,"1890825,0.4408"
2026-05-31T15:36:57.401,test88,self_20260531_153611,clip_126,1,listen,,0.4416,1890846.0,raspberry_pi_seeed_gsr,"1890846,0.4416"
2026-05-31T15:36:57.422,test88,self_20260531_153611,clip_126,1,listen,,0.4408,1890867.0,raspberry_pi_seeed_gsr,"1890867,0.4408"
2026-05-31T15:36:57.443,test88,self_20260531_153611,clip_126,1,listen,,0.4424,1890888.0,raspberry_pi_seeed_gsr,"1890888,0.4424"
2026-05-31T15:36:57.464,test88,self_20260531_153611,clip_126,1,listen,,0.4408,1890909.0,raspberry_pi_seeed_gsr,"1890909,0.4408"
2026-05-31T15:36:57.485,test88,self_20260531_153611,clip_126,1,listen,,0.4408,1890930.0,raspberry_pi_seeed_gsr,"1890930,0.4408"
2026-05-31T15:36:57.506,test88,self_20260531_153611,clip_126,1,listen,,0.4456,1890951.0,raspberry_pi_seeed_gsr,"1890951,0.4456"
2026-05-31T15:36:57.527,test88,self_20260531_153611,clip_126,1,listen,,0.4464,1890972.0,raspberry_pi_seeed_gsr,"1890972,0.4464"
2026-05-31T15:36:57.548,test88,self_20260531_153611,clip_126,1,listen,,0.4416,1890993.0,raspberry_pi_seeed_gsr,"1890993,0.4416"
2026-05-31T15:36:57.569,test88,self_20260531_153611,clip_126,1,listen,,0.4408,1891014.0,raspberry_pi_seeed_gsr,"1891014,0.4408"
2026-05-31T15:36:57.615,test88,self_20260531_153611,clip_126,1,listen,,0.4408,1891035.0,raspberry_pi_seeed_gsr,"1891035,0.4408"
2026-05-31T15:36:57.616,test88,self_20260531_153611,clip_126,1,listen,,0.4448,1891056.0,raspberry_pi_seeed_gsr,"1891056,0.4448"
2026-05-31T15:36:57.632,test88,self_20260531_153611,clip_126,1,listen,,0.4408,1891077.0,raspberry_pi_seeed_gsr,"1891077,0.4408"
2026-05-31T15:36:57.653,test88,self_20260531_153611,clip_126,1,listen,,0.4416,1891098.0,raspberry_pi_seeed_gsr,"1891098,0.4416"
2026-05-31T15:36:57.674,test88,self_20260531_153611,clip_126,1,listen,,0.4424,1891119.0,raspberry_pi_seeed_gsr,"1891119,0.4424"
2026-05-31T15:36:57.694,test88,self_20260531_153611,clip_126,1,listen,,0.44,1891140.0,raspberry_pi_seeed_gsr,"1891140,0.4400"
2026-05-31T15:36:57.715,test88,self_20260531_153611,clip_126,1,listen,,0.4424,1891160.0,raspberry_pi_seeed_gsr,"1891160,0.4424"
2026-05-31T15:36:57.736,test88,self_20260531_153611,clip_126,1,listen,,0.4424,1891181.0,raspberry_pi_seeed_gsr,"1891181,0.4424"
2026-05-31T15:36:57.757,test88,self_20260531_153611,clip_126,1,listen,,0.4456,1891202.0,raspberry_pi_seeed_gsr,"1891202,0.4456"
2026-05-31T15:36:57.778,test88,self_20260531_153611,clip_126,1,listen,,0.4416,1891223.0,raspberry_pi_seeed_gsr,"1891223,0.4416"
2026-05-31T15:36:57.799,test88,self_20260531_153611,clip_126,1,listen,,0.4464,1891244.0,raspberry_pi_seeed_gsr,"1891244,0.4464"
2026-05-31T15:36:57.820,test88,self_20260531_153611,clip_126,1,listen,,0.4416,1891265.0,raspberry_pi_seeed_gsr,"1891265,0.4416"
2026-05-31T15:36:57.841,test88,self_20260531_153611,clip_126,1,listen,,0.4424,1891286.0,raspberry_pi_seeed_gsr,"1891286,0.4424"
2026-05-31T15:36:57.863,test88,self_20260531_153611,clip_126,1,listen,,0.4448,1891307.0,raspberry_pi_seeed_gsr,"1891307,0.4448"
2026-05-31T15:36:57.883,test88,self_20260531_153611,clip_126,1,listen,,0.4448,1891328.0,raspberry_pi_seeed_gsr,"1891328,0.4448"
2026-05-31T15:36:57.904,test88,self_20260531_153611,clip_126,1,listen,,0.4456,1891349.0,raspberry_pi_seeed_gsr,"1891349,0.4456"
2026-05-31T15:36:57.925,test88,self_20260531_153611,clip_126,1,listen,,0.4384,1891370.0,raspberry_pi_seeed_gsr,"1891370,0.4384"
2026-05-31T15:36:57.946,test88,self_20260531_153611,clip_126,1,listen,,0.4424,1891391.0,raspberry_pi_seeed_gsr,"1891391,0.4424"
2026-05-31T15:36:57.967,test88,self_20260531_153611,clip_126,1,listen,,0.4448,1891412.0,raspberry_pi_seeed_gsr,"1891412,0.4448"
2026-05-31T15:36:57.988,test88,self_20260531_153611,clip_126,1,listen,,0.4416,1891433.0,raspberry_pi_seeed_gsr,"1891433,0.4416"
2026-05-31T15:36:58.009,test88,self_20260531_153611,clip_126,1,listen,,0.4336,1891454.0,raspberry_pi_seeed_gsr,"1891454,0.4336"
2026-05-31T15:36:58.030,test88,self_20260531_153611,clip_126,1,listen,,0.4448,1891475.0,raspberry_pi_seeed_gsr,"1891475,0.4448"
2026-05-31T15:36:58.051,test88,self_20260531_153611,clip_126,1,listen,,0.4456,1891496.0,raspberry_pi_seeed_gsr,"1891496,0.4456"
2026-05-31T15:36:58.072,test88,self_20260531_153611,clip_126,1,listen,,0.4432,1891517.0,raspberry_pi_seeed_gsr,"1891517,0.4432"
2026-05-31T15:36:58.093,test88,self_20260531_153611,clip_126,1,listen,,0.4432,1891538.0,raspberry_pi_seeed_gsr,"1891538,0.4432"
2026-05-31T15:36:58.140,test88,self_20260531_153611,clip_126,1,listen,,0.4432,1891559.0,raspberry_pi_seeed_gsr,"1891559,0.4432"
2026-05-31T15:36:58.141,test88,self_20260531_153611,clip_126,1,listen,,0.4448,1891580.0,raspberry_pi_seeed_gsr,"1891580,0.4448"
2026-05-31T15:36:58.156,test88,self_20260531_153611,clip_126,1,listen,,0.4464,1891601.0,raspberry_pi_seeed_gsr,"1891601,0.4464"
2026-05-31T15:36:58.177,test88,self_20260531_153611,clip_126,1,listen,,0.4456,1891622.0,raspberry_pi_seeed_gsr,"1891622,0.4456"
2026-05-31T15:36:58.198,test88,self_20260531_153611,clip_126,1,listen,,0.4464,1891643.0,raspberry_pi_seeed_gsr,"1891643,0.4464"
2026-05-31T15:36:58.219,test88,self_20260531_153611,clip_126,1,listen,,0.4448,1891664.0,raspberry_pi_seeed_gsr,"1891664,0.4448"
2026-05-31T15:36:58.240,test88,self_20260531_153611,clip_126,1,listen,,0.4432,1891685.0,raspberry_pi_seeed_gsr,"1891685,0.4432"
2026-05-31T15:36:58.261,test88,self_20260531_153611,clip_126,1,listen,,0.4545,1891706.0,raspberry_pi_seeed_gsr,"1891706,0.4545"
2026-05-31T15:36:58.282,test88,self_20260531_153611,clip_126,1,listen,,0.4497,1891727.0,raspberry_pi_seeed_gsr,"1891727,0.4497"
2026-05-31T15:36:58.303,test88,self_20260531_153611,clip_126,1,listen,,0.4464,1891748.0,raspberry_pi_seeed_gsr,"1891748,0.4464"
2026-05-31T15:36:58.324,test88,self_20260531_153611,clip_126,1,listen,,0.4481,1891769.0,raspberry_pi_seeed_gsr,"1891769,0.4481"
2026-05-31T15:36:58.345,test88,self_20260531_153611,clip_126,1,listen,,0.4344,1891790.0,raspberry_pi_seeed_gsr,"1891790,0.4344"
2026-05-31T15:36:58.391,test88,self_20260531_153611,clip_126,1,listen,,0.436,1891811.0,raspberry_pi_seeed_gsr,"1891811,0.4360"
2026-05-31T15:36:58.392,test88,self_20260531_153611,clip_126,1,listen,,0.4481,1891832.0,raspberry_pi_seeed_gsr,"1891832,0.4481"
2026-05-31T15:36:58.408,test88,self_20260531_153611,clip_126,1,listen,,0.4456,1891853.0,raspberry_pi_seeed_gsr,"1891853,0.4456"
2026-05-31T15:36:58.429,test88,self_20260531_153611,clip_126,1,listen,,0.4473,1891874.0,raspberry_pi_seeed_gsr,"1891874,0.4473"
2026-05-31T15:36:58.450,test88,self_20260531_153611,clip_126,1,listen,,0.4481,1891895.0,raspberry_pi_seeed_gsr,"1891895,0.4481"
2026-05-31T15:36:58.471,test88,self_20260531_153611,clip_126,1,listen,,0.4432,1891916.0,raspberry_pi_seeed_gsr,"1891916,0.4432"
2026-05-31T15:36:58.492,test88,self_20260531_153611,clip_126,1,listen,,0.4473,1891937.0,raspberry_pi_seeed_gsr,"1891937,0.4473"
2026-05-31T15:36:58.512,test88,self_20260531_153611,clip_126,1,listen,,0.44,1891958.0,raspberry_pi_seeed_gsr,"1891958,0.4400"
2026-05-31T15:36:58.533,test88,self_20260531_153611,clip_126,1,listen,,0.4481,1891978.0,raspberry_pi_seeed_gsr,"1891978,0.4481"
2026-05-31T15:36:58.554,test88,self_20260531_153611,clip_126,1,listen,,0.4481,1891999.0,raspberry_pi_seeed_gsr,"1891999,0.4481"
2026-05-31T15:36:58.575,test88,self_20260531_153611,clip_126,1,listen,,0.4529,1892020.0,raspberry_pi_seeed_gsr,"1892020,0.4529"
2026-05-31T15:36:58.596,test88,self_20260531_153611,clip_126,1,listen,,0.4481,1892041.0,raspberry_pi_seeed_gsr,"1892041,0.4481"
2026-05-31T15:36:58.639,test88,self_20260531_153611,clip_126,1,listen,,0.4481,1892062.0,raspberry_pi_seeed_gsr,"1892062,0.4481"
2026-05-31T15:36:58.640,test88,self_20260531_153611,clip_126,1,listen,,0.4456,1892083.0,raspberry_pi_seeed_gsr,"1892083,0.4456"
2026-05-31T15:36:58.659,test88,self_20260531_153611,clip_126,1,listen,,0.4424,1892104.0,raspberry_pi_seeed_gsr,"1892104,0.4424"
2026-05-31T15:36:58.680,test88,self_20260531_153611,clip_126,1,listen,,0.4489,1892125.0,raspberry_pi_seeed_gsr,"1892125,0.4489"
2026-05-31T15:36:58.701,test88,self_20260531_153611,clip_126,1,listen,,0.4529,1892146.0,raspberry_pi_seeed_gsr,"1892146,0.4529"
2026-05-31T15:36:58.722,test88,self_20260531_153611,clip_126,1,listen,,0.4473,1892167.0,raspberry_pi_seeed_gsr,"1892167,0.4473"
2026-05-31T15:36:58.743,test88,self_20260531_153611,clip_126,1,listen,,0.4489,1892188.0,raspberry_pi_seeed_gsr,"1892188,0.4489"
2026-05-31T15:36:58.764,test88,self_20260531_153611,clip_126,1,listen,,0.4497,1892209.0,raspberry_pi_seeed_gsr,"1892209,0.4497"
2026-05-31T15:36:58.785,test88,self_20260531_153611,clip_126,1,listen,,0.4497,1892230.0,raspberry_pi_seeed_gsr,"1892230,0.4497"
2026-05-31T15:36:58.806,test88,self_20260531_153611,clip_126,1,listen,,0.4489,1892251.0,raspberry_pi_seeed_gsr,"1892251,0.4489"
2026-05-31T15:36:58.827,test88,self_20260531_153611,clip_126,1,listen,,0.4464,1892272.0,raspberry_pi_seeed_gsr,"1892272,0.4464"
2026-05-31T15:36:58.848,test88,self_20260531_153611,clip_126,1,listen,,0.4489,1892293.0,raspberry_pi_seeed_gsr,"1892293,0.4489"
2026-05-31T15:36:58.869,test88,self_20260531_153611,clip_126,1,listen,,0.4489,1892314.0,raspberry_pi_seeed_gsr,"1892314,0.4489"
2026-05-31T15:36:58.892,test88,self_20260531_153611,clip_126,1,listen,,0.4497,1892335.0,raspberry_pi_seeed_gsr,"1892335,0.4497"
2026-05-31T15:36:58.911,test88,self_20260531_153611,clip_126,1,listen,,0.4513,1892356.0,raspberry_pi_seeed_gsr,"1892356,0.4513"
2026-05-31T15:36:58.932,test88,self_20260531_153611,clip_126,1,listen,,0.4513,1892377.0,raspberry_pi_seeed_gsr,"1892377,0.4513"
2026-05-31T15:36:58.953,test88,self_20260531_153611,clip_126,1,listen,,0.4416,1892398.0,raspberry_pi_seeed_gsr,"1892398,0.4416"
2026-05-31T15:36:58.974,test88,self_20260531_153611,clip_126,1,listen,,0.4497,1892419.0,raspberry_pi_seeed_gsr,"1892419,0.4497"
2026-05-31T15:36:58.995,test88,self_20260531_153611,clip_126,1,listen,,0.4497,1892440.0,raspberry_pi_seeed_gsr,"1892440,0.4497"
2026-05-31T15:36:59.016,test88,self_20260531_153611,clip_126,1,listen,,0.4424,1892461.0,raspberry_pi_seeed_gsr,"1892461,0.4424"
2026-05-31T15:36:59.037,test88,self_20260531_153611,clip_126,1,listen,,0.4473,1892482.0,raspberry_pi_seeed_gsr,"1892482,0.4473"
2026-05-31T15:36:59.058,test88,self_20260531_153611,clip_126,1,listen,,0.4497,1892503.0,raspberry_pi_seeed_gsr,"1892503,0.4497"
2026-05-31T15:36:59.079,test88,self_20260531_153611,clip_126,1,listen,,0.4489,1892524.0,raspberry_pi_seeed_gsr,"1892524,0.4489"
2026-05-31T15:36:59.100,test88,self_20260531_153611,clip_126,1,listen,,0.4505,1892545.0,raspberry_pi_seeed_gsr,"1892545,0.4505"
2026-05-31T15:36:59.121,test88,self_20260531_153611,clip_126,1,listen,,0.4513,1892566.0,raspberry_pi_seeed_gsr,"1892566,0.4513"
2026-05-31T15:36:59.167,test88,self_20260531_153611,clip_126,1,listen,,0.4497,1892587.0,raspberry_pi_seeed_gsr,"1892587,0.4497"
2026-05-31T15:36:59.169,test88,self_20260531_153611,clip_126,1,listen,,0.4481,1892608.0,raspberry_pi_seeed_gsr,"1892608,0.4481"
2026-05-31T15:36:59.184,test88,self_20260531_153611,clip_126,1,listen,,0.4529,1892629.0,raspberry_pi_seeed_gsr,"1892629,0.4529"
2026-05-31T15:36:59.205,test88,self_20260531_153611,clip_126,1,listen,,0.4489,1892650.0,raspberry_pi_seeed_gsr,"1892650,0.4489"
2026-05-31T15:36:59.226,test88,self_20260531_153611,clip_126,1,listen,,0.4513,1892671.0,raspberry_pi_seeed_gsr,"1892671,0.4513"
2026-05-31T15:36:59.247,test88,self_20260531_153611,clip_126,1,listen,,0.4497,1892692.0,raspberry_pi_seeed_gsr,"1892692,0.4497"
2026-05-31T15:36:59.268,test88,self_20260531_153611,clip_126,1,listen,,0.4513,1892713.0,raspberry_pi_seeed_gsr,"1892713,0.4513"
2026-05-31T15:36:59.289,test88,self_20260531_153611,clip_126,1,listen,,0.4521,1892734.0,raspberry_pi_seeed_gsr,"1892734,0.4521"
2026-05-31T15:36:59.310,test88,self_20260531_153611,clip_126,1,listen,,0.4513,1892755.0,raspberry_pi_seeed_gsr,"1892755,0.4513"
2026-05-31T15:36:59.331,test88,self_20260531_153611,clip_126,1,listen,,0.4529,1892776.0,raspberry_pi_seeed_gsr,"1892776,0.4529"
2026-05-31T15:36:59.352,test88,self_20260531_153611,clip_126,1,listen,,0.4545,1892797.0,raspberry_pi_seeed_gsr,"1892797,0.4545"
2026-05-31T15:36:59.373,test88,self_20260531_153611,clip_126,1,listen,,0.4529,1892818.0,raspberry_pi_seeed_gsr,"1892818,0.4529"
2026-05-31T15:36:59.420,test88,self_20260531_153611,clip_126,1,listen,,0.4497,1892839.0,raspberry_pi_seeed_gsr,"1892839,0.4497"
2026-05-31T15:36:59.421,test88,self_20260531_153611,clip_126,1,listen,,0.4521,1892860.0,raspberry_pi_seeed_gsr,"1892860,0.4521"
2026-05-31T15:36:59.436,test88,self_20260531_153611,clip_126,1,listen,,0.4521,1892881.0,raspberry_pi_seeed_gsr,"1892881,0.4521"
2026-05-31T15:36:59.457,test88,self_20260531_153611,clip_126,1,listen,,0.4505,1892902.0,raspberry_pi_seeed_gsr,"1892902,0.4505"
2026-05-31T15:36:59.478,test88,self_20260531_153611,clip_126,1,listen,,0.4521,1892923.0,raspberry_pi_seeed_gsr,"1892923,0.4521"
2026-05-31T15:36:59.499,test88,self_20260531_153611,clip_126,1,listen,,0.4513,1892944.0,raspberry_pi_seeed_gsr,"1892944,0.4513"
2026-05-31T15:36:59.520,test88,self_20260531_153611,clip_126,1,listen,,0.4529,1892965.0,raspberry_pi_seeed_gsr,"1892965,0.4529"
2026-05-31T15:36:59.541,test88,self_20260531_153611,clip_126,1,listen,,0.4529,1892986.0,raspberry_pi_seeed_gsr,"1892986,0.4529"
2026-05-31T15:36:59.562,test88,self_20260531_153611,clip_126,1,listen,,0.4577,1893007.0,raspberry_pi_seeed_gsr,"1893007,0.4577"
2026-05-31T15:36:59.583,test88,self_20260531_153611,clip_126,1,listen,,0.4513,1893028.0,raspberry_pi_seeed_gsr,"1893028,0.4513"
2026-05-31T15:36:59.604,test88,self_20260531_153611,clip_126,1,listen,,0.4585,1893049.0,raspberry_pi_seeed_gsr,"1893049,0.4585"
2026-05-31T15:36:59.625,test88,self_20260531_153611,clip_126,1,listen,,0.4537,1893070.0,raspberry_pi_seeed_gsr,"1893070,0.4537"
2026-05-31T15:36:59.669,test88,self_20260531_153611,clip_126,1,listen,,0.4545,1893091.0,raspberry_pi_seeed_gsr,"1893091,0.4545"
2026-05-31T15:36:59.670,test88,self_20260531_153611,clip_126,1,listen,,0.4521,1893112.0,raspberry_pi_seeed_gsr,"1893112,0.4521"
2026-05-31T15:36:59.688,test88,self_20260531_153611,clip_126,1,listen,,0.4537,1893133.0,raspberry_pi_seeed_gsr,"1893133,0.4537"
2026-05-31T15:36:59.709,test88,self_20260531_153611,clip_126,1,listen,,0.4537,1893154.0,raspberry_pi_seeed_gsr,"1893154,0.4537"
2026-05-31T15:36:59.730,test88,self_20260531_153611,clip_126,1,listen,,0.4529,1893175.0,raspberry_pi_seeed_gsr,"1893175,0.4529"
2026-05-31T15:36:59.751,test88,self_20260531_153611,clip_126,1,listen,,0.4537,1893196.0,raspberry_pi_seeed_gsr,"1893196,0.4537"
2026-05-31T15:36:59.772,test88,self_20260531_153611,clip_126,1,listen,,0.4513,1893217.0,raspberry_pi_seeed_gsr,"1893217,0.4513"
2026-05-31T15:36:59.793,test88,self_20260531_153611,clip_126,1,listen,,0.4489,1893238.0,raspberry_pi_seeed_gsr,"1893238,0.4489"
2026-05-31T15:36:59.814,test88,self_20260531_153611,clip_126,1,listen,,0.4537,1893259.0,raspberry_pi_seeed_gsr,"1893259,0.4537"
2026-05-31T15:36:59.835,test88,self_20260531_153611,clip_126,1,listen,,0.4545,1893280.0,raspberry_pi_seeed_gsr,"1893280,0.4545"
2026-05-31T15:36:59.856,test88,self_20260531_153611,clip_126,1,listen,,0.4521,1893301.0,raspberry_pi_seeed_gsr,"1893301,0.4521"
2026-05-31T15:36:59.877,test88,self_20260531_153611,clip_126,1,listen,,0.4537,1893322.0,raspberry_pi_seeed_gsr,"1893322,0.4537"
2026-05-31T15:36:59.901,test88,self_20260531_153611,clip_126,1,listen,,0.4521,1893343.0,raspberry_pi_seeed_gsr,"1893343,0.4521"
2026-05-31T15:36:59.919,test88,self_20260531_153611,clip_126,1,listen,,0.4545,1893364.0,raspberry_pi_seeed_gsr,"1893364,0.4545"
2026-05-31T15:36:59.940,test88,self_20260531_153611,clip_126,1,listen,,0.4481,1893385.0,raspberry_pi_seeed_gsr,"1893385,0.4481"
2026-05-31T15:36:59.961,test88,self_20260531_153611,clip_126,1,listen,,0.4521,1893406.0,raspberry_pi_seeed_gsr,"1893406,0.4521"
2026-05-31T15:36:59.982,test88,self_20260531_153611,clip_126,1,listen,,0.4513,1893427.0,raspberry_pi_seeed_gsr,"1893427,0.4513"
2026-05-31T15:37:00.003,test88,self_20260531_153611,clip_126,1,listen,,0.4545,1893448.0,raspberry_pi_seeed_gsr,"1893448,0.4545"
2026-05-31T15:37:00.024,test88,self_20260531_153611,clip_126,1,listen,,0.4561,1893469.0,raspberry_pi_seeed_gsr,"1893469,0.4561"
2026-05-31T15:37:00.045,test88,self_20260531_153611,clip_126,1,listen,,0.4545,1893490.0,raspberry_pi_seeed_gsr,"1893490,0.4545"
2026-05-31T15:37:00.066,test88,self_20260531_153611,clip_126,1,listen,,0.4545,1893511.0,raspberry_pi_seeed_gsr,"1893511,0.4545"
2026-05-31T15:37:00.087,test88,self_20260531_153611,clip_126,1,listen,,0.4561,1893532.0,raspberry_pi_seeed_gsr,"1893532,0.4561"
2026-05-31T15:37:00.108,test88,self_20260531_153611,clip_126,1,listen,,0.4537,1893553.0,raspberry_pi_seeed_gsr,"1893553,0.4537"
2026-05-31T15:37:00.129,test88,self_20260531_153611,clip_126,1,listen,,0.4545,1893574.0,raspberry_pi_seeed_gsr,"1893574,0.4545"
2026-05-31T15:37:00.173,test88,self_20260531_153611,clip_126,1,listen,,0.4545,1893595.0,raspberry_pi_seeed_gsr,"1893595,0.4545"
2026-05-31T15:37:00.175,test88,self_20260531_153611,clip_126,1,listen,,0.4553,1893616.0,raspberry_pi_seeed_gsr,"1893616,0.4553"
2026-05-31T15:37:00.192,test88,self_20260531_153611,clip_126,1,listen,,0.4537,1893637.0,raspberry_pi_seeed_gsr,"1893637,0.4537"
2026-05-31T15:37:00.213,test88,self_20260531_153611,clip_126,1,listen,,0.4642,1893658.0,raspberry_pi_seeed_gsr,"1893658,0.4642"
2026-05-31T15:37:00.234,test88,self_20260531_153611,clip_126,1,listen,,0.4553,1893679.0,raspberry_pi_seeed_gsr,"1893679,0.4553"
2026-05-31T15:37:00.255,test88,self_20260531_153611,clip_126,1,listen,,0.4545,1893700.0,raspberry_pi_seeed_gsr,"1893700,0.4545"
2026-05-31T15:37:00.276,test88,self_20260531_153611,clip_126,1,listen,,0.4577,1893721.0,raspberry_pi_seeed_gsr,"1893721,0.4577"
2026-05-31T15:37:00.297,test88,self_20260531_153611,clip_126,1,listen,,0.4561,1893742.0,raspberry_pi_seeed_gsr,"1893742,0.4561"
2026-05-31T15:37:00.318,test88,self_20260531_153611,clip_126,1,listen,,0.4521,1893763.0,raspberry_pi_seeed_gsr,"1893763,0.4521"
2026-05-31T15:37:00.339,test88,self_20260531_153611,clip_126,1,listen,,0.4545,1893784.0,raspberry_pi_seeed_gsr,"1893784,0.4545"
2026-05-31T15:37:00.360,test88,self_20260531_153611,clip_126,1,listen,,0.4585,1893805.0,raspberry_pi_seeed_gsr,"1893805,0.4585"
2026-05-31T15:37:00.381,test88,self_20260531_153611,clip_126,1,listen,,0.4553,1893826.0,raspberry_pi_seeed_gsr,"1893826,0.4553"
2026-05-31T15:37:00.428,test88,self_20260531_153611,clip_126,1,listen,,0.4529,1893847.0,raspberry_pi_seeed_gsr,"1893847,0.4529"
2026-05-31T15:37:00.429,test88,self_20260531_153611,clip_126,1,listen,,0.4601,1893868.0,raspberry_pi_seeed_gsr,"1893868,0.4601"
2026-05-31T15:37:00.444,test88,self_20260531_153611,clip_126,1,listen,,0.4553,1893889.0,raspberry_pi_seeed_gsr,"1893889,0.4553"
2026-05-31T15:37:00.465,test88,self_20260531_153611,clip_126,1,listen,,0.4561,1893910.0,raspberry_pi_seeed_gsr,"1893910,0.4561"
2026-05-31T15:37:00.486,test88,self_20260531_153611,clip_126,1,listen,,0.4553,1893931.0,raspberry_pi_seeed_gsr,"1893931,0.4553"
2026-05-31T15:37:00.507,test88,self_20260531_153611,clip_126,1,listen,,0.4642,1893952.0,raspberry_pi_seeed_gsr,"1893952,0.4642"
2026-05-31T15:37:00.528,test88,self_20260531_153611,clip_126,1,listen,,0.4545,1893973.0,raspberry_pi_seeed_gsr,"1893973,0.4545"
2026-05-31T15:37:00.549,test88,self_20260531_153611,clip_126,1,listen,,0.4545,1893994.0,raspberry_pi_seeed_gsr,"1893994,0.4545"
2026-05-31T15:37:00.570,test88,self_20260531_153611,clip_126,1,listen,,0.4456,1894015.0,raspberry_pi_seeed_gsr,"1894015,0.4456"
2026-05-31T15:37:00.591,test88,self_20260531_153611,clip_126,1,listen,,0.4529,1894036.0,raspberry_pi_seeed_gsr,"1894036,0.4529"
2026-05-31T15:37:00.612,test88,self_20260531_153611,clip_126,1,listen,,0.4593,1894057.0,raspberry_pi_seeed_gsr,"1894057,0.4593"
2026-05-31T15:37:00.633,test88,self_20260531_153611,clip_126,1,listen,,0.4593,1894078.0,raspberry_pi_seeed_gsr,"1894078,0.4593"
2026-05-31T15:37:00.678,test88,self_20260531_153611,clip_126,1,listen,,0.4513,1894099.0,raspberry_pi_seeed_gsr,"1894099,0.4513"
2026-05-31T15:37:00.679,test88,self_20260531_153611,clip_126,1,listen,,0.4545,1894120.0,raspberry_pi_seeed_gsr,"1894120,0.4545"
2026-05-31T15:37:00.696,test88,self_20260531_153611,clip_126,1,listen,,0.4577,1894141.0,raspberry_pi_seeed_gsr,"1894141,0.4577"
2026-05-31T15:37:00.717,test88,self_20260531_153611,clip_126,1,listen,,0.4545,1894162.0,raspberry_pi_seeed_gsr,"1894162,0.4545"
2026-05-31T15:37:00.738,test88,self_20260531_153611,clip_126,1,listen,,0.4545,1894183.0,raspberry_pi_seeed_gsr,"1894183,0.4545"
2026-05-31T15:37:00.759,test88,self_20260531_153611,clip_126,1,listen,,0.4521,1894204.0,raspberry_pi_seeed_gsr,"1894204,0.4521"
2026-05-31T15:37:00.780,test88,self_20260531_153611,clip_126,1,listen,,0.4601,1894225.0,raspberry_pi_seeed_gsr,"1894225,0.4601"
2026-05-31T15:37:00.801,test88,self_20260531_153611,clip_126,1,listen,,0.4537,1894246.0,raspberry_pi_seeed_gsr,"1894246,0.4537"
2026-05-31T15:37:00.822,test88,self_20260531_153611,clip_126,1,listen,,0.4537,1894267.0,raspberry_pi_seeed_gsr,"1894267,0.4537"
2026-05-31T15:37:00.843,test88,self_20260531_153611,clip_126,1,listen,,0.4545,1894288.0,raspberry_pi_seeed_gsr,"1894288,0.4545"
2026-05-31T15:37:00.864,test88,self_20260531_153611,clip_126,1,listen,,0.4545,1894309.0,raspberry_pi_seeed_gsr,"1894309,0.4545"
2026-05-31T15:37:00.885,test88,self_20260531_153611,clip_126,1,listen,,0.4553,1894330.0,raspberry_pi_seeed_gsr,"1894330,0.4553"
2026-05-31T15:37:00.910,test88,self_20260531_153611,clip_126,1,listen,,0.4545,1894351.0,raspberry_pi_seeed_gsr,"1894351,0.4545"
2026-05-31T15:37:00.927,test88,self_20260531_153611,clip_126,1,listen,,0.4545,1894372.0,raspberry_pi_seeed_gsr,"1894372,0.4545"
2026-05-31T15:37:00.948,test88,self_20260531_153611,clip_126,1,listen,,0.4537,1894393.0,raspberry_pi_seeed_gsr,"1894393,0.4537"
2026-05-31T15:37:00.969,test88,self_20260531_153611,clip_126,1,listen,,0.4553,1894414.0,raspberry_pi_seeed_gsr,"1894414,0.4553"
2026-05-31T15:37:00.990,test88,self_20260531_153611,clip_126,1,listen,,0.4545,1894435.0,raspberry_pi_seeed_gsr,"1894435,0.4545"
2026-05-31T15:37:01.011,test88,self_20260531_153611,clip_126,1,listen,,0.4537,1894456.0,raspberry_pi_seeed_gsr,"1894456,0.4537"
2026-05-31T15:37:01.032,test88,self_20260531_153611,clip_126,1,listen,,0.4473,1894477.0,raspberry_pi_seeed_gsr,"1894477,0.4473"
2026-05-31T15:37:01.053,test88,self_20260531_153611,clip_126,1,listen,,0.4537,1894498.0,raspberry_pi_seeed_gsr,"1894498,0.4537"
2026-05-31T15:37:01.074,test88,self_20260531_153611,clip_126,1,listen,,0.4577,1894519.0,raspberry_pi_seeed_gsr,"1894519,0.4577"
2026-05-31T15:37:01.095,test88,self_20260531_153611,clip_126,1,listen,,0.4537,1894540.0,raspberry_pi_seeed_gsr,"1894540,0.4537"
2026-05-31T15:37:01.116,test88,self_20260531_153611,clip_126,1,listen,,0.4553,1894561.0,raspberry_pi_seeed_gsr,"1894561,0.4553"
2026-05-31T15:37:01.137,test88,self_20260531_153611,clip_126,1,listen,,0.4521,1894582.0,raspberry_pi_seeed_gsr,"1894582,0.4521"
2026-05-31T15:37:01.181,test88,self_20260531_153611,clip_126,1,listen,,0.4521,1894603.0,raspberry_pi_seeed_gsr,"1894603,0.4521"
2026-05-31T15:37:01.183,test88,self_20260531_153611,clip_126,1,listen,,0.4577,1894624.0,raspberry_pi_seeed_gsr,"1894624,0.4577"
2026-05-31T15:37:01.200,test88,self_20260531_153611,clip_126,1,listen,,0.4521,1894645.0,raspberry_pi_seeed_gsr,"1894645,0.4521"
2026-05-31T15:37:01.221,test88,self_20260531_153611,clip_126,1,listen,,0.4464,1894666.0,raspberry_pi_seeed_gsr,"1894666,0.4464"
2026-05-31T15:37:01.242,test88,self_20260531_153611,clip_126,1,listen,,0.4529,1894687.0,raspberry_pi_seeed_gsr,"1894687,0.4529"
2026-05-31T15:37:01.263,test88,self_20260531_153611,clip_126,1,listen,,0.4529,1894708.0,raspberry_pi_seeed_gsr,"1894708,0.4529"
2026-05-31T15:37:01.284,test88,self_20260531_153611,clip_126,1,listen,,0.4529,1894729.0,raspberry_pi_seeed_gsr,"1894729,0.4529"
2026-05-31T15:37:01.305,test88,self_20260531_153611,clip_126,1,listen,,0.4537,1894750.0,raspberry_pi_seeed_gsr,"1894750,0.4537"
2026-05-31T15:37:01.326,test88,self_20260531_153611,clip_126,1,listen,,0.4561,1894771.0,raspberry_pi_seeed_gsr,"1894771,0.4561"
2026-05-31T15:37:01.347,test88,self_20260531_153611,clip_126,1,listen,,0.4529,1894792.0,raspberry_pi_seeed_gsr,"1894792,0.4529"
2026-05-31T15:37:01.369,test88,self_20260531_153611,clip_126,1,listen,,0.4545,1894813.0,raspberry_pi_seeed_gsr,"1894813,0.4545"
2026-05-31T15:37:01.389,test88,self_20260531_153611,clip_126,1,listen,,0.4521,1894834.0,raspberry_pi_seeed_gsr,"1894834,0.4521"
2026-05-31T15:37:01.432,test88,self_20260531_153611,clip_126,1,listen,,0.4537,1894855.0,raspberry_pi_seeed_gsr,"1894855,0.4537"
2026-05-31T15:37:01.433,test88,self_20260531_153611,clip_126,1,listen,,0.4537,1894876.0,raspberry_pi_seeed_gsr,"1894876,0.4537"
2026-05-31T15:37:01.452,test88,self_20260531_153611,clip_126,1,listen,,0.4529,1894897.0,raspberry_pi_seeed_gsr,"1894897,0.4529"
2026-05-31T15:37:01.473,test88,self_20260531_153611,clip_126,1,listen,,0.4537,1894918.0,raspberry_pi_seeed_gsr,"1894918,0.4537"
2026-05-31T15:37:01.494,test88,self_20260531_153611,clip_126,1,listen,,0.4448,1894939.0,raspberry_pi_seeed_gsr,"1894939,0.4448"
2026-05-31T15:37:01.515,test88,self_20260531_153611,clip_126,1,listen,,0.4521,1894960.0,raspberry_pi_seeed_gsr,"1894960,0.4521"
2026-05-31T15:37:01.536,test88,self_20260531_153611,clip_126,1,listen,,0.4521,1894981.0,raspberry_pi_seeed_gsr,"1894981,0.4521"
2026-05-31T15:37:01.557,test88,self_20260531_153611,clip_126,1,listen,,0.4513,1895002.0,raspberry_pi_seeed_gsr,"1895002,0.4513"
2026-05-31T15:37:01.578,test88,self_20260531_153611,clip_126,1,listen,,0.4553,1895023.0,raspberry_pi_seeed_gsr,"1895023,0.4553"
2026-05-31T15:37:01.599,test88,self_20260531_153611,clip_126,1,listen,,0.4529,1895044.0,raspberry_pi_seeed_gsr,"1895044,0.4529"
2026-05-31T15:37:01.620,test88,self_20260531_153611,clip_126,1,listen,,0.4537,1895065.0,raspberry_pi_seeed_gsr,"1895065,0.4537"
2026-05-31T15:37:01.641,test88,self_20260531_153611,clip_126,1,listen,,0.4497,1895086.0,raspberry_pi_seeed_gsr,"1895086,0.4497"
2026-05-31T15:37:01.682,test88,self_20260531_153611,clip_126,1,listen,,0.4529,1895107.0,raspberry_pi_seeed_gsr,"1895107,0.4529"
2026-05-31T15:37:01.683,test88,self_20260531_153611,clip_126,1,listen,,0.4577,1895128.0,raspberry_pi_seeed_gsr,"1895128,0.4577"
2026-05-31T15:37:01.704,test88,self_20260531_153611,clip_126,1,listen,,0.4537,1895149.0,raspberry_pi_seeed_gsr,"1895149,0.4537"
2026-05-31T15:37:01.725,test88,self_20260531_153611,clip_126,1,listen,,0.4626,1895170.0,raspberry_pi_seeed_gsr,"1895170,0.4626"
2026-05-31T15:37:01.746,test88,self_20260531_153611,clip_126,1,listen,,0.4537,1895191.0,raspberry_pi_seeed_gsr,"1895191,0.4537"
2026-05-31T15:37:01.767,test88,self_20260531_153611,clip_126,1,listen,,0.4585,1895212.0,raspberry_pi_seeed_gsr,"1895212,0.4585"
2026-05-31T15:37:01.788,test88,self_20260531_153611,clip_126,1,listen,,0.4537,1895233.0,raspberry_pi_seeed_gsr,"1895233,0.4537"
2026-05-31T15:37:01.809,test88,self_20260531_153611,clip_126,1,listen,,0.4521,1895254.0,raspberry_pi_seeed_gsr,"1895254,0.4521"
2026-05-31T15:37:01.830,test88,self_20260531_153611,clip_126,1,listen,,0.4513,1895275.0,raspberry_pi_seeed_gsr,"1895275,0.4513"
2026-05-31T15:37:01.851,test88,self_20260531_153611,clip_126,1,listen,,0.4529,1895296.0,raspberry_pi_seeed_gsr,"1895296,0.4529"
2026-05-31T15:37:01.872,test88,self_20260531_153611,clip_126,1,listen,,0.4553,1895317.0,raspberry_pi_seeed_gsr,"1895317,0.4553"
2026-05-31T15:37:01.893,test88,self_20260531_153611,clip_126,1,listen,,0.4561,1895338.0,raspberry_pi_seeed_gsr,"1895338,0.4561"
2026-05-31T15:37:01.914,test88,self_20260531_153611,clip_126,1,listen,,0.4537,1895359.0,raspberry_pi_seeed_gsr,"1895359,0.4537"
2026-05-31T15:37:01.947,test88,self_20260531_153611,clip_126,1,listen,,0.4537,1895380.0,raspberry_pi_seeed_gsr,"1895380,0.4537"
2026-05-31T15:37:01.956,test88,self_20260531_153611,clip_126,1,listen,,0.4561,1895401.0,raspberry_pi_seeed_gsr,"1895401,0.4561"
2026-05-31T15:37:01.977,test88,self_20260531_153611,clip_126,1,listen,,0.4521,1895422.0,raspberry_pi_seeed_gsr,"1895422,0.4521"
2026-05-31T15:37:01.998,test88,self_20260531_153611,clip_126,1,listen,,0.4529,1895443.0,raspberry_pi_seeed_gsr,"1895443,0.4529"
2026-05-31T15:37:02.019,test88,self_20260531_153611,clip_126,1,listen,,0.4505,1895464.0,raspberry_pi_seeed_gsr,"1895464,0.4505"
2026-05-31T15:37:02.040,test88,self_20260531_153611,clip_126,1,listen,,0.4577,1895485.0,raspberry_pi_seeed_gsr,"1895485,0.4577"
2026-05-31T15:37:02.061,test88,self_20260531_153611,clip_126,1,listen,,0.4553,1895506.0,raspberry_pi_seeed_gsr,"1895506,0.4553"
2026-05-31T15:37:02.082,test88,self_20260531_153611,clip_126,1,listen,,0.4489,1895527.0,raspberry_pi_seeed_gsr,"1895527,0.4489"
2026-05-31T15:37:02.103,test88,self_20260531_153611,clip_126,1,listen,,0.4529,1895548.0,raspberry_pi_seeed_gsr,"1895548,0.4529"
2026-05-31T15:37:02.124,test88,self_20260531_153611,clip_126,1,listen,,0.4521,1895569.0,raspberry_pi_seeed_gsr,"1895569,0.4521"
2026-05-31T15:37:02.146,test88,self_20260531_153611,clip_126,1,listen,,0.4497,1895590.0,raspberry_pi_seeed_gsr,"1895590,0.4497"
2026-05-31T15:37:02.166,test88,self_20260531_153611,clip_126,1,listen,,0.4529,1895611.0,raspberry_pi_seeed_gsr,"1895611,0.4529"
2026-05-31T15:37:02.210,test88,self_20260531_153611,clip_126,1,listen,,0.4497,1895632.0,raspberry_pi_seeed_gsr,"1895632,0.4497"
2026-05-31T15:37:02.212,test88,self_20260531_153611,clip_126,1,listen,,0.4489,1895653.0,raspberry_pi_seeed_gsr,"1895653,0.4489"
2026-05-31T15:37:02.229,test88,self_20260531_153611,clip_126,1,listen,,0.4497,1895674.0,raspberry_pi_seeed_gsr,"1895674,0.4497"
2026-05-31T15:37:02.250,test88,self_20260531_153611,clip_126,1,listen,,0.4489,1895695.0,raspberry_pi_seeed_gsr,"1895695,0.4489"
2026-05-31T15:37:02.271,test88,self_20260531_153611,clip_126,1,listen,,0.4609,1895716.0,raspberry_pi_seeed_gsr,"1895716,0.4609"
2026-05-31T15:37:02.292,test88,self_20260531_153611,clip_126,1,listen,,0.4497,1895737.0,raspberry_pi_seeed_gsr,"1895737,0.4497"
2026-05-31T15:37:02.313,test88,self_20260531_153611,clip_126,1,listen,,0.4529,1895758.0,raspberry_pi_seeed_gsr,"1895758,0.4529"
2026-05-31T15:37:02.334,test88,self_20260531_153611,clip_126,1,listen,,0.4529,1895779.0,raspberry_pi_seeed_gsr,"1895779,0.4529"
2026-05-31T15:37:02.355,test88,self_20260531_153611,clip_126,1,listen,,0.4529,1895800.0,raspberry_pi_seeed_gsr,"1895800,0.4529"
2026-05-31T15:37:02.376,test88,self_20260531_153611,clip_126,1,listen,,0.4481,1895821.0,raspberry_pi_seeed_gsr,"1895821,0.4481"
2026-05-31T15:37:02.397,test88,self_20260531_153611,clip_126,1,listen,,0.4481,1895842.0,raspberry_pi_seeed_gsr,"1895842,0.4481"
2026-05-31T15:37:02.419,test88,self_20260531_153611,clip_126,1,listen,,0.4497,1895863.0,raspberry_pi_seeed_gsr,"1895863,0.4497"
2026-05-31T15:37:02.463,test88,self_20260531_153611,clip_126,1,listen,,0.4489,1895884.0,raspberry_pi_seeed_gsr,"1895884,0.4489"
2026-05-31T15:37:02.464,test88,self_20260531_153611,clip_126,1,listen,,0.4464,1895905.0,raspberry_pi_seeed_gsr,"1895905,0.4464"
2026-05-31T15:37:02.481,test88,self_20260531_153611,clip_126,1,listen,,0.4497,1895926.0,raspberry_pi_seeed_gsr,"1895926,0.4497"
2026-05-31T15:37:02.502,test88,self_20260531_153611,clip_126,1,listen,,0.4497,1895947.0,raspberry_pi_seeed_gsr,"1895947,0.4497"
2026-05-31T15:37:02.523,test88,self_20260531_153611,clip_126,1,listen,,0.4481,1895968.0,raspberry_pi_seeed_gsr,"1895968,0.4481"
2026-05-31T15:37:02.544,test88,self_20260531_153611,clip_126,1,listen,,0.4497,1895989.0,raspberry_pi_seeed_gsr,"1895989,0.4497"
2026-05-31T15:37:02.565,test88,self_20260531_153611,clip_126,1,listen,,0.4513,1896010.0,raspberry_pi_seeed_gsr,"1896010,0.4513"
2026-05-31T15:37:02.586,test88,self_20260531_153611,clip_126,1,listen,,0.4521,1896031.0,raspberry_pi_seeed_gsr,"1896031,0.4521"
2026-05-31T15:37:02.607,test88,self_20260531_153611,clip_126,1,listen,,0.4513,1896052.0,raspberry_pi_seeed_gsr,"1896052,0.4513"
2026-05-31T15:37:02.628,test88,self_20260531_153611,clip_126,1,listen,,0.4513,1896073.0,raspberry_pi_seeed_gsr,"1896073,0.4513"
2026-05-31T15:37:02.649,test88,self_20260531_153611,clip_126,1,listen,,0.4497,1896094.0,raspberry_pi_seeed_gsr,"1896094,0.4497"
2026-05-31T15:37:02.670,test88,self_20260531_153611,clip_126,1,listen,,0.4489,1896115.0,raspberry_pi_seeed_gsr,"1896115,0.4489"
2026-05-31T15:37:02.724,test88,self_20260531_153611,clip_126,1,listen,,0.4497,1896136.0,raspberry_pi_seeed_gsr,"1896136,0.4497"
2026-05-31T15:37:02.725,test88,self_20260531_153611,clip_126,1,listen,,0.4497,1896157.0,raspberry_pi_seeed_gsr,"1896157,0.4497"
2026-05-31T15:37:02.733,test88,self_20260531_153611,clip_126,1,listen,,0.4464,1896178.0,raspberry_pi_seeed_gsr,"1896178,0.4464"
2026-05-31T15:37:02.754,test88,self_20260531_153611,clip_126,1,listen,,0.4561,1896199.0,raspberry_pi_seeed_gsr,"1896199,0.4561"
2026-05-31T15:37:02.775,test88,self_20260531_153611,clip_126,1,listen,,0.4473,1896220.0,raspberry_pi_seeed_gsr,"1896220,0.4473"
2026-05-31T15:37:02.796,test88,self_20260531_153611,clip_126,1,listen,,0.4513,1896241.0,raspberry_pi_seeed_gsr,"1896241,0.4513"
2026-05-31T15:37:02.817,test88,self_20260531_153611,clip_126,1,listen,,0.4537,1896262.0,raspberry_pi_seeed_gsr,"1896262,0.4537"
2026-05-31T15:37:02.838,test88,self_20260531_153611,clip_126,1,listen,,0.4497,1896283.0,raspberry_pi_seeed_gsr,"1896283,0.4497"
2026-05-31T15:37:02.859,test88,self_20260531_153611,clip_126,1,listen,,0.4505,1896304.0,raspberry_pi_seeed_gsr,"1896304,0.4505"
2026-05-31T15:37:02.880,test88,self_20260531_153611,clip_126,1,listen,,0.4521,1896325.0,raspberry_pi_seeed_gsr,"1896325,0.4521"
2026-05-31T15:37:02.901,test88,self_20260531_153611,clip_126,1,listen,,0.4497,1896346.0,raspberry_pi_seeed_gsr,"1896346,0.4497"
2026-05-31T15:37:02.922,test88,self_20260531_153611,clip_126,1,listen,,0.4489,1896367.0,raspberry_pi_seeed_gsr,"1896367,0.4489"
2026-05-31T15:37:02.943,test88,self_20260531_153611,clip_126,1,listen,,0.4489,1896388.0,raspberry_pi_seeed_gsr,"1896388,0.4489"
2026-05-31T15:37:02.972,test88,self_20260531_153611,clip_126,1,listen,,0.4497,1896409.0,raspberry_pi_seeed_gsr,"1896409,0.4497"
2026-05-31T15:37:02.985,test88,self_20260531_153611,clip_126,1,listen,,0.4545,1896430.0,raspberry_pi_seeed_gsr,"1896430,0.4545"
2026-05-31T15:37:03.006,test88,self_20260531_153611,clip_126,1,listen,,0.4473,1896451.0,raspberry_pi_seeed_gsr,"1896451,0.4473"
2026-05-31T15:37:03.027,test88,self_20260531_153611,clip_126,1,listen,,0.4481,1896472.0,raspberry_pi_seeed_gsr,"1896472,0.4481"
2026-05-31T15:37:03.048,test88,self_20260531_153611,clip_126,1,listen,,0.4497,1896493.0,raspberry_pi_seeed_gsr,"1896493,0.4497"
2026-05-31T15:37:03.069,test88,self_20260531_153611,clip_126,1,listen,,0.4481,1896514.0,raspberry_pi_seeed_gsr,"1896514,0.4481"
2026-05-31T15:37:03.090,test88,self_20260531_153611,clip_126,1,listen,,0.4481,1896535.0,raspberry_pi_seeed_gsr,"1896535,0.4481"
2026-05-31T15:37:03.111,test88,self_20260531_153611,clip_126,1,listen,,0.4481,1896556.0,raspberry_pi_seeed_gsr,"1896556,0.4481"
2026-05-31T15:37:03.132,test88,self_20260531_153611,clip_126,1,listen,,0.4473,1896577.0,raspberry_pi_seeed_gsr,"1896577,0.4473"
2026-05-31T15:37:03.153,test88,self_20260531_153611,clip_126,1,listen,,0.4513,1896598.0,raspberry_pi_seeed_gsr,"1896598,0.4513"
2026-05-31T15:37:03.174,test88,self_20260531_153611,clip_126,1,listen,,0.4513,1896619.0,raspberry_pi_seeed_gsr,"1896619,0.4513"
2026-05-31T15:37:03.195,test88,self_20260531_153611,clip_126,1,listen,,0.4513,1896640.0,raspberry_pi_seeed_gsr,"1896640,0.4513"
2026-05-31T15:37:03.238,test88,self_20260531_153611,clip_126,1,listen,,0.4529,1896661.0,raspberry_pi_seeed_gsr,"1896661,0.4529"
2026-05-31T15:37:03.239,test88,self_20260531_153611,clip_126,1,listen,,0.4513,1896682.0,raspberry_pi_seeed_gsr,"1896682,0.4513"
2026-05-31T15:37:03.258,test88,self_20260531_153611,clip_126,1,listen,,0.4561,1896703.0,raspberry_pi_seeed_gsr,"1896703,0.4561"
2026-05-31T15:37:03.279,test88,self_20260531_153611,clip_126,1,listen,,0.4497,1896724.0,raspberry_pi_seeed_gsr,"1896724,0.4497"
2026-05-31T15:37:03.300,test88,self_20260531_153611,clip_126,1,listen,,0.4513,1896745.0,raspberry_pi_seeed_gsr,"1896745,0.4513"
2026-05-31T15:37:03.321,test88,self_20260531_153611,clip_126,1,listen,,0.4545,1896766.0,raspberry_pi_seeed_gsr,"1896766,0.4545"
2026-05-31T15:37:03.342,test88,self_20260531_153611,clip_126,1,listen,,0.4513,1896787.0,raspberry_pi_seeed_gsr,"1896787,0.4513"
2026-05-31T15:37:03.363,test88,self_20260531_153611,clip_126,1,listen,,0.4553,1896808.0,raspberry_pi_seeed_gsr,"1896808,0.4553"
2026-05-31T15:37:03.384,test88,self_20260531_153611,clip_126,1,listen,,0.4529,1896829.0,raspberry_pi_seeed_gsr,"1896829,0.4529"
2026-05-31T15:37:03.405,test88,self_20260531_153611,clip_126,1,listen,,0.4553,1896850.0,raspberry_pi_seeed_gsr,"1896850,0.4553"
2026-05-31T15:37:03.426,test88,self_20260531_153611,clip_126,1,listen,,0.4529,1896871.0,raspberry_pi_seeed_gsr,"1896871,0.4529"
2026-05-31T15:37:03.447,test88,self_20260531_153611,clip_126,1,listen,,0.4642,1896892.0,raspberry_pi_seeed_gsr,"1896892,0.4642"
2026-05-31T15:37:03.482,test88,self_20260531_153611,clip_126,1,listen,,0.4545,1896913.0,raspberry_pi_seeed_gsr,"1896913,0.4545"
2026-05-31T15:37:03.489,test88,self_20260531_153611,clip_126,1,listen,,0.4561,1896934.0,raspberry_pi_seeed_gsr,"1896934,0.4561"
2026-05-31T15:37:03.510,test88,self_20260531_153611,clip_126,1,listen,,0.4505,1896955.0,raspberry_pi_seeed_gsr,"1896955,0.4505"
2026-05-31T15:37:03.531,test88,self_20260531_153611,clip_126,1,listen,,0.4513,1896976.0,raspberry_pi_seeed_gsr,"1896976,0.4513"
2026-05-31T15:37:03.552,test88,self_20260531_153611,clip_126,1,listen,,0.4497,1896997.0,raspberry_pi_seeed_gsr,"1896997,0.4497"
2026-05-31T15:37:03.573,test88,self_20260531_153611,clip_126,1,listen,,0.4513,1897018.0,raspberry_pi_seeed_gsr,"1897018,0.4513"
2026-05-31T15:37:03.594,test88,self_20260531_153611,clip_126,1,listen,,0.4537,1897039.0,raspberry_pi_seeed_gsr,"1897039,0.4537"
2026-05-31T15:37:03.615,test88,self_20260531_153611,clip_126,1,listen,,0.4464,1897060.0,raspberry_pi_seeed_gsr,"1897060,0.4464"
2026-05-31T15:37:03.636,test88,self_20260531_153611,clip_126,1,listen,,0.4537,1897081.0,raspberry_pi_seeed_gsr,"1897081,0.4537"
2026-05-31T15:37:03.657,test88,self_20260531_153611,clip_126,1,listen,,0.4553,1897102.0,raspberry_pi_seeed_gsr,"1897102,0.4553"
2026-05-31T15:37:03.678,test88,self_20260531_153611,clip_126,1,listen,,0.4553,1897123.0,raspberry_pi_seeed_gsr,"1897123,0.4553"
2026-05-31T15:37:03.699,test88,self_20260531_153611,clip_126,1,listen,,0.4545,1897144.0,raspberry_pi_seeed_gsr,"1897144,0.4545"
2026-05-31T15:37:03.727,test88,self_20260531_153611,clip_126,1,listen,,0.4553,1897165.0,raspberry_pi_seeed_gsr,"1897165,0.4553"
2026-05-31T15:37:03.741,test88,self_20260531_153611,clip_126,1,listen,,0.4553,1897186.0,raspberry_pi_seeed_gsr,"1897186,0.4553"
2026-05-31T15:37:03.762,test88,self_20260531_153611,clip_126,1,listen,,0.4553,1897207.0,raspberry_pi_seeed_gsr,"1897207,0.4553"
2026-05-31T15:37:03.783,test88,self_20260531_153611,clip_126,1,listen,,0.4585,1897228.0,raspberry_pi_seeed_gsr,"1897228,0.4585"
2026-05-31T15:37:03.804,test88,self_20260531_153611,clip_126,1,listen,,0.4448,1897249.0,raspberry_pi_seeed_gsr,"1897249,0.4448"
2026-05-31T15:37:03.825,test88,self_20260531_153611,clip_126,1,listen,,0.4553,1897270.0,raspberry_pi_seeed_gsr,"1897270,0.4553"
2026-05-31T15:37:03.846,test88,self_20260531_153611,clip_126,1,listen,,0.4577,1897291.0,raspberry_pi_seeed_gsr,"1897291,0.4577"
2026-05-31T15:37:03.867,test88,self_20260531_153611,clip_126,1,listen,,0.4577,1897312.0,raspberry_pi_seeed_gsr,"1897312,0.4577"
2026-05-31T15:37:03.888,test88,self_20260531_153611,clip_126,1,listen,,0.4545,1897333.0,raspberry_pi_seeed_gsr,"1897333,0.4545"
2026-05-31T15:37:03.909,test88,self_20260531_153611,clip_126,1,listen,,0.4561,1897354.0,raspberry_pi_seeed_gsr,"1897354,0.4561"
2026-05-31T15:37:03.930,test88,self_20260531_153611,clip_126,1,listen,,0.4497,1897375.0,raspberry_pi_seeed_gsr,"1897375,0.4497"
2026-05-31T15:37:03.951,test88,self_20260531_153611,clip_126,1,listen,,0.4569,1897396.0,raspberry_pi_seeed_gsr,"1897396,0.4569"
2026-05-31T15:37:03.974,test88,self_20260531_153611,clip_126,1,listen,,0.4569,1897417.0,raspberry_pi_seeed_gsr,"1897417,0.4569"
2026-05-31T15:37:03.993,test88,self_20260531_153611,clip_126,1,listen,,0.4553,1897438.0,raspberry_pi_seeed_gsr,"1897438,0.4553"
2026-05-31T15:37:04.014,test88,self_20260531_153611,clip_126,1,listen,,0.4505,1897459.0,raspberry_pi_seeed_gsr,"1897459,0.4505"
2026-05-31T15:37:04.035,test88,self_20260531_153611,clip_126,1,listen,,0.4585,1897480.0,raspberry_pi_seeed_gsr,"1897480,0.4585"
2026-05-31T15:37:04.056,test88,self_20260531_153611,clip_126,1,listen,,0.4593,1897501.0,raspberry_pi_seeed_gsr,"1897501,0.4593"
2026-05-31T15:37:04.077,test88,self_20260531_153611,clip_126,1,listen,,0.4601,1897522.0,raspberry_pi_seeed_gsr,"1897522,0.4601"
2026-05-31T15:37:04.098,test88,self_20260531_153611,clip_126,1,listen,,0.4569,1897543.0,raspberry_pi_seeed_gsr,"1897543,0.4569"
2026-05-31T15:37:04.119,test88,self_20260531_153611,clip_126,1,listen,,0.4601,1897564.0,raspberry_pi_seeed_gsr,"1897564,0.4601"
2026-05-31T15:37:04.140,test88,self_20260531_153611,clip_126,1,listen,,0.4593,1897585.0,raspberry_pi_seeed_gsr,"1897585,0.4593"
2026-05-31T15:37:04.161,test88,self_20260531_153611,clip_126,1,listen,,0.4529,1897606.0,raspberry_pi_seeed_gsr,"1897606,0.4529"
2026-05-31T15:37:04.182,test88,self_20260531_153611,clip_126,1,listen,,0.4601,1897627.0,raspberry_pi_seeed_gsr,"1897627,0.4601"
2026-05-31T15:37:04.203,test88,self_20260531_153611,clip_126,1,listen,,0.4601,1897648.0,raspberry_pi_seeed_gsr,"1897648,0.4601"
2026-05-31T15:37:04.250,test88,self_20260531_153611,clip_126,1,listen,,0.4601,1897669.0,raspberry_pi_seeed_gsr,"1897669,0.4601"
2026-05-31T15:37:04.251,test88,self_20260531_153611,clip_126,1,listen,,0.4561,1897690.0,raspberry_pi_seeed_gsr,"1897690,0.4561"
2026-05-31T15:37:04.266,test88,self_20260531_153611,clip_126,1,listen,,0.4489,1897711.0,raspberry_pi_seeed_gsr,"1897711,0.4489"
2026-05-31T15:37:04.287,test88,self_20260531_153611,clip_126,1,listen,,0.4609,1897732.0,raspberry_pi_seeed_gsr,"1897732,0.4609"
2026-05-31T15:37:04.308,test88,self_20260531_153611,clip_126,1,listen,,0.4601,1897753.0,raspberry_pi_seeed_gsr,"1897753,0.4601"
2026-05-31T15:37:04.329,test88,self_20260531_153611,clip_126,1,listen,,0.4601,1897774.0,raspberry_pi_seeed_gsr,"1897774,0.4601"
2026-05-31T15:37:04.350,test88,self_20260531_153611,clip_126,1,listen,,0.4618,1897795.0,raspberry_pi_seeed_gsr,"1897795,0.4618"
2026-05-31T15:37:04.371,test88,self_20260531_153611,clip_126,1,listen,,0.4601,1897816.0,raspberry_pi_seeed_gsr,"1897816,0.4601"
2026-05-31T15:37:04.392,test88,self_20260531_153611,clip_126,1,listen,,0.4601,1897837.0,raspberry_pi_seeed_gsr,"1897837,0.4601"
2026-05-31T15:37:04.413,test88,self_20260531_153611,clip_126,1,listen,,0.4601,1897858.0,raspberry_pi_seeed_gsr,"1897858,0.4601"
2026-05-31T15:37:04.434,test88,self_20260531_153611,clip_126,1,listen,,0.4618,1897879.0,raspberry_pi_seeed_gsr,"1897879,0.4618"
2026-05-31T15:37:04.455,test88,self_20260531_153611,clip_126,1,listen,,0.4601,1897900.0,raspberry_pi_seeed_gsr,"1897900,0.4601"
2026-05-31T15:37:04.496,test88,self_20260531_153611,clip_126,1,listen,,0.4609,1897921.0,raspberry_pi_seeed_gsr,"1897921,0.4609"
2026-05-31T15:37:04.497,test88,self_20260531_153611,clip_126,1,listen,,0.4593,1897942.0,raspberry_pi_seeed_gsr,"1897942,0.4593"
2026-05-31T15:37:04.518,test88,self_20260531_153611,clip_126,1,listen,,0.4618,1897963.0,raspberry_pi_seeed_gsr,"1897963,0.4618"
2026-05-31T15:37:04.539,test88,self_20260531_153611,clip_126,1,listen,,0.4609,1897984.0,raspberry_pi_seeed_gsr,"1897984,0.4609"
2026-05-31T15:37:04.560,test88,self_20260531_153611,clip_126,1,listen,,0.4609,1898005.0,raspberry_pi_seeed_gsr,"1898005,0.4609"
2026-05-31T15:37:04.581,test88,self_20260531_153611,clip_126,1,listen,,0.4601,1898026.0,raspberry_pi_seeed_gsr,"1898026,0.4601"
2026-05-31T15:37:04.602,test88,self_20260531_153611,clip_126,1,listen,,0.4626,1898047.0,raspberry_pi_seeed_gsr,"1898047,0.4626"
2026-05-31T15:37:04.623,test88,self_20260531_153611,clip_126,1,listen,,0.4618,1898068.0,raspberry_pi_seeed_gsr,"1898068,0.4618"
2026-05-31T15:37:04.644,test88,self_20260531_153611,clip_126,1,listen,,0.4561,1898089.0,raspberry_pi_seeed_gsr,"1898089,0.4561"
2026-05-31T15:37:04.665,test88,self_20260531_153611,clip_126,1,listen,,0.4489,1898110.0,raspberry_pi_seeed_gsr,"1898110,0.4489"
2026-05-31T15:37:04.686,test88,self_20260531_153611,clip_126,1,listen,,0.4634,1898131.0,raspberry_pi_seeed_gsr,"1898131,0.4634"
2026-05-31T15:37:04.707,test88,self_20260531_153611,clip_126,1,listen,,0.4618,1898152.0,raspberry_pi_seeed_gsr,"1898152,0.4618"
2026-05-31T15:37:04.747,test88,self_20260531_153611,clip_126,1,listen,,0.4609,1898173.0,raspberry_pi_seeed_gsr,"1898173,0.4609"
2026-05-31T15:37:04.749,test88,self_20260531_153611,clip_126,1,listen,,0.4609,1898194.0,raspberry_pi_seeed_gsr,"1898194,0.4609"
2026-05-31T15:37:04.770,test88,self_20260531_153611,clip_126,1,listen,,0.4569,1898215.0,raspberry_pi_seeed_gsr,"1898215,0.4569"
2026-05-31T15:37:04.793,test88,self_20260531_153611,clip_126,1,listen,,0.4609,1898236.0,raspberry_pi_seeed_gsr,"1898236,0.4609"
2026-05-31T15:37:04.812,test88,self_20260531_153611,clip_126,1,listen,,0.4666,1898257.0,raspberry_pi_seeed_gsr,"1898257,0.4666"
2026-05-31T15:37:04.833,test88,self_20260531_153611,clip_126,1,listen,,0.4618,1898278.0,raspberry_pi_seeed_gsr,"1898278,0.4618"
2026-05-31T15:37:04.854,test88,self_20260531_153611,clip_126,1,listen,,0.4714,1898299.0,raspberry_pi_seeed_gsr,"1898299,0.4714"
2026-05-31T15:37:04.875,test88,self_20260531_153611,clip_126,1,listen,,0.4642,1898320.0,raspberry_pi_seeed_gsr,"1898320,0.4642"
2026-05-31T15:37:04.896,test88,self_20260531_153611,clip_126,1,listen,,0.4658,1898341.0,raspberry_pi_seeed_gsr,"1898341,0.4658"
2026-05-31T15:37:04.917,test88,self_20260531_153611,clip_126,1,listen,,0.4642,1898362.0,raspberry_pi_seeed_gsr,"1898362,0.4642"
2026-05-31T15:37:04.938,test88,self_20260531_153611,clip_126,1,listen,,0.4618,1898383.0,raspberry_pi_seeed_gsr,"1898383,0.4618"
2026-05-31T15:37:04.959,test88,self_20260531_153611,clip_126,1,listen,,0.465,1898404.0,raspberry_pi_seeed_gsr,"1898404,0.4650"
2026-05-31T15:37:04.982,test88,self_20260531_153611,clip_126,1,listen,,0.4618,1898425.0,raspberry_pi_seeed_gsr,"1898425,0.4618"
2026-05-31T15:37:05.001,test88,self_20260531_153611,clip_126,1,listen,,0.4666,1898446.0,raspberry_pi_seeed_gsr,"1898446,0.4666"
2026-05-31T15:37:05.022,test88,self_20260531_153611,clip_126,1,listen,,0.4634,1898467.0,raspberry_pi_seeed_gsr,"1898467,0.4634"
2026-05-31T15:37:05.043,test88,self_20260531_153611,clip_126,1,listen,,0.4642,1898488.0,raspberry_pi_seeed_gsr,"1898488,0.4642"
2026-05-31T15:37:05.064,test88,self_20260531_153611,clip_126,1,listen,,0.4626,1898509.0,raspberry_pi_seeed_gsr,"1898509,0.4626"
2026-05-31T15:37:05.085,test88,self_20260531_153611,clip_126,1,listen,,0.4642,1898530.0,raspberry_pi_seeed_gsr,"1898530,0.4642"
2026-05-31T15:37:05.106,test88,self_20260531_153611,clip_126,1,listen,,0.4626,1898551.0,raspberry_pi_seeed_gsr,"1898551,0.4626"
2026-05-31T15:37:05.127,test88,self_20260531_153611,clip_126,1,listen,,0.4706,1898572.0,raspberry_pi_seeed_gsr,"1898572,0.4706"
2026-05-31T15:37:05.148,test88,self_20260531_153611,clip_126,1,listen,,0.4626,1898593.0,raspberry_pi_seeed_gsr,"1898593,0.4626"
2026-05-31T15:37:05.169,test88,self_20260531_153611,clip_126,1,listen,,0.465,1898614.0,raspberry_pi_seeed_gsr,"1898614,0.4650"
2026-05-31T15:37:05.190,test88,self_20260531_153611,clip_126,1,listen,,0.465,1898635.0,raspberry_pi_seeed_gsr,"1898635,0.4650"
2026-05-31T15:37:05.211,test88,self_20260531_153611,clip_126,1,listen,,0.465,1898656.0,raspberry_pi_seeed_gsr,"1898656,0.4650"
2026-05-31T15:37:05.257,test88,self_20260531_153611,clip_126,1,listen,,0.4706,1898677.0,raspberry_pi_seeed_gsr,"1898677,0.4706"
2026-05-31T15:37:05.258,test88,self_20260531_153611,clip_126,1,listen,,0.4658,1898698.0,raspberry_pi_seeed_gsr,"1898698,0.4658"
2026-05-31T15:37:05.274,test88,self_20260531_153611,clip_126,1,listen,,0.4658,1898719.0,raspberry_pi_seeed_gsr,"1898719,0.4658"
2026-05-31T15:37:05.295,test88,self_20260531_153611,clip_126,1,listen,,0.4642,1898740.0,raspberry_pi_seeed_gsr,"1898740,0.4642"
2026-05-31T15:37:05.316,test88,self_20260531_153611,clip_126,1,listen,,0.4634,1898761.0,raspberry_pi_seeed_gsr,"1898761,0.4634"
2026-05-31T15:37:05.337,test88,self_20260531_153611,clip_126,1,listen,,0.4618,1898782.0,raspberry_pi_seeed_gsr,"1898782,0.4618"
2026-05-31T15:37:05.358,test88,self_20260531_153611,clip_126,1,listen,,0.4642,1898803.0,raspberry_pi_seeed_gsr,"1898803,0.4642"
2026-05-31T15:37:05.379,test88,self_20260531_153611,clip_126,1,listen,,0.4642,1898824.0,raspberry_pi_seeed_gsr,"1898824,0.4642"
2026-05-31T15:37:05.400,test88,self_20260531_153611,clip_126,1,listen,,0.4618,1898845.0,raspberry_pi_seeed_gsr,"1898845,0.4618"
2026-05-31T15:37:05.421,test88,self_20260531_153611,clip_126,1,listen,,0.4626,1898866.0,raspberry_pi_seeed_gsr,"1898866,0.4626"
2026-05-31T15:37:05.442,test88,self_20260531_153611,clip_126,1,listen,,0.4601,1898887.0,raspberry_pi_seeed_gsr,"1898887,0.4601"
2026-05-31T15:37:05.463,test88,self_20260531_153611,clip_126,1,listen,,0.4634,1898908.0,raspberry_pi_seeed_gsr,"1898908,0.4634"
2026-05-31T15:37:05.508,test88,self_20260531_153611,clip_126,1,listen,,0.4626,1898929.0,raspberry_pi_seeed_gsr,"1898929,0.4626"
2026-05-31T15:37:05.509,test88,self_20260531_153611,clip_126,1,listen,,0.4609,1898950.0,raspberry_pi_seeed_gsr,"1898950,0.4609"
2026-05-31T15:37:05.526,test88,self_20260531_153611,clip_126,1,listen,,0.4601,1898971.0,raspberry_pi_seeed_gsr,"1898971,0.4601"
2026-05-31T15:37:05.547,test88,self_20260531_153611,clip_126,1,listen,,0.4601,1898992.0,raspberry_pi_seeed_gsr,"1898992,0.4601"
2026-05-31T15:37:05.568,test88,self_20260531_153611,clip_126,1,listen,,0.4626,1899013.0,raspberry_pi_seeed_gsr,"1899013,0.4626"
2026-05-31T15:37:05.589,test88,self_20260531_153611,clip_126,1,listen,,0.4577,1899034.0,raspberry_pi_seeed_gsr,"1899034,0.4577"
2026-05-31T15:37:05.610,test88,self_20260531_153611,clip_126,1,listen,,0.4593,1899055.0,raspberry_pi_seeed_gsr,"1899055,0.4593"
2026-05-31T15:37:05.631,test88,self_20260531_153611,clip_126,1,listen,,0.4585,1899076.0,raspberry_pi_seeed_gsr,"1899076,0.4585"
2026-05-31T15:37:05.652,test88,self_20260531_153611,clip_126,1,listen,,0.4609,1899097.0,raspberry_pi_seeed_gsr,"1899097,0.4609"
2026-05-31T15:37:05.673,test88,self_20260531_153611,clip_126,1,listen,,0.4585,1899118.0,raspberry_pi_seeed_gsr,"1899118,0.4585"
2026-05-31T15:37:05.694,test88,self_20260531_153611,clip_126,1,listen,,0.4585,1899139.0,raspberry_pi_seeed_gsr,"1899139,0.4585"
2026-05-31T15:37:05.715,test88,self_20260531_153611,clip_126,1,listen,,0.4593,1899160.0,raspberry_pi_seeed_gsr,"1899160,0.4593"
