timestamp,user_id,session_id,clip_id,trial_index,phase,hr,eda,sensor_elapsed_ms,source,raw_line
2026-06-01T00:43:16.068,hardware_check,self_20260601_004314,clip_001,1,rest,,0.8655,2434039.0,raspberry_pi_seeed_gsr,"2434039,0.8655"
2026-06-01T00:43:16.070,hardware_check,self_20260601_004314,clip_001,1,rest,,0.8518,2434060.0,raspberry_pi_seeed_gsr,"2434060,0.8518"
2026-06-01T00:43:16.071,hardware_check,self_20260601_004314,clip_001,1,rest,,0.8558,2434081.0,raspberry_pi_seeed_gsr,"2434081,0.8558"
2026-06-01T00:43:16.072,hardware_check,self_20260601_004314,clip_001,1,rest,,0.8518,2434102.0,raspberry_pi_seeed_gsr,"2434102,0.8518"
2026-06-01T00:43:16.074,hardware_check,self_20260601_004314,clip_001,1,rest,,0.8663,2434123.0,raspberry_pi_seeed_gsr,"2434123,0.8663"
2026-06-01T00:43:16.075,hardware_check,self_20260601_004314,clip_001,1,rest,,0.8639,2434144.0,raspberry_pi_seeed_gsr,"2434144,0.8639"
2026-06-01T00:43:16.076,hardware_check,self_20260601_004314,clip_001,1,rest,,0.8542,2434165.0,raspberry_pi_seeed_gsr,"2434165,0.8542"
2026-06-01T00:43:16.077,hardware_check,self_20260601_004314,clip_001,1,rest,,0.8542,2434186.0,raspberry_pi_seeed_gsr,"2434186,0.8542"
2026-06-01T00:43:16.078,hardware_check,self_20260601_004314,clip_001,1,rest,,0.8703,2434207.0,raspberry_pi_seeed_gsr,"2434207,0.8703"
2026-06-01T00:43:16.078,hardware_check,self_20260601_004314,clip_001,1,rest,,0.8582,2434228.0,raspberry_pi_seeed_gsr,"2434228,0.8582"
2026-06-01T00:43:16.079,hardware_check,self_20260601_004314,clip_001,1,rest,,0.8526,2434249.0,raspberry_pi_seeed_gsr,"2434249,0.8526"
2026-06-01T00:43:16.079,hardware_check,self_20260601_004314,clip_001,1,rest,,0.8574,2434270.0,raspberry_pi_seeed_gsr,"2434270,0.8574"
2026-06-01T00:43:16.080,hardware_check,self_20260601_004314,clip_001,1,rest,,0.8639,2434291.0,raspberry_pi_seeed_gsr,"2434291,0.8639"
2026-06-01T00:43:16.081,hardware_check,self_20260601_004314,clip_001,1,rest,,0.8615,2434312.0,raspberry_pi_seeed_gsr,"2434312,0.8615"
2026-06-01T00:43:16.081,hardware_check,self_20260601_004314,clip_001,1,rest,,0.855,2434333.0,raspberry_pi_seeed_gsr,"2434333,0.8550"
2026-06-01T00:43:16.082,hardware_check,self_20260601_004314,clip_001,1,rest,,0.8607,2434354.0,raspberry_pi_seeed_gsr,"2434354,0.8607"
2026-06-01T00:43:16.082,hardware_check,self_20260601_004314,clip_001,1,rest,,0.8526,2434375.0,raspberry_pi_seeed_gsr,"2434375,0.8526"
2026-06-01T00:43:16.083,hardware_check,self_20260601_004314,clip_001,1,rest,,0.8558,2434396.0,raspberry_pi_seeed_gsr,"2434396,0.8558"
2026-06-01T00:43:16.084,hardware_check,self_20260601_004314,clip_001,1,rest,,0.8526,2434417.0,raspberry_pi_seeed_gsr,"2434417,0.8526"
2026-06-01T00:43:16.085,hardware_check,self_20260601_004314,clip_001,1,rest,,0.8615,2434438.0,raspberry_pi_seeed_gsr,"2434438,0.8615"
2026-06-01T00:43:16.086,hardware_check,self_20260601_004314,clip_001,1,rest,,0.8679,2434459.0,raspberry_pi_seeed_gsr,"2434459,0.8679"
2026-06-01T00:43:16.086,hardware_check,self_20260601_004314,clip_001,1,rest,,0.8534,2434480.0,raspberry_pi_seeed_gsr,"2434480,0.8534"
2026-06-01T00:43:16.087,hardware_check,self_20260601_004314,clip_001,1,rest,,0.8558,2434501.0,raspberry_pi_seeed_gsr,"2434501,0.8558"
2026-06-01T00:43:16.088,hardware_check,self_20260601_004314,clip_001,1,rest,,0.8719,2434522.0,raspberry_pi_seeed_gsr,"2434522,0.8719"
2026-06-01T00:43:16.088,hardware_check,self_20260601_004314,clip_001,1,rest,,0.8582,2434543.0,raspberry_pi_seeed_gsr,"2434543,0.8582"
2026-06-01T00:43:16.089,hardware_check,self_20260601_004314,clip_001,1,rest,,0.8591,2434564.0,raspberry_pi_seeed_gsr,"2434564,0.8591"
2026-06-01T00:43:16.089,hardware_check,self_20260601_004314,clip_001,1,rest,,0.8534,2434585.0,raspberry_pi_seeed_gsr,"2434585,0.8534"
2026-06-01T00:43:16.090,hardware_check,self_20260601_004314,clip_001,1,rest,,0.8663,2434606.0,raspberry_pi_seeed_gsr,"2434606,0.8663"
2026-06-01T00:43:16.091,hardware_check,self_20260601_004314,clip_001,1,rest,,0.8623,2434627.0,raspberry_pi_seeed_gsr,"2434627,0.8623"
2026-06-01T00:43:16.091,hardware_check,self_20260601_004314,clip_001,1,rest,,0.855,2434648.0,raspberry_pi_seeed_gsr,"2434648,0.8550"
2026-06-01T00:43:16.092,hardware_check,self_20260601_004314,clip_001,1,rest,,0.8905,2434669.0,raspberry_pi_seeed_gsr,"2434669,0.8905"
2026-06-01T00:43:16.092,hardware_check,self_20260601_004314,clip_001,1,rest,,0.8744,2434690.0,raspberry_pi_seeed_gsr,"2434690,0.8744"
2026-06-01T00:43:16.093,hardware_check,self_20260601_004314,clip_001,1,rest,,0.8639,2434711.0,raspberry_pi_seeed_gsr,"2434711,0.8639"
2026-06-01T00:43:16.103,hardware_check,self_20260601_004314,clip_001,1,rest,,0.8574,2434732.0,raspberry_pi_seeed_gsr,"2434732,0.8574"
2026-06-01T00:43:16.124,hardware_check,self_20260601_004314,clip_001,1,rest,,0.8582,2434753.0,raspberry_pi_seeed_gsr,"2434753,0.8582"
2026-06-01T00:43:16.145,hardware_check,self_20260601_004314,clip_001,1,rest,,0.8655,2434774.0,raspberry_pi_seeed_gsr,"2434774,0.8655"
2026-06-01T00:43:16.166,hardware_check,self_20260601_004314,clip_001,1,rest,,0.8526,2434795.0,raspberry_pi_seeed_gsr,"2434795,0.8526"
2026-06-01T00:43:16.187,hardware_check,self_20260601_004314,clip_001,1,rest,,0.8494,2434816.0,raspberry_pi_seeed_gsr,"2434816,0.8494"
2026-06-01T00:43:16.208,hardware_check,self_20260601_004314,clip_001,1,rest,,0.855,2434837.0,raspberry_pi_seeed_gsr,"2434837,0.8550"
2026-06-01T00:43:16.229,hardware_check,self_20260601_004314,clip_001,1,rest,,0.8582,2434858.0,raspberry_pi_seeed_gsr,"2434858,0.8582"
2026-06-01T00:43:16.250,hardware_check,self_20260601_004314,clip_001,1,rest,,0.8518,2434879.0,raspberry_pi_seeed_gsr,"2434879,0.8518"
2026-06-01T00:43:16.271,hardware_check,self_20260601_004314,clip_001,1,rest,,0.8421,2434900.0,raspberry_pi_seeed_gsr,"2434900,0.8421"
2026-06-01T00:43:16.292,hardware_check,self_20260601_004314,clip_001,1,rest,,0.8558,2434921.0,raspberry_pi_seeed_gsr,"2434921,0.8558"
2026-06-01T00:43:16.313,hardware_check,self_20260601_004314,clip_001,1,rest,,0.8671,2434942.0,raspberry_pi_seeed_gsr,"2434942,0.8671"
2026-06-01T00:43:16.334,hardware_check,self_20260601_004314,clip_001,1,rest,,0.8341,2434963.0,raspberry_pi_seeed_gsr,"2434963,0.8341"
2026-06-01T00:43:16.509,hardware_check,self_20260601_004314,clip_001,1,rest,,0.8429,2434984.0,raspberry_pi_seeed_gsr,"2434984,0.8429"
2026-06-01T00:43:16.510,hardware_check,self_20260601_004314,clip_001,1,rest,,0.8574,2435005.0,raspberry_pi_seeed_gsr,"2435005,0.8574"
2026-06-01T00:43:16.510,hardware_check,self_20260601_004314,clip_001,1,rest,,0.88,2435026.0,raspberry_pi_seeed_gsr,"2435026,0.8800"
2026-06-01T00:43:16.510,hardware_check,self_20260601_004314,clip_001,1,rest,,0.8397,2435047.0,raspberry_pi_seeed_gsr,"2435047,0.8397"
2026-06-01T00:43:16.511,hardware_check,self_20260601_004314,clip_001,1,rest,,0.8446,2435068.0,raspberry_pi_seeed_gsr,"2435068,0.8446"
2026-06-01T00:43:16.511,hardware_check,self_20260601_004314,clip_001,1,rest,,0.8534,2435089.0,raspberry_pi_seeed_gsr,"2435089,0.8534"
2026-06-01T00:43:16.511,hardware_check,self_20260601_004314,clip_001,1,rest,,0.847,2435110.0,raspberry_pi_seeed_gsr,"2435110,0.8470"
2026-06-01T00:43:16.512,hardware_check,self_20260601_004314,clip_001,1,rest,,0.8413,2435131.0,raspberry_pi_seeed_gsr,"2435131,0.8413"
2026-06-01T00:43:16.524,hardware_check,self_20260601_004314,clip_001,1,rest,,0.8042,2435152.0,raspberry_pi_seeed_gsr,"2435152,0.8042"
2026-06-01T00:43:16.544,hardware_check,self_20260601_004314,clip_001,1,rest,,0.8478,2435173.0,raspberry_pi_seeed_gsr,"2435173,0.8478"
2026-06-01T00:43:16.565,hardware_check,self_20260601_004314,clip_001,1,rest,,0.8421,2435194.0,raspberry_pi_seeed_gsr,"2435194,0.8421"
2026-06-01T00:43:16.586,hardware_check,self_20260601_004314,clip_001,1,rest,,0.8276,2435215.0,raspberry_pi_seeed_gsr,"2435215,0.8276"
2026-06-01T00:43:16.620,hardware_check,self_20260601_004314,clip_001,1,rest,,0.8211,2435236.0,raspberry_pi_seeed_gsr,"2435236,0.8211"
2026-06-01T00:43:16.628,hardware_check,self_20260601_004314,clip_001,1,rest,,0.8292,2435257.0,raspberry_pi_seeed_gsr,"2435257,0.8292"
2026-06-01T00:43:16.649,hardware_check,self_20260601_004314,clip_001,1,rest,,0.8284,2435278.0,raspberry_pi_seeed_gsr,"2435278,0.8284"
2026-06-01T00:43:16.670,hardware_check,self_20260601_004314,clip_001,1,rest,,0.8292,2435299.0,raspberry_pi_seeed_gsr,"2435299,0.8292"
2026-06-01T00:43:16.691,hardware_check,self_20260601_004314,clip_001,1,rest,,0.8211,2435320.0,raspberry_pi_seeed_gsr,"2435320,0.8211"
2026-06-01T00:43:16.712,hardware_check,self_20260601_004314,clip_001,1,rest,,0.8244,2435341.0,raspberry_pi_seeed_gsr,"2435341,0.8244"
2026-06-01T00:43:16.733,hardware_check,self_20260601_004314,clip_001,1,rest,,0.8236,2435362.0,raspberry_pi_seeed_gsr,"2435362,0.8236"
2026-06-01T00:43:16.754,hardware_check,self_20260601_004314,clip_001,1,rest,,0.8219,2435383.0,raspberry_pi_seeed_gsr,"2435383,0.8219"
2026-06-01T00:43:16.775,hardware_check,self_20260601_004314,clip_001,1,rest,,0.7945,2435404.0,raspberry_pi_seeed_gsr,"2435404,0.7945"
2026-06-01T00:43:16.796,hardware_check,self_20260601_004314,clip_001,1,rest,,0.826,2435425.0,raspberry_pi_seeed_gsr,"2435425,0.8260"
2026-06-01T00:43:16.818,hardware_check,self_20260601_004314,clip_001,1,rest,,0.8187,2435446.0,raspberry_pi_seeed_gsr,"2435446,0.8187"
2026-06-01T00:43:16.838,hardware_check,self_20260601_004314,clip_001,1,rest,,0.8123,2435467.0,raspberry_pi_seeed_gsr,"2435467,0.8123"
2026-06-01T00:43:16.887,hardware_check,self_20260601_004314,clip_001,1,rest,,0.8203,2435488.0,raspberry_pi_seeed_gsr,"2435488,0.8203"
2026-06-01T00:43:16.888,hardware_check,self_20260601_004314,clip_001,1,rest,,0.8211,2435509.0,raspberry_pi_seeed_gsr,"2435509,0.8211"
2026-06-01T00:43:16.901,hardware_check,self_20260601_004314,clip_001,1,rest,,0.7768,2435530.0,raspberry_pi_seeed_gsr,"2435530,0.7768"
2026-06-01T00:43:16.922,hardware_check,self_20260601_004314,clip_001,1,rest,,0.8082,2435551.0,raspberry_pi_seeed_gsr,"2435551,0.8082"
2026-06-01T00:43:16.943,hardware_check,self_20260601_004314,clip_001,1,rest,,0.8123,2435572.0,raspberry_pi_seeed_gsr,"2435572,0.8123"
2026-06-01T00:43:16.964,hardware_check,self_20260601_004314,clip_001,1,rest,,0.8163,2435593.0,raspberry_pi_seeed_gsr,"2435593,0.8163"
2026-06-01T00:43:16.985,hardware_check,self_20260601_004314,clip_001,1,rest,,0.8018,2435614.0,raspberry_pi_seeed_gsr,"2435614,0.8018"
2026-06-01T00:43:17.006,hardware_check,self_20260601_004314,clip_001,1,rest,,0.7994,2435635.0,raspberry_pi_seeed_gsr,"2435635,0.7994"
2026-06-01T00:43:17.027,hardware_check,self_20260601_004314,clip_001,1,rest,,0.8058,2435656.0,raspberry_pi_seeed_gsr,"2435656,0.8058"
2026-06-01T00:43:17.048,hardware_check,self_20260601_004314,clip_001,1,rest,,0.8155,2435677.0,raspberry_pi_seeed_gsr,"2435677,0.8155"
2026-06-01T00:43:17.070,hardware_check,self_20260601_004314,clip_001,1,rest,,0.7929,2435698.0,raspberry_pi_seeed_gsr,"2435698,0.7929"
2026-06-01T00:43:17.091,hardware_check,self_20260601_004314,clip_001,1,rest,,0.7841,2435719.0,raspberry_pi_seeed_gsr,"2435719,0.7841"
2026-06-01T00:43:17.139,hardware_check,self_20260601_004314,clip_001,1,rest,,0.8018,2435740.0,raspberry_pi_seeed_gsr,"2435740,0.8018"
2026-06-01T00:43:17.139,hardware_check,self_20260601_004314,clip_001,1,rest,,0.7962,2435761.0,raspberry_pi_seeed_gsr,"2435761,0.7962"
2026-06-01T00:43:17.153,hardware_check,self_20260601_004314,clip_001,1,rest,,0.8026,2435782.0,raspberry_pi_seeed_gsr,"2435782,0.8026"
2026-06-01T00:43:17.174,hardware_check,self_20260601_004314,clip_001,1,rest,,0.7817,2435803.0,raspberry_pi_seeed_gsr,"2435803,0.7817"
2026-06-01T00:43:17.195,hardware_check,self_20260601_004314,clip_001,1,rest,,0.7962,2435824.0,raspberry_pi_seeed_gsr,"2435824,0.7962"
2026-06-01T00:43:17.216,hardware_check,self_20260601_004314,clip_001,1,rest,,0.7704,2435845.0,raspberry_pi_seeed_gsr,"2435845,0.7704"
2026-06-01T00:43:17.237,hardware_check,self_20260601_004314,clip_001,1,rest,,0.7809,2435866.0,raspberry_pi_seeed_gsr,"2435866,0.7809"
2026-06-01T00:43:17.258,hardware_check,self_20260601_004314,clip_001,1,rest,,0.7825,2435887.0,raspberry_pi_seeed_gsr,"2435887,0.7825"
2026-06-01T00:43:17.279,hardware_check,self_20260601_004314,clip_001,1,rest,,0.7873,2435908.0,raspberry_pi_seeed_gsr,"2435908,0.7873"
2026-06-01T00:43:17.300,hardware_check,self_20260601_004314,clip_001,1,rest,,0.7672,2435929.0,raspberry_pi_seeed_gsr,"2435929,0.7672"
2026-06-01T00:43:17.321,hardware_check,self_20260601_004314,clip_001,1,rest,,0.7833,2435950.0,raspberry_pi_seeed_gsr,"2435950,0.7833"
2026-06-01T00:43:17.343,hardware_check,self_20260601_004314,clip_001,1,rest,,0.7841,2435971.0,raspberry_pi_seeed_gsr,"2435971,0.7841"
2026-06-01T00:43:17.391,hardware_check,self_20260601_004314,clip_001,1,rest,,0.7784,2435992.0,raspberry_pi_seeed_gsr,"2435992,0.7784"
2026-06-01T00:43:17.391,hardware_check,self_20260601_004314,clip_001,1,rest,,0.772,2436013.0,raspberry_pi_seeed_gsr,"2436013,0.7720"
2026-06-01T00:43:17.405,hardware_check,self_20260601_004314,clip_001,1,rest,,0.78,2436034.0,raspberry_pi_seeed_gsr,"2436034,0.7800"
2026-06-01T00:43:17.426,hardware_check,self_20260601_004314,clip_001,1,rest,,0.7744,2436055.0,raspberry_pi_seeed_gsr,"2436055,0.7744"
2026-06-01T00:43:17.447,hardware_check,self_20260601_004314,clip_001,1,rest,,0.7865,2436076.0,raspberry_pi_seeed_gsr,"2436076,0.7865"
2026-06-01T00:43:17.468,hardware_check,self_20260601_004314,clip_001,1,rest,,0.7712,2436097.0,raspberry_pi_seeed_gsr,"2436097,0.7712"
2026-06-01T00:43:17.489,hardware_check,self_20260601_004314,clip_001,1,rest,,0.7575,2436118.0,raspberry_pi_seeed_gsr,"2436118,0.7575"
2026-06-01T00:43:17.510,hardware_check,self_20260601_004314,clip_001,1,rest,,0.7841,2436139.0,raspberry_pi_seeed_gsr,"2436139,0.7841"
2026-06-01T00:43:17.531,hardware_check,self_20260601_004314,clip_001,1,rest,,0.7736,2436160.0,raspberry_pi_seeed_gsr,"2436160,0.7736"
2026-06-01T00:43:17.552,hardware_check,self_20260601_004314,clip_001,1,rest,,0.7776,2436181.0,raspberry_pi_seeed_gsr,"2436181,0.7776"
2026-06-01T00:43:17.573,hardware_check,self_20260601_004314,clip_001,1,rest,,0.7784,2436202.0,raspberry_pi_seeed_gsr,"2436202,0.7784"
2026-06-01T00:43:17.595,hardware_check,self_20260601_004314,clip_001,1,rest,,0.7768,2436223.0,raspberry_pi_seeed_gsr,"2436223,0.7768"
2026-06-01T00:43:17.642,hardware_check,self_20260601_004314,clip_001,1,rest,,0.7905,2436244.0,raspberry_pi_seeed_gsr,"2436244,0.7905"
2026-06-01T00:43:17.643,hardware_check,self_20260601_004314,clip_001,1,rest,,0.7655,2436265.0,raspberry_pi_seeed_gsr,"2436265,0.7655"
2026-06-01T00:43:17.657,hardware_check,self_20260601_004314,clip_001,1,rest,,0.7712,2436286.0,raspberry_pi_seeed_gsr,"2436286,0.7712"
2026-06-01T00:43:17.678,hardware_check,self_20260601_004314,clip_001,1,rest,,0.7833,2436307.0,raspberry_pi_seeed_gsr,"2436307,0.7833"
2026-06-01T00:43:17.699,hardware_check,self_20260601_004314,clip_001,1,rest,,0.7736,2436328.0,raspberry_pi_seeed_gsr,"2436328,0.7736"
2026-06-01T00:43:17.720,hardware_check,self_20260601_004314,clip_001,1,rest,,0.7494,2436349.0,raspberry_pi_seeed_gsr,"2436349,0.7494"
2026-06-01T00:43:17.741,hardware_check,self_20260601_004314,clip_001,1,rest,,0.7631,2436370.0,raspberry_pi_seeed_gsr,"2436370,0.7631"
2026-06-01T00:43:17.762,hardware_check,self_20260601_004314,clip_001,1,rest,,0.7696,2436391.0,raspberry_pi_seeed_gsr,"2436391,0.7696"
2026-06-01T00:43:17.783,hardware_check,self_20260601_004314,clip_001,1,rest,,0.7696,2436412.0,raspberry_pi_seeed_gsr,"2436412,0.7696"
2026-06-01T00:43:17.804,hardware_check,self_20260601_004314,clip_001,1,rest,,0.7567,2436433.0,raspberry_pi_seeed_gsr,"2436433,0.7567"
2026-06-01T00:43:17.825,hardware_check,self_20260601_004314,clip_001,1,rest,,0.7696,2436454.0,raspberry_pi_seeed_gsr,"2436454,0.7696"
2026-06-01T00:43:17.846,hardware_check,self_20260601_004314,clip_001,1,rest,,0.7655,2436475.0,raspberry_pi_seeed_gsr,"2436475,0.7655"
2026-06-01T00:43:17.895,hardware_check,self_20260601_004314,clip_001,1,rest,,0.7615,2436496.0,raspberry_pi_seeed_gsr,"2436496,0.7615"
2026-06-01T00:43:17.896,hardware_check,self_20260601_004314,clip_001,1,rest,,0.7623,2436517.0,raspberry_pi_seeed_gsr,"2436517,0.7623"
2026-06-01T00:43:17.909,hardware_check,self_20260601_004314,clip_001,1,rest,,0.7639,2436538.0,raspberry_pi_seeed_gsr,"2436538,0.7639"
2026-06-01T00:43:17.930,hardware_check,self_20260601_004314,clip_001,1,rest,,0.7736,2436559.0,raspberry_pi_seeed_gsr,"2436559,0.7736"
2026-06-01T00:43:17.951,hardware_check,self_20260601_004314,clip_001,1,rest,,0.7615,2436580.0,raspberry_pi_seeed_gsr,"2436580,0.7615"
2026-06-01T00:43:17.972,hardware_check,self_20260601_004314,clip_001,1,rest,,0.7559,2436601.0,raspberry_pi_seeed_gsr,"2436601,0.7559"
2026-06-01T00:43:17.993,hardware_check,self_20260601_004314,clip_001,1,rest,,0.7567,2436622.0,raspberry_pi_seeed_gsr,"2436622,0.7567"
2026-06-01T00:43:18.014,hardware_check,self_20260601_004314,clip_001,1,rest,,0.7655,2436643.0,raspberry_pi_seeed_gsr,"2436643,0.7655"
2026-06-01T00:43:18.035,hardware_check,self_20260601_004314,clip_001,1,rest,,0.7647,2436664.0,raspberry_pi_seeed_gsr,"2436664,0.7647"
2026-06-01T00:43:18.056,hardware_check,self_20260601_004314,clip_001,1,rest,,0.7655,2436685.0,raspberry_pi_seeed_gsr,"2436685,0.7655"
2026-06-01T00:43:18.077,hardware_check,self_20260601_004314,clip_001,1,rest,,0.7623,2436706.0,raspberry_pi_seeed_gsr,"2436706,0.7623"
2026-06-01T00:43:18.098,hardware_check,self_20260601_004314,clip_001,1,rest,,0.7752,2436727.0,raspberry_pi_seeed_gsr,"2436727,0.7752"
2026-06-01T00:43:18.119,hardware_check,self_20260601_004314,clip_001,1,rest,,0.7591,2436748.0,raspberry_pi_seeed_gsr,"2436748,0.7591"
2026-06-01T00:43:18.142,hardware_check,self_20260601_004314,clip_001,1,rest,,0.7704,2436769.0,raspberry_pi_seeed_gsr,"2436769,0.7704"
2026-06-01T00:43:18.161,hardware_check,self_20260601_004314,clip_001,1,rest,,0.7672,2436790.0,raspberry_pi_seeed_gsr,"2436790,0.7672"
2026-06-01T00:43:18.182,hardware_check,self_20260601_004314,clip_001,1,rest,,0.7768,2436811.0,raspberry_pi_seeed_gsr,"2436811,0.7768"
2026-06-01T00:43:18.203,hardware_check,self_20260601_004314,clip_001,1,rest,,0.7567,2436832.0,raspberry_pi_seeed_gsr,"2436832,0.7567"
2026-06-01T00:43:18.224,hardware_check,self_20260601_004314,clip_001,1,rest,,0.7615,2436853.0,raspberry_pi_seeed_gsr,"2436853,0.7615"
2026-06-01T00:43:18.245,hardware_check,self_20260601_004314,clip_001,1,rest,,0.7752,2436874.0,raspberry_pi_seeed_gsr,"2436874,0.7752"
2026-06-01T00:43:18.266,hardware_check,self_20260601_004314,clip_001,1,rest,,0.7744,2436895.0,raspberry_pi_seeed_gsr,"2436895,0.7744"
2026-06-01T00:43:18.287,hardware_check,self_20260601_004314,clip_001,1,rest,,0.7567,2436916.0,raspberry_pi_seeed_gsr,"2436916,0.7567"
2026-06-01T00:43:18.308,hardware_check,self_20260601_004314,clip_001,1,rest,,0.7631,2436937.0,raspberry_pi_seeed_gsr,"2436937,0.7631"
2026-06-01T00:43:18.329,hardware_check,self_20260601_004314,clip_001,1,rest,,0.7744,2436958.0,raspberry_pi_seeed_gsr,"2436958,0.7744"
2026-06-01T00:43:18.350,hardware_check,self_20260601_004314,clip_001,1,rest,,0.7647,2436979.0,raspberry_pi_seeed_gsr,"2436979,0.7647"
2026-06-01T00:43:18.371,hardware_check,self_20260601_004314,clip_001,1,rest,,0.7623,2437000.0,raspberry_pi_seeed_gsr,"2437000,0.7623"
2026-06-01T00:43:18.418,hardware_check,self_20260601_004314,clip_001,1,rest,,0.768,2437021.0,raspberry_pi_seeed_gsr,"2437021,0.7680"
2026-06-01T00:43:18.419,hardware_check,self_20260601_004314,clip_001,1,rest,,0.776,2437042.0,raspberry_pi_seeed_gsr,"2437042,0.7760"
2026-06-01T00:43:18.434,hardware_check,self_20260601_004314,clip_001,1,rest,,0.7655,2437063.0,raspberry_pi_seeed_gsr,"2437063,0.7655"
2026-06-01T00:43:18.455,hardware_check,self_20260601_004314,clip_001,1,rest,,0.7688,2437084.0,raspberry_pi_seeed_gsr,"2437084,0.7688"
2026-06-01T00:43:18.476,hardware_check,self_20260601_004314,clip_001,1,rest,,0.7647,2437105.0,raspberry_pi_seeed_gsr,"2437105,0.7647"
2026-06-01T00:43:18.497,hardware_check,self_20260601_004314,clip_001,1,rest,,0.7825,2437126.0,raspberry_pi_seeed_gsr,"2437126,0.7825"
2026-06-01T00:43:18.518,hardware_check,self_20260601_004314,clip_001,1,rest,,0.7647,2437147.0,raspberry_pi_seeed_gsr,"2437147,0.7647"
2026-06-01T00:43:18.539,hardware_check,self_20260601_004314,clip_001,1,rest,,0.7567,2437168.0,raspberry_pi_seeed_gsr,"2437168,0.7567"
2026-06-01T00:43:18.561,hardware_check,self_20260601_004314,clip_001,1,rest,,0.7873,2437189.0,raspberry_pi_seeed_gsr,"2437189,0.7873"
2026-06-01T00:43:18.581,hardware_check,self_20260601_004314,clip_001,1,rest,,0.7809,2437210.0,raspberry_pi_seeed_gsr,"2437210,0.7809"
2026-06-01T00:43:18.603,hardware_check,self_20260601_004314,clip_001,1,rest,,0.776,2437231.0,raspberry_pi_seeed_gsr,"2437231,0.7760"
2026-06-01T00:43:18.624,hardware_check,self_20260601_004314,clip_001,1,rest,,0.7776,2437252.0,raspberry_pi_seeed_gsr,"2437252,0.7776"
2026-06-01T00:43:18.672,hardware_check,self_20260601_004314,clip_001,1,rest,,0.7784,2437273.0,raspberry_pi_seeed_gsr,"2437273,0.7784"
2026-06-01T00:43:18.672,hardware_check,self_20260601_004314,clip_001,1,rest,,0.7776,2437294.0,raspberry_pi_seeed_gsr,"2437294,0.7776"
2026-06-01T00:43:18.686,hardware_check,self_20260601_004314,clip_001,1,rest,,0.7696,2437315.0,raspberry_pi_seeed_gsr,"2437315,0.7696"
2026-06-01T00:43:18.707,hardware_check,self_20260601_004314,clip_001,1,rest,,0.7704,2437336.0,raspberry_pi_seeed_gsr,"2437336,0.7704"
2026-06-01T00:43:18.728,hardware_check,self_20260601_004314,clip_001,1,rest,,0.7873,2437357.0,raspberry_pi_seeed_gsr,"2437357,0.7873"
2026-06-01T00:43:18.749,hardware_check,self_20260601_004314,clip_001,1,rest,,0.7857,2437378.0,raspberry_pi_seeed_gsr,"2437378,0.7857"
2026-06-01T00:43:18.770,hardware_check,self_20260601_004314,clip_001,1,rest,,0.7647,2437399.0,raspberry_pi_seeed_gsr,"2437399,0.7647"
2026-06-01T00:43:18.791,hardware_check,self_20260601_004314,clip_001,1,rest,,0.776,2437420.0,raspberry_pi_seeed_gsr,"2437420,0.7760"
2026-06-01T00:43:18.812,hardware_check,self_20260601_004314,clip_001,1,rest,,0.797,2437441.0,raspberry_pi_seeed_gsr,"2437441,0.7970"
2026-06-01T00:43:18.833,hardware_check,self_20260601_004314,clip_001,1,rest,,0.7849,2437462.0,raspberry_pi_seeed_gsr,"2437462,0.7849"
2026-06-01T00:43:18.854,hardware_check,self_20260601_004314,clip_001,1,rest,,0.7551,2437483.0,raspberry_pi_seeed_gsr,"2437483,0.7551"
2026-06-01T00:43:18.875,hardware_check,self_20260601_004314,clip_001,1,rest,,0.7784,2437504.0,raspberry_pi_seeed_gsr,"2437504,0.7784"
2026-06-01T00:43:18.896,hardware_check,self_20260601_004314,clip_001,1,rest,,0.7897,2437525.0,raspberry_pi_seeed_gsr,"2437525,0.7897"
2026-06-01T00:43:18.935,hardware_check,self_20260601_004314,clip_001,1,rest,,0.7857,2437546.0,raspberry_pi_seeed_gsr,"2437546,0.7857"
2026-06-01T00:43:18.938,hardware_check,self_20260601_004314,clip_001,1,rest,,0.7736,2437567.0,raspberry_pi_seeed_gsr,"2437567,0.7736"
2026-06-01T00:43:18.959,hardware_check,self_20260601_004314,clip_001,1,rest,,0.7881,2437588.0,raspberry_pi_seeed_gsr,"2437588,0.7881"
2026-06-01T00:43:18.980,hardware_check,self_20260601_004314,clip_001,1,rest,,0.7929,2437609.0,raspberry_pi_seeed_gsr,"2437609,0.7929"
2026-06-01T00:43:19.001,hardware_check,self_20260601_004314,clip_001,1,rest,,0.7825,2437630.0,raspberry_pi_seeed_gsr,"2437630,0.7825"
2026-06-01T00:43:19.022,hardware_check,self_20260601_004314,clip_001,1,rest,,0.7712,2437651.0,raspberry_pi_seeed_gsr,"2437651,0.7712"
2026-06-01T00:43:19.043,hardware_check,self_20260601_004314,clip_001,1,rest,,0.7889,2437672.0,raspberry_pi_seeed_gsr,"2437672,0.7889"
2026-06-01T00:43:19.064,hardware_check,self_20260601_004314,clip_001,1,rest,,0.797,2437693.0,raspberry_pi_seeed_gsr,"2437693,0.7970"
2026-06-01T00:43:19.086,hardware_check,self_20260601_004314,clip_001,1,rest,,0.7833,2437714.0,raspberry_pi_seeed_gsr,"2437714,0.7833"
2026-06-01T00:43:19.106,hardware_check,self_20260601_004314,clip_001,1,rest,,0.7857,2437735.0,raspberry_pi_seeed_gsr,"2437735,0.7857"
2026-06-01T00:43:19.128,hardware_check,self_20260601_004314,clip_001,1,rest,,0.7913,2437756.0,raspberry_pi_seeed_gsr,"2437756,0.7913"
2026-06-01T00:43:19.148,hardware_check,self_20260601_004314,clip_001,1,rest,,0.7994,2437777.0,raspberry_pi_seeed_gsr,"2437777,0.7994"
2026-06-01T00:43:19.195,hardware_check,self_20260601_004314,clip_001,1,rest,,0.7817,2437798.0,raspberry_pi_seeed_gsr,"2437798,0.7817"
2026-06-01T00:43:19.196,hardware_check,self_20260601_004314,clip_001,1,rest,,0.7825,2437819.0,raspberry_pi_seeed_gsr,"2437819,0.7825"
2026-06-01T00:43:19.211,hardware_check,self_20260601_004314,clip_001,1,rest,,0.7929,2437840.0,raspberry_pi_seeed_gsr,"2437840,0.7929"
2026-06-01T00:43:19.232,hardware_check,self_20260601_004314,clip_001,1,rest,,0.7929,2437861.0,raspberry_pi_seeed_gsr,"2437861,0.7929"
2026-06-01T00:43:19.253,hardware_check,self_20260601_004314,clip_001,1,rest,,0.7865,2437882.0,raspberry_pi_seeed_gsr,"2437882,0.7865"
2026-06-01T00:43:19.274,hardware_check,self_20260601_004314,clip_001,1,rest,,0.7841,2437903.0,raspberry_pi_seeed_gsr,"2437903,0.7841"
2026-06-01T00:43:19.295,hardware_check,self_20260601_004314,clip_001,1,rest,,0.8018,2437924.0,raspberry_pi_seeed_gsr,"2437924,0.8018"
2026-06-01T00:43:19.316,hardware_check,self_20260601_004314,clip_001,1,rest,,0.7994,2437945.0,raspberry_pi_seeed_gsr,"2437945,0.7994"
2026-06-01T00:43:19.337,hardware_check,self_20260601_004314,clip_001,1,rest,,0.7986,2437966.0,raspberry_pi_seeed_gsr,"2437966,0.7986"
2026-06-01T00:43:19.358,hardware_check,self_20260601_004314,clip_001,1,rest,,0.7615,2437987.0,raspberry_pi_seeed_gsr,"2437987,0.7615"
2026-06-01T00:43:19.379,hardware_check,self_20260601_004314,clip_001,1,rest,,0.8074,2438008.0,raspberry_pi_seeed_gsr,"2438008,0.8074"
2026-06-01T00:43:19.400,hardware_check,self_20260601_004314,clip_001,1,rest,,0.7978,2438029.0,raspberry_pi_seeed_gsr,"2438029,0.7978"
2026-06-01T00:43:19.449,hardware_check,self_20260601_004314,clip_001,1,rest,,0.7881,2438050.0,raspberry_pi_seeed_gsr,"2438050,0.7881"
2026-06-01T00:43:19.450,hardware_check,self_20260601_004314,clip_001,1,rest,,0.7921,2438071.0,raspberry_pi_seeed_gsr,"2438071,0.7921"
2026-06-01T00:43:19.463,hardware_check,self_20260601_004314,clip_001,1,rest,,0.8058,2438092.0,raspberry_pi_seeed_gsr,"2438092,0.8058"
2026-06-01T00:43:19.484,hardware_check,self_20260601_004314,clip_001,1,rest,,0.8018,2438113.0,raspberry_pi_seeed_gsr,"2438113,0.8018"
2026-06-01T00:43:19.505,hardware_check,self_20260601_004314,clip_001,1,rest,,0.7889,2438134.0,raspberry_pi_seeed_gsr,"2438134,0.7889"
2026-06-01T00:43:19.526,hardware_check,self_20260601_004314,clip_001,1,rest,,0.801,2438155.0,raspberry_pi_seeed_gsr,"2438155,0.8010"
2026-06-01T00:43:19.547,hardware_check,self_20260601_004314,clip_001,1,rest,,0.8171,2438176.0,raspberry_pi_seeed_gsr,"2438176,0.8171"
2026-06-01T00:43:19.568,hardware_check,self_20260601_004314,clip_001,1,rest,,0.7929,2438197.0,raspberry_pi_seeed_gsr,"2438197,0.7929"
2026-06-01T00:43:19.589,hardware_check,self_20260601_004314,clip_001,1,rest,,0.7905,2438218.0,raspberry_pi_seeed_gsr,"2438218,0.7905"
2026-06-01T00:43:19.611,hardware_check,self_20260601_004314,clip_001,1,rest,,0.8058,2438239.0,raspberry_pi_seeed_gsr,"2438239,0.8058"
2026-06-01T00:43:19.633,hardware_check,self_20260601_004314,clip_001,1,rest,,0.8123,2438260.0,raspberry_pi_seeed_gsr,"2438260,0.8123"
2026-06-01T00:43:19.652,hardware_check,self_20260601_004314,clip_001,1,rest,,0.7978,2438281.0,raspberry_pi_seeed_gsr,"2438281,0.7978"
2026-06-01T00:43:19.694,hardware_check,self_20260601_004314,clip_001,1,rest,,0.797,2438302.0,raspberry_pi_seeed_gsr,"2438302,0.7970"
2026-06-01T00:43:19.695,hardware_check,self_20260601_004314,clip_001,1,rest,,0.8155,2438323.0,raspberry_pi_seeed_gsr,"2438323,0.8155"
2026-06-01T00:43:19.715,hardware_check,self_20260601_004314,clip_001,1,rest,,0.8074,2438344.0,raspberry_pi_seeed_gsr,"2438344,0.8074"
2026-06-01T00:43:19.736,hardware_check,self_20260601_004314,clip_001,1,rest,,0.7889,2438365.0,raspberry_pi_seeed_gsr,"2438365,0.7889"
2026-06-01T00:43:19.757,hardware_check,self_20260601_004314,clip_001,1,rest,,0.8292,2438386.0,raspberry_pi_seeed_gsr,"2438386,0.8292"
2026-06-01T00:43:19.778,hardware_check,self_20260601_004314,clip_001,1,rest,,0.8139,2438407.0,raspberry_pi_seeed_gsr,"2438407,0.8139"
2026-06-01T00:43:19.799,hardware_check,self_20260601_004314,clip_001,1,rest,,0.8066,2438428.0,raspberry_pi_seeed_gsr,"2438428,0.8066"
2026-06-01T00:43:19.820,hardware_check,self_20260601_004314,clip_001,1,rest,,0.7945,2438449.0,raspberry_pi_seeed_gsr,"2438449,0.7945"
2026-06-01T00:43:19.841,hardware_check,self_20260601_004314,clip_001,1,rest,,0.8042,2438470.0,raspberry_pi_seeed_gsr,"2438470,0.8042"
2026-06-01T00:43:19.862,hardware_check,self_20260601_004314,clip_001,1,rest,,0.8123,2438491.0,raspberry_pi_seeed_gsr,"2438491,0.8123"
2026-06-01T00:43:19.883,hardware_check,self_20260601_004314,clip_001,1,rest,,0.8179,2438512.0,raspberry_pi_seeed_gsr,"2438512,0.8179"
2026-06-01T00:43:19.904,hardware_check,self_20260601_004314,clip_001,1,rest,,0.797,2438533.0,raspberry_pi_seeed_gsr,"2438533,0.7970"
2026-06-01T00:43:19.925,hardware_check,self_20260601_004314,clip_001,1,rest,,0.8074,2438554.0,raspberry_pi_seeed_gsr,"2438554,0.8074"
2026-06-01T00:43:19.966,hardware_check,self_20260601_004314,clip_001,1,rest,,0.8187,2438575.0,raspberry_pi_seeed_gsr,"2438575,0.8187"
2026-06-01T00:43:19.967,hardware_check,self_20260601_004314,clip_001,1,rest,,0.8074,2438596.0,raspberry_pi_seeed_gsr,"2438596,0.8074"
2026-06-01T00:43:19.988,hardware_check,self_20260601_004314,clip_001,1,rest,,0.8042,2438617.0,raspberry_pi_seeed_gsr,"2438617,0.8042"
2026-06-01T00:43:20.009,hardware_check,self_20260601_004314,clip_001,1,rest,,0.8018,2438638.0,raspberry_pi_seeed_gsr,"2438638,0.8018"
2026-06-01T00:43:20.030,hardware_check,self_20260601_004314,clip_001,1,rest,,0.8018,2438659.0,raspberry_pi_seeed_gsr,"2438659,0.8018"
2026-06-01T00:43:20.051,hardware_check,self_20260601_004314,clip_001,1,rest,,0.8107,2438680.0,raspberry_pi_seeed_gsr,"2438680,0.8107"
2026-06-01T00:43:20.072,hardware_check,self_20260601_004314,clip_001,1,rest,,0.7994,2438701.0,raspberry_pi_seeed_gsr,"2438701,0.7994"
2026-06-01T00:43:20.093,hardware_check,self_20260601_004314,clip_001,1,rest,,0.8244,2438722.0,raspberry_pi_seeed_gsr,"2438722,0.8244"
2026-06-01T00:43:20.114,hardware_check,self_20260601_004314,clip_001,1,rest,,0.8195,2438743.0,raspberry_pi_seeed_gsr,"2438743,0.8195"
2026-06-01T00:43:20.135,hardware_check,self_20260601_004314,clip_001,1,rest,,0.8107,2438764.0,raspberry_pi_seeed_gsr,"2438764,0.8107"
2026-06-01T00:43:20.156,hardware_check,self_20260601_004314,clip_001,1,rest,,0.8042,2438785.0,raspberry_pi_seeed_gsr,"2438785,0.8042"
2026-06-01T00:43:20.177,hardware_check,self_20260601_004314,clip_001,1,rest,,0.8058,2438806.0,raspberry_pi_seeed_gsr,"2438806,0.8058"
2026-06-01T00:43:20.216,hardware_check,self_20260601_004314,clip_001,1,rest,,0.8187,2438827.0,raspberry_pi_seeed_gsr,"2438827,0.8187"
2026-06-01T00:43:20.219,hardware_check,self_20260601_004314,clip_001,1,rest,,0.8066,2438848.0,raspberry_pi_seeed_gsr,"2438848,0.8066"
2026-06-01T00:43:20.240,hardware_check,self_20260601_004314,clip_001,1,rest,,0.8163,2438869.0,raspberry_pi_seeed_gsr,"2438869,0.8163"
2026-06-01T00:43:20.261,hardware_check,self_20260601_004314,clip_001,1,rest,,0.8163,2438890.0,raspberry_pi_seeed_gsr,"2438890,0.8163"
2026-06-01T00:43:20.282,hardware_check,self_20260601_004314,clip_001,1,rest,,0.8203,2438911.0,raspberry_pi_seeed_gsr,"2438911,0.8203"
2026-06-01T00:43:20.303,hardware_check,self_20260601_004314,clip_001,1,rest,,0.8018,2438932.0,raspberry_pi_seeed_gsr,"2438932,0.8018"
2026-06-01T00:43:20.324,hardware_check,self_20260601_004314,clip_001,1,rest,,0.8123,2438953.0,raspberry_pi_seeed_gsr,"2438953,0.8123"
2026-06-01T00:43:20.345,hardware_check,self_20260601_004314,clip_001,1,rest,,0.8268,2438974.0,raspberry_pi_seeed_gsr,"2438974,0.8268"
2026-06-01T00:43:20.366,hardware_check,self_20260601_004314,clip_001,1,rest,,0.8462,2438995.0,raspberry_pi_seeed_gsr,"2438995,0.8462"
2026-06-01T00:43:20.387,hardware_check,self_20260601_004314,clip_001,1,rest,,0.8026,2439016.0,raspberry_pi_seeed_gsr,"2439016,0.8026"
2026-06-01T00:43:20.408,hardware_check,self_20260601_004314,clip_001,1,rest,,0.8163,2439037.0,raspberry_pi_seeed_gsr,"2439037,0.8163"
2026-06-01T00:43:20.429,hardware_check,self_20260601_004314,clip_001,1,rest,,0.8203,2439058.0,raspberry_pi_seeed_gsr,"2439058,0.8203"
2026-06-01T00:43:20.470,hardware_check,self_20260601_004314,clip_001,1,rest,,0.8227,2439079.0,raspberry_pi_seeed_gsr,"2439079,0.8227"
2026-06-01T00:43:20.471,hardware_check,self_20260601_004314,clip_001,1,rest,,0.8099,2439100.0,raspberry_pi_seeed_gsr,"2439100,0.8099"
2026-06-01T00:43:20.492,hardware_check,self_20260601_004314,clip_001,1,rest,,0.8123,2439121.0,raspberry_pi_seeed_gsr,"2439121,0.8123"
2026-06-01T00:43:20.513,hardware_check,self_20260601_004314,clip_001,1,rest,,0.8227,2439142.0,raspberry_pi_seeed_gsr,"2439142,0.8227"
2026-06-01T00:43:20.534,hardware_check,self_20260601_004314,clip_001,1,rest,,0.8131,2439163.0,raspberry_pi_seeed_gsr,"2439163,0.8131"
2026-06-01T00:43:20.555,hardware_check,self_20260601_004314,clip_001,1,rest,,0.7954,2439184.0,raspberry_pi_seeed_gsr,"2439184,0.7954"
2026-06-01T00:43:20.576,hardware_check,self_20260601_004314,clip_001,1,rest,,0.8131,2439205.0,raspberry_pi_seeed_gsr,"2439205,0.8131"
2026-06-01T00:43:20.597,hardware_check,self_20260601_004314,clip_001,1,rest,,0.8211,2439226.0,raspberry_pi_seeed_gsr,"2439226,0.8211"
2026-06-01T00:43:20.619,hardware_check,self_20260601_004314,clip_001,1,rest,,0.8082,2439247.0,raspberry_pi_seeed_gsr,"2439247,0.8082"
2026-06-01T00:43:20.639,hardware_check,self_20260601_004314,clip_001,1,rest,,0.7994,2439268.0,raspberry_pi_seeed_gsr,"2439268,0.7994"
2026-06-01T00:43:20.661,hardware_check,self_20260601_004314,clip_001,1,rest,,0.826,2439289.0,raspberry_pi_seeed_gsr,"2439289,0.8260"
2026-06-01T00:43:20.681,hardware_check,self_20260601_004314,clip_001,1,rest,,0.8244,2439310.0,raspberry_pi_seeed_gsr,"2439310,0.8244"
2026-06-01T00:43:20.702,hardware_check,self_20260601_004314,clip_001,1,rest,,0.8147,2439331.0,raspberry_pi_seeed_gsr,"2439331,0.8147"
2026-06-01T00:43:20.743,hardware_check,self_20260601_004314,clip_001,1,rest,,0.83,2439352.0,raspberry_pi_seeed_gsr,"2439352,0.8300"
2026-06-01T00:43:20.744,hardware_check,self_20260601_004314,clip_001,1,rest,,0.8227,2439373.0,raspberry_pi_seeed_gsr,"2439373,0.8227"
2026-06-01T00:43:20.765,hardware_check,self_20260601_004314,clip_001,1,rest,,0.8203,2439394.0,raspberry_pi_seeed_gsr,"2439394,0.8203"
2026-06-01T00:43:20.786,hardware_check,self_20260601_004314,clip_001,1,rest,,0.8091,2439415.0,raspberry_pi_seeed_gsr,"2439415,0.8091"
2026-06-01T00:43:20.807,hardware_check,self_20260601_004314,clip_001,1,rest,,0.8123,2439436.0,raspberry_pi_seeed_gsr,"2439436,0.8123"
2026-06-01T00:43:20.828,hardware_check,self_20260601_004314,clip_001,1,rest,,0.8236,2439457.0,raspberry_pi_seeed_gsr,"2439457,0.8236"
2026-06-01T00:43:20.849,hardware_check,self_20260601_004314,clip_001,1,rest,,0.8252,2439478.0,raspberry_pi_seeed_gsr,"2439478,0.8252"
2026-06-01T00:43:20.870,hardware_check,self_20260601_004314,clip_001,1,rest,,0.8195,2439499.0,raspberry_pi_seeed_gsr,"2439499,0.8195"
2026-06-01T00:43:20.891,hardware_check,self_20260601_004314,clip_001,1,rest,,0.8171,2439520.0,raspberry_pi_seeed_gsr,"2439520,0.8171"
2026-06-01T00:43:20.912,hardware_check,self_20260601_004314,clip_001,1,rest,,0.8219,2439541.0,raspberry_pi_seeed_gsr,"2439541,0.8219"
2026-06-01T00:43:20.933,hardware_check,self_20260601_004314,clip_001,1,rest,,0.8211,2439562.0,raspberry_pi_seeed_gsr,"2439562,0.8211"
2026-06-01T00:43:20.954,hardware_check,self_20260601_004314,clip_001,1,rest,,0.8131,2439583.0,raspberry_pi_seeed_gsr,"2439583,0.8131"
2026-06-01T00:43:20.994,hardware_check,self_20260601_004314,clip_001,1,rest,,0.8107,2439604.0,raspberry_pi_seeed_gsr,"2439604,0.8107"
2026-06-01T00:43:20.996,hardware_check,self_20260601_004314,clip_001,1,rest,,0.8211,2439625.0,raspberry_pi_seeed_gsr,"2439625,0.8211"
2026-06-01T00:43:21.017,hardware_check,self_20260601_004314,clip_001,1,rest,,0.8365,2439646.0,raspberry_pi_seeed_gsr,"2439646,0.8365"
2026-06-01T00:43:21.038,hardware_check,self_20260601_004314,clip_001,1,rest,,0.8091,2439667.0,raspberry_pi_seeed_gsr,"2439667,0.8091"
2026-06-01T00:43:21.059,hardware_check,self_20260601_004314,clip_001,1,rest,,0.801,2439688.0,raspberry_pi_seeed_gsr,"2439688,0.8010"
2026-06-01T00:43:21.080,hardware_check,self_20260601_004314,clip_001,1,rest,,0.8341,2439709.0,raspberry_pi_seeed_gsr,"2439709,0.8341"
2026-06-01T00:43:21.101,hardware_check,self_20260601_004314,clip_001,1,rest,,0.8252,2439730.0,raspberry_pi_seeed_gsr,"2439730,0.8252"
2026-06-01T00:43:21.122,hardware_check,self_20260601_004314,clip_001,1,rest,,0.8115,2439751.0,raspberry_pi_seeed_gsr,"2439751,0.8115"
2026-06-01T00:43:21.143,hardware_check,self_20260601_004314,clip_001,1,rest,,0.8211,2439772.0,raspberry_pi_seeed_gsr,"2439772,0.8211"
2026-06-01T00:43:21.164,hardware_check,self_20260601_004314,clip_001,1,rest,,0.8203,2439793.0,raspberry_pi_seeed_gsr,"2439793,0.8203"
2026-06-01T00:43:21.186,hardware_check,self_20260601_004314,clip_001,1,rest,,0.8163,2439814.0,raspberry_pi_seeed_gsr,"2439814,0.8163"
2026-06-01T00:43:21.206,hardware_check,self_20260601_004314,clip_001,1,rest,,0.8163,2439835.0,raspberry_pi_seeed_gsr,"2439835,0.8163"
2026-06-01T00:43:21.250,hardware_check,self_20260601_004314,clip_001,1,rest,,0.8155,2439856.0,raspberry_pi_seeed_gsr,"2439856,0.8155"
2026-06-01T00:43:21.251,hardware_check,self_20260601_004314,clip_001,1,rest,,0.8357,2439877.0,raspberry_pi_seeed_gsr,"2439877,0.8357"
2026-06-01T00:43:21.269,hardware_check,self_20260601_004314,clip_001,1,rest,,0.8139,2439898.0,raspberry_pi_seeed_gsr,"2439898,0.8139"
2026-06-01T00:43:21.290,hardware_check,self_20260601_004314,clip_001,1,rest,,0.8171,2439919.0,raspberry_pi_seeed_gsr,"2439919,0.8171"
2026-06-01T00:43:21.311,hardware_check,self_20260601_004314,clip_001,1,rest,,0.8357,2439940.0,raspberry_pi_seeed_gsr,"2439940,0.8357"
2026-06-01T00:43:21.332,hardware_check,self_20260601_004314,clip_001,1,rest,,0.8284,2439961.0,raspberry_pi_seeed_gsr,"2439961,0.8284"
2026-06-01T00:43:21.353,hardware_check,self_20260601_004314,clip_001,1,rest,,0.8276,2439982.0,raspberry_pi_seeed_gsr,"2439982,0.8276"
2026-06-01T00:43:21.374,hardware_check,self_20260601_004314,clip_001,1,rest,,0.8171,2440003.0,raspberry_pi_seeed_gsr,"2440003,0.8171"
2026-06-01T00:43:21.395,hardware_check,self_20260601_004314,clip_001,1,rest,,0.8381,2440024.0,raspberry_pi_seeed_gsr,"2440024,0.8381"
2026-06-01T00:43:21.417,hardware_check,self_20260601_004314,clip_001,1,rest,,0.83,2440045.0,raspberry_pi_seeed_gsr,"2440045,0.8300"
2026-06-01T00:43:21.437,hardware_check,self_20260601_004314,clip_001,1,rest,,0.8187,2440066.0,raspberry_pi_seeed_gsr,"2440066,0.8187"
2026-06-01T00:43:21.458,hardware_check,self_20260601_004314,clip_001,1,rest,,0.8099,2440087.0,raspberry_pi_seeed_gsr,"2440087,0.8099"
2026-06-01T00:43:21.507,hardware_check,self_20260601_004314,clip_001,1,rest,,0.8268,2440108.0,raspberry_pi_seeed_gsr,"2440108,0.8268"
2026-06-01T00:43:21.507,hardware_check,self_20260601_004314,clip_001,1,rest,,0.8397,2440129.0,raspberry_pi_seeed_gsr,"2440129,0.8397"
2026-06-01T00:43:21.521,hardware_check,self_20260601_004314,clip_001,1,rest,,0.8131,2440150.0,raspberry_pi_seeed_gsr,"2440150,0.8131"
2026-06-01T00:43:21.542,hardware_check,self_20260601_004314,clip_001,1,rest,,0.8187,2440171.0,raspberry_pi_seeed_gsr,"2440171,0.8187"
2026-06-01T00:43:21.563,hardware_check,self_20260601_004314,clip_001,1,rest,,0.83,2440192.0,raspberry_pi_seeed_gsr,"2440192,0.8300"
2026-06-01T00:43:21.584,hardware_check,self_20260601_004314,clip_001,1,rest,,0.826,2440213.0,raspberry_pi_seeed_gsr,"2440213,0.8260"
2026-06-01T00:43:21.605,hardware_check,self_20260601_004314,clip_001,1,rest,,0.8187,2440234.0,raspberry_pi_seeed_gsr,"2440234,0.8187"
2026-06-01T00:43:21.626,hardware_check,self_20260601_004314,clip_001,1,rest,,0.826,2440255.0,raspberry_pi_seeed_gsr,"2440255,0.8260"
2026-06-01T00:43:21.647,hardware_check,self_20260601_004314,clip_001,1,rest,,0.8389,2440276.0,raspberry_pi_seeed_gsr,"2440276,0.8389"
2026-06-01T00:43:21.668,hardware_check,self_20260601_004314,clip_001,1,rest,,0.8252,2440297.0,raspberry_pi_seeed_gsr,"2440297,0.8252"
2026-06-01T00:43:21.689,hardware_check,self_20260601_004314,clip_001,1,rest,,0.8139,2440318.0,raspberry_pi_seeed_gsr,"2440318,0.8139"
2026-06-01T00:43:21.710,hardware_check,self_20260601_004314,clip_001,1,rest,,0.8268,2440339.0,raspberry_pi_seeed_gsr,"2440339,0.8268"
2026-06-01T00:43:21.737,hardware_check,self_20260601_004314,clip_001,1,rest,,0.8325,2440360.0,raspberry_pi_seeed_gsr,"2440360,0.8325"
2026-06-01T00:43:21.752,hardware_check,self_20260601_004314,clip_001,1,rest,,0.8284,2440381.0,raspberry_pi_seeed_gsr,"2440381,0.8284"
2026-06-01T00:43:21.773,hardware_check,self_20260601_004314,clip_001,1,rest,,0.8163,2440402.0,raspberry_pi_seeed_gsr,"2440402,0.8163"
2026-06-01T00:43:21.794,hardware_check,self_20260601_004314,clip_001,1,rest,,0.8325,2440423.0,raspberry_pi_seeed_gsr,"2440423,0.8325"
2026-06-01T00:43:21.815,hardware_check,self_20260601_004314,clip_001,1,rest,,0.8317,2440444.0,raspberry_pi_seeed_gsr,"2440444,0.8317"
2026-06-01T00:43:21.836,hardware_check,self_20260601_004314,clip_001,1,rest,,0.8211,2440465.0,raspberry_pi_seeed_gsr,"2440465,0.8211"
2026-06-01T00:43:21.857,hardware_check,self_20260601_004314,clip_001,1,rest,,0.8082,2440486.0,raspberry_pi_seeed_gsr,"2440486,0.8082"
2026-06-01T00:43:21.878,hardware_check,self_20260601_004314,clip_001,1,rest,,0.8317,2440507.0,raspberry_pi_seeed_gsr,"2440507,0.8317"
2026-06-01T00:43:21.899,hardware_check,self_20260601_004314,clip_001,1,rest,,0.8341,2440528.0,raspberry_pi_seeed_gsr,"2440528,0.8341"
2026-06-01T00:43:21.920,hardware_check,self_20260601_004314,clip_001,1,rest,,0.8187,2440549.0,raspberry_pi_seeed_gsr,"2440549,0.8187"
2026-06-01T00:43:21.942,hardware_check,self_20260601_004314,clip_001,1,rest,,0.8211,2440570.0,raspberry_pi_seeed_gsr,"2440570,0.8211"
2026-06-01T00:43:21.963,hardware_check,self_20260601_004314,clip_001,1,rest,,0.8317,2440591.0,raspberry_pi_seeed_gsr,"2440591,0.8317"
2026-06-01T00:43:22.009,hardware_check,self_20260601_004314,clip_001,1,rest,,0.8099,2440612.0,raspberry_pi_seeed_gsr,"2440612,0.8099"
2026-06-01T00:43:22.010,hardware_check,self_20260601_004314,clip_001,1,rest,,0.8227,2440633.0,raspberry_pi_seeed_gsr,"2440633,0.8227"
2026-06-01T00:43:22.025,hardware_check,self_20260601_004314,clip_001,1,rest,,0.826,2440654.0,raspberry_pi_seeed_gsr,"2440654,0.8260"
2026-06-01T00:43:22.046,hardware_check,self_20260601_004314,clip_001,1,rest,,0.8413,2440675.0,raspberry_pi_seeed_gsr,"2440675,0.8413"
2026-06-01T00:43:22.067,hardware_check,self_20260601_004314,clip_001,1,rest,,0.8325,2440696.0,raspberry_pi_seeed_gsr,"2440696,0.8325"
2026-06-01T00:43:22.088,hardware_check,self_20260601_004314,clip_001,1,rest,,0.8195,2440717.0,raspberry_pi_seeed_gsr,"2440717,0.8195"
2026-06-01T00:43:22.109,hardware_check,self_20260601_004314,clip_001,1,rest,,0.8227,2440738.0,raspberry_pi_seeed_gsr,"2440738,0.8227"
2026-06-01T00:43:22.130,hardware_check,self_20260601_004314,clip_001,1,rest,,0.8413,2440759.0,raspberry_pi_seeed_gsr,"2440759,0.8413"
2026-06-01T00:43:22.152,hardware_check,self_20260601_004314,clip_001,1,rest,,0.83,2440780.0,raspberry_pi_seeed_gsr,"2440780,0.8300"
2026-06-01T00:43:22.172,hardware_check,self_20260601_004314,clip_001,1,rest,,0.8211,2440801.0,raspberry_pi_seeed_gsr,"2440801,0.8211"
2026-06-01T00:43:22.194,hardware_check,self_20260601_004314,clip_001,1,rest,,0.8227,2440822.0,raspberry_pi_seeed_gsr,"2440822,0.8227"
2026-06-01T00:43:22.214,hardware_check,self_20260601_004314,clip_001,1,rest,,0.8518,2440843.0,raspberry_pi_seeed_gsr,"2440843,0.8518"
2026-06-01T00:43:22.263,hardware_check,self_20260601_004314,clip_001,1,rest,,0.8211,2440864.0,raspberry_pi_seeed_gsr,"2440864,0.8211"
2026-06-01T00:43:22.263,hardware_check,self_20260601_004314,clip_001,1,rest,,0.8268,2440885.0,raspberry_pi_seeed_gsr,"2440885,0.8268"
2026-06-01T00:43:22.277,hardware_check,self_20260601_004314,clip_001,1,rest,,0.8317,2440906.0,raspberry_pi_seeed_gsr,"2440906,0.8317"
2026-06-01T00:43:22.298,hardware_check,self_20260601_004314,clip_001,1,rest,,0.8446,2440927.0,raspberry_pi_seeed_gsr,"2440927,0.8446"
2026-06-01T00:43:22.319,hardware_check,self_20260601_004314,clip_001,1,rest,,0.8252,2440948.0,raspberry_pi_seeed_gsr,"2440948,0.8252"
2026-06-01T00:43:22.340,hardware_check,self_20260601_004314,clip_001,1,rest,,0.83,2440969.0,raspberry_pi_seeed_gsr,"2440969,0.8300"
2026-06-01T00:43:22.361,hardware_check,self_20260601_004314,clip_001,1,rest,,0.8357,2440990.0,raspberry_pi_seeed_gsr,"2440990,0.8357"
2026-06-01T00:43:22.382,hardware_check,self_20260601_004314,clip_001,1,rest,,0.8462,2441011.0,raspberry_pi_seeed_gsr,"2441011,0.8462"
2026-06-01T00:43:22.403,hardware_check,self_20260601_004314,clip_001,1,rest,,0.8195,2441032.0,raspberry_pi_seeed_gsr,"2441032,0.8195"
2026-06-01T00:43:22.425,hardware_check,self_20260601_004314,clip_001,1,rest,,0.8195,2441053.0,raspberry_pi_seeed_gsr,"2441053,0.8195"
2026-06-01T00:43:22.446,hardware_check,self_20260601_004314,clip_001,1,rest,,0.8389,2441074.0,raspberry_pi_seeed_gsr,"2441074,0.8389"
2026-06-01T00:43:22.466,hardware_check,self_20260601_004314,clip_001,1,rest,,0.8365,2441095.0,raspberry_pi_seeed_gsr,"2441095,0.8365"
2026-06-01T00:43:22.514,hardware_check,self_20260601_004314,clip_001,1,rest,,0.8252,2441116.0,raspberry_pi_seeed_gsr,"2441116,0.8252"
2026-06-01T00:43:22.515,hardware_check,self_20260601_004314,clip_001,1,rest,,0.8227,2441137.0,raspberry_pi_seeed_gsr,"2441137,0.8227"
2026-06-01T00:43:22.529,hardware_check,self_20260601_004314,clip_001,1,rest,,0.851,2441158.0,raspberry_pi_seeed_gsr,"2441158,0.8510"
2026-06-01T00:43:22.550,hardware_check,self_20260601_004314,clip_001,1,rest,,0.8389,2441179.0,raspberry_pi_seeed_gsr,"2441179,0.8389"
2026-06-01T00:43:22.571,hardware_check,self_20260601_004314,clip_001,1,rest,,0.8195,2441200.0,raspberry_pi_seeed_gsr,"2441200,0.8195"
2026-06-01T00:43:22.592,hardware_check,self_20260601_004314,clip_001,1,rest,,0.8292,2441221.0,raspberry_pi_seeed_gsr,"2441221,0.8292"
2026-06-01T00:43:22.613,hardware_check,self_20260601_004314,clip_001,1,rest,,0.8341,2441242.0,raspberry_pi_seeed_gsr,"2441242,0.8341"
2026-06-01T00:43:22.634,hardware_check,self_20260601_004314,clip_001,1,rest,,0.8333,2441263.0,raspberry_pi_seeed_gsr,"2441263,0.8333"
2026-06-01T00:43:22.655,hardware_check,self_20260601_004314,clip_001,1,rest,,0.847,2441284.0,raspberry_pi_seeed_gsr,"2441284,0.8470"
2026-06-01T00:43:22.676,hardware_check,self_20260601_004314,clip_001,1,rest,,0.8333,2441305.0,raspberry_pi_seeed_gsr,"2441305,0.8333"
2026-06-01T00:43:22.697,hardware_check,self_20260601_004314,clip_001,1,rest,,0.8446,2441326.0,raspberry_pi_seeed_gsr,"2441326,0.8446"
2026-06-01T00:43:22.718,hardware_check,self_20260601_004314,clip_001,1,rest,,0.8333,2441347.0,raspberry_pi_seeed_gsr,"2441347,0.8333"
2026-06-01T00:43:22.745,hardware_check,self_20260601_004314,clip_001,1,rest,,0.8187,2441368.0,raspberry_pi_seeed_gsr,"2441368,0.8187"
2026-06-01T00:43:22.760,hardware_check,self_20260601_004314,clip_001,1,rest,,0.8276,2441389.0,raspberry_pi_seeed_gsr,"2441389,0.8276"
2026-06-01T00:43:22.781,hardware_check,self_20260601_004314,clip_001,1,rest,,0.847,2441410.0,raspberry_pi_seeed_gsr,"2441410,0.8470"
2026-06-01T00:43:22.802,hardware_check,self_20260601_004314,clip_001,1,rest,,0.8115,2441431.0,raspberry_pi_seeed_gsr,"2441431,0.8115"
2026-06-01T00:43:22.823,hardware_check,self_20260601_004314,clip_001,1,rest,,0.8317,2441452.0,raspberry_pi_seeed_gsr,"2441452,0.8317"
2026-06-01T00:43:22.844,hardware_check,self_20260601_004314,clip_001,1,rest,,0.8292,2441473.0,raspberry_pi_seeed_gsr,"2441473,0.8292"
2026-06-01T00:43:22.865,hardware_check,self_20260601_004314,clip_001,1,rest,,0.8792,2441494.0,raspberry_pi_seeed_gsr,"2441494,0.8792"
2026-06-01T00:43:22.886,hardware_check,self_20260601_004314,clip_001,1,rest,,0.8333,2441515.0,raspberry_pi_seeed_gsr,"2441515,0.8333"
2026-06-01T00:43:22.907,hardware_check,self_20260601_004314,clip_001,1,rest,,0.8317,2441536.0,raspberry_pi_seeed_gsr,"2441536,0.8317"
2026-06-01T00:43:22.928,hardware_check,self_20260601_004314,clip_001,1,rest,,0.8486,2441557.0,raspberry_pi_seeed_gsr,"2441557,0.8486"
2026-06-01T00:43:22.950,hardware_check,self_20260601_004314,clip_001,1,rest,,0.8518,2441578.0,raspberry_pi_seeed_gsr,"2441578,0.8518"
2026-06-01T00:43:22.970,hardware_check,self_20260601_004314,clip_001,1,rest,,0.8341,2441599.0,raspberry_pi_seeed_gsr,"2441599,0.8341"
2026-06-01T00:43:23.033,hardware_check,self_20260601_004314,clip_001,1,rest,,0.8317,2441620.0,raspberry_pi_seeed_gsr,"2441620,0.8317"
2026-06-01T00:43:23.034,hardware_check,self_20260601_004314,clip_001,1,rest,,0.8486,2441641.0,raspberry_pi_seeed_gsr,"2441641,0.8486"
2026-06-01T00:43:23.034,hardware_check,self_20260601_004314,clip_001,1,rest,,0.851,2441662.0,raspberry_pi_seeed_gsr,"2441662,0.8510"
2026-06-01T00:43:23.054,hardware_check,self_20260601_004314,clip_001,1,rest,,0.8333,2441683.0,raspberry_pi_seeed_gsr,"2441683,0.8333"
2026-06-01T00:43:23.075,hardware_check,self_20260601_004314,clip_001,1,rest,,0.8276,2441704.0,raspberry_pi_seeed_gsr,"2441704,0.8276"
2026-06-01T00:43:23.096,hardware_check,self_20260601_004314,clip_001,1,rest,,0.8462,2441725.0,raspberry_pi_seeed_gsr,"2441725,0.8462"
2026-06-01T00:43:23.117,hardware_check,self_20260601_004314,clip_001,1,rest,,0.8446,2441746.0,raspberry_pi_seeed_gsr,"2441746,0.8446"
2026-06-01T00:43:23.138,hardware_check,self_20260601_004314,clip_001,1,rest,,0.8325,2441767.0,raspberry_pi_seeed_gsr,"2441767,0.8325"
2026-06-01T00:43:23.159,hardware_check,self_20260601_004314,clip_001,1,rest,,0.8325,2441788.0,raspberry_pi_seeed_gsr,"2441788,0.8325"
2026-06-01T00:43:23.180,hardware_check,self_20260601_004314,clip_001,1,rest,,0.8429,2441809.0,raspberry_pi_seeed_gsr,"2441809,0.8429"
2026-06-01T00:43:23.202,hardware_check,self_20260601_004314,clip_001,1,rest,,0.8357,2441830.0,raspberry_pi_seeed_gsr,"2441830,0.8357"
2026-06-01T00:43:23.222,hardware_check,self_20260601_004314,clip_001,1,rest,,0.8333,2441851.0,raspberry_pi_seeed_gsr,"2441851,0.8333"
2026-06-01T00:43:23.269,hardware_check,self_20260601_004314,clip_001,1,rest,,0.8349,2441872.0,raspberry_pi_seeed_gsr,"2441872,0.8349"
2026-06-01T00:43:23.270,hardware_check,self_20260601_004314,clip_001,1,rest,,0.8429,2441893.0,raspberry_pi_seeed_gsr,"2441893,0.8429"
2026-06-01T00:43:23.285,hardware_check,self_20260601_004314,clip_001,1,rest,,0.8333,2441914.0,raspberry_pi_seeed_gsr,"2441914,0.8333"
2026-06-01T00:43:23.306,hardware_check,self_20260601_004314,clip_001,1,rest,,0.8236,2441935.0,raspberry_pi_seeed_gsr,"2441935,0.8236"
2026-06-01T00:43:23.327,hardware_check,self_20260601_004314,clip_001,1,rest,,0.8357,2441956.0,raspberry_pi_seeed_gsr,"2441956,0.8357"
2026-06-01T00:43:23.348,hardware_check,self_20260601_004314,clip_001,1,rest,,0.8405,2441977.0,raspberry_pi_seeed_gsr,"2441977,0.8405"
2026-06-01T00:43:23.369,hardware_check,self_20260601_004314,clip_001,1,rest,,0.8034,2441998.0,raspberry_pi_seeed_gsr,"2441998,0.8034"
2026-06-01T00:43:23.390,hardware_check,self_20260601_004314,clip_001,1,rest,,0.8268,2442019.0,raspberry_pi_seeed_gsr,"2442019,0.8268"
2026-06-01T00:43:23.411,hardware_check,self_20260601_004314,clip_001,1,rest,,0.8317,2442040.0,raspberry_pi_seeed_gsr,"2442040,0.8317"
2026-06-01T00:43:23.432,hardware_check,self_20260601_004314,clip_001,1,rest,,0.8478,2442061.0,raspberry_pi_seeed_gsr,"2442061,0.8478"
2026-06-01T00:43:23.454,hardware_check,self_20260601_004314,clip_001,1,rest,,0.83,2442082.0,raspberry_pi_seeed_gsr,"2442082,0.8300"
2026-06-01T00:43:23.474,hardware_check,self_20260601_004314,clip_001,1,rest,,0.8252,2442103.0,raspberry_pi_seeed_gsr,"2442103,0.8252"
2026-06-01T00:43:23.521,hardware_check,self_20260601_004314,clip_001,1,rest,,0.8454,2442124.0,raspberry_pi_seeed_gsr,"2442124,0.8454"
2026-06-01T00:43:23.522,hardware_check,self_20260601_004314,clip_001,1,rest,,0.8333,2442145.0,raspberry_pi_seeed_gsr,"2442145,0.8333"
2026-06-01T00:43:23.537,hardware_check,self_20260601_004314,clip_001,1,rest,,0.8227,2442166.0,raspberry_pi_seeed_gsr,"2442166,0.8227"
2026-06-01T00:43:23.558,hardware_check,self_20260601_004314,clip_001,1,rest,,0.8211,2442187.0,raspberry_pi_seeed_gsr,"2442187,0.8211"
2026-06-01T00:43:23.579,hardware_check,self_20260601_004314,clip_001,1,rest,,0.8357,2442208.0,raspberry_pi_seeed_gsr,"2442208,0.8357"
2026-06-01T00:43:23.600,hardware_check,self_20260601_004314,clip_001,1,rest,,0.8462,2442229.0,raspberry_pi_seeed_gsr,"2442229,0.8462"
2026-06-01T00:43:23.621,hardware_check,self_20260601_004314,clip_001,1,rest,,0.8107,2442250.0,raspberry_pi_seeed_gsr,"2442250,0.8107"
2026-06-01T00:43:23.642,hardware_check,self_20260601_004314,clip_001,1,rest,,0.8252,2442271.0,raspberry_pi_seeed_gsr,"2442271,0.8252"
2026-06-01T00:43:23.663,hardware_check,self_20260601_004314,clip_001,1,rest,,0.8325,2442292.0,raspberry_pi_seeed_gsr,"2442292,0.8325"
2026-06-01T00:43:23.687,hardware_check,self_20260601_004314,clip_001,1,rest,,0.8284,2442313.0,raspberry_pi_seeed_gsr,"2442313,0.8284"
2026-06-01T00:43:23.705,hardware_check,self_20260601_004314,clip_001,1,rest,,0.8131,2442334.0,raspberry_pi_seeed_gsr,"2442334,0.8131"
2026-06-01T00:43:23.726,hardware_check,self_20260601_004314,clip_001,1,rest,,0.8236,2442355.0,raspberry_pi_seeed_gsr,"2442355,0.8236"
2026-06-01T00:43:23.754,hardware_check,self_20260601_004314,clip_001,1,rest,,0.8389,2442376.0,raspberry_pi_seeed_gsr,"2442376,0.8389"
2026-06-01T00:43:23.768,hardware_check,self_20260601_004314,clip_001,1,rest,,0.8349,2442397.0,raspberry_pi_seeed_gsr,"2442397,0.8349"
2026-06-01T00:43:23.789,hardware_check,self_20260601_004314,clip_001,1,rest,,0.8163,2442418.0,raspberry_pi_seeed_gsr,"2442418,0.8163"
2026-06-01T00:43:23.810,hardware_check,self_20260601_004314,clip_001,1,rest,,0.8276,2442439.0,raspberry_pi_seeed_gsr,"2442439,0.8276"
2026-06-01T00:43:23.831,hardware_check,self_20260601_004314,clip_001,1,rest,,0.8227,2442460.0,raspberry_pi_seeed_gsr,"2442460,0.8227"
2026-06-01T00:43:23.852,hardware_check,self_20260601_004314,clip_001,1,rest,,0.8195,2442481.0,raspberry_pi_seeed_gsr,"2442481,0.8195"
2026-06-01T00:43:23.873,hardware_check,self_20260601_004314,clip_001,1,rest,,0.8147,2442502.0,raspberry_pi_seeed_gsr,"2442502,0.8147"
2026-06-01T00:43:23.894,hardware_check,self_20260601_004314,clip_001,1,rest,,0.8252,2442523.0,raspberry_pi_seeed_gsr,"2442523,0.8252"
2026-06-01T00:43:23.915,hardware_check,self_20260601_004314,clip_001,1,rest,,0.8341,2442544.0,raspberry_pi_seeed_gsr,"2442544,0.8341"
2026-06-01T00:43:23.936,hardware_check,self_20260601_004314,clip_001,1,rest,,0.8131,2442565.0,raspberry_pi_seeed_gsr,"2442565,0.8131"
2026-06-01T00:43:23.957,hardware_check,self_20260601_004314,clip_001,1,rest,,0.8107,2442586.0,raspberry_pi_seeed_gsr,"2442586,0.8107"
2026-06-01T00:43:23.978,hardware_check,self_20260601_004314,clip_001,1,rest,,0.8252,2442607.0,raspberry_pi_seeed_gsr,"2442607,0.8252"
2026-06-01T00:43:24.022,hardware_check,self_20260601_004314,clip_001,1,rest,,0.8276,2442628.0,raspberry_pi_seeed_gsr,"2442628,0.8276"
2026-06-01T00:43:24.023,hardware_check,self_20260601_004314,clip_001,1,rest,,0.8074,2442649.0,raspberry_pi_seeed_gsr,"2442649,0.8074"
2026-06-01T00:43:24.041,hardware_check,self_20260601_004314,clip_001,1,rest,,0.8066,2442670.0,raspberry_pi_seeed_gsr,"2442670,0.8066"
2026-06-01T00:43:24.062,hardware_check,self_20260601_004314,clip_001,1,rest,,0.8268,2442691.0,raspberry_pi_seeed_gsr,"2442691,0.8268"
2026-06-01T00:43:24.083,hardware_check,self_20260601_004314,clip_001,1,rest,,0.8227,2442712.0,raspberry_pi_seeed_gsr,"2442712,0.8227"
2026-06-01T00:43:24.104,hardware_check,self_20260601_004314,clip_001,1,rest,,0.8115,2442733.0,raspberry_pi_seeed_gsr,"2442733,0.8115"
2026-06-01T00:43:24.125,hardware_check,self_20260601_004314,clip_001,1,rest,,0.8066,2442754.0,raspberry_pi_seeed_gsr,"2442754,0.8066"
2026-06-01T00:43:24.146,hardware_check,self_20260601_004314,clip_001,1,rest,,0.826,2442775.0,raspberry_pi_seeed_gsr,"2442775,0.8260"
2026-06-01T00:43:24.167,hardware_check,self_20260601_004314,clip_001,1,rest,,0.8268,2442796.0,raspberry_pi_seeed_gsr,"2442796,0.8268"
2026-06-01T00:43:24.188,hardware_check,self_20260601_004314,clip_001,1,rest,,0.8066,2442817.0,raspberry_pi_seeed_gsr,"2442817,0.8066"
2026-06-01T00:43:24.210,hardware_check,self_20260601_004314,clip_001,1,rest,,0.8163,2442838.0,raspberry_pi_seeed_gsr,"2442838,0.8163"
2026-06-01T00:43:24.230,hardware_check,self_20260601_004314,clip_001,1,rest,,0.8203,2442859.0,raspberry_pi_seeed_gsr,"2442859,0.8203"
2026-06-01T00:43:24.277,hardware_check,self_20260601_004314,clip_001,1,rest,,0.8187,2442880.0,raspberry_pi_seeed_gsr,"2442880,0.8187"
2026-06-01T00:43:24.278,hardware_check,self_20260601_004314,clip_001,1,rest,,0.8034,2442901.0,raspberry_pi_seeed_gsr,"2442901,0.8034"
2026-06-01T00:43:24.292,hardware_check,self_20260601_004314,clip_001,1,rest,,0.8123,2442922.0,raspberry_pi_seeed_gsr,"2442922,0.8123"
2026-06-01T00:43:24.312,hardware_check,self_20260601_004314,clip_001,1,rest,,0.8236,2442942.0,raspberry_pi_seeed_gsr,"2442942,0.8236"
2026-06-01T00:43:24.334,hardware_check,self_20260601_004314,clip_001,1,rest,,0.8219,2442963.0,raspberry_pi_seeed_gsr,"2442963,0.8219"
2026-06-01T00:43:24.355,hardware_check,self_20260601_004314,clip_001,1,rest,,0.8091,2442984.0,raspberry_pi_seeed_gsr,"2442984,0.8091"
2026-06-01T00:43:24.376,hardware_check,self_20260601_004314,clip_001,1,rest,,0.8115,2443005.0,raspberry_pi_seeed_gsr,"2443005,0.8115"
2026-06-01T00:43:24.397,hardware_check,self_20260601_004314,clip_001,1,rest,,0.8244,2443026.0,raspberry_pi_seeed_gsr,"2443026,0.8244"
2026-06-01T00:43:24.418,hardware_check,self_20260601_004314,clip_001,1,rest,,0.8236,2443047.0,raspberry_pi_seeed_gsr,"2443047,0.8236"
2026-06-01T00:43:24.439,hardware_check,self_20260601_004314,clip_001,1,rest,,0.8058,2443068.0,raspberry_pi_seeed_gsr,"2443068,0.8058"
2026-06-01T00:43:24.460,hardware_check,self_20260601_004314,clip_001,1,rest,,0.8147,2443089.0,raspberry_pi_seeed_gsr,"2443089,0.8147"
2026-06-01T00:43:24.481,hardware_check,self_20260601_004314,clip_001,1,rest,,0.8211,2443110.0,raspberry_pi_seeed_gsr,"2443110,0.8211"
2026-06-01T00:43:24.527,hardware_check,self_20260601_004314,clip_001,1,rest,,0.8195,2443131.0,raspberry_pi_seeed_gsr,"2443131,0.8195"
2026-06-01T00:43:24.528,hardware_check,self_20260601_004314,clip_001,1,rest,,0.8099,2443152.0,raspberry_pi_seeed_gsr,"2443152,0.8099"
2026-06-01T00:43:24.544,hardware_check,self_20260601_004314,clip_001,1,rest,,0.8099,2443173.0,raspberry_pi_seeed_gsr,"2443173,0.8099"
2026-06-01T00:43:24.565,hardware_check,self_20260601_004314,clip_001,1,rest,,0.8195,2443194.0,raspberry_pi_seeed_gsr,"2443194,0.8195"
2026-06-01T00:43:24.586,hardware_check,self_20260601_004314,clip_001,1,rest,,0.8066,2443215.0,raspberry_pi_seeed_gsr,"2443215,0.8066"
2026-06-01T00:43:24.607,hardware_check,self_20260601_004314,clip_001,1,rest,,0.8147,2443236.0,raspberry_pi_seeed_gsr,"2443236,0.8147"
2026-06-01T00:43:24.628,hardware_check,self_20260601_004314,clip_001,1,rest,,0.8107,2443257.0,raspberry_pi_seeed_gsr,"2443257,0.8107"
2026-06-01T00:43:24.649,hardware_check,self_20260601_004314,clip_001,1,rest,,0.8317,2443278.0,raspberry_pi_seeed_gsr,"2443278,0.8317"
2026-06-01T00:43:24.670,hardware_check,self_20260601_004314,clip_001,1,rest,,0.8066,2443299.0,raspberry_pi_seeed_gsr,"2443299,0.8066"
2026-06-01T00:43:24.696,hardware_check,self_20260601_004314,clip_001,1,rest,,0.8099,2443320.0,raspberry_pi_seeed_gsr,"2443320,0.8099"
2026-06-01T00:43:24.712,hardware_check,self_20260601_004314,clip_001,1,rest,,0.8123,2443341.0,raspberry_pi_seeed_gsr,"2443341,0.8123"
2026-06-01T00:43:24.733,hardware_check,self_20260601_004314,clip_001,1,rest,,0.8252,2443362.0,raspberry_pi_seeed_gsr,"2443362,0.8252"
2026-06-01T00:43:24.760,hardware_check,self_20260601_004314,clip_001,1,rest,,0.8042,2443383.0,raspberry_pi_seeed_gsr,"2443383,0.8042"
2026-06-01T00:43:24.775,hardware_check,self_20260601_004314,clip_001,1,rest,,0.8066,2443404.0,raspberry_pi_seeed_gsr,"2443404,0.8066"
2026-06-01T00:43:24.796,hardware_check,self_20260601_004314,clip_001,1,rest,,0.8227,2443425.0,raspberry_pi_seeed_gsr,"2443425,0.8227"
2026-06-01T00:43:24.817,hardware_check,self_20260601_004314,clip_001,1,rest,,0.8155,2443446.0,raspberry_pi_seeed_gsr,"2443446,0.8155"
2026-06-01T00:43:24.838,hardware_check,self_20260601_004314,clip_001,1,rest,,0.8058,2443467.0,raspberry_pi_seeed_gsr,"2443467,0.8058"
2026-06-01T00:43:24.859,hardware_check,self_20260601_004314,clip_001,1,rest,,0.8058,2443488.0,raspberry_pi_seeed_gsr,"2443488,0.8058"
2026-06-01T00:43:24.880,hardware_check,self_20260601_004314,clip_001,1,rest,,0.8227,2443509.0,raspberry_pi_seeed_gsr,"2443509,0.8227"
2026-06-01T00:43:24.901,hardware_check,self_20260601_004314,clip_001,1,rest,,0.8091,2443530.0,raspberry_pi_seeed_gsr,"2443530,0.8091"
2026-06-01T00:43:24.922,hardware_check,self_20260601_004314,clip_001,1,rest,,0.8066,2443551.0,raspberry_pi_seeed_gsr,"2443551,0.8066"
2026-06-01T00:43:24.943,hardware_check,self_20260601_004314,clip_001,1,rest,,0.8018,2443572.0,raspberry_pi_seeed_gsr,"2443572,0.8018"
2026-06-01T00:43:24.964,hardware_check,self_20260601_004314,clip_001,1,rest,,0.8171,2443593.0,raspberry_pi_seeed_gsr,"2443593,0.8171"
2026-06-01T00:43:24.986,hardware_check,self_20260601_004314,clip_001,1,rest,,0.8131,2443614.0,raspberry_pi_seeed_gsr,"2443614,0.8131"
2026-06-01T00:43:25.032,hardware_check,self_20260601_004314,clip_001,1,rest,,0.7986,2443635.0,raspberry_pi_seeed_gsr,"2443635,0.7986"
2026-06-01T00:43:25.033,hardware_check,self_20260601_004314,clip_001,1,rest,,0.8058,2443656.0,raspberry_pi_seeed_gsr,"2443656,0.8058"
2026-06-01T00:43:25.047,hardware_check,self_20260601_004314,clip_001,1,rest,,0.8074,2443677.0,raspberry_pi_seeed_gsr,"2443677,0.8074"
2026-06-01T00:43:25.068,hardware_check,self_20260601_004314,clip_001,1,rest,,0.7986,2443698.0,raspberry_pi_seeed_gsr,"2443698,0.7986"
2026-06-01T00:43:25.089,hardware_check,self_20260601_004314,clip_001,1,rest,,0.7978,2443719.0,raspberry_pi_seeed_gsr,"2443719,0.7978"
2026-06-01T00:43:25.110,hardware_check,self_20260601_004314,clip_001,1,rest,,0.805,2443740.0,raspberry_pi_seeed_gsr,"2443740,0.8050"
2026-06-01T00:43:25.132,hardware_check,self_20260601_004314,clip_001,1,rest,,0.8203,2443761.0,raspberry_pi_seeed_gsr,"2443761,0.8203"
2026-06-01T00:43:25.153,hardware_check,self_20260601_004314,clip_001,1,rest,,0.8042,2443782.0,raspberry_pi_seeed_gsr,"2443782,0.8042"
2026-06-01T00:43:25.174,hardware_check,self_20260601_004314,clip_001,1,rest,,0.7945,2443803.0,raspberry_pi_seeed_gsr,"2443803,0.7945"
2026-06-01T00:43:25.195,hardware_check,self_20260601_004314,clip_001,1,rest,,0.8058,2443824.0,raspberry_pi_seeed_gsr,"2443824,0.8058"
2026-06-01T00:43:25.216,hardware_check,self_20260601_004314,clip_001,1,rest,,0.8123,2443845.0,raspberry_pi_seeed_gsr,"2443845,0.8123"
2026-06-01T00:43:25.237,hardware_check,self_20260601_004314,clip_001,1,rest,,0.797,2443866.0,raspberry_pi_seeed_gsr,"2443866,0.7970"
2026-06-01T00:43:25.284,hardware_check,self_20260601_004314,clip_001,1,rest,,0.7736,2443887.0,raspberry_pi_seeed_gsr,"2443887,0.7736"
2026-06-01T00:43:25.284,hardware_check,self_20260601_004314,clip_001,1,rest,,0.8147,2443908.0,raspberry_pi_seeed_gsr,"2443908,0.8147"
2026-06-01T00:43:25.300,hardware_check,self_20260601_004314,clip_001,1,rest,,0.8099,2443929.0,raspberry_pi_seeed_gsr,"2443929,0.8099"
2026-06-01T00:43:25.321,hardware_check,self_20260601_004314,clip_001,1,rest,,0.7954,2443950.0,raspberry_pi_seeed_gsr,"2443950,0.7954"
2026-06-01T00:43:25.342,hardware_check,self_20260601_004314,clip_001,1,rest,,0.8026,2443971.0,raspberry_pi_seeed_gsr,"2443971,0.8026"
2026-06-01T00:43:25.363,hardware_check,self_20260601_004314,clip_001,1,rest,,0.805,2443992.0,raspberry_pi_seeed_gsr,"2443992,0.8050"
2026-06-01T00:43:25.384,hardware_check,self_20260601_004314,clip_001,1,rest,,0.8018,2444013.0,raspberry_pi_seeed_gsr,"2444013,0.8018"
2026-06-01T00:43:25.405,hardware_check,self_20260601_004314,clip_001,1,rest,,0.7857,2444034.0,raspberry_pi_seeed_gsr,"2444034,0.7857"
2026-06-01T00:43:25.426,hardware_check,self_20260601_004314,clip_001,1,rest,,0.7913,2444055.0,raspberry_pi_seeed_gsr,"2444055,0.7913"
2026-06-01T00:43:25.447,hardware_check,self_20260601_004314,clip_001,1,rest,,0.8074,2444076.0,raspberry_pi_seeed_gsr,"2444076,0.8074"
2026-06-01T00:43:25.469,hardware_check,self_20260601_004314,clip_001,1,rest,,0.7905,2444097.0,raspberry_pi_seeed_gsr,"2444097,0.7905"
2026-06-01T00:43:25.490,hardware_check,self_20260601_004314,clip_001,1,rest,,0.7889,2444118.0,raspberry_pi_seeed_gsr,"2444118,0.7889"
2026-06-01T00:43:25.537,hardware_check,self_20260601_004314,clip_001,1,rest,,0.7897,2444139.0,raspberry_pi_seeed_gsr,"2444139,0.7897"
2026-06-01T00:43:25.537,hardware_check,self_20260601_004314,clip_001,1,rest,,0.8099,2444160.0,raspberry_pi_seeed_gsr,"2444160,0.8099"
2026-06-01T00:43:25.552,hardware_check,self_20260601_004314,clip_001,1,rest,,0.7921,2444181.0,raspberry_pi_seeed_gsr,"2444181,0.7921"
2026-06-01T00:43:25.573,hardware_check,self_20260601_004314,clip_001,1,rest,,0.7712,2444202.0,raspberry_pi_seeed_gsr,"2444202,0.7712"
2026-06-01T00:43:25.594,hardware_check,self_20260601_004314,clip_001,1,rest,,0.7913,2444223.0,raspberry_pi_seeed_gsr,"2444223,0.7913"
2026-06-01T00:43:25.615,hardware_check,self_20260601_004314,clip_001,1,rest,,0.8002,2444244.0,raspberry_pi_seeed_gsr,"2444244,0.8002"
2026-06-01T00:43:25.636,hardware_check,self_20260601_004314,clip_001,1,rest,,0.7873,2444265.0,raspberry_pi_seeed_gsr,"2444265,0.7873"
2026-06-01T00:43:25.657,hardware_check,self_20260601_004314,clip_001,1,rest,,0.7688,2444286.0,raspberry_pi_seeed_gsr,"2444286,0.7688"
2026-06-01T00:43:25.678,hardware_check,self_20260601_004314,clip_001,1,rest,,0.7857,2444307.0,raspberry_pi_seeed_gsr,"2444307,0.7857"
2026-06-01T00:43:25.699,hardware_check,self_20260601_004314,clip_001,1,rest,,0.7937,2444328.0,raspberry_pi_seeed_gsr,"2444328,0.7937"
2026-06-01T00:43:25.720,hardware_check,self_20260601_004314,clip_001,1,rest,,0.7873,2444349.0,raspberry_pi_seeed_gsr,"2444349,0.7873"
2026-06-01T00:43:25.741,hardware_check,self_20260601_004314,clip_001,1,rest,,0.7752,2444370.0,raspberry_pi_seeed_gsr,"2444370,0.7752"
2026-06-01T00:43:25.768,hardware_check,self_20260601_004314,clip_001,1,rest,,0.7954,2444391.0,raspberry_pi_seeed_gsr,"2444391,0.7954"
2026-06-01T00:43:25.783,hardware_check,self_20260601_004314,clip_001,1,rest,,0.7889,2444412.0,raspberry_pi_seeed_gsr,"2444412,0.7889"
2026-06-01T00:43:25.804,hardware_check,self_20260601_004314,clip_001,1,rest,,0.7873,2444433.0,raspberry_pi_seeed_gsr,"2444433,0.7873"
2026-06-01T00:43:25.824,hardware_check,self_20260601_004314,clip_001,1,rest,,0.7744,2444454.0,raspberry_pi_seeed_gsr,"2444454,0.7744"
2026-06-01T00:43:25.845,hardware_check,self_20260601_004314,clip_001,1,rest,,0.768,2444475.0,raspberry_pi_seeed_gsr,"2444475,0.7680"
2026-06-01T00:43:25.866,hardware_check,self_20260601_004314,clip_001,1,rest,,0.7905,2444496.0,raspberry_pi_seeed_gsr,"2444496,0.7905"
2026-06-01T00:43:25.888,hardware_check,self_20260601_004314,clip_001,1,rest,,0.768,2444517.0,raspberry_pi_seeed_gsr,"2444517,0.7680"
2026-06-01T00:43:25.909,hardware_check,self_20260601_004314,clip_001,1,rest,,0.7768,2444538.0,raspberry_pi_seeed_gsr,"2444538,0.7768"
2026-06-01T00:43:25.930,hardware_check,self_20260601_004314,clip_001,1,rest,,0.7889,2444559.0,raspberry_pi_seeed_gsr,"2444559,0.7889"
2026-06-01T00:43:25.951,hardware_check,self_20260601_004314,clip_001,1,rest,,0.7937,2444580.0,raspberry_pi_seeed_gsr,"2444580,0.7937"
2026-06-01T00:43:25.972,hardware_check,self_20260601_004314,clip_001,1,rest,,0.7768,2444601.0,raspberry_pi_seeed_gsr,"2444601,0.7768"
2026-06-01T00:43:25.993,hardware_check,self_20260601_004314,clip_001,1,rest,,0.7825,2444622.0,raspberry_pi_seeed_gsr,"2444622,0.7825"
2026-06-01T00:43:26.041,hardware_check,self_20260601_004314,clip_001,1,rest,,0.7825,2444643.0,raspberry_pi_seeed_gsr,"2444643,0.7825"
2026-06-01T00:43:26.042,hardware_check,self_20260601_004314,clip_001,1,rest,,0.7825,2444664.0,raspberry_pi_seeed_gsr,"2444664,0.7825"
2026-06-01T00:43:26.056,hardware_check,self_20260601_004314,clip_001,1,rest,,0.7784,2444685.0,raspberry_pi_seeed_gsr,"2444685,0.7784"
2026-06-01T00:43:26.077,hardware_check,self_20260601_004314,clip_001,1,rest,,0.7817,2444706.0,raspberry_pi_seeed_gsr,"2444706,0.7817"
2026-06-01T00:43:26.098,hardware_check,self_20260601_004314,clip_001,1,rest,,0.7937,2444727.0,raspberry_pi_seeed_gsr,"2444727,0.7937"
2026-06-01T00:43:26.119,hardware_check,self_20260601_004314,clip_001,1,rest,,0.78,2444748.0,raspberry_pi_seeed_gsr,"2444748,0.7800"
2026-06-01T00:43:26.140,hardware_check,self_20260601_004314,clip_001,1,rest,,0.7486,2444769.0,raspberry_pi_seeed_gsr,"2444769,0.7486"
2026-06-01T00:43:26.161,hardware_check,self_20260601_004314,clip_001,1,rest,,0.7809,2444790.0,raspberry_pi_seeed_gsr,"2444790,0.7809"
2026-06-01T00:43:26.182,hardware_check,self_20260601_004314,clip_001,1,rest,,0.7929,2444811.0,raspberry_pi_seeed_gsr,"2444811,0.7929"
2026-06-01T00:43:26.203,hardware_check,self_20260601_004314,clip_001,1,rest,,0.7784,2444832.0,raspberry_pi_seeed_gsr,"2444832,0.7784"
2026-06-01T00:43:26.225,hardware_check,self_20260601_004314,clip_001,1,rest,,0.7776,2444853.0,raspberry_pi_seeed_gsr,"2444853,0.7776"
2026-06-01T00:43:26.245,hardware_check,self_20260601_004314,clip_001,1,rest,,0.7849,2444874.0,raspberry_pi_seeed_gsr,"2444874,0.7849"
2026-06-01T00:43:26.291,hardware_check,self_20260601_004314,clip_001,1,rest,,0.7825,2444895.0,raspberry_pi_seeed_gsr,"2444895,0.7825"
2026-06-01T00:43:26.291,hardware_check,self_20260601_004314,clip_001,1,rest,,0.78,2444916.0,raspberry_pi_seeed_gsr,"2444916,0.7800"
2026-06-01T00:43:26.308,hardware_check,self_20260601_004314,clip_001,1,rest,,0.7768,2444937.0,raspberry_pi_seeed_gsr,"2444937,0.7768"
2026-06-01T00:43:26.329,hardware_check,self_20260601_004314,clip_001,1,rest,,0.7889,2444958.0,raspberry_pi_seeed_gsr,"2444958,0.7889"
2026-06-01T00:43:26.350,hardware_check,self_20260601_004314,clip_001,1,rest,,0.7873,2444979.0,raspberry_pi_seeed_gsr,"2444979,0.7873"
2026-06-01T00:43:26.371,hardware_check,self_20260601_004314,clip_001,1,rest,,0.7776,2445000.0,raspberry_pi_seeed_gsr,"2445000,0.7776"
2026-06-01T00:43:26.392,hardware_check,self_20260601_004314,clip_001,1,rest,,0.7615,2445021.0,raspberry_pi_seeed_gsr,"2445021,0.7615"
2026-06-01T00:43:26.413,hardware_check,self_20260601_004314,clip_001,1,rest,,0.7865,2445042.0,raspberry_pi_seeed_gsr,"2445042,0.7865"
2026-06-01T00:43:26.434,hardware_check,self_20260601_004314,clip_001,1,rest,,0.7978,2445063.0,raspberry_pi_seeed_gsr,"2445063,0.7978"
2026-06-01T00:43:26.455,hardware_check,self_20260601_004314,clip_001,1,rest,,0.772,2445084.0,raspberry_pi_seeed_gsr,"2445084,0.7720"
2026-06-01T00:43:26.477,hardware_check,self_20260601_004314,clip_001,1,rest,,0.7825,2445105.0,raspberry_pi_seeed_gsr,"2445105,0.7825"
2026-06-01T00:43:26.497,hardware_check,self_20260601_004314,clip_001,1,rest,,0.7929,2445126.0,raspberry_pi_seeed_gsr,"2445126,0.7929"
2026-06-01T00:43:26.542,hardware_check,self_20260601_004314,clip_001,1,rest,,0.7881,2445147.0,raspberry_pi_seeed_gsr,"2445147,0.7881"
2026-06-01T00:43:26.543,hardware_check,self_20260601_004314,clip_001,1,rest,,0.7696,2445168.0,raspberry_pi_seeed_gsr,"2445168,0.7696"
2026-06-01T00:43:26.559,hardware_check,self_20260601_004314,clip_001,1,rest,,0.7833,2445189.0,raspberry_pi_seeed_gsr,"2445189,0.7833"
2026-06-01T00:43:26.580,hardware_check,self_20260601_004314,clip_001,1,rest,,0.7945,2445210.0,raspberry_pi_seeed_gsr,"2445210,0.7945"
2026-06-01T00:43:26.601,hardware_check,self_20260601_004314,clip_001,1,rest,,0.7881,2445231.0,raspberry_pi_seeed_gsr,"2445231,0.7881"
2026-06-01T00:43:26.622,hardware_check,self_20260601_004314,clip_001,1,rest,,0.7655,2445252.0,raspberry_pi_seeed_gsr,"2445252,0.7655"
2026-06-01T00:43:26.644,hardware_check,self_20260601_004314,clip_001,1,rest,,0.7897,2445273.0,raspberry_pi_seeed_gsr,"2445273,0.7897"
2026-06-01T00:43:26.665,hardware_check,self_20260601_004314,clip_001,1,rest,,0.7841,2445294.0,raspberry_pi_seeed_gsr,"2445294,0.7841"
2026-06-01T00:43:26.686,hardware_check,self_20260601_004314,clip_001,1,rest,,0.7881,2445315.0,raspberry_pi_seeed_gsr,"2445315,0.7881"
2026-06-01T00:43:26.707,hardware_check,self_20260601_004314,clip_001,1,rest,,0.772,2445336.0,raspberry_pi_seeed_gsr,"2445336,0.7720"
2026-06-01T00:43:26.728,hardware_check,self_20260601_004314,clip_001,1,rest,,0.7929,2445357.0,raspberry_pi_seeed_gsr,"2445357,0.7929"
2026-06-01T00:43:26.749,hardware_check,self_20260601_004314,clip_001,1,rest,,0.7978,2445378.0,raspberry_pi_seeed_gsr,"2445378,0.7978"
2026-06-01T00:43:26.770,hardware_check,self_20260601_004314,clip_001,1,rest,,0.7929,2445399.0,raspberry_pi_seeed_gsr,"2445399,0.7929"
2026-06-01T00:43:26.798,hardware_check,self_20260601_004314,clip_001,1,rest,,0.7768,2445420.0,raspberry_pi_seeed_gsr,"2445420,0.7768"
2026-06-01T00:43:26.812,hardware_check,self_20260601_004314,clip_001,1,rest,,0.7833,2445441.0,raspberry_pi_seeed_gsr,"2445441,0.7833"
2026-06-01T00:43:26.833,hardware_check,self_20260601_004314,clip_001,1,rest,,0.7945,2445462.0,raspberry_pi_seeed_gsr,"2445462,0.7945"
2026-06-01T00:43:26.854,hardware_check,self_20260601_004314,clip_001,1,rest,,0.7897,2445483.0,raspberry_pi_seeed_gsr,"2445483,0.7897"
2026-06-01T00:43:26.875,hardware_check,self_20260601_004314,clip_001,1,rest,,0.7809,2445504.0,raspberry_pi_seeed_gsr,"2445504,0.7809"
2026-06-01T00:43:26.896,hardware_check,self_20260601_004314,clip_001,1,rest,,0.7954,2445525.0,raspberry_pi_seeed_gsr,"2445525,0.7954"
2026-06-01T00:43:26.917,hardware_check,self_20260601_004314,clip_001,1,rest,,0.797,2445546.0,raspberry_pi_seeed_gsr,"2445546,0.7970"
2026-06-01T00:43:26.938,hardware_check,self_20260601_004314,clip_001,1,rest,,0.7833,2445567.0,raspberry_pi_seeed_gsr,"2445567,0.7833"
2026-06-01T00:43:26.959,hardware_check,self_20260601_004314,clip_001,1,rest,,0.7768,2445588.0,raspberry_pi_seeed_gsr,"2445588,0.7768"
2026-06-01T00:43:26.980,hardware_check,self_20260601_004314,clip_001,1,rest,,0.8002,2445609.0,raspberry_pi_seeed_gsr,"2445609,0.8002"
2026-06-01T00:43:27.001,hardware_check,self_20260601_004314,clip_001,1,rest,,0.7881,2445630.0,raspberry_pi_seeed_gsr,"2445630,0.7881"
2026-06-01T00:43:27.022,hardware_check,self_20260601_004314,clip_001,1,rest,,0.7849,2445651.0,raspberry_pi_seeed_gsr,"2445651,0.7849"
2026-06-01T00:43:27.067,hardware_check,self_20260601_004314,clip_001,1,rest,,0.7889,2445672.0,raspberry_pi_seeed_gsr,"2445672,0.7889"
2026-06-01T00:43:27.068,hardware_check,self_20260601_004314,clip_001,1,rest,,0.7792,2445693.0,raspberry_pi_seeed_gsr,"2445693,0.7792"
2026-06-01T00:43:27.085,hardware_check,self_20260601_004314,clip_001,1,rest,,0.7962,2445714.0,raspberry_pi_seeed_gsr,"2445714,0.7962"
2026-06-01T00:43:27.106,hardware_check,self_20260601_004314,clip_001,1,rest,,0.7849,2445735.0,raspberry_pi_seeed_gsr,"2445735,0.7849"
2026-06-01T00:43:27.127,hardware_check,self_20260601_004314,clip_001,1,rest,,0.7937,2445756.0,raspberry_pi_seeed_gsr,"2445756,0.7937"
2026-06-01T00:43:27.148,hardware_check,self_20260601_004314,clip_001,1,rest,,0.7937,2445777.0,raspberry_pi_seeed_gsr,"2445777,0.7937"
2026-06-01T00:43:27.169,hardware_check,self_20260601_004314,clip_001,1,rest,,0.7929,2445798.0,raspberry_pi_seeed_gsr,"2445798,0.7929"
2026-06-01T00:43:27.190,hardware_check,self_20260601_004314,clip_001,1,rest,,0.7873,2445819.0,raspberry_pi_seeed_gsr,"2445819,0.7873"
2026-06-01T00:43:27.211,hardware_check,self_20260601_004314,clip_001,1,rest,,0.8002,2445840.0,raspberry_pi_seeed_gsr,"2445840,0.8002"
2026-06-01T00:43:27.232,hardware_check,self_20260601_004314,clip_001,1,rest,,0.8002,2445861.0,raspberry_pi_seeed_gsr,"2445861,0.8002"
2026-06-01T00:43:27.254,hardware_check,self_20260601_004314,clip_001,1,rest,,0.7945,2445882.0,raspberry_pi_seeed_gsr,"2445882,0.7945"
2026-06-01T00:43:27.275,hardware_check,self_20260601_004314,clip_001,1,rest,,0.7945,2445903.0,raspberry_pi_seeed_gsr,"2445903,0.7945"
2026-06-01T00:43:27.324,hardware_check,self_20260601_004314,clip_001,1,rest,,0.8042,2445924.0,raspberry_pi_seeed_gsr,"2445924,0.8042"
2026-06-01T00:43:27.324,hardware_check,self_20260601_004314,clip_001,1,rest,,0.8082,2445945.0,raspberry_pi_seeed_gsr,"2445945,0.8082"
2026-06-01T00:43:27.336,hardware_check,self_20260601_004314,clip_001,1,rest,,0.8042,2445966.0,raspberry_pi_seeed_gsr,"2445966,0.8042"
2026-06-01T00:43:27.357,hardware_check,self_20260601_004314,clip_001,1,rest,,0.7962,2445987.0,raspberry_pi_seeed_gsr,"2445987,0.7962"
2026-06-01T00:43:27.378,hardware_check,self_20260601_004314,clip_001,1,rest,,0.8042,2446008.0,raspberry_pi_seeed_gsr,"2446008,0.8042"
2026-06-01T00:43:27.400,hardware_check,self_20260601_004314,clip_001,1,rest,,0.8107,2446029.0,raspberry_pi_seeed_gsr,"2446029,0.8107"
2026-06-01T00:43:27.421,hardware_check,self_20260601_004314,clip_001,1,rest,,0.7937,2446050.0,raspberry_pi_seeed_gsr,"2446050,0.7937"
2026-06-01T00:43:27.442,hardware_check,self_20260601_004314,clip_001,1,rest,,0.7954,2446071.0,raspberry_pi_seeed_gsr,"2446071,0.7954"
2026-06-01T00:43:27.463,hardware_check,self_20260601_004314,clip_001,1,rest,,0.8091,2446092.0,raspberry_pi_seeed_gsr,"2446092,0.8091"
2026-06-01T00:43:27.484,hardware_check,self_20260601_004314,clip_001,1,rest,,0.8155,2446113.0,raspberry_pi_seeed_gsr,"2446113,0.8155"
2026-06-01T00:43:27.505,hardware_check,self_20260601_004314,clip_001,1,rest,,0.7978,2446134.0,raspberry_pi_seeed_gsr,"2446134,0.7978"
2026-06-01T00:43:27.526,hardware_check,self_20260601_004314,clip_001,1,rest,,0.7962,2446155.0,raspberry_pi_seeed_gsr,"2446155,0.7962"
2026-06-01T00:43:27.572,hardware_check,self_20260601_004314,clip_001,1,rest,,0.8123,2446176.0,raspberry_pi_seeed_gsr,"2446176,0.8123"
2026-06-01T00:43:27.572,hardware_check,self_20260601_004314,clip_001,1,rest,,0.8091,2446197.0,raspberry_pi_seeed_gsr,"2446197,0.8091"
2026-06-01T00:43:27.589,hardware_check,self_20260601_004314,clip_001,1,rest,,0.7978,2446218.0,raspberry_pi_seeed_gsr,"2446218,0.7978"
2026-06-01T00:43:27.610,hardware_check,self_20260601_004314,clip_001,1,rest,,0.8147,2446239.0,raspberry_pi_seeed_gsr,"2446239,0.8147"
2026-06-01T00:43:27.631,hardware_check,self_20260601_004314,clip_001,1,rest,,0.8203,2446260.0,raspberry_pi_seeed_gsr,"2446260,0.8203"
2026-06-01T00:43:27.652,hardware_check,self_20260601_004314,clip_001,1,rest,,0.8115,2446281.0,raspberry_pi_seeed_gsr,"2446281,0.8115"
2026-06-01T00:43:27.673,hardware_check,self_20260601_004314,clip_001,1,rest,,0.8026,2446302.0,raspberry_pi_seeed_gsr,"2446302,0.8026"
2026-06-01T00:43:27.694,hardware_check,self_20260601_004314,clip_001,1,rest,,0.797,2446323.0,raspberry_pi_seeed_gsr,"2446323,0.7970"
2026-06-01T00:43:27.715,hardware_check,self_20260601_004314,clip_001,1,rest,,0.8131,2446344.0,raspberry_pi_seeed_gsr,"2446344,0.8131"
2026-06-01T00:43:27.736,hardware_check,self_20260601_004314,clip_001,1,rest,,0.8026,2446365.0,raspberry_pi_seeed_gsr,"2446365,0.8026"
2026-06-01T00:43:27.756,hardware_check,self_20260601_004314,clip_001,1,rest,,0.8066,2446386.0,raspberry_pi_seeed_gsr,"2446386,0.8066"
2026-06-01T00:43:27.777,hardware_check,self_20260601_004314,clip_001,1,rest,,0.8107,2446407.0,raspberry_pi_seeed_gsr,"2446407,0.8107"
2026-06-01T00:43:27.805,hardware_check,self_20260601_004314,clip_001,1,rest,,0.8211,2446428.0,raspberry_pi_seeed_gsr,"2446428,0.8211"
2026-06-01T00:43:27.819,hardware_check,self_20260601_004314,clip_001,1,rest,,0.8099,2446449.0,raspberry_pi_seeed_gsr,"2446449,0.8099"
2026-06-01T00:43:27.840,hardware_check,self_20260601_004314,clip_001,1,rest,,0.8034,2446470.0,raspberry_pi_seeed_gsr,"2446470,0.8034"
2026-06-01T00:43:27.861,hardware_check,self_20260601_004314,clip_001,1,rest,,0.8115,2446491.0,raspberry_pi_seeed_gsr,"2446491,0.8115"
2026-06-01T00:43:27.883,hardware_check,self_20260601_004314,clip_001,1,rest,,0.8155,2446512.0,raspberry_pi_seeed_gsr,"2446512,0.8155"
2026-06-01T00:43:27.904,hardware_check,self_20260601_004314,clip_001,1,rest,,0.8107,2446533.0,raspberry_pi_seeed_gsr,"2446533,0.8107"
2026-06-01T00:43:27.925,hardware_check,self_20260601_004314,clip_001,1,rest,,0.8082,2446554.0,raspberry_pi_seeed_gsr,"2446554,0.8082"
2026-06-01T00:43:27.946,hardware_check,self_20260601_004314,clip_001,1,rest,,0.8155,2446575.0,raspberry_pi_seeed_gsr,"2446575,0.8155"
2026-06-01T00:43:27.967,hardware_check,self_20260601_004314,clip_001,1,rest,,0.8252,2446596.0,raspberry_pi_seeed_gsr,"2446596,0.8252"
2026-06-01T00:43:27.988,hardware_check,self_20260601_004314,clip_001,1,rest,,0.8074,2446617.0,raspberry_pi_seeed_gsr,"2446617,0.8074"
2026-06-01T00:43:28.009,hardware_check,self_20260601_004314,clip_001,1,rest,,0.8042,2446638.0,raspberry_pi_seeed_gsr,"2446638,0.8042"
2026-06-01T00:43:28.030,hardware_check,self_20260601_004314,clip_001,1,rest,,0.8155,2446659.0,raspberry_pi_seeed_gsr,"2446659,0.8155"
2026-06-01T00:43:28.077,hardware_check,self_20260601_004314,clip_001,1,rest,,0.826,2446680.0,raspberry_pi_seeed_gsr,"2446680,0.8260"
2026-06-01T00:43:28.078,hardware_check,self_20260601_004314,clip_001,1,rest,,0.8034,2446701.0,raspberry_pi_seeed_gsr,"2446701,0.8034"
2026-06-01T00:43:28.093,hardware_check,self_20260601_004314,clip_001,1,rest,,0.8066,2446722.0,raspberry_pi_seeed_gsr,"2446722,0.8066"
2026-06-01T00:43:28.114,hardware_check,self_20260601_004314,clip_001,1,rest,,0.8219,2446743.0,raspberry_pi_seeed_gsr,"2446743,0.8219"
2026-06-01T00:43:28.135,hardware_check,self_20260601_004314,clip_001,1,rest,,0.8236,2446764.0,raspberry_pi_seeed_gsr,"2446764,0.8236"
2026-06-01T00:43:28.156,hardware_check,self_20260601_004314,clip_001,1,rest,,0.8058,2446785.0,raspberry_pi_seeed_gsr,"2446785,0.8058"
2026-06-01T00:43:28.177,hardware_check,self_20260601_004314,clip_001,1,rest,,0.8171,2446806.0,raspberry_pi_seeed_gsr,"2446806,0.8171"
2026-06-01T00:43:28.198,hardware_check,self_20260601_004314,clip_001,1,rest,,0.8268,2446827.0,raspberry_pi_seeed_gsr,"2446827,0.8268"
2026-06-01T00:43:28.220,hardware_check,self_20260601_004314,clip_001,1,rest,,0.8203,2446848.0,raspberry_pi_seeed_gsr,"2446848,0.8203"
2026-06-01T00:43:28.239,hardware_check,self_20260601_004314,clip_001,1,rest,,0.8131,2446869.0,raspberry_pi_seeed_gsr,"2446869,0.8131"
2026-06-01T00:43:28.261,hardware_check,self_20260601_004314,clip_001,1,rest,,0.8139,2446890.0,raspberry_pi_seeed_gsr,"2446890,0.8139"
2026-06-01T00:43:28.282,hardware_check,self_20260601_004314,clip_001,1,rest,,0.8195,2446911.0,raspberry_pi_seeed_gsr,"2446911,0.8195"
2026-06-01T00:43:28.329,hardware_check,self_20260601_004314,clip_001,1,rest,,0.8203,2446932.0,raspberry_pi_seeed_gsr,"2446932,0.8203"
2026-06-01T00:43:28.330,hardware_check,self_20260601_004314,clip_001,1,rest,,0.8155,2446953.0,raspberry_pi_seeed_gsr,"2446953,0.8155"
2026-06-01T00:43:28.344,hardware_check,self_20260601_004314,clip_001,1,rest,,0.8179,2446974.0,raspberry_pi_seeed_gsr,"2446974,0.8179"
2026-06-01T00:43:28.365,hardware_check,self_20260601_004314,clip_001,1,rest,,0.8244,2446995.0,raspberry_pi_seeed_gsr,"2446995,0.8244"
2026-06-01T00:43:28.387,hardware_check,self_20260601_004314,clip_001,1,rest,,0.8317,2447016.0,raspberry_pi_seeed_gsr,"2447016,0.8317"
2026-06-01T00:43:28.408,hardware_check,self_20260601_004314,clip_001,1,rest,,0.801,2447037.0,raspberry_pi_seeed_gsr,"2447037,0.8010"
2026-06-01T00:43:28.429,hardware_check,self_20260601_004314,clip_001,1,rest,,0.8171,2447058.0,raspberry_pi_seeed_gsr,"2447058,0.8171"
2026-06-01T00:43:28.450,hardware_check,self_20260601_004314,clip_001,1,rest,,0.8203,2447079.0,raspberry_pi_seeed_gsr,"2447079,0.8203"
2026-06-01T00:43:28.471,hardware_check,self_20260601_004314,clip_001,1,rest,,0.8026,2447100.0,raspberry_pi_seeed_gsr,"2447100,0.8026"
2026-06-01T00:43:28.492,hardware_check,self_20260601_004314,clip_001,1,rest,,0.8058,2447121.0,raspberry_pi_seeed_gsr,"2447121,0.8058"
2026-06-01T00:43:28.513,hardware_check,self_20260601_004314,clip_001,1,rest,,0.8203,2447142.0,raspberry_pi_seeed_gsr,"2447142,0.8203"
2026-06-01T00:43:28.534,hardware_check,self_20260601_004314,clip_001,1,rest,,0.8227,2447163.0,raspberry_pi_seeed_gsr,"2447163,0.8227"
2026-06-01T00:43:28.577,hardware_check,self_20260601_004314,clip_001,1,rest,,0.8099,2447184.0,raspberry_pi_seeed_gsr,"2447184,0.8099"
2026-06-01T00:43:28.578,hardware_check,self_20260601_004314,clip_001,1,rest,,0.8074,2447205.0,raspberry_pi_seeed_gsr,"2447205,0.8074"
2026-06-01T00:43:28.597,hardware_check,self_20260601_004314,clip_001,1,rest,,0.8236,2447226.0,raspberry_pi_seeed_gsr,"2447226,0.8236"
2026-06-01T00:43:28.618,hardware_check,self_20260601_004314,clip_001,1,rest,,0.826,2447247.0,raspberry_pi_seeed_gsr,"2447247,0.8260"
2026-06-01T00:43:28.638,hardware_check,self_20260601_004314,clip_001,1,rest,,0.8107,2447268.0,raspberry_pi_seeed_gsr,"2447268,0.8107"
2026-06-01T00:43:28.659,hardware_check,self_20260601_004314,clip_001,1,rest,,0.8107,2447289.0,raspberry_pi_seeed_gsr,"2447289,0.8107"
2026-06-01T00:43:28.680,hardware_check,self_20260601_004314,clip_001,1,rest,,0.8236,2447310.0,raspberry_pi_seeed_gsr,"2447310,0.8236"
2026-06-01T00:43:28.701,hardware_check,self_20260601_004314,clip_001,1,rest,,0.8058,2447331.0,raspberry_pi_seeed_gsr,"2447331,0.8058"
2026-06-01T00:43:28.723,hardware_check,self_20260601_004314,clip_001,1,rest,,0.8034,2447352.0,raspberry_pi_seeed_gsr,"2447352,0.8034"
2026-06-01T00:43:28.743,hardware_check,self_20260601_004314,clip_001,1,rest,,0.8026,2447373.0,raspberry_pi_seeed_gsr,"2447373,0.8026"
2026-06-01T00:43:28.765,hardware_check,self_20260601_004314,clip_001,1,rest,,0.8252,2447394.0,raspberry_pi_seeed_gsr,"2447394,0.8252"
2026-06-01T00:43:28.786,hardware_check,self_20260601_004314,clip_001,1,rest,,0.8155,2447415.0,raspberry_pi_seeed_gsr,"2447415,0.8155"
2026-06-01T00:43:28.810,hardware_check,self_20260601_004314,clip_001,1,rest,,0.8131,2447436.0,raspberry_pi_seeed_gsr,"2447436,0.8131"
2026-06-01T00:43:28.828,hardware_check,self_20260601_004314,clip_001,1,rest,,0.7994,2447457.0,raspberry_pi_seeed_gsr,"2447457,0.7994"
2026-06-01T00:43:28.849,hardware_check,self_20260601_004314,clip_001,1,rest,,0.8268,2447478.0,raspberry_pi_seeed_gsr,"2447478,0.8268"
2026-06-01T00:43:28.870,hardware_check,self_20260601_004314,clip_001,1,rest,,0.8099,2447499.0,raspberry_pi_seeed_gsr,"2447499,0.8099"
2026-06-01T00:43:28.891,hardware_check,self_20260601_004314,clip_001,1,rest,,0.8091,2447520.0,raspberry_pi_seeed_gsr,"2447520,0.8091"
2026-06-01T00:43:28.912,hardware_check,self_20260601_004314,clip_001,1,rest,,0.8163,2447541.0,raspberry_pi_seeed_gsr,"2447541,0.8163"
2026-06-01T00:43:28.933,hardware_check,self_20260601_004314,clip_001,1,rest,,0.8276,2447562.0,raspberry_pi_seeed_gsr,"2447562,0.8276"
2026-06-01T00:43:28.954,hardware_check,self_20260601_004314,clip_001,1,rest,,0.8042,2447583.0,raspberry_pi_seeed_gsr,"2447583,0.8042"
2026-06-01T00:43:28.975,hardware_check,self_20260601_004314,clip_001,1,rest,,0.8026,2447604.0,raspberry_pi_seeed_gsr,"2447604,0.8026"
2026-06-01T00:43:28.996,hardware_check,self_20260601_004314,clip_001,1,rest,,0.8155,2447625.0,raspberry_pi_seeed_gsr,"2447625,0.8155"
2026-06-01T00:43:29.017,hardware_check,self_20260601_004314,clip_001,1,rest,,0.8091,2447646.0,raspberry_pi_seeed_gsr,"2447646,0.8091"
2026-06-01T00:43:29.038,hardware_check,self_20260601_004314,clip_001,1,rest,,0.8058,2447668.0,raspberry_pi_seeed_gsr,"2447668,0.8058"
2026-06-01T00:43:29.091,hardware_check,self_20260601_004314,clip_001,1,rest,,0.8058,2447688.0,raspberry_pi_seeed_gsr,"2447688,0.8058"
2026-06-01T00:43:29.092,hardware_check,self_20260601_004314,clip_001,1,rest,,0.8195,2447709.0,raspberry_pi_seeed_gsr,"2447709,0.8195"
2026-06-01T00:43:29.100,hardware_check,self_20260601_004314,clip_001,1,rest,,0.8155,2447730.0,raspberry_pi_seeed_gsr,"2447730,0.8155"
2026-06-01T00:43:29.121,hardware_check,self_20260601_004314,clip_001,1,rest,,0.8091,2447751.0,raspberry_pi_seeed_gsr,"2447751,0.8091"
2026-06-01T00:43:29.142,hardware_check,self_20260601_004314,clip_001,1,rest,,0.7954,2447772.0,raspberry_pi_seeed_gsr,"2447772,0.7954"
2026-06-01T00:43:29.164,hardware_check,self_20260601_004314,clip_001,1,rest,,0.797,2447793.0,raspberry_pi_seeed_gsr,"2447793,0.7970"
2026-06-01T00:43:29.185,hardware_check,self_20260601_004314,clip_001,1,rest,,0.7986,2447814.0,raspberry_pi_seeed_gsr,"2447814,0.7986"
2026-06-01T00:43:29.206,hardware_check,self_20260601_004314,clip_001,1,rest,,0.7954,2447835.0,raspberry_pi_seeed_gsr,"2447835,0.7954"
2026-06-01T00:43:29.227,hardware_check,self_20260601_004314,clip_001,1,rest,,0.797,2447856.0,raspberry_pi_seeed_gsr,"2447856,0.7970"
2026-06-01T00:43:29.248,hardware_check,self_20260601_004314,clip_001,1,rest,,0.8091,2447877.0,raspberry_pi_seeed_gsr,"2447877,0.8091"
2026-06-01T00:43:29.269,hardware_check,self_20260601_004314,clip_001,1,rest,,0.8058,2447898.0,raspberry_pi_seeed_gsr,"2447898,0.8058"
2026-06-01T00:43:29.290,hardware_check,self_20260601_004314,clip_001,1,rest,,0.7994,2447919.0,raspberry_pi_seeed_gsr,"2447919,0.7994"
2026-06-01T00:43:29.337,hardware_check,self_20260601_004314,clip_001,1,rest,,0.7712,2447940.0,raspberry_pi_seeed_gsr,"2447940,0.7712"
2026-06-01T00:43:29.338,hardware_check,self_20260601_004314,clip_001,1,rest,,0.8091,2447961.0,raspberry_pi_seeed_gsr,"2447961,0.8091"
2026-06-01T00:43:29.353,hardware_check,self_20260601_004314,clip_001,1,rest,,0.7954,2447982.0,raspberry_pi_seeed_gsr,"2447982,0.7954"
2026-06-01T00:43:29.374,hardware_check,self_20260601_004314,clip_001,1,rest,,0.7825,2448003.0,raspberry_pi_seeed_gsr,"2448003,0.7825"
2026-06-01T00:43:29.395,hardware_check,self_20260601_004314,clip_001,1,rest,,0.801,2448024.0,raspberry_pi_seeed_gsr,"2448024,0.8010"
2026-06-01T00:43:29.416,hardware_check,self_20260601_004314,clip_001,1,rest,,0.8115,2448045.0,raspberry_pi_seeed_gsr,"2448045,0.8115"
2026-06-01T00:43:29.437,hardware_check,self_20260601_004314,clip_001,1,rest,,0.7945,2448066.0,raspberry_pi_seeed_gsr,"2448066,0.7945"
2026-06-01T00:43:29.458,hardware_check,self_20260601_004314,clip_001,1,rest,,0.7905,2448087.0,raspberry_pi_seeed_gsr,"2448087,0.7905"
2026-06-01T00:43:29.479,hardware_check,self_20260601_004314,clip_001,1,rest,,0.7913,2448109.0,raspberry_pi_seeed_gsr,"2448109,0.7913"
2026-06-01T00:43:29.500,hardware_check,self_20260601_004314,clip_001,1,rest,,0.8268,2448129.0,raspberry_pi_seeed_gsr,"2448129,0.8268"
2026-06-01T00:43:29.521,hardware_check,self_20260601_004314,clip_001,1,rest,,0.7962,2448150.0,raspberry_pi_seeed_gsr,"2448150,0.7962"
2026-06-01T00:43:29.542,hardware_check,self_20260601_004314,clip_001,1,rest,,0.7897,2448171.0,raspberry_pi_seeed_gsr,"2448171,0.7897"
2026-06-01T00:43:29.588,hardware_check,self_20260601_004314,clip_001,1,rest,,0.7962,2448192.0,raspberry_pi_seeed_gsr,"2448192,0.7962"
2026-06-01T00:43:29.588,hardware_check,self_20260601_004314,clip_001,1,rest,,0.8026,2448213.0,raspberry_pi_seeed_gsr,"2448213,0.8026"
2026-06-01T00:43:29.604,hardware_check,self_20260601_004314,clip_001,1,rest,,0.7889,2448234.0,raspberry_pi_seeed_gsr,"2448234,0.7889"
2026-06-01T00:43:29.625,hardware_check,self_20260601_004314,clip_001,1,rest,,0.7784,2448255.0,raspberry_pi_seeed_gsr,"2448255,0.7784"
2026-06-01T00:43:29.647,hardware_check,self_20260601_004314,clip_001,1,rest,,0.7986,2448276.0,raspberry_pi_seeed_gsr,"2448276,0.7986"
2026-06-01T00:43:29.668,hardware_check,self_20260601_004314,clip_001,1,rest,,0.7978,2448297.0,raspberry_pi_seeed_gsr,"2448297,0.7978"
2026-06-01T00:43:29.689,hardware_check,self_20260601_004314,clip_001,1,rest,,0.7929,2448318.0,raspberry_pi_seeed_gsr,"2448318,0.7929"
2026-06-01T00:43:29.710,hardware_check,self_20260601_004314,clip_001,1,rest,,0.7841,2448339.0,raspberry_pi_seeed_gsr,"2448339,0.7841"
2026-06-01T00:43:29.731,hardware_check,self_20260601_004314,clip_001,1,rest,,0.7945,2448360.0,raspberry_pi_seeed_gsr,"2448360,0.7945"
2026-06-01T00:43:29.752,hardware_check,self_20260601_004314,clip_001,1,rest,,0.7978,2448381.0,raspberry_pi_seeed_gsr,"2448381,0.7978"
2026-06-01T00:43:29.773,hardware_check,self_20260601_004314,clip_001,1,rest,,0.7768,2448402.0,raspberry_pi_seeed_gsr,"2448402,0.7768"
2026-06-01T00:43:29.794,hardware_check,self_20260601_004314,clip_001,1,rest,,0.7849,2448423.0,raspberry_pi_seeed_gsr,"2448423,0.7849"
2026-06-01T00:43:29.819,hardware_check,self_20260601_004314,clip_001,1,rest,,0.7865,2448444.0,raspberry_pi_seeed_gsr,"2448444,0.7865"
2026-06-01T00:43:29.836,hardware_check,self_20260601_004314,clip_001,1,rest,,0.7929,2448465.0,raspberry_pi_seeed_gsr,"2448465,0.7929"
2026-06-01T00:43:29.857,hardware_check,self_20260601_004314,clip_001,1,rest,,0.7817,2448486.0,raspberry_pi_seeed_gsr,"2448486,0.7817"
2026-06-01T00:43:29.878,hardware_check,self_20260601_004314,clip_001,1,rest,,0.7857,2448507.0,raspberry_pi_seeed_gsr,"2448507,0.7857"
2026-06-01T00:43:29.899,hardware_check,self_20260601_004314,clip_001,1,rest,,0.7945,2448528.0,raspberry_pi_seeed_gsr,"2448528,0.7945"
2026-06-01T00:43:29.920,hardware_check,self_20260601_004314,clip_001,1,rest,,0.7897,2448549.0,raspberry_pi_seeed_gsr,"2448549,0.7897"
2026-06-01T00:43:29.941,hardware_check,self_20260601_004314,clip_001,1,rest,,0.776,2448570.0,raspberry_pi_seeed_gsr,"2448570,0.7760"
2026-06-01T00:43:29.962,hardware_check,self_20260601_004314,clip_001,1,rest,,0.7897,2448591.0,raspberry_pi_seeed_gsr,"2448591,0.7897"
2026-06-01T00:43:29.982,hardware_check,self_20260601_004314,clip_001,1,rest,,0.7929,2448612.0,raspberry_pi_seeed_gsr,"2448612,0.7929"
2026-06-01T00:43:30.003,hardware_check,self_20260601_004314,clip_001,1,rest,,0.7849,2448633.0,raspberry_pi_seeed_gsr,"2448633,0.7849"
2026-06-01T00:43:30.025,hardware_check,self_20260601_004314,clip_001,1,rest,,0.7776,2448654.0,raspberry_pi_seeed_gsr,"2448654,0.7776"
2026-06-01T00:43:30.046,hardware_check,self_20260601_004314,clip_001,1,rest,,0.7954,2448675.0,raspberry_pi_seeed_gsr,"2448675,0.7954"
2026-06-01T00:43:30.094,hardware_check,self_20260601_004314,clip_001,1,rest,,0.7809,2448696.0,raspberry_pi_seeed_gsr,"2448696,0.7809"
2026-06-01T00:43:30.095,hardware_check,self_20260601_004314,clip_001,1,rest,,0.7809,2448717.0,raspberry_pi_seeed_gsr,"2448717,0.7809"
2026-06-01T00:43:30.109,hardware_check,self_20260601_004314,clip_001,1,rest,,0.7905,2448738.0,raspberry_pi_seeed_gsr,"2448738,0.7905"
2026-06-01T00:43:30.130,hardware_check,self_20260601_004314,clip_001,1,rest,,0.7897,2448759.0,raspberry_pi_seeed_gsr,"2448759,0.7897"
2026-06-01T00:43:30.151,hardware_check,self_20260601_004314,clip_001,1,rest,,0.7752,2448780.0,raspberry_pi_seeed_gsr,"2448780,0.7752"
2026-06-01T00:43:30.172,hardware_check,self_20260601_004314,clip_001,1,rest,,0.78,2448801.0,raspberry_pi_seeed_gsr,"2448801,0.7800"
2026-06-01T00:43:30.193,hardware_check,self_20260601_004314,clip_001,1,rest,,0.7784,2448822.0,raspberry_pi_seeed_gsr,"2448822,0.7784"
2026-06-01T00:43:30.214,hardware_check,self_20260601_004314,clip_001,1,rest,,0.7849,2448843.0,raspberry_pi_seeed_gsr,"2448843,0.7849"
2026-06-01T00:43:30.235,hardware_check,self_20260601_004314,clip_001,1,rest,,0.7897,2448864.0,raspberry_pi_seeed_gsr,"2448864,0.7897"
2026-06-01T00:43:30.256,hardware_check,self_20260601_004314,clip_001,1,rest,,0.776,2448885.0,raspberry_pi_seeed_gsr,"2448885,0.7760"
2026-06-01T00:43:30.277,hardware_check,self_20260601_004314,clip_001,1,rest,,0.7607,2448906.0,raspberry_pi_seeed_gsr,"2448906,0.7607"
2026-06-01T00:43:30.298,hardware_check,self_20260601_004314,clip_001,1,rest,,0.797,2448927.0,raspberry_pi_seeed_gsr,"2448927,0.7970"
2026-06-01T00:43:30.342,hardware_check,self_20260601_004314,clip_001,1,rest,,0.7817,2448948.0,raspberry_pi_seeed_gsr,"2448948,0.7817"
2026-06-01T00:43:30.343,hardware_check,self_20260601_004314,clip_001,1,rest,,0.768,2448969.0,raspberry_pi_seeed_gsr,"2448969,0.7680"
2026-06-01T00:43:30.361,hardware_check,self_20260601_004314,clip_001,1,rest,,0.78,2448990.0,raspberry_pi_seeed_gsr,"2448990,0.7800"
2026-06-01T00:43:30.382,hardware_check,self_20260601_004314,clip_001,1,rest,,0.7994,2449011.0,raspberry_pi_seeed_gsr,"2449011,0.7994"
2026-06-01T00:43:30.403,hardware_check,self_20260601_004314,clip_001,1,rest,,0.7784,2449032.0,raspberry_pi_seeed_gsr,"2449032,0.7784"
2026-06-01T00:43:30.424,hardware_check,self_20260601_004314,clip_001,1,rest,,0.772,2449053.0,raspberry_pi_seeed_gsr,"2449053,0.7720"
2026-06-01T00:43:30.445,hardware_check,self_20260601_004314,clip_001,1,rest,,0.7833,2449074.0,raspberry_pi_seeed_gsr,"2449074,0.7833"
2026-06-01T00:43:30.465,hardware_check,self_20260601_004314,clip_001,1,rest,,0.7937,2449095.0,raspberry_pi_seeed_gsr,"2449095,0.7937"
2026-06-01T00:43:30.487,hardware_check,self_20260601_004314,clip_001,1,rest,,0.7825,2449116.0,raspberry_pi_seeed_gsr,"2449116,0.7825"
2026-06-01T00:43:30.508,hardware_check,self_20260601_004314,clip_001,1,rest,,0.7696,2449137.0,raspberry_pi_seeed_gsr,"2449137,0.7696"
2026-06-01T00:43:30.529,hardware_check,self_20260601_004314,clip_001,1,rest,,0.7865,2449158.0,raspberry_pi_seeed_gsr,"2449158,0.7865"
2026-06-01T00:43:30.550,hardware_check,self_20260601_004314,clip_001,1,rest,,0.797,2449179.0,raspberry_pi_seeed_gsr,"2449179,0.7970"
2026-06-01T00:43:30.596,hardware_check,self_20260601_004314,clip_001,1,rest,,0.7825,2449200.0,raspberry_pi_seeed_gsr,"2449200,0.7825"
2026-06-01T00:43:30.597,hardware_check,self_20260601_004314,clip_001,1,rest,,0.7776,2449221.0,raspberry_pi_seeed_gsr,"2449221,0.7776"
2026-06-01T00:43:30.613,hardware_check,self_20260601_004314,clip_001,1,rest,,0.7784,2449242.0,raspberry_pi_seeed_gsr,"2449242,0.7784"
2026-06-01T00:43:30.634,hardware_check,self_20260601_004314,clip_001,1,rest,,0.7889,2449263.0,raspberry_pi_seeed_gsr,"2449263,0.7889"
2026-06-01T00:43:30.655,hardware_check,self_20260601_004314,clip_001,1,rest,,0.7744,2449284.0,raspberry_pi_seeed_gsr,"2449284,0.7744"
2026-06-01T00:43:30.676,hardware_check,self_20260601_004314,clip_001,1,rest,,0.776,2449305.0,raspberry_pi_seeed_gsr,"2449305,0.7760"
2026-06-01T00:43:30.697,hardware_check,self_20260601_004314,clip_001,1,rest,,0.7857,2449326.0,raspberry_pi_seeed_gsr,"2449326,0.7857"
2026-06-01T00:43:30.718,hardware_check,self_20260601_004314,clip_001,1,rest,,0.7937,2449347.0,raspberry_pi_seeed_gsr,"2449347,0.7937"
2026-06-01T00:43:30.739,hardware_check,self_20260601_004314,clip_001,1,rest,,0.7768,2449368.0,raspberry_pi_seeed_gsr,"2449368,0.7768"
2026-06-01T00:43:30.760,hardware_check,self_20260601_004314,clip_001,1,rest,,0.7752,2449389.0,raspberry_pi_seeed_gsr,"2449389,0.7752"
2026-06-01T00:43:30.781,hardware_check,self_20260601_004314,clip_001,1,rest,,0.7945,2449410.0,raspberry_pi_seeed_gsr,"2449410,0.7945"
2026-06-01T00:43:30.802,hardware_check,self_20260601_004314,clip_001,1,rest,,0.7929,2449431.0,raspberry_pi_seeed_gsr,"2449431,0.7929"
2026-06-01T00:43:30.826,hardware_check,self_20260601_004314,clip_001,1,rest,,0.7752,2449452.0,raspberry_pi_seeed_gsr,"2449452,0.7752"
2026-06-01T00:43:30.844,hardware_check,self_20260601_004314,clip_001,1,rest,,0.7768,2449473.0,raspberry_pi_seeed_gsr,"2449473,0.7768"
2026-06-01T00:43:30.865,hardware_check,self_20260601_004314,clip_001,1,rest,,0.7873,2449495.0,raspberry_pi_seeed_gsr,"2449495,0.7873"
2026-06-01T00:43:30.885,hardware_check,self_20260601_004314,clip_001,1,rest,,0.7897,2449515.0,raspberry_pi_seeed_gsr,"2449515,0.7897"
2026-06-01T00:43:30.906,hardware_check,self_20260601_004314,clip_001,1,rest,,0.7736,2449536.0,raspberry_pi_seeed_gsr,"2449536,0.7736"
2026-06-01T00:43:30.927,hardware_check,self_20260601_004314,clip_001,1,rest,,0.7752,2449557.0,raspberry_pi_seeed_gsr,"2449557,0.7752"
2026-06-01T00:43:30.948,hardware_check,self_20260601_004314,clip_001,1,rest,,0.7841,2449578.0,raspberry_pi_seeed_gsr,"2449578,0.7841"
2026-06-01T00:43:30.970,hardware_check,self_20260601_004314,clip_001,1,rest,,0.7873,2449599.0,raspberry_pi_seeed_gsr,"2449599,0.7873"
2026-06-01T00:43:30.991,hardware_check,self_20260601_004314,clip_001,1,rest,,0.78,2449620.0,raspberry_pi_seeed_gsr,"2449620,0.7800"
2026-06-01T00:43:31.011,hardware_check,self_20260601_004314,clip_001,1,rest,,0.7841,2449641.0,raspberry_pi_seeed_gsr,"2449641,0.7841"
2026-06-01T00:43:31.033,hardware_check,self_20260601_004314,clip_001,1,rest,,0.8195,2449662.0,raspberry_pi_seeed_gsr,"2449662,0.8195"
2026-06-01T00:43:31.054,hardware_check,self_20260601_004314,clip_001,1,rest,,0.7833,2449683.0,raspberry_pi_seeed_gsr,"2449683,0.7833"
2026-06-01T00:43:31.100,hardware_check,self_20260601_004314,clip_001,1,rest,,0.7776,2449704.0,raspberry_pi_seeed_gsr,"2449704,0.7776"
2026-06-01T00:43:31.101,hardware_check,self_20260601_004314,clip_001,1,rest,,0.7954,2449725.0,raspberry_pi_seeed_gsr,"2449725,0.7954"
2026-06-01T00:43:31.117,hardware_check,self_20260601_004314,clip_001,1,rest,,0.776,2449746.0,raspberry_pi_seeed_gsr,"2449746,0.7760"
2026-06-01T00:43:31.138,hardware_check,self_20260601_004314,clip_001,1,rest,,0.7784,2449767.0,raspberry_pi_seeed_gsr,"2449767,0.7784"
2026-06-01T00:43:31.159,hardware_check,self_20260601_004314,clip_001,1,rest,,0.78,2449788.0,raspberry_pi_seeed_gsr,"2449788,0.7800"
2026-06-01T00:43:31.180,hardware_check,self_20260601_004314,clip_001,1,rest,,0.7905,2449809.0,raspberry_pi_seeed_gsr,"2449809,0.7905"
2026-06-01T00:43:31.201,hardware_check,self_20260601_004314,clip_001,1,rest,,0.7849,2449830.0,raspberry_pi_seeed_gsr,"2449830,0.7849"
2026-06-01T00:43:31.222,hardware_check,self_20260601_004314,clip_001,1,rest,,0.7809,2449851.0,raspberry_pi_seeed_gsr,"2449851,0.7809"
2026-06-01T00:43:31.243,hardware_check,self_20260601_004314,clip_001,1,rest,,0.7849,2449872.0,raspberry_pi_seeed_gsr,"2449872,0.7849"
2026-06-01T00:43:31.264,hardware_check,self_20260601_004314,clip_001,1,rest,,0.7929,2449893.0,raspberry_pi_seeed_gsr,"2449893,0.7929"
2026-06-01T00:43:31.285,hardware_check,self_20260601_004314,clip_001,1,rest,,0.7962,2449914.0,raspberry_pi_seeed_gsr,"2449914,0.7962"
2026-06-01T00:43:31.306,hardware_check,self_20260601_004314,clip_001,1,rest,,0.7809,2449935.0,raspberry_pi_seeed_gsr,"2449935,0.7809"
2026-06-01T00:43:31.351,hardware_check,self_20260601_004314,clip_001,1,rest,,0.7817,2449956.0,raspberry_pi_seeed_gsr,"2449956,0.7817"
2026-06-01T00:43:31.352,hardware_check,self_20260601_004314,clip_001,1,rest,,0.8026,2449978.0,raspberry_pi_seeed_gsr,"2449978,0.8026"
2026-06-01T00:43:31.369,hardware_check,self_20260601_004314,clip_001,1,rest,,0.7905,2449998.0,raspberry_pi_seeed_gsr,"2449998,0.7905"
2026-06-01T00:43:31.389,hardware_check,self_20260601_004314,clip_001,1,rest,,0.7873,2450019.0,raspberry_pi_seeed_gsr,"2450019,0.7873"
2026-06-01T00:43:31.410,hardware_check,self_20260601_004314,clip_001,1,rest,,0.7841,2450040.0,raspberry_pi_seeed_gsr,"2450040,0.7841"
2026-06-01T00:43:31.431,hardware_check,self_20260601_004314,clip_001,1,rest,,0.797,2450061.0,raspberry_pi_seeed_gsr,"2450061,0.7970"
2026-06-01T00:43:31.452,hardware_check,self_20260601_004314,clip_001,1,rest,,0.7873,2450082.0,raspberry_pi_seeed_gsr,"2450082,0.7873"
2026-06-01T00:43:31.474,hardware_check,self_20260601_004314,clip_001,1,rest,,0.7978,2450103.0,raspberry_pi_seeed_gsr,"2450103,0.7978"
2026-06-01T00:43:31.495,hardware_check,self_20260601_004314,clip_001,1,rest,,0.7889,2450124.0,raspberry_pi_seeed_gsr,"2450124,0.7889"
2026-06-01T00:43:31.516,hardware_check,self_20260601_004314,clip_001,1,rest,,0.8058,2450145.0,raspberry_pi_seeed_gsr,"2450145,0.8058"
2026-06-01T00:43:31.537,hardware_check,self_20260601_004314,clip_001,1,rest,,0.7905,2450166.0,raspberry_pi_seeed_gsr,"2450166,0.7905"
2026-06-01T00:43:31.558,hardware_check,self_20260601_004314,clip_001,1,rest,,0.7825,2450187.0,raspberry_pi_seeed_gsr,"2450187,0.7825"
2026-06-01T00:43:31.608,hardware_check,self_20260601_004314,clip_001,1,rest,,0.797,2450208.0,raspberry_pi_seeed_gsr,"2450208,0.7970"
2026-06-01T00:43:31.609,hardware_check,self_20260601_004314,clip_001,1,rest,,0.797,2450229.0,raspberry_pi_seeed_gsr,"2450229,0.7970"
2026-06-01T00:43:31.621,hardware_check,self_20260601_004314,clip_001,1,rest,,0.7905,2450250.0,raspberry_pi_seeed_gsr,"2450250,0.7905"
2026-06-01T00:43:31.642,hardware_check,self_20260601_004314,clip_001,1,rest,,0.7825,2450271.0,raspberry_pi_seeed_gsr,"2450271,0.7825"
2026-06-01T00:43:31.663,hardware_check,self_20260601_004314,clip_001,1,rest,,0.7994,2450292.0,raspberry_pi_seeed_gsr,"2450292,0.7994"
2026-06-01T00:43:31.684,hardware_check,self_20260601_004314,clip_001,1,rest,,0.7752,2450313.0,raspberry_pi_seeed_gsr,"2450313,0.7752"
2026-06-01T00:43:31.705,hardware_check,self_20260601_004314,clip_001,1,rest,,0.7873,2450334.0,raspberry_pi_seeed_gsr,"2450334,0.7873"
2026-06-01T00:43:31.726,hardware_check,self_20260601_004314,clip_001,1,rest,,0.7897,2450355.0,raspberry_pi_seeed_gsr,"2450355,0.7897"
2026-06-01T00:43:31.747,hardware_check,self_20260601_004314,clip_001,1,rest,,0.8066,2450376.0,raspberry_pi_seeed_gsr,"2450376,0.8066"
2026-06-01T00:43:31.767,hardware_check,self_20260601_004314,clip_001,1,rest,,0.8026,2450397.0,raspberry_pi_seeed_gsr,"2450397,0.8026"
2026-06-01T00:43:31.788,hardware_check,self_20260601_004314,clip_001,1,rest,,0.7712,2450418.0,raspberry_pi_seeed_gsr,"2450418,0.7712"
2026-06-01T00:43:31.809,hardware_check,self_20260601_004314,clip_001,1,rest,,0.7889,2450439.0,raspberry_pi_seeed_gsr,"2450439,0.7889"
2026-06-01T00:43:31.830,hardware_check,self_20260601_004314,clip_001,1,rest,,0.8018,2450460.0,raspberry_pi_seeed_gsr,"2450460,0.8018"
2026-06-01T00:43:31.855,hardware_check,self_20260601_004314,clip_001,1,rest,,0.8034,2450481.0,raspberry_pi_seeed_gsr,"2450481,0.8034"
2026-06-01T00:43:31.872,hardware_check,self_20260601_004314,clip_001,1,rest,,0.7905,2450502.0,raspberry_pi_seeed_gsr,"2450502,0.7905"
2026-06-01T00:43:31.894,hardware_check,self_20260601_004314,clip_001,1,rest,,0.7913,2450523.0,raspberry_pi_seeed_gsr,"2450523,0.7913"
2026-06-01T00:43:31.915,hardware_check,self_20260601_004314,clip_001,1,rest,,0.8099,2450544.0,raspberry_pi_seeed_gsr,"2450544,0.8099"
2026-06-01T00:43:31.936,hardware_check,self_20260601_004314,clip_001,1,rest,,0.8058,2450565.0,raspberry_pi_seeed_gsr,"2450565,0.8058"
2026-06-01T00:43:31.957,hardware_check,self_20260601_004314,clip_001,1,rest,,0.7905,2450586.0,raspberry_pi_seeed_gsr,"2450586,0.7905"
2026-06-01T00:43:31.978,hardware_check,self_20260601_004314,clip_001,1,rest,,0.797,2450607.0,raspberry_pi_seeed_gsr,"2450607,0.7970"
2026-06-01T00:43:31.999,hardware_check,self_20260601_004314,clip_001,1,rest,,0.8115,2450628.0,raspberry_pi_seeed_gsr,"2450628,0.8115"
2026-06-01T00:43:32.020,hardware_check,self_20260601_004314,clip_001,1,rest,,0.8042,2450649.0,raspberry_pi_seeed_gsr,"2450649,0.8042"
2026-06-01T00:43:32.041,hardware_check,self_20260601_004314,clip_001,1,rest,,0.7913,2450670.0,raspberry_pi_seeed_gsr,"2450670,0.7913"
2026-06-01T00:43:32.062,hardware_check,self_20260601_004314,clip_001,1,rest,,0.801,2450691.0,raspberry_pi_seeed_gsr,"2450691,0.8010"
2026-06-01T00:43:32.083,hardware_check,self_20260601_004314,clip_001,1,rest,,0.8099,2450712.0,raspberry_pi_seeed_gsr,"2450712,0.8099"
2026-06-01T00:43:32.119,hardware_check,self_20260601_004314,clip_001,1,rest,,0.8026,2450733.0,raspberry_pi_seeed_gsr,"2450733,0.8026"
2026-06-01T00:43:32.125,hardware_check,self_20260601_004314,clip_001,1,rest,,0.7913,2450754.0,raspberry_pi_seeed_gsr,"2450754,0.7913"
2026-06-01T00:43:32.146,hardware_check,self_20260601_004314,clip_001,1,rest,,0.8066,2450776.0,raspberry_pi_seeed_gsr,"2450776,0.8066"
2026-06-01T00:43:32.166,hardware_check,self_20260601_004314,clip_001,1,rest,,0.8058,2450796.0,raspberry_pi_seeed_gsr,"2450796,0.8058"
2026-06-01T00:43:32.187,hardware_check,self_20260601_004314,clip_001,1,rest,,0.8034,2450817.0,raspberry_pi_seeed_gsr,"2450817,0.8034"
2026-06-01T00:43:32.208,hardware_check,self_20260601_004314,clip_001,1,rest,,0.7841,2450838.0,raspberry_pi_seeed_gsr,"2450838,0.7841"
2026-06-01T00:43:32.230,hardware_check,self_20260601_004314,clip_001,1,rest,,0.8107,2450859.0,raspberry_pi_seeed_gsr,"2450859,0.8107"
2026-06-01T00:43:32.251,hardware_check,self_20260601_004314,clip_001,1,rest,,0.8139,2450880.0,raspberry_pi_seeed_gsr,"2450880,0.8139"
2026-06-01T00:43:32.272,hardware_check,self_20260601_004314,clip_001,1,rest,,0.7994,2450901.0,raspberry_pi_seeed_gsr,"2450901,0.7994"
2026-06-01T00:43:32.293,hardware_check,self_20260601_004314,clip_001,1,rest,,0.7913,2450922.0,raspberry_pi_seeed_gsr,"2450922,0.7913"
2026-06-01T00:43:32.314,hardware_check,self_20260601_004314,clip_001,1,rest,,0.8163,2450943.0,raspberry_pi_seeed_gsr,"2450943,0.8163"
2026-06-01T00:43:32.335,hardware_check,self_20260601_004314,clip_001,1,rest,,0.8155,2450964.0,raspberry_pi_seeed_gsr,"2450964,0.8155"
2026-06-01T00:43:32.379,hardware_check,self_20260601_004314,clip_001,1,rest,,0.8002,2450985.0,raspberry_pi_seeed_gsr,"2450985,0.8002"
2026-06-01T00:43:32.380,hardware_check,self_20260601_004314,clip_001,1,rest,,0.7978,2451006.0,raspberry_pi_seeed_gsr,"2451006,0.7978"
2026-06-01T00:43:32.398,hardware_check,self_20260601_004314,clip_001,1,rest,,0.8163,2451027.0,raspberry_pi_seeed_gsr,"2451027,0.8163"
2026-06-01T00:43:32.419,hardware_check,self_20260601_004314,clip_001,1,rest,,0.8179,2451048.0,raspberry_pi_seeed_gsr,"2451048,0.8179"
2026-06-01T00:43:32.440,hardware_check,self_20260601_004314,clip_001,1,rest,,0.801,2451069.0,raspberry_pi_seeed_gsr,"2451069,0.8010"
2026-06-01T00:43:32.461,hardware_check,self_20260601_004314,clip_001,1,rest,,0.8042,2451090.0,raspberry_pi_seeed_gsr,"2451090,0.8042"
2026-06-01T00:43:32.482,hardware_check,self_20260601_004314,clip_001,1,rest,,0.8187,2451111.0,raspberry_pi_seeed_gsr,"2451111,0.8187"
2026-06-01T00:43:32.503,hardware_check,self_20260601_004314,clip_001,1,rest,,0.8123,2451132.0,raspberry_pi_seeed_gsr,"2451132,0.8123"
2026-06-01T00:43:32.524,hardware_check,self_20260601_004314,clip_001,1,rest,,0.7986,2451153.0,raspberry_pi_seeed_gsr,"2451153,0.7986"
2026-06-01T00:43:32.545,hardware_check,self_20260601_004314,clip_001,1,rest,,0.805,2451174.0,raspberry_pi_seeed_gsr,"2451174,0.8050"
2026-06-01T00:43:32.566,hardware_check,self_20260601_004314,clip_001,1,rest,,0.8139,2451195.0,raspberry_pi_seeed_gsr,"2451195,0.8139"
2026-06-01T00:43:32.587,hardware_check,self_20260601_004314,clip_001,1,rest,,0.8082,2451217.0,raspberry_pi_seeed_gsr,"2451217,0.8082"
2026-06-01T00:43:32.630,hardware_check,self_20260601_004314,clip_001,1,rest,,0.8018,2451237.0,raspberry_pi_seeed_gsr,"2451237,0.8018"
2026-06-01T00:43:32.631,hardware_check,self_20260601_004314,clip_001,1,rest,,0.8074,2451258.0,raspberry_pi_seeed_gsr,"2451258,0.8074"
2026-06-01T00:43:32.649,hardware_check,self_20260601_004314,clip_001,1,rest,,0.8195,2451279.0,raspberry_pi_seeed_gsr,"2451279,0.8195"
2026-06-01T00:43:32.670,hardware_check,self_20260601_004314,clip_001,1,rest,,0.8066,2451300.0,raspberry_pi_seeed_gsr,"2451300,0.8066"
2026-06-01T00:43:32.691,hardware_check,self_20260601_004314,clip_001,1,rest,,0.7978,2451321.0,raspberry_pi_seeed_gsr,"2451321,0.7978"
2026-06-01T00:43:32.712,hardware_check,self_20260601_004314,clip_001,1,rest,,0.8155,2451342.0,raspberry_pi_seeed_gsr,"2451342,0.8155"
2026-06-01T00:43:32.734,hardware_check,self_20260601_004314,clip_001,1,rest,,0.8195,2451363.0,raspberry_pi_seeed_gsr,"2451363,0.8195"
2026-06-01T00:43:32.755,hardware_check,self_20260601_004314,clip_001,1,rest,,0.8066,2451384.0,raspberry_pi_seeed_gsr,"2451384,0.8066"
2026-06-01T00:43:32.776,hardware_check,self_20260601_004314,clip_001,1,rest,,0.7954,2451405.0,raspberry_pi_seeed_gsr,"2451405,0.7954"
2026-06-01T00:43:32.797,hardware_check,self_20260601_004314,clip_001,1,rest,,0.8074,2451426.0,raspberry_pi_seeed_gsr,"2451426,0.8074"
2026-06-01T00:43:32.818,hardware_check,self_20260601_004314,clip_001,1,rest,,0.8203,2451447.0,raspberry_pi_seeed_gsr,"2451447,0.8203"
2026-06-01T00:43:32.839,hardware_check,self_20260601_004314,clip_001,1,rest,,0.8115,2451468.0,raspberry_pi_seeed_gsr,"2451468,0.8115"
2026-06-01T00:43:32.860,hardware_check,self_20260601_004314,clip_001,1,rest,,0.8082,2451489.0,raspberry_pi_seeed_gsr,"2451489,0.8082"
2026-06-01T00:43:32.885,hardware_check,self_20260601_004314,clip_001,1,rest,,0.8227,2451510.0,raspberry_pi_seeed_gsr,"2451510,0.8227"
2026-06-01T00:43:32.902,hardware_check,self_20260601_004314,clip_001,1,rest,,0.8131,2451531.0,raspberry_pi_seeed_gsr,"2451531,0.8131"
2026-06-01T00:43:32.923,hardware_check,self_20260601_004314,clip_001,1,rest,,0.8074,2451552.0,raspberry_pi_seeed_gsr,"2451552,0.8074"
2026-06-01T00:43:32.944,hardware_check,self_20260601_004314,clip_001,1,rest,,0.8107,2451573.0,raspberry_pi_seeed_gsr,"2451573,0.8107"
2026-06-01T00:43:32.965,hardware_check,self_20260601_004314,clip_001,1,rest,,0.8227,2451594.0,raspberry_pi_seeed_gsr,"2451594,0.8227"
2026-06-01T00:43:32.986,hardware_check,self_20260601_004314,clip_001,1,rest,,0.8227,2451615.0,raspberry_pi_seeed_gsr,"2451615,0.8227"
2026-06-01T00:43:33.006,hardware_check,self_20260601_004314,clip_001,1,rest,,0.8058,2451636.0,raspberry_pi_seeed_gsr,"2451636,0.8058"
2026-06-01T00:43:33.027,hardware_check,self_20260601_004314,clip_001,1,rest,,0.8066,2451657.0,raspberry_pi_seeed_gsr,"2451657,0.8066"
2026-06-01T00:43:33.048,hardware_check,self_20260601_004314,clip_001,1,rest,,0.8276,2451678.0,raspberry_pi_seeed_gsr,"2451678,0.8276"
2026-06-01T00:43:33.069,hardware_check,self_20260601_004314,clip_001,1,rest,,0.8187,2451699.0,raspberry_pi_seeed_gsr,"2451699,0.8187"
2026-06-01T00:43:33.091,hardware_check,self_20260601_004314,clip_001,1,rest,,0.8091,2451720.0,raspberry_pi_seeed_gsr,"2451720,0.8091"
2026-06-01T00:43:33.112,hardware_check,self_20260601_004314,clip_001,1,rest,,0.8187,2451741.0,raspberry_pi_seeed_gsr,"2451741,0.8187"
2026-06-01T00:43:33.158,hardware_check,self_20260601_004314,clip_001,1,rest,,0.8284,2451762.0,raspberry_pi_seeed_gsr,"2451762,0.8284"
2026-06-01T00:43:33.159,hardware_check,self_20260601_004314,clip_001,1,rest,,0.8163,2451783.0,raspberry_pi_seeed_gsr,"2451783,0.8163"
2026-06-01T00:43:33.175,hardware_check,self_20260601_004314,clip_001,1,rest,,0.8018,2451804.0,raspberry_pi_seeed_gsr,"2451804,0.8018"
2026-06-01T00:43:33.196,hardware_check,self_20260601_004314,clip_001,1,rest,,0.8227,2451825.0,raspberry_pi_seeed_gsr,"2451825,0.8227"
2026-06-01T00:43:33.217,hardware_check,self_20260601_004314,clip_001,1,rest,,0.8227,2451846.0,raspberry_pi_seeed_gsr,"2451846,0.8227"
2026-06-01T00:43:33.238,hardware_check,self_20260601_004314,clip_001,1,rest,,0.8131,2451867.0,raspberry_pi_seeed_gsr,"2451867,0.8131"
2026-06-01T00:43:33.259,hardware_check,self_20260601_004314,clip_001,1,rest,,0.8107,2451888.0,raspberry_pi_seeed_gsr,"2451888,0.8107"
2026-06-01T00:43:33.280,hardware_check,self_20260601_004314,clip_001,1,rest,,0.8147,2451909.0,raspberry_pi_seeed_gsr,"2451909,0.8147"
2026-06-01T00:43:33.301,hardware_check,self_20260601_004314,clip_001,1,rest,,0.8252,2451930.0,raspberry_pi_seeed_gsr,"2451930,0.8252"
2026-06-01T00:43:33.322,hardware_check,self_20260601_004314,clip_001,1,rest,,0.8107,2451951.0,raspberry_pi_seeed_gsr,"2451951,0.8107"
2026-06-01T00:43:33.343,hardware_check,self_20260601_004314,clip_001,1,rest,,0.8163,2451972.0,raspberry_pi_seeed_gsr,"2451972,0.8163"
2026-06-01T00:43:33.364,hardware_check,self_20260601_004314,clip_001,1,rest,,0.8252,2451993.0,raspberry_pi_seeed_gsr,"2451993,0.8252"
2026-06-01T00:43:33.411,hardware_check,self_20260601_004314,clip_001,1,rest,,0.83,2452015.0,raspberry_pi_seeed_gsr,"2452015,0.8300"
2026-06-01T00:43:33.412,hardware_check,self_20260601_004314,clip_001,1,rest,,0.8099,2452035.0,raspberry_pi_seeed_gsr,"2452035,0.8099"
2026-06-01T00:43:33.427,hardware_check,self_20260601_004314,clip_001,1,rest,,0.8227,2452057.0,raspberry_pi_seeed_gsr,"2452057,0.8227"
2026-06-01T00:43:33.447,hardware_check,self_20260601_004314,clip_001,1,rest,,0.8236,2452077.0,raspberry_pi_seeed_gsr,"2452077,0.8236"
2026-06-01T00:43:33.468,hardware_check,self_20260601_004314,clip_001,1,rest,,0.8276,2452098.0,raspberry_pi_seeed_gsr,"2452098,0.8276"
2026-06-01T00:43:33.489,hardware_check,self_20260601_004314,clip_001,1,rest,,0.8195,2452119.0,raspberry_pi_seeed_gsr,"2452119,0.8195"
2026-06-01T00:43:33.511,hardware_check,self_20260601_004314,clip_001,1,rest,,0.8139,2452140.0,raspberry_pi_seeed_gsr,"2452140,0.8139"
2026-06-01T00:43:33.531,hardware_check,self_20260601_004314,clip_001,1,rest,,0.8284,2452161.0,raspberry_pi_seeed_gsr,"2452161,0.8284"
2026-06-01T00:43:33.553,hardware_check,self_20260601_004314,clip_001,1,rest,,0.8446,2452182.0,raspberry_pi_seeed_gsr,"2452182,0.8446"
2026-06-01T00:43:33.574,hardware_check,self_20260601_004314,clip_001,1,rest,,0.8107,2452203.0,raspberry_pi_seeed_gsr,"2452203,0.8107"
2026-06-01T00:43:33.595,hardware_check,self_20260601_004314,clip_001,1,rest,,0.8155,2452224.0,raspberry_pi_seeed_gsr,"2452224,0.8155"
2026-06-01T00:43:33.616,hardware_check,self_20260601_004314,clip_001,1,rest,,0.8276,2452245.0,raspberry_pi_seeed_gsr,"2452245,0.8276"
2026-06-01T00:43:33.662,hardware_check,self_20260601_004314,clip_001,1,rest,,0.8478,2452266.0,raspberry_pi_seeed_gsr,"2452266,0.8478"
2026-06-01T00:43:33.663,hardware_check,self_20260601_004314,clip_001,1,rest,,0.8155,2452287.0,raspberry_pi_seeed_gsr,"2452287,0.8155"
2026-06-01T00:43:33.679,hardware_check,self_20260601_004314,clip_001,1,rest,,0.826,2452308.0,raspberry_pi_seeed_gsr,"2452308,0.8260"
2026-06-01T00:43:33.700,hardware_check,self_20260601_004314,clip_001,1,rest,,0.8244,2452329.0,raspberry_pi_seeed_gsr,"2452329,0.8244"
2026-06-01T00:43:33.721,hardware_check,self_20260601_004314,clip_001,1,rest,,0.7937,2452350.0,raspberry_pi_seeed_gsr,"2452350,0.7937"
2026-06-01T00:43:33.742,hardware_check,self_20260601_004314,clip_001,1,rest,,0.8123,2452371.0,raspberry_pi_seeed_gsr,"2452371,0.8123"
2026-06-01T00:43:33.763,hardware_check,self_20260601_004314,clip_001,1,rest,,0.8211,2452392.0,raspberry_pi_seeed_gsr,"2452392,0.8211"
2026-06-01T00:43:33.784,hardware_check,self_20260601_004314,clip_001,1,rest,,0.8333,2452413.0,raspberry_pi_seeed_gsr,"2452413,0.8333"
2026-06-01T00:43:33.805,hardware_check,self_20260601_004314,clip_001,1,rest,,0.8203,2452434.0,raspberry_pi_seeed_gsr,"2452434,0.8203"
2026-06-01T00:43:33.826,hardware_check,self_20260601_004314,clip_001,1,rest,,0.8082,2452455.0,raspberry_pi_seeed_gsr,"2452455,0.8082"
2026-06-01T00:43:33.847,hardware_check,self_20260601_004314,clip_001,1,rest,,0.8357,2452476.0,raspberry_pi_seeed_gsr,"2452476,0.8357"
2026-06-01T00:43:33.868,hardware_check,self_20260601_004314,clip_001,1,rest,,0.8268,2452498.0,raspberry_pi_seeed_gsr,"2452498,0.8268"
2026-06-01T00:43:33.894,hardware_check,self_20260601_004314,clip_001,1,rest,,0.8219,2452518.0,raspberry_pi_seeed_gsr,"2452518,0.8219"
2026-06-01T00:43:33.909,hardware_check,self_20260601_004314,clip_001,1,rest,,0.8147,2452539.0,raspberry_pi_seeed_gsr,"2452539,0.8147"
2026-06-01T00:43:33.930,hardware_check,self_20260601_004314,clip_001,1,rest,,0.8252,2452560.0,raspberry_pi_seeed_gsr,"2452560,0.8252"
2026-06-01T00:43:33.951,hardware_check,self_20260601_004314,clip_001,1,rest,,0.8389,2452581.0,raspberry_pi_seeed_gsr,"2452581,0.8389"
2026-06-01T00:43:33.972,hardware_check,self_20260601_004314,clip_001,1,rest,,0.8123,2452602.0,raspberry_pi_seeed_gsr,"2452602,0.8123"
2026-06-01T00:43:33.993,hardware_check,self_20260601_004314,clip_001,1,rest,,0.8187,2452623.0,raspberry_pi_seeed_gsr,"2452623,0.8187"
2026-06-01T00:43:34.015,hardware_check,self_20260601_004314,clip_001,1,rest,,0.8252,2452644.0,raspberry_pi_seeed_gsr,"2452644,0.8252"
2026-06-01T00:43:34.036,hardware_check,self_20260601_004314,clip_001,1,rest,,0.8284,2452665.0,raspberry_pi_seeed_gsr,"2452665,0.8284"
2026-06-01T00:43:34.057,hardware_check,self_20260601_004314,clip_001,1,rest,,0.8187,2452686.0,raspberry_pi_seeed_gsr,"2452686,0.8187"
2026-06-01T00:43:34.078,hardware_check,self_20260601_004314,clip_001,1,rest,,0.8203,2452707.0,raspberry_pi_seeed_gsr,"2452707,0.8203"
2026-06-01T00:43:34.099,hardware_check,self_20260601_004314,clip_001,1,rest,,0.8341,2452728.0,raspberry_pi_seeed_gsr,"2452728,0.8341"
2026-06-01T00:43:34.120,hardware_check,self_20260601_004314,clip_001,1,rest,,0.8405,2452749.0,raspberry_pi_seeed_gsr,"2452749,0.8405"
2026-06-01T00:43:34.168,hardware_check,self_20260601_004314,clip_001,1,rest,,0.8163,2452770.0,raspberry_pi_seeed_gsr,"2452770,0.8163"
2026-06-01T00:43:34.168,hardware_check,self_20260601_004314,clip_001,1,rest,,0.8268,2452791.0,raspberry_pi_seeed_gsr,"2452791,0.8268"
2026-06-01T00:43:34.183,hardware_check,self_20260601_004314,clip_001,1,rest,,0.8389,2452812.0,raspberry_pi_seeed_gsr,"2452812,0.8389"
2026-06-01T00:43:34.204,hardware_check,self_20260601_004314,clip_001,1,rest,,0.8276,2452833.0,raspberry_pi_seeed_gsr,"2452833,0.8276"
2026-06-01T00:43:34.225,hardware_check,self_20260601_004314,clip_001,1,rest,,0.8058,2452854.0,raspberry_pi_seeed_gsr,"2452854,0.8058"
2026-06-01T00:43:34.246,hardware_check,self_20260601_004314,clip_001,1,rest,,0.83,2452875.0,raspberry_pi_seeed_gsr,"2452875,0.8300"
2026-06-01T00:43:34.267,hardware_check,self_20260601_004314,clip_001,1,rest,,0.8357,2452896.0,raspberry_pi_seeed_gsr,"2452896,0.8357"
2026-06-01T00:43:34.288,hardware_check,self_20260601_004314,clip_001,1,rest,,0.8276,2452917.0,raspberry_pi_seeed_gsr,"2452917,0.8276"
2026-06-01T00:43:34.309,hardware_check,self_20260601_004314,clip_001,1,rest,,0.8195,2452938.0,raspberry_pi_seeed_gsr,"2452938,0.8195"
2026-06-01T00:43:34.331,hardware_check,self_20260601_004314,clip_001,1,rest,,0.8349,2452959.0,raspberry_pi_seeed_gsr,"2452959,0.8349"
2026-06-01T00:43:34.352,hardware_check,self_20260601_004314,clip_001,1,rest,,0.8397,2452981.0,raspberry_pi_seeed_gsr,"2452981,0.8397"
2026-06-01T00:43:34.372,hardware_check,self_20260601_004314,clip_001,1,rest,,0.8195,2453001.0,raspberry_pi_seeed_gsr,"2453001,0.8195"
2026-06-01T00:43:34.413,hardware_check,self_20260601_004314,clip_001,1,rest,,0.8227,2453022.0,raspberry_pi_seeed_gsr,"2453022,0.8227"
2026-06-01T00:43:34.413,hardware_check,self_20260601_004314,clip_001,1,rest,,0.8325,2453043.0,raspberry_pi_seeed_gsr,"2453043,0.8325"
2026-06-01T00:43:34.434,hardware_check,self_20260601_004314,clip_001,1,rest,,0.8325,2453064.0,raspberry_pi_seeed_gsr,"2453064,0.8325"
2026-06-01T00:43:34.455,hardware_check,self_20260601_004314,clip_001,1,rest,,0.8252,2453085.0,raspberry_pi_seeed_gsr,"2453085,0.8252"
2026-06-01T00:43:34.477,hardware_check,self_20260601_004314,clip_001,1,rest,,0.8284,2453106.0,raspberry_pi_seeed_gsr,"2453106,0.8284"
2026-06-01T00:43:34.497,hardware_check,self_20260601_004314,clip_001,1,rest,,0.8365,2453127.0,raspberry_pi_seeed_gsr,"2453127,0.8365"
2026-06-01T00:43:34.519,hardware_check,self_20260601_004314,clip_001,1,rest,,0.8405,2453148.0,raspberry_pi_seeed_gsr,"2453148,0.8405"
2026-06-01T00:43:34.540,hardware_check,self_20260601_004314,clip_001,1,rest,,0.8163,2453169.0,raspberry_pi_seeed_gsr,"2453169,0.8163"
2026-06-01T00:43:34.561,hardware_check,self_20260601_004314,clip_001,1,rest,,0.8236,2453190.0,raspberry_pi_seeed_gsr,"2453190,0.8236"
2026-06-01T00:43:34.582,hardware_check,self_20260601_004314,clip_001,1,rest,,0.8357,2453211.0,raspberry_pi_seeed_gsr,"2453211,0.8357"
2026-06-01T00:43:34.603,hardware_check,self_20260601_004314,clip_001,1,rest,,0.8357,2453232.0,raspberry_pi_seeed_gsr,"2453232,0.8357"
2026-06-01T00:43:34.624,hardware_check,self_20260601_004314,clip_001,1,rest,,0.8211,2453253.0,raspberry_pi_seeed_gsr,"2453253,0.8211"
2026-06-01T00:43:34.670,hardware_check,self_20260601_004314,clip_001,1,rest,,0.83,2453274.0,raspberry_pi_seeed_gsr,"2453274,0.8300"
2026-06-01T00:43:34.670,hardware_check,self_20260601_004314,clip_001,1,rest,,0.8429,2453295.0,raspberry_pi_seeed_gsr,"2453295,0.8429"
2026-06-01T00:43:34.687,hardware_check,self_20260601_004314,clip_001,1,rest,,0.8317,2453316.0,raspberry_pi_seeed_gsr,"2453316,0.8317"
2026-06-01T00:43:34.708,hardware_check,self_20260601_004314,clip_001,1,rest,,0.8252,2453337.0,raspberry_pi_seeed_gsr,"2453337,0.8252"
2026-06-01T00:43:34.729,hardware_check,self_20260601_004314,clip_001,1,rest,,0.8373,2453358.0,raspberry_pi_seeed_gsr,"2453358,0.8373"
2026-06-01T00:43:34.750,hardware_check,self_20260601_004314,clip_001,1,rest,,0.8429,2453379.0,raspberry_pi_seeed_gsr,"2453379,0.8429"
2026-06-01T00:43:34.771,hardware_check,self_20260601_004314,clip_001,1,rest,,0.8349,2453400.0,raspberry_pi_seeed_gsr,"2453400,0.8349"
2026-06-01T00:43:34.792,hardware_check,self_20260601_004314,clip_001,1,rest,,0.8252,2453421.0,raspberry_pi_seeed_gsr,"2453421,0.8252"
2026-06-01T00:43:34.813,hardware_check,self_20260601_004314,clip_001,1,rest,,0.8341,2453442.0,raspberry_pi_seeed_gsr,"2453442,0.8341"
2026-06-01T00:43:34.834,hardware_check,self_20260601_004314,clip_001,1,rest,,0.8349,2453464.0,raspberry_pi_seeed_gsr,"2453464,0.8349"
2026-06-01T00:43:34.855,hardware_check,self_20260601_004314,clip_001,1,rest,,0.8292,2453485.0,raspberry_pi_seeed_gsr,"2453485,0.8292"
2026-06-01T00:43:34.875,hardware_check,self_20260601_004314,clip_001,1,rest,,0.8163,2453505.0,raspberry_pi_seeed_gsr,"2453505,0.8163"
2026-06-01T00:43:34.901,hardware_check,self_20260601_004314,clip_001,1,rest,,0.8373,2453526.0,raspberry_pi_seeed_gsr,"2453526,0.8373"
2026-06-01T00:43:34.917,hardware_check,self_20260601_004314,clip_001,1,rest,,0.8413,2453547.0,raspberry_pi_seeed_gsr,"2453547,0.8413"
2026-06-01T00:43:34.938,hardware_check,self_20260601_004314,clip_001,1,rest,,0.826,2453568.0,raspberry_pi_seeed_gsr,"2453568,0.8260"
2026-06-01T00:43:34.959,hardware_check,self_20260601_004314,clip_001,1,rest,,0.8252,2453589.0,raspberry_pi_seeed_gsr,"2453589,0.8252"
2026-06-01T00:43:34.981,hardware_check,self_20260601_004314,clip_001,1,rest,,0.8389,2453610.0,raspberry_pi_seeed_gsr,"2453610,0.8389"
2026-06-01T00:43:35.002,hardware_check,self_20260601_004314,clip_001,1,rest,,0.847,2453631.0,raspberry_pi_seeed_gsr,"2453631,0.8470"
2026-06-01T00:43:35.023,hardware_check,self_20260601_004314,clip_001,1,rest,,0.8195,2453652.0,raspberry_pi_seeed_gsr,"2453652,0.8195"
2026-06-01T00:43:35.044,hardware_check,self_20260601_004314,clip_001,1,rest,,0.8333,2453673.0,raspberry_pi_seeed_gsr,"2453673,0.8333"
2026-06-01T00:43:35.065,hardware_check,self_20260601_004314,clip_001,1,rest,,0.8389,2453694.0,raspberry_pi_seeed_gsr,"2453694,0.8389"
2026-06-01T00:43:35.086,hardware_check,self_20260601_004314,clip_001,1,rest,,0.8413,2453715.0,raspberry_pi_seeed_gsr,"2453715,0.8413"
2026-06-01T00:43:35.107,hardware_check,self_20260601_004314,clip_001,1,rest,,0.8195,2453736.0,raspberry_pi_seeed_gsr,"2453736,0.8195"
2026-06-01T00:43:35.128,hardware_check,self_20260601_004314,clip_001,1,rest,,0.8429,2453757.0,raspberry_pi_seeed_gsr,"2453757,0.8429"
2026-06-01T00:43:35.176,hardware_check,self_20260601_004314,clip_001,1,rest,,0.8454,2453778.0,raspberry_pi_seeed_gsr,"2453778,0.8454"
2026-06-01T00:43:35.177,hardware_check,self_20260601_004314,clip_001,1,rest,,0.8325,2453799.0,raspberry_pi_seeed_gsr,"2453799,0.8325"
2026-06-01T00:43:35.191,hardware_check,self_20260601_004314,clip_001,1,rest,,0.8236,2453820.0,raspberry_pi_seeed_gsr,"2453820,0.8236"
2026-06-01T00:43:35.212,hardware_check,self_20260601_004314,clip_001,1,rest,,0.8341,2453841.0,raspberry_pi_seeed_gsr,"2453841,0.8341"
2026-06-01T00:43:35.233,hardware_check,self_20260601_004314,clip_001,1,rest,,0.8494,2453862.0,raspberry_pi_seeed_gsr,"2453862,0.8494"
2026-06-01T00:43:35.254,hardware_check,self_20260601_004314,clip_001,1,rest,,0.8381,2453883.0,raspberry_pi_seeed_gsr,"2453883,0.8381"
2026-06-01T00:43:35.275,hardware_check,self_20260601_004314,clip_001,1,rest,,0.8325,2453904.0,raspberry_pi_seeed_gsr,"2453904,0.8325"
2026-06-01T00:43:35.296,hardware_check,self_20260601_004314,clip_001,1,rest,,0.8429,2453926.0,raspberry_pi_seeed_gsr,"2453926,0.8429"
2026-06-01T00:43:35.316,hardware_check,self_20260601_004314,clip_001,1,rest,,0.8454,2453946.0,raspberry_pi_seeed_gsr,"2453946,0.8454"
2026-06-01T00:43:35.337,hardware_check,self_20260601_004314,clip_001,1,rest,,0.8389,2453967.0,raspberry_pi_seeed_gsr,"2453967,0.8389"
2026-06-01T00:43:35.359,hardware_check,self_20260601_004314,clip_001,1,rest,,0.8268,2453988.0,raspberry_pi_seeed_gsr,"2453988,0.8268"
2026-06-01T00:43:35.380,hardware_check,self_20260601_004314,clip_001,1,rest,,0.8333,2454009.0,raspberry_pi_seeed_gsr,"2454009,0.8333"
2026-06-01T00:43:35.422,hardware_check,self_20260601_004314,clip_001,1,rest,,0.8478,2454030.0,raspberry_pi_seeed_gsr,"2454030,0.8478"
2026-06-01T00:43:35.422,hardware_check,self_20260601_004314,clip_001,1,rest,,0.8325,2454051.0,raspberry_pi_seeed_gsr,"2454051,0.8325"
2026-06-01T00:43:35.442,hardware_check,self_20260601_004314,clip_001,1,rest,,0.8292,2454072.0,raspberry_pi_seeed_gsr,"2454072,0.8292"
2026-06-01T00:43:35.464,hardware_check,self_20260601_004314,clip_001,1,rest,,0.8454,2454093.0,raspberry_pi_seeed_gsr,"2454093,0.8454"
2026-06-01T00:43:35.485,hardware_check,self_20260601_004314,clip_001,1,rest,,0.8752,2454114.0,raspberry_pi_seeed_gsr,"2454114,0.8752"
2026-06-01T00:43:35.506,hardware_check,self_20260601_004314,clip_001,1,rest,,0.8325,2454135.0,raspberry_pi_seeed_gsr,"2454135,0.8325"
2026-06-01T00:43:35.527,hardware_check,self_20260601_004314,clip_001,1,rest,,0.83,2454156.0,raspberry_pi_seeed_gsr,"2454156,0.8300"
2026-06-01T00:43:35.548,hardware_check,self_20260601_004314,clip_001,1,rest,,0.8462,2454177.0,raspberry_pi_seeed_gsr,"2454177,0.8462"
2026-06-01T00:43:35.569,hardware_check,self_20260601_004314,clip_001,1,rest,,0.8325,2454198.0,raspberry_pi_seeed_gsr,"2454198,0.8325"
2026-06-01T00:43:35.590,hardware_check,self_20260601_004314,clip_001,1,rest,,0.8317,2454219.0,raspberry_pi_seeed_gsr,"2454219,0.8317"
2026-06-01T00:43:35.611,hardware_check,self_20260601_004314,clip_001,1,rest,,0.8268,2454240.0,raspberry_pi_seeed_gsr,"2454240,0.8268"
2026-06-01T00:43:35.632,hardware_check,self_20260601_004314,clip_001,1,rest,,0.8462,2454261.0,raspberry_pi_seeed_gsr,"2454261,0.8462"
2026-06-01T00:43:35.676,hardware_check,self_20260601_004314,clip_001,1,rest,,0.8381,2454282.0,raspberry_pi_seeed_gsr,"2454282,0.8381"
2026-06-01T00:43:35.677,hardware_check,self_20260601_004314,clip_001,1,rest,,0.8317,2454303.0,raspberry_pi_seeed_gsr,"2454303,0.8317"
2026-06-01T00:43:35.695,hardware_check,self_20260601_004314,clip_001,1,rest,,0.8341,2454324.0,raspberry_pi_seeed_gsr,"2454324,0.8341"
2026-06-01T00:43:35.716,hardware_check,self_20260601_004314,clip_001,1,rest,,0.851,2454345.0,raspberry_pi_seeed_gsr,"2454345,0.8510"
2026-06-01T00:43:35.737,hardware_check,self_20260601_004314,clip_001,1,rest,,0.8542,2454366.0,raspberry_pi_seeed_gsr,"2454366,0.8542"
2026-06-01T00:43:35.758,hardware_check,self_20260601_004314,clip_001,1,rest,,0.8284,2454388.0,raspberry_pi_seeed_gsr,"2454388,0.8284"
2026-06-01T00:43:35.779,hardware_check,self_20260601_004314,clip_001,1,rest,,0.8317,2454408.0,raspberry_pi_seeed_gsr,"2454408,0.8317"
2026-06-01T00:43:35.799,hardware_check,self_20260601_004314,clip_001,1,rest,,0.8421,2454429.0,raspberry_pi_seeed_gsr,"2454429,0.8421"
2026-06-01T00:43:35.820,hardware_check,self_20260601_004314,clip_001,1,rest,,0.8446,2454450.0,raspberry_pi_seeed_gsr,"2454450,0.8446"
2026-06-01T00:43:35.841,hardware_check,self_20260601_004314,clip_001,1,rest,,0.8276,2454471.0,raspberry_pi_seeed_gsr,"2454471,0.8276"
2026-06-01T00:43:35.862,hardware_check,self_20260601_004314,clip_001,1,rest,,0.8405,2454492.0,raspberry_pi_seeed_gsr,"2454492,0.8405"
2026-06-01T00:43:35.884,hardware_check,self_20260601_004314,clip_001,1,rest,,0.8405,2454513.0,raspberry_pi_seeed_gsr,"2454513,0.8405"
2026-06-01T00:43:35.905,hardware_check,self_20260601_004314,clip_001,1,rest,,0.8413,2454534.0,raspberry_pi_seeed_gsr,"2454534,0.8413"
2026-06-01T00:43:35.935,hardware_check,self_20260601_004314,clip_001,1,rest,,0.8268,2454555.0,raspberry_pi_seeed_gsr,"2454555,0.8268"
2026-06-01T00:43:35.947,hardware_check,self_20260601_004314,clip_001,1,rest,,0.8446,2454576.0,raspberry_pi_seeed_gsr,"2454576,0.8446"
2026-06-01T00:43:35.968,hardware_check,self_20260601_004314,clip_001,1,rest,,0.8582,2454597.0,raspberry_pi_seeed_gsr,"2454597,0.8582"
2026-06-01T00:43:35.989,hardware_check,self_20260601_004314,clip_001,1,rest,,0.8357,2454618.0,raspberry_pi_seeed_gsr,"2454618,0.8357"
2026-06-01T00:43:36.010,hardware_check,self_20260601_004314,clip_001,1,rest,,0.8317,2454639.0,raspberry_pi_seeed_gsr,"2454639,0.8317"
2026-06-01T00:43:36.031,hardware_check,self_20260601_004314,clip_001,1,rest,,0.8486,2454660.0,raspberry_pi_seeed_gsr,"2454660,0.8486"
2026-06-01T00:43:36.052,hardware_check,self_20260601_004314,clip_001,1,rest,,0.8429,2454681.0,raspberry_pi_seeed_gsr,"2454681,0.8429"
2026-06-01T00:43:36.073,hardware_check,self_20260601_004314,clip_001,1,rest,,0.8236,2454702.0,raspberry_pi_seeed_gsr,"2454702,0.8236"
2026-06-01T00:43:38.128,hardware_check,self_20260601_004314,clip_001,1,listen,,0.8502,2456109.0,raspberry_pi_seeed_gsr,"2456109,0.8502"
2026-06-01T00:43:38.131,hardware_check,self_20260601_004314,clip_001,1,listen,,0.8574,2456130.0,raspberry_pi_seeed_gsr,"2456130,0.8574"
2026-06-01T00:43:38.132,hardware_check,self_20260601_004314,clip_001,1,listen,,0.8446,2456151.0,raspberry_pi_seeed_gsr,"2456151,0.8446"
2026-06-01T00:43:38.134,hardware_check,self_20260601_004314,clip_001,1,listen,,0.8462,2456172.0,raspberry_pi_seeed_gsr,"2456172,0.8462"
2026-06-01T00:43:38.135,hardware_check,self_20260601_004314,clip_001,1,listen,,0.8558,2456193.0,raspberry_pi_seeed_gsr,"2456193,0.8558"
2026-06-01T00:43:38.135,hardware_check,self_20260601_004314,clip_001,1,listen,,0.8582,2456214.0,raspberry_pi_seeed_gsr,"2456214,0.8582"
2026-06-01T00:43:38.136,hardware_check,self_20260601_004314,clip_001,1,listen,,0.8421,2456235.0,raspberry_pi_seeed_gsr,"2456235,0.8421"
2026-06-01T00:43:38.137,hardware_check,self_20260601_004314,clip_001,1,listen,,0.855,2456256.0,raspberry_pi_seeed_gsr,"2456256,0.8550"
2026-06-01T00:43:38.137,hardware_check,self_20260601_004314,clip_001,1,listen,,0.8574,2456277.0,raspberry_pi_seeed_gsr,"2456277,0.8574"
2026-06-01T00:43:38.138,hardware_check,self_20260601_004314,clip_001,1,listen,,0.855,2456298.0,raspberry_pi_seeed_gsr,"2456298,0.8550"
2026-06-01T00:43:38.139,hardware_check,self_20260601_004314,clip_001,1,listen,,0.8429,2456319.0,raspberry_pi_seeed_gsr,"2456319,0.8429"
2026-06-01T00:43:38.140,hardware_check,self_20260601_004314,clip_001,1,listen,,0.8502,2456340.0,raspberry_pi_seeed_gsr,"2456340,0.8502"
2026-06-01T00:43:38.140,hardware_check,self_20260601_004314,clip_001,1,listen,,0.8607,2456361.0,raspberry_pi_seeed_gsr,"2456361,0.8607"
2026-06-01T00:43:38.141,hardware_check,self_20260601_004314,clip_001,1,listen,,0.8599,2456382.0,raspberry_pi_seeed_gsr,"2456382,0.8599"
2026-06-01T00:43:38.142,hardware_check,self_20260601_004314,clip_001,1,listen,,0.8478,2456403.0,raspberry_pi_seeed_gsr,"2456403,0.8478"
2026-06-01T00:43:38.143,hardware_check,self_20260601_004314,clip_001,1,listen,,0.8462,2456425.0,raspberry_pi_seeed_gsr,"2456425,0.8462"
2026-06-01T00:43:38.143,hardware_check,self_20260601_004314,clip_001,1,listen,,0.8542,2456445.0,raspberry_pi_seeed_gsr,"2456445,0.8542"
2026-06-01T00:43:38.144,hardware_check,self_20260601_004314,clip_001,1,listen,,0.855,2456465.0,raspberry_pi_seeed_gsr,"2456465,0.8550"
2026-06-01T00:43:38.145,hardware_check,self_20260601_004314,clip_001,1,listen,,0.8462,2456486.0,raspberry_pi_seeed_gsr,"2456486,0.8462"
2026-06-01T00:43:38.145,hardware_check,self_20260601_004314,clip_001,1,listen,,0.8494,2456507.0,raspberry_pi_seeed_gsr,"2456507,0.8494"
2026-06-01T00:43:38.146,hardware_check,self_20260601_004314,clip_001,1,listen,,0.8623,2456528.0,raspberry_pi_seeed_gsr,"2456528,0.8623"
2026-06-01T00:43:38.146,hardware_check,self_20260601_004314,clip_001,1,listen,,0.8558,2456549.0,raspberry_pi_seeed_gsr,"2456549,0.8558"
2026-06-01T00:43:38.147,hardware_check,self_20260601_004314,clip_001,1,listen,,0.8454,2456570.0,raspberry_pi_seeed_gsr,"2456570,0.8454"
2026-06-01T00:43:38.147,hardware_check,self_20260601_004314,clip_001,1,listen,,0.8397,2456591.0,raspberry_pi_seeed_gsr,"2456591,0.8397"
2026-06-01T00:43:38.148,hardware_check,self_20260601_004314,clip_001,1,listen,,0.8655,2456612.0,raspberry_pi_seeed_gsr,"2456612,0.8655"
2026-06-01T00:43:38.148,hardware_check,self_20260601_004314,clip_001,1,listen,,0.8663,2456633.0,raspberry_pi_seeed_gsr,"2456633,0.8663"
2026-06-01T00:43:38.149,hardware_check,self_20260601_004314,clip_001,1,listen,,0.8478,2456654.0,raspberry_pi_seeed_gsr,"2456654,0.8478"
2026-06-01T00:43:38.149,hardware_check,self_20260601_004314,clip_001,1,listen,,0.8534,2456675.0,raspberry_pi_seeed_gsr,"2456675,0.8534"
2026-06-01T00:43:38.150,hardware_check,self_20260601_004314,clip_001,1,listen,,0.8663,2456696.0,raspberry_pi_seeed_gsr,"2456696,0.8663"
2026-06-01T00:43:38.150,hardware_check,self_20260601_004314,clip_001,1,listen,,0.8671,2456717.0,raspberry_pi_seeed_gsr,"2456717,0.8671"
2026-06-01T00:43:38.151,hardware_check,self_20260601_004314,clip_001,1,listen,,0.8446,2456738.0,raspberry_pi_seeed_gsr,"2456738,0.8446"
2026-06-01T00:43:38.151,hardware_check,self_20260601_004314,clip_001,1,listen,,0.8542,2456759.0,raspberry_pi_seeed_gsr,"2456759,0.8542"
2026-06-01T00:43:38.152,hardware_check,self_20260601_004314,clip_001,1,listen,,0.8719,2456780.0,raspberry_pi_seeed_gsr,"2456780,0.8719"
2026-06-01T00:43:38.172,hardware_check,self_20260601_004314,clip_001,1,listen,,0.851,2456801.0,raspberry_pi_seeed_gsr,"2456801,0.8510"
2026-06-01T00:43:38.193,hardware_check,self_20260601_004314,clip_001,1,listen,,0.8462,2456822.0,raspberry_pi_seeed_gsr,"2456822,0.8462"
2026-06-01T00:43:38.214,hardware_check,self_20260601_004314,clip_001,1,listen,,0.8582,2456844.0,raspberry_pi_seeed_gsr,"2456844,0.8582"
2026-06-01T00:43:38.235,hardware_check,self_20260601_004314,clip_001,1,listen,,0.8607,2456864.0,raspberry_pi_seeed_gsr,"2456864,0.8607"
2026-06-01T00:43:38.256,hardware_check,self_20260601_004314,clip_001,1,listen,,0.8462,2456885.0,raspberry_pi_seeed_gsr,"2456885,0.8462"
2026-06-01T00:43:38.277,hardware_check,self_20260601_004314,clip_001,1,listen,,0.8421,2456906.0,raspberry_pi_seeed_gsr,"2456906,0.8421"
2026-06-01T00:43:38.298,hardware_check,self_20260601_004314,clip_001,1,listen,,0.8639,2456927.0,raspberry_pi_seeed_gsr,"2456927,0.8639"
2026-06-01T00:43:38.319,hardware_check,self_20260601_004314,clip_001,1,listen,,0.8582,2456948.0,raspberry_pi_seeed_gsr,"2456948,0.8582"
2026-06-01T00:43:38.340,hardware_check,self_20260601_004314,clip_001,1,listen,,0.851,2456969.0,raspberry_pi_seeed_gsr,"2456969,0.8510"
2026-06-01T00:43:38.361,hardware_check,self_20260601_004314,clip_001,1,listen,,0.8462,2456990.0,raspberry_pi_seeed_gsr,"2456990,0.8462"
2026-06-01T00:43:38.382,hardware_check,self_20260601_004314,clip_001,1,listen,,0.8663,2457011.0,raspberry_pi_seeed_gsr,"2457011,0.8663"
2026-06-01T00:43:38.403,hardware_check,self_20260601_004314,clip_001,1,listen,,0.8607,2457032.0,raspberry_pi_seeed_gsr,"2457032,0.8607"
2026-06-01T00:43:38.446,hardware_check,self_20260601_004314,clip_001,1,listen,,0.8494,2457053.0,raspberry_pi_seeed_gsr,"2457053,0.8494"
2026-06-01T00:43:38.447,hardware_check,self_20260601_004314,clip_001,1,listen,,0.8542,2457074.0,raspberry_pi_seeed_gsr,"2457074,0.8542"
2026-06-01T00:43:38.466,hardware_check,self_20260601_004314,clip_001,1,listen,,0.8671,2457095.0,raspberry_pi_seeed_gsr,"2457095,0.8671"
2026-06-01T00:43:38.487,hardware_check,self_20260601_004314,clip_001,1,listen,,0.8671,2457116.0,raspberry_pi_seeed_gsr,"2457116,0.8671"
2026-06-01T00:43:38.508,hardware_check,self_20260601_004314,clip_001,1,listen,,0.8486,2457137.0,raspberry_pi_seeed_gsr,"2457137,0.8486"
2026-06-01T00:43:38.529,hardware_check,self_20260601_004314,clip_001,1,listen,,0.8526,2457158.0,raspberry_pi_seeed_gsr,"2457158,0.8526"
2026-06-01T00:43:38.550,hardware_check,self_20260601_004314,clip_001,1,listen,,0.8623,2457179.0,raspberry_pi_seeed_gsr,"2457179,0.8623"
2026-06-01T00:43:38.571,hardware_check,self_20260601_004314,clip_001,1,listen,,0.8808,2457200.0,raspberry_pi_seeed_gsr,"2457200,0.8808"
2026-06-01T00:43:38.592,hardware_check,self_20260601_004314,clip_001,1,listen,,0.8518,2457221.0,raspberry_pi_seeed_gsr,"2457221,0.8518"
2026-06-01T00:43:38.613,hardware_check,self_20260601_004314,clip_001,1,listen,,0.8526,2457242.0,raspberry_pi_seeed_gsr,"2457242,0.8526"
2026-06-01T00:43:38.635,hardware_check,self_20260601_004314,clip_001,1,listen,,0.8623,2457263.0,raspberry_pi_seeed_gsr,"2457263,0.8623"
2026-06-01T00:43:38.656,hardware_check,self_20260601_004314,clip_001,1,listen,,0.8808,2457285.0,raspberry_pi_seeed_gsr,"2457285,0.8808"
2026-06-01T00:43:38.705,hardware_check,self_20260601_004314,clip_001,1,listen,,0.8421,2457305.0,raspberry_pi_seeed_gsr,"2457305,0.8421"
2026-06-01T00:43:38.706,hardware_check,self_20260601_004314,clip_001,1,listen,,0.8599,2457326.0,raspberry_pi_seeed_gsr,"2457326,0.8599"
2026-06-01T00:43:38.717,hardware_check,self_20260601_004314,clip_001,1,listen,,0.8615,2457347.0,raspberry_pi_seeed_gsr,"2457347,0.8615"
2026-06-01T00:43:38.738,hardware_check,self_20260601_004314,clip_001,1,listen,,0.8518,2457368.0,raspberry_pi_seeed_gsr,"2457368,0.8518"
2026-06-01T00:43:38.760,hardware_check,self_20260601_004314,clip_001,1,listen,,0.8486,2457389.0,raspberry_pi_seeed_gsr,"2457389,0.8486"
2026-06-01T00:43:38.781,hardware_check,self_20260601_004314,clip_001,1,listen,,0.8526,2457410.0,raspberry_pi_seeed_gsr,"2457410,0.8526"
2026-06-01T00:43:38.802,hardware_check,self_20260601_004314,clip_001,1,listen,,0.8671,2457431.0,raspberry_pi_seeed_gsr,"2457431,0.8671"
2026-06-01T00:43:38.823,hardware_check,self_20260601_004314,clip_001,1,listen,,0.8518,2457452.0,raspberry_pi_seeed_gsr,"2457452,0.8518"
2026-06-01T00:43:38.844,hardware_check,self_20260601_004314,clip_001,1,listen,,0.8454,2457473.0,raspberry_pi_seeed_gsr,"2457473,0.8454"
2026-06-01T00:43:38.865,hardware_check,self_20260601_004314,clip_001,1,listen,,0.8615,2457494.0,raspberry_pi_seeed_gsr,"2457494,0.8615"
2026-06-01T00:43:38.886,hardware_check,self_20260601_004314,clip_001,1,listen,,0.8671,2457515.0,raspberry_pi_seeed_gsr,"2457515,0.8671"
2026-06-01T00:43:38.907,hardware_check,self_20260601_004314,clip_001,1,listen,,0.8518,2457536.0,raspberry_pi_seeed_gsr,"2457536,0.8518"
2026-06-01T00:43:38.954,hardware_check,self_20260601_004314,clip_001,1,listen,,0.8478,2457557.0,raspberry_pi_seeed_gsr,"2457557,0.8478"
2026-06-01T00:43:38.954,hardware_check,self_20260601_004314,clip_001,1,listen,,0.8679,2457578.0,raspberry_pi_seeed_gsr,"2457578,0.8679"
2026-06-01T00:43:38.970,hardware_check,self_20260601_004314,clip_001,1,listen,,0.8615,2457599.0,raspberry_pi_seeed_gsr,"2457599,0.8615"
2026-06-01T00:43:38.991,hardware_check,self_20260601_004314,clip_001,1,listen,,0.8421,2457620.0,raspberry_pi_seeed_gsr,"2457620,0.8421"
2026-06-01T00:43:39.012,hardware_check,self_20260601_004314,clip_001,1,listen,,0.8808,2457641.0,raspberry_pi_seeed_gsr,"2457641,0.8808"
2026-06-01T00:43:39.033,hardware_check,self_20260601_004314,clip_001,1,listen,,0.8582,2457662.0,raspberry_pi_seeed_gsr,"2457662,0.8582"
2026-06-01T00:43:39.054,hardware_check,self_20260601_004314,clip_001,1,listen,,0.8631,2457683.0,raspberry_pi_seeed_gsr,"2457683,0.8631"
2026-06-01T00:43:39.075,hardware_check,self_20260601_004314,clip_001,1,listen,,0.8486,2457704.0,raspberry_pi_seeed_gsr,"2457704,0.8486"
2026-06-01T00:43:39.096,hardware_check,self_20260601_004314,clip_001,1,listen,,0.8518,2457726.0,raspberry_pi_seeed_gsr,"2457726,0.8518"
2026-06-01T00:43:39.118,hardware_check,self_20260601_004314,clip_001,1,listen,,0.8558,2457747.0,raspberry_pi_seeed_gsr,"2457747,0.8558"
2026-06-01T00:43:39.138,hardware_check,self_20260601_004314,clip_001,1,listen,,0.8623,2457767.0,raspberry_pi_seeed_gsr,"2457767,0.8623"
2026-06-01T00:43:39.159,hardware_check,self_20260601_004314,clip_001,1,listen,,0.8784,2457788.0,raspberry_pi_seeed_gsr,"2457788,0.8784"
2026-06-01T00:43:39.208,hardware_check,self_20260601_004314,clip_001,1,listen,,0.8462,2457809.0,raspberry_pi_seeed_gsr,"2457809,0.8462"
2026-06-01T00:43:39.209,hardware_check,self_20260601_004314,clip_001,1,listen,,0.8534,2457830.0,raspberry_pi_seeed_gsr,"2457830,0.8534"
2026-06-01T00:43:39.221,hardware_check,self_20260601_004314,clip_001,1,listen,,0.8574,2457851.0,raspberry_pi_seeed_gsr,"2457851,0.8574"
2026-06-01T00:43:39.243,hardware_check,self_20260601_004314,clip_001,1,listen,,0.8381,2457872.0,raspberry_pi_seeed_gsr,"2457872,0.8381"
2026-06-01T00:43:39.264,hardware_check,self_20260601_004314,clip_001,1,listen,,0.8582,2457893.0,raspberry_pi_seeed_gsr,"2457893,0.8582"
2026-06-01T00:43:39.285,hardware_check,self_20260601_004314,clip_001,1,listen,,0.8663,2457914.0,raspberry_pi_seeed_gsr,"2457914,0.8663"
2026-06-01T00:43:39.306,hardware_check,self_20260601_004314,clip_001,1,listen,,0.8526,2457935.0,raspberry_pi_seeed_gsr,"2457935,0.8526"
2026-06-01T00:43:39.327,hardware_check,self_20260601_004314,clip_001,1,listen,,0.8446,2457956.0,raspberry_pi_seeed_gsr,"2457956,0.8446"
2026-06-01T00:43:39.348,hardware_check,self_20260601_004314,clip_001,1,listen,,0.8655,2457977.0,raspberry_pi_seeed_gsr,"2457977,0.8655"
2026-06-01T00:43:39.369,hardware_check,self_20260601_004314,clip_001,1,listen,,0.8655,2457998.0,raspberry_pi_seeed_gsr,"2457998,0.8655"
2026-06-01T00:43:39.390,hardware_check,self_20260601_004314,clip_001,1,listen,,0.8421,2458019.0,raspberry_pi_seeed_gsr,"2458019,0.8421"
2026-06-01T00:43:39.411,hardware_check,self_20260601_004314,clip_001,1,listen,,0.8518,2458040.0,raspberry_pi_seeed_gsr,"2458040,0.8518"
2026-06-01T00:43:39.460,hardware_check,self_20260601_004314,clip_001,1,listen,,0.8574,2458061.0,raspberry_pi_seeed_gsr,"2458061,0.8574"
2026-06-01T00:43:39.460,hardware_check,self_20260601_004314,clip_001,1,listen,,0.8623,2458082.0,raspberry_pi_seeed_gsr,"2458082,0.8623"
2026-06-01T00:43:39.474,hardware_check,self_20260601_004314,clip_001,1,listen,,0.8478,2458103.0,raspberry_pi_seeed_gsr,"2458103,0.8478"
2026-06-01T00:43:39.495,hardware_check,self_20260601_004314,clip_001,1,listen,,0.8478,2458124.0,raspberry_pi_seeed_gsr,"2458124,0.8478"
2026-06-01T00:43:39.516,hardware_check,self_20260601_004314,clip_001,1,listen,,0.8663,2458145.0,raspberry_pi_seeed_gsr,"2458145,0.8663"
2026-06-01T00:43:39.537,hardware_check,self_20260601_004314,clip_001,1,listen,,0.8582,2458166.0,raspberry_pi_seeed_gsr,"2458166,0.8582"
2026-06-01T00:43:39.558,hardware_check,self_20260601_004314,clip_001,1,listen,,0.8454,2458187.0,raspberry_pi_seeed_gsr,"2458187,0.8454"
2026-06-01T00:43:39.579,hardware_check,self_20260601_004314,clip_001,1,listen,,0.8574,2458209.0,raspberry_pi_seeed_gsr,"2458209,0.8574"
2026-06-01T00:43:39.600,hardware_check,self_20260601_004314,clip_001,1,listen,,0.8663,2458229.0,raspberry_pi_seeed_gsr,"2458229,0.8663"
2026-06-01T00:43:39.621,hardware_check,self_20260601_004314,clip_001,1,listen,,0.8623,2458250.0,raspberry_pi_seeed_gsr,"2458250,0.8623"
2026-06-01T00:43:39.642,hardware_check,self_20260601_004314,clip_001,1,listen,,0.8478,2458271.0,raspberry_pi_seeed_gsr,"2458271,0.8478"
2026-06-01T00:43:39.663,hardware_check,self_20260601_004314,clip_001,1,listen,,0.851,2458292.0,raspberry_pi_seeed_gsr,"2458292,0.8510"
2026-06-01T00:43:39.718,hardware_check,self_20260601_004314,clip_001,1,listen,,0.8929,2458313.0,raspberry_pi_seeed_gsr,"2458313,0.8929"
2026-06-01T00:43:39.719,hardware_check,self_20260601_004314,clip_001,1,listen,,0.8591,2458334.0,raspberry_pi_seeed_gsr,"2458334,0.8591"
2026-06-01T00:43:39.726,hardware_check,self_20260601_004314,clip_001,1,listen,,0.8478,2458355.0,raspberry_pi_seeed_gsr,"2458355,0.8478"
2026-06-01T00:43:39.747,hardware_check,self_20260601_004314,clip_001,1,listen,,0.8599,2458376.0,raspberry_pi_seeed_gsr,"2458376,0.8599"
2026-06-01T00:43:39.768,hardware_check,self_20260601_004314,clip_001,1,listen,,0.8655,2458397.0,raspberry_pi_seeed_gsr,"2458397,0.8655"
2026-06-01T00:43:39.789,hardware_check,self_20260601_004314,clip_001,1,listen,,0.8219,2458418.0,raspberry_pi_seeed_gsr,"2458418,0.8219"
2026-06-01T00:43:39.810,hardware_check,self_20260601_004314,clip_001,1,listen,,0.8478,2458439.0,raspberry_pi_seeed_gsr,"2458439,0.8478"
2026-06-01T00:43:39.831,hardware_check,self_20260601_004314,clip_001,1,listen,,0.8574,2458460.0,raspberry_pi_seeed_gsr,"2458460,0.8574"
2026-06-01T00:43:39.852,hardware_check,self_20260601_004314,clip_001,1,listen,,0.8736,2458481.0,raspberry_pi_seeed_gsr,"2458481,0.8736"
2026-06-01T00:43:39.873,hardware_check,self_20260601_004314,clip_001,1,listen,,0.8494,2458502.0,raspberry_pi_seeed_gsr,"2458502,0.8494"
2026-06-01T00:43:39.894,hardware_check,self_20260601_004314,clip_001,1,listen,,0.8526,2458523.0,raspberry_pi_seeed_gsr,"2458523,0.8526"
2026-06-01T00:43:39.915,hardware_check,self_20260601_004314,clip_001,1,listen,,0.8591,2458544.0,raspberry_pi_seeed_gsr,"2458544,0.8591"
2026-06-01T00:43:39.949,hardware_check,self_20260601_004314,clip_001,1,listen,,0.8703,2458565.0,raspberry_pi_seeed_gsr,"2458565,0.8703"
2026-06-01T00:43:39.957,hardware_check,self_20260601_004314,clip_001,1,listen,,0.8526,2458586.0,raspberry_pi_seeed_gsr,"2458586,0.8526"
2026-06-01T00:43:39.978,hardware_check,self_20260601_004314,clip_001,1,listen,,0.8518,2458607.0,raspberry_pi_seeed_gsr,"2458607,0.8518"
2026-06-01T00:43:39.998,hardware_check,self_20260601_004314,clip_001,1,listen,,0.8623,2458628.0,raspberry_pi_seeed_gsr,"2458628,0.8623"
2026-06-01T00:43:40.019,hardware_check,self_20260601_004314,clip_001,1,listen,,0.8381,2458649.0,raspberry_pi_seeed_gsr,"2458649,0.8381"
2026-06-01T00:43:40.040,hardware_check,self_20260601_004314,clip_001,1,listen,,0.8478,2458670.0,raspberry_pi_seeed_gsr,"2458670,0.8478"
2026-06-01T00:43:40.062,hardware_check,self_20260601_004314,clip_001,1,listen,,0.855,2458691.0,raspberry_pi_seeed_gsr,"2458691,0.8550"
2026-06-01T00:43:40.083,hardware_check,self_20260601_004314,clip_001,1,listen,,0.8679,2458712.0,raspberry_pi_seeed_gsr,"2458712,0.8679"
2026-06-01T00:43:40.104,hardware_check,self_20260601_004314,clip_001,1,listen,,0.8599,2458733.0,raspberry_pi_seeed_gsr,"2458733,0.8599"
2026-06-01T00:43:40.125,hardware_check,self_20260601_004314,clip_001,1,listen,,0.8478,2458754.0,raspberry_pi_seeed_gsr,"2458754,0.8478"
2026-06-01T00:43:40.146,hardware_check,self_20260601_004314,clip_001,1,listen,,0.8389,2458775.0,raspberry_pi_seeed_gsr,"2458775,0.8389"
2026-06-01T00:43:40.167,hardware_check,self_20260601_004314,clip_001,1,listen,,0.8671,2458796.0,raspberry_pi_seeed_gsr,"2458796,0.8671"
2026-06-01T00:43:40.214,hardware_check,self_20260601_004314,clip_001,1,listen,,0.8582,2458817.0,raspberry_pi_seeed_gsr,"2458817,0.8582"
2026-06-01T00:43:40.215,hardware_check,self_20260601_004314,clip_001,1,listen,,0.8429,2458838.0,raspberry_pi_seeed_gsr,"2458838,0.8429"
2026-06-01T00:43:40.230,hardware_check,self_20260601_004314,clip_001,1,listen,,0.8599,2458859.0,raspberry_pi_seeed_gsr,"2458859,0.8599"
2026-06-01T00:43:40.251,hardware_check,self_20260601_004314,clip_001,1,listen,,0.8671,2458880.0,raspberry_pi_seeed_gsr,"2458880,0.8671"
2026-06-01T00:43:40.272,hardware_check,self_20260601_004314,clip_001,1,listen,,0.8607,2458901.0,raspberry_pi_seeed_gsr,"2458901,0.8607"
2026-06-01T00:43:40.293,hardware_check,self_20260601_004314,clip_001,1,listen,,0.847,2458922.0,raspberry_pi_seeed_gsr,"2458922,0.8470"
2026-06-01T00:43:40.314,hardware_check,self_20260601_004314,clip_001,1,listen,,0.8558,2458943.0,raspberry_pi_seeed_gsr,"2458943,0.8558"
2026-06-01T00:43:40.335,hardware_check,self_20260601_004314,clip_001,1,listen,,0.8462,2458964.0,raspberry_pi_seeed_gsr,"2458964,0.8462"
2026-06-01T00:43:40.356,hardware_check,self_20260601_004314,clip_001,1,listen,,0.8526,2458985.0,raspberry_pi_seeed_gsr,"2458985,0.8526"
2026-06-01T00:43:40.377,hardware_check,self_20260601_004314,clip_001,1,listen,,0.8534,2459006.0,raspberry_pi_seeed_gsr,"2459006,0.8534"
2026-06-01T00:43:40.398,hardware_check,self_20260601_004314,clip_001,1,listen,,0.8615,2459027.0,raspberry_pi_seeed_gsr,"2459027,0.8615"
2026-06-01T00:43:40.420,hardware_check,self_20260601_004314,clip_001,1,listen,,0.8663,2459048.0,raspberry_pi_seeed_gsr,"2459048,0.8663"
2026-06-01T00:43:40.468,hardware_check,self_20260601_004314,clip_001,1,listen,,0.8494,2459070.0,raspberry_pi_seeed_gsr,"2459070,0.8494"
2026-06-01T00:43:40.469,hardware_check,self_20260601_004314,clip_001,1,listen,,0.8574,2459090.0,raspberry_pi_seeed_gsr,"2459090,0.8574"
2026-06-01T00:43:40.480,hardware_check,self_20260601_004314,clip_001,1,listen,,0.8574,2459110.0,raspberry_pi_seeed_gsr,"2459110,0.8574"
2026-06-01T00:43:40.502,hardware_check,self_20260601_004314,clip_001,1,listen,,0.8647,2459131.0,raspberry_pi_seeed_gsr,"2459131,0.8647"
2026-06-01T00:43:40.522,hardware_check,self_20260601_004314,clip_001,1,listen,,0.8518,2459152.0,raspberry_pi_seeed_gsr,"2459152,0.8518"
2026-06-01T00:43:40.544,hardware_check,self_20260601_004314,clip_001,1,listen,,0.847,2459173.0,raspberry_pi_seeed_gsr,"2459173,0.8470"
2026-06-01T00:43:40.565,hardware_check,self_20260601_004314,clip_001,1,listen,,0.8623,2459194.0,raspberry_pi_seeed_gsr,"2459194,0.8623"
2026-06-01T00:43:40.586,hardware_check,self_20260601_004314,clip_001,1,listen,,0.8752,2459215.0,raspberry_pi_seeed_gsr,"2459215,0.8752"
2026-06-01T00:43:40.607,hardware_check,self_20260601_004314,clip_001,1,listen,,0.8502,2459236.0,raspberry_pi_seeed_gsr,"2459236,0.8502"
2026-06-01T00:43:40.628,hardware_check,self_20260601_004314,clip_001,1,listen,,0.851,2459257.0,raspberry_pi_seeed_gsr,"2459257,0.8510"
2026-06-01T00:43:40.649,hardware_check,self_20260601_004314,clip_001,1,listen,,0.8663,2459278.0,raspberry_pi_seeed_gsr,"2459278,0.8663"
2026-06-01T00:43:40.671,hardware_check,self_20260601_004314,clip_001,1,listen,,0.8679,2459299.0,raspberry_pi_seeed_gsr,"2459299,0.8679"
2026-06-01T00:43:40.726,hardware_check,self_20260601_004314,clip_001,1,listen,,0.8454,2459320.0,raspberry_pi_seeed_gsr,"2459320,0.8454"
2026-06-01T00:43:40.728,hardware_check,self_20260601_004314,clip_001,1,listen,,0.8494,2459341.0,raspberry_pi_seeed_gsr,"2459341,0.8494"
2026-06-01T00:43:40.733,hardware_check,self_20260601_004314,clip_001,1,listen,,0.8615,2459362.0,raspberry_pi_seeed_gsr,"2459362,0.8615"
2026-06-01T00:43:40.754,hardware_check,self_20260601_004314,clip_001,1,listen,,0.8719,2459383.0,raspberry_pi_seeed_gsr,"2459383,0.8719"
2026-06-01T00:43:40.775,hardware_check,self_20260601_004314,clip_001,1,listen,,0.8502,2459404.0,raspberry_pi_seeed_gsr,"2459404,0.8502"
2026-06-01T00:43:40.796,hardware_check,self_20260601_004314,clip_001,1,listen,,0.8582,2459426.0,raspberry_pi_seeed_gsr,"2459426,0.8582"
2026-06-01T00:43:40.817,hardware_check,self_20260601_004314,clip_001,1,listen,,0.8639,2459447.0,raspberry_pi_seeed_gsr,"2459447,0.8639"
2026-06-01T00:43:40.837,hardware_check,self_20260601_004314,clip_001,1,listen,,0.8566,2459467.0,raspberry_pi_seeed_gsr,"2459467,0.8566"
2026-06-01T00:43:40.858,hardware_check,self_20260601_004314,clip_001,1,listen,,0.8478,2459488.0,raspberry_pi_seeed_gsr,"2459488,0.8478"
2026-06-01T00:43:40.879,hardware_check,self_20260601_004314,clip_001,1,listen,,0.8574,2459509.0,raspberry_pi_seeed_gsr,"2459509,0.8574"
2026-06-01T00:43:40.901,hardware_check,self_20260601_004314,clip_001,1,listen,,0.8736,2459530.0,raspberry_pi_seeed_gsr,"2459530,0.8736"
2026-06-01T00:43:40.921,hardware_check,self_20260601_004314,clip_001,1,listen,,0.8687,2459551.0,raspberry_pi_seeed_gsr,"2459551,0.8687"
2026-06-01T00:43:40.943,hardware_check,self_20260601_004314,clip_001,1,listen,,0.8421,2459572.0,raspberry_pi_seeed_gsr,"2459572,0.8421"
2026-06-01T00:43:40.979,hardware_check,self_20260601_004314,clip_001,1,listen,,0.8566,2459593.0,raspberry_pi_seeed_gsr,"2459593,0.8566"
2026-06-01T00:43:40.985,hardware_check,self_20260601_004314,clip_001,1,listen,,0.8711,2459614.0,raspberry_pi_seeed_gsr,"2459614,0.8711"
2026-06-01T00:43:41.006,hardware_check,self_20260601_004314,clip_001,1,listen,,0.8574,2459635.0,raspberry_pi_seeed_gsr,"2459635,0.8574"
2026-06-01T00:43:41.027,hardware_check,self_20260601_004314,clip_001,1,listen,,0.8526,2459656.0,raspberry_pi_seeed_gsr,"2459656,0.8526"
2026-06-01T00:43:41.048,hardware_check,self_20260601_004314,clip_001,1,listen,,0.8462,2459677.0,raspberry_pi_seeed_gsr,"2459677,0.8462"
2026-06-01T00:43:41.069,hardware_check,self_20260601_004314,clip_001,1,listen,,0.8687,2459698.0,raspberry_pi_seeed_gsr,"2459698,0.8687"
2026-06-01T00:43:41.090,hardware_check,self_20260601_004314,clip_001,1,listen,,0.8776,2459719.0,raspberry_pi_seeed_gsr,"2459719,0.8776"
2026-06-01T00:43:41.111,hardware_check,self_20260601_004314,clip_001,1,listen,,0.8526,2459740.0,raspberry_pi_seeed_gsr,"2459740,0.8526"
2026-06-01T00:43:41.132,hardware_check,self_20260601_004314,clip_001,1,listen,,0.8655,2459761.0,raspberry_pi_seeed_gsr,"2459761,0.8655"
2026-06-01T00:43:41.153,hardware_check,self_20260601_004314,clip_001,1,listen,,0.8752,2459782.0,raspberry_pi_seeed_gsr,"2459782,0.8752"
2026-06-01T00:43:41.174,hardware_check,self_20260601_004314,clip_001,1,listen,,0.8486,2459803.0,raspberry_pi_seeed_gsr,"2459803,0.8486"
2026-06-01T00:43:41.195,hardware_check,self_20260601_004314,clip_001,1,listen,,0.8582,2459824.0,raspberry_pi_seeed_gsr,"2459824,0.8582"
2026-06-01T00:43:41.241,hardware_check,self_20260601_004314,clip_001,1,listen,,0.8776,2459845.0,raspberry_pi_seeed_gsr,"2459845,0.8776"
2026-06-01T00:43:41.242,hardware_check,self_20260601_004314,clip_001,1,listen,,0.8623,2459866.0,raspberry_pi_seeed_gsr,"2459866,0.8623"
2026-06-01T00:43:41.258,hardware_check,self_20260601_004314,clip_001,1,listen,,0.8542,2459888.0,raspberry_pi_seeed_gsr,"2459888,0.8542"
2026-06-01T00:43:41.278,hardware_check,self_20260601_004314,clip_001,1,listen,,0.8558,2459908.0,raspberry_pi_seeed_gsr,"2459908,0.8558"
2026-06-01T00:43:41.299,hardware_check,self_20260601_004314,clip_001,1,listen,,0.8768,2459929.0,raspberry_pi_seeed_gsr,"2459929,0.8768"
2026-06-01T00:43:41.320,hardware_check,self_20260601_004314,clip_001,1,listen,,0.8687,2459950.0,raspberry_pi_seeed_gsr,"2459950,0.8687"
2026-06-01T00:43:41.342,hardware_check,self_20260601_004314,clip_001,1,listen,,0.8542,2459971.0,raspberry_pi_seeed_gsr,"2459971,0.8542"
2026-06-01T00:43:41.363,hardware_check,self_20260601_004314,clip_001,1,listen,,0.8623,2459992.0,raspberry_pi_seeed_gsr,"2459992,0.8623"
2026-06-01T00:43:41.384,hardware_check,self_20260601_004314,clip_001,1,listen,,0.8719,2460013.0,raspberry_pi_seeed_gsr,"2460013,0.8719"
2026-06-01T00:43:41.405,hardware_check,self_20260601_004314,clip_001,1,listen,,0.8703,2460034.0,raspberry_pi_seeed_gsr,"2460034,0.8703"
2026-06-01T00:43:41.426,hardware_check,self_20260601_004314,clip_001,1,listen,,0.8558,2460055.0,raspberry_pi_seeed_gsr,"2460055,0.8558"
2026-06-01T00:43:41.447,hardware_check,self_20260601_004314,clip_001,1,listen,,0.8623,2460076.0,raspberry_pi_seeed_gsr,"2460076,0.8623"
2026-06-01T00:43:41.495,hardware_check,self_20260601_004314,clip_001,1,listen,,0.8679,2460097.0,raspberry_pi_seeed_gsr,"2460097,0.8679"
2026-06-01T00:43:41.495,hardware_check,self_20260601_004314,clip_001,1,listen,,0.8711,2460118.0,raspberry_pi_seeed_gsr,"2460118,0.8711"
2026-06-01T00:43:41.510,hardware_check,self_20260601_004314,clip_001,1,listen,,0.8574,2460139.0,raspberry_pi_seeed_gsr,"2460139,0.8574"
2026-06-01T00:43:41.531,hardware_check,self_20260601_004314,clip_001,1,listen,,0.8655,2460160.0,raspberry_pi_seeed_gsr,"2460160,0.8655"
2026-06-01T00:43:41.552,hardware_check,self_20260601_004314,clip_001,1,listen,,0.8792,2460181.0,raspberry_pi_seeed_gsr,"2460181,0.8792"
2026-06-01T00:43:41.573,hardware_check,self_20260601_004314,clip_001,1,listen,,0.8687,2460202.0,raspberry_pi_seeed_gsr,"2460202,0.8687"
2026-06-01T00:43:41.594,hardware_check,self_20260601_004314,clip_001,1,listen,,0.8591,2460223.0,raspberry_pi_seeed_gsr,"2460223,0.8591"
2026-06-01T00:43:41.615,hardware_check,self_20260601_004314,clip_001,1,listen,,0.8615,2460244.0,raspberry_pi_seeed_gsr,"2460244,0.8615"
2026-06-01T00:43:41.636,hardware_check,self_20260601_004314,clip_001,1,listen,,0.8744,2460265.0,raspberry_pi_seeed_gsr,"2460265,0.8744"
2026-06-01T00:43:41.657,hardware_check,self_20260601_004314,clip_001,1,listen,,0.8599,2460286.0,raspberry_pi_seeed_gsr,"2460286,0.8599"
2026-06-01T00:43:41.679,hardware_check,self_20260601_004314,clip_001,1,listen,,0.855,2460308.0,raspberry_pi_seeed_gsr,"2460308,0.8550"
2026-06-01T00:43:41.699,hardware_check,self_20260601_004314,clip_001,1,listen,,0.8816,2460329.0,raspberry_pi_seeed_gsr,"2460329,0.8816"
2026-06-01T00:43:41.750,hardware_check,self_20260601_004314,clip_001,1,listen,,0.8687,2460349.0,raspberry_pi_seeed_gsr,"2460349,0.8687"
2026-06-01T00:43:41.751,hardware_check,self_20260601_004314,clip_001,1,listen,,0.8591,2460370.0,raspberry_pi_seeed_gsr,"2460370,0.8591"
2026-06-01T00:43:41.761,hardware_check,self_20260601_004314,clip_001,1,listen,,0.8639,2460391.0,raspberry_pi_seeed_gsr,"2460391,0.8639"
2026-06-01T00:43:41.782,hardware_check,self_20260601_004314,clip_001,1,listen,,0.8776,2460412.0,raspberry_pi_seeed_gsr,"2460412,0.8776"
2026-06-01T00:43:41.803,hardware_check,self_20260601_004314,clip_001,1,listen,,0.8736,2460433.0,raspberry_pi_seeed_gsr,"2460433,0.8736"
2026-06-01T00:43:41.824,hardware_check,self_20260601_004314,clip_001,1,listen,,0.8599,2460454.0,raspberry_pi_seeed_gsr,"2460454,0.8599"
2026-06-01T00:43:41.845,hardware_check,self_20260601_004314,clip_001,1,listen,,0.8631,2460475.0,raspberry_pi_seeed_gsr,"2460475,0.8631"
2026-06-01T00:43:41.866,hardware_check,self_20260601_004314,clip_001,1,listen,,0.88,2460496.0,raspberry_pi_seeed_gsr,"2460496,0.8800"
2026-06-01T00:43:41.888,hardware_check,self_20260601_004314,clip_001,1,listen,,0.8752,2460517.0,raspberry_pi_seeed_gsr,"2460517,0.8752"
2026-06-01T00:43:41.908,hardware_check,self_20260601_004314,clip_001,1,listen,,0.8582,2460538.0,raspberry_pi_seeed_gsr,"2460538,0.8582"
2026-06-01T00:43:41.930,hardware_check,self_20260601_004314,clip_001,1,listen,,0.8623,2460559.0,raspberry_pi_seeed_gsr,"2460559,0.8623"
2026-06-01T00:43:41.951,hardware_check,self_20260601_004314,clip_001,1,listen,,0.8607,2460580.0,raspberry_pi_seeed_gsr,"2460580,0.8607"
2026-06-01T00:43:41.972,hardware_check,self_20260601_004314,clip_001,1,listen,,0.8703,2460601.0,raspberry_pi_seeed_gsr,"2460601,0.8703"
2026-06-01T00:43:42.010,hardware_check,self_20260601_004314,clip_001,1,listen,,0.8921,2460622.0,raspberry_pi_seeed_gsr,"2460622,0.8921"
2026-06-01T00:43:42.014,hardware_check,self_20260601_004314,clip_001,1,listen,,0.8671,2460643.0,raspberry_pi_seeed_gsr,"2460643,0.8671"
2026-06-01T00:43:42.035,hardware_check,self_20260601_004314,clip_001,1,listen,,0.8744,2460664.0,raspberry_pi_seeed_gsr,"2460664,0.8744"
2026-06-01T00:43:42.056,hardware_check,self_20260601_004314,clip_001,1,listen,,0.8623,2460685.0,raspberry_pi_seeed_gsr,"2460685,0.8623"
2026-06-01T00:43:42.077,hardware_check,self_20260601_004314,clip_001,1,listen,,0.8663,2460706.0,raspberry_pi_seeed_gsr,"2460706,0.8663"
2026-06-01T00:43:42.098,hardware_check,self_20260601_004314,clip_001,1,listen,,0.8744,2460727.0,raspberry_pi_seeed_gsr,"2460727,0.8744"
2026-06-01T00:43:42.119,hardware_check,self_20260601_004314,clip_001,1,listen,,0.8808,2460748.0,raspberry_pi_seeed_gsr,"2460748,0.8808"
2026-06-01T00:43:42.140,hardware_check,self_20260601_004314,clip_001,1,listen,,0.8719,2460769.0,raspberry_pi_seeed_gsr,"2460769,0.8719"
2026-06-01T00:43:42.161,hardware_check,self_20260601_004314,clip_001,1,listen,,0.8582,2460790.0,raspberry_pi_seeed_gsr,"2460790,0.8582"
2026-06-01T00:43:42.182,hardware_check,self_20260601_004314,clip_001,1,listen,,0.8768,2460811.0,raspberry_pi_seeed_gsr,"2460811,0.8768"
2026-06-01T00:43:42.204,hardware_check,self_20260601_004314,clip_001,1,listen,,0.884,2460832.0,raspberry_pi_seeed_gsr,"2460832,0.8840"
2026-06-01T00:43:42.225,hardware_check,self_20260601_004314,clip_001,1,listen,,0.8647,2460854.0,raspberry_pi_seeed_gsr,"2460854,0.8647"
2026-06-01T00:43:42.271,hardware_check,self_20260601_004314,clip_001,1,listen,,0.8703,2460874.0,raspberry_pi_seeed_gsr,"2460874,0.8703"
2026-06-01T00:43:42.272,hardware_check,self_20260601_004314,clip_001,1,listen,,0.8784,2460895.0,raspberry_pi_seeed_gsr,"2460895,0.8784"
2026-06-01T00:43:42.286,hardware_check,self_20260601_004314,clip_001,1,listen,,0.8856,2460916.0,raspberry_pi_seeed_gsr,"2460916,0.8856"
2026-06-01T00:43:42.308,hardware_check,self_20260601_004314,clip_001,1,listen,,0.8679,2460937.0,raspberry_pi_seeed_gsr,"2460937,0.8679"
2026-06-01T00:43:42.329,hardware_check,self_20260601_004314,clip_001,1,listen,,0.8719,2460958.0,raspberry_pi_seeed_gsr,"2460958,0.8719"
2026-06-01T00:43:42.350,hardware_check,self_20260601_004314,clip_001,1,listen,,0.8832,2460979.0,raspberry_pi_seeed_gsr,"2460979,0.8832"
2026-06-01T00:43:42.371,hardware_check,self_20260601_004314,clip_001,1,listen,,0.8856,2461000.0,raspberry_pi_seeed_gsr,"2461000,0.8856"
2026-06-01T00:43:42.392,hardware_check,self_20260601_004314,clip_001,1,listen,,0.8655,2461021.0,raspberry_pi_seeed_gsr,"2461021,0.8655"
2026-06-01T00:43:42.413,hardware_check,self_20260601_004314,clip_001,1,listen,,0.8607,2461042.0,raspberry_pi_seeed_gsr,"2461042,0.8607"
2026-06-01T00:43:42.434,hardware_check,self_20260601_004314,clip_001,1,listen,,0.8913,2461063.0,raspberry_pi_seeed_gsr,"2461063,0.8913"
2026-06-01T00:43:42.455,hardware_check,self_20260601_004314,clip_001,1,listen,,0.8744,2461084.0,raspberry_pi_seeed_gsr,"2461084,0.8744"
2026-06-01T00:43:42.477,hardware_check,self_20260601_004314,clip_001,1,listen,,0.9074,2461105.0,raspberry_pi_seeed_gsr,"2461105,0.9074"
2026-06-01T00:43:42.525,hardware_check,self_20260601_004314,clip_001,1,listen,,0.8727,2461126.0,raspberry_pi_seeed_gsr,"2461126,0.8727"
2026-06-01T00:43:42.526,hardware_check,self_20260601_004314,clip_001,1,listen,,0.8768,2461147.0,raspberry_pi_seeed_gsr,"2461147,0.8768"
2026-06-01T00:43:42.539,hardware_check,self_20260601_004314,clip_001,1,listen,,0.8663,2461168.0,raspberry_pi_seeed_gsr,"2461168,0.8663"
2026-06-01T00:43:42.560,hardware_check,self_20260601_004314,clip_001,1,listen,,0.8582,2461189.0,raspberry_pi_seeed_gsr,"2461189,0.8582"
2026-06-01T00:43:42.581,hardware_check,self_20260601_004314,clip_001,1,listen,,0.8574,2461210.0,raspberry_pi_seeed_gsr,"2461210,0.8574"
2026-06-01T00:43:42.602,hardware_check,self_20260601_004314,clip_001,1,listen,,0.8703,2461231.0,raspberry_pi_seeed_gsr,"2461231,0.8703"
2026-06-01T00:43:42.623,hardware_check,self_20260601_004314,clip_001,1,listen,,0.8623,2461252.0,raspberry_pi_seeed_gsr,"2461252,0.8623"
2026-06-01T00:43:42.644,hardware_check,self_20260601_004314,clip_001,1,listen,,0.8623,2461274.0,raspberry_pi_seeed_gsr,"2461274,0.8623"
2026-06-01T00:43:42.664,hardware_check,self_20260601_004314,clip_001,1,listen,,0.8671,2461294.0,raspberry_pi_seeed_gsr,"2461294,0.8671"
2026-06-01T00:43:42.686,hardware_check,self_20260601_004314,clip_001,1,listen,,0.8687,2461315.0,raspberry_pi_seeed_gsr,"2461315,0.8687"
2026-06-01T00:43:42.709,hardware_check,self_20260601_004314,clip_001,1,listen,,0.8582,2461336.0,raspberry_pi_seeed_gsr,"2461336,0.8582"
2026-06-01T00:43:42.727,hardware_check,self_20260601_004314,clip_001,1,listen,,0.8486,2461357.0,raspberry_pi_seeed_gsr,"2461357,0.8486"
2026-06-01T00:43:42.771,hardware_check,self_20260601_004314,clip_001,1,listen,,0.8599,2461378.0,raspberry_pi_seeed_gsr,"2461378,0.8599"
2026-06-01T00:43:42.771,hardware_check,self_20260601_004314,clip_001,1,listen,,0.8599,2461399.0,raspberry_pi_seeed_gsr,"2461399,0.8599"
2026-06-01T00:43:42.791,hardware_check,self_20260601_004314,clip_001,1,listen,,0.8615,2461420.0,raspberry_pi_seeed_gsr,"2461420,0.8615"
2026-06-01T00:43:42.812,hardware_check,self_20260601_004314,clip_001,1,listen,,0.8462,2461441.0,raspberry_pi_seeed_gsr,"2461441,0.8462"
2026-06-01T00:43:42.833,hardware_check,self_20260601_004314,clip_001,1,listen,,0.8687,2461462.0,raspberry_pi_seeed_gsr,"2461462,0.8687"
2026-06-01T00:43:42.854,hardware_check,self_20260601_004314,clip_001,1,listen,,0.8736,2461483.0,raspberry_pi_seeed_gsr,"2461483,0.8736"
2026-06-01T00:43:42.875,hardware_check,self_20260601_004314,clip_001,1,listen,,0.8526,2461504.0,raspberry_pi_seeed_gsr,"2461504,0.8526"
2026-06-01T00:43:42.896,hardware_check,self_20260601_004314,clip_001,1,listen,,0.8808,2461525.0,raspberry_pi_seeed_gsr,"2461525,0.8808"
2026-06-01T00:43:42.917,hardware_check,self_20260601_004314,clip_001,1,listen,,0.8679,2461546.0,raspberry_pi_seeed_gsr,"2461546,0.8679"
2026-06-01T00:43:42.938,hardware_check,self_20260601_004314,clip_001,1,listen,,0.8607,2461567.0,raspberry_pi_seeed_gsr,"2461567,0.8607"
2026-06-01T00:43:42.959,hardware_check,self_20260601_004314,clip_001,1,listen,,0.8566,2461588.0,raspberry_pi_seeed_gsr,"2461588,0.8566"
2026-06-01T00:43:42.980,hardware_check,self_20260601_004314,clip_001,1,listen,,0.8534,2461609.0,raspberry_pi_seeed_gsr,"2461609,0.8534"
2026-06-01T00:43:43.001,hardware_check,self_20260601_004314,clip_001,1,listen,,0.8679,2461630.0,raspberry_pi_seeed_gsr,"2461630,0.8679"
2026-06-01T00:43:43.043,hardware_check,self_20260601_004314,clip_001,1,listen,,0.851,2461651.0,raspberry_pi_seeed_gsr,"2461651,0.8510"
2026-06-01T00:43:43.043,hardware_check,self_20260601_004314,clip_001,1,listen,,0.8397,2461672.0,raspberry_pi_seeed_gsr,"2461672,0.8397"
2026-06-01T00:43:43.064,hardware_check,self_20260601_004314,clip_001,1,listen,,0.847,2461694.0,raspberry_pi_seeed_gsr,"2461694,0.8470"
2026-06-01T00:43:43.084,hardware_check,self_20260601_004314,clip_001,1,listen,,0.8582,2461714.0,raspberry_pi_seeed_gsr,"2461714,0.8582"
2026-06-01T00:43:43.105,hardware_check,self_20260601_004314,clip_001,1,listen,,0.847,2461735.0,raspberry_pi_seeed_gsr,"2461735,0.8470"
2026-06-01T00:43:43.126,hardware_check,self_20260601_004314,clip_001,1,listen,,0.8357,2461756.0,raspberry_pi_seeed_gsr,"2461756,0.8357"
2026-06-01T00:43:43.147,hardware_check,self_20260601_004314,clip_001,1,listen,,0.8333,2461777.0,raspberry_pi_seeed_gsr,"2461777,0.8333"
2026-06-01T00:43:43.169,hardware_check,self_20260601_004314,clip_001,1,listen,,0.8462,2461798.0,raspberry_pi_seeed_gsr,"2461798,0.8462"
2026-06-01T00:43:43.190,hardware_check,self_20260601_004314,clip_001,1,listen,,0.8349,2461819.0,raspberry_pi_seeed_gsr,"2461819,0.8349"
2026-06-01T00:43:43.212,hardware_check,self_20260601_004314,clip_001,1,listen,,0.8227,2461840.0,raspberry_pi_seeed_gsr,"2461840,0.8227"
2026-06-01T00:43:43.232,hardware_check,self_20260601_004314,clip_001,1,listen,,0.8325,2461861.0,raspberry_pi_seeed_gsr,"2461861,0.8325"
2026-06-01T00:43:43.253,hardware_check,self_20260601_004314,clip_001,1,listen,,0.8421,2461882.0,raspberry_pi_seeed_gsr,"2461882,0.8421"
2026-06-01T00:43:43.301,hardware_check,self_20260601_004314,clip_001,1,listen,,0.8211,2461903.0,raspberry_pi_seeed_gsr,"2461903,0.8211"
2026-06-01T00:43:43.302,hardware_check,self_20260601_004314,clip_001,1,listen,,0.8171,2461924.0,raspberry_pi_seeed_gsr,"2461924,0.8171"
2026-06-01T00:43:43.316,hardware_check,self_20260601_004314,clip_001,1,listen,,0.8365,2461945.0,raspberry_pi_seeed_gsr,"2461945,0.8365"
2026-06-01T00:43:43.337,hardware_check,self_20260601_004314,clip_001,1,listen,,0.8292,2461966.0,raspberry_pi_seeed_gsr,"2461966,0.8292"
2026-06-01T00:43:43.358,hardware_check,self_20260601_004314,clip_001,1,listen,,0.8082,2461987.0,raspberry_pi_seeed_gsr,"2461987,0.8082"
2026-06-01T00:43:43.379,hardware_check,self_20260601_004314,clip_001,1,listen,,0.8123,2462008.0,raspberry_pi_seeed_gsr,"2462008,0.8123"
2026-06-01T00:43:43.400,hardware_check,self_20260601_004314,clip_001,1,listen,,0.8203,2462029.0,raspberry_pi_seeed_gsr,"2462029,0.8203"
2026-06-01T00:43:43.421,hardware_check,self_20260601_004314,clip_001,1,listen,,0.8268,2462050.0,raspberry_pi_seeed_gsr,"2462050,0.8268"
2026-06-01T00:43:43.443,hardware_check,self_20260601_004314,clip_001,1,listen,,0.8018,2462071.0,raspberry_pi_seeed_gsr,"2462071,0.8018"
2026-06-01T00:43:43.463,hardware_check,self_20260601_004314,clip_001,1,listen,,0.8123,2462093.0,raspberry_pi_seeed_gsr,"2462093,0.8123"
2026-06-01T00:43:43.484,hardware_check,self_20260601_004314,clip_001,1,listen,,0.8099,2462113.0,raspberry_pi_seeed_gsr,"2462113,0.8099"
2026-06-01T00:43:43.505,hardware_check,self_20260601_004314,clip_001,1,listen,,0.8099,2462134.0,raspberry_pi_seeed_gsr,"2462134,0.8099"
2026-06-01T00:43:43.554,hardware_check,self_20260601_004314,clip_001,1,listen,,0.8074,2462155.0,raspberry_pi_seeed_gsr,"2462155,0.8074"
2026-06-01T00:43:43.555,hardware_check,self_20260601_004314,clip_001,1,listen,,0.801,2462176.0,raspberry_pi_seeed_gsr,"2462176,0.8010"
2026-06-01T00:43:43.567,hardware_check,self_20260601_004314,clip_001,1,listen,,0.8018,2462197.0,raspberry_pi_seeed_gsr,"2462197,0.8018"
2026-06-01T00:43:43.588,hardware_check,self_20260601_004314,clip_001,1,listen,,0.8042,2462218.0,raspberry_pi_seeed_gsr,"2462218,0.8042"
2026-06-01T00:43:43.610,hardware_check,self_20260601_004314,clip_001,1,listen,,0.7881,2462239.0,raspberry_pi_seeed_gsr,"2462239,0.7881"
2026-06-01T00:43:43.631,hardware_check,self_20260601_004314,clip_001,1,listen,,0.7978,2462260.0,raspberry_pi_seeed_gsr,"2462260,0.7978"
2026-06-01T00:43:43.652,hardware_check,self_20260601_004314,clip_001,1,listen,,0.797,2462281.0,raspberry_pi_seeed_gsr,"2462281,0.7970"
2026-06-01T00:43:43.673,hardware_check,self_20260601_004314,clip_001,1,listen,,0.7937,2462302.0,raspberry_pi_seeed_gsr,"2462302,0.7937"
2026-06-01T00:43:43.694,hardware_check,self_20260601_004314,clip_001,1,listen,,0.7744,2462323.0,raspberry_pi_seeed_gsr,"2462323,0.7744"
2026-06-01T00:43:43.715,hardware_check,self_20260601_004314,clip_001,1,listen,,0.7889,2462344.0,raspberry_pi_seeed_gsr,"2462344,0.7889"
2026-06-01T00:43:43.736,hardware_check,self_20260601_004314,clip_001,1,listen,,0.8018,2462365.0,raspberry_pi_seeed_gsr,"2462365,0.8018"
2026-06-01T00:43:43.757,hardware_check,self_20260601_004314,clip_001,1,listen,,0.7825,2462386.0,raspberry_pi_seeed_gsr,"2462386,0.7825"
2026-06-01T00:43:43.791,hardware_check,self_20260601_004314,clip_001,1,listen,,0.772,2462407.0,raspberry_pi_seeed_gsr,"2462407,0.7720"
2026-06-01T00:43:43.799,hardware_check,self_20260601_004314,clip_001,1,listen,,0.7913,2462428.0,raspberry_pi_seeed_gsr,"2462428,0.7913"
2026-06-01T00:43:43.820,hardware_check,self_20260601_004314,clip_001,1,listen,,0.7809,2462449.0,raspberry_pi_seeed_gsr,"2462449,0.7809"
2026-06-01T00:43:43.841,hardware_check,self_20260601_004314,clip_001,1,listen,,0.7736,2462470.0,raspberry_pi_seeed_gsr,"2462470,0.7736"
2026-06-01T00:43:43.862,hardware_check,self_20260601_004314,clip_001,1,listen,,0.7639,2462491.0,raspberry_pi_seeed_gsr,"2462491,0.7639"
2026-06-01T00:43:43.882,hardware_check,self_20260601_004314,clip_001,1,listen,,0.7744,2462512.0,raspberry_pi_seeed_gsr,"2462512,0.7744"
2026-06-01T00:43:43.904,hardware_check,self_20260601_004314,clip_001,1,listen,,0.7825,2462533.0,raspberry_pi_seeed_gsr,"2462533,0.7825"
2026-06-01T00:43:43.924,hardware_check,self_20260601_004314,clip_001,1,listen,,0.7672,2462554.0,raspberry_pi_seeed_gsr,"2462554,0.7672"
2026-06-01T00:43:43.946,hardware_check,self_20260601_004314,clip_001,1,listen,,0.7655,2462575.0,raspberry_pi_seeed_gsr,"2462575,0.7655"
2026-06-01T00:43:43.967,hardware_check,self_20260601_004314,clip_001,1,listen,,0.7655,2462596.0,raspberry_pi_seeed_gsr,"2462596,0.7655"
2026-06-01T00:43:43.988,hardware_check,self_20260601_004314,clip_001,1,listen,,0.7712,2462617.0,raspberry_pi_seeed_gsr,"2462617,0.7712"
2026-06-01T00:43:44.009,hardware_check,self_20260601_004314,clip_001,1,listen,,0.7583,2462638.0,raspberry_pi_seeed_gsr,"2462638,0.7583"
2026-06-01T00:43:44.049,hardware_check,self_20260601_004314,clip_001,1,listen,,0.7567,2462659.0,raspberry_pi_seeed_gsr,"2462659,0.7567"
2026-06-01T00:43:44.051,hardware_check,self_20260601_004314,clip_001,1,listen,,0.7631,2462680.0,raspberry_pi_seeed_gsr,"2462680,0.7631"
2026-06-01T00:43:44.072,hardware_check,self_20260601_004314,clip_001,1,listen,,0.7575,2462701.0,raspberry_pi_seeed_gsr,"2462701,0.7575"
2026-06-01T00:43:44.093,hardware_check,self_20260601_004314,clip_001,1,listen,,0.7478,2462722.0,raspberry_pi_seeed_gsr,"2462722,0.7478"
2026-06-01T00:43:44.114,hardware_check,self_20260601_004314,clip_001,1,listen,,0.7567,2462743.0,raspberry_pi_seeed_gsr,"2462743,0.7567"
2026-06-01T00:43:44.135,hardware_check,self_20260601_004314,clip_001,1,listen,,0.7655,2462764.0,raspberry_pi_seeed_gsr,"2462764,0.7655"
2026-06-01T00:43:44.156,hardware_check,self_20260601_004314,clip_001,1,listen,,0.7486,2462785.0,raspberry_pi_seeed_gsr,"2462785,0.7486"
2026-06-01T00:43:44.177,hardware_check,self_20260601_004314,clip_001,1,listen,,0.7365,2462806.0,raspberry_pi_seeed_gsr,"2462806,0.7365"
2026-06-01T00:43:44.198,hardware_check,self_20260601_004314,clip_001,1,listen,,0.7462,2462827.0,raspberry_pi_seeed_gsr,"2462827,0.7462"
2026-06-01T00:43:44.219,hardware_check,self_20260601_004314,clip_001,1,listen,,0.7502,2462848.0,raspberry_pi_seeed_gsr,"2462848,0.7502"
2026-06-01T00:43:44.240,hardware_check,self_20260601_004314,clip_001,1,listen,,0.7365,2462869.0,raspberry_pi_seeed_gsr,"2462869,0.7365"
2026-06-01T00:43:44.262,hardware_check,self_20260601_004314,clip_001,1,listen,,0.7333,2462890.0,raspberry_pi_seeed_gsr,"2462890,0.7333"
2026-06-01T00:43:44.311,hardware_check,self_20260601_004314,clip_001,1,listen,,0.739,2462912.0,raspberry_pi_seeed_gsr,"2462912,0.7390"
2026-06-01T00:43:44.312,hardware_check,self_20260601_004314,clip_001,1,listen,,0.7382,2462933.0,raspberry_pi_seeed_gsr,"2462933,0.7382"
2026-06-01T00:43:44.323,hardware_check,self_20260601_004314,clip_001,1,listen,,0.7261,2462953.0,raspberry_pi_seeed_gsr,"2462953,0.7261"
2026-06-01T00:43:44.344,hardware_check,self_20260601_004314,clip_001,1,listen,,0.7269,2462974.0,raspberry_pi_seeed_gsr,"2462974,0.7269"
2026-06-01T00:43:44.365,hardware_check,self_20260601_004314,clip_001,1,listen,,0.7301,2462995.0,raspberry_pi_seeed_gsr,"2462995,0.7301"
2026-06-01T00:43:44.386,hardware_check,self_20260601_004314,clip_001,1,listen,,0.7373,2463016.0,raspberry_pi_seeed_gsr,"2463016,0.7373"
2026-06-01T00:43:44.408,hardware_check,self_20260601_004314,clip_001,1,listen,,0.7228,2463037.0,raspberry_pi_seeed_gsr,"2463037,0.7228"
2026-06-01T00:43:44.428,hardware_check,self_20260601_004314,clip_001,1,listen,,0.7285,2463058.0,raspberry_pi_seeed_gsr,"2463058,0.7285"
2026-06-01T00:43:44.450,hardware_check,self_20260601_004314,clip_001,1,listen,,0.739,2463079.0,raspberry_pi_seeed_gsr,"2463079,0.7390"
2026-06-01T00:43:44.471,hardware_check,self_20260601_004314,clip_001,1,listen,,0.7325,2463100.0,raspberry_pi_seeed_gsr,"2463100,0.7325"
2026-06-01T00:43:44.492,hardware_check,self_20260601_004314,clip_001,1,listen,,0.7156,2463121.0,raspberry_pi_seeed_gsr,"2463121,0.7156"
2026-06-01T00:43:44.513,hardware_check,self_20260601_004314,clip_001,1,listen,,0.7172,2463142.0,raspberry_pi_seeed_gsr,"2463142,0.7172"
2026-06-01T00:43:44.560,hardware_check,self_20260601_004314,clip_001,1,listen,,0.7309,2463163.0,raspberry_pi_seeed_gsr,"2463163,0.7309"
2026-06-01T00:43:44.561,hardware_check,self_20260601_004314,clip_001,1,listen,,0.7261,2463184.0,raspberry_pi_seeed_gsr,"2463184,0.7261"
2026-06-01T00:43:44.576,hardware_check,self_20260601_004314,clip_001,1,listen,,0.71,2463205.0,raspberry_pi_seeed_gsr,"2463205,0.7100"
2026-06-01T00:43:44.597,hardware_check,self_20260601_004314,clip_001,1,listen,,0.7124,2463226.0,raspberry_pi_seeed_gsr,"2463226,0.7124"
2026-06-01T00:43:44.618,hardware_check,self_20260601_004314,clip_001,1,listen,,0.7269,2463247.0,raspberry_pi_seeed_gsr,"2463247,0.7269"
2026-06-01T00:43:44.639,hardware_check,self_20260601_004314,clip_001,1,listen,,0.7164,2463268.0,raspberry_pi_seeed_gsr,"2463268,0.7164"
2026-06-01T00:43:44.660,hardware_check,self_20260601_004314,clip_001,1,listen,,0.7043,2463289.0,raspberry_pi_seeed_gsr,"2463289,0.7043"
2026-06-01T00:43:44.681,hardware_check,self_20260601_004314,clip_001,1,listen,,0.7132,2463310.0,raspberry_pi_seeed_gsr,"2463310,0.7132"
2026-06-01T00:43:44.702,hardware_check,self_20260601_004314,clip_001,1,listen,,0.6866,2463331.0,raspberry_pi_seeed_gsr,"2463331,0.6866"
2026-06-01T00:43:44.723,hardware_check,self_20260601_004314,clip_001,1,listen,,0.7132,2463352.0,raspberry_pi_seeed_gsr,"2463352,0.7132"
2026-06-01T00:43:44.744,hardware_check,self_20260601_004314,clip_001,1,listen,,0.7035,2463373.0,raspberry_pi_seeed_gsr,"2463373,0.7035"
2026-06-01T00:43:44.765,hardware_check,self_20260601_004314,clip_001,1,listen,,0.7116,2463394.0,raspberry_pi_seeed_gsr,"2463394,0.7116"
2026-06-01T00:43:44.800,hardware_check,self_20260601_004314,clip_001,1,listen,,0.7164,2463415.0,raspberry_pi_seeed_gsr,"2463415,0.7164"
2026-06-01T00:43:44.807,hardware_check,self_20260601_004314,clip_001,1,listen,,0.7003,2463437.0,raspberry_pi_seeed_gsr,"2463437,0.7003"
2026-06-01T00:43:44.827,hardware_check,self_20260601_004314,clip_001,1,listen,,0.6809,2463457.0,raspberry_pi_seeed_gsr,"2463457,0.6809"
2026-06-01T00:43:44.848,hardware_check,self_20260601_004314,clip_001,1,listen,,0.7075,2463478.0,raspberry_pi_seeed_gsr,"2463478,0.7075"
2026-06-01T00:43:44.869,hardware_check,self_20260601_004314,clip_001,1,listen,,0.7164,2463499.0,raspberry_pi_seeed_gsr,"2463499,0.7164"
2026-06-01T00:43:44.891,hardware_check,self_20260601_004314,clip_001,1,listen,,0.7027,2463520.0,raspberry_pi_seeed_gsr,"2463520,0.7027"
2026-06-01T00:43:44.911,hardware_check,self_20260601_004314,clip_001,1,listen,,0.7043,2463541.0,raspberry_pi_seeed_gsr,"2463541,0.7043"
2026-06-01T00:43:44.933,hardware_check,self_20260601_004314,clip_001,1,listen,,0.7116,2463562.0,raspberry_pi_seeed_gsr,"2463562,0.7116"
2026-06-01T00:43:44.954,hardware_check,self_20260601_004314,clip_001,1,listen,,0.7116,2463583.0,raspberry_pi_seeed_gsr,"2463583,0.7116"
2026-06-01T00:43:44.975,hardware_check,self_20260601_004314,clip_001,1,listen,,0.6987,2463604.0,raspberry_pi_seeed_gsr,"2463604,0.6987"
2026-06-01T00:43:44.996,hardware_check,self_20260601_004314,clip_001,1,listen,,0.6987,2463625.0,raspberry_pi_seeed_gsr,"2463625,0.6987"
2026-06-01T00:43:45.017,hardware_check,self_20260601_004314,clip_001,1,listen,,0.7124,2463646.0,raspberry_pi_seeed_gsr,"2463646,0.7124"
2026-06-01T00:43:45.057,hardware_check,self_20260601_004314,clip_001,1,listen,,0.7051,2463667.0,raspberry_pi_seeed_gsr,"2463667,0.7051"
2026-06-01T00:43:45.059,hardware_check,self_20260601_004314,clip_001,1,listen,,0.6995,2463688.0,raspberry_pi_seeed_gsr,"2463688,0.6995"
2026-06-01T00:43:45.080,hardware_check,self_20260601_004314,clip_001,1,listen,,0.7011,2463709.0,raspberry_pi_seeed_gsr,"2463709,0.7011"
2026-06-01T00:43:45.101,hardware_check,self_20260601_004314,clip_001,1,listen,,0.7132,2463730.0,raspberry_pi_seeed_gsr,"2463730,0.7132"
2026-06-01T00:43:45.122,hardware_check,self_20260601_004314,clip_001,1,listen,,0.7067,2463751.0,raspberry_pi_seeed_gsr,"2463751,0.7067"
2026-06-01T00:43:45.143,hardware_check,self_20260601_004314,clip_001,1,listen,,0.6979,2463772.0,raspberry_pi_seeed_gsr,"2463772,0.6979"
2026-06-01T00:43:45.164,hardware_check,self_20260601_004314,clip_001,1,listen,,0.7075,2463793.0,raspberry_pi_seeed_gsr,"2463793,0.7075"
2026-06-01T00:43:45.185,hardware_check,self_20260601_004314,clip_001,1,listen,,0.7188,2463814.0,raspberry_pi_seeed_gsr,"2463814,0.7188"
2026-06-01T00:43:45.206,hardware_check,self_20260601_004314,clip_001,1,listen,,0.7051,2463836.0,raspberry_pi_seeed_gsr,"2463836,0.7051"
2026-06-01T00:43:45.227,hardware_check,self_20260601_004314,clip_001,1,listen,,0.6946,2463856.0,raspberry_pi_seeed_gsr,"2463856,0.6946"
2026-06-01T00:43:45.247,hardware_check,self_20260601_004314,clip_001,1,listen,,0.693,2463877.0,raspberry_pi_seeed_gsr,"2463877,0.6930"
2026-06-01T00:43:45.269,hardware_check,self_20260601_004314,clip_001,1,listen,,0.7188,2463898.0,raspberry_pi_seeed_gsr,"2463898,0.7188"
2026-06-01T00:43:45.316,hardware_check,self_20260601_004314,clip_001,1,listen,,0.6946,2463919.0,raspberry_pi_seeed_gsr,"2463919,0.6946"
2026-06-01T00:43:45.317,hardware_check,self_20260601_004314,clip_001,1,listen,,0.7011,2463940.0,raspberry_pi_seeed_gsr,"2463940,0.7011"
2026-06-01T00:43:45.332,hardware_check,self_20260601_004314,clip_001,1,listen,,0.7043,2463961.0,raspberry_pi_seeed_gsr,"2463961,0.7043"
2026-06-01T00:43:45.353,hardware_check,self_20260601_004314,clip_001,1,listen,,0.7188,2463982.0,raspberry_pi_seeed_gsr,"2463982,0.7188"
2026-06-01T00:43:45.374,hardware_check,self_20260601_004314,clip_001,1,listen,,0.7003,2464003.0,raspberry_pi_seeed_gsr,"2464003,0.7003"
2026-06-01T00:43:45.395,hardware_check,self_20260601_004314,clip_001,1,listen,,0.7027,2464024.0,raspberry_pi_seeed_gsr,"2464024,0.7027"
2026-06-01T00:43:45.416,hardware_check,self_20260601_004314,clip_001,1,listen,,0.7196,2464045.0,raspberry_pi_seeed_gsr,"2464045,0.7196"
2026-06-01T00:43:45.437,hardware_check,self_20260601_004314,clip_001,1,listen,,0.7156,2464066.0,raspberry_pi_seeed_gsr,"2464066,0.7156"
2026-06-01T00:43:45.458,hardware_check,self_20260601_004314,clip_001,1,listen,,0.7059,2464087.0,raspberry_pi_seeed_gsr,"2464087,0.7059"
2026-06-01T00:43:45.479,hardware_check,self_20260601_004314,clip_001,1,listen,,0.7091,2464108.0,raspberry_pi_seeed_gsr,"2464108,0.7091"
2026-06-01T00:43:45.501,hardware_check,self_20260601_004314,clip_001,1,listen,,0.7156,2464129.0,raspberry_pi_seeed_gsr,"2464129,0.7156"
2026-06-01T00:43:45.521,hardware_check,self_20260601_004314,clip_001,1,listen,,0.71,2464150.0,raspberry_pi_seeed_gsr,"2464150,0.7100"
2026-06-01T00:43:45.569,hardware_check,self_20260601_004314,clip_001,1,listen,,0.7035,2464171.0,raspberry_pi_seeed_gsr,"2464171,0.7035"
2026-06-01T00:43:45.570,hardware_check,self_20260601_004314,clip_001,1,listen,,0.7059,2464192.0,raspberry_pi_seeed_gsr,"2464192,0.7059"
2026-06-01T00:43:45.584,hardware_check,self_20260601_004314,clip_001,1,listen,,0.722,2464213.0,raspberry_pi_seeed_gsr,"2464213,0.7220"
2026-06-01T00:43:45.605,hardware_check,self_20260601_004314,clip_001,1,listen,,0.7156,2464234.0,raspberry_pi_seeed_gsr,"2464234,0.7156"
2026-06-01T00:43:45.626,hardware_check,self_20260601_004314,clip_001,1,listen,,0.7003,2464255.0,raspberry_pi_seeed_gsr,"2464255,0.7003"
2026-06-01T00:43:45.647,hardware_check,self_20260601_004314,clip_001,1,listen,,0.7108,2464276.0,raspberry_pi_seeed_gsr,"2464276,0.7108"
2026-06-01T00:43:45.668,hardware_check,self_20260601_004314,clip_001,1,listen,,0.7269,2464297.0,raspberry_pi_seeed_gsr,"2464297,0.7269"
2026-06-01T00:43:45.689,hardware_check,self_20260601_004314,clip_001,1,listen,,0.714,2464319.0,raspberry_pi_seeed_gsr,"2464319,0.7140"
2026-06-01T00:43:45.709,hardware_check,self_20260601_004314,clip_001,1,listen,,0.7116,2464339.0,raspberry_pi_seeed_gsr,"2464339,0.7116"
2026-06-01T00:43:45.730,hardware_check,self_20260601_004314,clip_001,1,listen,,0.7091,2464360.0,raspberry_pi_seeed_gsr,"2464360,0.7091"
2026-06-01T00:43:45.751,hardware_check,self_20260601_004314,clip_001,1,listen,,0.7325,2464381.0,raspberry_pi_seeed_gsr,"2464381,0.7325"
2026-06-01T00:43:45.772,hardware_check,self_20260601_004314,clip_001,1,listen,,0.7188,2464402.0,raspberry_pi_seeed_gsr,"2464402,0.7188"
2026-06-01T00:43:45.801,hardware_check,self_20260601_004314,clip_001,1,listen,,0.7156,2464423.0,raspberry_pi_seeed_gsr,"2464423,0.7156"
2026-06-01T00:43:45.815,hardware_check,self_20260601_004314,clip_001,1,listen,,0.7236,2464444.0,raspberry_pi_seeed_gsr,"2464444,0.7236"
2026-06-01T00:43:45.836,hardware_check,self_20260601_004314,clip_001,1,listen,,0.7293,2464465.0,raspberry_pi_seeed_gsr,"2464465,0.7293"
2026-06-01T00:43:45.857,hardware_check,self_20260601_004314,clip_001,1,listen,,0.7164,2464486.0,raspberry_pi_seeed_gsr,"2464486,0.7164"
2026-06-01T00:43:45.878,hardware_check,self_20260601_004314,clip_001,1,listen,,0.7172,2464507.0,raspberry_pi_seeed_gsr,"2464507,0.7172"
2026-06-01T00:43:45.899,hardware_check,self_20260601_004314,clip_001,1,listen,,0.7382,2464528.0,raspberry_pi_seeed_gsr,"2464528,0.7382"
2026-06-01T00:43:45.920,hardware_check,self_20260601_004314,clip_001,1,listen,,0.7333,2464549.0,raspberry_pi_seeed_gsr,"2464549,0.7333"
2026-06-01T00:43:45.941,hardware_check,self_20260601_004314,clip_001,1,listen,,0.7196,2464570.0,raspberry_pi_seeed_gsr,"2464570,0.7196"
2026-06-01T00:43:45.962,hardware_check,self_20260601_004314,clip_001,1,listen,,0.7245,2464591.0,raspberry_pi_seeed_gsr,"2464591,0.7245"
2026-06-01T00:43:45.983,hardware_check,self_20260601_004314,clip_001,1,listen,,0.7317,2464612.0,raspberry_pi_seeed_gsr,"2464612,0.7317"
2026-06-01T00:43:46.004,hardware_check,self_20260601_004314,clip_001,1,listen,,0.7301,2464633.0,raspberry_pi_seeed_gsr,"2464633,0.7301"
2026-06-01T00:43:46.025,hardware_check,self_20260601_004314,clip_001,1,listen,,0.7228,2464654.0,raspberry_pi_seeed_gsr,"2464654,0.7228"
2026-06-01T00:43:46.069,hardware_check,self_20260601_004314,clip_001,1,listen,,0.7245,2464675.0,raspberry_pi_seeed_gsr,"2464675,0.7245"
2026-06-01T00:43:46.070,hardware_check,self_20260601_004314,clip_001,1,listen,,0.739,2464696.0,raspberry_pi_seeed_gsr,"2464696,0.7390"
2026-06-01T00:43:46.088,hardware_check,self_20260601_004314,clip_001,1,listen,,0.739,2464717.0,raspberry_pi_seeed_gsr,"2464717,0.7390"
2026-06-01T00:43:46.109,hardware_check,self_20260601_004314,clip_001,1,listen,,0.7245,2464738.0,raspberry_pi_seeed_gsr,"2464738,0.7245"
2026-06-01T00:43:46.130,hardware_check,self_20260601_004314,clip_001,1,listen,,0.7261,2464759.0,raspberry_pi_seeed_gsr,"2464759,0.7261"
2026-06-01T00:43:46.151,hardware_check,self_20260601_004314,clip_001,1,listen,,0.7422,2464780.0,raspberry_pi_seeed_gsr,"2464780,0.7422"
2026-06-01T00:43:46.172,hardware_check,self_20260601_004314,clip_001,1,listen,,0.7357,2464802.0,raspberry_pi_seeed_gsr,"2464802,0.7357"
2026-06-01T00:43:46.192,hardware_check,self_20260601_004314,clip_001,1,listen,,0.7333,2464822.0,raspberry_pi_seeed_gsr,"2464822,0.7333"
2026-06-01T00:43:46.214,hardware_check,self_20260601_004314,clip_001,1,listen,,0.7245,2464843.0,raspberry_pi_seeed_gsr,"2464843,0.7245"
2026-06-01T00:43:46.235,hardware_check,self_20260601_004314,clip_001,1,listen,,0.747,2464864.0,raspberry_pi_seeed_gsr,"2464864,0.7470"
2026-06-01T00:43:46.256,hardware_check,self_20260601_004314,clip_001,1,listen,,0.7333,2464885.0,raspberry_pi_seeed_gsr,"2464885,0.7333"
2026-06-01T00:43:46.278,hardware_check,self_20260601_004314,clip_001,1,listen,,0.7261,2464906.0,raspberry_pi_seeed_gsr,"2464906,0.7261"
2026-06-01T00:43:46.323,hardware_check,self_20260601_004314,clip_001,1,listen,,0.7422,2464927.0,raspberry_pi_seeed_gsr,"2464927,0.7422"
2026-06-01T00:43:46.323,hardware_check,self_20260601_004314,clip_001,1,listen,,0.7333,2464948.0,raspberry_pi_seeed_gsr,"2464948,0.7333"
2026-06-01T00:43:46.340,hardware_check,self_20260601_004314,clip_001,1,listen,,0.7253,2464969.0,raspberry_pi_seeed_gsr,"2464969,0.7253"
2026-06-01T00:43:46.361,hardware_check,self_20260601_004314,clip_001,1,listen,,0.7253,2464990.0,raspberry_pi_seeed_gsr,"2464990,0.7253"
2026-06-01T00:43:46.382,hardware_check,self_20260601_004314,clip_001,1,listen,,0.7462,2465011.0,raspberry_pi_seeed_gsr,"2465011,0.7462"
2026-06-01T00:43:46.403,hardware_check,self_20260601_004314,clip_001,1,listen,,0.7478,2465032.0,raspberry_pi_seeed_gsr,"2465032,0.7478"
2026-06-01T00:43:46.424,hardware_check,self_20260601_004314,clip_001,1,listen,,0.7261,2465053.0,raspberry_pi_seeed_gsr,"2465053,0.7261"
2026-06-01T00:43:46.445,hardware_check,self_20260601_004314,clip_001,1,listen,,0.7333,2465074.0,raspberry_pi_seeed_gsr,"2465074,0.7333"
2026-06-01T00:43:46.466,hardware_check,self_20260601_004314,clip_001,1,listen,,0.7454,2465095.0,raspberry_pi_seeed_gsr,"2465095,0.7454"
2026-06-01T00:43:46.487,hardware_check,self_20260601_004314,clip_001,1,listen,,0.7494,2465116.0,raspberry_pi_seeed_gsr,"2465116,0.7494"
2026-06-01T00:43:46.508,hardware_check,self_20260601_004314,clip_001,1,listen,,0.7309,2465137.0,raspberry_pi_seeed_gsr,"2465137,0.7309"
2026-06-01T00:43:46.529,hardware_check,self_20260601_004314,clip_001,1,listen,,0.7333,2465158.0,raspberry_pi_seeed_gsr,"2465158,0.7333"
2026-06-01T00:43:46.575,hardware_check,self_20260601_004314,clip_001,1,listen,,0.71,2465179.0,raspberry_pi_seeed_gsr,"2465179,0.7100"
2026-06-01T00:43:46.576,hardware_check,self_20260601_004314,clip_001,1,listen,,0.7478,2465200.0,raspberry_pi_seeed_gsr,"2465200,0.7478"
2026-06-01T00:43:46.592,hardware_check,self_20260601_004314,clip_001,1,listen,,0.7301,2465221.0,raspberry_pi_seeed_gsr,"2465221,0.7301"
2026-06-01T00:43:46.613,hardware_check,self_20260601_004314,clip_001,1,listen,,0.7317,2465242.0,raspberry_pi_seeed_gsr,"2465242,0.7317"
2026-06-01T00:43:46.634,hardware_check,self_20260601_004314,clip_001,1,listen,,0.7543,2465263.0,raspberry_pi_seeed_gsr,"2465263,0.7543"
2026-06-01T00:43:46.655,hardware_check,self_20260601_004314,clip_001,1,listen,,0.7462,2465284.0,raspberry_pi_seeed_gsr,"2465284,0.7462"
2026-06-01T00:43:46.676,hardware_check,self_20260601_004314,clip_001,1,listen,,0.7317,2465305.0,raspberry_pi_seeed_gsr,"2465305,0.7317"
2026-06-01T00:43:46.696,hardware_check,self_20260601_004314,clip_001,1,listen,,0.7357,2465326.0,raspberry_pi_seeed_gsr,"2465326,0.7357"
2026-06-01T00:43:46.718,hardware_check,self_20260601_004314,clip_001,1,listen,,0.7486,2465347.0,raspberry_pi_seeed_gsr,"2465347,0.7486"
2026-06-01T00:43:46.739,hardware_check,self_20260601_004314,clip_001,1,listen,,0.7438,2465368.0,raspberry_pi_seeed_gsr,"2465368,0.7438"
2026-06-01T00:43:46.761,hardware_check,self_20260601_004314,clip_001,1,listen,,0.7317,2465389.0,raspberry_pi_seeed_gsr,"2465389,0.7317"
2026-06-01T00:43:46.780,hardware_check,self_20260601_004314,clip_001,1,listen,,0.7373,2465410.0,raspberry_pi_seeed_gsr,"2465410,0.7373"
2026-06-01T00:43:46.812,hardware_check,self_20260601_004314,clip_001,1,listen,,0.751,2465431.0,raspberry_pi_seeed_gsr,"2465431,0.7510"
2026-06-01T00:43:46.823,hardware_check,self_20260601_004314,clip_001,1,listen,,0.7454,2465452.0,raspberry_pi_seeed_gsr,"2465452,0.7454"
2026-06-01T00:43:46.843,hardware_check,self_20260601_004314,clip_001,1,listen,,0.7301,2465473.0,raspberry_pi_seeed_gsr,"2465473,0.7301"
2026-06-01T00:43:46.865,hardware_check,self_20260601_004314,clip_001,1,listen,,0.7357,2465494.0,raspberry_pi_seeed_gsr,"2465494,0.7357"
2026-06-01T00:43:46.886,hardware_check,self_20260601_004314,clip_001,1,listen,,0.7527,2465515.0,raspberry_pi_seeed_gsr,"2465515,0.7527"
2026-06-01T00:43:46.907,hardware_check,self_20260601_004314,clip_001,1,listen,,0.7373,2465536.0,raspberry_pi_seeed_gsr,"2465536,0.7373"
2026-06-01T00:43:46.928,hardware_check,self_20260601_004314,clip_001,1,listen,,0.7333,2465557.0,raspberry_pi_seeed_gsr,"2465557,0.7333"
2026-06-01T00:43:46.949,hardware_check,self_20260601_004314,clip_001,1,listen,,0.7454,2465578.0,raspberry_pi_seeed_gsr,"2465578,0.7454"
2026-06-01T00:43:46.970,hardware_check,self_20260601_004314,clip_001,1,listen,,0.747,2465599.0,raspberry_pi_seeed_gsr,"2465599,0.7470"
2026-06-01T00:43:46.991,hardware_check,self_20260601_004314,clip_001,1,listen,,0.7349,2465620.0,raspberry_pi_seeed_gsr,"2465620,0.7349"
2026-06-01T00:43:47.012,hardware_check,self_20260601_004314,clip_001,1,listen,,0.7357,2465641.0,raspberry_pi_seeed_gsr,"2465641,0.7357"
2026-06-01T00:43:47.033,hardware_check,self_20260601_004314,clip_001,1,listen,,0.7543,2465662.0,raspberry_pi_seeed_gsr,"2465662,0.7543"
2026-06-01T00:43:47.075,hardware_check,self_20260601_004314,clip_001,1,listen,,0.751,2465683.0,raspberry_pi_seeed_gsr,"2465683,0.7510"
2026-06-01T00:43:47.076,hardware_check,self_20260601_004314,clip_001,1,listen,,0.7204,2465704.0,raspberry_pi_seeed_gsr,"2465704,0.7204"
2026-06-01T00:43:47.096,hardware_check,self_20260601_004314,clip_001,1,listen,,0.7317,2465725.0,raspberry_pi_seeed_gsr,"2465725,0.7317"
2026-06-01T00:43:47.117,hardware_check,self_20260601_004314,clip_001,1,listen,,0.7494,2465746.0,raspberry_pi_seeed_gsr,"2465746,0.7494"
2026-06-01T00:43:47.138,hardware_check,self_20260601_004314,clip_001,1,listen,,0.7454,2465768.0,raspberry_pi_seeed_gsr,"2465768,0.7454"
2026-06-01T00:43:47.158,hardware_check,self_20260601_004314,clip_001,1,listen,,0.7357,2465788.0,raspberry_pi_seeed_gsr,"2465788,0.7357"
2026-06-01T00:43:47.179,hardware_check,self_20260601_004314,clip_001,1,listen,,0.7382,2465809.0,raspberry_pi_seeed_gsr,"2465809,0.7382"
2026-06-01T00:43:47.201,hardware_check,self_20260601_004314,clip_001,1,listen,,0.743,2465830.0,raspberry_pi_seeed_gsr,"2465830,0.7430"
2026-06-01T00:43:47.222,hardware_check,self_20260601_004314,clip_001,1,listen,,0.7414,2465851.0,raspberry_pi_seeed_gsr,"2465851,0.7414"
2026-06-01T00:43:47.243,hardware_check,self_20260601_004314,clip_001,1,listen,,0.7293,2465872.0,raspberry_pi_seeed_gsr,"2465872,0.7293"
2026-06-01T00:43:47.264,hardware_check,self_20260601_004314,clip_001,1,listen,,0.7382,2465893.0,raspberry_pi_seeed_gsr,"2465893,0.7382"
2026-06-01T00:43:47.285,hardware_check,self_20260601_004314,clip_001,1,listen,,0.7414,2465914.0,raspberry_pi_seeed_gsr,"2465914,0.7414"
2026-06-01T00:43:47.334,hardware_check,self_20260601_004314,clip_001,1,listen,,0.7309,2465935.0,raspberry_pi_seeed_gsr,"2465935,0.7309"
2026-06-01T00:43:47.335,hardware_check,self_20260601_004314,clip_001,1,listen,,0.7285,2465956.0,raspberry_pi_seeed_gsr,"2465956,0.7285"
2026-06-01T00:43:47.348,hardware_check,self_20260601_004314,clip_001,1,listen,,0.7414,2465977.0,raspberry_pi_seeed_gsr,"2465977,0.7414"
2026-06-01T00:43:47.369,hardware_check,self_20260601_004314,clip_001,1,listen,,0.7438,2465998.0,raspberry_pi_seeed_gsr,"2465998,0.7438"
2026-06-01T00:43:47.390,hardware_check,self_20260601_004314,clip_001,1,listen,,0.739,2466019.0,raspberry_pi_seeed_gsr,"2466019,0.7390"
2026-06-01T00:43:47.411,hardware_check,self_20260601_004314,clip_001,1,listen,,0.7325,2466040.0,raspberry_pi_seeed_gsr,"2466040,0.7325"
2026-06-01T00:43:47.432,hardware_check,self_20260601_004314,clip_001,1,listen,,0.7438,2466061.0,raspberry_pi_seeed_gsr,"2466061,0.7438"
2026-06-01T00:43:47.453,hardware_check,self_20260601_004314,clip_001,1,listen,,0.7518,2466082.0,raspberry_pi_seeed_gsr,"2466082,0.7518"
2026-06-01T00:43:47.474,hardware_check,self_20260601_004314,clip_001,1,listen,,0.7325,2466103.0,raspberry_pi_seeed_gsr,"2466103,0.7325"
2026-06-01T00:43:47.495,hardware_check,self_20260601_004314,clip_001,1,listen,,0.7333,2466124.0,raspberry_pi_seeed_gsr,"2466124,0.7333"
2026-06-01T00:43:47.516,hardware_check,self_20260601_004314,clip_001,1,listen,,0.7502,2466145.0,raspberry_pi_seeed_gsr,"2466145,0.7502"
2026-06-01T00:43:47.537,hardware_check,self_20260601_004314,clip_001,1,listen,,0.7518,2466166.0,raspberry_pi_seeed_gsr,"2466166,0.7518"
2026-06-01T00:43:47.586,hardware_check,self_20260601_004314,clip_001,1,listen,,0.7365,2466188.0,raspberry_pi_seeed_gsr,"2466188,0.7365"
2026-06-01T00:43:47.586,hardware_check,self_20260601_004314,clip_001,1,listen,,0.7365,2466208.0,raspberry_pi_seeed_gsr,"2466208,0.7365"
2026-06-01T00:43:47.599,hardware_check,self_20260601_004314,clip_001,1,listen,,0.7575,2466229.0,raspberry_pi_seeed_gsr,"2466229,0.7575"
2026-06-01T00:43:47.620,hardware_check,self_20260601_004314,clip_001,1,listen,,0.7559,2466250.0,raspberry_pi_seeed_gsr,"2466250,0.7559"
2026-06-01T00:43:47.642,hardware_check,self_20260601_004314,clip_001,1,listen,,0.7357,2466271.0,raspberry_pi_seeed_gsr,"2466271,0.7357"
2026-06-01T00:43:47.663,hardware_check,self_20260601_004314,clip_001,1,listen,,0.7422,2466292.0,raspberry_pi_seeed_gsr,"2466292,0.7422"
2026-06-01T00:43:47.684,hardware_check,self_20260601_004314,clip_001,1,listen,,0.7527,2466313.0,raspberry_pi_seeed_gsr,"2466313,0.7527"
2026-06-01T00:43:47.705,hardware_check,self_20260601_004314,clip_001,1,listen,,0.7518,2466334.0,raspberry_pi_seeed_gsr,"2466334,0.7518"
2026-06-01T00:43:47.726,hardware_check,self_20260601_004314,clip_001,1,listen,,0.743,2466355.0,raspberry_pi_seeed_gsr,"2466355,0.7430"
2026-06-01T00:43:47.747,hardware_check,self_20260601_004314,clip_001,1,listen,,0.7422,2466376.0,raspberry_pi_seeed_gsr,"2466376,0.7422"
2026-06-01T00:43:47.768,hardware_check,self_20260601_004314,clip_001,1,listen,,0.7551,2466397.0,raspberry_pi_seeed_gsr,"2466397,0.7551"
2026-06-01T00:43:47.789,hardware_check,self_20260601_004314,clip_001,1,listen,,0.7478,2466418.0,raspberry_pi_seeed_gsr,"2466418,0.7478"
2026-06-01T00:43:47.810,hardware_check,self_20260601_004314,clip_001,1,listen,,0.7373,2466439.0,raspberry_pi_seeed_gsr,"2466439,0.7373"
2026-06-01T00:43:47.838,hardware_check,self_20260601_004314,clip_001,1,listen,,0.7591,2466460.0,raspberry_pi_seeed_gsr,"2466460,0.7591"
2026-06-01T00:43:47.852,hardware_check,self_20260601_004314,clip_001,1,listen,,0.7543,2466481.0,raspberry_pi_seeed_gsr,"2466481,0.7543"
2026-06-01T00:43:47.873,hardware_check,self_20260601_004314,clip_001,1,listen,,0.7373,2466502.0,raspberry_pi_seeed_gsr,"2466502,0.7373"
2026-06-01T00:43:47.894,hardware_check,self_20260601_004314,clip_001,1,listen,,0.7414,2466523.0,raspberry_pi_seeed_gsr,"2466523,0.7414"
2026-06-01T00:43:47.915,hardware_check,self_20260601_004314,clip_001,1,listen,,0.7559,2466544.0,raspberry_pi_seeed_gsr,"2466544,0.7559"
2026-06-01T00:43:47.936,hardware_check,self_20260601_004314,clip_001,1,listen,,0.7647,2466565.0,raspberry_pi_seeed_gsr,"2466565,0.7647"
2026-06-01T00:43:47.957,hardware_check,self_20260601_004314,clip_001,1,listen,,0.7486,2466587.0,raspberry_pi_seeed_gsr,"2466587,0.7486"
2026-06-01T00:43:47.977,hardware_check,self_20260601_004314,clip_001,1,listen,,0.7446,2466607.0,raspberry_pi_seeed_gsr,"2466607,0.7446"
2026-06-01T00:43:47.998,hardware_check,self_20260601_004314,clip_001,1,listen,,0.7784,2466628.0,raspberry_pi_seeed_gsr,"2466628,0.7784"
2026-06-01T00:43:48.020,hardware_check,self_20260601_004314,clip_001,1,listen,,0.7639,2466649.0,raspberry_pi_seeed_gsr,"2466649,0.7639"
2026-06-01T00:43:48.041,hardware_check,self_20260601_004314,clip_001,1,listen,,0.7446,2466670.0,raspberry_pi_seeed_gsr,"2466670,0.7446"
2026-06-01T00:43:48.062,hardware_check,self_20260601_004314,clip_001,1,listen,,0.7486,2466691.0,raspberry_pi_seeed_gsr,"2466691,0.7486"
2026-06-01T00:43:48.107,hardware_check,self_20260601_004314,clip_001,1,listen,,0.7639,2466712.0,raspberry_pi_seeed_gsr,"2466712,0.7639"
2026-06-01T00:43:48.108,hardware_check,self_20260601_004314,clip_001,1,listen,,0.7583,2466733.0,raspberry_pi_seeed_gsr,"2466733,0.7583"
2026-06-01T00:43:48.125,hardware_check,self_20260601_004314,clip_001,1,listen,,0.7502,2466754.0,raspberry_pi_seeed_gsr,"2466754,0.7502"
2026-06-01T00:43:48.146,hardware_check,self_20260601_004314,clip_001,1,listen,,0.751,2466775.0,raspberry_pi_seeed_gsr,"2466775,0.7510"
2026-06-01T00:43:48.167,hardware_check,self_20260601_004314,clip_001,1,listen,,0.7591,2466796.0,raspberry_pi_seeed_gsr,"2466796,0.7591"
2026-06-01T00:43:48.188,hardware_check,self_20260601_004314,clip_001,1,listen,,0.7696,2466817.0,raspberry_pi_seeed_gsr,"2466817,0.7696"
2026-06-01T00:43:48.209,hardware_check,self_20260601_004314,clip_001,1,listen,,0.7502,2466838.0,raspberry_pi_seeed_gsr,"2466838,0.7502"
2026-06-01T00:43:48.230,hardware_check,self_20260601_004314,clip_001,1,listen,,0.7462,2466859.0,raspberry_pi_seeed_gsr,"2466859,0.7462"
2026-06-01T00:43:48.251,hardware_check,self_20260601_004314,clip_001,1,listen,,0.768,2466880.0,raspberry_pi_seeed_gsr,"2466880,0.7680"
2026-06-01T00:43:48.272,hardware_check,self_20260601_004314,clip_001,1,listen,,0.7591,2466901.0,raspberry_pi_seeed_gsr,"2466901,0.7591"
2026-06-01T00:43:48.293,hardware_check,self_20260601_004314,clip_001,1,listen,,0.7518,2466922.0,raspberry_pi_seeed_gsr,"2466922,0.7518"
2026-06-01T00:43:48.314,hardware_check,self_20260601_004314,clip_001,1,listen,,0.7559,2466943.0,raspberry_pi_seeed_gsr,"2466943,0.7559"
2026-06-01T00:43:48.363,hardware_check,self_20260601_004314,clip_001,1,listen,,0.768,2466964.0,raspberry_pi_seeed_gsr,"2466964,0.7680"
2026-06-01T00:43:48.364,hardware_check,self_20260601_004314,clip_001,1,listen,,0.7881,2466985.0,raspberry_pi_seeed_gsr,"2466985,0.7881"
2026-06-01T00:43:48.377,hardware_check,self_20260601_004314,clip_001,1,listen,,0.7543,2467007.0,raspberry_pi_seeed_gsr,"2467007,0.7543"
2026-06-01T00:43:48.397,hardware_check,self_20260601_004314,clip_001,1,listen,,0.7615,2467027.0,raspberry_pi_seeed_gsr,"2467027,0.7615"
2026-06-01T00:43:48.418,hardware_check,self_20260601_004314,clip_001,1,listen,,0.78,2467048.0,raspberry_pi_seeed_gsr,"2467048,0.7800"
2026-06-01T00:43:48.439,hardware_check,self_20260601_004314,clip_001,1,listen,,0.776,2467068.0,raspberry_pi_seeed_gsr,"2467068,0.7760"
2026-06-01T00:43:48.460,hardware_check,self_20260601_004314,clip_001,1,listen,,0.7518,2467089.0,raspberry_pi_seeed_gsr,"2467089,0.7518"
2026-06-01T00:43:48.481,hardware_check,self_20260601_004314,clip_001,1,listen,,0.7639,2467110.0,raspberry_pi_seeed_gsr,"2467110,0.7639"
2026-06-01T00:43:48.502,hardware_check,self_20260601_004314,clip_001,1,listen,,0.7696,2467131.0,raspberry_pi_seeed_gsr,"2467131,0.7696"
2026-06-01T00:43:48.523,hardware_check,self_20260601_004314,clip_001,1,listen,,0.7631,2467152.0,raspberry_pi_seeed_gsr,"2467152,0.7631"
2026-06-01T00:43:48.545,hardware_check,self_20260601_004314,clip_001,1,listen,,0.7559,2467173.0,raspberry_pi_seeed_gsr,"2467173,0.7559"
2026-06-01T00:43:48.565,hardware_check,self_20260601_004314,clip_001,1,listen,,0.7607,2467194.0,raspberry_pi_seeed_gsr,"2467194,0.7607"
2026-06-01T00:43:48.613,hardware_check,self_20260601_004314,clip_001,1,listen,,0.7752,2467215.0,raspberry_pi_seeed_gsr,"2467215,0.7752"
2026-06-01T00:43:48.614,hardware_check,self_20260601_004314,clip_001,1,listen,,0.751,2467236.0,raspberry_pi_seeed_gsr,"2467236,0.7510"
2026-06-01T00:43:48.628,hardware_check,self_20260601_004314,clip_001,1,listen,,0.7543,2467257.0,raspberry_pi_seeed_gsr,"2467257,0.7543"
2026-06-01T00:43:48.649,hardware_check,self_20260601_004314,clip_001,1,listen,,0.7688,2467278.0,raspberry_pi_seeed_gsr,"2467278,0.7688"
2026-06-01T00:43:48.670,hardware_check,self_20260601_004314,clip_001,1,listen,,0.7744,2467299.0,raspberry_pi_seeed_gsr,"2467299,0.7744"
2026-06-01T00:43:48.691,hardware_check,self_20260601_004314,clip_001,1,listen,,0.7639,2467320.0,raspberry_pi_seeed_gsr,"2467320,0.7639"
2026-06-01T00:43:48.712,hardware_check,self_20260601_004314,clip_001,1,listen,,0.7599,2467341.0,raspberry_pi_seeed_gsr,"2467341,0.7599"
2026-06-01T00:43:48.733,hardware_check,self_20260601_004314,clip_001,1,listen,,0.772,2467362.0,raspberry_pi_seeed_gsr,"2467362,0.7720"
2026-06-01T00:43:48.754,hardware_check,self_20260601_004314,clip_001,1,listen,,0.7817,2467383.0,raspberry_pi_seeed_gsr,"2467383,0.7817"
2026-06-01T00:43:48.775,hardware_check,self_20260601_004314,clip_001,1,listen,,0.7615,2467404.0,raspberry_pi_seeed_gsr,"2467404,0.7615"
2026-06-01T00:43:48.796,hardware_check,self_20260601_004314,clip_001,1,listen,,0.7623,2467425.0,raspberry_pi_seeed_gsr,"2467425,0.7623"
2026-06-01T00:43:48.817,hardware_check,self_20260601_004314,clip_001,1,listen,,0.7817,2467446.0,raspberry_pi_seeed_gsr,"2467446,0.7817"
2026-06-01T00:43:48.838,hardware_check,self_20260601_004314,clip_001,1,listen,,0.776,2467467.0,raspberry_pi_seeed_gsr,"2467467,0.7760"
2026-06-01T00:43:48.863,hardware_check,self_20260601_004314,clip_001,1,listen,,0.7631,2467489.0,raspberry_pi_seeed_gsr,"2467489,0.7631"
2026-06-01T00:43:48.879,hardware_check,self_20260601_004314,clip_001,1,listen,,0.7639,2467509.0,raspberry_pi_seeed_gsr,"2467509,0.7639"
2026-06-01T00:43:48.901,hardware_check,self_20260601_004314,clip_001,1,listen,,0.7817,2467530.0,raspberry_pi_seeed_gsr,"2467530,0.7817"
2026-06-01T00:43:48.922,hardware_check,self_20260601_004314,clip_001,1,listen,,0.7776,2467551.0,raspberry_pi_seeed_gsr,"2467551,0.7776"
2026-06-01T00:43:48.942,hardware_check,self_20260601_004314,clip_001,1,listen,,0.7478,2467572.0,raspberry_pi_seeed_gsr,"2467572,0.7478"
2026-06-01T00:43:48.964,hardware_check,self_20260601_004314,clip_001,1,listen,,0.7631,2467593.0,raspberry_pi_seeed_gsr,"2467593,0.7631"
2026-06-01T00:43:48.985,hardware_check,self_20260601_004314,clip_001,1,listen,,0.7889,2467614.0,raspberry_pi_seeed_gsr,"2467614,0.7889"
2026-06-01T00:43:49.006,hardware_check,self_20260601_004314,clip_001,1,listen,,0.7712,2467635.0,raspberry_pi_seeed_gsr,"2467635,0.7712"
2026-06-01T00:43:49.027,hardware_check,self_20260601_004314,clip_001,1,listen,,0.7647,2467656.0,raspberry_pi_seeed_gsr,"2467656,0.7647"
2026-06-01T00:43:49.048,hardware_check,self_20260601_004314,clip_001,1,listen,,0.768,2467677.0,raspberry_pi_seeed_gsr,"2467677,0.7680"
2026-06-01T00:43:49.069,hardware_check,self_20260601_004314,clip_001,1,listen,,0.7752,2467698.0,raspberry_pi_seeed_gsr,"2467698,0.7752"
2026-06-01T00:43:49.090,hardware_check,self_20260601_004314,clip_001,1,listen,,0.7744,2467719.0,raspberry_pi_seeed_gsr,"2467719,0.7744"
2026-06-01T00:43:49.137,hardware_check,self_20260601_004314,clip_001,1,listen,,0.7607,2467740.0,raspberry_pi_seeed_gsr,"2467740,0.7607"
2026-06-01T00:43:49.138,hardware_check,self_20260601_004314,clip_001,1,listen,,0.776,2467761.0,raspberry_pi_seeed_gsr,"2467761,0.7760"
2026-06-01T00:43:49.153,hardware_check,self_20260601_004314,clip_001,1,listen,,0.7881,2467782.0,raspberry_pi_seeed_gsr,"2467782,0.7881"
2026-06-01T00:43:49.174,hardware_check,self_20260601_004314,clip_001,1,listen,,0.7631,2467803.0,raspberry_pi_seeed_gsr,"2467803,0.7631"
2026-06-01T00:43:49.195,hardware_check,self_20260601_004314,clip_001,1,listen,,0.7647,2467824.0,raspberry_pi_seeed_gsr,"2467824,0.7647"
2026-06-01T00:43:49.216,hardware_check,self_20260601_004314,clip_001,1,listen,,0.7784,2467845.0,raspberry_pi_seeed_gsr,"2467845,0.7784"
2026-06-01T00:43:49.237,hardware_check,self_20260601_004314,clip_001,1,listen,,0.7841,2467866.0,raspberry_pi_seeed_gsr,"2467866,0.7841"
2026-06-01T00:43:49.258,hardware_check,self_20260601_004314,clip_001,1,listen,,0.7696,2467887.0,raspberry_pi_seeed_gsr,"2467887,0.7696"
2026-06-01T00:43:49.279,hardware_check,self_20260601_004314,clip_001,1,listen,,0.7647,2467909.0,raspberry_pi_seeed_gsr,"2467909,0.7647"
2026-06-01T00:43:49.299,hardware_check,self_20260601_004314,clip_001,1,listen,,0.7809,2467929.0,raspberry_pi_seeed_gsr,"2467929,0.7809"
2026-06-01T00:43:49.321,hardware_check,self_20260601_004314,clip_001,1,listen,,0.7905,2467950.0,raspberry_pi_seeed_gsr,"2467950,0.7905"
2026-06-01T00:43:49.342,hardware_check,self_20260601_004314,clip_001,1,listen,,0.7784,2467971.0,raspberry_pi_seeed_gsr,"2467971,0.7784"
2026-06-01T00:43:49.390,hardware_check,self_20260601_004314,clip_001,1,listen,,0.7647,2467992.0,raspberry_pi_seeed_gsr,"2467992,0.7647"
2026-06-01T00:43:49.391,hardware_check,self_20260601_004314,clip_001,1,listen,,0.7817,2468013.0,raspberry_pi_seeed_gsr,"2468013,0.7817"
2026-06-01T00:43:49.405,hardware_check,self_20260601_004314,clip_001,1,listen,,0.7841,2468034.0,raspberry_pi_seeed_gsr,"2468034,0.7841"
2026-06-01T00:43:49.426,hardware_check,self_20260601_004314,clip_001,1,listen,,0.7696,2468055.0,raspberry_pi_seeed_gsr,"2468055,0.7696"
2026-06-01T00:43:49.447,hardware_check,self_20260601_004314,clip_001,1,listen,,0.7728,2468076.0,raspberry_pi_seeed_gsr,"2468076,0.7728"
2026-06-01T00:43:49.468,hardware_check,self_20260601_004314,clip_001,1,listen,,0.7897,2468097.0,raspberry_pi_seeed_gsr,"2468097,0.7897"
2026-06-01T00:43:49.489,hardware_check,self_20260601_004314,clip_001,1,listen,,0.7776,2468118.0,raspberry_pi_seeed_gsr,"2468118,0.7776"
2026-06-01T00:43:49.510,hardware_check,self_20260601_004314,clip_001,1,listen,,0.7639,2468139.0,raspberry_pi_seeed_gsr,"2468139,0.7639"
2026-06-01T00:43:49.531,hardware_check,self_20260601_004314,clip_001,1,listen,,0.7704,2468160.0,raspberry_pi_seeed_gsr,"2468160,0.7704"
2026-06-01T00:43:49.552,hardware_check,self_20260601_004314,clip_001,1,listen,,0.801,2468181.0,raspberry_pi_seeed_gsr,"2468181,0.8010"
2026-06-01T00:43:49.573,hardware_check,self_20260601_004314,clip_001,1,listen,,0.772,2468202.0,raspberry_pi_seeed_gsr,"2468202,0.7720"
2026-06-01T00:43:49.594,hardware_check,self_20260601_004314,clip_001,1,listen,,0.7688,2468223.0,raspberry_pi_seeed_gsr,"2468223,0.7688"
2026-06-01T00:43:49.642,hardware_check,self_20260601_004314,clip_001,1,listen,,0.7784,2468244.0,raspberry_pi_seeed_gsr,"2468244,0.7784"
2026-06-01T00:43:49.643,hardware_check,self_20260601_004314,clip_001,1,listen,,0.7954,2468265.0,raspberry_pi_seeed_gsr,"2468265,0.7954"
2026-06-01T00:43:49.657,hardware_check,self_20260601_004314,clip_001,1,listen,,0.7768,2468286.0,raspberry_pi_seeed_gsr,"2468286,0.7768"
2026-06-01T00:43:49.678,hardware_check,self_20260601_004314,clip_001,1,listen,,0.776,2468307.0,raspberry_pi_seeed_gsr,"2468307,0.7760"
2026-06-01T00:43:49.699,hardware_check,self_20260601_004314,clip_001,1,listen,,0.7865,2468329.0,raspberry_pi_seeed_gsr,"2468329,0.7865"
2026-06-01T00:43:49.719,hardware_check,self_20260601_004314,clip_001,1,listen,,0.7937,2468349.0,raspberry_pi_seeed_gsr,"2468349,0.7937"
2026-06-01T00:43:49.740,hardware_check,self_20260601_004314,clip_001,1,listen,,0.7833,2468370.0,raspberry_pi_seeed_gsr,"2468370,0.7833"
2026-06-01T00:43:49.762,hardware_check,self_20260601_004314,clip_001,1,listen,,0.7736,2468391.0,raspberry_pi_seeed_gsr,"2468391,0.7736"
2026-06-01T00:43:49.785,hardware_check,self_20260601_004314,clip_001,1,listen,,0.7897,2468412.0,raspberry_pi_seeed_gsr,"2468412,0.7897"
2026-06-01T00:43:49.804,hardware_check,self_20260601_004314,clip_001,1,listen,,0.7913,2468433.0,raspberry_pi_seeed_gsr,"2468433,0.7913"
2026-06-01T00:43:49.824,hardware_check,self_20260601_004314,clip_001,1,listen,,0.78,2468454.0,raspberry_pi_seeed_gsr,"2468454,0.7800"
2026-06-01T00:43:49.845,hardware_check,self_20260601_004314,clip_001,1,listen,,0.7744,2468475.0,raspberry_pi_seeed_gsr,"2468475,0.7744"
2026-06-01T00:43:49.867,hardware_check,self_20260601_004314,clip_001,1,listen,,0.7857,2468496.0,raspberry_pi_seeed_gsr,"2468496,0.7857"
2026-06-01T00:43:49.891,hardware_check,self_20260601_004314,clip_001,1,listen,,0.7905,2468517.0,raspberry_pi_seeed_gsr,"2468517,0.7905"
2026-06-01T00:43:49.909,hardware_check,self_20260601_004314,clip_001,1,listen,,0.7752,2468538.0,raspberry_pi_seeed_gsr,"2468538,0.7752"
2026-06-01T00:43:49.930,hardware_check,self_20260601_004314,clip_001,1,listen,,0.7809,2468559.0,raspberry_pi_seeed_gsr,"2468559,0.7809"
2026-06-01T00:43:49.951,hardware_check,self_20260601_004314,clip_001,1,listen,,0.7929,2468580.0,raspberry_pi_seeed_gsr,"2468580,0.7929"
2026-06-01T00:43:49.972,hardware_check,self_20260601_004314,clip_001,1,listen,,0.7954,2468601.0,raspberry_pi_seeed_gsr,"2468601,0.7954"
2026-06-01T00:43:49.993,hardware_check,self_20260601_004314,clip_001,1,listen,,0.7881,2468622.0,raspberry_pi_seeed_gsr,"2468622,0.7881"
2026-06-01T00:43:50.014,hardware_check,self_20260601_004314,clip_001,1,listen,,0.7849,2468643.0,raspberry_pi_seeed_gsr,"2468643,0.7849"
2026-06-01T00:43:50.035,hardware_check,self_20260601_004314,clip_001,1,listen,,0.7937,2468664.0,raspberry_pi_seeed_gsr,"2468664,0.7937"
2026-06-01T00:43:50.056,hardware_check,self_20260601_004314,clip_001,1,listen,,0.7881,2468685.0,raspberry_pi_seeed_gsr,"2468685,0.7881"
2026-06-01T00:43:50.077,hardware_check,self_20260601_004314,clip_001,1,listen,,0.7881,2468706.0,raspberry_pi_seeed_gsr,"2468706,0.7881"
2026-06-01T00:43:50.098,hardware_check,self_20260601_004314,clip_001,1,listen,,0.7889,2468727.0,raspberry_pi_seeed_gsr,"2468727,0.7889"
2026-06-01T00:43:50.120,hardware_check,self_20260601_004314,clip_001,1,listen,,0.7704,2468748.0,raspberry_pi_seeed_gsr,"2468748,0.7704"
2026-06-01T00:43:50.167,hardware_check,self_20260601_004314,clip_001,1,listen,,0.7905,2468769.0,raspberry_pi_seeed_gsr,"2468769,0.7905"
2026-06-01T00:43:50.167,hardware_check,self_20260601_004314,clip_001,1,listen,,0.7809,2468791.0,raspberry_pi_seeed_gsr,"2468791,0.7809"
2026-06-01T00:43:50.181,hardware_check,self_20260601_004314,clip_001,1,listen,,0.7881,2468811.0,raspberry_pi_seeed_gsr,"2468811,0.7881"
2026-06-01T00:43:50.202,hardware_check,self_20260601_004314,clip_001,1,listen,,0.7962,2468832.0,raspberry_pi_seeed_gsr,"2468832,0.7962"
2026-06-01T00:43:50.223,hardware_check,self_20260601_004314,clip_001,1,listen,,0.7873,2468853.0,raspberry_pi_seeed_gsr,"2468853,0.7873"
2026-06-01T00:43:50.244,hardware_check,self_20260601_004314,clip_001,1,listen,,0.7527,2468874.0,raspberry_pi_seeed_gsr,"2468874,0.7527"
2026-06-01T00:43:50.266,hardware_check,self_20260601_004314,clip_001,1,listen,,0.7937,2468895.0,raspberry_pi_seeed_gsr,"2468895,0.7937"
2026-06-01T00:43:50.287,hardware_check,self_20260601_004314,clip_001,1,listen,,0.8082,2468916.0,raspberry_pi_seeed_gsr,"2468916,0.8082"
2026-06-01T00:43:50.308,hardware_check,self_20260601_004314,clip_001,1,listen,,0.7841,2468937.0,raspberry_pi_seeed_gsr,"2468937,0.7841"
2026-06-01T00:43:50.329,hardware_check,self_20260601_004314,clip_001,1,listen,,0.7849,2468958.0,raspberry_pi_seeed_gsr,"2468958,0.7849"
2026-06-01T00:43:50.350,hardware_check,self_20260601_004314,clip_001,1,listen,,0.8018,2468979.0,raspberry_pi_seeed_gsr,"2468979,0.8018"
2026-06-01T00:43:50.371,hardware_check,self_20260601_004314,clip_001,1,listen,,0.7986,2469000.0,raspberry_pi_seeed_gsr,"2469000,0.7986"
2026-06-01T00:43:50.416,hardware_check,self_20260601_004314,clip_001,1,listen,,0.7841,2469021.0,raspberry_pi_seeed_gsr,"2469021,0.7841"
2026-06-01T00:43:50.417,hardware_check,self_20260601_004314,clip_001,1,listen,,0.7881,2469042.0,raspberry_pi_seeed_gsr,"2469042,0.7881"
2026-06-01T00:43:50.434,hardware_check,self_20260601_004314,clip_001,1,listen,,0.8018,2469063.0,raspberry_pi_seeed_gsr,"2469063,0.8018"
2026-06-01T00:43:50.455,hardware_check,self_20260601_004314,clip_001,1,listen,,0.8058,2469084.0,raspberry_pi_seeed_gsr,"2469084,0.8058"
2026-06-01T00:43:50.476,hardware_check,self_20260601_004314,clip_001,1,listen,,0.7849,2469105.0,raspberry_pi_seeed_gsr,"2469105,0.7849"
2026-06-01T00:43:50.497,hardware_check,self_20260601_004314,clip_001,1,listen,,0.7889,2469126.0,raspberry_pi_seeed_gsr,"2469126,0.7889"
2026-06-01T00:43:50.518,hardware_check,self_20260601_004314,clip_001,1,listen,,0.8042,2469147.0,raspberry_pi_seeed_gsr,"2469147,0.8042"
2026-06-01T00:43:50.539,hardware_check,self_20260601_004314,clip_001,1,listen,,0.7913,2469168.0,raspberry_pi_seeed_gsr,"2469168,0.7913"
2026-06-01T00:43:50.560,hardware_check,self_20260601_004314,clip_001,1,listen,,0.7841,2469189.0,raspberry_pi_seeed_gsr,"2469189,0.7841"
2026-06-01T00:43:50.581,hardware_check,self_20260601_004314,clip_001,1,listen,,0.7937,2469210.0,raspberry_pi_seeed_gsr,"2469210,0.7937"
2026-06-01T00:43:50.601,hardware_check,self_20260601_004314,clip_001,1,listen,,0.8091,2469230.0,raspberry_pi_seeed_gsr,"2469230,0.8091"
2026-06-01T00:43:50.622,hardware_check,self_20260601_004314,clip_001,1,listen,,0.7994,2469251.0,raspberry_pi_seeed_gsr,"2469251,0.7994"
2026-06-01T00:43:50.667,hardware_check,self_20260601_004314,clip_001,1,listen,,0.7865,2469272.0,raspberry_pi_seeed_gsr,"2469272,0.7865"
2026-06-01T00:43:50.668,hardware_check,self_20260601_004314,clip_001,1,listen,,0.7873,2469293.0,raspberry_pi_seeed_gsr,"2469293,0.7873"
2026-06-01T00:43:50.685,hardware_check,self_20260601_004314,clip_001,1,listen,,0.801,2469314.0,raspberry_pi_seeed_gsr,"2469314,0.8010"
2026-06-01T00:43:50.706,hardware_check,self_20260601_004314,clip_001,1,listen,,0.797,2469335.0,raspberry_pi_seeed_gsr,"2469335,0.7970"
2026-06-01T00:43:50.727,hardware_check,self_20260601_004314,clip_001,1,listen,,0.7784,2469356.0,raspberry_pi_seeed_gsr,"2469356,0.7784"
2026-06-01T00:43:50.748,hardware_check,self_20260601_004314,clip_001,1,listen,,0.7945,2469377.0,raspberry_pi_seeed_gsr,"2469377,0.7945"
2026-06-01T00:43:50.769,hardware_check,self_20260601_004314,clip_001,1,listen,,0.8042,2469398.0,raspberry_pi_seeed_gsr,"2469398,0.8042"
2026-06-01T00:43:50.790,hardware_check,self_20260601_004314,clip_001,1,listen,,0.7962,2469419.0,raspberry_pi_seeed_gsr,"2469419,0.7962"
2026-06-01T00:43:50.811,hardware_check,self_20260601_004314,clip_001,1,listen,,0.7865,2469440.0,raspberry_pi_seeed_gsr,"2469440,0.7865"
2026-06-01T00:43:50.832,hardware_check,self_20260601_004314,clip_001,1,listen,,0.8002,2469461.0,raspberry_pi_seeed_gsr,"2469461,0.8002"
2026-06-01T00:43:50.853,hardware_check,self_20260601_004314,clip_001,1,listen,,0.8018,2469482.0,raspberry_pi_seeed_gsr,"2469482,0.8018"
2026-06-01T00:43:50.874,hardware_check,self_20260601_004314,clip_001,1,listen,,0.7929,2469503.0,raspberry_pi_seeed_gsr,"2469503,0.7929"
2026-06-01T00:43:50.895,hardware_check,self_20260601_004314,clip_001,1,listen,,0.7865,2469524.0,raspberry_pi_seeed_gsr,"2469524,0.7865"
2026-06-01T00:43:50.921,hardware_check,self_20260601_004314,clip_001,1,listen,,0.797,2469545.0,raspberry_pi_seeed_gsr,"2469545,0.7970"
2026-06-01T00:43:50.937,hardware_check,self_20260601_004314,clip_001,1,listen,,0.8026,2469567.0,raspberry_pi_seeed_gsr,"2469567,0.8026"
2026-06-01T00:43:50.957,hardware_check,self_20260601_004314,clip_001,1,listen,,0.7929,2469587.0,raspberry_pi_seeed_gsr,"2469587,0.7929"
2026-06-01T00:43:50.978,hardware_check,self_20260601_004314,clip_001,1,listen,,0.7865,2469608.0,raspberry_pi_seeed_gsr,"2469608,0.7865"
2026-06-01T00:43:50.999,hardware_check,self_20260601_004314,clip_001,1,listen,,0.7978,2469629.0,raspberry_pi_seeed_gsr,"2469629,0.7978"
2026-06-01T00:43:51.021,hardware_check,self_20260601_004314,clip_001,1,listen,,0.7994,2469650.0,raspberry_pi_seeed_gsr,"2469650,0.7994"
2026-06-01T00:43:51.042,hardware_check,self_20260601_004314,clip_001,1,listen,,0.7889,2469671.0,raspberry_pi_seeed_gsr,"2469671,0.7889"
2026-06-01T00:43:51.063,hardware_check,self_20260601_004314,clip_001,1,listen,,0.7954,2469692.0,raspberry_pi_seeed_gsr,"2469692,0.7954"
2026-06-01T00:43:51.084,hardware_check,self_20260601_004314,clip_001,1,listen,,0.797,2469713.0,raspberry_pi_seeed_gsr,"2469713,0.7970"
2026-06-01T00:43:51.105,hardware_check,self_20260601_004314,clip_001,1,listen,,0.8034,2469734.0,raspberry_pi_seeed_gsr,"2469734,0.8034"
2026-06-01T00:43:51.126,hardware_check,self_20260601_004314,clip_001,1,listen,,0.7945,2469755.0,raspberry_pi_seeed_gsr,"2469755,0.7945"
2026-06-01T00:43:51.147,hardware_check,self_20260601_004314,clip_001,1,listen,,0.7881,2469776.0,raspberry_pi_seeed_gsr,"2469776,0.7881"
2026-06-01T00:43:51.196,hardware_check,self_20260601_004314,clip_001,1,listen,,0.8082,2469797.0,raspberry_pi_seeed_gsr,"2469797,0.8082"
2026-06-01T00:43:51.197,hardware_check,self_20260601_004314,clip_001,1,listen,,0.8042,2469818.0,raspberry_pi_seeed_gsr,"2469818,0.8042"
2026-06-01T00:43:51.210,hardware_check,self_20260601_004314,clip_001,1,listen,,0.7881,2469839.0,raspberry_pi_seeed_gsr,"2469839,0.7881"
2026-06-01T00:43:51.231,hardware_check,self_20260601_004314,clip_001,1,listen,,0.7929,2469860.0,raspberry_pi_seeed_gsr,"2469860,0.7929"
2026-06-01T00:43:51.252,hardware_check,self_20260601_004314,clip_001,1,listen,,0.8034,2469881.0,raspberry_pi_seeed_gsr,"2469881,0.8034"
2026-06-01T00:43:51.273,hardware_check,self_20260601_004314,clip_001,1,listen,,0.7954,2469902.0,raspberry_pi_seeed_gsr,"2469902,0.7954"
2026-06-01T00:43:51.294,hardware_check,self_20260601_004314,clip_001,1,listen,,0.7954,2469923.0,raspberry_pi_seeed_gsr,"2469923,0.7954"
2026-06-01T00:43:51.315,hardware_check,self_20260601_004314,clip_001,1,listen,,0.8042,2469944.0,raspberry_pi_seeed_gsr,"2469944,0.8042"
2026-06-01T00:43:51.336,hardware_check,self_20260601_004314,clip_001,1,listen,,0.8066,2469965.0,raspberry_pi_seeed_gsr,"2469965,0.8066"
2026-06-01T00:43:51.357,hardware_check,self_20260601_004314,clip_001,1,listen,,0.7945,2469987.0,raspberry_pi_seeed_gsr,"2469987,0.7945"
2026-06-01T00:43:51.378,hardware_check,self_20260601_004314,clip_001,1,listen,,0.7913,2470007.0,raspberry_pi_seeed_gsr,"2470007,0.7913"
2026-06-01T00:43:51.399,hardware_check,self_20260601_004314,clip_001,1,listen,,0.8058,2470028.0,raspberry_pi_seeed_gsr,"2470028,0.8058"
2026-06-01T00:43:51.445,hardware_check,self_20260601_004314,clip_001,1,listen,,0.8042,2470049.0,raspberry_pi_seeed_gsr,"2470049,0.8042"
2026-06-01T00:43:51.446,hardware_check,self_20260601_004314,clip_001,1,listen,,0.8002,2470070.0,raspberry_pi_seeed_gsr,"2470070,0.8002"
2026-06-01T00:43:51.462,hardware_check,self_20260601_004314,clip_001,1,listen,,0.7704,2470091.0,raspberry_pi_seeed_gsr,"2470091,0.7704"
2026-06-01T00:43:51.483,hardware_check,self_20260601_004314,clip_001,1,listen,,0.8042,2470112.0,raspberry_pi_seeed_gsr,"2470112,0.8042"
2026-06-01T00:43:51.504,hardware_check,self_20260601_004314,clip_001,1,listen,,0.8082,2470133.0,raspberry_pi_seeed_gsr,"2470133,0.8082"
2026-06-01T00:43:51.525,hardware_check,self_20260601_004314,clip_001,1,listen,,0.7905,2470154.0,raspberry_pi_seeed_gsr,"2470154,0.7905"
2026-06-01T00:43:51.546,hardware_check,self_20260601_004314,clip_001,1,listen,,0.7865,2470175.0,raspberry_pi_seeed_gsr,"2470175,0.7865"
2026-06-01T00:43:51.567,hardware_check,self_20260601_004314,clip_001,1,listen,,0.8091,2470196.0,raspberry_pi_seeed_gsr,"2470196,0.8091"
2026-06-01T00:43:51.588,hardware_check,self_20260601_004314,clip_001,1,listen,,0.8018,2470217.0,raspberry_pi_seeed_gsr,"2470217,0.8018"
2026-06-01T00:43:51.609,hardware_check,self_20260601_004314,clip_001,1,listen,,0.7913,2470238.0,raspberry_pi_seeed_gsr,"2470238,0.7913"
2026-06-01T00:43:51.630,hardware_check,self_20260601_004314,clip_001,1,listen,,0.7978,2470259.0,raspberry_pi_seeed_gsr,"2470259,0.7978"
2026-06-01T00:43:51.651,hardware_check,self_20260601_004314,clip_001,1,listen,,0.8131,2470280.0,raspberry_pi_seeed_gsr,"2470280,0.8131"
2026-06-01T00:43:51.697,hardware_check,self_20260601_004314,clip_001,1,listen,,0.8066,2470301.0,raspberry_pi_seeed_gsr,"2470301,0.8066"
2026-06-01T00:43:51.697,hardware_check,self_20260601_004314,clip_001,1,listen,,0.7865,2470322.0,raspberry_pi_seeed_gsr,"2470322,0.7865"
2026-06-01T00:43:51.714,hardware_check,self_20260601_004314,clip_001,1,listen,,0.7937,2470343.0,raspberry_pi_seeed_gsr,"2470343,0.7937"
2026-06-01T00:43:51.735,hardware_check,self_20260601_004314,clip_001,1,listen,,0.8107,2470364.0,raspberry_pi_seeed_gsr,"2470364,0.8107"
2026-06-01T00:43:51.756,hardware_check,self_20260601_004314,clip_001,1,listen,,0.8002,2470386.0,raspberry_pi_seeed_gsr,"2470386,0.8002"
2026-06-01T00:43:51.776,hardware_check,self_20260601_004314,clip_001,1,listen,,0.7865,2470406.0,raspberry_pi_seeed_gsr,"2470406,0.7865"
2026-06-01T00:43:51.798,hardware_check,self_20260601_004314,clip_001,1,listen,,0.7945,2470427.0,raspberry_pi_seeed_gsr,"2470427,0.7945"
2026-06-01T00:43:51.818,hardware_check,self_20260601_004314,clip_001,1,listen,,0.8082,2470448.0,raspberry_pi_seeed_gsr,"2470448,0.8082"
2026-06-01T00:43:51.839,hardware_check,self_20260601_004314,clip_001,1,listen,,0.7962,2470469.0,raspberry_pi_seeed_gsr,"2470469,0.7962"
2026-06-01T00:43:51.860,hardware_check,self_20260601_004314,clip_001,1,listen,,0.7962,2470490.0,raspberry_pi_seeed_gsr,"2470490,0.7962"
2026-06-01T00:43:51.882,hardware_check,self_20260601_004314,clip_001,1,listen,,0.8058,2470511.0,raspberry_pi_seeed_gsr,"2470511,0.8058"
2026-06-01T00:43:51.903,hardware_check,self_20260601_004314,clip_001,1,listen,,0.8058,2470532.0,raspberry_pi_seeed_gsr,"2470532,0.8058"
2026-06-01T00:43:51.927,hardware_check,self_20260601_004314,clip_001,1,listen,,0.7954,2470553.0,raspberry_pi_seeed_gsr,"2470553,0.7954"
2026-06-01T00:43:51.945,hardware_check,self_20260601_004314,clip_001,1,listen,,0.797,2470574.0,raspberry_pi_seeed_gsr,"2470574,0.7970"
2026-06-01T00:43:51.966,hardware_check,self_20260601_004314,clip_001,1,listen,,0.8026,2470595.0,raspberry_pi_seeed_gsr,"2470595,0.8026"
2026-06-01T00:43:51.987,hardware_check,self_20260601_004314,clip_001,1,listen,,0.8058,2470616.0,raspberry_pi_seeed_gsr,"2470616,0.8058"
2026-06-01T00:43:52.008,hardware_check,self_20260601_004314,clip_001,1,listen,,0.7929,2470637.0,raspberry_pi_seeed_gsr,"2470637,0.7929"
2026-06-01T00:43:52.029,hardware_check,self_20260601_004314,clip_001,1,listen,,0.7905,2470658.0,raspberry_pi_seeed_gsr,"2470658,0.7905"
2026-06-01T00:43:52.050,hardware_check,self_20260601_004314,clip_001,1,listen,,0.8042,2470679.0,raspberry_pi_seeed_gsr,"2470679,0.8042"
2026-06-01T00:43:52.071,hardware_check,self_20260601_004314,clip_001,1,listen,,0.8026,2470700.0,raspberry_pi_seeed_gsr,"2470700,0.8026"
2026-06-01T00:43:52.092,hardware_check,self_20260601_004314,clip_001,1,listen,,0.7833,2470721.0,raspberry_pi_seeed_gsr,"2470721,0.7833"
2026-06-01T00:43:52.113,hardware_check,self_20260601_004314,clip_001,1,listen,,0.7897,2470742.0,raspberry_pi_seeed_gsr,"2470742,0.7897"
2026-06-01T00:43:52.135,hardware_check,self_20260601_004314,clip_001,1,listen,,0.8002,2470763.0,raspberry_pi_seeed_gsr,"2470763,0.8002"
2026-06-01T00:43:52.155,hardware_check,self_20260601_004314,clip_001,1,listen,,0.7962,2470784.0,raspberry_pi_seeed_gsr,"2470784,0.7962"
2026-06-01T00:43:52.202,hardware_check,self_20260601_004314,clip_001,1,listen,,0.7857,2470805.0,raspberry_pi_seeed_gsr,"2470805,0.7857"
2026-06-01T00:43:52.203,hardware_check,self_20260601_004314,clip_001,1,listen,,0.7736,2470826.0,raspberry_pi_seeed_gsr,"2470826,0.7736"
2026-06-01T00:43:52.217,hardware_check,self_20260601_004314,clip_001,1,listen,,0.801,2470847.0,raspberry_pi_seeed_gsr,"2470847,0.8010"
2026-06-01T00:43:52.238,hardware_check,self_20260601_004314,clip_001,1,listen,,0.8171,2470868.0,raspberry_pi_seeed_gsr,"2470868,0.8171"
2026-06-01T00:43:52.261,hardware_check,self_20260601_004314,clip_001,1,listen,,0.7833,2470889.0,raspberry_pi_seeed_gsr,"2470889,0.7833"
2026-06-01T00:43:52.281,hardware_check,self_20260601_004314,clip_001,1,listen,,0.7913,2470910.0,raspberry_pi_seeed_gsr,"2470910,0.7913"
2026-06-01T00:43:52.302,hardware_check,self_20260601_004314,clip_001,1,listen,,0.7978,2470931.0,raspberry_pi_seeed_gsr,"2470931,0.7978"
2026-06-01T00:43:52.323,hardware_check,self_20260601_004314,clip_001,1,listen,,0.8002,2470952.0,raspberry_pi_seeed_gsr,"2470952,0.8002"
2026-06-01T00:43:52.344,hardware_check,self_20260601_004314,clip_001,1,listen,,0.7809,2470973.0,raspberry_pi_seeed_gsr,"2470973,0.7809"
2026-06-01T00:43:52.365,hardware_check,self_20260601_004314,clip_001,1,listen,,0.7889,2470994.0,raspberry_pi_seeed_gsr,"2470994,0.7889"
2026-06-01T00:43:52.386,hardware_check,self_20260601_004314,clip_001,1,listen,,0.7994,2471015.0,raspberry_pi_seeed_gsr,"2471015,0.7994"
2026-06-01T00:43:52.407,hardware_check,self_20260601_004314,clip_001,1,listen,,0.7784,2471036.0,raspberry_pi_seeed_gsr,"2471036,0.7784"
2026-06-01T00:43:52.455,hardware_check,self_20260601_004314,clip_001,1,listen,,0.7817,2471057.0,raspberry_pi_seeed_gsr,"2471057,0.7817"
2026-06-01T00:43:52.456,hardware_check,self_20260601_004314,clip_001,1,listen,,0.7913,2471078.0,raspberry_pi_seeed_gsr,"2471078,0.7913"
2026-06-01T00:43:52.470,hardware_check,self_20260601_004314,clip_001,1,listen,,0.7825,2471099.0,raspberry_pi_seeed_gsr,"2471099,0.7825"
2026-06-01T00:43:52.491,hardware_check,self_20260601_004314,clip_001,1,listen,,0.7825,2471120.0,raspberry_pi_seeed_gsr,"2471120,0.7825"
2026-06-01T00:43:52.512,hardware_check,self_20260601_004314,clip_001,1,listen,,0.7712,2471141.0,raspberry_pi_seeed_gsr,"2471141,0.7712"
2026-06-01T00:43:52.533,hardware_check,self_20260601_004314,clip_001,1,listen,,0.8002,2471162.0,raspberry_pi_seeed_gsr,"2471162,0.8002"
2026-06-01T00:43:52.554,hardware_check,self_20260601_004314,clip_001,1,listen,,0.7945,2471184.0,raspberry_pi_seeed_gsr,"2471184,0.7945"
2026-06-01T00:43:52.574,hardware_check,self_20260601_004314,clip_001,1,listen,,0.7696,2471204.0,raspberry_pi_seeed_gsr,"2471204,0.7696"
2026-06-01T00:43:52.595,hardware_check,self_20260601_004314,clip_001,1,listen,,0.7776,2471224.0,raspberry_pi_seeed_gsr,"2471224,0.7776"
2026-06-01T00:43:52.616,hardware_check,self_20260601_004314,clip_001,1,listen,,0.7889,2471245.0,raspberry_pi_seeed_gsr,"2471245,0.7889"
2026-06-01T00:43:52.637,hardware_check,self_20260601_004314,clip_001,1,listen,,0.797,2471266.0,raspberry_pi_seeed_gsr,"2471266,0.7970"
2026-06-01T00:43:52.658,hardware_check,self_20260601_004314,clip_001,1,listen,,0.7825,2471287.0,raspberry_pi_seeed_gsr,"2471287,0.7825"
2026-06-01T00:43:52.679,hardware_check,self_20260601_004314,clip_001,1,listen,,0.7825,2471308.0,raspberry_pi_seeed_gsr,"2471308,0.7825"
2026-06-01T00:43:52.726,hardware_check,self_20260601_004314,clip_001,1,listen,,0.7945,2471329.0,raspberry_pi_seeed_gsr,"2471329,0.7945"
2026-06-01T00:43:52.727,hardware_check,self_20260601_004314,clip_001,1,listen,,0.7897,2471350.0,raspberry_pi_seeed_gsr,"2471350,0.7897"
2026-06-01T00:43:52.742,hardware_check,self_20260601_004314,clip_001,1,listen,,0.7784,2471371.0,raspberry_pi_seeed_gsr,"2471371,0.7784"
2026-06-01T00:43:52.763,hardware_check,self_20260601_004314,clip_001,1,listen,,0.776,2471392.0,raspberry_pi_seeed_gsr,"2471392,0.7760"
2026-06-01T00:43:52.784,hardware_check,self_20260601_004314,clip_001,1,listen,,0.7945,2471413.0,raspberry_pi_seeed_gsr,"2471413,0.7945"
2026-06-01T00:43:52.805,hardware_check,self_20260601_004314,clip_001,1,listen,,0.7897,2471434.0,raspberry_pi_seeed_gsr,"2471434,0.7897"
2026-06-01T00:43:52.826,hardware_check,self_20260601_004314,clip_001,1,listen,,0.7631,2471455.0,raspberry_pi_seeed_gsr,"2471455,0.7631"
2026-06-01T00:43:52.847,hardware_check,self_20260601_004314,clip_001,1,listen,,0.7833,2471476.0,raspberry_pi_seeed_gsr,"2471476,0.7833"
2026-06-01T00:43:52.868,hardware_check,self_20260601_004314,clip_001,1,listen,,0.7929,2471497.0,raspberry_pi_seeed_gsr,"2471497,0.7929"
2026-06-01T00:43:52.889,hardware_check,self_20260601_004314,clip_001,1,listen,,0.7833,2471518.0,raspberry_pi_seeed_gsr,"2471518,0.7833"
2026-06-01T00:43:52.910,hardware_check,self_20260601_004314,clip_001,1,listen,,0.772,2471539.0,raspberry_pi_seeed_gsr,"2471539,0.7720"
2026-06-01T00:43:52.931,hardware_check,self_20260601_004314,clip_001,1,listen,,0.7881,2471560.0,raspberry_pi_seeed_gsr,"2471560,0.7881"
2026-06-01T00:43:52.952,hardware_check,self_20260601_004314,clip_001,1,listen,,0.7962,2471581.0,raspberry_pi_seeed_gsr,"2471581,0.7962"
2026-06-01T00:43:52.983,hardware_check,self_20260601_004314,clip_001,1,listen,,0.7849,2471602.0,raspberry_pi_seeed_gsr,"2471602,0.7849"
2026-06-01T00:43:52.993,hardware_check,self_20260601_004314,clip_001,1,listen,,0.7688,2471623.0,raspberry_pi_seeed_gsr,"2471623,0.7688"
2026-06-01T00:43:53.013,hardware_check,self_20260601_004314,clip_001,1,listen,,0.7776,2471643.0,raspberry_pi_seeed_gsr,"2471643,0.7776"
2026-06-01T00:43:53.034,hardware_check,self_20260601_004314,clip_001,1,listen,,0.7937,2471664.0,raspberry_pi_seeed_gsr,"2471664,0.7937"
2026-06-01T00:43:53.056,hardware_check,self_20260601_004314,clip_001,1,listen,,0.7921,2471685.0,raspberry_pi_seeed_gsr,"2471685,0.7921"
2026-06-01T00:43:53.077,hardware_check,self_20260601_004314,clip_001,1,listen,,0.7752,2471706.0,raspberry_pi_seeed_gsr,"2471706,0.7752"
2026-06-01T00:43:53.098,hardware_check,self_20260601_004314,clip_001,1,listen,,0.7752,2471727.0,raspberry_pi_seeed_gsr,"2471727,0.7752"
2026-06-01T00:43:53.119,hardware_check,self_20260601_004314,clip_001,1,listen,,0.7929,2471748.0,raspberry_pi_seeed_gsr,"2471748,0.7929"
2026-06-01T00:43:53.140,hardware_check,self_20260601_004314,clip_001,1,listen,,0.7841,2471769.0,raspberry_pi_seeed_gsr,"2471769,0.7841"
2026-06-01T00:43:53.161,hardware_check,self_20260601_004314,clip_001,1,listen,,0.772,2471790.0,raspberry_pi_seeed_gsr,"2471790,0.7720"
2026-06-01T00:43:53.182,hardware_check,self_20260601_004314,clip_001,1,listen,,0.7897,2471811.0,raspberry_pi_seeed_gsr,"2471811,0.7897"
2026-06-01T00:43:53.203,hardware_check,self_20260601_004314,clip_001,1,listen,,0.7913,2471832.0,raspberry_pi_seeed_gsr,"2471832,0.7913"
2026-06-01T00:43:53.248,hardware_check,self_20260601_004314,clip_001,1,listen,,0.7833,2471853.0,raspberry_pi_seeed_gsr,"2471853,0.7833"
2026-06-01T00:43:53.249,hardware_check,self_20260601_004314,clip_001,1,listen,,0.7712,2471874.0,raspberry_pi_seeed_gsr,"2471874,0.7712"
2026-06-01T00:43:53.266,hardware_check,self_20260601_004314,clip_001,1,listen,,0.7865,2471895.0,raspberry_pi_seeed_gsr,"2471895,0.7865"
2026-06-01T00:43:53.287,hardware_check,self_20260601_004314,clip_001,1,listen,,0.8026,2471916.0,raspberry_pi_seeed_gsr,"2471916,0.8026"
2026-06-01T00:43:53.308,hardware_check,self_20260601_004314,clip_001,1,listen,,0.7752,2471937.0,raspberry_pi_seeed_gsr,"2471937,0.7752"
2026-06-01T00:43:53.329,hardware_check,self_20260601_004314,clip_001,1,listen,,0.776,2471958.0,raspberry_pi_seeed_gsr,"2471958,0.7760"
2026-06-01T00:43:53.350,hardware_check,self_20260601_004314,clip_001,1,listen,,0.7945,2471980.0,raspberry_pi_seeed_gsr,"2471980,0.7945"
2026-06-01T00:43:53.370,hardware_check,self_20260601_004314,clip_001,1,listen,,0.7849,2472000.0,raspberry_pi_seeed_gsr,"2472000,0.7849"
2026-06-01T00:43:53.391,hardware_check,self_20260601_004314,clip_001,1,listen,,0.7768,2472021.0,raspberry_pi_seeed_gsr,"2472021,0.7768"
2026-06-01T00:43:53.413,hardware_check,self_20260601_004314,clip_001,1,listen,,0.7809,2472042.0,raspberry_pi_seeed_gsr,"2472042,0.7809"
2026-06-01T00:43:53.434,hardware_check,self_20260601_004314,clip_001,1,listen,,0.7945,2472063.0,raspberry_pi_seeed_gsr,"2472063,0.7945"
2026-06-01T00:43:53.455,hardware_check,self_20260601_004314,clip_001,1,listen,,0.7913,2472084.0,raspberry_pi_seeed_gsr,"2472084,0.7913"
2026-06-01T00:43:53.504,hardware_check,self_20260601_004314,clip_001,1,listen,,0.78,2472105.0,raspberry_pi_seeed_gsr,"2472105,0.7800"
2026-06-01T00:43:53.505,hardware_check,self_20260601_004314,clip_001,1,listen,,0.7776,2472126.0,raspberry_pi_seeed_gsr,"2472126,0.7776"
2026-06-01T00:43:53.518,hardware_check,self_20260601_004314,clip_001,1,listen,,0.7929,2472147.0,raspberry_pi_seeed_gsr,"2472147,0.7929"
2026-06-01T00:43:53.539,hardware_check,self_20260601_004314,clip_001,1,listen,,0.7929,2472168.0,raspberry_pi_seeed_gsr,"2472168,0.7929"
2026-06-01T00:43:53.560,hardware_check,self_20260601_004314,clip_001,1,listen,,0.7792,2472189.0,raspberry_pi_seeed_gsr,"2472189,0.7792"
2026-06-01T00:43:53.581,hardware_check,self_20260601_004314,clip_001,1,listen,,0.7841,2472210.0,raspberry_pi_seeed_gsr,"2472210,0.7841"
2026-06-01T00:43:53.602,hardware_check,self_20260601_004314,clip_001,1,listen,,0.7978,2472231.0,raspberry_pi_seeed_gsr,"2472231,0.7978"
2026-06-01T00:43:53.623,hardware_check,self_20260601_004314,clip_001,1,listen,,0.7833,2472252.0,raspberry_pi_seeed_gsr,"2472252,0.7833"
2026-06-01T00:43:53.644,hardware_check,self_20260601_004314,clip_001,1,listen,,0.8284,2472273.0,raspberry_pi_seeed_gsr,"2472273,0.8284"
2026-06-01T00:43:53.665,hardware_check,self_20260601_004314,clip_001,1,listen,,0.7849,2472294.0,raspberry_pi_seeed_gsr,"2472294,0.7849"
2026-06-01T00:43:53.686,hardware_check,self_20260601_004314,clip_001,1,listen,,0.7986,2472315.0,raspberry_pi_seeed_gsr,"2472315,0.7986"
2026-06-01T00:43:53.707,hardware_check,self_20260601_004314,clip_001,1,listen,,0.7736,2472336.0,raspberry_pi_seeed_gsr,"2472336,0.7736"
2026-06-01T00:43:53.753,hardware_check,self_20260601_004314,clip_001,1,listen,,0.772,2472357.0,raspberry_pi_seeed_gsr,"2472357,0.7720"
2026-06-01T00:43:53.753,hardware_check,self_20260601_004314,clip_001,1,listen,,0.8074,2472378.0,raspberry_pi_seeed_gsr,"2472378,0.8074"
2026-06-01T00:43:53.770,hardware_check,self_20260601_004314,clip_001,1,listen,,0.7986,2472399.0,raspberry_pi_seeed_gsr,"2472399,0.7986"
2026-06-01T00:43:53.791,hardware_check,self_20260601_004314,clip_001,1,listen,,0.7841,2472421.0,raspberry_pi_seeed_gsr,"2472421,0.7841"
2026-06-01T00:43:53.811,hardware_check,self_20260601_004314,clip_001,1,listen,,0.7784,2472441.0,raspberry_pi_seeed_gsr,"2472441,0.7784"
2026-06-01T00:43:53.832,hardware_check,self_20260601_004314,clip_001,1,listen,,0.7905,2472462.0,raspberry_pi_seeed_gsr,"2472462,0.7905"
2026-06-01T00:43:53.853,hardware_check,self_20260601_004314,clip_001,1,listen,,0.801,2472483.0,raspberry_pi_seeed_gsr,"2472483,0.8010"
2026-06-01T00:43:53.874,hardware_check,self_20260601_004314,clip_001,1,listen,,0.7752,2472504.0,raspberry_pi_seeed_gsr,"2472504,0.7752"
2026-06-01T00:43:53.895,hardware_check,self_20260601_004314,clip_001,1,listen,,0.7817,2472525.0,raspberry_pi_seeed_gsr,"2472525,0.7817"
2026-06-01T00:43:53.917,hardware_check,self_20260601_004314,clip_001,1,listen,,0.7954,2472546.0,raspberry_pi_seeed_gsr,"2472546,0.7954"
2026-06-01T00:43:53.938,hardware_check,self_20260601_004314,clip_001,1,listen,,0.801,2472567.0,raspberry_pi_seeed_gsr,"2472567,0.8010"
2026-06-01T00:43:53.959,hardware_check,self_20260601_004314,clip_001,1,listen,,0.7784,2472588.0,raspberry_pi_seeed_gsr,"2472588,0.7784"
2026-06-01T00:43:53.991,hardware_check,self_20260601_004314,clip_001,1,listen,,0.7873,2472609.0,raspberry_pi_seeed_gsr,"2472609,0.7873"
2026-06-01T00:43:54.001,hardware_check,self_20260601_004314,clip_001,1,listen,,0.8082,2472630.0,raspberry_pi_seeed_gsr,"2472630,0.8082"
2026-06-01T00:43:54.022,hardware_check,self_20260601_004314,clip_001,1,listen,,0.797,2472651.0,raspberry_pi_seeed_gsr,"2472651,0.7970"
2026-06-01T00:43:54.043,hardware_check,self_20260601_004314,clip_001,1,listen,,0.7881,2472672.0,raspberry_pi_seeed_gsr,"2472672,0.7881"
2026-06-01T00:43:54.064,hardware_check,self_20260601_004314,clip_001,1,listen,,0.7817,2472693.0,raspberry_pi_seeed_gsr,"2472693,0.7817"
2026-06-01T00:43:54.085,hardware_check,self_20260601_004314,clip_001,1,listen,,0.8034,2472714.0,raspberry_pi_seeed_gsr,"2472714,0.8034"
2026-06-01T00:43:54.106,hardware_check,self_20260601_004314,clip_001,1,listen,,0.7897,2472735.0,raspberry_pi_seeed_gsr,"2472735,0.7897"
2026-06-01T00:43:54.127,hardware_check,self_20260601_004314,clip_001,1,listen,,0.7784,2472756.0,raspberry_pi_seeed_gsr,"2472756,0.7784"
2026-06-01T00:43:54.148,hardware_check,self_20260601_004314,clip_001,1,listen,,0.8002,2472777.0,raspberry_pi_seeed_gsr,"2472777,0.8002"
2026-06-01T00:43:54.170,hardware_check,self_20260601_004314,clip_001,1,listen,,0.801,2472798.0,raspberry_pi_seeed_gsr,"2472798,0.8010"
2026-06-01T00:43:54.190,hardware_check,self_20260601_004314,clip_001,1,listen,,0.826,2472819.0,raspberry_pi_seeed_gsr,"2472819,0.8260"
2026-06-01T00:43:54.211,hardware_check,self_20260601_004314,clip_001,1,listen,,0.7768,2472840.0,raspberry_pi_seeed_gsr,"2472840,0.7768"
2026-06-01T00:43:54.258,hardware_check,self_20260601_004314,clip_001,1,listen,,0.7849,2472861.0,raspberry_pi_seeed_gsr,"2472861,0.7849"
2026-06-01T00:43:54.259,hardware_check,self_20260601_004314,clip_001,1,listen,,0.8034,2472882.0,raspberry_pi_seeed_gsr,"2472882,0.8034"
2026-06-01T00:43:54.273,hardware_check,self_20260601_004314,clip_001,1,listen,,0.7559,2472903.0,raspberry_pi_seeed_gsr,"2472903,0.7559"
2026-06-01T00:43:54.294,hardware_check,self_20260601_004314,clip_001,1,listen,,0.7881,2472924.0,raspberry_pi_seeed_gsr,"2472924,0.7881"
2026-06-01T00:43:54.315,hardware_check,self_20260601_004314,clip_001,1,listen,,0.797,2472945.0,raspberry_pi_seeed_gsr,"2472945,0.7970"
2026-06-01T00:43:54.337,hardware_check,self_20260601_004314,clip_001,1,listen,,0.8034,2472966.0,raspberry_pi_seeed_gsr,"2472966,0.8034"
2026-06-01T00:43:54.358,hardware_check,self_20260601_004314,clip_001,1,listen,,0.7889,2472987.0,raspberry_pi_seeed_gsr,"2472987,0.7889"
2026-06-01T00:43:54.379,hardware_check,self_20260601_004314,clip_001,1,listen,,0.7929,2473008.0,raspberry_pi_seeed_gsr,"2473008,0.7929"
2026-06-01T00:43:54.400,hardware_check,self_20260601_004314,clip_001,1,listen,,0.8026,2473029.0,raspberry_pi_seeed_gsr,"2473029,0.8026"
2026-06-01T00:43:54.421,hardware_check,self_20260601_004314,clip_001,1,listen,,0.8002,2473050.0,raspberry_pi_seeed_gsr,"2473050,0.8002"
2026-06-01T00:43:54.442,hardware_check,self_20260601_004314,clip_001,1,listen,,0.7881,2473071.0,raspberry_pi_seeed_gsr,"2473071,0.7881"
2026-06-01T00:43:54.463,hardware_check,self_20260601_004314,clip_001,1,listen,,0.7954,2473092.0,raspberry_pi_seeed_gsr,"2473092,0.7954"
2026-06-01T00:43:54.509,hardware_check,self_20260601_004314,clip_001,1,listen,,0.8066,2473113.0,raspberry_pi_seeed_gsr,"2473113,0.8066"
2026-06-01T00:43:54.510,hardware_check,self_20260601_004314,clip_001,1,listen,,0.8026,2473134.0,raspberry_pi_seeed_gsr,"2473134,0.8026"
2026-06-01T00:43:54.526,hardware_check,self_20260601_004314,clip_001,1,listen,,0.8139,2473155.0,raspberry_pi_seeed_gsr,"2473155,0.8139"
2026-06-01T00:43:54.547,hardware_check,self_20260601_004314,clip_001,1,listen,,0.7865,2473176.0,raspberry_pi_seeed_gsr,"2473176,0.7865"
2026-06-01T00:43:54.568,hardware_check,self_20260601_004314,clip_001,1,listen,,0.8002,2473197.0,raspberry_pi_seeed_gsr,"2473197,0.8002"
2026-06-01T00:43:54.589,hardware_check,self_20260601_004314,clip_001,1,listen,,0.7954,2473218.0,raspberry_pi_seeed_gsr,"2473218,0.7954"
2026-06-01T00:43:54.610,hardware_check,self_20260601_004314,clip_001,1,listen,,0.7849,2473240.0,raspberry_pi_seeed_gsr,"2473240,0.7849"
2026-06-01T00:43:54.630,hardware_check,self_20260601_004314,clip_001,1,listen,,0.7889,2473260.0,raspberry_pi_seeed_gsr,"2473260,0.7889"
2026-06-01T00:43:54.652,hardware_check,self_20260601_004314,clip_001,1,listen,,0.8002,2473281.0,raspberry_pi_seeed_gsr,"2473281,0.8002"
2026-06-01T00:43:54.672,hardware_check,self_20260601_004314,clip_001,1,listen,,0.8026,2473302.0,raspberry_pi_seeed_gsr,"2473302,0.8026"
2026-06-01T00:43:54.694,hardware_check,self_20260601_004314,clip_001,1,listen,,0.7575,2473323.0,raspberry_pi_seeed_gsr,"2473323,0.7575"
2026-06-01T00:43:54.715,hardware_check,self_20260601_004314,clip_001,1,listen,,0.797,2473344.0,raspberry_pi_seeed_gsr,"2473344,0.7970"
2026-06-01T00:43:54.751,hardware_check,self_20260601_004314,clip_001,1,listen,,0.8155,2473365.0,raspberry_pi_seeed_gsr,"2473365,0.8155"
2026-06-01T00:43:54.757,hardware_check,self_20260601_004314,clip_001,1,listen,,0.7865,2473386.0,raspberry_pi_seeed_gsr,"2473386,0.7865"
2026-06-01T00:43:54.778,hardware_check,self_20260601_004314,clip_001,1,listen,,0.7913,2473407.0,raspberry_pi_seeed_gsr,"2473407,0.7913"
2026-06-01T00:43:54.799,hardware_check,self_20260601_004314,clip_001,1,listen,,0.7986,2473428.0,raspberry_pi_seeed_gsr,"2473428,0.7986"
2026-06-01T00:43:54.820,hardware_check,self_20260601_004314,clip_001,1,listen,,0.7994,2473449.0,raspberry_pi_seeed_gsr,"2473449,0.7994"
2026-06-01T00:43:54.841,hardware_check,self_20260601_004314,clip_001,1,listen,,0.7889,2473470.0,raspberry_pi_seeed_gsr,"2473470,0.7889"
2026-06-01T00:43:54.862,hardware_check,self_20260601_004314,clip_001,1,listen,,0.7937,2473491.0,raspberry_pi_seeed_gsr,"2473491,0.7937"
2026-06-01T00:43:54.883,hardware_check,self_20260601_004314,clip_001,1,listen,,0.8026,2473512.0,raspberry_pi_seeed_gsr,"2473512,0.8026"
2026-06-01T00:43:54.904,hardware_check,self_20260601_004314,clip_001,1,listen,,0.801,2473533.0,raspberry_pi_seeed_gsr,"2473533,0.8010"
2026-06-01T00:43:54.925,hardware_check,self_20260601_004314,clip_001,1,listen,,0.7905,2473554.0,raspberry_pi_seeed_gsr,"2473554,0.7905"
2026-06-01T00:43:54.946,hardware_check,self_20260601_004314,clip_001,1,listen,,0.7954,2473575.0,raspberry_pi_seeed_gsr,"2473575,0.7954"
2026-06-01T00:43:54.967,hardware_check,self_20260601_004314,clip_001,1,listen,,0.8002,2473596.0,raspberry_pi_seeed_gsr,"2473596,0.8002"
2026-06-01T00:43:54.999,hardware_check,self_20260601_004314,clip_001,1,listen,,0.8002,2473617.0,raspberry_pi_seeed_gsr,"2473617,0.8002"
2026-06-01T00:43:55.009,hardware_check,self_20260601_004314,clip_001,1,listen,,0.7873,2473639.0,raspberry_pi_seeed_gsr,"2473639,0.7873"
2026-06-01T00:43:55.030,hardware_check,self_20260601_004314,clip_001,1,listen,,0.7897,2473660.0,raspberry_pi_seeed_gsr,"2473660,0.7897"
2026-06-01T00:43:55.050,hardware_check,self_20260601_004314,clip_001,1,listen,,0.8074,2473680.0,raspberry_pi_seeed_gsr,"2473680,0.8074"
2026-06-01T00:43:55.071,hardware_check,self_20260601_004314,clip_001,1,listen,,0.8018,2473701.0,raspberry_pi_seeed_gsr,"2473701,0.8018"
2026-06-01T00:43:55.092,hardware_check,self_20260601_004314,clip_001,1,listen,,0.7881,2473722.0,raspberry_pi_seeed_gsr,"2473722,0.7881"
2026-06-01T00:43:55.113,hardware_check,self_20260601_004314,clip_001,1,listen,,0.7929,2473743.0,raspberry_pi_seeed_gsr,"2473743,0.7929"
2026-06-01T00:43:55.135,hardware_check,self_20260601_004314,clip_001,1,listen,,0.8034,2473764.0,raspberry_pi_seeed_gsr,"2473764,0.8034"
2026-06-01T00:43:55.156,hardware_check,self_20260601_004314,clip_001,1,listen,,0.8066,2473785.0,raspberry_pi_seeed_gsr,"2473785,0.8066"
2026-06-01T00:43:55.177,hardware_check,self_20260601_004314,clip_001,1,listen,,0.7849,2473806.0,raspberry_pi_seeed_gsr,"2473806,0.7849"
2026-06-01T00:43:55.198,hardware_check,self_20260601_004314,clip_001,1,listen,,0.7954,2473827.0,raspberry_pi_seeed_gsr,"2473827,0.7954"
2026-06-01T00:43:55.219,hardware_check,self_20260601_004314,clip_001,1,listen,,0.8074,2473848.0,raspberry_pi_seeed_gsr,"2473848,0.8074"
2026-06-01T00:43:55.264,hardware_check,self_20260601_004314,clip_001,1,listen,,0.797,2473869.0,raspberry_pi_seeed_gsr,"2473869,0.7970"
2026-06-01T00:43:55.266,hardware_check,self_20260601_004314,clip_001,1,listen,,0.7905,2473890.0,raspberry_pi_seeed_gsr,"2473890,0.7905"
2026-06-01T00:43:55.282,hardware_check,self_20260601_004314,clip_001,1,listen,,0.7945,2473911.0,raspberry_pi_seeed_gsr,"2473911,0.7945"
2026-06-01T00:43:55.303,hardware_check,self_20260601_004314,clip_001,1,listen,,0.8074,2473932.0,raspberry_pi_seeed_gsr,"2473932,0.8074"
2026-06-01T00:43:55.324,hardware_check,self_20260601_004314,clip_001,1,listen,,0.7929,2473953.0,raspberry_pi_seeed_gsr,"2473953,0.7929"
2026-06-01T00:43:55.345,hardware_check,self_20260601_004314,clip_001,1,listen,,0.7921,2473974.0,raspberry_pi_seeed_gsr,"2473974,0.7921"
2026-06-01T00:43:55.366,hardware_check,self_20260601_004314,clip_001,1,listen,,0.801,2473995.0,raspberry_pi_seeed_gsr,"2473995,0.8010"
2026-06-01T00:43:55.387,hardware_check,self_20260601_004314,clip_001,1,listen,,0.8034,2474016.0,raspberry_pi_seeed_gsr,"2474016,0.8034"
2026-06-01T00:43:55.408,hardware_check,self_20260601_004314,clip_001,1,listen,,0.7873,2474037.0,raspberry_pi_seeed_gsr,"2474037,0.7873"
2026-06-01T00:43:55.429,hardware_check,self_20260601_004314,clip_001,1,listen,,0.7913,2474059.0,raspberry_pi_seeed_gsr,"2474059,0.7913"
2026-06-01T00:43:55.450,hardware_check,self_20260601_004314,clip_001,1,listen,,0.8074,2474079.0,raspberry_pi_seeed_gsr,"2474079,0.8074"
2026-06-01T00:43:55.471,hardware_check,self_20260601_004314,clip_001,1,listen,,0.8026,2474100.0,raspberry_pi_seeed_gsr,"2474100,0.8026"
2026-06-01T00:43:55.519,hardware_check,self_20260601_004314,clip_001,1,listen,,0.7881,2474121.0,raspberry_pi_seeed_gsr,"2474121,0.7881"
2026-06-01T00:43:55.519,hardware_check,self_20260601_004314,clip_001,1,listen,,0.7881,2474142.0,raspberry_pi_seeed_gsr,"2474142,0.7881"
2026-06-01T00:43:55.534,hardware_check,self_20260601_004314,clip_001,1,listen,,0.8058,2474163.0,raspberry_pi_seeed_gsr,"2474163,0.8058"
2026-06-01T00:43:55.555,hardware_check,self_20260601_004314,clip_001,1,listen,,0.797,2474184.0,raspberry_pi_seeed_gsr,"2474184,0.7970"
2026-06-01T00:43:55.576,hardware_check,self_20260601_004314,clip_001,1,listen,,0.7889,2474205.0,raspberry_pi_seeed_gsr,"2474205,0.7889"
2026-06-01T00:43:55.597,hardware_check,self_20260601_004314,clip_001,1,listen,,0.7905,2474226.0,raspberry_pi_seeed_gsr,"2474226,0.7905"
2026-06-01T00:43:55.618,hardware_check,self_20260601_004314,clip_001,1,listen,,0.8034,2474247.0,raspberry_pi_seeed_gsr,"2474247,0.8034"
2026-06-01T00:43:55.639,hardware_check,self_20260601_004314,clip_001,1,listen,,0.7962,2474268.0,raspberry_pi_seeed_gsr,"2474268,0.7962"
2026-06-01T00:43:55.660,hardware_check,self_20260601_004314,clip_001,1,listen,,0.7865,2474289.0,raspberry_pi_seeed_gsr,"2474289,0.7865"
2026-06-01T00:43:55.681,hardware_check,self_20260601_004314,clip_001,1,listen,,0.7905,2474310.0,raspberry_pi_seeed_gsr,"2474310,0.7905"
2026-06-01T00:43:55.702,hardware_check,self_20260601_004314,clip_001,1,listen,,0.8002,2474331.0,raspberry_pi_seeed_gsr,"2474331,0.8002"
2026-06-01T00:43:55.723,hardware_check,self_20260601_004314,clip_001,1,listen,,0.797,2474352.0,raspberry_pi_seeed_gsr,"2474352,0.7970"
2026-06-01T00:43:55.769,hardware_check,self_20260601_004314,clip_001,1,listen,,0.7905,2474373.0,raspberry_pi_seeed_gsr,"2474373,0.7905"
2026-06-01T00:43:55.769,hardware_check,self_20260601_004314,clip_001,1,listen,,0.8034,2474394.0,raspberry_pi_seeed_gsr,"2474394,0.8034"
2026-06-01T00:43:55.786,hardware_check,self_20260601_004314,clip_001,1,listen,,0.8018,2474415.0,raspberry_pi_seeed_gsr,"2474415,0.8018"
2026-06-01T00:43:55.809,hardware_check,self_20260601_004314,clip_001,1,listen,,0.8042,2474436.0,raspberry_pi_seeed_gsr,"2474436,0.8042"
2026-06-01T00:43:55.828,hardware_check,self_20260601_004314,clip_001,1,listen,,0.7889,2474458.0,raspberry_pi_seeed_gsr,"2474458,0.7889"
2026-06-01T00:43:55.848,hardware_check,self_20260601_004314,clip_001,1,listen,,0.7962,2474478.0,raspberry_pi_seeed_gsr,"2474478,0.7962"
2026-06-01T00:43:55.869,hardware_check,self_20260601_004314,clip_001,1,listen,,0.7994,2474499.0,raspberry_pi_seeed_gsr,"2474499,0.7994"
2026-06-01T00:43:55.890,hardware_check,self_20260601_004314,clip_001,1,listen,,0.7978,2474520.0,raspberry_pi_seeed_gsr,"2474520,0.7978"
2026-06-01T00:43:55.911,hardware_check,self_20260601_004314,clip_001,1,listen,,0.7889,2474541.0,raspberry_pi_seeed_gsr,"2474541,0.7889"
2026-06-01T00:43:55.933,hardware_check,self_20260601_004314,clip_001,1,listen,,0.8034,2474562.0,raspberry_pi_seeed_gsr,"2474562,0.8034"
2026-06-01T00:43:55.954,hardware_check,self_20260601_004314,clip_001,1,listen,,0.8066,2474583.0,raspberry_pi_seeed_gsr,"2474583,0.8066"
2026-06-01T00:43:55.975,hardware_check,self_20260601_004314,clip_001,1,listen,,0.7978,2474604.0,raspberry_pi_seeed_gsr,"2474604,0.7978"
2026-06-01T00:43:55.996,hardware_check,self_20260601_004314,clip_001,1,listen,,0.7937,2474625.0,raspberry_pi_seeed_gsr,"2474625,0.7937"
2026-06-01T00:43:56.030,hardware_check,self_20260601_004314,clip_001,1,listen,,0.8099,2474646.0,raspberry_pi_seeed_gsr,"2474646,0.8099"
2026-06-01T00:43:56.038,hardware_check,self_20260601_004314,clip_001,1,listen,,0.8099,2474667.0,raspberry_pi_seeed_gsr,"2474667,0.8099"
2026-06-01T00:43:56.059,hardware_check,self_20260601_004314,clip_001,1,listen,,0.8018,2474688.0,raspberry_pi_seeed_gsr,"2474688,0.8018"
2026-06-01T00:43:56.080,hardware_check,self_20260601_004314,clip_001,1,listen,,0.7881,2474709.0,raspberry_pi_seeed_gsr,"2474709,0.7881"
2026-06-01T00:43:56.101,hardware_check,self_20260601_004314,clip_001,1,listen,,0.8139,2474730.0,raspberry_pi_seeed_gsr,"2474730,0.8139"
2026-06-01T00:43:56.122,hardware_check,self_20260601_004314,clip_001,1,listen,,0.8147,2474751.0,raspberry_pi_seeed_gsr,"2474751,0.8147"
2026-06-01T00:43:56.143,hardware_check,self_20260601_004314,clip_001,1,listen,,0.7889,2474772.0,raspberry_pi_seeed_gsr,"2474772,0.7889"
2026-06-01T00:43:56.164,hardware_check,self_20260601_004314,clip_001,1,listen,,0.797,2474793.0,raspberry_pi_seeed_gsr,"2474793,0.7970"
2026-06-01T00:43:56.185,hardware_check,self_20260601_004314,clip_001,1,listen,,0.8147,2474814.0,raspberry_pi_seeed_gsr,"2474814,0.8147"
2026-06-01T00:43:56.206,hardware_check,self_20260601_004314,clip_001,1,listen,,0.797,2474835.0,raspberry_pi_seeed_gsr,"2474835,0.7970"
2026-06-01T00:43:56.228,hardware_check,self_20260601_004314,clip_001,1,listen,,0.7905,2474857.0,raspberry_pi_seeed_gsr,"2474857,0.7905"
2026-06-01T00:43:56.248,hardware_check,self_20260601_004314,clip_001,1,listen,,0.7962,2474877.0,raspberry_pi_seeed_gsr,"2474877,0.7962"
2026-06-01T00:43:56.283,hardware_check,self_20260601_004314,clip_001,1,listen,,0.8131,2474898.0,raspberry_pi_seeed_gsr,"2474898,0.8131"
2026-06-01T00:43:56.289,hardware_check,self_20260601_004314,clip_001,1,listen,,0.8058,2474919.0,raspberry_pi_seeed_gsr,"2474919,0.8058"
2026-06-01T00:43:56.310,hardware_check,self_20260601_004314,clip_001,1,listen,,0.7873,2474940.0,raspberry_pi_seeed_gsr,"2474940,0.7873"
2026-06-01T00:43:56.332,hardware_check,self_20260601_004314,clip_001,1,listen,,0.8018,2474961.0,raspberry_pi_seeed_gsr,"2474961,0.8018"
2026-06-01T00:43:56.353,hardware_check,self_20260601_004314,clip_001,1,listen,,0.8195,2474982.0,raspberry_pi_seeed_gsr,"2474982,0.8195"
2026-06-01T00:43:56.374,hardware_check,self_20260601_004314,clip_001,1,listen,,0.801,2475003.0,raspberry_pi_seeed_gsr,"2475003,0.8010"
2026-06-01T00:43:56.395,hardware_check,self_20260601_004314,clip_001,1,listen,,0.7937,2475024.0,raspberry_pi_seeed_gsr,"2475024,0.7937"
2026-06-01T00:43:56.416,hardware_check,self_20260601_004314,clip_001,1,listen,,0.801,2475045.0,raspberry_pi_seeed_gsr,"2475045,0.8010"
2026-06-01T00:43:56.438,hardware_check,self_20260601_004314,clip_001,1,listen,,0.8139,2475066.0,raspberry_pi_seeed_gsr,"2475066,0.8139"
2026-06-01T00:43:56.458,hardware_check,self_20260601_004314,clip_001,1,listen,,0.797,2475087.0,raspberry_pi_seeed_gsr,"2475087,0.7970"
2026-06-01T00:43:56.479,hardware_check,self_20260601_004314,clip_001,1,listen,,0.7962,2475108.0,raspberry_pi_seeed_gsr,"2475108,0.7962"
2026-06-01T00:43:56.500,hardware_check,self_20260601_004314,clip_001,1,listen,,0.8074,2475129.0,raspberry_pi_seeed_gsr,"2475129,0.8074"
2026-06-01T00:43:56.536,hardware_check,self_20260601_004314,clip_001,1,listen,,0.8131,2475150.0,raspberry_pi_seeed_gsr,"2475150,0.8131"
2026-06-01T00:43:56.542,hardware_check,self_20260601_004314,clip_001,1,listen,,0.7962,2475171.0,raspberry_pi_seeed_gsr,"2475171,0.7962"
2026-06-01T00:43:56.563,hardware_check,self_20260601_004314,clip_001,1,listen,,0.772,2475192.0,raspberry_pi_seeed_gsr,"2475192,0.7720"
2026-06-01T00:43:56.584,hardware_check,self_20260601_004314,clip_001,1,listen,,0.8155,2475213.0,raspberry_pi_seeed_gsr,"2475213,0.8155"
2026-06-01T00:43:56.605,hardware_check,self_20260601_004314,clip_001,1,listen,,0.8163,2475234.0,raspberry_pi_seeed_gsr,"2475234,0.8163"
2026-06-01T00:43:56.625,hardware_check,self_20260601_004314,clip_001,1,listen,,0.7994,2475255.0,raspberry_pi_seeed_gsr,"2475255,0.7994"
2026-06-01T00:43:56.646,hardware_check,self_20260601_004314,clip_001,1,listen,,0.8018,2475275.0,raspberry_pi_seeed_gsr,"2475275,0.8018"
2026-06-01T00:43:56.667,hardware_check,self_20260601_004314,clip_001,1,listen,,0.8074,2475296.0,raspberry_pi_seeed_gsr,"2475296,0.8074"
2026-06-01T00:43:56.688,hardware_check,self_20260601_004314,clip_001,1,listen,,0.8187,2475317.0,raspberry_pi_seeed_gsr,"2475317,0.8187"
2026-06-01T00:43:56.709,hardware_check,self_20260601_004314,clip_001,1,listen,,0.8018,2475338.0,raspberry_pi_seeed_gsr,"2475338,0.8018"
2026-06-01T00:43:56.730,hardware_check,self_20260601_004314,clip_001,1,listen,,0.7978,2475359.0,raspberry_pi_seeed_gsr,"2475359,0.7978"
2026-06-01T00:43:56.751,hardware_check,self_20260601_004314,clip_001,1,listen,,0.8123,2475380.0,raspberry_pi_seeed_gsr,"2475380,0.8123"
2026-06-01T00:43:56.788,hardware_check,self_20260601_004314,clip_001,1,listen,,0.8139,2475401.0,raspberry_pi_seeed_gsr,"2475401,0.8139"
2026-06-01T00:43:56.793,hardware_check,self_20260601_004314,clip_001,1,listen,,0.7986,2475422.0,raspberry_pi_seeed_gsr,"2475422,0.7986"
2026-06-01T00:43:56.814,hardware_check,self_20260601_004314,clip_001,1,listen,,0.801,2475443.0,raspberry_pi_seeed_gsr,"2475443,0.8010"
2026-06-01T00:43:56.835,hardware_check,self_20260601_004314,clip_001,1,listen,,0.8236,2475464.0,raspberry_pi_seeed_gsr,"2475464,0.8236"
2026-06-01T00:43:56.856,hardware_check,self_20260601_004314,clip_001,1,listen,,0.8123,2475485.0,raspberry_pi_seeed_gsr,"2475485,0.8123"
2026-06-01T00:43:56.877,hardware_check,self_20260601_004314,clip_001,1,listen,,0.8018,2475506.0,raspberry_pi_seeed_gsr,"2475506,0.8018"
2026-06-01T00:43:56.898,hardware_check,self_20260601_004314,clip_001,1,listen,,0.8082,2475527.0,raspberry_pi_seeed_gsr,"2475527,0.8082"
2026-06-01T00:43:56.919,hardware_check,self_20260601_004314,clip_001,1,listen,,0.8163,2475548.0,raspberry_pi_seeed_gsr,"2475548,0.8163"
2026-06-01T00:43:56.940,hardware_check,self_20260601_004314,clip_001,1,listen,,0.8123,2475569.0,raspberry_pi_seeed_gsr,"2475569,0.8123"
2026-06-01T00:43:56.961,hardware_check,self_20260601_004314,clip_001,1,listen,,0.7994,2475590.0,raspberry_pi_seeed_gsr,"2475590,0.7994"
2026-06-01T00:43:56.982,hardware_check,self_20260601_004314,clip_001,1,listen,,0.8147,2475612.0,raspberry_pi_seeed_gsr,"2475612,0.8147"
2026-06-01T00:43:57.002,hardware_check,self_20260601_004314,clip_001,1,listen,,0.8187,2475632.0,raspberry_pi_seeed_gsr,"2475632,0.8187"
2026-06-01T00:43:57.061,hardware_check,self_20260601_004314,clip_001,1,listen,,0.8074,2475653.0,raspberry_pi_seeed_gsr,"2475653,0.8074"
2026-06-01T00:43:57.061,hardware_check,self_20260601_004314,clip_001,1,listen,,0.8058,2475674.0,raspberry_pi_seeed_gsr,"2475674,0.8058"
2026-06-01T00:43:57.065,hardware_check,self_20260601_004314,clip_001,1,listen,,0.8123,2475695.0,raspberry_pi_seeed_gsr,"2475695,0.8123"
2026-06-01T00:43:57.087,hardware_check,self_20260601_004314,clip_001,1,listen,,0.8187,2475716.0,raspberry_pi_seeed_gsr,"2475716,0.8187"
2026-06-01T00:43:57.108,hardware_check,self_20260601_004314,clip_001,1,listen,,0.8163,2475737.0,raspberry_pi_seeed_gsr,"2475737,0.8163"
2026-06-01T00:43:57.129,hardware_check,self_20260601_004314,clip_001,1,listen,,0.8042,2475758.0,raspberry_pi_seeed_gsr,"2475758,0.8042"
2026-06-01T00:43:57.150,hardware_check,self_20260601_004314,clip_001,1,listen,,0.8155,2475779.0,raspberry_pi_seeed_gsr,"2475779,0.8155"
2026-06-01T00:43:57.171,hardware_check,self_20260601_004314,clip_001,1,listen,,0.8292,2475800.0,raspberry_pi_seeed_gsr,"2475800,0.8292"
2026-06-01T00:43:57.192,hardware_check,self_20260601_004314,clip_001,1,listen,,0.8026,2475821.0,raspberry_pi_seeed_gsr,"2475821,0.8026"
2026-06-01T00:43:57.213,hardware_check,self_20260601_004314,clip_001,1,listen,,0.8066,2475842.0,raspberry_pi_seeed_gsr,"2475842,0.8066"
2026-06-01T00:43:57.234,hardware_check,self_20260601_004314,clip_001,1,listen,,0.8252,2475863.0,raspberry_pi_seeed_gsr,"2475863,0.8252"
2026-06-01T00:43:57.255,hardware_check,self_20260601_004314,clip_001,1,listen,,0.8171,2475884.0,raspberry_pi_seeed_gsr,"2475884,0.8171"
2026-06-01T00:43:57.292,hardware_check,self_20260601_004314,clip_001,1,listen,,0.8042,2475905.0,raspberry_pi_seeed_gsr,"2475905,0.8042"
2026-06-01T00:43:57.297,hardware_check,self_20260601_004314,clip_001,1,listen,,0.8099,2475926.0,raspberry_pi_seeed_gsr,"2475926,0.8099"
2026-06-01T00:43:57.318,hardware_check,self_20260601_004314,clip_001,1,listen,,0.8227,2475947.0,raspberry_pi_seeed_gsr,"2475947,0.8227"
2026-06-01T00:43:57.339,hardware_check,self_20260601_004314,clip_001,1,listen,,0.8195,2475968.0,raspberry_pi_seeed_gsr,"2475968,0.8195"
2026-06-01T00:43:57.360,hardware_check,self_20260601_004314,clip_001,1,listen,,0.8002,2475989.0,raspberry_pi_seeed_gsr,"2475989,0.8002"
2026-06-01T00:43:57.381,hardware_check,self_20260601_004314,clip_001,1,listen,,0.8123,2476011.0,raspberry_pi_seeed_gsr,"2476011,0.8123"
2026-06-01T00:43:57.401,hardware_check,self_20260601_004314,clip_001,1,listen,,0.8252,2476031.0,raspberry_pi_seeed_gsr,"2476031,0.8252"
2026-06-01T00:43:57.423,hardware_check,self_20260601_004314,clip_001,1,listen,,0.8187,2476052.0,raspberry_pi_seeed_gsr,"2476052,0.8187"
2026-06-01T00:43:57.444,hardware_check,self_20260601_004314,clip_001,1,listen,,0.8058,2476073.0,raspberry_pi_seeed_gsr,"2476073,0.8058"
2026-06-01T00:43:57.465,hardware_check,self_20260601_004314,clip_001,1,listen,,0.8082,2476094.0,raspberry_pi_seeed_gsr,"2476094,0.8082"
2026-06-01T00:43:57.486,hardware_check,self_20260601_004314,clip_001,1,listen,,0.8163,2476115.0,raspberry_pi_seeed_gsr,"2476115,0.8163"
2026-06-01T00:43:57.507,hardware_check,self_20260601_004314,clip_001,1,listen,,0.8155,2476136.0,raspberry_pi_seeed_gsr,"2476136,0.8155"
2026-06-01T00:43:57.549,hardware_check,self_20260601_004314,clip_001,1,listen,,0.8163,2476157.0,raspberry_pi_seeed_gsr,"2476157,0.8163"
2026-06-01T00:43:57.550,hardware_check,self_20260601_004314,clip_001,1,listen,,0.8107,2476178.0,raspberry_pi_seeed_gsr,"2476178,0.8107"
2026-06-01T00:43:57.570,hardware_check,self_20260601_004314,clip_001,1,listen,,0.8195,2476199.0,raspberry_pi_seeed_gsr,"2476199,0.8195"
2026-06-01T00:43:57.591,hardware_check,self_20260601_004314,clip_001,1,listen,,0.8082,2476220.0,raspberry_pi_seeed_gsr,"2476220,0.8082"
2026-06-01T00:43:57.612,hardware_check,self_20260601_004314,clip_001,1,listen,,0.7994,2476241.0,raspberry_pi_seeed_gsr,"2476241,0.7994"
2026-06-01T00:43:57.633,hardware_check,self_20260601_004314,clip_001,1,listen,,0.8147,2476262.0,raspberry_pi_seeed_gsr,"2476262,0.8147"
2026-06-01T00:43:57.654,hardware_check,self_20260601_004314,clip_001,1,listen,,0.8219,2476283.0,raspberry_pi_seeed_gsr,"2476283,0.8219"
2026-06-01T00:43:57.675,hardware_check,self_20260601_004314,clip_001,1,listen,,0.8034,2476304.0,raspberry_pi_seeed_gsr,"2476304,0.8034"
2026-06-01T00:43:57.696,hardware_check,self_20260601_004314,clip_001,1,listen,,0.7929,2476325.0,raspberry_pi_seeed_gsr,"2476325,0.7929"
2026-06-01T00:43:57.718,hardware_check,self_20260601_004314,clip_001,1,listen,,0.8123,2476346.0,raspberry_pi_seeed_gsr,"2476346,0.8123"
2026-06-01T00:43:57.738,hardware_check,self_20260601_004314,clip_001,1,listen,,0.801,2476367.0,raspberry_pi_seeed_gsr,"2476367,0.8010"
2026-06-01T00:43:57.759,hardware_check,self_20260601_004314,clip_001,1,listen,,0.7954,2476388.0,raspberry_pi_seeed_gsr,"2476388,0.7954"
2026-06-01T00:43:57.805,hardware_check,self_20260601_004314,clip_001,1,listen,,0.7954,2476409.0,raspberry_pi_seeed_gsr,"2476409,0.7954"
2026-06-01T00:43:57.806,hardware_check,self_20260601_004314,clip_001,1,listen,,0.8091,2476431.0,raspberry_pi_seeed_gsr,"2476431,0.8091"
2026-06-01T00:43:57.821,hardware_check,self_20260601_004314,clip_001,1,listen,,0.8018,2476451.0,raspberry_pi_seeed_gsr,"2476451,0.8018"
2026-06-01T00:43:57.841,hardware_check,self_20260601_004314,clip_001,1,listen,,0.7889,2476471.0,raspberry_pi_seeed_gsr,"2476471,0.7889"
2026-06-01T00:43:57.862,hardware_check,self_20260601_004314,clip_001,1,listen,,0.7897,2476492.0,raspberry_pi_seeed_gsr,"2476492,0.7897"
2026-06-01T00:43:57.884,hardware_check,self_20260601_004314,clip_001,1,listen,,0.801,2476513.0,raspberry_pi_seeed_gsr,"2476513,0.8010"
2026-06-01T00:43:57.905,hardware_check,self_20260601_004314,clip_001,1,listen,,0.7809,2476534.0,raspberry_pi_seeed_gsr,"2476534,0.7809"
2026-06-01T00:43:57.926,hardware_check,self_20260601_004314,clip_001,1,listen,,0.7776,2476555.0,raspberry_pi_seeed_gsr,"2476555,0.7776"
2026-06-01T00:43:57.947,hardware_check,self_20260601_004314,clip_001,1,listen,,0.78,2476576.0,raspberry_pi_seeed_gsr,"2476576,0.7800"
2026-06-01T00:43:57.968,hardware_check,self_20260601_004314,clip_001,1,listen,,0.7937,2476597.0,raspberry_pi_seeed_gsr,"2476597,0.7937"
2026-06-01T00:43:57.989,hardware_check,self_20260601_004314,clip_001,1,listen,,0.7817,2476618.0,raspberry_pi_seeed_gsr,"2476618,0.7817"
2026-06-01T00:43:58.010,hardware_check,self_20260601_004314,clip_001,1,listen,,0.7688,2476639.0,raspberry_pi_seeed_gsr,"2476639,0.7688"
2026-06-01T00:43:58.031,hardware_check,self_20260601_004314,clip_001,1,listen,,0.7784,2476660.0,raspberry_pi_seeed_gsr,"2476660,0.7784"
2026-06-01T00:43:58.066,hardware_check,self_20260601_004314,clip_001,1,listen,,0.7817,2476681.0,raspberry_pi_seeed_gsr,"2476681,0.7817"
2026-06-01T00:43:58.073,hardware_check,self_20260601_004314,clip_001,1,listen,,0.7647,2476702.0,raspberry_pi_seeed_gsr,"2476702,0.7647"
2026-06-01T00:43:58.094,hardware_check,self_20260601_004314,clip_001,1,listen,,0.7583,2476723.0,raspberry_pi_seeed_gsr,"2476723,0.7583"
2026-06-01T00:43:58.115,hardware_check,self_20260601_004314,clip_001,1,listen,,0.7615,2476744.0,raspberry_pi_seeed_gsr,"2476744,0.7615"
2026-06-01T00:43:58.136,hardware_check,self_20260601_004314,clip_001,1,listen,,0.7744,2476765.0,raspberry_pi_seeed_gsr,"2476765,0.7744"
2026-06-01T00:43:58.157,hardware_check,self_20260601_004314,clip_001,1,listen,,0.7591,2476786.0,raspberry_pi_seeed_gsr,"2476786,0.7591"
2026-06-01T00:43:58.178,hardware_check,self_20260601_004314,clip_001,1,listen,,0.751,2476807.0,raspberry_pi_seeed_gsr,"2476807,0.7510"
2026-06-01T00:43:58.199,hardware_check,self_20260601_004314,clip_001,1,listen,,0.7551,2476828.0,raspberry_pi_seeed_gsr,"2476828,0.7551"
2026-06-01T00:43:58.220,hardware_check,self_20260601_004314,clip_001,1,listen,,0.7567,2476849.0,raspberry_pi_seeed_gsr,"2476849,0.7567"
2026-06-01T00:43:58.241,hardware_check,self_20260601_004314,clip_001,1,listen,,0.7486,2476871.0,raspberry_pi_seeed_gsr,"2476871,0.7486"
2026-06-01T00:43:58.262,hardware_check,self_20260601_004314,clip_001,1,listen,,0.7382,2476891.0,raspberry_pi_seeed_gsr,"2476891,0.7382"
2026-06-01T00:43:58.283,hardware_check,self_20260601_004314,clip_001,1,listen,,0.7438,2476912.0,raspberry_pi_seeed_gsr,"2476912,0.7438"
2026-06-01T00:43:58.330,hardware_check,self_20260601_004314,clip_001,1,listen,,0.7567,2476933.0,raspberry_pi_seeed_gsr,"2476933,0.7567"
2026-06-01T00:43:58.331,hardware_check,self_20260601_004314,clip_001,1,listen,,0.7398,2476954.0,raspberry_pi_seeed_gsr,"2476954,0.7398"
2026-06-01T00:43:58.345,hardware_check,self_20260601_004314,clip_001,1,listen,,0.7365,2476975.0,raspberry_pi_seeed_gsr,"2476975,0.7365"
2026-06-01T00:43:58.366,hardware_check,self_20260601_004314,clip_001,1,listen,,0.747,2476996.0,raspberry_pi_seeed_gsr,"2476996,0.7470"
2026-06-01T00:43:58.388,hardware_check,self_20260601_004314,clip_001,1,listen,,0.7446,2477017.0,raspberry_pi_seeed_gsr,"2477017,0.7446"
2026-06-01T00:43:58.409,hardware_check,self_20260601_004314,clip_001,1,listen,,0.7309,2477038.0,raspberry_pi_seeed_gsr,"2477038,0.7309"
2026-06-01T00:43:58.430,hardware_check,self_20260601_004314,clip_001,1,listen,,0.7293,2477059.0,raspberry_pi_seeed_gsr,"2477059,0.7293"
2026-06-01T00:43:58.451,hardware_check,self_20260601_004314,clip_001,1,listen,,0.751,2477080.0,raspberry_pi_seeed_gsr,"2477080,0.7510"
2026-06-01T00:43:58.472,hardware_check,self_20260601_004314,clip_001,1,listen,,0.7309,2477101.0,raspberry_pi_seeed_gsr,"2477101,0.7309"
2026-06-01T00:43:58.493,hardware_check,self_20260601_004314,clip_001,1,listen,,0.7245,2477122.0,raspberry_pi_seeed_gsr,"2477122,0.7245"
2026-06-01T00:43:58.514,hardware_check,self_20260601_004314,clip_001,1,listen,,0.7277,2477143.0,raspberry_pi_seeed_gsr,"2477143,0.7277"
2026-06-01T00:43:58.536,hardware_check,self_20260601_004314,clip_001,1,listen,,0.7333,2477164.0,raspberry_pi_seeed_gsr,"2477164,0.7333"
2026-06-01T00:43:58.581,hardware_check,self_20260601_004314,clip_001,1,listen,,0.6922,2477185.0,raspberry_pi_seeed_gsr,"2477185,0.6922"
2026-06-01T00:43:58.582,hardware_check,self_20260601_004314,clip_001,1,listen,,0.7204,2477206.0,raspberry_pi_seeed_gsr,"2477206,0.7204"
2026-06-01T00:43:58.598,hardware_check,self_20260601_004314,clip_001,1,listen,,0.7253,2477227.0,raspberry_pi_seeed_gsr,"2477227,0.7253"
2026-06-01T00:43:58.619,hardware_check,self_20260601_004314,clip_001,1,listen,,0.7325,2477248.0,raspberry_pi_seeed_gsr,"2477248,0.7325"
2026-06-01T00:43:58.640,hardware_check,self_20260601_004314,clip_001,1,listen,,0.722,2477269.0,raspberry_pi_seeed_gsr,"2477269,0.7220"
2026-06-01T00:43:58.661,hardware_check,self_20260601_004314,clip_001,1,listen,,0.7027,2477291.0,raspberry_pi_seeed_gsr,"2477291,0.7027"
2026-06-01T00:43:58.681,hardware_check,self_20260601_004314,clip_001,1,listen,,0.7124,2477311.0,raspberry_pi_seeed_gsr,"2477311,0.7124"
2026-06-01T00:43:58.702,hardware_check,self_20260601_004314,clip_001,1,listen,,0.7422,2477332.0,raspberry_pi_seeed_gsr,"2477332,0.7422"
2026-06-01T00:43:58.724,hardware_check,self_20260601_004314,clip_001,1,listen,,0.722,2477353.0,raspberry_pi_seeed_gsr,"2477353,0.7220"
2026-06-01T00:43:58.745,hardware_check,self_20260601_004314,clip_001,1,listen,,0.7075,2477374.0,raspberry_pi_seeed_gsr,"2477374,0.7075"
2026-06-01T00:43:58.766,hardware_check,self_20260601_004314,clip_001,1,listen,,0.7196,2477395.0,raspberry_pi_seeed_gsr,"2477395,0.7196"
2026-06-01T00:43:58.787,hardware_check,self_20260601_004314,clip_001,1,listen,,0.7245,2477416.0,raspberry_pi_seeed_gsr,"2477416,0.7245"
2026-06-01T00:43:58.833,hardware_check,self_20260601_004314,clip_001,1,listen,,0.7132,2477437.0,raspberry_pi_seeed_gsr,"2477437,0.7132"
2026-06-01T00:43:58.834,hardware_check,self_20260601_004314,clip_001,1,listen,,0.7172,2477458.0,raspberry_pi_seeed_gsr,"2477458,0.7172"
2026-06-01T00:43:58.850,hardware_check,self_20260601_004314,clip_001,1,listen,,0.7253,2477479.0,raspberry_pi_seeed_gsr,"2477479,0.7253"
2026-06-01T00:43:58.871,hardware_check,self_20260601_004314,clip_001,1,listen,,0.7156,2477500.0,raspberry_pi_seeed_gsr,"2477500,0.7156"
2026-06-01T00:43:58.892,hardware_check,self_20260601_004314,clip_001,1,listen,,0.71,2477521.0,raspberry_pi_seeed_gsr,"2477521,0.7100"
2026-06-01T00:43:58.913,hardware_check,self_20260601_004314,clip_001,1,listen,,0.685,2477542.0,raspberry_pi_seeed_gsr,"2477542,0.6850"
2026-06-01T00:43:58.934,hardware_check,self_20260601_004314,clip_001,1,listen,,0.722,2477563.0,raspberry_pi_seeed_gsr,"2477563,0.7220"
2026-06-01T00:43:58.955,hardware_check,self_20260601_004314,clip_001,1,listen,,0.7188,2477584.0,raspberry_pi_seeed_gsr,"2477584,0.7188"
2026-06-01T00:43:58.976,hardware_check,self_20260601_004314,clip_001,1,listen,,0.7261,2477605.0,raspberry_pi_seeed_gsr,"2477605,0.7261"
2026-06-01T00:43:58.997,hardware_check,self_20260601_004314,clip_001,1,listen,,0.7245,2477626.0,raspberry_pi_seeed_gsr,"2477626,0.7245"
2026-06-01T00:43:59.018,hardware_check,self_20260601_004314,clip_001,1,listen,,0.7285,2477647.0,raspberry_pi_seeed_gsr,"2477647,0.7285"
2026-06-01T00:43:59.039,hardware_check,self_20260601_004314,clip_001,1,listen,,0.718,2477668.0,raspberry_pi_seeed_gsr,"2477668,0.7180"
2026-06-01T00:43:59.070,hardware_check,self_20260601_004314,clip_001,1,listen,,0.7059,2477689.0,raspberry_pi_seeed_gsr,"2477689,0.7059"
2026-06-01T00:43:59.081,hardware_check,self_20260601_004314,clip_001,1,listen,,0.7245,2477710.0,raspberry_pi_seeed_gsr,"2477710,0.7245"
2026-06-01T00:43:59.102,hardware_check,self_20260601_004314,clip_001,1,listen,,0.7309,2477732.0,raspberry_pi_seeed_gsr,"2477732,0.7309"
2026-06-01T00:43:59.122,hardware_check,self_20260601_004314,clip_001,1,listen,,0.714,2477752.0,raspberry_pi_seeed_gsr,"2477752,0.7140"
2026-06-01T00:43:59.142,hardware_check,self_20260601_004314,clip_001,1,listen,,0.7091,2477772.0,raspberry_pi_seeed_gsr,"2477772,0.7091"
2026-06-01T00:43:59.163,hardware_check,self_20260601_004314,clip_001,1,listen,,0.718,2477793.0,raspberry_pi_seeed_gsr,"2477793,0.7180"
2026-06-01T00:43:59.190,hardware_check,self_20260601_004314,clip_001,1,listen,,0.7309,2477814.0,raspberry_pi_seeed_gsr,"2477814,0.7309"
2026-06-01T00:43:59.211,hardware_check,self_20260601_004314,clip_001,1,listen,,0.7116,2477840.0,raspberry_pi_seeed_gsr,"2477840,0.7116"
2026-06-01T00:43:59.232,hardware_check,self_20260601_004314,clip_001,1,listen,,0.7148,2477861.0,raspberry_pi_seeed_gsr,"2477861,0.7148"
2026-06-01T00:43:59.253,hardware_check,self_20260601_004314,clip_001,1,listen,,0.7245,2477882.0,raspberry_pi_seeed_gsr,"2477882,0.7245"
2026-06-01T00:43:59.274,hardware_check,self_20260601_004314,clip_001,1,listen,,0.714,2477903.0,raspberry_pi_seeed_gsr,"2477903,0.7140"
2026-06-01T00:43:59.295,hardware_check,self_20260601_004314,clip_001,1,listen,,0.7083,2477924.0,raspberry_pi_seeed_gsr,"2477924,0.7083"
2026-06-01T00:43:59.341,hardware_check,self_20260601_004314,clip_001,1,listen,,0.7228,2477945.0,raspberry_pi_seeed_gsr,"2477945,0.7228"
2026-06-01T00:43:59.343,hardware_check,self_20260601_004314,clip_001,1,listen,,0.7253,2477966.0,raspberry_pi_seeed_gsr,"2477966,0.7253"
2026-06-01T00:43:59.358,hardware_check,self_20260601_004314,clip_001,1,listen,,0.7067,2477988.0,raspberry_pi_seeed_gsr,"2477988,0.7067"
2026-06-01T00:43:59.378,hardware_check,self_20260601_004314,clip_001,1,listen,,0.7132,2478008.0,raspberry_pi_seeed_gsr,"2478008,0.7132"
2026-06-01T00:43:59.399,hardware_check,self_20260601_004314,clip_001,1,listen,,0.7245,2478029.0,raspberry_pi_seeed_gsr,"2478029,0.7245"
2026-06-01T00:43:59.420,hardware_check,self_20260601_004314,clip_001,1,listen,,0.7236,2478050.0,raspberry_pi_seeed_gsr,"2478050,0.7236"
2026-06-01T00:43:59.441,hardware_check,self_20260601_004314,clip_001,1,listen,,0.714,2478071.0,raspberry_pi_seeed_gsr,"2478071,0.7140"
2026-06-01T00:43:59.463,hardware_check,self_20260601_004314,clip_001,1,listen,,0.7156,2478092.0,raspberry_pi_seeed_gsr,"2478092,0.7156"
2026-06-01T00:43:59.484,hardware_check,self_20260601_004314,clip_001,1,listen,,0.7228,2478113.0,raspberry_pi_seeed_gsr,"2478113,0.7228"
2026-06-01T00:43:59.505,hardware_check,self_20260601_004314,clip_001,1,listen,,0.7301,2478134.0,raspberry_pi_seeed_gsr,"2478134,0.7301"
2026-06-01T00:43:59.526,hardware_check,self_20260601_004314,clip_001,1,listen,,0.7124,2478155.0,raspberry_pi_seeed_gsr,"2478155,0.7124"
2026-06-01T00:43:59.547,hardware_check,self_20260601_004314,clip_001,1,listen,,0.7124,2478176.0,raspberry_pi_seeed_gsr,"2478176,0.7124"
2026-06-01T00:43:59.592,hardware_check,self_20260601_004314,clip_001,1,listen,,0.7253,2478197.0,raspberry_pi_seeed_gsr,"2478197,0.7253"
2026-06-01T00:43:59.593,hardware_check,self_20260601_004314,clip_001,1,listen,,0.7317,2478218.0,raspberry_pi_seeed_gsr,"2478218,0.7317"
2026-06-01T00:43:59.610,hardware_check,self_20260601_004314,clip_001,1,listen,,0.7172,2478239.0,raspberry_pi_seeed_gsr,"2478239,0.7172"
2026-06-01T00:43:59.631,hardware_check,self_20260601_004314,clip_001,1,listen,,0.7228,2478260.0,raspberry_pi_seeed_gsr,"2478260,0.7228"
2026-06-01T00:43:59.652,hardware_check,self_20260601_004314,clip_001,1,listen,,0.7261,2478281.0,raspberry_pi_seeed_gsr,"2478281,0.7261"
2026-06-01T00:43:59.673,hardware_check,self_20260601_004314,clip_001,1,listen,,0.7269,2478302.0,raspberry_pi_seeed_gsr,"2478302,0.7269"
2026-06-01T00:43:59.694,hardware_check,self_20260601_004314,clip_001,1,listen,,0.7317,2478323.0,raspberry_pi_seeed_gsr,"2478323,0.7317"
2026-06-01T00:43:59.715,hardware_check,self_20260601_004314,clip_001,1,listen,,0.7301,2478344.0,raspberry_pi_seeed_gsr,"2478344,0.7301"
2026-06-01T00:43:59.736,hardware_check,self_20260601_004314,clip_001,1,listen,,0.739,2478365.0,raspberry_pi_seeed_gsr,"2478365,0.7390"
2026-06-01T00:43:59.757,hardware_check,self_20260601_004314,clip_001,1,listen,,0.7236,2478386.0,raspberry_pi_seeed_gsr,"2478386,0.7236"
2026-06-01T00:43:59.779,hardware_check,self_20260601_004314,clip_001,1,listen,,0.7228,2478407.0,raspberry_pi_seeed_gsr,"2478407,0.7228"
2026-06-01T00:43:59.799,hardware_check,self_20260601_004314,clip_001,1,listen,,0.7365,2478428.0,raspberry_pi_seeed_gsr,"2478428,0.7365"
2026-06-01T00:43:59.845,hardware_check,self_20260601_004314,clip_001,1,listen,,0.7494,2478450.0,raspberry_pi_seeed_gsr,"2478450,0.7494"
2026-06-01T00:43:59.846,hardware_check,self_20260601_004314,clip_001,1,listen,,0.7293,2478470.0,raspberry_pi_seeed_gsr,"2478470,0.7293"
2026-06-01T00:43:59.861,hardware_check,self_20260601_004314,clip_001,1,listen,,0.722,2478490.0,raspberry_pi_seeed_gsr,"2478490,0.7220"
2026-06-01T00:43:59.882,hardware_check,self_20260601_004314,clip_001,1,listen,,0.7365,2478511.0,raspberry_pi_seeed_gsr,"2478511,0.7365"
2026-06-01T00:43:59.902,hardware_check,self_20260601_004314,clip_001,1,listen,,0.7478,2478532.0,raspberry_pi_seeed_gsr,"2478532,0.7478"
2026-06-01T00:43:59.923,hardware_check,self_20260601_004314,clip_001,1,listen,,0.7333,2478553.0,raspberry_pi_seeed_gsr,"2478553,0.7333"
2026-06-01T00:43:59.945,hardware_check,self_20260601_004314,clip_001,1,listen,,0.7108,2478574.0,raspberry_pi_seeed_gsr,"2478574,0.7108"
2026-06-01T00:43:59.966,hardware_check,self_20260601_004314,clip_001,1,listen,,0.7422,2478595.0,raspberry_pi_seeed_gsr,"2478595,0.7422"
2026-06-01T00:43:59.987,hardware_check,self_20260601_004314,clip_001,1,listen,,0.7454,2478616.0,raspberry_pi_seeed_gsr,"2478616,0.7454"
2026-06-01T00:44:00.008,hardware_check,self_20260601_004314,clip_001,1,listen,,0.7317,2478637.0,raspberry_pi_seeed_gsr,"2478637,0.7317"
2026-06-01T00:44:00.029,hardware_check,self_20260601_004314,clip_001,1,listen,,0.7051,2478658.0,raspberry_pi_seeed_gsr,"2478658,0.7051"
2026-06-01T00:44:00.050,hardware_check,self_20260601_004314,clip_001,1,listen,,0.7462,2478679.0,raspberry_pi_seeed_gsr,"2478679,0.7462"
2026-06-01T00:44:00.071,hardware_check,self_20260601_004314,clip_001,1,listen,,0.7599,2478700.0,raspberry_pi_seeed_gsr,"2478700,0.7599"
2026-06-01T00:44:00.106,hardware_check,self_20260601_004314,clip_001,1,listen,,0.7406,2478721.0,raspberry_pi_seeed_gsr,"2478721,0.7406"
2026-06-01T00:44:00.113,hardware_check,self_20260601_004314,clip_001,1,listen,,0.7309,2478742.0,raspberry_pi_seeed_gsr,"2478742,0.7309"
2026-06-01T00:44:00.134,hardware_check,self_20260601_004314,clip_001,1,listen,,0.7543,2478763.0,raspberry_pi_seeed_gsr,"2478763,0.7543"
2026-06-01T00:44:00.155,hardware_check,self_20260601_004314,clip_001,1,listen,,0.7518,2478784.0,raspberry_pi_seeed_gsr,"2478784,0.7518"
2026-06-01T00:44:00.176,hardware_check,self_20260601_004314,clip_001,1,listen,,0.7333,2478805.0,raspberry_pi_seeed_gsr,"2478805,0.7333"
2026-06-01T00:44:00.197,hardware_check,self_20260601_004314,clip_001,1,listen,,0.739,2478826.0,raspberry_pi_seeed_gsr,"2478826,0.7390"
2026-06-01T00:44:00.218,hardware_check,self_20260601_004314,clip_001,1,listen,,0.7672,2478847.0,raspberry_pi_seeed_gsr,"2478847,0.7672"
2026-06-01T00:44:00.239,hardware_check,self_20260601_004314,clip_001,1,listen,,0.7543,2478869.0,raspberry_pi_seeed_gsr,"2478869,0.7543"
2026-06-01T00:44:00.260,hardware_check,self_20260601_004314,clip_001,1,listen,,0.7406,2478889.0,raspberry_pi_seeed_gsr,"2478889,0.7406"
2026-06-01T00:44:00.280,hardware_check,self_20260601_004314,clip_001,1,listen,,0.7454,2478909.0,raspberry_pi_seeed_gsr,"2478909,0.7454"
2026-06-01T00:44:00.301,hardware_check,self_20260601_004314,clip_001,1,listen,,0.7518,2478930.0,raspberry_pi_seeed_gsr,"2478930,0.7518"
2026-06-01T00:44:00.322,hardware_check,self_20260601_004314,clip_001,1,listen,,0.7559,2478951.0,raspberry_pi_seeed_gsr,"2478951,0.7559"
2026-06-01T00:44:00.365,hardware_check,self_20260601_004314,clip_001,1,listen,,0.7454,2478972.0,raspberry_pi_seeed_gsr,"2478972,0.7454"
2026-06-01T00:44:00.367,hardware_check,self_20260601_004314,clip_001,1,listen,,0.7494,2478993.0,raspberry_pi_seeed_gsr,"2478993,0.7494"
2026-06-01T00:44:00.385,hardware_check,self_20260601_004314,clip_001,1,listen,,0.7607,2479014.0,raspberry_pi_seeed_gsr,"2479014,0.7607"
2026-06-01T00:44:00.406,hardware_check,self_20260601_004314,clip_001,1,listen,,0.7615,2479035.0,raspberry_pi_seeed_gsr,"2479035,0.7615"
2026-06-01T00:44:00.427,hardware_check,self_20260601_004314,clip_001,1,listen,,0.7478,2479056.0,raspberry_pi_seeed_gsr,"2479056,0.7478"
2026-06-01T00:44:00.447,hardware_check,self_20260601_004314,clip_001,1,listen,,0.7446,2479077.0,raspberry_pi_seeed_gsr,"2479077,0.7446"
2026-06-01T00:44:00.467,hardware_check,self_20260601_004314,clip_001,1,listen,,0.7591,2479097.0,raspberry_pi_seeed_gsr,"2479097,0.7591"
2026-06-01T00:44:00.487,hardware_check,self_20260601_004314,clip_001,1,listen,,0.7672,2479117.0,raspberry_pi_seeed_gsr,"2479117,0.7672"
2026-06-01T00:44:00.507,hardware_check,self_20260601_004314,clip_001,1,listen,,0.7527,2479137.0,raspberry_pi_seeed_gsr,"2479137,0.7527"
2026-06-01T00:44:00.528,hardware_check,self_20260601_004314,clip_001,1,listen,,0.7752,2479157.0,raspberry_pi_seeed_gsr,"2479157,0.7752"
2026-06-01T00:44:00.549,hardware_check,self_20260601_004314,clip_001,1,listen,,0.7591,2479178.0,raspberry_pi_seeed_gsr,"2479178,0.7591"
2026-06-01T00:44:00.569,hardware_check,self_20260601_004314,clip_001,1,listen,,0.7712,2479198.0,raspberry_pi_seeed_gsr,"2479198,0.7712"
2026-06-01T00:44:00.589,hardware_check,self_20260601_004314,clip_001,1,listen,,0.7647,2479218.0,raspberry_pi_seeed_gsr,"2479218,0.7647"
2026-06-01T00:44:00.635,hardware_check,self_20260601_004314,clip_001,1,listen,,0.7583,2479238.0,raspberry_pi_seeed_gsr,"2479238,0.7583"
2026-06-01T00:44:00.636,hardware_check,self_20260601_004314,clip_001,1,listen,,0.7478,2479258.0,raspberry_pi_seeed_gsr,"2479258,0.7478"
2026-06-01T00:44:00.649,hardware_check,self_20260601_004314,clip_001,1,listen,,0.7551,2479279.0,raspberry_pi_seeed_gsr,"2479279,0.7551"
2026-06-01T00:44:00.669,hardware_check,self_20260601_004314,clip_001,1,listen,,0.7623,2479299.0,raspberry_pi_seeed_gsr,"2479299,0.7623"
2026-06-01T00:44:00.689,hardware_check,self_20260601_004314,clip_001,1,listen,,0.7647,2479319.0,raspberry_pi_seeed_gsr,"2479319,0.7647"
2026-06-01T00:44:00.709,hardware_check,self_20260601_004314,clip_001,1,listen,,0.7543,2479339.0,raspberry_pi_seeed_gsr,"2479339,0.7543"
2026-06-01T00:44:00.729,hardware_check,self_20260601_004314,clip_001,1,listen,,0.751,2479359.0,raspberry_pi_seeed_gsr,"2479359,0.7510"
2026-06-01T00:44:00.749,hardware_check,self_20260601_004314,clip_001,1,listen,,0.7647,2479379.0,raspberry_pi_seeed_gsr,"2479379,0.7647"
2026-06-01T00:44:00.769,hardware_check,self_20260601_004314,clip_001,1,listen,,0.7784,2479399.0,raspberry_pi_seeed_gsr,"2479399,0.7784"
2026-06-01T00:44:00.789,hardware_check,self_20260601_004314,clip_001,1,listen,,0.768,2479419.0,raspberry_pi_seeed_gsr,"2479419,0.7680"
2026-06-01T00:44:00.810,hardware_check,self_20260601_004314,clip_001,1,listen,,0.7583,2479439.0,raspberry_pi_seeed_gsr,"2479439,0.7583"
2026-06-01T00:44:00.830,hardware_check,self_20260601_004314,clip_001,1,listen,,0.7527,2479459.0,raspberry_pi_seeed_gsr,"2479459,0.7527"
2026-06-01T00:44:00.850,hardware_check,self_20260601_004314,clip_001,1,listen,,0.7615,2479479.0,raspberry_pi_seeed_gsr,"2479479,0.7615"
2026-06-01T00:44:00.896,hardware_check,self_20260601_004314,clip_001,1,listen,,0.7398,2479499.0,raspberry_pi_seeed_gsr,"2479499,0.7398"
2026-06-01T00:44:00.897,hardware_check,self_20260601_004314,clip_001,1,listen,,0.7615,2479519.0,raspberry_pi_seeed_gsr,"2479519,0.7615"
2026-06-01T00:44:00.911,hardware_check,self_20260601_004314,clip_001,1,listen,,0.7518,2479540.0,raspberry_pi_seeed_gsr,"2479540,0.7518"
2026-06-01T00:44:00.931,hardware_check,self_20260601_004314,clip_001,1,listen,,0.7567,2479560.0,raspberry_pi_seeed_gsr,"2479560,0.7567"
2026-06-01T00:44:00.950,hardware_check,self_20260601_004314,clip_001,1,listen,,0.7672,2479580.0,raspberry_pi_seeed_gsr,"2479580,0.7672"
2026-06-01T00:44:00.970,hardware_check,self_20260601_004314,clip_001,1,listen,,0.7736,2479600.0,raspberry_pi_seeed_gsr,"2479600,0.7736"
2026-06-01T00:44:00.990,hardware_check,self_20260601_004314,clip_001,1,listen,,0.7704,2479620.0,raspberry_pi_seeed_gsr,"2479620,0.7704"
2026-06-01T00:44:01.010,hardware_check,self_20260601_004314,clip_001,1,listen,,0.7567,2479640.0,raspberry_pi_seeed_gsr,"2479640,0.7567"
2026-06-01T00:44:01.030,hardware_check,self_20260601_004314,clip_001,1,listen,,0.7623,2479660.0,raspberry_pi_seeed_gsr,"2479660,0.7623"
2026-06-01T00:44:01.050,hardware_check,self_20260601_004314,clip_001,1,listen,,0.7776,2479680.0,raspberry_pi_seeed_gsr,"2479680,0.7776"
2026-06-01T00:44:01.071,hardware_check,self_20260601_004314,clip_001,1,listen,,0.7744,2479700.0,raspberry_pi_seeed_gsr,"2479700,0.7744"
2026-06-01T00:44:01.092,hardware_check,self_20260601_004314,clip_001,1,listen,,0.7631,2479721.0,raspberry_pi_seeed_gsr,"2479721,0.7631"
2026-06-01T00:44:01.112,hardware_check,self_20260601_004314,clip_001,1,listen,,0.7543,2479741.0,raspberry_pi_seeed_gsr,"2479741,0.7543"
2026-06-01T00:44:01.144,hardware_check,self_20260601_004314,clip_001,1,listen,,0.7567,2479761.0,raspberry_pi_seeed_gsr,"2479761,0.7567"
2026-06-01T00:44:01.151,hardware_check,self_20260601_004314,clip_001,1,listen,,0.776,2479781.0,raspberry_pi_seeed_gsr,"2479781,0.7760"
2026-06-01T00:44:01.171,hardware_check,self_20260601_004314,clip_001,1,listen,,0.7817,2479801.0,raspberry_pi_seeed_gsr,"2479801,0.7817"
2026-06-01T00:44:01.191,hardware_check,self_20260601_004314,clip_001,1,listen,,0.7647,2479821.0,raspberry_pi_seeed_gsr,"2479821,0.7647"
2026-06-01T00:44:01.211,hardware_check,self_20260601_004314,clip_001,1,listen,,0.7575,2479841.0,raspberry_pi_seeed_gsr,"2479841,0.7575"
2026-06-01T00:44:01.231,hardware_check,self_20260601_004314,clip_001,1,listen,,0.7655,2479861.0,raspberry_pi_seeed_gsr,"2479861,0.7655"
2026-06-01T00:44:01.251,hardware_check,self_20260601_004314,clip_001,1,listen,,0.776,2479881.0,raspberry_pi_seeed_gsr,"2479881,0.7760"
2026-06-01T00:44:01.271,hardware_check,self_20260601_004314,clip_001,1,listen,,0.7768,2479901.0,raspberry_pi_seeed_gsr,"2479901,0.7768"
2026-06-01T00:44:01.292,hardware_check,self_20260601_004314,clip_001,1,listen,,0.7704,2479921.0,raspberry_pi_seeed_gsr,"2479921,0.7704"
2026-06-01T00:44:01.312,hardware_check,self_20260601_004314,clip_001,1,listen,,0.7623,2479941.0,raspberry_pi_seeed_gsr,"2479941,0.7623"
2026-06-01T00:44:01.332,hardware_check,self_20260601_004314,clip_001,1,listen,,0.7591,2479961.0,raspberry_pi_seeed_gsr,"2479961,0.7591"
2026-06-01T00:44:01.352,hardware_check,self_20260601_004314,clip_001,1,listen,,0.7776,2479981.0,raspberry_pi_seeed_gsr,"2479981,0.7776"
2026-06-01T00:44:01.372,hardware_check,self_20260601_004314,clip_001,1,listen,,0.7696,2480001.0,raspberry_pi_seeed_gsr,"2480001,0.7696"
2026-06-01T00:44:01.414,hardware_check,self_20260601_004314,clip_001,1,listen,,0.7591,2480022.0,raspberry_pi_seeed_gsr,"2480022,0.7591"
2026-06-01T00:44:01.416,hardware_check,self_20260601_004314,clip_001,1,listen,,0.7623,2480042.0,raspberry_pi_seeed_gsr,"2480042,0.7623"
2026-06-01T00:44:01.432,hardware_check,self_20260601_004314,clip_001,1,listen,,0.7712,2480062.0,raspberry_pi_seeed_gsr,"2480062,0.7712"
2026-06-01T00:44:01.452,hardware_check,self_20260601_004314,clip_001,1,listen,,0.7768,2480082.0,raspberry_pi_seeed_gsr,"2480082,0.7768"
2026-06-01T00:44:01.472,hardware_check,self_20260601_004314,clip_001,1,listen,,0.7752,2480102.0,raspberry_pi_seeed_gsr,"2480102,0.7752"
2026-06-01T00:44:01.492,hardware_check,self_20260601_004314,clip_001,1,listen,,0.7712,2480122.0,raspberry_pi_seeed_gsr,"2480122,0.7712"
2026-06-01T00:44:01.512,hardware_check,self_20260601_004314,clip_001,1,listen,,0.7623,2480142.0,raspberry_pi_seeed_gsr,"2480142,0.7623"
2026-06-01T00:44:01.532,hardware_check,self_20260601_004314,clip_001,1,listen,,0.7696,2480162.0,raspberry_pi_seeed_gsr,"2480162,0.7696"
2026-06-01T00:44:01.552,hardware_check,self_20260601_004314,clip_001,1,listen,,0.7825,2480182.0,raspberry_pi_seeed_gsr,"2480182,0.7825"
2026-06-01T00:44:01.572,hardware_check,self_20260601_004314,clip_001,1,listen,,0.7744,2480202.0,raspberry_pi_seeed_gsr,"2480202,0.7744"
2026-06-01T00:44:01.593,hardware_check,self_20260601_004314,clip_001,1,listen,,0.7655,2480222.0,raspberry_pi_seeed_gsr,"2480222,0.7655"
2026-06-01T00:44:01.614,hardware_check,self_20260601_004314,clip_001,1,listen,,0.7567,2480243.0,raspberry_pi_seeed_gsr,"2480243,0.7567"
2026-06-01T00:44:01.634,hardware_check,self_20260601_004314,clip_001,1,listen,,0.7704,2480263.0,raspberry_pi_seeed_gsr,"2480263,0.7704"
2026-06-01T00:44:01.680,hardware_check,self_20260601_004314,clip_001,1,listen,,0.7744,2480283.0,raspberry_pi_seeed_gsr,"2480283,0.7744"
2026-06-01T00:44:01.681,hardware_check,self_20260601_004314,clip_001,1,listen,,0.7696,2480303.0,raspberry_pi_seeed_gsr,"2480303,0.7696"
2026-06-01T00:44:01.693,hardware_check,self_20260601_004314,clip_001,1,listen,,0.7551,2480323.0,raspberry_pi_seeed_gsr,"2480323,0.7551"
2026-06-01T00:44:01.713,hardware_check,self_20260601_004314,clip_001,1,listen,,0.7527,2480343.0,raspberry_pi_seeed_gsr,"2480343,0.7527"
2026-06-01T00:44:01.733,hardware_check,self_20260601_004314,clip_001,1,listen,,0.7647,2480363.0,raspberry_pi_seeed_gsr,"2480363,0.7647"
2026-06-01T00:44:01.753,hardware_check,self_20260601_004314,clip_001,1,listen,,0.7583,2480383.0,raspberry_pi_seeed_gsr,"2480383,0.7583"
2026-06-01T00:44:01.773,hardware_check,self_20260601_004314,clip_001,1,listen,,0.7551,2480403.0,raspberry_pi_seeed_gsr,"2480403,0.7551"
2026-06-01T00:44:01.793,hardware_check,self_20260601_004314,clip_001,1,listen,,0.7454,2480423.0,raspberry_pi_seeed_gsr,"2480423,0.7454"
2026-06-01T00:44:01.813,hardware_check,self_20260601_004314,clip_001,1,listen,,0.751,2480443.0,raspberry_pi_seeed_gsr,"2480443,0.7510"
2026-06-01T00:44:01.834,hardware_check,self_20260601_004314,clip_001,1,listen,,0.7607,2480463.0,raspberry_pi_seeed_gsr,"2480463,0.7607"
2026-06-01T00:44:01.855,hardware_check,self_20260601_004314,clip_001,1,listen,,0.7478,2480484.0,raspberry_pi_seeed_gsr,"2480484,0.7478"
2026-06-01T00:44:01.875,hardware_check,self_20260601_004314,clip_001,1,listen,,0.7446,2480504.0,raspberry_pi_seeed_gsr,"2480504,0.7446"
2026-06-01T00:44:01.895,hardware_check,self_20260601_004314,clip_001,1,listen,,0.7373,2480524.0,raspberry_pi_seeed_gsr,"2480524,0.7373"
2026-06-01T00:44:01.939,hardware_check,self_20260601_004314,clip_001,1,listen,,0.7414,2480545.0,raspberry_pi_seeed_gsr,"2480545,0.7414"
2026-06-01T00:44:01.940,hardware_check,self_20260601_004314,clip_001,1,listen,,0.7518,2480566.0,raspberry_pi_seeed_gsr,"2480566,0.7518"
2026-06-01T00:44:01.957,hardware_check,self_20260601_004314,clip_001,1,listen,,0.7414,2480586.0,raspberry_pi_seeed_gsr,"2480586,0.7414"
2026-06-01T00:44:01.976,hardware_check,self_20260601_004314,clip_001,1,listen,,0.7236,2480606.0,raspberry_pi_seeed_gsr,"2480606,0.7236"
2026-06-01T00:44:01.996,hardware_check,self_20260601_004314,clip_001,1,listen,,0.7236,2480626.0,raspberry_pi_seeed_gsr,"2480626,0.7236"
2026-06-01T00:44:02.016,hardware_check,self_20260601_004314,clip_001,1,listen,,0.7365,2480646.0,raspberry_pi_seeed_gsr,"2480646,0.7365"
2026-06-01T00:44:02.036,hardware_check,self_20260601_004314,clip_001,1,listen,,0.7422,2480666.0,raspberry_pi_seeed_gsr,"2480666,0.7422"
2026-06-01T00:44:02.056,hardware_check,self_20260601_004314,clip_001,1,listen,,0.7261,2480686.0,raspberry_pi_seeed_gsr,"2480686,0.7261"
2026-06-01T00:44:02.076,hardware_check,self_20260601_004314,clip_001,1,listen,,0.7124,2480706.0,raspberry_pi_seeed_gsr,"2480706,0.7124"
2026-06-01T00:44:02.096,hardware_check,self_20260601_004314,clip_001,1,listen,,0.7116,2480726.0,raspberry_pi_seeed_gsr,"2480726,0.7116"
2026-06-01T00:44:02.117,hardware_check,self_20260601_004314,clip_001,1,listen,,0.7132,2480746.0,raspberry_pi_seeed_gsr,"2480746,0.7132"
2026-06-01T00:44:02.136,hardware_check,self_20260601_004314,clip_001,1,listen,,0.7172,2480766.0,raspberry_pi_seeed_gsr,"2480766,0.7172"
2026-06-01T00:44:02.156,hardware_check,self_20260601_004314,clip_001,1,listen,,0.7059,2480786.0,raspberry_pi_seeed_gsr,"2480786,0.7059"
2026-06-01T00:44:02.189,hardware_check,self_20260601_004314,clip_001,1,listen,,0.6987,2480806.0,raspberry_pi_seeed_gsr,"2480806,0.6987"
2026-06-01T00:44:02.196,hardware_check,self_20260601_004314,clip_001,1,listen,,0.6995,2480826.0,raspberry_pi_seeed_gsr,"2480826,0.6995"
2026-06-01T00:44:02.217,hardware_check,self_20260601_004314,clip_001,1,listen,,0.71,2480847.0,raspberry_pi_seeed_gsr,"2480847,0.7100"
2026-06-01T00:44:02.237,hardware_check,self_20260601_004314,clip_001,1,listen,,0.7132,2480867.0,raspberry_pi_seeed_gsr,"2480867,0.7132"
2026-06-01T00:44:02.258,hardware_check,self_20260601_004314,clip_001,1,listen,,0.6922,2480888.0,raspberry_pi_seeed_gsr,"2480888,0.6922"
2026-06-01T00:44:02.278,hardware_check,self_20260601_004314,clip_001,1,listen,,0.6866,2480908.0,raspberry_pi_seeed_gsr,"2480908,0.6866"
2026-06-01T00:44:02.298,hardware_check,self_20260601_004314,clip_001,1,listen,,0.6898,2480928.0,raspberry_pi_seeed_gsr,"2480928,0.6898"
2026-06-01T00:44:02.318,hardware_check,self_20260601_004314,clip_001,1,listen,,0.6971,2480948.0,raspberry_pi_seeed_gsr,"2480948,0.6971"
2026-06-01T00:44:02.338,hardware_check,self_20260601_004314,clip_001,1,listen,,0.6906,2480968.0,raspberry_pi_seeed_gsr,"2480968,0.6906"
2026-06-01T00:44:02.359,hardware_check,self_20260601_004314,clip_001,1,listen,,0.6713,2480988.0,raspberry_pi_seeed_gsr,"2480988,0.6713"
2026-06-01T00:44:02.379,hardware_check,self_20260601_004314,clip_001,1,listen,,0.6769,2481008.0,raspberry_pi_seeed_gsr,"2481008,0.6769"
2026-06-01T00:44:02.400,hardware_check,self_20260601_004314,clip_001,1,listen,,0.6801,2481029.0,raspberry_pi_seeed_gsr,"2481029,0.6801"
2026-06-01T00:44:02.420,hardware_check,self_20260601_004314,clip_001,1,listen,,0.6705,2481049.0,raspberry_pi_seeed_gsr,"2481049,0.6705"
2026-06-01T00:44:02.466,hardware_check,self_20260601_004314,clip_001,1,listen,,0.6809,2481069.0,raspberry_pi_seeed_gsr,"2481069,0.6809"
2026-06-01T00:44:02.468,hardware_check,self_20260601_004314,clip_001,1,listen,,0.6584,2481089.0,raspberry_pi_seeed_gsr,"2481089,0.6584"
2026-06-01T00:44:02.479,hardware_check,self_20260601_004314,clip_001,1,listen,,0.6431,2481109.0,raspberry_pi_seeed_gsr,"2481109,0.6431"
2026-06-01T00:44:02.499,hardware_check,self_20260601_004314,clip_001,1,listen,,0.6689,2481129.0,raspberry_pi_seeed_gsr,"2481129,0.6689"
2026-06-01T00:44:02.519,hardware_check,self_20260601_004314,clip_001,1,listen,,0.6745,2481149.0,raspberry_pi_seeed_gsr,"2481149,0.6745"
2026-06-01T00:44:02.539,hardware_check,self_20260601_004314,clip_001,1,listen,,0.6656,2481169.0,raspberry_pi_seeed_gsr,"2481169,0.6656"
2026-06-01T00:44:02.559,hardware_check,self_20260601_004314,clip_001,1,listen,,0.656,2481189.0,raspberry_pi_seeed_gsr,"2481189,0.6560"
2026-06-01T00:44:02.579,hardware_check,self_20260601_004314,clip_001,1,listen,,0.6536,2481209.0,raspberry_pi_seeed_gsr,"2481209,0.6536"
2026-06-01T00:44:02.599,hardware_check,self_20260601_004314,clip_001,1,listen,,0.6664,2481229.0,raspberry_pi_seeed_gsr,"2481229,0.6664"
2026-06-01T00:44:02.620,hardware_check,self_20260601_004314,clip_001,1,listen,,0.6673,2481249.0,raspberry_pi_seeed_gsr,"2481249,0.6673"
2026-06-01T00:44:02.639,hardware_check,self_20260601_004314,clip_001,1,listen,,0.6584,2481269.0,raspberry_pi_seeed_gsr,"2481269,0.6584"
2026-06-01T00:44:02.660,hardware_check,self_20260601_004314,clip_001,1,listen,,0.6423,2481289.0,raspberry_pi_seeed_gsr,"2481289,0.6423"
2026-06-01T00:44:02.680,hardware_check,self_20260601_004314,clip_001,1,listen,,0.6471,2481309.0,raspberry_pi_seeed_gsr,"2481309,0.6471"
2026-06-01T00:44:02.728,hardware_check,self_20260601_004314,clip_001,1,listen,,0.6552,2481329.0,raspberry_pi_seeed_gsr,"2481329,0.6552"
2026-06-01T00:44:02.729,hardware_check,self_20260601_004314,clip_001,1,listen,,0.6624,2481350.0,raspberry_pi_seeed_gsr,"2481350,0.6624"
2026-06-01T00:44:02.741,hardware_check,self_20260601_004314,clip_001,1,listen,,0.6463,2481371.0,raspberry_pi_seeed_gsr,"2481371,0.6463"
2026-06-01T00:44:02.761,hardware_check,self_20260601_004314,clip_001,1,listen,,0.6391,2481391.0,raspberry_pi_seeed_gsr,"2481391,0.6391"
2026-06-01T00:44:02.782,hardware_check,self_20260601_004314,clip_001,1,listen,,0.6439,2481412.0,raspberry_pi_seeed_gsr,"2481412,0.6439"
2026-06-01T00:44:02.803,hardware_check,self_20260601_004314,clip_001,1,listen,,0.6592,2481433.0,raspberry_pi_seeed_gsr,"2481433,0.6592"
2026-06-01T00:44:02.823,hardware_check,self_20260601_004314,clip_001,1,listen,,0.6544,2481453.0,raspberry_pi_seeed_gsr,"2481453,0.6544"
2026-06-01T00:44:02.844,hardware_check,self_20260601_004314,clip_001,1,listen,,0.6519,2481473.0,raspberry_pi_seeed_gsr,"2481473,0.6519"
2026-06-01T00:44:02.863,hardware_check,self_20260601_004314,clip_001,1,listen,,0.6407,2481493.0,raspberry_pi_seeed_gsr,"2481493,0.6407"
2026-06-01T00:44:02.885,hardware_check,self_20260601_004314,clip_001,1,listen,,0.6544,2481514.0,raspberry_pi_seeed_gsr,"2481514,0.6544"
2026-06-01T00:44:02.905,hardware_check,self_20260601_004314,clip_001,1,listen,,0.6592,2481534.0,raspberry_pi_seeed_gsr,"2481534,0.6592"
2026-06-01T00:44:02.925,hardware_check,self_20260601_004314,clip_001,1,listen,,0.6479,2481554.0,raspberry_pi_seeed_gsr,"2481554,0.6479"
2026-06-01T00:44:02.945,hardware_check,self_20260601_004314,clip_001,1,listen,,0.6399,2481574.0,raspberry_pi_seeed_gsr,"2481574,0.6399"
2026-06-01T00:44:02.988,hardware_check,self_20260601_004314,clip_001,1,listen,,0.6407,2481594.0,raspberry_pi_seeed_gsr,"2481594,0.6407"
2026-06-01T00:44:02.989,hardware_check,self_20260601_004314,clip_001,1,listen,,0.6552,2481614.0,raspberry_pi_seeed_gsr,"2481614,0.6552"
2026-06-01T00:44:03.006,hardware_check,self_20260601_004314,clip_001,1,listen,,0.6568,2481635.0,raspberry_pi_seeed_gsr,"2481635,0.6568"
2026-06-01T00:44:03.026,hardware_check,self_20260601_004314,clip_001,1,listen,,0.6423,2481656.0,raspberry_pi_seeed_gsr,"2481656,0.6423"
2026-06-01T00:44:03.046,hardware_check,self_20260601_004314,clip_001,1,listen,,0.6431,2481676.0,raspberry_pi_seeed_gsr,"2481676,0.6431"
2026-06-01T00:44:03.067,hardware_check,self_20260601_004314,clip_001,1,listen,,0.6527,2481697.0,raspberry_pi_seeed_gsr,"2481697,0.6527"
2026-06-01T00:44:03.088,hardware_check,self_20260601_004314,clip_001,1,listen,,0.656,2481718.0,raspberry_pi_seeed_gsr,"2481718,0.6560"
2026-06-01T00:44:03.109,hardware_check,self_20260601_004314,clip_001,1,listen,,0.6391,2481739.0,raspberry_pi_seeed_gsr,"2481739,0.6391"
2026-06-01T00:44:03.130,hardware_check,self_20260601_004314,clip_001,1,listen,,0.6382,2481760.0,raspberry_pi_seeed_gsr,"2481760,0.6382"
2026-06-01T00:44:03.150,hardware_check,self_20260601_004314,clip_001,1,listen,,0.6906,2481780.0,raspberry_pi_seeed_gsr,"2481780,0.6906"
2026-06-01T00:44:03.170,hardware_check,self_20260601_004314,clip_001,1,listen,,0.6511,2481800.0,raspberry_pi_seeed_gsr,"2481800,0.6511"
2026-06-01T00:44:03.191,hardware_check,self_20260601_004314,clip_001,1,listen,,0.6519,2481820.0,raspberry_pi_seeed_gsr,"2481820,0.6519"
2026-06-01T00:44:03.211,hardware_check,self_20260601_004314,clip_001,1,listen,,0.6302,2481841.0,raspberry_pi_seeed_gsr,"2481841,0.6302"
2026-06-01T00:44:03.245,hardware_check,self_20260601_004314,clip_001,1,listen,,0.66,2481861.0,raspberry_pi_seeed_gsr,"2481861,0.6600"
2026-06-01T00:44:03.251,hardware_check,self_20260601_004314,clip_001,1,listen,,0.6592,2481881.0,raspberry_pi_seeed_gsr,"2481881,0.6592"
2026-06-01T00:44:03.272,hardware_check,self_20260601_004314,clip_001,1,listen,,0.6576,2481902.0,raspberry_pi_seeed_gsr,"2481902,0.6576"
2026-06-01T00:44:03.292,hardware_check,self_20260601_004314,clip_001,1,listen,,0.6399,2481922.0,raspberry_pi_seeed_gsr,"2481922,0.6399"
2026-06-01T00:44:03.313,hardware_check,self_20260601_004314,clip_001,1,listen,,0.6463,2481943.0,raspberry_pi_seeed_gsr,"2481943,0.6463"
2026-06-01T00:44:03.333,hardware_check,self_20260601_004314,clip_001,1,listen,,0.6536,2481963.0,raspberry_pi_seeed_gsr,"2481963,0.6536"
2026-06-01T00:44:03.353,hardware_check,self_20260601_004314,clip_001,1,listen,,0.6689,2481983.0,raspberry_pi_seeed_gsr,"2481983,0.6689"
2026-06-01T00:44:03.373,hardware_check,self_20260601_004314,clip_001,1,listen,,0.6656,2482003.0,raspberry_pi_seeed_gsr,"2482003,0.6656"
2026-06-01T00:44:03.393,hardware_check,self_20260601_004314,clip_001,1,listen,,0.6487,2482023.0,raspberry_pi_seeed_gsr,"2482023,0.6487"
2026-06-01T00:44:03.414,hardware_check,self_20260601_004314,clip_001,1,listen,,0.6447,2482043.0,raspberry_pi_seeed_gsr,"2482043,0.6447"
2026-06-01T00:44:03.435,hardware_check,self_20260601_004314,clip_001,1,listen,,0.66,2482064.0,raspberry_pi_seeed_gsr,"2482064,0.6600"
2026-06-01T00:44:03.455,hardware_check,self_20260601_004314,clip_001,1,listen,,0.6584,2482084.0,raspberry_pi_seeed_gsr,"2482084,0.6584"
2026-06-01T00:44:03.475,hardware_check,self_20260601_004314,clip_001,1,listen,,0.6519,2482104.0,raspberry_pi_seeed_gsr,"2482104,0.6519"
2026-06-01T00:44:03.519,hardware_check,self_20260601_004314,clip_001,1,listen,,0.6439,2482124.0,raspberry_pi_seeed_gsr,"2482124,0.6439"
2026-06-01T00:44:03.520,hardware_check,self_20260601_004314,clip_001,1,listen,,0.6511,2482144.0,raspberry_pi_seeed_gsr,"2482144,0.6511"
2026-06-01T00:44:03.536,hardware_check,self_20260601_004314,clip_001,1,listen,,0.6681,2482165.0,raspberry_pi_seeed_gsr,"2482165,0.6681"
2026-06-01T00:44:03.556,hardware_check,self_20260601_004314,clip_001,1,listen,,0.656,2482186.0,raspberry_pi_seeed_gsr,"2482186,0.6560"
2026-06-01T00:44:03.576,hardware_check,self_20260601_004314,clip_001,1,listen,,0.6479,2482206.0,raspberry_pi_seeed_gsr,"2482206,0.6479"
2026-06-01T00:44:03.596,hardware_check,self_20260601_004314,clip_001,1,listen,,0.6576,2482226.0,raspberry_pi_seeed_gsr,"2482226,0.6576"
2026-06-01T00:44:03.616,hardware_check,self_20260601_004314,clip_001,1,listen,,0.66,2482246.0,raspberry_pi_seeed_gsr,"2482246,0.6600"
2026-06-01T00:44:03.636,hardware_check,self_20260601_004314,clip_001,1,listen,,0.6713,2482266.0,raspberry_pi_seeed_gsr,"2482266,0.6713"
2026-06-01T00:44:03.657,hardware_check,self_20260601_004314,clip_001,1,listen,,0.6552,2482287.0,raspberry_pi_seeed_gsr,"2482287,0.6552"
2026-06-01T00:44:03.677,hardware_check,self_20260601_004314,clip_001,1,listen,,0.6576,2482307.0,raspberry_pi_seeed_gsr,"2482307,0.6576"
2026-06-01T00:44:03.699,hardware_check,self_20260601_004314,clip_001,1,listen,,0.6681,2482328.0,raspberry_pi_seeed_gsr,"2482328,0.6681"
2026-06-01T00:44:03.720,hardware_check,self_20260601_004314,clip_001,1,listen,,0.6745,2482349.0,raspberry_pi_seeed_gsr,"2482349,0.6745"
2026-06-01T00:44:03.740,hardware_check,self_20260601_004314,clip_001,1,listen,,0.6648,2482369.0,raspberry_pi_seeed_gsr,"2482369,0.6648"
2026-06-01T00:44:03.784,hardware_check,self_20260601_004314,clip_001,1,listen,,0.656,2482390.0,raspberry_pi_seeed_gsr,"2482390,0.6560"
2026-06-01T00:44:03.785,hardware_check,self_20260601_004314,clip_001,1,listen,,0.656,2482411.0,raspberry_pi_seeed_gsr,"2482411,0.6560"
2026-06-01T00:44:03.801,hardware_check,self_20260601_004314,clip_001,1,listen,,0.6737,2482431.0,raspberry_pi_seeed_gsr,"2482431,0.6737"
2026-06-01T00:44:03.821,hardware_check,self_20260601_004314,clip_001,1,listen,,0.6689,2482451.0,raspberry_pi_seeed_gsr,"2482451,0.6689"
2026-06-01T00:44:03.842,hardware_check,self_20260601_004314,clip_001,1,listen,,0.6608,2482472.0,raspberry_pi_seeed_gsr,"2482472,0.6608"
2026-06-01T00:44:03.863,hardware_check,self_20260601_004314,clip_001,1,listen,,0.6552,2482493.0,raspberry_pi_seeed_gsr,"2482493,0.6552"
2026-06-01T00:44:03.884,hardware_check,self_20260601_004314,clip_001,1,listen,,0.6745,2482514.0,raspberry_pi_seeed_gsr,"2482514,0.6745"
2026-06-01T00:44:03.905,hardware_check,self_20260601_004314,clip_001,1,listen,,0.6946,2482535.0,raspberry_pi_seeed_gsr,"2482535,0.6946"
2026-06-01T00:44:03.927,hardware_check,self_20260601_004314,clip_001,1,listen,,0.6616,2482556.0,raspberry_pi_seeed_gsr,"2482556,0.6616"
2026-06-01T00:44:03.947,hardware_check,self_20260601_004314,clip_001,1,listen,,0.6648,2482576.0,raspberry_pi_seeed_gsr,"2482576,0.6648"
2026-06-01T00:44:03.967,hardware_check,self_20260601_004314,clip_001,1,listen,,0.6761,2482596.0,raspberry_pi_seeed_gsr,"2482596,0.6761"
2026-06-01T00:44:03.988,hardware_check,self_20260601_004314,clip_001,1,listen,,0.685,2482617.0,raspberry_pi_seeed_gsr,"2482617,0.6850"
2026-06-01T00:44:04.009,hardware_check,self_20260601_004314,clip_001,1,listen,,0.7091,2482638.0,raspberry_pi_seeed_gsr,"2482638,0.7091"
2026-06-01T00:44:04.062,hardware_check,self_20260601_004314,clip_001,1,listen,,0.6616,2482659.0,raspberry_pi_seeed_gsr,"2482659,0.6616"
2026-06-01T00:44:04.063,hardware_check,self_20260601_004314,clip_001,1,listen,,0.6809,2482679.0,raspberry_pi_seeed_gsr,"2482679,0.6809"
2026-06-01T00:44:04.070,hardware_check,self_20260601_004314,clip_001,1,listen,,0.6866,2482700.0,raspberry_pi_seeed_gsr,"2482700,0.6866"
2026-06-01T00:44:04.091,hardware_check,self_20260601_004314,clip_001,1,listen,,0.6689,2482721.0,raspberry_pi_seeed_gsr,"2482721,0.6689"
2026-06-01T00:44:04.112,hardware_check,self_20260601_004314,clip_001,1,listen,,0.6761,2482742.0,raspberry_pi_seeed_gsr,"2482742,0.6761"
2026-06-01T00:44:04.132,hardware_check,self_20260601_004314,clip_001,1,listen,,0.6834,2482762.0,raspberry_pi_seeed_gsr,"2482762,0.6834"
2026-06-01T00:44:04.153,hardware_check,self_20260601_004314,clip_001,1,listen,,0.6963,2482783.0,raspberry_pi_seeed_gsr,"2482783,0.6963"
2026-06-01T00:44:04.174,hardware_check,self_20260601_004314,clip_001,1,listen,,0.6826,2482804.0,raspberry_pi_seeed_gsr,"2482804,0.6826"
2026-06-01T00:44:04.194,hardware_check,self_20260601_004314,clip_001,1,listen,,0.6777,2482824.0,raspberry_pi_seeed_gsr,"2482824,0.6777"
2026-06-01T00:44:04.215,hardware_check,self_20260601_004314,clip_001,1,listen,,0.6906,2482845.0,raspberry_pi_seeed_gsr,"2482845,0.6906"
2026-06-01T00:44:04.236,hardware_check,self_20260601_004314,clip_001,1,listen,,0.6946,2482866.0,raspberry_pi_seeed_gsr,"2482866,0.6946"
2026-06-01T00:44:04.257,hardware_check,self_20260601_004314,clip_001,1,listen,,0.6874,2482887.0,raspberry_pi_seeed_gsr,"2482887,0.6874"
2026-06-01T00:44:04.279,hardware_check,self_20260601_004314,clip_001,1,listen,,0.7075,2482908.0,raspberry_pi_seeed_gsr,"2482908,0.7075"
2026-06-01T00:44:04.313,hardware_check,self_20260601_004314,clip_001,1,listen,,0.6866,2482929.0,raspberry_pi_seeed_gsr,"2482929,0.6866"
2026-06-01T00:44:04.320,hardware_check,self_20260601_004314,clip_001,1,listen,,0.7035,2482950.0,raspberry_pi_seeed_gsr,"2482950,0.7035"
2026-06-01T00:44:04.341,hardware_check,self_20260601_004314,clip_001,1,listen,,0.6906,2482971.0,raspberry_pi_seeed_gsr,"2482971,0.6906"
2026-06-01T00:44:04.362,hardware_check,self_20260601_004314,clip_001,1,listen,,0.6818,2482992.0,raspberry_pi_seeed_gsr,"2482992,0.6818"
2026-06-01T00:44:04.383,hardware_check,self_20260601_004314,clip_001,1,listen,,0.6971,2483013.0,raspberry_pi_seeed_gsr,"2483013,0.6971"
2026-06-01T00:44:04.404,hardware_check,self_20260601_004314,clip_001,1,listen,,0.6987,2483034.0,raspberry_pi_seeed_gsr,"2483034,0.6987"
2026-06-01T00:44:04.425,hardware_check,self_20260601_004314,clip_001,1,listen,,0.6914,2483055.0,raspberry_pi_seeed_gsr,"2483055,0.6914"
2026-06-01T00:44:04.446,hardware_check,self_20260601_004314,clip_001,1,listen,,0.6914,2483076.0,raspberry_pi_seeed_gsr,"2483076,0.6914"
2026-06-01T00:44:04.467,hardware_check,self_20260601_004314,clip_001,1,listen,,0.7011,2483097.0,raspberry_pi_seeed_gsr,"2483097,0.7011"
2026-06-01T00:44:04.488,hardware_check,self_20260601_004314,clip_001,1,listen,,0.7228,2483117.0,raspberry_pi_seeed_gsr,"2483117,0.7228"
2026-06-01T00:44:04.509,hardware_check,self_20260601_004314,clip_001,1,listen,,0.689,2483138.0,raspberry_pi_seeed_gsr,"2483138,0.6890"
2026-06-01T00:44:04.529,hardware_check,self_20260601_004314,clip_001,1,listen,,0.6938,2483158.0,raspberry_pi_seeed_gsr,"2483158,0.6938"
2026-06-01T00:44:04.571,hardware_check,self_20260601_004314,clip_001,1,listen,,0.7043,2483179.0,raspberry_pi_seeed_gsr,"2483179,0.7043"
2026-06-01T00:44:04.572,hardware_check,self_20260601_004314,clip_001,1,listen,,0.7228,2483199.0,raspberry_pi_seeed_gsr,"2483199,0.7228"
2026-06-01T00:44:04.590,hardware_check,self_20260601_004314,clip_001,1,listen,,0.6995,2483220.0,raspberry_pi_seeed_gsr,"2483220,0.6995"
2026-06-01T00:44:04.611,hardware_check,self_20260601_004314,clip_001,1,listen,,0.6906,2483241.0,raspberry_pi_seeed_gsr,"2483241,0.6906"
2026-06-01T00:44:04.631,hardware_check,self_20260601_004314,clip_001,1,listen,,0.6979,2483261.0,raspberry_pi_seeed_gsr,"2483261,0.6979"
2026-06-01T00:44:04.652,hardware_check,self_20260601_004314,clip_001,1,listen,,0.7124,2483282.0,raspberry_pi_seeed_gsr,"2483282,0.7124"
2026-06-01T00:44:04.672,hardware_check,self_20260601_004314,clip_001,1,listen,,0.7124,2483302.0,raspberry_pi_seeed_gsr,"2483302,0.7124"
2026-06-01T00:44:04.693,hardware_check,self_20260601_004314,clip_001,1,listen,,0.6987,2483323.0,raspberry_pi_seeed_gsr,"2483323,0.6987"
2026-06-01T00:44:04.714,hardware_check,self_20260601_004314,clip_001,1,listen,,0.7051,2483344.0,raspberry_pi_seeed_gsr,"2483344,0.7051"
2026-06-01T00:44:04.736,hardware_check,self_20260601_004314,clip_001,1,listen,,0.7196,2483365.0,raspberry_pi_seeed_gsr,"2483365,0.7196"
2026-06-01T00:44:04.757,hardware_check,self_20260601_004314,clip_001,1,listen,,0.7059,2483386.0,raspberry_pi_seeed_gsr,"2483386,0.7059"
2026-06-01T00:44:04.778,hardware_check,self_20260601_004314,clip_001,1,listen,,0.7293,2483407.0,raspberry_pi_seeed_gsr,"2483407,0.7293"
2026-06-01T00:44:04.798,hardware_check,self_20260601_004314,clip_001,1,listen,,0.71,2483428.0,raspberry_pi_seeed_gsr,"2483428,0.7100"
2026-06-01T00:44:04.856,hardware_check,self_20260601_004314,clip_001,1,listen,,0.7212,2483448.0,raspberry_pi_seeed_gsr,"2483448,0.7212"
2026-06-01T00:44:04.857,hardware_check,self_20260601_004314,clip_001,1,listen,,0.7116,2483469.0,raspberry_pi_seeed_gsr,"2483469,0.7116"
2026-06-01T00:44:04.860,hardware_check,self_20260601_004314,clip_001,1,listen,,0.7059,2483490.0,raspberry_pi_seeed_gsr,"2483490,0.7059"
2026-06-01T00:44:04.881,hardware_check,self_20260601_004314,clip_001,1,listen,,0.7051,2483511.0,raspberry_pi_seeed_gsr,"2483511,0.7051"
2026-06-01T00:44:04.902,hardware_check,self_20260601_004314,clip_001,1,listen,,0.7285,2483532.0,raspberry_pi_seeed_gsr,"2483532,0.7285"
2026-06-01T00:44:04.923,hardware_check,self_20260601_004314,clip_001,1,listen,,0.7124,2483553.0,raspberry_pi_seeed_gsr,"2483553,0.7124"
2026-06-01T00:44:04.944,hardware_check,self_20260601_004314,clip_001,1,listen,,0.7059,2483574.0,raspberry_pi_seeed_gsr,"2483574,0.7059"
2026-06-01T00:44:04.965,hardware_check,self_20260601_004314,clip_001,1,listen,,0.7188,2483595.0,raspberry_pi_seeed_gsr,"2483595,0.7188"
2026-06-01T00:44:04.986,hardware_check,self_20260601_004314,clip_001,1,listen,,0.7333,2483616.0,raspberry_pi_seeed_gsr,"2483616,0.7333"
2026-06-01T00:44:05.007,hardware_check,self_20260601_004314,clip_001,1,listen,,0.7132,2483637.0,raspberry_pi_seeed_gsr,"2483637,0.7132"
2026-06-01T00:44:05.029,hardware_check,self_20260601_004314,clip_001,1,listen,,0.7164,2483658.0,raspberry_pi_seeed_gsr,"2483658,0.7164"
2026-06-01T00:44:05.050,hardware_check,self_20260601_004314,clip_001,1,listen,,0.7253,2483679.0,raspberry_pi_seeed_gsr,"2483679,0.7253"
2026-06-01T00:44:05.090,hardware_check,self_20260601_004314,clip_001,1,listen,,0.7293,2483700.0,raspberry_pi_seeed_gsr,"2483700,0.7293"
2026-06-01T00:44:05.092,hardware_check,self_20260601_004314,clip_001,1,listen,,0.7172,2483721.0,raspberry_pi_seeed_gsr,"2483721,0.7172"
2026-06-01T00:44:05.114,hardware_check,self_20260601_004314,clip_001,1,listen,,0.7108,2483742.0,raspberry_pi_seeed_gsr,"2483742,0.7108"
2026-06-01T00:44:05.133,hardware_check,self_20260601_004314,clip_001,1,listen,,0.7269,2483763.0,raspberry_pi_seeed_gsr,"2483763,0.7269"
2026-06-01T00:44:05.154,hardware_check,self_20260601_004314,clip_001,1,listen,,0.7325,2483784.0,raspberry_pi_seeed_gsr,"2483784,0.7325"
2026-06-01T00:44:05.175,hardware_check,self_20260601_004314,clip_001,1,listen,,0.7164,2483805.0,raspberry_pi_seeed_gsr,"2483805,0.7164"
2026-06-01T00:44:05.196,hardware_check,self_20260601_004314,clip_001,1,listen,,0.7156,2483826.0,raspberry_pi_seeed_gsr,"2483826,0.7156"
2026-06-01T00:44:05.217,hardware_check,self_20260601_004314,clip_001,1,listen,,0.7309,2483847.0,raspberry_pi_seeed_gsr,"2483847,0.7309"
2026-06-01T00:44:05.238,hardware_check,self_20260601_004314,clip_001,1,listen,,0.7293,2483868.0,raspberry_pi_seeed_gsr,"2483868,0.7293"
2026-06-01T00:44:05.259,hardware_check,self_20260601_004314,clip_001,1,listen,,0.7091,2483889.0,raspberry_pi_seeed_gsr,"2483889,0.7091"
2026-06-01T00:44:05.280,hardware_check,self_20260601_004314,clip_001,1,listen,,0.7269,2483910.0,raspberry_pi_seeed_gsr,"2483910,0.7269"
2026-06-01T00:44:05.301,hardware_check,self_20260601_004314,clip_001,1,listen,,0.7373,2483931.0,raspberry_pi_seeed_gsr,"2483931,0.7373"
2026-06-01T00:44:05.332,hardware_check,self_20260601_004314,clip_001,1,listen,,0.7309,2483952.0,raspberry_pi_seeed_gsr,"2483952,0.7309"
2026-06-01T00:44:05.343,hardware_check,self_20260601_004314,clip_001,1,listen,,0.7172,2483973.0,raspberry_pi_seeed_gsr,"2483973,0.7172"
2026-06-01T00:44:05.364,hardware_check,self_20260601_004314,clip_001,1,listen,,0.7261,2483994.0,raspberry_pi_seeed_gsr,"2483994,0.7261"
2026-06-01T00:44:05.385,hardware_check,self_20260601_004314,clip_001,1,listen,,0.7365,2484015.0,raspberry_pi_seeed_gsr,"2484015,0.7365"
2026-06-01T00:44:05.405,hardware_check,self_20260601_004314,clip_001,1,listen,,0.7333,2484035.0,raspberry_pi_seeed_gsr,"2484035,0.7333"
2026-06-01T00:44:05.427,hardware_check,self_20260601_004314,clip_001,1,listen,,0.7172,2484056.0,raspberry_pi_seeed_gsr,"2484056,0.7172"
2026-06-01T00:44:05.446,hardware_check,self_20260601_004314,clip_001,1,listen,,0.7253,2484076.0,raspberry_pi_seeed_gsr,"2484076,0.7253"
2026-06-01T00:44:05.467,hardware_check,self_20260601_004314,clip_001,1,listen,,0.7333,2484097.0,raspberry_pi_seeed_gsr,"2484097,0.7333"
2026-06-01T00:44:05.488,hardware_check,self_20260601_004314,clip_001,1,listen,,0.7333,2484118.0,raspberry_pi_seeed_gsr,"2484118,0.7333"
2026-06-01T00:44:05.510,hardware_check,self_20260601_004314,clip_001,1,listen,,0.722,2484139.0,raspberry_pi_seeed_gsr,"2484139,0.7220"
2026-06-01T00:44:05.530,hardware_check,self_20260601_004314,clip_001,1,listen,,0.7349,2484160.0,raspberry_pi_seeed_gsr,"2484160,0.7349"
2026-06-01T00:44:05.552,hardware_check,self_20260601_004314,clip_001,1,listen,,0.7357,2484181.0,raspberry_pi_seeed_gsr,"2484181,0.7357"
2026-06-01T00:44:05.596,hardware_check,self_20260601_004314,clip_001,1,listen,,0.7398,2484202.0,raspberry_pi_seeed_gsr,"2484202,0.7398"
2026-06-01T00:44:05.598,hardware_check,self_20260601_004314,clip_001,1,listen,,0.7188,2484223.0,raspberry_pi_seeed_gsr,"2484223,0.7188"
2026-06-01T00:44:05.614,hardware_check,self_20260601_004314,clip_001,1,listen,,0.7253,2484244.0,raspberry_pi_seeed_gsr,"2484244,0.7253"
2026-06-01T00:44:05.635,hardware_check,self_20260601_004314,clip_001,1,listen,,0.7365,2484265.0,raspberry_pi_seeed_gsr,"2484265,0.7365"
2026-06-01T00:44:05.656,hardware_check,self_20260601_004314,clip_001,1,listen,,0.7333,2484286.0,raspberry_pi_seeed_gsr,"2484286,0.7333"
2026-06-01T00:44:05.678,hardware_check,self_20260601_004314,clip_001,1,listen,,0.7236,2484307.0,raspberry_pi_seeed_gsr,"2484307,0.7236"
2026-06-01T00:44:05.698,hardware_check,self_20260601_004314,clip_001,1,listen,,0.7245,2484328.0,raspberry_pi_seeed_gsr,"2484328,0.7245"
2026-06-01T00:44:05.719,hardware_check,self_20260601_004314,clip_001,1,listen,,0.7317,2484349.0,raspberry_pi_seeed_gsr,"2484349,0.7317"
2026-06-01T00:44:05.740,hardware_check,self_20260601_004314,clip_001,1,listen,,0.7269,2484370.0,raspberry_pi_seeed_gsr,"2484370,0.7269"
2026-06-01T00:44:05.761,hardware_check,self_20260601_004314,clip_001,1,listen,,0.7067,2484391.0,raspberry_pi_seeed_gsr,"2484391,0.7067"
2026-06-01T00:44:05.783,hardware_check,self_20260601_004314,clip_001,1,listen,,0.7285,2484412.0,raspberry_pi_seeed_gsr,"2484412,0.7285"
2026-06-01T00:44:05.803,hardware_check,self_20260601_004314,clip_001,1,listen,,0.7333,2484433.0,raspberry_pi_seeed_gsr,"2484433,0.7333"
2026-06-01T00:44:05.840,hardware_check,self_20260601_004314,clip_001,1,listen,,0.7124,2484454.0,raspberry_pi_seeed_gsr,"2484454,0.7124"
2026-06-01T00:44:05.845,hardware_check,self_20260601_004314,clip_001,1,listen,,0.7156,2484475.0,raspberry_pi_seeed_gsr,"2484475,0.7156"
2026-06-01T00:44:05.866,hardware_check,self_20260601_004314,clip_001,1,listen,,0.7196,2484496.0,raspberry_pi_seeed_gsr,"2484496,0.7196"
2026-06-01T00:44:05.887,hardware_check,self_20260601_004314,clip_001,1,listen,,0.7261,2484517.0,raspberry_pi_seeed_gsr,"2484517,0.7261"
2026-06-01T00:44:05.908,hardware_check,self_20260601_004314,clip_001,1,listen,,0.71,2484538.0,raspberry_pi_seeed_gsr,"2484538,0.7100"
2026-06-01T00:44:05.929,hardware_check,self_20260601_004314,clip_001,1,listen,,0.7043,2484558.0,raspberry_pi_seeed_gsr,"2484558,0.7043"
2026-06-01T00:44:05.950,hardware_check,self_20260601_004314,clip_001,1,listen,,0.7083,2484579.0,raspberry_pi_seeed_gsr,"2484579,0.7083"
2026-06-01T00:44:05.971,hardware_check,self_20260601_004314,clip_001,1,listen,,0.7204,2484600.0,raspberry_pi_seeed_gsr,"2484600,0.7204"
2026-06-01T00:44:05.992,hardware_check,self_20260601_004314,clip_001,1,listen,,0.7293,2484621.0,raspberry_pi_seeed_gsr,"2484621,0.7293"
2026-06-01T00:44:06.013,hardware_check,self_20260601_004314,clip_001,1,listen,,0.7043,2484642.0,raspberry_pi_seeed_gsr,"2484642,0.7043"
2026-06-01T00:44:06.034,hardware_check,self_20260601_004314,clip_001,1,listen,,0.7067,2484663.0,raspberry_pi_seeed_gsr,"2484663,0.7067"
2026-06-01T00:44:06.054,hardware_check,self_20260601_004314,clip_001,1,listen,,0.718,2484684.0,raspberry_pi_seeed_gsr,"2484684,0.7180"
2026-06-01T00:44:06.085,hardware_check,self_20260601_004314,clip_001,1,listen,,0.6987,2484705.0,raspberry_pi_seeed_gsr,"2484705,0.6987"
2026-06-01T00:44:06.096,hardware_check,self_20260601_004314,clip_001,1,listen,,0.6858,2484726.0,raspberry_pi_seeed_gsr,"2484726,0.6858"
2026-06-01T00:44:06.117,hardware_check,self_20260601_004314,clip_001,1,listen,,0.7075,2484747.0,raspberry_pi_seeed_gsr,"2484747,0.7075"
2026-06-01T00:44:06.138,hardware_check,self_20260601_004314,clip_001,1,listen,,0.71,2484768.0,raspberry_pi_seeed_gsr,"2484768,0.7100"
2026-06-01T00:44:06.158,hardware_check,self_20260601_004314,clip_001,1,listen,,0.6922,2484788.0,raspberry_pi_seeed_gsr,"2484788,0.6922"
2026-06-01T00:44:06.179,hardware_check,self_20260601_004314,clip_001,1,listen,,0.6914,2484809.0,raspberry_pi_seeed_gsr,"2484809,0.6914"
2026-06-01T00:44:06.200,hardware_check,self_20260601_004314,clip_001,1,listen,,0.7003,2484830.0,raspberry_pi_seeed_gsr,"2484830,0.7003"
2026-06-01T00:44:06.221,hardware_check,self_20260601_004314,clip_001,1,listen,,0.6979,2484851.0,raspberry_pi_seeed_gsr,"2484851,0.6979"
2026-06-01T00:44:06.242,hardware_check,self_20260601_004314,clip_001,1,listen,,0.6834,2484872.0,raspberry_pi_seeed_gsr,"2484872,0.6834"
2026-06-01T00:44:06.263,hardware_check,self_20260601_004314,clip_001,1,listen,,0.6866,2484893.0,raspberry_pi_seeed_gsr,"2484893,0.6866"
2026-06-01T00:44:06.285,hardware_check,self_20260601_004314,clip_001,1,listen,,0.6987,2484914.0,raspberry_pi_seeed_gsr,"2484914,0.6987"
2026-06-01T00:44:06.306,hardware_check,self_20260601_004314,clip_001,1,listen,,0.6874,2484935.0,raspberry_pi_seeed_gsr,"2484935,0.6874"
2026-06-01T00:44:06.326,hardware_check,self_20260601_004314,clip_001,1,listen,,0.6793,2484956.0,raspberry_pi_seeed_gsr,"2484956,0.6793"
2026-06-01T00:44:06.358,hardware_check,self_20260601_004314,clip_001,1,listen,,0.6882,2484977.0,raspberry_pi_seeed_gsr,"2484977,0.6882"
2026-06-01T00:44:06.368,hardware_check,self_20260601_004314,clip_001,1,listen,,0.6995,2484998.0,raspberry_pi_seeed_gsr,"2484998,0.6995"
2026-06-01T00:44:06.389,hardware_check,self_20260601_004314,clip_001,1,listen,,0.6801,2485019.0,raspberry_pi_seeed_gsr,"2485019,0.6801"
2026-06-01T00:44:06.410,hardware_check,self_20260601_004314,clip_001,1,listen,,0.6769,2485040.0,raspberry_pi_seeed_gsr,"2485040,0.6769"
2026-06-01T00:44:06.431,hardware_check,self_20260601_004314,clip_001,1,listen,,0.6785,2485061.0,raspberry_pi_seeed_gsr,"2485061,0.6785"
2026-06-01T00:44:06.452,hardware_check,self_20260601_004314,clip_001,1,listen,,0.6882,2485082.0,raspberry_pi_seeed_gsr,"2485082,0.6882"
2026-06-01T00:44:06.473,hardware_check,self_20260601_004314,clip_001,1,listen,,0.6818,2485103.0,raspberry_pi_seeed_gsr,"2485103,0.6818"
2026-06-01T00:44:06.494,hardware_check,self_20260601_004314,clip_001,1,listen,,0.6753,2485124.0,raspberry_pi_seeed_gsr,"2485124,0.6753"
2026-06-01T00:44:06.516,hardware_check,self_20260601_004314,clip_001,1,listen,,0.6785,2485145.0,raspberry_pi_seeed_gsr,"2485145,0.6785"
2026-06-01T00:44:06.537,hardware_check,self_20260601_004314,clip_001,1,listen,,0.6818,2485166.0,raspberry_pi_seeed_gsr,"2485166,0.6818"
2026-06-01T00:44:06.558,hardware_check,self_20260601_004314,clip_001,1,listen,,0.6745,2485187.0,raspberry_pi_seeed_gsr,"2485187,0.6745"
2026-06-01T00:44:06.579,hardware_check,self_20260601_004314,clip_001,1,listen,,0.664,2485208.0,raspberry_pi_seeed_gsr,"2485208,0.6640"
2026-06-01T00:44:06.624,hardware_check,self_20260601_004314,clip_001,1,listen,,0.6809,2485229.0,raspberry_pi_seeed_gsr,"2485229,0.6809"
2026-06-01T00:44:06.626,hardware_check,self_20260601_004314,clip_001,1,listen,,0.6866,2485250.0,raspberry_pi_seeed_gsr,"2485250,0.6866"
2026-06-01T00:44:06.641,hardware_check,self_20260601_004314,clip_001,1,listen,,0.6584,2485271.0,raspberry_pi_seeed_gsr,"2485271,0.6584"
2026-06-01T00:44:06.662,hardware_check,self_20260601_004314,clip_001,1,listen,,0.6664,2485292.0,raspberry_pi_seeed_gsr,"2485292,0.6664"
2026-06-01T00:44:06.683,hardware_check,self_20260601_004314,clip_001,1,listen,,0.6777,2485313.0,raspberry_pi_seeed_gsr,"2485313,0.6777"
2026-06-01T00:44:06.704,hardware_check,self_20260601_004314,clip_001,1,listen,,0.6826,2485334.0,raspberry_pi_seeed_gsr,"2485334,0.6826"
2026-06-01T00:44:06.725,hardware_check,self_20260601_004314,clip_001,1,listen,,0.6648,2485355.0,raspberry_pi_seeed_gsr,"2485355,0.6648"
2026-06-01T00:44:06.746,hardware_check,self_20260601_004314,clip_001,1,listen,,0.6592,2485376.0,raspberry_pi_seeed_gsr,"2485376,0.6592"
2026-06-01T00:44:06.768,hardware_check,self_20260601_004314,clip_001,1,listen,,0.6753,2485397.0,raspberry_pi_seeed_gsr,"2485397,0.6753"
2026-06-01T00:44:06.789,hardware_check,self_20260601_004314,clip_001,1,listen,,0.6777,2485418.0,raspberry_pi_seeed_gsr,"2485418,0.6777"
2026-06-01T00:44:06.810,hardware_check,self_20260601_004314,clip_001,1,listen,,0.6608,2485439.0,raspberry_pi_seeed_gsr,"2485439,0.6608"
2026-06-01T00:44:06.831,hardware_check,self_20260601_004314,clip_001,1,listen,,0.6616,2485460.0,raspberry_pi_seeed_gsr,"2485460,0.6616"
2026-06-01T00:44:06.876,hardware_check,self_20260601_004314,clip_001,1,listen,,0.6737,2485481.0,raspberry_pi_seeed_gsr,"2485481,0.6737"
2026-06-01T00:44:06.877,hardware_check,self_20260601_004314,clip_001,1,listen,,0.6713,2485502.0,raspberry_pi_seeed_gsr,"2485502,0.6713"
2026-06-01T00:44:06.893,hardware_check,self_20260601_004314,clip_001,1,listen,,0.6584,2485523.0,raspberry_pi_seeed_gsr,"2485523,0.6584"
2026-06-01T00:44:06.914,hardware_check,self_20260601_004314,clip_001,1,listen,,0.6656,2485544.0,raspberry_pi_seeed_gsr,"2485544,0.6656"
2026-06-01T00:44:06.935,hardware_check,self_20260601_004314,clip_001,1,listen,,0.6801,2485565.0,raspberry_pi_seeed_gsr,"2485565,0.6801"
2026-06-01T00:44:06.957,hardware_check,self_20260601_004314,clip_001,1,listen,,0.6769,2485586.0,raspberry_pi_seeed_gsr,"2485586,0.6769"
2026-06-01T00:44:06.977,hardware_check,self_20260601_004314,clip_001,1,listen,,0.6785,2485607.0,raspberry_pi_seeed_gsr,"2485607,0.6785"
2026-06-01T00:44:06.998,hardware_check,self_20260601_004314,clip_001,1,listen,,0.664,2485628.0,raspberry_pi_seeed_gsr,"2485628,0.6640"
2026-06-01T00:44:07.020,hardware_check,self_20260601_004314,clip_001,1,listen,,0.6777,2485649.0,raspberry_pi_seeed_gsr,"2485649,0.6777"
2026-06-01T00:44:07.041,hardware_check,self_20260601_004314,clip_001,1,listen,,0.6656,2485670.0,raspberry_pi_seeed_gsr,"2485670,0.6656"
2026-06-01T00:44:07.062,hardware_check,self_20260601_004314,clip_001,1,listen,,0.6544,2485691.0,raspberry_pi_seeed_gsr,"2485691,0.6544"
2026-06-01T00:44:07.082,hardware_check,self_20260601_004314,clip_001,1,listen,,0.6697,2485712.0,raspberry_pi_seeed_gsr,"2485712,0.6697"
2026-06-01T00:44:07.121,hardware_check,self_20260601_004314,clip_001,1,listen,,0.6818,2485733.0,raspberry_pi_seeed_gsr,"2485733,0.6818"
2026-06-01T00:44:07.124,hardware_check,self_20260601_004314,clip_001,1,listen,,0.6705,2485754.0,raspberry_pi_seeed_gsr,"2485754,0.6705"
2026-06-01T00:44:07.145,hardware_check,self_20260601_004314,clip_001,1,listen,,0.6624,2485775.0,raspberry_pi_seeed_gsr,"2485775,0.6624"
2026-06-01T00:44:07.166,hardware_check,self_20260601_004314,clip_001,1,listen,,0.6737,2485796.0,raspberry_pi_seeed_gsr,"2485796,0.6737"
2026-06-01T00:44:07.187,hardware_check,self_20260601_004314,clip_001,1,listen,,0.6809,2485817.0,raspberry_pi_seeed_gsr,"2485817,0.6809"
2026-06-01T00:44:07.208,hardware_check,self_20260601_004314,clip_001,1,listen,,0.6689,2485838.0,raspberry_pi_seeed_gsr,"2485838,0.6689"
2026-06-01T00:44:07.229,hardware_check,self_20260601_004314,clip_001,1,listen,,0.664,2485859.0,raspberry_pi_seeed_gsr,"2485859,0.6640"
2026-06-01T00:44:07.250,hardware_check,self_20260601_004314,clip_001,1,listen,,0.6721,2485880.0,raspberry_pi_seeed_gsr,"2485880,0.6721"
2026-06-01T00:44:07.271,hardware_check,self_20260601_004314,clip_001,1,listen,,0.6777,2485901.0,raspberry_pi_seeed_gsr,"2485901,0.6777"
2026-06-01T00:44:07.292,hardware_check,self_20260601_004314,clip_001,1,listen,,0.6624,2485922.0,raspberry_pi_seeed_gsr,"2485922,0.6624"
2026-06-01T00:44:07.313,hardware_check,self_20260601_004314,clip_001,1,listen,,0.6519,2485943.0,raspberry_pi_seeed_gsr,"2485943,0.6519"
2026-06-01T00:44:07.334,hardware_check,self_20260601_004314,clip_001,1,listen,,0.6809,2485964.0,raspberry_pi_seeed_gsr,"2485964,0.6809"
2026-06-01T00:44:07.363,hardware_check,self_20260601_004314,clip_001,1,listen,,0.6729,2485985.0,raspberry_pi_seeed_gsr,"2485985,0.6729"
2026-06-01T00:44:07.376,hardware_check,self_20260601_004314,clip_001,1,listen,,0.66,2486006.0,raspberry_pi_seeed_gsr,"2486006,0.6600"
2026-06-01T00:44:07.396,hardware_check,self_20260601_004314,clip_001,1,listen,,0.66,2486026.0,raspberry_pi_seeed_gsr,"2486026,0.6600"
2026-06-01T00:44:07.416,hardware_check,self_20260601_004314,clip_001,1,listen,,0.6737,2486046.0,raspberry_pi_seeed_gsr,"2486046,0.6737"
2026-06-01T00:44:07.437,hardware_check,self_20260601_004314,clip_001,1,listen,,0.6705,2486067.0,raspberry_pi_seeed_gsr,"2486067,0.6705"
2026-06-01T00:44:07.458,hardware_check,self_20260601_004314,clip_001,1,listen,,0.6544,2486088.0,raspberry_pi_seeed_gsr,"2486088,0.6544"
2026-06-01T00:44:07.480,hardware_check,self_20260601_004314,clip_001,1,listen,,0.6648,2486109.0,raspberry_pi_seeed_gsr,"2486109,0.6648"
2026-06-01T00:44:07.500,hardware_check,self_20260601_004314,clip_001,1,listen,,0.6721,2486130.0,raspberry_pi_seeed_gsr,"2486130,0.6721"
2026-06-01T00:44:07.522,hardware_check,self_20260601_004314,clip_001,1,listen,,0.6769,2486151.0,raspberry_pi_seeed_gsr,"2486151,0.6769"
2026-06-01T00:44:07.543,hardware_check,self_20260601_004314,clip_001,1,listen,,0.664,2486172.0,raspberry_pi_seeed_gsr,"2486172,0.6640"
2026-06-01T00:44:07.563,hardware_check,self_20260601_004314,clip_001,1,listen,,0.6753,2486193.0,raspberry_pi_seeed_gsr,"2486193,0.6753"
2026-06-01T00:44:07.585,hardware_check,self_20260601_004314,clip_001,1,listen,,0.6858,2486214.0,raspberry_pi_seeed_gsr,"2486214,0.6858"
2026-06-01T00:44:07.630,hardware_check,self_20260601_004314,clip_001,1,listen,,0.685,2486235.0,raspberry_pi_seeed_gsr,"2486235,0.6850"
2026-06-01T00:44:07.631,hardware_check,self_20260601_004314,clip_001,1,listen,,0.6664,2486256.0,raspberry_pi_seeed_gsr,"2486256,0.6664"
2026-06-01T00:44:07.647,hardware_check,self_20260601_004314,clip_001,1,listen,,0.6592,2486277.0,raspberry_pi_seeed_gsr,"2486277,0.6592"
2026-06-01T00:44:07.668,hardware_check,self_20260601_004314,clip_001,1,listen,,0.6801,2486298.0,raspberry_pi_seeed_gsr,"2486298,0.6801"
2026-06-01T00:44:07.689,hardware_check,self_20260601_004314,clip_001,1,listen,,0.6745,2486319.0,raspberry_pi_seeed_gsr,"2486319,0.6745"
2026-06-01T00:44:07.710,hardware_check,self_20260601_004314,clip_001,1,listen,,0.6254,2486340.0,raspberry_pi_seeed_gsr,"2486340,0.6254"
2026-06-01T00:44:07.731,hardware_check,self_20260601_004314,clip_001,1,listen,,0.6729,2486361.0,raspberry_pi_seeed_gsr,"2486361,0.6729"
2026-06-01T00:44:07.752,hardware_check,self_20260601_004314,clip_001,1,listen,,0.6818,2486382.0,raspberry_pi_seeed_gsr,"2486382,0.6818"
2026-06-01T00:44:07.773,hardware_check,self_20260601_004314,clip_001,1,listen,,0.6656,2486403.0,raspberry_pi_seeed_gsr,"2486403,0.6656"
2026-06-01T00:44:07.795,hardware_check,self_20260601_004314,clip_001,1,listen,,0.6681,2486424.0,raspberry_pi_seeed_gsr,"2486424,0.6681"
2026-06-01T00:44:07.816,hardware_check,self_20260601_004314,clip_001,1,listen,,0.6713,2486445.0,raspberry_pi_seeed_gsr,"2486445,0.6713"
2026-06-01T00:44:07.837,hardware_check,self_20260601_004314,clip_001,1,listen,,0.685,2486466.0,raspberry_pi_seeed_gsr,"2486466,0.6850"
2026-06-01T00:44:07.879,hardware_check,self_20260601_004314,clip_001,1,listen,,0.6769,2486487.0,raspberry_pi_seeed_gsr,"2486487,0.6769"
2026-06-01T00:44:07.880,hardware_check,self_20260601_004314,clip_001,1,listen,,0.6648,2486508.0,raspberry_pi_seeed_gsr,"2486508,0.6648"
2026-06-01T00:44:07.899,hardware_check,self_20260601_004314,clip_001,1,listen,,0.6777,2486529.0,raspberry_pi_seeed_gsr,"2486529,0.6777"
2026-06-01T00:44:07.920,hardware_check,self_20260601_004314,clip_001,1,listen,,0.6866,2486550.0,raspberry_pi_seeed_gsr,"2486550,0.6866"
2026-06-01T00:44:07.941,hardware_check,self_20260601_004314,clip_001,1,listen,,0.6673,2486571.0,raspberry_pi_seeed_gsr,"2486571,0.6673"
2026-06-01T00:44:07.962,hardware_check,self_20260601_004314,clip_001,1,listen,,0.6737,2486592.0,raspberry_pi_seeed_gsr,"2486592,0.6737"
2026-06-01T00:44:07.983,hardware_check,self_20260601_004314,clip_001,1,listen,,0.6777,2486613.0,raspberry_pi_seeed_gsr,"2486613,0.6777"
2026-06-01T00:44:08.004,hardware_check,self_20260601_004314,clip_001,1,listen,,0.6946,2486634.0,raspberry_pi_seeed_gsr,"2486634,0.6946"
2026-06-01T00:44:08.026,hardware_check,self_20260601_004314,clip_001,1,listen,,0.6737,2486655.0,raspberry_pi_seeed_gsr,"2486655,0.6737"
2026-06-01T00:44:08.046,hardware_check,self_20260601_004314,clip_001,1,listen,,0.6713,2486676.0,raspberry_pi_seeed_gsr,"2486676,0.6713"
2026-06-01T00:44:08.068,hardware_check,self_20260601_004314,clip_001,1,listen,,0.6834,2486697.0,raspberry_pi_seeed_gsr,"2486697,0.6834"
2026-06-01T00:44:08.089,hardware_check,self_20260601_004314,clip_001,1,listen,,0.6809,2486718.0,raspberry_pi_seeed_gsr,"2486718,0.6809"
