timestamp,user_id,session_id,clip_id,trial_index,phase,hr,eda,sensor_elapsed_ms,source,raw_line
2026-06-01T11:19:23.554,hardware_check,self_20260601_111921,clip_001,1,rest,,1.4667,211097.0,raspberry_pi_seeed_gsr,"211097,1.4667"
2026-06-01T11:19:23.555,hardware_check,self_20260601_111921,clip_001,1,rest,,1.4731,211118.0,raspberry_pi_seeed_gsr,"211118,1.4731"
2026-06-01T11:19:23.557,hardware_check,self_20260601_111921,clip_001,1,rest,,1.4804,211139.0,raspberry_pi_seeed_gsr,"211139,1.4804"
2026-06-01T11:19:23.558,hardware_check,self_20260601_111921,clip_001,1,rest,,1.4651,211160.0,raspberry_pi_seeed_gsr,"211160,1.4651"
2026-06-01T11:19:23.559,hardware_check,self_20260601_111921,clip_001,1,rest,,1.4723,211181.0,raspberry_pi_seeed_gsr,"211181,1.4723"
2026-06-01T11:19:23.560,hardware_check,self_20260601_111921,clip_001,1,rest,,1.4715,211202.0,raspberry_pi_seeed_gsr,"211202,1.4715"
2026-06-01T11:19:23.561,hardware_check,self_20260601_111921,clip_001,1,rest,,1.4699,211223.0,raspberry_pi_seeed_gsr,"211223,1.4699"
2026-06-01T11:19:23.561,hardware_check,self_20260601_111921,clip_001,1,rest,,1.4739,211243.0,raspberry_pi_seeed_gsr,"211243,1.4739"
2026-06-01T11:19:23.562,hardware_check,self_20260601_111921,clip_001,1,rest,,1.4715,211264.0,raspberry_pi_seeed_gsr,"211264,1.4715"
2026-06-01T11:19:23.562,hardware_check,self_20260601_111921,clip_001,1,rest,,1.4739,211285.0,raspberry_pi_seeed_gsr,"211285,1.4739"
2026-06-01T11:19:23.563,hardware_check,self_20260601_111921,clip_001,1,rest,,1.482,211306.0,raspberry_pi_seeed_gsr,"211306,1.4820"
2026-06-01T11:19:23.564,hardware_check,self_20260601_111921,clip_001,1,rest,,1.4643,211327.0,raspberry_pi_seeed_gsr,"211327,1.4643"
2026-06-01T11:19:23.564,hardware_check,self_20260601_111921,clip_001,1,rest,,1.4707,211348.0,raspberry_pi_seeed_gsr,"211348,1.4707"
2026-06-01T11:19:23.565,hardware_check,self_20260601_111921,clip_001,1,rest,,1.4723,211369.0,raspberry_pi_seeed_gsr,"211369,1.4723"
2026-06-01T11:19:23.565,hardware_check,self_20260601_111921,clip_001,1,rest,,1.4723,211390.0,raspberry_pi_seeed_gsr,"211390,1.4723"
2026-06-01T11:19:23.566,hardware_check,self_20260601_111921,clip_001,1,rest,,1.4715,211411.0,raspberry_pi_seeed_gsr,"211411,1.4715"
2026-06-01T11:19:23.566,hardware_check,self_20260601_111921,clip_001,1,rest,,1.4723,211432.0,raspberry_pi_seeed_gsr,"211432,1.4723"
2026-06-01T11:19:23.567,hardware_check,self_20260601_111921,clip_001,1,rest,,1.4667,211453.0,raspberry_pi_seeed_gsr,"211453,1.4667"
2026-06-01T11:19:23.569,hardware_check,self_20260601_111921,clip_001,1,rest,,1.4683,211474.0,raspberry_pi_seeed_gsr,"211474,1.4683"
2026-06-01T11:19:23.569,hardware_check,self_20260601_111921,clip_001,1,rest,,1.4683,211495.0,raspberry_pi_seeed_gsr,"211495,1.4683"
2026-06-01T11:19:23.570,hardware_check,self_20260601_111921,clip_001,1,rest,,1.4643,211516.0,raspberry_pi_seeed_gsr,"211516,1.4643"
2026-06-01T11:19:23.570,hardware_check,self_20260601_111921,clip_001,1,rest,,1.4699,211537.0,raspberry_pi_seeed_gsr,"211537,1.4699"
2026-06-01T11:19:23.571,hardware_check,self_20260601_111921,clip_001,1,rest,,1.4659,211557.0,raspberry_pi_seeed_gsr,"211557,1.4659"
2026-06-01T11:19:23.572,hardware_check,self_20260601_111921,clip_001,1,rest,,1.4707,211578.0,raspberry_pi_seeed_gsr,"211578,1.4707"
2026-06-01T11:19:23.573,hardware_check,self_20260601_111921,clip_001,1,rest,,1.4699,211599.0,raspberry_pi_seeed_gsr,"211599,1.4699"
2026-06-01T11:19:23.573,hardware_check,self_20260601_111921,clip_001,1,rest,,1.4683,211619.0,raspberry_pi_seeed_gsr,"211619,1.4683"
2026-06-01T11:19:23.574,hardware_check,self_20260601_111921,clip_001,1,rest,,1.4731,211640.0,raspberry_pi_seeed_gsr,"211640,1.4731"
2026-06-01T11:19:23.574,hardware_check,self_20260601_111921,clip_001,1,rest,,1.4675,211661.0,raspberry_pi_seeed_gsr,"211661,1.4675"
2026-06-01T11:19:23.575,hardware_check,self_20260601_111921,clip_001,1,rest,,1.4699,211682.0,raspberry_pi_seeed_gsr,"211682,1.4699"
2026-06-01T11:19:23.588,hardware_check,self_20260601_111921,clip_001,1,rest,,1.4723,211702.0,raspberry_pi_seeed_gsr,"211702,1.4723"
2026-06-01T11:19:23.609,hardware_check,self_20260601_111921,clip_001,1,rest,,1.4715,211723.0,raspberry_pi_seeed_gsr,"211723,1.4715"
2026-06-01T11:19:23.630,hardware_check,self_20260601_111921,clip_001,1,rest,,1.4683,211744.0,raspberry_pi_seeed_gsr,"211744,1.4683"
2026-06-01T11:19:23.651,hardware_check,self_20260601_111921,clip_001,1,rest,,1.4675,211765.0,raspberry_pi_seeed_gsr,"211765,1.4675"
2026-06-01T11:19:23.672,hardware_check,self_20260601_111921,clip_001,1,rest,,1.4707,211786.0,raspberry_pi_seeed_gsr,"211786,1.4707"
2026-06-01T11:19:23.694,hardware_check,self_20260601_111921,clip_001,1,rest,,1.4683,211807.0,raspberry_pi_seeed_gsr,"211807,1.4683"
2026-06-01T11:19:23.714,hardware_check,self_20260601_111921,clip_001,1,rest,,1.4715,211828.0,raspberry_pi_seeed_gsr,"211828,1.4715"
2026-06-01T11:19:23.735,hardware_check,self_20260601_111921,clip_001,1,rest,,1.4659,211849.0,raspberry_pi_seeed_gsr,"211849,1.4659"
2026-06-01T11:19:23.757,hardware_check,self_20260601_111921,clip_001,1,rest,,1.4659,211870.0,raspberry_pi_seeed_gsr,"211870,1.4659"
2026-06-01T11:19:23.778,hardware_check,self_20260601_111921,clip_001,1,rest,,1.4699,211891.0,raspberry_pi_seeed_gsr,"211891,1.4699"
2026-06-01T11:19:23.797,hardware_check,self_20260601_111921,clip_001,1,rest,,1.4675,211911.0,raspberry_pi_seeed_gsr,"211911,1.4675"
2026-06-01T11:19:23.818,hardware_check,self_20260601_111921,clip_001,1,rest,,1.4739,211932.0,raspberry_pi_seeed_gsr,"211932,1.4739"
2026-06-01T11:19:24.008,hardware_check,self_20260601_111921,clip_001,1,rest,,1.4675,211953.0,raspberry_pi_seeed_gsr,"211953,1.4675"
2026-06-01T11:19:24.008,hardware_check,self_20260601_111921,clip_001,1,rest,,1.4667,211974.0,raspberry_pi_seeed_gsr,"211974,1.4667"
2026-06-01T11:19:24.009,hardware_check,self_20260601_111921,clip_001,1,rest,,1.4578,211995.0,raspberry_pi_seeed_gsr,"211995,1.4578"
2026-06-01T11:19:24.009,hardware_check,self_20260601_111921,clip_001,1,rest,,1.4675,212016.0,raspberry_pi_seeed_gsr,"212016,1.4675"
2026-06-01T11:19:24.009,hardware_check,self_20260601_111921,clip_001,1,rest,,1.4675,212037.0,raspberry_pi_seeed_gsr,"212037,1.4675"
2026-06-01T11:19:24.010,hardware_check,self_20260601_111921,clip_001,1,rest,,1.4667,212058.0,raspberry_pi_seeed_gsr,"212058,1.4667"
2026-06-01T11:19:24.010,hardware_check,self_20260601_111921,clip_001,1,rest,,1.4586,212079.0,raspberry_pi_seeed_gsr,"212079,1.4586"
2026-06-01T11:19:24.011,hardware_check,self_20260601_111921,clip_001,1,rest,,1.4667,212100.0,raspberry_pi_seeed_gsr,"212100,1.4667"
2026-06-01T11:19:24.011,hardware_check,self_20260601_111921,clip_001,1,rest,,1.4643,212121.0,raspberry_pi_seeed_gsr,"212121,1.4643"
2026-06-01T11:19:24.028,hardware_check,self_20260601_111921,clip_001,1,rest,,1.4602,212142.0,raspberry_pi_seeed_gsr,"212142,1.4602"
2026-06-01T11:19:24.049,hardware_check,self_20260601_111921,clip_001,1,rest,,1.4667,212163.0,raspberry_pi_seeed_gsr,"212163,1.4667"
2026-06-01T11:19:24.070,hardware_check,self_20260601_111921,clip_001,1,rest,,1.4643,212184.0,raspberry_pi_seeed_gsr,"212184,1.4643"
2026-06-01T11:19:24.099,hardware_check,self_20260601_111921,clip_001,1,rest,,1.4796,212205.0,raspberry_pi_seeed_gsr,"212205,1.4796"
2026-06-01T11:19:24.112,hardware_check,self_20260601_111921,clip_001,1,rest,,1.4675,212226.0,raspberry_pi_seeed_gsr,"212226,1.4675"
2026-06-01T11:19:24.133,hardware_check,self_20260601_111921,clip_001,1,rest,,1.4659,212247.0,raspberry_pi_seeed_gsr,"212247,1.4659"
2026-06-01T11:19:24.154,hardware_check,self_20260601_111921,clip_001,1,rest,,1.4796,212268.0,raspberry_pi_seeed_gsr,"212268,1.4796"
2026-06-01T11:19:24.175,hardware_check,self_20260601_111921,clip_001,1,rest,,1.4667,212289.0,raspberry_pi_seeed_gsr,"212289,1.4667"
2026-06-01T11:19:24.196,hardware_check,self_20260601_111921,clip_001,1,rest,,1.4651,212310.0,raspberry_pi_seeed_gsr,"212310,1.4651"
2026-06-01T11:19:24.217,hardware_check,self_20260601_111921,clip_001,1,rest,,1.4554,212331.0,raspberry_pi_seeed_gsr,"212331,1.4554"
2026-06-01T11:19:24.238,hardware_check,self_20260601_111921,clip_001,1,rest,,1.4715,212352.0,raspberry_pi_seeed_gsr,"212352,1.4715"
2026-06-01T11:19:24.259,hardware_check,self_20260601_111921,clip_001,1,rest,,1.4586,212373.0,raspberry_pi_seeed_gsr,"212373,1.4586"
2026-06-01T11:19:24.280,hardware_check,self_20260601_111921,clip_001,1,rest,,1.4602,212394.0,raspberry_pi_seeed_gsr,"212394,1.4602"
2026-06-01T11:19:24.301,hardware_check,self_20260601_111921,clip_001,1,rest,,1.4651,212415.0,raspberry_pi_seeed_gsr,"212415,1.4651"
2026-06-01T11:19:24.322,hardware_check,self_20260601_111921,clip_001,1,rest,,1.4667,212436.0,raspberry_pi_seeed_gsr,"212436,1.4667"
2026-06-01T11:19:24.365,hardware_check,self_20260601_111921,clip_001,1,rest,,1.4667,212457.0,raspberry_pi_seeed_gsr,"212457,1.4667"
2026-06-01T11:19:24.365,hardware_check,self_20260601_111921,clip_001,1,rest,,1.4667,212478.0,raspberry_pi_seeed_gsr,"212478,1.4667"
2026-06-01T11:19:24.385,hardware_check,self_20260601_111921,clip_001,1,rest,,1.4618,212499.0,raspberry_pi_seeed_gsr,"212499,1.4618"
2026-06-01T11:19:24.406,hardware_check,self_20260601_111921,clip_001,1,rest,,1.4731,212520.0,raspberry_pi_seeed_gsr,"212520,1.4731"
2026-06-01T11:19:24.427,hardware_check,self_20260601_111921,clip_001,1,rest,,1.4659,212541.0,raspberry_pi_seeed_gsr,"212541,1.4659"
2026-06-01T11:19:24.448,hardware_check,self_20260601_111921,clip_001,1,rest,,1.4651,212562.0,raspberry_pi_seeed_gsr,"212562,1.4651"
2026-06-01T11:19:24.469,hardware_check,self_20260601_111921,clip_001,1,rest,,1.4643,212583.0,raspberry_pi_seeed_gsr,"212583,1.4643"
2026-06-01T11:19:24.490,hardware_check,self_20260601_111921,clip_001,1,rest,,1.4715,212604.0,raspberry_pi_seeed_gsr,"212604,1.4715"
2026-06-01T11:19:24.512,hardware_check,self_20260601_111921,clip_001,1,rest,,1.4643,212625.0,raspberry_pi_seeed_gsr,"212625,1.4643"
2026-06-01T11:19:24.532,hardware_check,self_20260601_111921,clip_001,1,rest,,1.4651,212646.0,raspberry_pi_seeed_gsr,"212646,1.4651"
2026-06-01T11:19:24.554,hardware_check,self_20260601_111921,clip_001,1,rest,,1.4707,212667.0,raspberry_pi_seeed_gsr,"212667,1.4707"
2026-06-01T11:19:24.574,hardware_check,self_20260601_111921,clip_001,1,rest,,1.4618,212688.0,raspberry_pi_seeed_gsr,"212688,1.4618"
2026-06-01T11:19:24.620,hardware_check,self_20260601_111921,clip_001,1,rest,,1.4578,212709.0,raspberry_pi_seeed_gsr,"212709,1.4578"
2026-06-01T11:19:24.621,hardware_check,self_20260601_111921,clip_001,1,rest,,1.457,212730.0,raspberry_pi_seeed_gsr,"212730,1.4570"
2026-06-01T11:19:24.637,hardware_check,self_20260601_111921,clip_001,1,rest,,1.4618,212751.0,raspberry_pi_seeed_gsr,"212751,1.4618"
2026-06-01T11:19:24.658,hardware_check,self_20260601_111921,clip_001,1,rest,,1.461,212772.0,raspberry_pi_seeed_gsr,"212772,1.4610"
2026-06-01T11:19:24.679,hardware_check,self_20260601_111921,clip_001,1,rest,,1.4602,212793.0,raspberry_pi_seeed_gsr,"212793,1.4602"
2026-06-01T11:19:24.700,hardware_check,self_20260601_111921,clip_001,1,rest,,1.4788,212814.0,raspberry_pi_seeed_gsr,"212814,1.4788"
2026-06-01T11:19:24.721,hardware_check,self_20260601_111921,clip_001,1,rest,,1.4635,212835.0,raspberry_pi_seeed_gsr,"212835,1.4635"
2026-06-01T11:19:24.742,hardware_check,self_20260601_111921,clip_001,1,rest,,1.4643,212856.0,raspberry_pi_seeed_gsr,"212856,1.4643"
2026-06-01T11:19:24.763,hardware_check,self_20260601_111921,clip_001,1,rest,,1.4618,212877.0,raspberry_pi_seeed_gsr,"212877,1.4618"
2026-06-01T11:19:24.784,hardware_check,self_20260601_111921,clip_001,1,rest,,1.4772,212898.0,raspberry_pi_seeed_gsr,"212898,1.4772"
2026-06-01T11:19:24.805,hardware_check,self_20260601_111921,clip_001,1,rest,,1.4586,212919.0,raspberry_pi_seeed_gsr,"212919,1.4586"
2026-06-01T11:19:24.827,hardware_check,self_20260601_111921,clip_001,1,rest,,1.4594,212940.0,raspberry_pi_seeed_gsr,"212940,1.4594"
2026-06-01T11:19:24.873,hardware_check,self_20260601_111921,clip_001,1,rest,,1.461,212961.0,raspberry_pi_seeed_gsr,"212961,1.4610"
2026-06-01T11:19:24.874,hardware_check,self_20260601_111921,clip_001,1,rest,,1.4651,212982.0,raspberry_pi_seeed_gsr,"212982,1.4651"
2026-06-01T11:19:24.889,hardware_check,self_20260601_111921,clip_001,1,rest,,1.4635,213003.0,raspberry_pi_seeed_gsr,"213003,1.4635"
2026-06-01T11:19:24.910,hardware_check,self_20260601_111921,clip_001,1,rest,,1.4594,213024.0,raspberry_pi_seeed_gsr,"213024,1.4594"
2026-06-01T11:19:24.931,hardware_check,self_20260601_111921,clip_001,1,rest,,1.4586,213045.0,raspberry_pi_seeed_gsr,"213045,1.4586"
2026-06-01T11:19:24.952,hardware_check,self_20260601_111921,clip_001,1,rest,,1.4651,213066.0,raspberry_pi_seeed_gsr,"213066,1.4651"
2026-06-01T11:19:24.973,hardware_check,self_20260601_111921,clip_001,1,rest,,1.4651,213087.0,raspberry_pi_seeed_gsr,"213087,1.4651"
2026-06-01T11:19:24.994,hardware_check,self_20260601_111921,clip_001,1,rest,,1.4675,213108.0,raspberry_pi_seeed_gsr,"213108,1.4675"
2026-06-01T11:19:25.015,hardware_check,self_20260601_111921,clip_001,1,rest,,1.4554,213129.0,raspberry_pi_seeed_gsr,"213129,1.4554"
2026-06-01T11:19:25.037,hardware_check,self_20260601_111921,clip_001,1,rest,,1.4602,213150.0,raspberry_pi_seeed_gsr,"213150,1.4602"
2026-06-01T11:19:25.057,hardware_check,self_20260601_111921,clip_001,1,rest,,1.4659,213171.0,raspberry_pi_seeed_gsr,"213171,1.4659"
2026-06-01T11:19:25.079,hardware_check,self_20260601_111921,clip_001,1,rest,,1.4586,213192.0,raspberry_pi_seeed_gsr,"213192,1.4586"
2026-06-01T11:19:25.124,hardware_check,self_20260601_111921,clip_001,1,rest,,1.4538,213213.0,raspberry_pi_seeed_gsr,"213213,1.4538"
2026-06-01T11:19:25.124,hardware_check,self_20260601_111921,clip_001,1,rest,,1.4659,213234.0,raspberry_pi_seeed_gsr,"213234,1.4659"
2026-06-01T11:19:25.141,hardware_check,self_20260601_111921,clip_001,1,rest,,1.4667,213255.0,raspberry_pi_seeed_gsr,"213255,1.4667"
2026-06-01T11:19:25.162,hardware_check,self_20260601_111921,clip_001,1,rest,,1.461,213276.0,raspberry_pi_seeed_gsr,"213276,1.4610"
2026-06-01T11:19:25.184,hardware_check,self_20260601_111921,clip_001,1,rest,,1.4651,213297.0,raspberry_pi_seeed_gsr,"213297,1.4651"
2026-06-01T11:19:25.204,hardware_check,self_20260601_111921,clip_001,1,rest,,1.4643,213318.0,raspberry_pi_seeed_gsr,"213318,1.4643"
2026-06-01T11:19:25.225,hardware_check,self_20260601_111921,clip_001,1,rest,,1.4699,213339.0,raspberry_pi_seeed_gsr,"213339,1.4699"
2026-06-01T11:19:25.245,hardware_check,self_20260601_111921,clip_001,1,rest,,1.4651,213359.0,raspberry_pi_seeed_gsr,"213359,1.4651"
2026-06-01T11:19:25.266,hardware_check,self_20260601_111921,clip_001,1,rest,,1.4546,213380.0,raspberry_pi_seeed_gsr,"213380,1.4546"
2026-06-01T11:19:25.287,hardware_check,self_20260601_111921,clip_001,1,rest,,1.4618,213401.0,raspberry_pi_seeed_gsr,"213401,1.4618"
2026-06-01T11:19:25.308,hardware_check,self_20260601_111921,clip_001,1,rest,,1.4635,213422.0,raspberry_pi_seeed_gsr,"213422,1.4635"
2026-06-01T11:19:25.329,hardware_check,self_20260601_111921,clip_001,1,rest,,1.4675,213443.0,raspberry_pi_seeed_gsr,"213443,1.4675"
2026-06-01T11:19:25.359,hardware_check,self_20260601_111921,clip_001,1,rest,,1.4643,213464.0,raspberry_pi_seeed_gsr,"213464,1.4643"
2026-06-01T11:19:25.371,hardware_check,self_20260601_111921,clip_001,1,rest,,1.4659,213485.0,raspberry_pi_seeed_gsr,"213485,1.4659"
2026-06-01T11:19:25.392,hardware_check,self_20260601_111921,clip_001,1,rest,,1.4667,213506.0,raspberry_pi_seeed_gsr,"213506,1.4667"
2026-06-01T11:19:25.413,hardware_check,self_20260601_111921,clip_001,1,rest,,1.4602,213527.0,raspberry_pi_seeed_gsr,"213527,1.4602"
2026-06-01T11:19:25.434,hardware_check,self_20260601_111921,clip_001,1,rest,,1.461,213548.0,raspberry_pi_seeed_gsr,"213548,1.4610"
2026-06-01T11:19:25.455,hardware_check,self_20260601_111921,clip_001,1,rest,,1.4643,213569.0,raspberry_pi_seeed_gsr,"213569,1.4643"
2026-06-01T11:19:25.476,hardware_check,self_20260601_111921,clip_001,1,rest,,1.4643,213590.0,raspberry_pi_seeed_gsr,"213590,1.4643"
2026-06-01T11:19:25.497,hardware_check,self_20260601_111921,clip_001,1,rest,,1.4643,213611.0,raspberry_pi_seeed_gsr,"213611,1.4643"
2026-06-01T11:19:25.518,hardware_check,self_20260601_111921,clip_001,1,rest,,1.4675,213632.0,raspberry_pi_seeed_gsr,"213632,1.4675"
2026-06-01T11:19:25.539,hardware_check,self_20260601_111921,clip_001,1,rest,,1.4707,213653.0,raspberry_pi_seeed_gsr,"213653,1.4707"
2026-06-01T11:19:25.561,hardware_check,self_20260601_111921,clip_001,1,rest,,1.4554,213674.0,raspberry_pi_seeed_gsr,"213674,1.4554"
2026-06-01T11:19:25.581,hardware_check,self_20260601_111921,clip_001,1,rest,,1.4635,213695.0,raspberry_pi_seeed_gsr,"213695,1.4635"
2026-06-01T11:19:25.627,hardware_check,self_20260601_111921,clip_001,1,rest,,1.4651,213715.0,raspberry_pi_seeed_gsr,"213715,1.4651"
2026-06-01T11:19:25.628,hardware_check,self_20260601_111921,clip_001,1,rest,,1.4683,213736.0,raspberry_pi_seeed_gsr,"213736,1.4683"
2026-06-01T11:19:25.643,hardware_check,self_20260601_111921,clip_001,1,rest,,1.4602,213757.0,raspberry_pi_seeed_gsr,"213757,1.4602"
2026-06-01T11:19:25.664,hardware_check,self_20260601_111921,clip_001,1,rest,,1.4586,213778.0,raspberry_pi_seeed_gsr,"213778,1.4586"
2026-06-01T11:19:25.685,hardware_check,self_20260601_111921,clip_001,1,rest,,1.4659,213799.0,raspberry_pi_seeed_gsr,"213799,1.4659"
2026-06-01T11:19:25.706,hardware_check,self_20260601_111921,clip_001,1,rest,,1.4594,213820.0,raspberry_pi_seeed_gsr,"213820,1.4594"
2026-06-01T11:19:25.727,hardware_check,self_20260601_111921,clip_001,1,rest,,1.4651,213841.0,raspberry_pi_seeed_gsr,"213841,1.4651"
2026-06-01T11:19:25.748,hardware_check,self_20260601_111921,clip_001,1,rest,,1.4578,213862.0,raspberry_pi_seeed_gsr,"213862,1.4578"
2026-06-01T11:19:25.769,hardware_check,self_20260601_111921,clip_001,1,rest,,1.4715,213883.0,raspberry_pi_seeed_gsr,"213883,1.4715"
2026-06-01T11:19:25.791,hardware_check,self_20260601_111921,clip_001,1,rest,,1.4739,213904.0,raspberry_pi_seeed_gsr,"213904,1.4739"
2026-06-01T11:19:25.811,hardware_check,self_20260601_111921,clip_001,1,rest,,1.453,213925.0,raspberry_pi_seeed_gsr,"213925,1.4530"
2026-06-01T11:19:25.833,hardware_check,self_20260601_111921,clip_001,1,rest,,1.4675,213946.0,raspberry_pi_seeed_gsr,"213946,1.4675"
2026-06-01T11:19:25.853,hardware_check,self_20260601_111921,clip_001,1,rest,,1.461,213967.0,raspberry_pi_seeed_gsr,"213967,1.4610"
2026-06-01T11:19:25.885,hardware_check,self_20260601_111921,clip_001,1,rest,,1.4618,213988.0,raspberry_pi_seeed_gsr,"213988,1.4618"
2026-06-01T11:19:25.895,hardware_check,self_20260601_111921,clip_001,1,rest,,1.4643,214009.0,raspberry_pi_seeed_gsr,"214009,1.4643"
2026-06-01T11:19:25.916,hardware_check,self_20260601_111921,clip_001,1,rest,,1.4643,214030.0,raspberry_pi_seeed_gsr,"214030,1.4643"
2026-06-01T11:19:25.937,hardware_check,self_20260601_111921,clip_001,1,rest,,1.461,214051.0,raspberry_pi_seeed_gsr,"214051,1.4610"
2026-06-01T11:19:25.958,hardware_check,self_20260601_111921,clip_001,1,rest,,1.4659,214072.0,raspberry_pi_seeed_gsr,"214072,1.4659"
2026-06-01T11:19:25.979,hardware_check,self_20260601_111921,clip_001,1,rest,,1.4675,214093.0,raspberry_pi_seeed_gsr,"214093,1.4675"
2026-06-01T11:19:26.001,hardware_check,self_20260601_111921,clip_001,1,rest,,1.4659,214114.0,raspberry_pi_seeed_gsr,"214114,1.4659"
2026-06-01T11:19:26.021,hardware_check,self_20260601_111921,clip_001,1,rest,,1.4675,214135.0,raspberry_pi_seeed_gsr,"214135,1.4675"
2026-06-01T11:19:26.042,hardware_check,self_20260601_111921,clip_001,1,rest,,1.4578,214156.0,raspberry_pi_seeed_gsr,"214156,1.4578"
2026-06-01T11:19:26.064,hardware_check,self_20260601_111921,clip_001,1,rest,,1.4667,214177.0,raspberry_pi_seeed_gsr,"214177,1.4667"
2026-06-01T11:19:26.085,hardware_check,self_20260601_111921,clip_001,1,rest,,1.4651,214198.0,raspberry_pi_seeed_gsr,"214198,1.4651"
2026-06-01T11:19:26.107,hardware_check,self_20260601_111921,clip_001,1,rest,,1.4643,214219.0,raspberry_pi_seeed_gsr,"214219,1.4643"
2026-06-01T11:19:26.155,hardware_check,self_20260601_111921,clip_001,1,rest,,1.4514,214240.0,raspberry_pi_seeed_gsr,"214240,1.4514"
2026-06-01T11:19:26.157,hardware_check,self_20260601_111921,clip_001,1,rest,,1.4618,214261.0,raspberry_pi_seeed_gsr,"214261,1.4618"
2026-06-01T11:19:26.169,hardware_check,self_20260601_111921,clip_001,1,rest,,1.4683,214282.0,raspberry_pi_seeed_gsr,"214282,1.4683"
2026-06-01T11:19:26.189,hardware_check,self_20260601_111921,clip_001,1,rest,,1.4554,214303.0,raspberry_pi_seeed_gsr,"214303,1.4554"
2026-06-01T11:19:26.210,hardware_check,self_20260601_111921,clip_001,1,rest,,1.4659,214324.0,raspberry_pi_seeed_gsr,"214324,1.4659"
2026-06-01T11:19:26.231,hardware_check,self_20260601_111921,clip_001,1,rest,,1.4643,214345.0,raspberry_pi_seeed_gsr,"214345,1.4643"
2026-06-01T11:19:26.252,hardware_check,self_20260601_111921,clip_001,1,rest,,1.4384,214366.0,raspberry_pi_seeed_gsr,"214366,1.4384"
2026-06-01T11:19:26.273,hardware_check,self_20260601_111921,clip_001,1,rest,,1.4651,214387.0,raspberry_pi_seeed_gsr,"214387,1.4651"
2026-06-01T11:19:26.294,hardware_check,self_20260601_111921,clip_001,1,rest,,1.4667,214408.0,raspberry_pi_seeed_gsr,"214408,1.4667"
2026-06-01T11:19:26.315,hardware_check,self_20260601_111921,clip_001,1,rest,,1.4667,214429.0,raspberry_pi_seeed_gsr,"214429,1.4667"
2026-06-01T11:19:26.336,hardware_check,self_20260601_111921,clip_001,1,rest,,1.4683,214450.0,raspberry_pi_seeed_gsr,"214450,1.4683"
2026-06-01T11:19:26.357,hardware_check,self_20260601_111921,clip_001,1,rest,,1.4747,214471.0,raspberry_pi_seeed_gsr,"214471,1.4747"
2026-06-01T11:19:26.378,hardware_check,self_20260601_111921,clip_001,1,rest,,1.4675,214492.0,raspberry_pi_seeed_gsr,"214492,1.4675"
2026-06-01T11:19:26.418,hardware_check,self_20260601_111921,clip_001,1,rest,,1.4643,214513.0,raspberry_pi_seeed_gsr,"214513,1.4643"
2026-06-01T11:19:26.420,hardware_check,self_20260601_111921,clip_001,1,rest,,1.4594,214534.0,raspberry_pi_seeed_gsr,"214534,1.4594"
2026-06-01T11:19:26.441,hardware_check,self_20260601_111921,clip_001,1,rest,,1.4707,214555.0,raspberry_pi_seeed_gsr,"214555,1.4707"
2026-06-01T11:19:26.462,hardware_check,self_20260601_111921,clip_001,1,rest,,1.4635,214576.0,raspberry_pi_seeed_gsr,"214576,1.4635"
2026-06-01T11:19:26.483,hardware_check,self_20260601_111921,clip_001,1,rest,,1.4723,214597.0,raspberry_pi_seeed_gsr,"214597,1.4723"
2026-06-01T11:19:26.504,hardware_check,self_20260601_111921,clip_001,1,rest,,1.4683,214618.0,raspberry_pi_seeed_gsr,"214618,1.4683"
2026-06-01T11:19:26.525,hardware_check,self_20260601_111921,clip_001,1,rest,,1.4667,214639.0,raspberry_pi_seeed_gsr,"214639,1.4667"
2026-06-01T11:19:26.546,hardware_check,self_20260601_111921,clip_001,1,rest,,1.4667,214660.0,raspberry_pi_seeed_gsr,"214660,1.4667"
2026-06-01T11:19:26.568,hardware_check,self_20260601_111921,clip_001,1,rest,,1.4707,214681.0,raspberry_pi_seeed_gsr,"214681,1.4707"
2026-06-01T11:19:26.588,hardware_check,self_20260601_111921,clip_001,1,rest,,1.4651,214702.0,raspberry_pi_seeed_gsr,"214702,1.4651"
2026-06-01T11:19:26.610,hardware_check,self_20260601_111921,clip_001,1,rest,,1.4635,214723.0,raspberry_pi_seeed_gsr,"214723,1.4635"
2026-06-01T11:19:26.631,hardware_check,self_20260601_111921,clip_001,1,rest,,1.461,214744.0,raspberry_pi_seeed_gsr,"214744,1.4610"
2026-06-01T11:19:26.678,hardware_check,self_20260601_111921,clip_001,1,rest,,1.4651,214765.0,raspberry_pi_seeed_gsr,"214765,1.4651"
2026-06-01T11:19:26.678,hardware_check,self_20260601_111921,clip_001,1,rest,,1.4723,214786.0,raspberry_pi_seeed_gsr,"214786,1.4723"
2026-06-01T11:19:26.693,hardware_check,self_20260601_111921,clip_001,1,rest,,1.4602,214807.0,raspberry_pi_seeed_gsr,"214807,1.4602"
2026-06-01T11:19:26.714,hardware_check,self_20260601_111921,clip_001,1,rest,,1.4659,214828.0,raspberry_pi_seeed_gsr,"214828,1.4659"
2026-06-01T11:19:26.735,hardware_check,self_20260601_111921,clip_001,1,rest,,1.4554,214849.0,raspberry_pi_seeed_gsr,"214849,1.4554"
2026-06-01T11:19:26.756,hardware_check,self_20260601_111921,clip_001,1,rest,,1.4659,214870.0,raspberry_pi_seeed_gsr,"214870,1.4659"
2026-06-01T11:19:26.777,hardware_check,self_20260601_111921,clip_001,1,rest,,1.4659,214891.0,raspberry_pi_seeed_gsr,"214891,1.4659"
2026-06-01T11:19:26.798,hardware_check,self_20260601_111921,clip_001,1,rest,,1.4683,214912.0,raspberry_pi_seeed_gsr,"214912,1.4683"
2026-06-01T11:19:26.819,hardware_check,self_20260601_111921,clip_001,1,rest,,1.4675,214933.0,raspberry_pi_seeed_gsr,"214933,1.4675"
2026-06-01T11:19:26.841,hardware_check,self_20260601_111921,clip_001,1,rest,,1.4651,214954.0,raspberry_pi_seeed_gsr,"214954,1.4651"
2026-06-01T11:19:26.862,hardware_check,self_20260601_111921,clip_001,1,rest,,1.4667,214975.0,raspberry_pi_seeed_gsr,"214975,1.4667"
2026-06-01T11:19:26.882,hardware_check,self_20260601_111921,clip_001,1,rest,,1.4691,214996.0,raspberry_pi_seeed_gsr,"214996,1.4691"
2026-06-01T11:19:26.929,hardware_check,self_20260601_111921,clip_001,1,rest,,1.4683,215017.0,raspberry_pi_seeed_gsr,"215017,1.4683"
2026-06-01T11:19:26.930,hardware_check,self_20260601_111921,clip_001,1,rest,,1.4699,215038.0,raspberry_pi_seeed_gsr,"215038,1.4699"
2026-06-01T11:19:26.944,hardware_check,self_20260601_111921,clip_001,1,rest,,1.4659,215058.0,raspberry_pi_seeed_gsr,"215058,1.4659"
2026-06-01T11:19:26.965,hardware_check,self_20260601_111921,clip_001,1,rest,,1.4812,215079.0,raspberry_pi_seeed_gsr,"215079,1.4812"
2026-06-01T11:19:26.986,hardware_check,self_20260601_111921,clip_001,1,rest,,1.478,215100.0,raspberry_pi_seeed_gsr,"215100,1.4780"
2026-06-01T11:19:27.007,hardware_check,self_20260601_111921,clip_001,1,rest,,1.4699,215121.0,raspberry_pi_seeed_gsr,"215121,1.4699"
2026-06-01T11:19:27.027,hardware_check,self_20260601_111921,clip_001,1,rest,,1.4683,215141.0,raspberry_pi_seeed_gsr,"215141,1.4683"
2026-06-01T11:19:27.048,hardware_check,self_20260601_111921,clip_001,1,rest,,1.4699,215162.0,raspberry_pi_seeed_gsr,"215162,1.4699"
2026-06-01T11:19:27.069,hardware_check,self_20260601_111921,clip_001,1,rest,,1.4667,215182.0,raspberry_pi_seeed_gsr,"215182,1.4667"
2026-06-01T11:19:27.089,hardware_check,self_20260601_111921,clip_001,1,rest,,1.4683,215203.0,raspberry_pi_seeed_gsr,"215203,1.4683"
2026-06-01T11:19:27.112,hardware_check,self_20260601_111921,clip_001,1,rest,,1.4739,215224.0,raspberry_pi_seeed_gsr,"215224,1.4739"
2026-06-01T11:19:27.131,hardware_check,self_20260601_111921,clip_001,1,rest,,1.4707,215245.0,raspberry_pi_seeed_gsr,"215245,1.4707"
2026-06-01T11:19:27.152,hardware_check,self_20260601_111921,clip_001,1,rest,,1.4643,215266.0,raspberry_pi_seeed_gsr,"215266,1.4643"
2026-06-01T11:19:27.184,hardware_check,self_20260601_111921,clip_001,1,rest,,1.4764,215287.0,raspberry_pi_seeed_gsr,"215287,1.4764"
2026-06-01T11:19:27.194,hardware_check,self_20260601_111921,clip_001,1,rest,,1.4659,215308.0,raspberry_pi_seeed_gsr,"215308,1.4659"
2026-06-01T11:19:27.215,hardware_check,self_20260601_111921,clip_001,1,rest,,1.4675,215329.0,raspberry_pi_seeed_gsr,"215329,1.4675"
2026-06-01T11:19:27.236,hardware_check,self_20260601_111921,clip_001,1,rest,,1.4651,215350.0,raspberry_pi_seeed_gsr,"215350,1.4651"
2026-06-01T11:19:27.257,hardware_check,self_20260601_111921,clip_001,1,rest,,1.4667,215371.0,raspberry_pi_seeed_gsr,"215371,1.4667"
2026-06-01T11:19:27.278,hardware_check,self_20260601_111921,clip_001,1,rest,,1.4707,215392.0,raspberry_pi_seeed_gsr,"215392,1.4707"
2026-06-01T11:19:27.299,hardware_check,self_20260601_111921,clip_001,1,rest,,1.4707,215413.0,raspberry_pi_seeed_gsr,"215413,1.4707"
2026-06-01T11:19:27.320,hardware_check,self_20260601_111921,clip_001,1,rest,,1.4715,215434.0,raspberry_pi_seeed_gsr,"215434,1.4715"
2026-06-01T11:19:27.341,hardware_check,self_20260601_111921,clip_001,1,rest,,1.4707,215455.0,raspberry_pi_seeed_gsr,"215455,1.4707"
2026-06-01T11:19:27.362,hardware_check,self_20260601_111921,clip_001,1,rest,,1.4772,215476.0,raspberry_pi_seeed_gsr,"215476,1.4772"
2026-06-01T11:19:27.383,hardware_check,self_20260601_111921,clip_001,1,rest,,1.4707,215497.0,raspberry_pi_seeed_gsr,"215497,1.4707"
2026-06-01T11:19:27.404,hardware_check,self_20260601_111921,clip_001,1,rest,,1.457,215518.0,raspberry_pi_seeed_gsr,"215518,1.4570"
2026-06-01T11:19:27.445,hardware_check,self_20260601_111921,clip_001,1,rest,,1.4643,215539.0,raspberry_pi_seeed_gsr,"215539,1.4643"
2026-06-01T11:19:27.446,hardware_check,self_20260601_111921,clip_001,1,rest,,1.4683,215560.0,raspberry_pi_seeed_gsr,"215560,1.4683"
2026-06-01T11:19:27.467,hardware_check,self_20260601_111921,clip_001,1,rest,,1.4764,215581.0,raspberry_pi_seeed_gsr,"215581,1.4764"
2026-06-01T11:19:27.488,hardware_check,self_20260601_111921,clip_001,1,rest,,1.4715,215602.0,raspberry_pi_seeed_gsr,"215602,1.4715"
2026-06-01T11:19:27.509,hardware_check,self_20260601_111921,clip_001,1,rest,,1.4667,215623.0,raspberry_pi_seeed_gsr,"215623,1.4667"
2026-06-01T11:19:27.530,hardware_check,self_20260601_111921,clip_001,1,rest,,1.4723,215644.0,raspberry_pi_seeed_gsr,"215644,1.4723"
2026-06-01T11:19:27.551,hardware_check,self_20260601_111921,clip_001,1,rest,,1.4675,215665.0,raspberry_pi_seeed_gsr,"215665,1.4675"
2026-06-01T11:19:27.572,hardware_check,self_20260601_111921,clip_001,1,rest,,1.4707,215686.0,raspberry_pi_seeed_gsr,"215686,1.4707"
2026-06-01T11:19:27.594,hardware_check,self_20260601_111921,clip_001,1,rest,,1.4723,215707.0,raspberry_pi_seeed_gsr,"215707,1.4723"
2026-06-01T11:19:27.615,hardware_check,self_20260601_111921,clip_001,1,rest,,1.4635,215728.0,raspberry_pi_seeed_gsr,"215728,1.4635"
2026-06-01T11:19:27.637,hardware_check,self_20260601_111921,clip_001,1,rest,,1.4699,215749.0,raspberry_pi_seeed_gsr,"215749,1.4699"
2026-06-01T11:19:27.656,hardware_check,self_20260601_111921,clip_001,1,rest,,1.4707,215769.0,raspberry_pi_seeed_gsr,"215769,1.4707"
2026-06-01T11:19:27.704,hardware_check,self_20260601_111921,clip_001,1,rest,,1.4683,215790.0,raspberry_pi_seeed_gsr,"215790,1.4683"
2026-06-01T11:19:27.705,hardware_check,self_20260601_111921,clip_001,1,rest,,1.4796,215811.0,raspberry_pi_seeed_gsr,"215811,1.4796"
2026-06-01T11:19:27.718,hardware_check,self_20260601_111921,clip_001,1,rest,,1.4659,215832.0,raspberry_pi_seeed_gsr,"215832,1.4659"
2026-06-01T11:19:27.739,hardware_check,self_20260601_111921,clip_001,1,rest,,1.4772,215853.0,raspberry_pi_seeed_gsr,"215853,1.4772"
2026-06-01T11:19:27.760,hardware_check,self_20260601_111921,clip_001,1,rest,,1.4691,215874.0,raspberry_pi_seeed_gsr,"215874,1.4691"
2026-06-01T11:19:27.781,hardware_check,self_20260601_111921,clip_001,1,rest,,1.4659,215895.0,raspberry_pi_seeed_gsr,"215895,1.4659"
2026-06-01T11:19:27.802,hardware_check,self_20260601_111921,clip_001,1,rest,,1.4707,215916.0,raspberry_pi_seeed_gsr,"215916,1.4707"
2026-06-01T11:19:27.823,hardware_check,self_20260601_111921,clip_001,1,rest,,1.4731,215937.0,raspberry_pi_seeed_gsr,"215937,1.4731"
2026-06-01T11:19:27.845,hardware_check,self_20260601_111921,clip_001,1,rest,,1.4667,215958.0,raspberry_pi_seeed_gsr,"215958,1.4667"
2026-06-01T11:19:27.865,hardware_check,self_20260601_111921,clip_001,1,rest,,1.4651,215979.0,raspberry_pi_seeed_gsr,"215979,1.4651"
2026-06-01T11:19:27.887,hardware_check,self_20260601_111921,clip_001,1,rest,,1.4933,216000.0,raspberry_pi_seeed_gsr,"216000,1.4933"
2026-06-01T11:19:27.908,hardware_check,self_20260601_111921,clip_001,1,rest,,1.4707,216021.0,raspberry_pi_seeed_gsr,"216021,1.4707"
2026-06-01T11:19:27.929,hardware_check,self_20260601_111921,clip_001,1,rest,,1.4691,216042.0,raspberry_pi_seeed_gsr,"216042,1.4691"
2026-06-01T11:19:27.977,hardware_check,self_20260601_111921,clip_001,1,rest,,1.4707,216063.0,raspberry_pi_seeed_gsr,"216063,1.4707"
2026-06-01T11:19:27.978,hardware_check,self_20260601_111921,clip_001,1,rest,,1.4699,216084.0,raspberry_pi_seeed_gsr,"216084,1.4699"
2026-06-01T11:19:27.990,hardware_check,self_20260601_111921,clip_001,1,rest,,1.4731,216104.0,raspberry_pi_seeed_gsr,"216104,1.4731"
2026-06-01T11:19:28.011,hardware_check,self_20260601_111921,clip_001,1,rest,,1.4731,216125.0,raspberry_pi_seeed_gsr,"216125,1.4731"
2026-06-01T11:19:28.032,hardware_check,self_20260601_111921,clip_001,1,rest,,1.4723,216146.0,raspberry_pi_seeed_gsr,"216146,1.4723"
2026-06-01T11:19:28.053,hardware_check,self_20260601_111921,clip_001,1,rest,,1.4715,216167.0,raspberry_pi_seeed_gsr,"216167,1.4715"
2026-06-01T11:19:28.074,hardware_check,self_20260601_111921,clip_001,1,rest,,1.4715,216188.0,raspberry_pi_seeed_gsr,"216188,1.4715"
2026-06-01T11:19:28.095,hardware_check,self_20260601_111921,clip_001,1,rest,,1.4731,216209.0,raspberry_pi_seeed_gsr,"216209,1.4731"
2026-06-01T11:19:28.116,hardware_check,self_20260601_111921,clip_001,1,rest,,1.4739,216230.0,raspberry_pi_seeed_gsr,"216230,1.4739"
2026-06-01T11:19:28.137,hardware_check,self_20260601_111921,clip_001,1,rest,,1.4723,216251.0,raspberry_pi_seeed_gsr,"216251,1.4723"
2026-06-01T11:19:28.158,hardware_check,self_20260601_111921,clip_001,1,rest,,1.4723,216272.0,raspberry_pi_seeed_gsr,"216272,1.4723"
2026-06-01T11:19:28.179,hardware_check,self_20260601_111921,clip_001,1,rest,,1.4707,216293.0,raspberry_pi_seeed_gsr,"216293,1.4707"
2026-06-01T11:19:28.200,hardware_check,self_20260601_111921,clip_001,1,rest,,1.4715,216314.0,raspberry_pi_seeed_gsr,"216314,1.4715"
2026-06-01T11:19:28.228,hardware_check,self_20260601_111921,clip_001,1,rest,,1.4667,216335.0,raspberry_pi_seeed_gsr,"216335,1.4667"
2026-06-01T11:19:28.242,hardware_check,self_20260601_111921,clip_001,1,rest,,1.4715,216356.0,raspberry_pi_seeed_gsr,"216356,1.4715"
2026-06-01T11:19:28.263,hardware_check,self_20260601_111921,clip_001,1,rest,,1.4618,216377.0,raspberry_pi_seeed_gsr,"216377,1.4618"
2026-06-01T11:19:28.284,hardware_check,self_20260601_111921,clip_001,1,rest,,1.4723,216398.0,raspberry_pi_seeed_gsr,"216398,1.4723"
2026-06-01T11:19:28.305,hardware_check,self_20260601_111921,clip_001,1,rest,,1.4731,216419.0,raspberry_pi_seeed_gsr,"216419,1.4731"
2026-06-01T11:19:28.326,hardware_check,self_20260601_111921,clip_001,1,rest,,1.4715,216440.0,raspberry_pi_seeed_gsr,"216440,1.4715"
2026-06-01T11:19:28.347,hardware_check,self_20260601_111921,clip_001,1,rest,,1.4699,216461.0,raspberry_pi_seeed_gsr,"216461,1.4699"
2026-06-01T11:19:28.367,hardware_check,self_20260601_111921,clip_001,1,rest,,1.4731,216481.0,raspberry_pi_seeed_gsr,"216481,1.4731"
2026-06-01T11:19:28.388,hardware_check,self_20260601_111921,clip_001,1,rest,,1.4764,216502.0,raspberry_pi_seeed_gsr,"216502,1.4764"
2026-06-01T11:19:28.409,hardware_check,self_20260601_111921,clip_001,1,rest,,1.4667,216523.0,raspberry_pi_seeed_gsr,"216523,1.4667"
2026-06-01T11:19:28.430,hardware_check,self_20260601_111921,clip_001,1,rest,,1.4772,216544.0,raspberry_pi_seeed_gsr,"216544,1.4772"
2026-06-01T11:19:28.452,hardware_check,self_20260601_111921,clip_001,1,rest,,1.4723,216565.0,raspberry_pi_seeed_gsr,"216565,1.4723"
2026-06-01T11:19:28.499,hardware_check,self_20260601_111921,clip_001,1,rest,,1.4764,216586.0,raspberry_pi_seeed_gsr,"216586,1.4764"
2026-06-01T11:19:28.499,hardware_check,self_20260601_111921,clip_001,1,rest,,1.4659,216607.0,raspberry_pi_seeed_gsr,"216607,1.4659"
2026-06-01T11:19:28.514,hardware_check,self_20260601_111921,clip_001,1,rest,,1.4747,216628.0,raspberry_pi_seeed_gsr,"216628,1.4747"
2026-06-01T11:19:28.535,hardware_check,self_20260601_111921,clip_001,1,rest,,1.4764,216649.0,raspberry_pi_seeed_gsr,"216649,1.4764"
2026-06-01T11:19:28.556,hardware_check,self_20260601_111921,clip_001,1,rest,,1.4699,216670.0,raspberry_pi_seeed_gsr,"216670,1.4699"
2026-06-01T11:19:28.576,hardware_check,self_20260601_111921,clip_001,1,rest,,1.4739,216690.0,raspberry_pi_seeed_gsr,"216690,1.4739"
2026-06-01T11:19:28.597,hardware_check,self_20260601_111921,clip_001,1,rest,,1.4739,216711.0,raspberry_pi_seeed_gsr,"216711,1.4739"
2026-06-01T11:19:28.618,hardware_check,self_20260601_111921,clip_001,1,rest,,1.4731,216732.0,raspberry_pi_seeed_gsr,"216732,1.4731"
2026-06-01T11:19:28.640,hardware_check,self_20260601_111921,clip_001,1,rest,,1.4723,216753.0,raspberry_pi_seeed_gsr,"216753,1.4723"
2026-06-01T11:19:28.660,hardware_check,self_20260601_111921,clip_001,1,rest,,1.4723,216774.0,raspberry_pi_seeed_gsr,"216774,1.4723"
2026-06-01T11:19:28.681,hardware_check,self_20260601_111921,clip_001,1,rest,,1.4731,216795.0,raspberry_pi_seeed_gsr,"216795,1.4731"
2026-06-01T11:19:28.703,hardware_check,self_20260601_111921,clip_001,1,rest,,1.4747,216816.0,raspberry_pi_seeed_gsr,"216816,1.4747"
2026-06-01T11:19:28.751,hardware_check,self_20260601_111921,clip_001,1,rest,,1.4747,216837.0,raspberry_pi_seeed_gsr,"216837,1.4747"
2026-06-01T11:19:28.752,hardware_check,self_20260601_111921,clip_001,1,rest,,1.4731,216858.0,raspberry_pi_seeed_gsr,"216858,1.4731"
2026-06-01T11:19:28.765,hardware_check,self_20260601_111921,clip_001,1,rest,,1.4764,216879.0,raspberry_pi_seeed_gsr,"216879,1.4764"
2026-06-01T11:19:28.786,hardware_check,self_20260601_111921,clip_001,1,rest,,1.4868,216900.0,raspberry_pi_seeed_gsr,"216900,1.4868"
2026-06-01T11:19:28.807,hardware_check,self_20260601_111921,clip_001,1,rest,,1.4788,216921.0,raspberry_pi_seeed_gsr,"216921,1.4788"
2026-06-01T11:19:28.828,hardware_check,self_20260601_111921,clip_001,1,rest,,1.4772,216942.0,raspberry_pi_seeed_gsr,"216942,1.4772"
2026-06-01T11:19:28.849,hardware_check,self_20260601_111921,clip_001,1,rest,,1.4715,216963.0,raspberry_pi_seeed_gsr,"216963,1.4715"
2026-06-01T11:19:28.870,hardware_check,self_20260601_111921,clip_001,1,rest,,1.4796,216984.0,raspberry_pi_seeed_gsr,"216984,1.4796"
2026-06-01T11:19:28.891,hardware_check,self_20260601_111921,clip_001,1,rest,,1.5029,217005.0,raspberry_pi_seeed_gsr,"217005,1.5029"
2026-06-01T11:19:28.912,hardware_check,self_20260601_111921,clip_001,1,rest,,1.4764,217026.0,raspberry_pi_seeed_gsr,"217026,1.4764"
2026-06-01T11:19:28.934,hardware_check,self_20260601_111921,clip_001,1,rest,,1.4739,217047.0,raspberry_pi_seeed_gsr,"217047,1.4739"
2026-06-01T11:19:28.954,hardware_check,self_20260601_111921,clip_001,1,rest,,1.4772,217068.0,raspberry_pi_seeed_gsr,"217068,1.4772"
2026-06-01T11:19:29.003,hardware_check,self_20260601_111921,clip_001,1,rest,,1.4892,217089.0,raspberry_pi_seeed_gsr,"217089,1.4892"
2026-06-01T11:19:29.004,hardware_check,self_20260601_111921,clip_001,1,rest,,1.4804,217110.0,raspberry_pi_seeed_gsr,"217110,1.4804"
2026-06-01T11:19:29.017,hardware_check,self_20260601_111921,clip_001,1,rest,,1.4683,217131.0,raspberry_pi_seeed_gsr,"217131,1.4683"
2026-06-01T11:19:29.038,hardware_check,self_20260601_111921,clip_001,1,rest,,1.4796,217152.0,raspberry_pi_seeed_gsr,"217152,1.4796"
2026-06-01T11:19:29.059,hardware_check,self_20260601_111921,clip_001,1,rest,,1.4643,217173.0,raspberry_pi_seeed_gsr,"217173,1.4643"
2026-06-01T11:19:29.080,hardware_check,self_20260601_111921,clip_001,1,rest,,1.4772,217194.0,raspberry_pi_seeed_gsr,"217194,1.4772"
2026-06-01T11:19:29.101,hardware_check,self_20260601_111921,clip_001,1,rest,,1.4747,217215.0,raspberry_pi_seeed_gsr,"217215,1.4747"
2026-06-01T11:19:29.122,hardware_check,self_20260601_111921,clip_001,1,rest,,1.4739,217236.0,raspberry_pi_seeed_gsr,"217236,1.4739"
2026-06-01T11:19:29.144,hardware_check,self_20260601_111921,clip_001,1,rest,,1.4731,217257.0,raspberry_pi_seeed_gsr,"217257,1.4731"
2026-06-01T11:19:29.164,hardware_check,self_20260601_111921,clip_001,1,rest,,1.4788,217278.0,raspberry_pi_seeed_gsr,"217278,1.4788"
2026-06-01T11:19:29.185,hardware_check,self_20260601_111921,clip_001,1,rest,,1.4723,217299.0,raspberry_pi_seeed_gsr,"217299,1.4723"
2026-06-01T11:19:29.206,hardware_check,self_20260601_111921,clip_001,1,rest,,1.4731,217320.0,raspberry_pi_seeed_gsr,"217320,1.4731"
2026-06-01T11:19:29.231,hardware_check,self_20260601_111921,clip_001,1,rest,,1.4731,217341.0,raspberry_pi_seeed_gsr,"217341,1.4731"
2026-06-01T11:19:29.248,hardware_check,self_20260601_111921,clip_001,1,rest,,1.4739,217362.0,raspberry_pi_seeed_gsr,"217362,1.4739"
2026-06-01T11:19:29.269,hardware_check,self_20260601_111921,clip_001,1,rest,,1.4699,217383.0,raspberry_pi_seeed_gsr,"217383,1.4699"
2026-06-01T11:19:29.289,hardware_check,self_20260601_111921,clip_001,1,rest,,1.4691,217403.0,raspberry_pi_seeed_gsr,"217403,1.4691"
2026-06-01T11:19:29.310,hardware_check,self_20260601_111921,clip_001,1,rest,,1.4731,217424.0,raspberry_pi_seeed_gsr,"217424,1.4731"
2026-06-01T11:19:29.331,hardware_check,self_20260601_111921,clip_001,1,rest,,1.4723,217445.0,raspberry_pi_seeed_gsr,"217445,1.4723"
2026-06-01T11:19:29.352,hardware_check,self_20260601_111921,clip_001,1,rest,,1.4667,217466.0,raspberry_pi_seeed_gsr,"217466,1.4667"
2026-06-01T11:19:29.373,hardware_check,self_20260601_111921,clip_001,1,rest,,1.4482,217487.0,raspberry_pi_seeed_gsr,"217487,1.4482"
2026-06-01T11:19:29.394,hardware_check,self_20260601_111921,clip_001,1,rest,,1.4659,217508.0,raspberry_pi_seeed_gsr,"217508,1.4659"
2026-06-01T11:19:29.415,hardware_check,self_20260601_111921,clip_001,1,rest,,1.4683,217529.0,raspberry_pi_seeed_gsr,"217529,1.4683"
2026-06-01T11:19:29.437,hardware_check,self_20260601_111921,clip_001,1,rest,,1.4651,217550.0,raspberry_pi_seeed_gsr,"217550,1.4651"
2026-06-01T11:19:29.458,hardware_check,self_20260601_111921,clip_001,1,rest,,1.461,217571.0,raspberry_pi_seeed_gsr,"217571,1.4610"
2026-06-01T11:19:29.502,hardware_check,self_20260601_111921,clip_001,1,rest,,1.461,217592.0,raspberry_pi_seeed_gsr,"217592,1.4610"
2026-06-01T11:19:29.503,hardware_check,self_20260601_111921,clip_001,1,rest,,1.4651,217613.0,raspberry_pi_seeed_gsr,"217613,1.4651"
2026-06-01T11:19:29.520,hardware_check,self_20260601_111921,clip_001,1,rest,,1.4635,217634.0,raspberry_pi_seeed_gsr,"217634,1.4635"
2026-06-01T11:19:29.541,hardware_check,self_20260601_111921,clip_001,1,rest,,1.4618,217655.0,raspberry_pi_seeed_gsr,"217655,1.4618"
2026-06-01T11:19:29.562,hardware_check,self_20260601_111921,clip_001,1,rest,,1.4635,217676.0,raspberry_pi_seeed_gsr,"217676,1.4635"
2026-06-01T11:19:29.583,hardware_check,self_20260601_111921,clip_001,1,rest,,1.4643,217697.0,raspberry_pi_seeed_gsr,"217697,1.4643"
2026-06-01T11:19:29.604,hardware_check,self_20260601_111921,clip_001,1,rest,,1.4038,217718.0,raspberry_pi_seeed_gsr,"217718,1.4038"
2026-06-01T11:19:29.625,hardware_check,self_20260601_111921,clip_001,1,rest,,1.4618,217739.0,raspberry_pi_seeed_gsr,"217739,1.4618"
2026-06-01T11:19:29.646,hardware_check,self_20260601_111921,clip_001,1,rest,,1.4635,217760.0,raspberry_pi_seeed_gsr,"217760,1.4635"
2026-06-01T11:19:29.667,hardware_check,self_20260601_111921,clip_001,1,rest,,1.5029,217781.0,raspberry_pi_seeed_gsr,"217781,1.5029"
2026-06-01T11:19:29.689,hardware_check,self_20260601_111921,clip_001,1,rest,,1.461,217802.0,raspberry_pi_seeed_gsr,"217802,1.4610"
2026-06-01T11:19:29.710,hardware_check,self_20260601_111921,clip_001,1,rest,,1.4635,217823.0,raspberry_pi_seeed_gsr,"217823,1.4635"
2026-06-01T11:19:29.757,hardware_check,self_20260601_111921,clip_001,1,rest,,1.4538,217844.0,raspberry_pi_seeed_gsr,"217844,1.4538"
2026-06-01T11:19:29.758,hardware_check,self_20260601_111921,clip_001,1,rest,,1.4723,217865.0,raspberry_pi_seeed_gsr,"217865,1.4723"
2026-06-01T11:19:29.772,hardware_check,self_20260601_111921,clip_001,1,rest,,1.4667,217886.0,raspberry_pi_seeed_gsr,"217886,1.4667"
2026-06-01T11:19:29.793,hardware_check,self_20260601_111921,clip_001,1,rest,,1.4796,217907.0,raspberry_pi_seeed_gsr,"217907,1.4796"
2026-06-01T11:19:29.814,hardware_check,self_20260601_111921,clip_001,1,rest,,1.4683,217928.0,raspberry_pi_seeed_gsr,"217928,1.4683"
2026-06-01T11:19:29.835,hardware_check,self_20260601_111921,clip_001,1,rest,,1.4651,217949.0,raspberry_pi_seeed_gsr,"217949,1.4651"
2026-06-01T11:19:29.856,hardware_check,self_20260601_111921,clip_001,1,rest,,1.4723,217970.0,raspberry_pi_seeed_gsr,"217970,1.4723"
2026-06-01T11:19:29.877,hardware_check,self_20260601_111921,clip_001,1,rest,,1.4715,217991.0,raspberry_pi_seeed_gsr,"217991,1.4715"
2026-06-01T11:19:29.898,hardware_check,self_20260601_111921,clip_001,1,rest,,1.4699,218012.0,raspberry_pi_seeed_gsr,"218012,1.4699"
2026-06-01T11:19:29.918,hardware_check,self_20260601_111921,clip_001,1,rest,,1.4892,218032.0,raspberry_pi_seeed_gsr,"218032,1.4892"
2026-06-01T11:19:29.939,hardware_check,self_20260601_111921,clip_001,1,rest,,1.4715,218053.0,raspberry_pi_seeed_gsr,"218053,1.4715"
2026-06-01T11:19:29.961,hardware_check,self_20260601_111921,clip_001,1,rest,,1.4675,218074.0,raspberry_pi_seeed_gsr,"218074,1.4675"
2026-06-01T11:19:30.008,hardware_check,self_20260601_111921,clip_001,1,rest,,1.461,218095.0,raspberry_pi_seeed_gsr,"218095,1.4610"
2026-06-01T11:19:30.009,hardware_check,self_20260601_111921,clip_001,1,rest,,1.4747,218116.0,raspberry_pi_seeed_gsr,"218116,1.4747"
2026-06-01T11:19:30.023,hardware_check,self_20260601_111921,clip_001,1,rest,,1.4699,218137.0,raspberry_pi_seeed_gsr,"218137,1.4699"
2026-06-01T11:19:30.043,hardware_check,self_20260601_111921,clip_001,1,rest,,1.4715,218157.0,raspberry_pi_seeed_gsr,"218157,1.4715"
2026-06-01T11:19:30.064,hardware_check,self_20260601_111921,clip_001,1,rest,,1.4804,218178.0,raspberry_pi_seeed_gsr,"218178,1.4804"
2026-06-01T11:19:30.085,hardware_check,self_20260601_111921,clip_001,1,rest,,1.4675,218199.0,raspberry_pi_seeed_gsr,"218199,1.4675"
2026-06-01T11:19:30.106,hardware_check,self_20260601_111921,clip_001,1,rest,,1.4723,218220.0,raspberry_pi_seeed_gsr,"218220,1.4723"
2026-06-01T11:19:30.127,hardware_check,self_20260601_111921,clip_001,1,rest,,1.4618,218241.0,raspberry_pi_seeed_gsr,"218241,1.4618"
2026-06-01T11:19:30.149,hardware_check,self_20260601_111921,clip_001,1,rest,,1.4715,218262.0,raspberry_pi_seeed_gsr,"218262,1.4715"
2026-06-01T11:19:30.169,hardware_check,self_20260601_111921,clip_001,1,rest,,1.4764,218283.0,raspberry_pi_seeed_gsr,"218283,1.4764"
2026-06-01T11:19:30.190,hardware_check,self_20260601_111921,clip_001,1,rest,,1.4747,218304.0,raspberry_pi_seeed_gsr,"218304,1.4747"
2026-06-01T11:19:30.211,hardware_check,self_20260601_111921,clip_001,1,rest,,1.4683,218325.0,raspberry_pi_seeed_gsr,"218325,1.4683"
2026-06-01T11:19:30.236,hardware_check,self_20260601_111921,clip_001,1,rest,,1.4796,218346.0,raspberry_pi_seeed_gsr,"218346,1.4796"
2026-06-01T11:19:30.253,hardware_check,self_20260601_111921,clip_001,1,rest,,1.4764,218367.0,raspberry_pi_seeed_gsr,"218367,1.4764"
2026-06-01T11:19:30.274,hardware_check,self_20260601_111921,clip_001,1,rest,,1.4747,218388.0,raspberry_pi_seeed_gsr,"218388,1.4747"
2026-06-01T11:19:30.295,hardware_check,self_20260601_111921,clip_001,1,rest,,1.4796,218409.0,raspberry_pi_seeed_gsr,"218409,1.4796"
2026-06-01T11:19:30.316,hardware_check,self_20260601_111921,clip_001,1,rest,,1.4804,218430.0,raspberry_pi_seeed_gsr,"218430,1.4804"
2026-06-01T11:19:30.337,hardware_check,self_20260601_111921,clip_001,1,rest,,1.4764,218451.0,raspberry_pi_seeed_gsr,"218451,1.4764"
2026-06-01T11:19:30.358,hardware_check,self_20260601_111921,clip_001,1,rest,,1.4731,218472.0,raspberry_pi_seeed_gsr,"218472,1.4731"
2026-06-01T11:19:30.379,hardware_check,self_20260601_111921,clip_001,1,rest,,1.4812,218493.0,raspberry_pi_seeed_gsr,"218493,1.4812"
2026-06-01T11:19:30.400,hardware_check,self_20260601_111921,clip_001,1,rest,,1.4772,218514.0,raspberry_pi_seeed_gsr,"218514,1.4772"
2026-06-01T11:19:30.421,hardware_check,self_20260601_111921,clip_001,1,rest,,1.4659,218535.0,raspberry_pi_seeed_gsr,"218535,1.4659"
2026-06-01T11:19:30.442,hardware_check,self_20260601_111921,clip_001,1,rest,,1.4812,218556.0,raspberry_pi_seeed_gsr,"218556,1.4812"
2026-06-01T11:19:30.464,hardware_check,self_20260601_111921,clip_001,1,rest,,1.4723,218577.0,raspberry_pi_seeed_gsr,"218577,1.4723"
2026-06-01T11:19:30.527,hardware_check,self_20260601_111921,clip_001,1,rest,,1.4788,218598.0,raspberry_pi_seeed_gsr,"218598,1.4788"
2026-06-01T11:19:30.528,hardware_check,self_20260601_111921,clip_001,1,rest,,1.4731,218619.0,raspberry_pi_seeed_gsr,"218619,1.4731"
2026-06-01T11:19:30.529,hardware_check,self_20260601_111921,clip_001,1,rest,,1.4764,218640.0,raspberry_pi_seeed_gsr,"218640,1.4764"
2026-06-01T11:19:30.547,hardware_check,self_20260601_111921,clip_001,1,rest,,1.4715,218661.0,raspberry_pi_seeed_gsr,"218661,1.4715"
2026-06-01T11:19:30.568,hardware_check,self_20260601_111921,clip_001,1,rest,,1.4739,218682.0,raspberry_pi_seeed_gsr,"218682,1.4739"
2026-06-01T11:19:30.589,hardware_check,self_20260601_111921,clip_001,1,rest,,1.4739,218703.0,raspberry_pi_seeed_gsr,"218703,1.4739"
2026-06-01T11:19:30.610,hardware_check,self_20260601_111921,clip_001,1,rest,,1.4667,218724.0,raspberry_pi_seeed_gsr,"218724,1.4667"
2026-06-01T11:19:30.631,hardware_check,self_20260601_111921,clip_001,1,rest,,1.4691,218745.0,raspberry_pi_seeed_gsr,"218745,1.4691"
2026-06-01T11:19:30.652,hardware_check,self_20260601_111921,clip_001,1,rest,,1.4643,218766.0,raspberry_pi_seeed_gsr,"218766,1.4643"
2026-06-01T11:19:30.673,hardware_check,self_20260601_111921,clip_001,1,rest,,1.4723,218787.0,raspberry_pi_seeed_gsr,"218787,1.4723"
2026-06-01T11:19:30.695,hardware_check,self_20260601_111921,clip_001,1,rest,,1.4804,218808.0,raspberry_pi_seeed_gsr,"218808,1.4804"
2026-06-01T11:19:30.715,hardware_check,self_20260601_111921,clip_001,1,rest,,1.4804,218829.0,raspberry_pi_seeed_gsr,"218829,1.4804"
2026-06-01T11:19:30.760,hardware_check,self_20260601_111921,clip_001,1,rest,,1.4804,218850.0,raspberry_pi_seeed_gsr,"218850,1.4804"
2026-06-01T11:19:30.760,hardware_check,self_20260601_111921,clip_001,1,rest,,1.486,218871.0,raspberry_pi_seeed_gsr,"218871,1.4860"
2026-06-01T11:19:30.778,hardware_check,self_20260601_111921,clip_001,1,rest,,1.478,218892.0,raspberry_pi_seeed_gsr,"218892,1.4780"
2026-06-01T11:19:30.799,hardware_check,self_20260601_111921,clip_001,1,rest,,1.4764,218913.0,raspberry_pi_seeed_gsr,"218913,1.4764"
2026-06-01T11:19:30.820,hardware_check,self_20260601_111921,clip_001,1,rest,,1.4844,218934.0,raspberry_pi_seeed_gsr,"218934,1.4844"
2026-06-01T11:19:30.841,hardware_check,self_20260601_111921,clip_001,1,rest,,1.4747,218955.0,raspberry_pi_seeed_gsr,"218955,1.4747"
2026-06-01T11:19:30.862,hardware_check,self_20260601_111921,clip_001,1,rest,,1.4764,218976.0,raspberry_pi_seeed_gsr,"218976,1.4764"
2026-06-01T11:19:30.883,hardware_check,self_20260601_111921,clip_001,1,rest,,1.4707,218997.0,raspberry_pi_seeed_gsr,"218997,1.4707"
2026-06-01T11:19:30.904,hardware_check,self_20260601_111921,clip_001,1,rest,,1.4707,219018.0,raspberry_pi_seeed_gsr,"219018,1.4707"
2026-06-01T11:19:30.925,hardware_check,self_20260601_111921,clip_001,1,rest,,1.4659,219039.0,raspberry_pi_seeed_gsr,"219039,1.4659"
2026-06-01T11:19:30.946,hardware_check,self_20260601_111921,clip_001,1,rest,,1.4699,219060.0,raspberry_pi_seeed_gsr,"219060,1.4699"
2026-06-01T11:19:30.967,hardware_check,self_20260601_111921,clip_001,1,rest,,1.4635,219080.0,raspberry_pi_seeed_gsr,"219080,1.4635"
2026-06-01T11:19:31.013,hardware_check,self_20260601_111921,clip_001,1,rest,,1.4651,219101.0,raspberry_pi_seeed_gsr,"219101,1.4651"
2026-06-01T11:19:31.014,hardware_check,self_20260601_111921,clip_001,1,rest,,1.4667,219122.0,raspberry_pi_seeed_gsr,"219122,1.4667"
2026-06-01T11:19:31.029,hardware_check,self_20260601_111921,clip_001,1,rest,,1.4675,219143.0,raspberry_pi_seeed_gsr,"219143,1.4675"
2026-06-01T11:19:31.050,hardware_check,self_20260601_111921,clip_001,1,rest,,1.4659,219164.0,raspberry_pi_seeed_gsr,"219164,1.4659"
2026-06-01T11:19:31.071,hardware_check,self_20260601_111921,clip_001,1,rest,,1.457,219185.0,raspberry_pi_seeed_gsr,"219185,1.4570"
2026-06-01T11:19:31.092,hardware_check,self_20260601_111921,clip_001,1,rest,,1.4618,219206.0,raspberry_pi_seeed_gsr,"219206,1.4618"
2026-06-01T11:19:31.113,hardware_check,self_20260601_111921,clip_001,1,rest,,1.4602,219227.0,raspberry_pi_seeed_gsr,"219227,1.4602"
2026-06-01T11:19:31.134,hardware_check,self_20260601_111921,clip_001,1,rest,,1.4651,219248.0,raspberry_pi_seeed_gsr,"219248,1.4651"
2026-06-01T11:19:31.158,hardware_check,self_20260601_111921,clip_001,1,rest,,1.4675,219269.0,raspberry_pi_seeed_gsr,"219269,1.4675"
2026-06-01T11:19:31.176,hardware_check,self_20260601_111921,clip_001,1,rest,,1.4618,219290.0,raspberry_pi_seeed_gsr,"219290,1.4618"
2026-06-01T11:19:31.197,hardware_check,self_20260601_111921,clip_001,1,rest,,1.4618,219311.0,raspberry_pi_seeed_gsr,"219311,1.4618"
2026-06-01T11:19:31.218,hardware_check,self_20260601_111921,clip_001,1,rest,,1.4683,219332.0,raspberry_pi_seeed_gsr,"219332,1.4683"
2026-06-01T11:19:31.239,hardware_check,self_20260601_111921,clip_001,1,rest,,1.4651,219353.0,raspberry_pi_seeed_gsr,"219353,1.4651"
2026-06-01T11:19:31.263,hardware_check,self_20260601_111921,clip_001,1,rest,,1.4659,219374.0,raspberry_pi_seeed_gsr,"219374,1.4659"
2026-06-01T11:19:31.281,hardware_check,self_20260601_111921,clip_001,1,rest,,1.4667,219395.0,raspberry_pi_seeed_gsr,"219395,1.4667"
2026-06-01T11:19:31.302,hardware_check,self_20260601_111921,clip_001,1,rest,,1.4715,219416.0,raspberry_pi_seeed_gsr,"219416,1.4715"
2026-06-01T11:19:31.323,hardware_check,self_20260601_111921,clip_001,1,rest,,1.4731,219437.0,raspberry_pi_seeed_gsr,"219437,1.4731"
2026-06-01T11:19:31.344,hardware_check,self_20260601_111921,clip_001,1,rest,,1.4723,219458.0,raspberry_pi_seeed_gsr,"219458,1.4723"
2026-06-01T11:19:31.365,hardware_check,self_20260601_111921,clip_001,1,rest,,1.4764,219479.0,raspberry_pi_seeed_gsr,"219479,1.4764"
2026-06-01T11:19:31.386,hardware_check,self_20260601_111921,clip_001,1,rest,,1.4747,219500.0,raspberry_pi_seeed_gsr,"219500,1.4747"
2026-06-01T11:19:31.407,hardware_check,self_20260601_111921,clip_001,1,rest,,1.4796,219521.0,raspberry_pi_seeed_gsr,"219521,1.4796"
2026-06-01T11:19:31.428,hardware_check,self_20260601_111921,clip_001,1,rest,,1.4731,219542.0,raspberry_pi_seeed_gsr,"219542,1.4731"
2026-06-01T11:19:31.449,hardware_check,self_20260601_111921,clip_001,1,rest,,1.4772,219563.0,raspberry_pi_seeed_gsr,"219563,1.4772"
2026-06-01T11:19:31.470,hardware_check,self_20260601_111921,clip_001,1,rest,,1.4828,219584.0,raspberry_pi_seeed_gsr,"219584,1.4828"
2026-06-01T11:19:31.492,hardware_check,self_20260601_111921,clip_001,1,rest,,1.478,219605.0,raspberry_pi_seeed_gsr,"219605,1.4780"
2026-06-01T11:19:31.537,hardware_check,self_20260601_111921,clip_001,1,rest,,1.4764,219626.0,raspberry_pi_seeed_gsr,"219626,1.4764"
2026-06-01T11:19:31.538,hardware_check,self_20260601_111921,clip_001,1,rest,,1.4965,219647.0,raspberry_pi_seeed_gsr,"219647,1.4965"
2026-06-01T11:19:31.554,hardware_check,self_20260601_111921,clip_001,1,rest,,1.4747,219668.0,raspberry_pi_seeed_gsr,"219668,1.4747"
2026-06-01T11:19:31.575,hardware_check,self_20260601_111921,clip_001,1,rest,,1.4796,219689.0,raspberry_pi_seeed_gsr,"219689,1.4796"
2026-06-01T11:19:31.596,hardware_check,self_20260601_111921,clip_001,1,rest,,1.4917,219710.0,raspberry_pi_seeed_gsr,"219710,1.4917"
2026-06-01T11:19:31.617,hardware_check,self_20260601_111921,clip_001,1,rest,,1.4812,219731.0,raspberry_pi_seeed_gsr,"219731,1.4812"
2026-06-01T11:19:31.638,hardware_check,self_20260601_111921,clip_001,1,rest,,1.4836,219752.0,raspberry_pi_seeed_gsr,"219752,1.4836"
2026-06-01T11:19:31.659,hardware_check,self_20260601_111921,clip_001,1,rest,,1.4828,219773.0,raspberry_pi_seeed_gsr,"219773,1.4828"
2026-06-01T11:19:31.680,hardware_check,self_20260601_111921,clip_001,1,rest,,1.4836,219794.0,raspberry_pi_seeed_gsr,"219794,1.4836"
2026-06-01T11:19:31.702,hardware_check,self_20260601_111921,clip_001,1,rest,,1.4828,219815.0,raspberry_pi_seeed_gsr,"219815,1.4828"
2026-06-01T11:19:31.722,hardware_check,self_20260601_111921,clip_001,1,rest,,1.4957,219836.0,raspberry_pi_seeed_gsr,"219836,1.4957"
2026-06-01T11:19:31.744,hardware_check,self_20260601_111921,clip_001,1,rest,,1.4804,219857.0,raspberry_pi_seeed_gsr,"219857,1.4804"
2026-06-01T11:19:31.790,hardware_check,self_20260601_111921,clip_001,1,rest,,1.4828,219878.0,raspberry_pi_seeed_gsr,"219878,1.4828"
2026-06-01T11:19:31.791,hardware_check,self_20260601_111921,clip_001,1,rest,,1.4868,219899.0,raspberry_pi_seeed_gsr,"219899,1.4868"
2026-06-01T11:19:31.806,hardware_check,self_20260601_111921,clip_001,1,rest,,1.4788,219920.0,raspberry_pi_seeed_gsr,"219920,1.4788"
2026-06-01T11:19:31.827,hardware_check,self_20260601_111921,clip_001,1,rest,,1.4812,219941.0,raspberry_pi_seeed_gsr,"219941,1.4812"
2026-06-01T11:19:31.848,hardware_check,self_20260601_111921,clip_001,1,rest,,1.486,219962.0,raspberry_pi_seeed_gsr,"219962,1.4860"
2026-06-01T11:19:31.869,hardware_check,self_20260601_111921,clip_001,1,rest,,1.4836,219983.0,raspberry_pi_seeed_gsr,"219983,1.4836"
2026-06-01T11:19:31.890,hardware_check,self_20260601_111921,clip_001,1,rest,,1.486,220004.0,raspberry_pi_seeed_gsr,"220004,1.4860"
2026-06-01T11:19:31.911,hardware_check,self_20260601_111921,clip_001,1,rest,,1.4731,220025.0,raspberry_pi_seeed_gsr,"220025,1.4731"
2026-06-01T11:19:31.932,hardware_check,self_20260601_111921,clip_001,1,rest,,1.4764,220046.0,raspberry_pi_seeed_gsr,"220046,1.4764"
2026-06-01T11:19:31.953,hardware_check,self_20260601_111921,clip_001,1,rest,,1.4788,220067.0,raspberry_pi_seeed_gsr,"220067,1.4788"
2026-06-01T11:19:31.975,hardware_check,self_20260601_111921,clip_001,1,rest,,1.4683,220088.0,raspberry_pi_seeed_gsr,"220088,1.4683"
2026-06-01T11:19:31.995,hardware_check,self_20260601_111921,clip_001,1,rest,,1.4715,220109.0,raspberry_pi_seeed_gsr,"220109,1.4715"
2026-06-01T11:19:32.041,hardware_check,self_20260601_111921,clip_001,1,rest,,1.4788,220130.0,raspberry_pi_seeed_gsr,"220130,1.4788"
2026-06-01T11:19:32.042,hardware_check,self_20260601_111921,clip_001,1,rest,,1.4796,220151.0,raspberry_pi_seeed_gsr,"220151,1.4796"
2026-06-01T11:19:32.058,hardware_check,self_20260601_111921,clip_001,1,rest,,1.4731,220172.0,raspberry_pi_seeed_gsr,"220172,1.4731"
2026-06-01T11:19:32.079,hardware_check,self_20260601_111921,clip_001,1,rest,,1.4747,220193.0,raspberry_pi_seeed_gsr,"220193,1.4747"
2026-06-01T11:19:32.100,hardware_check,self_20260601_111921,clip_001,1,rest,,1.4723,220214.0,raspberry_pi_seeed_gsr,"220214,1.4723"
2026-06-01T11:19:32.121,hardware_check,self_20260601_111921,clip_001,1,rest,,1.4747,220235.0,raspberry_pi_seeed_gsr,"220235,1.4747"
2026-06-01T11:19:32.142,hardware_check,self_20260601_111921,clip_001,1,rest,,1.4683,220256.0,raspberry_pi_seeed_gsr,"220256,1.4683"
2026-06-01T11:19:32.166,hardware_check,self_20260601_111921,clip_001,1,rest,,1.4707,220277.0,raspberry_pi_seeed_gsr,"220277,1.4707"
2026-06-01T11:19:32.184,hardware_check,self_20260601_111921,clip_001,1,rest,,1.4852,220298.0,raspberry_pi_seeed_gsr,"220298,1.4852"
2026-06-01T11:19:32.205,hardware_check,self_20260601_111921,clip_001,1,rest,,1.4707,220319.0,raspberry_pi_seeed_gsr,"220319,1.4707"
2026-06-01T11:19:32.226,hardware_check,self_20260601_111921,clip_001,1,rest,,1.4683,220340.0,raspberry_pi_seeed_gsr,"220340,1.4683"
2026-06-01T11:19:32.247,hardware_check,self_20260601_111921,clip_001,1,rest,,1.4723,220361.0,raspberry_pi_seeed_gsr,"220361,1.4723"
2026-06-01T11:19:32.268,hardware_check,self_20260601_111921,clip_001,1,rest,,1.4731,220382.0,raspberry_pi_seeed_gsr,"220382,1.4731"
2026-06-01T11:19:32.292,hardware_check,self_20260601_111921,clip_001,1,rest,,1.4764,220403.0,raspberry_pi_seeed_gsr,"220403,1.4764"
2026-06-01T11:19:32.310,hardware_check,self_20260601_111921,clip_001,1,rest,,1.4747,220424.0,raspberry_pi_seeed_gsr,"220424,1.4747"
2026-06-01T11:19:32.331,hardware_check,self_20260601_111921,clip_001,1,rest,,1.4796,220445.0,raspberry_pi_seeed_gsr,"220445,1.4796"
2026-06-01T11:19:32.352,hardware_check,self_20260601_111921,clip_001,1,rest,,1.478,220466.0,raspberry_pi_seeed_gsr,"220466,1.4780"
2026-06-01T11:19:32.373,hardware_check,self_20260601_111921,clip_001,1,rest,,1.478,220487.0,raspberry_pi_seeed_gsr,"220487,1.4780"
2026-06-01T11:19:32.394,hardware_check,self_20260601_111921,clip_001,1,rest,,1.4764,220508.0,raspberry_pi_seeed_gsr,"220508,1.4764"
2026-06-01T11:19:32.415,hardware_check,self_20260601_111921,clip_001,1,rest,,1.4731,220529.0,raspberry_pi_seeed_gsr,"220529,1.4731"
2026-06-01T11:19:32.436,hardware_check,self_20260601_111921,clip_001,1,rest,,1.4788,220550.0,raspberry_pi_seeed_gsr,"220550,1.4788"
2026-06-01T11:19:32.457,hardware_check,self_20260601_111921,clip_001,1,rest,,1.4699,220571.0,raspberry_pi_seeed_gsr,"220571,1.4699"
2026-06-01T11:19:32.478,hardware_check,self_20260601_111921,clip_001,1,rest,,1.4812,220591.0,raspberry_pi_seeed_gsr,"220591,1.4812"
2026-06-01T11:19:32.498,hardware_check,self_20260601_111921,clip_001,1,rest,,1.4707,220612.0,raspberry_pi_seeed_gsr,"220612,1.4707"
2026-06-01T11:19:32.520,hardware_check,self_20260601_111921,clip_001,1,rest,,1.4699,220633.0,raspberry_pi_seeed_gsr,"220633,1.4699"
2026-06-01T11:19:32.567,hardware_check,self_20260601_111921,clip_001,1,rest,,1.4764,220653.0,raspberry_pi_seeed_gsr,"220653,1.4764"
2026-06-01T11:19:32.567,hardware_check,self_20260601_111921,clip_001,1,rest,,1.4554,220674.0,raspberry_pi_seeed_gsr,"220674,1.4554"
2026-06-01T11:19:32.581,hardware_check,self_20260601_111921,clip_001,1,rest,,1.4852,220695.0,raspberry_pi_seeed_gsr,"220695,1.4852"
2026-06-01T11:19:32.602,hardware_check,self_20260601_111921,clip_001,1,rest,,1.4788,220716.0,raspberry_pi_seeed_gsr,"220716,1.4788"
2026-06-01T11:19:32.623,hardware_check,self_20260601_111921,clip_001,1,rest,,1.4844,220737.0,raspberry_pi_seeed_gsr,"220737,1.4844"
2026-06-01T11:19:32.644,hardware_check,self_20260601_111921,clip_001,1,rest,,1.486,220758.0,raspberry_pi_seeed_gsr,"220758,1.4860"
2026-06-01T11:19:32.665,hardware_check,self_20260601_111921,clip_001,1,rest,,1.486,220779.0,raspberry_pi_seeed_gsr,"220779,1.4860"
2026-06-01T11:19:32.686,hardware_check,self_20260601_111921,clip_001,1,rest,,1.4828,220800.0,raspberry_pi_seeed_gsr,"220800,1.4828"
2026-06-01T11:19:32.707,hardware_check,self_20260601_111921,clip_001,1,rest,,1.4876,220821.0,raspberry_pi_seeed_gsr,"220821,1.4876"
2026-06-01T11:19:32.729,hardware_check,self_20260601_111921,clip_001,1,rest,,1.4868,220842.0,raspberry_pi_seeed_gsr,"220842,1.4868"
2026-06-01T11:19:32.750,hardware_check,self_20260601_111921,clip_001,1,rest,,1.478,220863.0,raspberry_pi_seeed_gsr,"220863,1.4780"
2026-06-01T11:19:32.771,hardware_check,self_20260601_111921,clip_001,1,rest,,1.4868,220884.0,raspberry_pi_seeed_gsr,"220884,1.4868"
2026-06-01T11:19:32.817,hardware_check,self_20260601_111921,clip_001,1,rest,,1.4884,220905.0,raspberry_pi_seeed_gsr,"220905,1.4884"
2026-06-01T11:19:32.818,hardware_check,self_20260601_111921,clip_001,1,rest,,1.4957,220926.0,raspberry_pi_seeed_gsr,"220926,1.4957"
2026-06-01T11:19:32.833,hardware_check,self_20260601_111921,clip_001,1,rest,,1.4844,220947.0,raspberry_pi_seeed_gsr,"220947,1.4844"
2026-06-01T11:19:32.854,hardware_check,self_20260601_111921,clip_001,1,rest,,1.4957,220968.0,raspberry_pi_seeed_gsr,"220968,1.4957"
2026-06-01T11:19:32.875,hardware_check,self_20260601_111921,clip_001,1,rest,,1.4917,220989.0,raspberry_pi_seeed_gsr,"220989,1.4917"
2026-06-01T11:19:32.896,hardware_check,self_20260601_111921,clip_001,1,rest,,1.5029,221010.0,raspberry_pi_seeed_gsr,"221010,1.5029"
2026-06-01T11:19:32.917,hardware_check,self_20260601_111921,clip_001,1,rest,,1.4925,221031.0,raspberry_pi_seeed_gsr,"221031,1.4925"
2026-06-01T11:19:32.938,hardware_check,self_20260601_111921,clip_001,1,rest,,1.4933,221052.0,raspberry_pi_seeed_gsr,"221052,1.4933"
2026-06-01T11:19:32.959,hardware_check,self_20260601_111921,clip_001,1,rest,,1.4957,221073.0,raspberry_pi_seeed_gsr,"221073,1.4957"
2026-06-01T11:19:32.981,hardware_check,self_20260601_111921,clip_001,1,rest,,1.4917,221094.0,raspberry_pi_seeed_gsr,"221094,1.4917"
2026-06-01T11:19:33.002,hardware_check,self_20260601_111921,clip_001,1,rest,,1.4965,221115.0,raspberry_pi_seeed_gsr,"221115,1.4965"
2026-06-01T11:19:33.023,hardware_check,self_20260601_111921,clip_001,1,rest,,1.4981,221136.0,raspberry_pi_seeed_gsr,"221136,1.4981"
2026-06-01T11:19:33.071,hardware_check,self_20260601_111921,clip_001,1,rest,,1.4892,221157.0,raspberry_pi_seeed_gsr,"221157,1.4892"
2026-06-01T11:19:33.072,hardware_check,self_20260601_111921,clip_001,1,rest,,1.4989,221178.0,raspberry_pi_seeed_gsr,"221178,1.4989"
2026-06-01T11:19:33.085,hardware_check,self_20260601_111921,clip_001,1,rest,,1.4892,221199.0,raspberry_pi_seeed_gsr,"221199,1.4892"
2026-06-01T11:19:33.106,hardware_check,self_20260601_111921,clip_001,1,rest,,1.4739,221220.0,raspberry_pi_seeed_gsr,"221220,1.4739"
2026-06-01T11:19:33.127,hardware_check,self_20260601_111921,clip_001,1,rest,,1.49,221241.0,raspberry_pi_seeed_gsr,"221241,1.4900"
2026-06-01T11:19:33.147,hardware_check,self_20260601_111921,clip_001,1,rest,,1.4868,221261.0,raspberry_pi_seeed_gsr,"221261,1.4868"
2026-06-01T11:19:33.168,hardware_check,self_20260601_111921,clip_001,1,rest,,1.4925,221282.0,raspberry_pi_seeed_gsr,"221282,1.4925"
2026-06-01T11:19:33.189,hardware_check,self_20260601_111921,clip_001,1,rest,,1.4852,221303.0,raspberry_pi_seeed_gsr,"221303,1.4852"
2026-06-01T11:19:33.210,hardware_check,self_20260601_111921,clip_001,1,rest,,1.4933,221324.0,raspberry_pi_seeed_gsr,"221324,1.4933"
2026-06-01T11:19:33.231,hardware_check,self_20260601_111921,clip_001,1,rest,,1.4868,221345.0,raspberry_pi_seeed_gsr,"221345,1.4868"
2026-06-01T11:19:33.252,hardware_check,self_20260601_111921,clip_001,1,rest,,1.4925,221366.0,raspberry_pi_seeed_gsr,"221366,1.4925"
2026-06-01T11:19:33.273,hardware_check,self_20260601_111921,clip_001,1,rest,,1.4925,221387.0,raspberry_pi_seeed_gsr,"221387,1.4925"
2026-06-01T11:19:33.294,hardware_check,self_20260601_111921,clip_001,1,rest,,1.4909,221408.0,raspberry_pi_seeed_gsr,"221408,1.4909"
2026-06-01T11:19:33.317,hardware_check,self_20260601_111921,clip_001,1,rest,,1.4965,221429.0,raspberry_pi_seeed_gsr,"221429,1.4965"
2026-06-01T11:19:33.336,hardware_check,self_20260601_111921,clip_001,1,rest,,1.4925,221450.0,raspberry_pi_seeed_gsr,"221450,1.4925"
2026-06-01T11:19:33.357,hardware_check,self_20260601_111921,clip_001,1,rest,,1.4957,221471.0,raspberry_pi_seeed_gsr,"221471,1.4957"
2026-06-01T11:19:33.378,hardware_check,self_20260601_111921,clip_001,1,rest,,1.4909,221492.0,raspberry_pi_seeed_gsr,"221492,1.4909"
2026-06-01T11:19:33.399,hardware_check,self_20260601_111921,clip_001,1,rest,,1.4876,221513.0,raspberry_pi_seeed_gsr,"221513,1.4876"
2026-06-01T11:19:33.420,hardware_check,self_20260601_111921,clip_001,1,rest,,1.4892,221534.0,raspberry_pi_seeed_gsr,"221534,1.4892"
2026-06-01T11:19:33.441,hardware_check,self_20260601_111921,clip_001,1,rest,,1.4892,221555.0,raspberry_pi_seeed_gsr,"221555,1.4892"
2026-06-01T11:19:33.462,hardware_check,self_20260601_111921,clip_001,1,rest,,1.4909,221576.0,raspberry_pi_seeed_gsr,"221576,1.4909"
2026-06-01T11:19:33.483,hardware_check,self_20260601_111921,clip_001,1,rest,,1.5029,221597.0,raspberry_pi_seeed_gsr,"221597,1.5029"
2026-06-01T11:19:33.505,hardware_check,self_20260601_111921,clip_001,1,rest,,1.5005,221618.0,raspberry_pi_seeed_gsr,"221618,1.5005"
2026-06-01T11:19:33.526,hardware_check,self_20260601_111921,clip_001,1,rest,,1.4892,221639.0,raspberry_pi_seeed_gsr,"221639,1.4892"
2026-06-01T11:19:33.546,hardware_check,self_20260601_111921,clip_001,1,rest,,1.49,221660.0,raspberry_pi_seeed_gsr,"221660,1.4900"
2026-06-01T11:19:33.595,hardware_check,self_20260601_111921,clip_001,1,rest,,1.4933,221680.0,raspberry_pi_seeed_gsr,"221680,1.4933"
2026-06-01T11:19:33.596,hardware_check,self_20260601_111921,clip_001,1,rest,,1.4917,221701.0,raspberry_pi_seeed_gsr,"221701,1.4917"
2026-06-01T11:19:33.608,hardware_check,self_20260601_111921,clip_001,1,rest,,1.4917,221722.0,raspberry_pi_seeed_gsr,"221722,1.4917"
2026-06-01T11:19:33.629,hardware_check,self_20260601_111921,clip_001,1,rest,,1.4925,221743.0,raspberry_pi_seeed_gsr,"221743,1.4925"
2026-06-01T11:19:33.650,hardware_check,self_20260601_111921,clip_001,1,rest,,1.4868,221764.0,raspberry_pi_seeed_gsr,"221764,1.4868"
2026-06-01T11:19:33.671,hardware_check,self_20260601_111921,clip_001,1,rest,,1.4973,221785.0,raspberry_pi_seeed_gsr,"221785,1.4973"
2026-06-01T11:19:33.692,hardware_check,self_20260601_111921,clip_001,1,rest,,1.4876,221806.0,raspberry_pi_seeed_gsr,"221806,1.4876"
2026-06-01T11:19:33.713,hardware_check,self_20260601_111921,clip_001,1,rest,,1.482,221827.0,raspberry_pi_seeed_gsr,"221827,1.4820"
2026-06-01T11:19:33.734,hardware_check,self_20260601_111921,clip_001,1,rest,,1.49,221848.0,raspberry_pi_seeed_gsr,"221848,1.4900"
2026-06-01T11:19:33.754,hardware_check,self_20260601_111921,clip_001,1,rest,,1.4941,221868.0,raspberry_pi_seeed_gsr,"221868,1.4941"
2026-06-01T11:19:33.775,hardware_check,self_20260601_111921,clip_001,1,rest,,1.4844,221889.0,raspberry_pi_seeed_gsr,"221889,1.4844"
2026-06-01T11:19:33.797,hardware_check,self_20260601_111921,clip_001,1,rest,,1.4868,221910.0,raspberry_pi_seeed_gsr,"221910,1.4868"
2026-06-01T11:19:33.817,hardware_check,self_20260601_111921,clip_001,1,rest,,1.4909,221931.0,raspberry_pi_seeed_gsr,"221931,1.4909"
2026-06-01T11:19:33.864,hardware_check,self_20260601_111921,clip_001,1,rest,,1.4909,221952.0,raspberry_pi_seeed_gsr,"221952,1.4909"
2026-06-01T11:19:33.865,hardware_check,self_20260601_111921,clip_001,1,rest,,1.4892,221973.0,raspberry_pi_seeed_gsr,"221973,1.4892"
2026-06-01T11:19:33.880,hardware_check,self_20260601_111921,clip_001,1,rest,,1.49,221994.0,raspberry_pi_seeed_gsr,"221994,1.4900"
2026-06-01T11:19:33.900,hardware_check,self_20260601_111921,clip_001,1,rest,,1.4909,222014.0,raspberry_pi_seeed_gsr,"222014,1.4909"
2026-06-01T11:19:33.921,hardware_check,self_20260601_111921,clip_001,1,rest,,1.4925,222035.0,raspberry_pi_seeed_gsr,"222035,1.4925"
2026-06-01T11:19:33.942,hardware_check,self_20260601_111921,clip_001,1,rest,,1.486,222056.0,raspberry_pi_seeed_gsr,"222056,1.4860"
2026-06-01T11:19:33.963,hardware_check,self_20260601_111921,clip_001,1,rest,,1.4965,222077.0,raspberry_pi_seeed_gsr,"222077,1.4965"
2026-06-01T11:19:33.984,hardware_check,self_20260601_111921,clip_001,1,rest,,1.49,222098.0,raspberry_pi_seeed_gsr,"222098,1.4900"
2026-06-01T11:19:34.005,hardware_check,self_20260601_111921,clip_001,1,rest,,1.4941,222118.0,raspberry_pi_seeed_gsr,"222118,1.4941"
2026-06-01T11:19:34.025,hardware_check,self_20260601_111921,clip_001,1,rest,,1.4892,222139.0,raspberry_pi_seeed_gsr,"222139,1.4892"
2026-06-01T11:19:34.046,hardware_check,self_20260601_111921,clip_001,1,rest,,1.4909,222160.0,raspberry_pi_seeed_gsr,"222160,1.4909"
2026-06-01T11:19:34.067,hardware_check,self_20260601_111921,clip_001,1,rest,,1.4852,222181.0,raspberry_pi_seeed_gsr,"222181,1.4852"
2026-06-01T11:19:34.089,hardware_check,self_20260601_111921,clip_001,1,rest,,1.4876,222202.0,raspberry_pi_seeed_gsr,"222202,1.4876"
2026-06-01T11:19:34.135,hardware_check,self_20260601_111921,clip_001,1,rest,,1.4852,222223.0,raspberry_pi_seeed_gsr,"222223,1.4852"
2026-06-01T11:19:34.135,hardware_check,self_20260601_111921,clip_001,1,rest,,1.5158,222244.0,raspberry_pi_seeed_gsr,"222244,1.5158"
2026-06-01T11:19:34.159,hardware_check,self_20260601_111921,clip_001,1,rest,,1.4973,222265.0,raspberry_pi_seeed_gsr,"222265,1.4973"
2026-06-01T11:19:34.177,hardware_check,self_20260601_111921,clip_001,1,rest,,1.4836,222286.0,raspberry_pi_seeed_gsr,"222286,1.4836"
2026-06-01T11:19:34.193,hardware_check,self_20260601_111921,clip_001,1,rest,,1.4788,222307.0,raspberry_pi_seeed_gsr,"222307,1.4788"
2026-06-01T11:19:34.214,hardware_check,self_20260601_111921,clip_001,1,rest,,1.4868,222328.0,raspberry_pi_seeed_gsr,"222328,1.4868"
2026-06-01T11:19:34.235,hardware_check,self_20260601_111921,clip_001,1,rest,,1.4844,222349.0,raspberry_pi_seeed_gsr,"222349,1.4844"
2026-06-01T11:19:34.256,hardware_check,self_20260601_111921,clip_001,1,rest,,1.4852,222370.0,raspberry_pi_seeed_gsr,"222370,1.4852"
2026-06-01T11:19:34.277,hardware_check,self_20260601_111921,clip_001,1,rest,,1.4868,222391.0,raspberry_pi_seeed_gsr,"222391,1.4868"
2026-06-01T11:19:34.298,hardware_check,self_20260601_111921,clip_001,1,rest,,1.49,222412.0,raspberry_pi_seeed_gsr,"222412,1.4900"
2026-06-01T11:19:34.318,hardware_check,self_20260601_111921,clip_001,1,rest,,1.4804,222432.0,raspberry_pi_seeed_gsr,"222432,1.4804"
2026-06-01T11:19:34.339,hardware_check,self_20260601_111921,clip_001,1,rest,,1.4868,222453.0,raspberry_pi_seeed_gsr,"222453,1.4868"
2026-06-01T11:19:34.360,hardware_check,self_20260601_111921,clip_001,1,rest,,1.4836,222474.0,raspberry_pi_seeed_gsr,"222474,1.4836"
2026-06-01T11:19:34.391,hardware_check,self_20260601_111921,clip_001,1,rest,,1.4868,222495.0,raspberry_pi_seeed_gsr,"222495,1.4868"
2026-06-01T11:19:34.402,hardware_check,self_20260601_111921,clip_001,1,rest,,1.4828,222516.0,raspberry_pi_seeed_gsr,"222516,1.4828"
2026-06-01T11:19:34.423,hardware_check,self_20260601_111921,clip_001,1,rest,,1.4868,222537.0,raspberry_pi_seeed_gsr,"222537,1.4868"
2026-06-01T11:19:34.444,hardware_check,self_20260601_111921,clip_001,1,rest,,1.4772,222558.0,raspberry_pi_seeed_gsr,"222558,1.4772"
2026-06-01T11:19:34.465,hardware_check,self_20260601_111921,clip_001,1,rest,,1.4804,222579.0,raspberry_pi_seeed_gsr,"222579,1.4804"
2026-06-01T11:19:34.486,hardware_check,self_20260601_111921,clip_001,1,rest,,1.4764,222600.0,raspberry_pi_seeed_gsr,"222600,1.4764"
2026-06-01T11:19:34.507,hardware_check,self_20260601_111921,clip_001,1,rest,,1.486,222621.0,raspberry_pi_seeed_gsr,"222621,1.4860"
2026-06-01T11:19:34.528,hardware_check,self_20260601_111921,clip_001,1,rest,,1.4892,222642.0,raspberry_pi_seeed_gsr,"222642,1.4892"
2026-06-01T11:19:34.549,hardware_check,self_20260601_111921,clip_001,1,rest,,1.4804,222663.0,raspberry_pi_seeed_gsr,"222663,1.4804"
2026-06-01T11:19:34.570,hardware_check,self_20260601_111921,clip_001,1,rest,,1.4836,222684.0,raspberry_pi_seeed_gsr,"222684,1.4836"
2026-06-01T11:19:34.592,hardware_check,self_20260601_111921,clip_001,1,rest,,1.4796,222705.0,raspberry_pi_seeed_gsr,"222705,1.4796"
2026-06-01T11:19:34.613,hardware_check,self_20260601_111921,clip_001,1,rest,,1.486,222726.0,raspberry_pi_seeed_gsr,"222726,1.4860"
2026-06-01T11:19:34.661,hardware_check,self_20260601_111921,clip_001,1,rest,,1.4788,222747.0,raspberry_pi_seeed_gsr,"222747,1.4788"
2026-06-01T11:19:34.662,hardware_check,self_20260601_111921,clip_001,1,rest,,1.4764,222768.0,raspberry_pi_seeed_gsr,"222768,1.4764"
2026-06-01T11:19:34.675,hardware_check,self_20260601_111921,clip_001,1,rest,,1.4836,222789.0,raspberry_pi_seeed_gsr,"222789,1.4836"
2026-06-01T11:19:34.696,hardware_check,self_20260601_111921,clip_001,1,rest,,1.4941,222810.0,raspberry_pi_seeed_gsr,"222810,1.4941"
2026-06-01T11:19:34.717,hardware_check,self_20260601_111921,clip_001,1,rest,,1.4796,222831.0,raspberry_pi_seeed_gsr,"222831,1.4796"
2026-06-01T11:19:34.738,hardware_check,self_20260601_111921,clip_001,1,rest,,1.4844,222852.0,raspberry_pi_seeed_gsr,"222852,1.4844"
2026-06-01T11:19:34.759,hardware_check,self_20260601_111921,clip_001,1,rest,,1.4788,222873.0,raspberry_pi_seeed_gsr,"222873,1.4788"
2026-06-01T11:19:34.780,hardware_check,self_20260601_111921,clip_001,1,rest,,1.4812,222894.0,raspberry_pi_seeed_gsr,"222894,1.4812"
2026-06-01T11:19:34.801,hardware_check,self_20260601_111921,clip_001,1,rest,,1.4747,222915.0,raspberry_pi_seeed_gsr,"222915,1.4747"
2026-06-01T11:19:34.822,hardware_check,self_20260601_111921,clip_001,1,rest,,1.4764,222936.0,raspberry_pi_seeed_gsr,"222936,1.4764"
2026-06-01T11:19:34.844,hardware_check,self_20260601_111921,clip_001,1,rest,,1.4731,222957.0,raspberry_pi_seeed_gsr,"222957,1.4731"
2026-06-01T11:19:34.864,hardware_check,self_20260601_111921,clip_001,1,rest,,1.4772,222978.0,raspberry_pi_seeed_gsr,"222978,1.4772"
2026-06-01T11:19:34.910,hardware_check,self_20260601_111921,clip_001,1,rest,,1.4739,222999.0,raspberry_pi_seeed_gsr,"222999,1.4739"
2026-06-01T11:19:34.911,hardware_check,self_20260601_111921,clip_001,1,rest,,1.478,223020.0,raspberry_pi_seeed_gsr,"223020,1.4780"
2026-06-01T11:19:34.927,hardware_check,self_20260601_111921,clip_001,1,rest,,1.4812,223041.0,raspberry_pi_seeed_gsr,"223041,1.4812"
2026-06-01T11:19:34.948,hardware_check,self_20260601_111921,clip_001,1,rest,,1.4731,223062.0,raspberry_pi_seeed_gsr,"223062,1.4731"
2026-06-01T11:19:34.969,hardware_check,self_20260601_111921,clip_001,1,rest,,1.4788,223083.0,raspberry_pi_seeed_gsr,"223083,1.4788"
2026-06-01T11:19:34.990,hardware_check,self_20260601_111921,clip_001,1,rest,,1.4739,223104.0,raspberry_pi_seeed_gsr,"223104,1.4739"
2026-06-01T11:19:35.011,hardware_check,self_20260601_111921,clip_001,1,rest,,1.4723,223125.0,raspberry_pi_seeed_gsr,"223125,1.4723"
2026-06-01T11:19:35.032,hardware_check,self_20260601_111921,clip_001,1,rest,,1.4892,223146.0,raspberry_pi_seeed_gsr,"223146,1.4892"
2026-06-01T11:19:35.054,hardware_check,self_20260601_111921,clip_001,1,rest,,1.4731,223167.0,raspberry_pi_seeed_gsr,"223167,1.4731"
2026-06-01T11:19:35.075,hardware_check,self_20260601_111921,clip_001,1,rest,,1.478,223188.0,raspberry_pi_seeed_gsr,"223188,1.4780"
2026-06-01T11:19:35.096,hardware_check,self_20260601_111921,clip_001,1,rest,,1.4804,223209.0,raspberry_pi_seeed_gsr,"223209,1.4804"
2026-06-01T11:19:35.117,hardware_check,self_20260601_111921,clip_001,1,rest,,1.4772,223230.0,raspberry_pi_seeed_gsr,"223230,1.4772"
2026-06-01T11:19:35.164,hardware_check,self_20260601_111921,clip_001,1,rest,,1.478,223251.0,raspberry_pi_seeed_gsr,"223251,1.4780"
2026-06-01T11:19:35.164,hardware_check,self_20260601_111921,clip_001,1,rest,,1.4764,223272.0,raspberry_pi_seeed_gsr,"223272,1.4764"
2026-06-01T11:19:35.179,hardware_check,self_20260601_111921,clip_001,1,rest,,1.4747,223293.0,raspberry_pi_seeed_gsr,"223293,1.4747"
2026-06-01T11:19:35.200,hardware_check,self_20260601_111921,clip_001,1,rest,,1.4788,223314.0,raspberry_pi_seeed_gsr,"223314,1.4788"
2026-06-01T11:19:35.221,hardware_check,self_20260601_111921,clip_001,1,rest,,1.4739,223335.0,raspberry_pi_seeed_gsr,"223335,1.4739"
2026-06-01T11:19:35.242,hardware_check,self_20260601_111921,clip_001,1,rest,,1.4772,223356.0,raspberry_pi_seeed_gsr,"223356,1.4772"
2026-06-01T11:19:35.263,hardware_check,self_20260601_111921,clip_001,1,rest,,1.4812,223377.0,raspberry_pi_seeed_gsr,"223377,1.4812"
2026-06-01T11:19:35.284,hardware_check,self_20260601_111921,clip_001,1,rest,,1.478,223398.0,raspberry_pi_seeed_gsr,"223398,1.4780"
2026-06-01T11:19:35.305,hardware_check,self_20260601_111921,clip_001,1,rest,,1.478,223419.0,raspberry_pi_seeed_gsr,"223419,1.4780"
2026-06-01T11:19:35.326,hardware_check,self_20260601_111921,clip_001,1,rest,,1.4747,223440.0,raspberry_pi_seeed_gsr,"223440,1.4747"
2026-06-01T11:19:35.347,hardware_check,self_20260601_111921,clip_001,1,rest,,1.4739,223461.0,raspberry_pi_seeed_gsr,"223461,1.4739"
2026-06-01T11:19:35.368,hardware_check,self_20260601_111921,clip_001,1,rest,,1.457,223482.0,raspberry_pi_seeed_gsr,"223482,1.4570"
2026-06-01T11:19:35.389,hardware_check,self_20260601_111921,clip_001,1,rest,,1.4764,223503.0,raspberry_pi_seeed_gsr,"223503,1.4764"
2026-06-01T11:19:35.422,hardware_check,self_20260601_111921,clip_001,1,rest,,1.4764,223524.0,raspberry_pi_seeed_gsr,"223524,1.4764"
2026-06-01T11:19:35.431,hardware_check,self_20260601_111921,clip_001,1,rest,,1.4667,223545.0,raspberry_pi_seeed_gsr,"223545,1.4667"
2026-06-01T11:19:35.452,hardware_check,self_20260601_111921,clip_001,1,rest,,1.4772,223566.0,raspberry_pi_seeed_gsr,"223566,1.4772"
2026-06-01T11:19:35.473,hardware_check,self_20260601_111921,clip_001,1,rest,,1.4739,223587.0,raspberry_pi_seeed_gsr,"223587,1.4739"
2026-06-01T11:19:35.494,hardware_check,self_20260601_111921,clip_001,1,rest,,1.4731,223608.0,raspberry_pi_seeed_gsr,"223608,1.4731"
2026-06-01T11:19:35.515,hardware_check,self_20260601_111921,clip_001,1,rest,,1.4667,223629.0,raspberry_pi_seeed_gsr,"223629,1.4667"
2026-06-01T11:19:35.536,hardware_check,self_20260601_111921,clip_001,1,rest,,1.4747,223650.0,raspberry_pi_seeed_gsr,"223650,1.4747"
2026-06-01T11:19:35.557,hardware_check,self_20260601_111921,clip_001,1,rest,,1.4804,223671.0,raspberry_pi_seeed_gsr,"223671,1.4804"
2026-06-01T11:19:35.578,hardware_check,self_20260601_111921,clip_001,1,rest,,1.4788,223692.0,raspberry_pi_seeed_gsr,"223692,1.4788"
2026-06-01T11:19:35.599,hardware_check,self_20260601_111921,clip_001,1,rest,,1.4739,223713.0,raspberry_pi_seeed_gsr,"223713,1.4739"
2026-06-01T11:19:35.621,hardware_check,self_20260601_111921,clip_001,1,rest,,1.4772,223734.0,raspberry_pi_seeed_gsr,"223734,1.4772"
2026-06-01T11:19:35.641,hardware_check,self_20260601_111921,clip_001,1,rest,,1.4836,223755.0,raspberry_pi_seeed_gsr,"223755,1.4836"
2026-06-01T11:19:35.689,hardware_check,self_20260601_111921,clip_001,1,rest,,1.4844,223776.0,raspberry_pi_seeed_gsr,"223776,1.4844"
2026-06-01T11:19:35.690,hardware_check,self_20260601_111921,clip_001,1,rest,,1.482,223797.0,raspberry_pi_seeed_gsr,"223797,1.4820"
2026-06-01T11:19:35.704,hardware_check,self_20260601_111921,clip_001,1,rest,,1.4723,223818.0,raspberry_pi_seeed_gsr,"223818,1.4723"
2026-06-01T11:19:35.725,hardware_check,self_20260601_111921,clip_001,1,rest,,1.482,223839.0,raspberry_pi_seeed_gsr,"223839,1.4820"
2026-06-01T11:19:35.746,hardware_check,self_20260601_111921,clip_001,1,rest,,1.4828,223860.0,raspberry_pi_seeed_gsr,"223860,1.4828"
2026-06-01T11:19:35.767,hardware_check,self_20260601_111921,clip_001,1,rest,,1.4739,223881.0,raspberry_pi_seeed_gsr,"223881,1.4739"
2026-06-01T11:19:35.788,hardware_check,self_20260601_111921,clip_001,1,rest,,1.4796,223902.0,raspberry_pi_seeed_gsr,"223902,1.4796"
2026-06-01T11:19:35.809,hardware_check,self_20260601_111921,clip_001,1,rest,,1.4804,223923.0,raspberry_pi_seeed_gsr,"223923,1.4804"
2026-06-01T11:19:35.830,hardware_check,self_20260601_111921,clip_001,1,rest,,1.4788,223944.0,raspberry_pi_seeed_gsr,"223944,1.4788"
2026-06-01T11:19:35.851,hardware_check,self_20260601_111921,clip_001,1,rest,,1.4852,223965.0,raspberry_pi_seeed_gsr,"223965,1.4852"
2026-06-01T11:19:35.873,hardware_check,self_20260601_111921,clip_001,1,rest,,1.4836,223986.0,raspberry_pi_seeed_gsr,"223986,1.4836"
2026-06-01T11:19:35.894,hardware_check,self_20260601_111921,clip_001,1,rest,,1.4618,224007.0,raspberry_pi_seeed_gsr,"224007,1.4618"
2026-06-01T11:19:35.939,hardware_check,self_20260601_111921,clip_001,1,rest,,1.4844,224028.0,raspberry_pi_seeed_gsr,"224028,1.4844"
2026-06-01T11:19:35.940,hardware_check,self_20260601_111921,clip_001,1,rest,,1.4844,224049.0,raspberry_pi_seeed_gsr,"224049,1.4844"
2026-06-01T11:19:35.956,hardware_check,self_20260601_111921,clip_001,1,rest,,1.4868,224070.0,raspberry_pi_seeed_gsr,"224070,1.4868"
2026-06-01T11:19:35.977,hardware_check,self_20260601_111921,clip_001,1,rest,,1.4933,224091.0,raspberry_pi_seeed_gsr,"224091,1.4933"
2026-06-01T11:19:35.998,hardware_check,self_20260601_111921,clip_001,1,rest,,1.4868,224112.0,raspberry_pi_seeed_gsr,"224112,1.4868"
2026-06-01T11:19:36.019,hardware_check,self_20260601_111921,clip_001,1,rest,,1.4836,224133.0,raspberry_pi_seeed_gsr,"224133,1.4836"
2026-06-01T11:19:36.040,hardware_check,self_20260601_111921,clip_001,1,rest,,1.4844,224154.0,raspberry_pi_seeed_gsr,"224154,1.4844"
2026-06-01T11:19:36.061,hardware_check,self_20260601_111921,clip_001,1,rest,,1.4836,224175.0,raspberry_pi_seeed_gsr,"224175,1.4836"
2026-06-01T11:19:36.083,hardware_check,self_20260601_111921,clip_001,1,rest,,1.4804,224196.0,raspberry_pi_seeed_gsr,"224196,1.4804"
2026-06-01T11:19:36.104,hardware_check,self_20260601_111921,clip_001,1,rest,,1.478,224217.0,raspberry_pi_seeed_gsr,"224217,1.4780"
2026-06-01T11:19:36.125,hardware_check,self_20260601_111921,clip_001,1,rest,,1.4884,224238.0,raspberry_pi_seeed_gsr,"224238,1.4884"
2026-06-01T11:19:36.146,hardware_check,self_20260601_111921,clip_001,1,rest,,1.4852,224259.0,raspberry_pi_seeed_gsr,"224259,1.4852"
2026-06-01T11:19:36.193,hardware_check,self_20260601_111921,clip_001,1,rest,,1.4868,224280.0,raspberry_pi_seeed_gsr,"224280,1.4868"
2026-06-01T11:19:36.194,hardware_check,self_20260601_111921,clip_001,1,rest,,1.4892,224301.0,raspberry_pi_seeed_gsr,"224301,1.4892"
2026-06-01T11:19:36.208,hardware_check,self_20260601_111921,clip_001,1,rest,,1.4804,224322.0,raspberry_pi_seeed_gsr,"224322,1.4804"
2026-06-01T11:19:36.229,hardware_check,self_20260601_111921,clip_001,1,rest,,1.4933,224343.0,raspberry_pi_seeed_gsr,"224343,1.4933"
2026-06-01T11:19:36.250,hardware_check,self_20260601_111921,clip_001,1,rest,,1.486,224364.0,raspberry_pi_seeed_gsr,"224364,1.4860"
2026-06-01T11:19:36.271,hardware_check,self_20260601_111921,clip_001,1,rest,,1.4812,224385.0,raspberry_pi_seeed_gsr,"224385,1.4812"
2026-06-01T11:19:36.292,hardware_check,self_20260601_111921,clip_001,1,rest,,1.4933,224406.0,raspberry_pi_seeed_gsr,"224406,1.4933"
2026-06-01T11:19:36.313,hardware_check,self_20260601_111921,clip_001,1,rest,,1.4933,224427.0,raspberry_pi_seeed_gsr,"224427,1.4933"
2026-06-01T11:19:36.334,hardware_check,self_20260601_111921,clip_001,1,rest,,1.4933,224448.0,raspberry_pi_seeed_gsr,"224448,1.4933"
2026-06-01T11:19:36.355,hardware_check,self_20260601_111921,clip_001,1,rest,,1.4852,224469.0,raspberry_pi_seeed_gsr,"224469,1.4852"
2026-06-01T11:19:36.376,hardware_check,self_20260601_111921,clip_001,1,rest,,1.4957,224490.0,raspberry_pi_seeed_gsr,"224490,1.4957"
2026-06-01T11:19:36.397,hardware_check,self_20260601_111921,clip_001,1,rest,,1.4933,224511.0,raspberry_pi_seeed_gsr,"224511,1.4933"
2026-06-01T11:19:36.418,hardware_check,self_20260601_111921,clip_001,1,rest,,1.4933,224532.0,raspberry_pi_seeed_gsr,"224532,1.4933"
2026-06-01T11:19:36.451,hardware_check,self_20260601_111921,clip_001,1,rest,,1.4957,224553.0,raspberry_pi_seeed_gsr,"224553,1.4957"
2026-06-01T11:19:36.460,hardware_check,self_20260601_111921,clip_001,1,rest,,1.4892,224574.0,raspberry_pi_seeed_gsr,"224574,1.4892"
2026-06-01T11:19:36.481,hardware_check,self_20260601_111921,clip_001,1,rest,,1.4917,224595.0,raspberry_pi_seeed_gsr,"224595,1.4917"
2026-06-01T11:19:36.502,hardware_check,self_20260601_111921,clip_001,1,rest,,1.4933,224616.0,raspberry_pi_seeed_gsr,"224616,1.4933"
2026-06-01T11:19:36.523,hardware_check,self_20260601_111921,clip_001,1,rest,,1.4925,224637.0,raspberry_pi_seeed_gsr,"224637,1.4925"
2026-06-01T11:19:36.544,hardware_check,self_20260601_111921,clip_001,1,rest,,1.4876,224658.0,raspberry_pi_seeed_gsr,"224658,1.4876"
2026-06-01T11:19:36.565,hardware_check,self_20260601_111921,clip_001,1,rest,,1.49,224679.0,raspberry_pi_seeed_gsr,"224679,1.4900"
2026-06-01T11:19:36.585,hardware_check,self_20260601_111921,clip_001,1,rest,,1.4876,224699.0,raspberry_pi_seeed_gsr,"224699,1.4876"
2026-06-01T11:19:36.606,hardware_check,self_20260601_111921,clip_001,1,rest,,1.4844,224720.0,raspberry_pi_seeed_gsr,"224720,1.4844"
2026-06-01T11:19:36.627,hardware_check,self_20260601_111921,clip_001,1,rest,,1.4933,224741.0,raspberry_pi_seeed_gsr,"224741,1.4933"
2026-06-01T11:19:36.648,hardware_check,self_20260601_111921,clip_001,1,rest,,1.4941,224762.0,raspberry_pi_seeed_gsr,"224762,1.4941"
2026-06-01T11:19:36.670,hardware_check,self_20260601_111921,clip_001,1,rest,,1.4909,224783.0,raspberry_pi_seeed_gsr,"224783,1.4909"
2026-06-01T11:19:36.724,hardware_check,self_20260601_111921,clip_001,1,rest,,1.49,224804.0,raspberry_pi_seeed_gsr,"224804,1.4900"
2026-06-01T11:19:36.725,hardware_check,self_20260601_111921,clip_001,1,rest,,1.4868,224824.0,raspberry_pi_seeed_gsr,"224824,1.4868"
2026-06-01T11:19:36.731,hardware_check,self_20260601_111921,clip_001,1,rest,,1.4876,224845.0,raspberry_pi_seeed_gsr,"224845,1.4876"
2026-06-01T11:19:36.752,hardware_check,self_20260601_111921,clip_001,1,rest,,1.4933,224866.0,raspberry_pi_seeed_gsr,"224866,1.4933"
2026-06-01T11:19:36.773,hardware_check,self_20260601_111921,clip_001,1,rest,,1.4796,224887.0,raspberry_pi_seeed_gsr,"224887,1.4796"
2026-06-01T11:19:36.794,hardware_check,self_20260601_111921,clip_001,1,rest,,1.4876,224908.0,raspberry_pi_seeed_gsr,"224908,1.4876"
2026-06-01T11:19:36.815,hardware_check,self_20260601_111921,clip_001,1,rest,,1.4844,224929.0,raspberry_pi_seeed_gsr,"224929,1.4844"
2026-06-01T11:19:36.836,hardware_check,self_20260601_111921,clip_001,1,rest,,1.4852,224950.0,raspberry_pi_seeed_gsr,"224950,1.4852"
2026-06-01T11:19:36.857,hardware_check,self_20260601_111921,clip_001,1,rest,,1.4909,224971.0,raspberry_pi_seeed_gsr,"224971,1.4909"
2026-06-01T11:19:36.878,hardware_check,self_20260601_111921,clip_001,1,rest,,1.4852,224992.0,raspberry_pi_seeed_gsr,"224992,1.4852"
2026-06-01T11:19:36.899,hardware_check,self_20260601_111921,clip_001,1,rest,,1.4812,225013.0,raspberry_pi_seeed_gsr,"225013,1.4812"
2026-06-01T11:19:36.920,hardware_check,self_20260601_111921,clip_001,1,rest,,1.49,225034.0,raspberry_pi_seeed_gsr,"225034,1.4900"
2026-06-01T11:19:36.965,hardware_check,self_20260601_111921,clip_001,1,rest,,1.4852,225055.0,raspberry_pi_seeed_gsr,"225055,1.4852"
2026-06-01T11:19:36.966,hardware_check,self_20260601_111921,clip_001,1,rest,,1.4747,225076.0,raspberry_pi_seeed_gsr,"225076,1.4747"
2026-06-01T11:19:36.983,hardware_check,self_20260601_111921,clip_001,1,rest,,1.4836,225097.0,raspberry_pi_seeed_gsr,"225097,1.4836"
2026-06-01T11:19:37.004,hardware_check,self_20260601_111921,clip_001,1,rest,,1.4836,225118.0,raspberry_pi_seeed_gsr,"225118,1.4836"
2026-06-01T11:19:37.025,hardware_check,self_20260601_111921,clip_001,1,rest,,1.4804,225139.0,raspberry_pi_seeed_gsr,"225139,1.4804"
2026-06-01T11:19:37.046,hardware_check,self_20260601_111921,clip_001,1,rest,,1.4852,225160.0,raspberry_pi_seeed_gsr,"225160,1.4852"
2026-06-01T11:19:37.067,hardware_check,self_20260601_111921,clip_001,1,rest,,1.486,225181.0,raspberry_pi_seeed_gsr,"225181,1.4860"
2026-06-01T11:19:37.088,hardware_check,self_20260601_111921,clip_001,1,rest,,1.4844,225202.0,raspberry_pi_seeed_gsr,"225202,1.4844"
2026-06-01T11:19:37.109,hardware_check,self_20260601_111921,clip_001,1,rest,,1.4828,225223.0,raspberry_pi_seeed_gsr,"225223,1.4828"
2026-06-01T11:19:37.130,hardware_check,self_20260601_111921,clip_001,1,rest,,1.4828,225244.0,raspberry_pi_seeed_gsr,"225244,1.4828"
2026-06-01T11:19:37.151,hardware_check,self_20260601_111921,clip_001,1,rest,,1.4788,225265.0,raspberry_pi_seeed_gsr,"225265,1.4788"
2026-06-01T11:19:37.172,hardware_check,self_20260601_111921,clip_001,1,rest,,1.4844,225286.0,raspberry_pi_seeed_gsr,"225286,1.4844"
2026-06-01T11:19:37.214,hardware_check,self_20260601_111921,clip_001,1,rest,,1.4909,225307.0,raspberry_pi_seeed_gsr,"225307,1.4909"
2026-06-01T11:19:37.215,hardware_check,self_20260601_111921,clip_001,1,rest,,1.4884,225328.0,raspberry_pi_seeed_gsr,"225328,1.4884"
2026-06-01T11:19:37.235,hardware_check,self_20260601_111921,clip_001,1,rest,,1.4933,225349.0,raspberry_pi_seeed_gsr,"225349,1.4933"
2026-06-01T11:19:37.256,hardware_check,self_20260601_111921,clip_001,1,rest,,1.4925,225370.0,raspberry_pi_seeed_gsr,"225370,1.4925"
2026-06-01T11:19:37.277,hardware_check,self_20260601_111921,clip_001,1,rest,,1.4917,225391.0,raspberry_pi_seeed_gsr,"225391,1.4917"
2026-06-01T11:19:37.298,hardware_check,self_20260601_111921,clip_001,1,rest,,1.4933,225412.0,raspberry_pi_seeed_gsr,"225412,1.4933"
2026-06-01T11:19:37.319,hardware_check,self_20260601_111921,clip_001,1,rest,,1.486,225433.0,raspberry_pi_seeed_gsr,"225433,1.4860"
2026-06-01T11:19:37.340,hardware_check,self_20260601_111921,clip_001,1,rest,,1.4941,225454.0,raspberry_pi_seeed_gsr,"225454,1.4941"
2026-06-01T11:19:37.361,hardware_check,self_20260601_111921,clip_001,1,rest,,1.4844,225475.0,raspberry_pi_seeed_gsr,"225475,1.4844"
2026-06-01T11:19:37.382,hardware_check,self_20260601_111921,clip_001,1,rest,,1.4933,225496.0,raspberry_pi_seeed_gsr,"225496,1.4933"
2026-06-01T11:19:37.403,hardware_check,self_20260601_111921,clip_001,1,rest,,1.4997,225517.0,raspberry_pi_seeed_gsr,"225517,1.4997"
2026-06-01T11:19:37.424,hardware_check,self_20260601_111921,clip_001,1,rest,,1.4965,225538.0,raspberry_pi_seeed_gsr,"225538,1.4965"
2026-06-01T11:19:37.454,hardware_check,self_20260601_111921,clip_001,1,rest,,1.4989,225559.0,raspberry_pi_seeed_gsr,"225559,1.4989"
2026-06-01T11:19:37.466,hardware_check,self_20260601_111921,clip_001,1,rest,,1.4909,225580.0,raspberry_pi_seeed_gsr,"225580,1.4909"
2026-06-01T11:19:37.487,hardware_check,self_20260601_111921,clip_001,1,rest,,1.4925,225601.0,raspberry_pi_seeed_gsr,"225601,1.4925"
2026-06-01T11:19:37.508,hardware_check,self_20260601_111921,clip_001,1,rest,,1.4989,225622.0,raspberry_pi_seeed_gsr,"225622,1.4989"
2026-06-01T11:19:37.529,hardware_check,self_20260601_111921,clip_001,1,rest,,1.4707,225643.0,raspberry_pi_seeed_gsr,"225643,1.4707"
2026-06-01T11:19:37.550,hardware_check,self_20260601_111921,clip_001,1,rest,,1.4981,225664.0,raspberry_pi_seeed_gsr,"225664,1.4981"
2026-06-01T11:19:37.571,hardware_check,self_20260601_111921,clip_001,1,rest,,1.5005,225685.0,raspberry_pi_seeed_gsr,"225685,1.5005"
2026-06-01T11:19:37.592,hardware_check,self_20260601_111921,clip_001,1,rest,,1.4973,225706.0,raspberry_pi_seeed_gsr,"225706,1.4973"
2026-06-01T11:19:37.613,hardware_check,self_20260601_111921,clip_001,1,rest,,1.4989,225727.0,raspberry_pi_seeed_gsr,"225727,1.4989"
2026-06-01T11:19:37.635,hardware_check,self_20260601_111921,clip_001,1,rest,,1.4997,225748.0,raspberry_pi_seeed_gsr,"225748,1.4997"
2026-06-01T11:19:37.656,hardware_check,self_20260601_111921,clip_001,1,rest,,1.4933,225769.0,raspberry_pi_seeed_gsr,"225769,1.4933"
2026-06-01T11:19:37.677,hardware_check,self_20260601_111921,clip_001,1,rest,,1.5005,225790.0,raspberry_pi_seeed_gsr,"225790,1.5005"
2026-06-01T11:19:37.722,hardware_check,self_20260601_111921,clip_001,1,rest,,1.4917,225811.0,raspberry_pi_seeed_gsr,"225811,1.4917"
2026-06-01T11:19:37.723,hardware_check,self_20260601_111921,clip_001,1,rest,,1.5094,225832.0,raspberry_pi_seeed_gsr,"225832,1.5094"
2026-06-01T11:19:37.739,hardware_check,self_20260601_111921,clip_001,1,rest,,1.5021,225853.0,raspberry_pi_seeed_gsr,"225853,1.5021"
2026-06-01T11:19:37.760,hardware_check,self_20260601_111921,clip_001,1,rest,,1.5029,225874.0,raspberry_pi_seeed_gsr,"225874,1.5029"
2026-06-01T11:19:37.781,hardware_check,self_20260601_111921,clip_001,1,rest,,1.5021,225895.0,raspberry_pi_seeed_gsr,"225895,1.5021"
2026-06-01T11:19:37.802,hardware_check,self_20260601_111921,clip_001,1,rest,,1.4989,225916.0,raspberry_pi_seeed_gsr,"225916,1.4989"
2026-06-01T11:19:37.823,hardware_check,self_20260601_111921,clip_001,1,rest,,1.5046,225937.0,raspberry_pi_seeed_gsr,"225937,1.5046"
2026-06-01T11:19:37.844,hardware_check,self_20260601_111921,clip_001,1,rest,,1.5021,225958.0,raspberry_pi_seeed_gsr,"225958,1.5021"
2026-06-01T11:19:37.866,hardware_check,self_20260601_111921,clip_001,1,rest,,1.5021,225979.0,raspberry_pi_seeed_gsr,"225979,1.5021"
2026-06-01T11:19:37.886,hardware_check,self_20260601_111921,clip_001,1,rest,,1.507,226000.0,raspberry_pi_seeed_gsr,"226000,1.5070"
2026-06-01T11:19:37.907,hardware_check,self_20260601_111921,clip_001,1,rest,,1.4917,226021.0,raspberry_pi_seeed_gsr,"226021,1.4917"
2026-06-01T11:19:37.928,hardware_check,self_20260601_111921,clip_001,1,rest,,1.4989,226042.0,raspberry_pi_seeed_gsr,"226042,1.4989"
2026-06-01T11:19:37.974,hardware_check,self_20260601_111921,clip_001,1,rest,,1.4973,226063.0,raspberry_pi_seeed_gsr,"226063,1.4973"
2026-06-01T11:19:37.975,hardware_check,self_20260601_111921,clip_001,1,rest,,1.507,226084.0,raspberry_pi_seeed_gsr,"226084,1.5070"
2026-06-01T11:19:37.991,hardware_check,self_20260601_111921,clip_001,1,rest,,1.4973,226105.0,raspberry_pi_seeed_gsr,"226105,1.4973"
2026-06-01T11:19:38.012,hardware_check,self_20260601_111921,clip_001,1,rest,,1.5046,226126.0,raspberry_pi_seeed_gsr,"226126,1.5046"
2026-06-01T11:19:38.033,hardware_check,self_20260601_111921,clip_001,1,rest,,1.4997,226147.0,raspberry_pi_seeed_gsr,"226147,1.4997"
2026-06-01T11:19:38.054,hardware_check,self_20260601_111921,clip_001,1,rest,,1.4812,226168.0,raspberry_pi_seeed_gsr,"226168,1.4812"
2026-06-01T11:19:38.075,hardware_check,self_20260601_111921,clip_001,1,rest,,1.5021,226189.0,raspberry_pi_seeed_gsr,"226189,1.5021"
2026-06-01T11:19:38.096,hardware_check,self_20260601_111921,clip_001,1,rest,,1.4997,226210.0,raspberry_pi_seeed_gsr,"226210,1.4997"
2026-06-01T11:19:38.118,hardware_check,self_20260601_111921,clip_001,1,rest,,1.5037,226231.0,raspberry_pi_seeed_gsr,"226231,1.5037"
2026-06-01T11:19:38.138,hardware_check,self_20260601_111921,clip_001,1,rest,,1.5086,226252.0,raspberry_pi_seeed_gsr,"226252,1.5086"
2026-06-01T11:19:38.159,hardware_check,self_20260601_111921,clip_001,1,rest,,1.5029,226273.0,raspberry_pi_seeed_gsr,"226273,1.5029"
2026-06-01T11:19:38.181,hardware_check,self_20260601_111921,clip_001,1,rest,,1.5021,226294.0,raspberry_pi_seeed_gsr,"226294,1.5021"
2026-06-01T11:19:38.223,hardware_check,self_20260601_111921,clip_001,1,rest,,1.4892,226315.0,raspberry_pi_seeed_gsr,"226315,1.4892"
2026-06-01T11:19:38.224,hardware_check,self_20260601_111921,clip_001,1,rest,,1.507,226336.0,raspberry_pi_seeed_gsr,"226336,1.5070"
2026-06-01T11:19:38.243,hardware_check,self_20260601_111921,clip_001,1,rest,,1.5094,226357.0,raspberry_pi_seeed_gsr,"226357,1.5094"
2026-06-01T11:19:38.264,hardware_check,self_20260601_111921,clip_001,1,rest,,1.5062,226378.0,raspberry_pi_seeed_gsr,"226378,1.5062"
2026-06-01T11:19:38.285,hardware_check,self_20260601_111921,clip_001,1,rest,,1.5029,226399.0,raspberry_pi_seeed_gsr,"226399,1.5029"
2026-06-01T11:19:38.306,hardware_check,self_20260601_111921,clip_001,1,rest,,1.5037,226420.0,raspberry_pi_seeed_gsr,"226420,1.5037"
2026-06-01T11:19:38.327,hardware_check,self_20260601_111921,clip_001,1,rest,,1.5062,226441.0,raspberry_pi_seeed_gsr,"226441,1.5062"
2026-06-01T11:19:38.348,hardware_check,self_20260601_111921,clip_001,1,rest,,1.5062,226462.0,raspberry_pi_seeed_gsr,"226462,1.5062"
2026-06-01T11:19:38.369,hardware_check,self_20260601_111921,clip_001,1,rest,,1.5005,226483.0,raspberry_pi_seeed_gsr,"226483,1.5005"
2026-06-01T11:19:38.390,hardware_check,self_20260601_111921,clip_001,1,rest,,1.5223,226504.0,raspberry_pi_seeed_gsr,"226504,1.5223"
2026-06-01T11:19:38.411,hardware_check,self_20260601_111921,clip_001,1,rest,,1.5054,226525.0,raspberry_pi_seeed_gsr,"226525,1.5054"
2026-06-01T11:19:38.432,hardware_check,self_20260601_111921,clip_001,1,rest,,1.5094,226546.0,raspberry_pi_seeed_gsr,"226546,1.5094"
2026-06-01T11:19:38.461,hardware_check,self_20260601_111921,clip_001,1,rest,,1.5078,226567.0,raspberry_pi_seeed_gsr,"226567,1.5078"
2026-06-01T11:19:38.474,hardware_check,self_20260601_111921,clip_001,1,rest,,1.5013,226588.0,raspberry_pi_seeed_gsr,"226588,1.5013"
2026-06-01T11:19:38.495,hardware_check,self_20260601_111921,clip_001,1,rest,,1.4941,226609.0,raspberry_pi_seeed_gsr,"226609,1.4941"
2026-06-01T11:19:38.516,hardware_check,self_20260601_111921,clip_001,1,rest,,1.4989,226630.0,raspberry_pi_seeed_gsr,"226630,1.4989"
2026-06-01T11:19:38.537,hardware_check,self_20260601_111921,clip_001,1,rest,,1.5094,226651.0,raspberry_pi_seeed_gsr,"226651,1.5094"
2026-06-01T11:19:38.558,hardware_check,self_20260601_111921,clip_001,1,rest,,1.5094,226672.0,raspberry_pi_seeed_gsr,"226672,1.5094"
2026-06-01T11:19:38.579,hardware_check,self_20260601_111921,clip_001,1,rest,,1.5037,226693.0,raspberry_pi_seeed_gsr,"226693,1.5037"
2026-06-01T11:19:38.600,hardware_check,self_20260601_111921,clip_001,1,rest,,1.5078,226714.0,raspberry_pi_seeed_gsr,"226714,1.5078"
2026-06-01T11:19:38.621,hardware_check,self_20260601_111921,clip_001,1,rest,,1.4876,226735.0,raspberry_pi_seeed_gsr,"226735,1.4876"
2026-06-01T11:19:38.642,hardware_check,self_20260601_111921,clip_001,1,rest,,1.5086,226756.0,raspberry_pi_seeed_gsr,"226756,1.5086"
2026-06-01T11:19:38.664,hardware_check,self_20260601_111921,clip_001,1,rest,,1.5021,226777.0,raspberry_pi_seeed_gsr,"226777,1.5021"
2026-06-01T11:19:38.685,hardware_check,self_20260601_111921,clip_001,1,rest,,1.4997,226798.0,raspberry_pi_seeed_gsr,"226798,1.4997"
2026-06-01T11:19:38.728,hardware_check,self_20260601_111921,clip_001,1,rest,,1.5094,226819.0,raspberry_pi_seeed_gsr,"226819,1.5094"
2026-06-01T11:19:38.730,hardware_check,self_20260601_111921,clip_001,1,rest,,1.5046,226840.0,raspberry_pi_seeed_gsr,"226840,1.5046"
2026-06-01T11:19:38.747,hardware_check,self_20260601_111921,clip_001,1,rest,,1.5094,226861.0,raspberry_pi_seeed_gsr,"226861,1.5094"
2026-06-01T11:19:38.768,hardware_check,self_20260601_111921,clip_001,1,rest,,1.5062,226882.0,raspberry_pi_seeed_gsr,"226882,1.5062"
2026-06-01T11:19:38.789,hardware_check,self_20260601_111921,clip_001,1,rest,,1.5029,226903.0,raspberry_pi_seeed_gsr,"226903,1.5029"
2026-06-01T11:19:38.810,hardware_check,self_20260601_111921,clip_001,1,rest,,1.4941,226924.0,raspberry_pi_seeed_gsr,"226924,1.4941"
2026-06-01T11:19:38.831,hardware_check,self_20260601_111921,clip_001,1,rest,,1.5094,226945.0,raspberry_pi_seeed_gsr,"226945,1.5094"
2026-06-01T11:19:38.852,hardware_check,self_20260601_111921,clip_001,1,rest,,1.5094,226966.0,raspberry_pi_seeed_gsr,"226966,1.5094"
2026-06-01T11:19:38.873,hardware_check,self_20260601_111921,clip_001,1,rest,,1.5029,226987.0,raspberry_pi_seeed_gsr,"226987,1.5029"
2026-06-01T11:19:38.894,hardware_check,self_20260601_111921,clip_001,1,rest,,1.5126,227008.0,raspberry_pi_seeed_gsr,"227008,1.5126"
2026-06-01T11:19:38.915,hardware_check,self_20260601_111921,clip_001,1,rest,,1.5094,227029.0,raspberry_pi_seeed_gsr,"227029,1.5094"
2026-06-01T11:19:38.937,hardware_check,self_20260601_111921,clip_001,1,rest,,1.5054,227050.0,raspberry_pi_seeed_gsr,"227050,1.5054"
2026-06-01T11:19:38.978,hardware_check,self_20260601_111921,clip_001,1,rest,,1.5086,227071.0,raspberry_pi_seeed_gsr,"227071,1.5086"
2026-06-01T11:19:38.979,hardware_check,self_20260601_111921,clip_001,1,rest,,1.5118,227092.0,raspberry_pi_seeed_gsr,"227092,1.5118"
2026-06-01T11:19:38.999,hardware_check,self_20260601_111921,clip_001,1,rest,,1.507,227113.0,raspberry_pi_seeed_gsr,"227113,1.5070"
2026-06-01T11:19:39.020,hardware_check,self_20260601_111921,clip_001,1,rest,,1.515,227134.0,raspberry_pi_seeed_gsr,"227134,1.5150"
2026-06-01T11:19:39.041,hardware_check,self_20260601_111921,clip_001,1,rest,,1.4997,227155.0,raspberry_pi_seeed_gsr,"227155,1.4997"
2026-06-01T11:19:39.062,hardware_check,self_20260601_111921,clip_001,1,rest,,1.5078,227176.0,raspberry_pi_seeed_gsr,"227176,1.5078"
2026-06-01T11:19:39.083,hardware_check,self_20260601_111921,clip_001,1,rest,,1.5013,227197.0,raspberry_pi_seeed_gsr,"227197,1.5013"
2026-06-01T11:19:39.104,hardware_check,self_20260601_111921,clip_001,1,rest,,1.4941,227218.0,raspberry_pi_seeed_gsr,"227218,1.4941"
2026-06-01T11:19:39.125,hardware_check,self_20260601_111921,clip_001,1,rest,,1.5054,227239.0,raspberry_pi_seeed_gsr,"227239,1.5054"
2026-06-01T11:19:39.147,hardware_check,self_20260601_111921,clip_001,1,rest,,1.5094,227260.0,raspberry_pi_seeed_gsr,"227260,1.5094"
2026-06-01T11:19:39.167,hardware_check,self_20260601_111921,clip_001,1,rest,,1.5086,227281.0,raspberry_pi_seeed_gsr,"227281,1.5086"
2026-06-01T11:19:39.188,hardware_check,self_20260601_111921,clip_001,1,rest,,1.4973,227302.0,raspberry_pi_seeed_gsr,"227302,1.4973"
2026-06-01T11:19:39.240,hardware_check,self_20260601_111921,clip_001,1,rest,,1.4949,227323.0,raspberry_pi_seeed_gsr,"227323,1.4949"
2026-06-01T11:19:39.241,hardware_check,self_20260601_111921,clip_001,1,rest,,1.5021,227344.0,raspberry_pi_seeed_gsr,"227344,1.5021"
2026-06-01T11:19:39.251,hardware_check,self_20260601_111921,clip_001,1,rest,,1.4925,227365.0,raspberry_pi_seeed_gsr,"227365,1.4925"
2026-06-01T11:19:39.272,hardware_check,self_20260601_111921,clip_001,1,rest,,1.5094,227386.0,raspberry_pi_seeed_gsr,"227386,1.5094"
2026-06-01T11:19:39.293,hardware_check,self_20260601_111921,clip_001,1,rest,,1.511,227407.0,raspberry_pi_seeed_gsr,"227407,1.5110"
2026-06-01T11:19:39.314,hardware_check,self_20260601_111921,clip_001,1,rest,,1.507,227428.0,raspberry_pi_seeed_gsr,"227428,1.5070"
2026-06-01T11:19:39.335,hardware_check,self_20260601_111921,clip_001,1,rest,,1.5126,227449.0,raspberry_pi_seeed_gsr,"227449,1.5126"
2026-06-01T11:19:39.356,hardware_check,self_20260601_111921,clip_001,1,rest,,1.5046,227470.0,raspberry_pi_seeed_gsr,"227470,1.5046"
2026-06-01T11:19:39.377,hardware_check,self_20260601_111921,clip_001,1,rest,,1.5046,227491.0,raspberry_pi_seeed_gsr,"227491,1.5046"
2026-06-01T11:19:39.398,hardware_check,self_20260601_111921,clip_001,1,rest,,1.5046,227512.0,raspberry_pi_seeed_gsr,"227512,1.5046"
2026-06-01T11:19:39.419,hardware_check,self_20260601_111921,clip_001,1,rest,,1.5037,227533.0,raspberry_pi_seeed_gsr,"227533,1.5037"
2026-06-01T11:19:39.440,hardware_check,self_20260601_111921,clip_001,1,rest,,1.5054,227554.0,raspberry_pi_seeed_gsr,"227554,1.5054"
2026-06-01T11:19:39.472,hardware_check,self_20260601_111921,clip_001,1,rest,,1.5118,227575.0,raspberry_pi_seeed_gsr,"227575,1.5118"
2026-06-01T11:19:39.482,hardware_check,self_20260601_111921,clip_001,1,rest,,1.5102,227596.0,raspberry_pi_seeed_gsr,"227596,1.5102"
2026-06-01T11:19:39.503,hardware_check,self_20260601_111921,clip_001,1,rest,,1.5086,227617.0,raspberry_pi_seeed_gsr,"227617,1.5086"
2026-06-01T11:19:39.524,hardware_check,self_20260601_111921,clip_001,1,rest,,1.4828,227638.0,raspberry_pi_seeed_gsr,"227638,1.4828"
2026-06-01T11:19:39.545,hardware_check,self_20260601_111921,clip_001,1,rest,,1.507,227659.0,raspberry_pi_seeed_gsr,"227659,1.5070"
2026-06-01T11:19:39.566,hardware_check,self_20260601_111921,clip_001,1,rest,,1.5054,227680.0,raspberry_pi_seeed_gsr,"227680,1.5054"
2026-06-01T11:19:39.587,hardware_check,self_20260601_111921,clip_001,1,rest,,1.4868,227701.0,raspberry_pi_seeed_gsr,"227701,1.4868"
2026-06-01T11:19:39.608,hardware_check,self_20260601_111921,clip_001,1,rest,,1.5062,227722.0,raspberry_pi_seeed_gsr,"227722,1.5062"
2026-06-01T11:19:39.629,hardware_check,self_20260601_111921,clip_001,1,rest,,1.5046,227743.0,raspberry_pi_seeed_gsr,"227743,1.5046"
2026-06-01T11:19:39.650,hardware_check,self_20260601_111921,clip_001,1,rest,,1.5255,227764.0,raspberry_pi_seeed_gsr,"227764,1.5255"
2026-06-01T11:19:39.672,hardware_check,self_20260601_111921,clip_001,1,rest,,1.5102,227785.0,raspberry_pi_seeed_gsr,"227785,1.5102"
2026-06-01T11:19:39.693,hardware_check,self_20260601_111921,clip_001,1,rest,,1.5126,227806.0,raspberry_pi_seeed_gsr,"227806,1.5126"
2026-06-01T11:19:39.735,hardware_check,self_20260601_111921,clip_001,1,rest,,1.5191,227827.0,raspberry_pi_seeed_gsr,"227827,1.5191"
2026-06-01T11:19:39.736,hardware_check,self_20260601_111921,clip_001,1,rest,,1.511,227848.0,raspberry_pi_seeed_gsr,"227848,1.5110"
2026-06-01T11:19:39.755,hardware_check,self_20260601_111921,clip_001,1,rest,,1.507,227869.0,raspberry_pi_seeed_gsr,"227869,1.5070"
2026-06-01T11:19:39.776,hardware_check,self_20260601_111921,clip_001,1,rest,,1.5078,227890.0,raspberry_pi_seeed_gsr,"227890,1.5078"
2026-06-01T11:19:39.797,hardware_check,self_20260601_111921,clip_001,1,rest,,1.5094,227911.0,raspberry_pi_seeed_gsr,"227911,1.5094"
2026-06-01T11:19:39.818,hardware_check,self_20260601_111921,clip_001,1,rest,,1.511,227932.0,raspberry_pi_seeed_gsr,"227932,1.5110"
2026-06-01T11:19:39.839,hardware_check,self_20260601_111921,clip_001,1,rest,,1.4925,227953.0,raspberry_pi_seeed_gsr,"227953,1.4925"
2026-06-01T11:19:39.860,hardware_check,self_20260601_111921,clip_001,1,rest,,1.5126,227974.0,raspberry_pi_seeed_gsr,"227974,1.5126"
2026-06-01T11:19:39.881,hardware_check,self_20260601_111921,clip_001,1,rest,,1.5102,227995.0,raspberry_pi_seeed_gsr,"227995,1.5102"
2026-06-01T11:19:39.902,hardware_check,self_20260601_111921,clip_001,1,rest,,1.5086,228016.0,raspberry_pi_seeed_gsr,"228016,1.5086"
2026-06-01T11:19:39.923,hardware_check,self_20260601_111921,clip_001,1,rest,,1.5102,228037.0,raspberry_pi_seeed_gsr,"228037,1.5102"
2026-06-01T11:19:39.945,hardware_check,self_20260601_111921,clip_001,1,rest,,1.486,228058.0,raspberry_pi_seeed_gsr,"228058,1.4860"
2026-06-01T11:19:39.988,hardware_check,self_20260601_111921,clip_001,1,rest,,1.5062,228079.0,raspberry_pi_seeed_gsr,"228079,1.5062"
2026-06-01T11:19:39.989,hardware_check,self_20260601_111921,clip_001,1,rest,,1.5118,228100.0,raspberry_pi_seeed_gsr,"228100,1.5118"
2026-06-01T11:19:40.007,hardware_check,self_20260601_111921,clip_001,1,rest,,1.5094,228121.0,raspberry_pi_seeed_gsr,"228121,1.5094"
2026-06-01T11:19:40.028,hardware_check,self_20260601_111921,clip_001,1,rest,,1.5094,228142.0,raspberry_pi_seeed_gsr,"228142,1.5094"
2026-06-01T11:19:40.049,hardware_check,self_20260601_111921,clip_001,1,rest,,1.5102,228163.0,raspberry_pi_seeed_gsr,"228163,1.5102"
2026-06-01T11:19:40.071,hardware_check,self_20260601_111921,clip_001,1,rest,,1.5126,228184.0,raspberry_pi_seeed_gsr,"228184,1.5126"
2026-06-01T11:19:40.091,hardware_check,self_20260601_111921,clip_001,1,rest,,1.5094,228205.0,raspberry_pi_seeed_gsr,"228205,1.5094"
2026-06-01T11:19:40.112,hardware_check,self_20260601_111921,clip_001,1,rest,,1.5223,228226.0,raspberry_pi_seeed_gsr,"228226,1.5223"
2026-06-01T11:19:40.133,hardware_check,self_20260601_111921,clip_001,1,rest,,1.5126,228247.0,raspberry_pi_seeed_gsr,"228247,1.5126"
2026-06-01T11:19:40.154,hardware_check,self_20260601_111921,clip_001,1,rest,,1.5126,228268.0,raspberry_pi_seeed_gsr,"228268,1.5126"
2026-06-01T11:19:40.175,hardware_check,self_20260601_111921,clip_001,1,rest,,1.5102,228289.0,raspberry_pi_seeed_gsr,"228289,1.5102"
2026-06-01T11:19:40.197,hardware_check,self_20260601_111921,clip_001,1,rest,,1.5191,228310.0,raspberry_pi_seeed_gsr,"228310,1.5191"
2026-06-01T11:19:40.242,hardware_check,self_20260601_111921,clip_001,1,rest,,1.5118,228331.0,raspberry_pi_seeed_gsr,"228331,1.5118"
2026-06-01T11:19:40.243,hardware_check,self_20260601_111921,clip_001,1,rest,,1.5086,228352.0,raspberry_pi_seeed_gsr,"228352,1.5086"
2026-06-01T11:19:40.259,hardware_check,self_20260601_111921,clip_001,1,rest,,1.5021,228373.0,raspberry_pi_seeed_gsr,"228373,1.5021"
2026-06-01T11:19:40.280,hardware_check,self_20260601_111921,clip_001,1,rest,,1.5118,228394.0,raspberry_pi_seeed_gsr,"228394,1.5118"
2026-06-01T11:19:40.301,hardware_check,self_20260601_111921,clip_001,1,rest,,1.5046,228415.0,raspberry_pi_seeed_gsr,"228415,1.5046"
2026-06-01T11:19:40.322,hardware_check,self_20260601_111921,clip_001,1,rest,,1.5239,228436.0,raspberry_pi_seeed_gsr,"228436,1.5239"
2026-06-01T11:19:40.343,hardware_check,self_20260601_111921,clip_001,1,rest,,1.5094,228457.0,raspberry_pi_seeed_gsr,"228457,1.5094"
2026-06-01T11:19:40.364,hardware_check,self_20260601_111921,clip_001,1,rest,,1.5086,228478.0,raspberry_pi_seeed_gsr,"228478,1.5086"
2026-06-01T11:19:40.385,hardware_check,self_20260601_111921,clip_001,1,rest,,1.5062,228499.0,raspberry_pi_seeed_gsr,"228499,1.5062"
2026-06-01T11:19:40.406,hardware_check,self_20260601_111921,clip_001,1,rest,,1.515,228520.0,raspberry_pi_seeed_gsr,"228520,1.5150"
2026-06-01T11:19:40.427,hardware_check,self_20260601_111921,clip_001,1,rest,,1.511,228541.0,raspberry_pi_seeed_gsr,"228541,1.5110"
2026-06-01T11:19:40.448,hardware_check,self_20260601_111921,clip_001,1,rest,,1.5118,228562.0,raspberry_pi_seeed_gsr,"228562,1.5118"
2026-06-01T11:19:40.480,hardware_check,self_20260601_111921,clip_001,1,rest,,1.5094,228583.0,raspberry_pi_seeed_gsr,"228583,1.5094"
2026-06-01T11:19:40.490,hardware_check,self_20260601_111921,clip_001,1,rest,,1.5118,228604.0,raspberry_pi_seeed_gsr,"228604,1.5118"
2026-06-01T11:19:40.511,hardware_check,self_20260601_111921,clip_001,1,rest,,1.515,228625.0,raspberry_pi_seeed_gsr,"228625,1.5150"
2026-06-01T11:19:40.532,hardware_check,self_20260601_111921,clip_001,1,rest,,1.5263,228646.0,raspberry_pi_seeed_gsr,"228646,1.5263"
2026-06-01T11:19:40.553,hardware_check,self_20260601_111921,clip_001,1,rest,,1.511,228667.0,raspberry_pi_seeed_gsr,"228667,1.5110"
2026-06-01T11:19:40.574,hardware_check,self_20260601_111921,clip_001,1,rest,,1.5046,228688.0,raspberry_pi_seeed_gsr,"228688,1.5046"
2026-06-01T11:19:40.595,hardware_check,self_20260601_111921,clip_001,1,rest,,1.5118,228709.0,raspberry_pi_seeed_gsr,"228709,1.5118"
2026-06-01T11:19:40.616,hardware_check,self_20260601_111921,clip_001,1,rest,,1.5182,228730.0,raspberry_pi_seeed_gsr,"228730,1.5182"
2026-06-01T11:19:40.637,hardware_check,self_20260601_111921,clip_001,1,rest,,1.5118,228751.0,raspberry_pi_seeed_gsr,"228751,1.5118"
2026-06-01T11:19:40.658,hardware_check,self_20260601_111921,clip_001,1,rest,,1.507,228772.0,raspberry_pi_seeed_gsr,"228772,1.5070"
2026-06-01T11:19:40.680,hardware_check,self_20260601_111921,clip_001,1,rest,,1.5134,228793.0,raspberry_pi_seeed_gsr,"228793,1.5134"
2026-06-01T11:19:40.701,hardware_check,self_20260601_111921,clip_001,1,rest,,1.5118,228814.0,raspberry_pi_seeed_gsr,"228814,1.5118"
2026-06-01T11:19:40.739,hardware_check,self_20260601_111921,clip_001,1,rest,,1.5166,228835.0,raspberry_pi_seeed_gsr,"228835,1.5166"
2026-06-01T11:19:40.742,hardware_check,self_20260601_111921,clip_001,1,rest,,1.5118,228856.0,raspberry_pi_seeed_gsr,"228856,1.5118"
2026-06-01T11:19:40.763,hardware_check,self_20260601_111921,clip_001,1,rest,,1.5166,228877.0,raspberry_pi_seeed_gsr,"228877,1.5166"
2026-06-01T11:19:40.784,hardware_check,self_20260601_111921,clip_001,1,rest,,1.5118,228898.0,raspberry_pi_seeed_gsr,"228898,1.5118"
2026-06-01T11:19:40.805,hardware_check,self_20260601_111921,clip_001,1,rest,,1.511,228919.0,raspberry_pi_seeed_gsr,"228919,1.5110"
2026-06-01T11:19:40.826,hardware_check,self_20260601_111921,clip_001,1,rest,,1.5158,228940.0,raspberry_pi_seeed_gsr,"228940,1.5158"
2026-06-01T11:19:40.847,hardware_check,self_20260601_111921,clip_001,1,rest,,1.5062,228961.0,raspberry_pi_seeed_gsr,"228961,1.5062"
2026-06-01T11:19:40.868,hardware_check,self_20260601_111921,clip_001,1,rest,,1.511,228982.0,raspberry_pi_seeed_gsr,"228982,1.5110"
2026-06-01T11:19:40.889,hardware_check,self_20260601_111921,clip_001,1,rest,,1.4933,229003.0,raspberry_pi_seeed_gsr,"229003,1.4933"
2026-06-01T11:19:40.910,hardware_check,self_20260601_111921,clip_001,1,rest,,1.5174,229024.0,raspberry_pi_seeed_gsr,"229024,1.5174"
2026-06-01T11:19:40.931,hardware_check,self_20260601_111921,clip_001,1,rest,,1.5094,229045.0,raspberry_pi_seeed_gsr,"229045,1.5094"
2026-06-01T11:19:40.953,hardware_check,self_20260601_111921,clip_001,1,rest,,1.5029,229066.0,raspberry_pi_seeed_gsr,"229066,1.5029"
2026-06-01T11:19:40.998,hardware_check,self_20260601_111921,clip_001,1,rest,,1.4997,229087.0,raspberry_pi_seeed_gsr,"229087,1.4997"
2026-06-01T11:19:40.999,hardware_check,self_20260601_111921,clip_001,1,rest,,1.5158,229108.0,raspberry_pi_seeed_gsr,"229108,1.5158"
2026-06-01T11:19:41.015,hardware_check,self_20260601_111921,clip_001,1,rest,,1.507,229129.0,raspberry_pi_seeed_gsr,"229129,1.5070"
2026-06-01T11:19:41.036,hardware_check,self_20260601_111921,clip_001,1,rest,,1.5102,229150.0,raspberry_pi_seeed_gsr,"229150,1.5102"
2026-06-01T11:19:41.057,hardware_check,self_20260601_111921,clip_001,1,rest,,1.5182,229171.0,raspberry_pi_seeed_gsr,"229171,1.5182"
2026-06-01T11:19:41.078,hardware_check,self_20260601_111921,clip_001,1,rest,,1.5118,229192.0,raspberry_pi_seeed_gsr,"229192,1.5118"
2026-06-01T11:19:41.099,hardware_check,self_20260601_111921,clip_001,1,rest,,1.511,229213.0,raspberry_pi_seeed_gsr,"229213,1.5110"
2026-06-01T11:19:41.120,hardware_check,self_20260601_111921,clip_001,1,rest,,1.5062,229234.0,raspberry_pi_seeed_gsr,"229234,1.5062"
2026-06-01T11:19:41.141,hardware_check,self_20260601_111921,clip_001,1,rest,,1.5263,229255.0,raspberry_pi_seeed_gsr,"229255,1.5263"
2026-06-01T11:19:41.162,hardware_check,self_20260601_111921,clip_001,1,rest,,1.5182,229276.0,raspberry_pi_seeed_gsr,"229276,1.5182"
2026-06-01T11:19:41.183,hardware_check,self_20260601_111921,clip_001,1,rest,,1.515,229297.0,raspberry_pi_seeed_gsr,"229297,1.5150"
2026-06-01T11:19:41.205,hardware_check,self_20260601_111921,clip_001,1,rest,,1.5118,229318.0,raspberry_pi_seeed_gsr,"229318,1.5118"
2026-06-01T11:19:41.248,hardware_check,self_20260601_111921,clip_001,1,rest,,1.5021,229339.0,raspberry_pi_seeed_gsr,"229339,1.5021"
2026-06-01T11:19:41.249,hardware_check,self_20260601_111921,clip_001,1,rest,,1.515,229360.0,raspberry_pi_seeed_gsr,"229360,1.5150"
2026-06-01T11:19:41.267,hardware_check,self_20260601_111921,clip_001,1,rest,,1.5166,229381.0,raspberry_pi_seeed_gsr,"229381,1.5166"
2026-06-01T11:19:41.288,hardware_check,self_20260601_111921,clip_001,1,rest,,1.5199,229402.0,raspberry_pi_seeed_gsr,"229402,1.5199"
2026-06-01T11:19:41.309,hardware_check,self_20260601_111921,clip_001,1,rest,,1.5134,229423.0,raspberry_pi_seeed_gsr,"229423,1.5134"
2026-06-01T11:19:41.330,hardware_check,self_20260601_111921,clip_001,1,rest,,1.5078,229444.0,raspberry_pi_seeed_gsr,"229444,1.5078"
2026-06-01T11:19:41.351,hardware_check,self_20260601_111921,clip_001,1,rest,,1.515,229465.0,raspberry_pi_seeed_gsr,"229465,1.5150"
2026-06-01T11:19:41.372,hardware_check,self_20260601_111921,clip_001,1,rest,,1.5102,229486.0,raspberry_pi_seeed_gsr,"229486,1.5102"
2026-06-01T11:19:41.393,hardware_check,self_20260601_111921,clip_001,1,rest,,1.5054,229507.0,raspberry_pi_seeed_gsr,"229507,1.5054"
2026-06-01T11:19:41.414,hardware_check,self_20260601_111921,clip_001,1,rest,,1.5142,229528.0,raspberry_pi_seeed_gsr,"229528,1.5142"
2026-06-01T11:19:41.435,hardware_check,self_20260601_111921,clip_001,1,rest,,1.5182,229549.0,raspberry_pi_seeed_gsr,"229549,1.5182"
2026-06-01T11:19:41.456,hardware_check,self_20260601_111921,clip_001,1,rest,,1.5126,229570.0,raspberry_pi_seeed_gsr,"229570,1.5126"
2026-06-01T11:19:41.489,hardware_check,self_20260601_111921,clip_001,1,rest,,1.511,229591.0,raspberry_pi_seeed_gsr,"229591,1.5110"
2026-06-01T11:19:41.498,hardware_check,self_20260601_111921,clip_001,1,rest,,1.5062,229612.0,raspberry_pi_seeed_gsr,"229612,1.5062"
2026-06-01T11:19:41.519,hardware_check,self_20260601_111921,clip_001,1,rest,,1.507,229633.0,raspberry_pi_seeed_gsr,"229633,1.5070"
2026-06-01T11:19:41.540,hardware_check,self_20260601_111921,clip_001,1,rest,,1.49,229654.0,raspberry_pi_seeed_gsr,"229654,1.4900"
2026-06-01T11:19:41.560,hardware_check,self_20260601_111921,clip_001,1,rest,,1.5118,229674.0,raspberry_pi_seeed_gsr,"229674,1.5118"
2026-06-01T11:19:41.581,hardware_check,self_20260601_111921,clip_001,1,rest,,1.5215,229695.0,raspberry_pi_seeed_gsr,"229695,1.5215"
2026-06-01T11:19:41.602,hardware_check,self_20260601_111921,clip_001,1,rest,,1.5174,229716.0,raspberry_pi_seeed_gsr,"229716,1.5174"
2026-06-01T11:19:41.623,hardware_check,self_20260601_111921,clip_001,1,rest,,1.5182,229737.0,raspberry_pi_seeed_gsr,"229737,1.5182"
2026-06-01T11:19:41.644,hardware_check,self_20260601_111921,clip_001,1,rest,,1.5158,229758.0,raspberry_pi_seeed_gsr,"229758,1.5158"
2026-06-01T11:19:41.665,hardware_check,self_20260601_111921,clip_001,1,rest,,1.5223,229779.0,raspberry_pi_seeed_gsr,"229779,1.5223"
2026-06-01T11:19:41.686,hardware_check,self_20260601_111921,clip_001,1,rest,,1.5126,229800.0,raspberry_pi_seeed_gsr,"229800,1.5126"
2026-06-01T11:19:41.708,hardware_check,self_20260601_111921,clip_001,1,rest,,1.515,229821.0,raspberry_pi_seeed_gsr,"229821,1.5150"
2026-06-01T11:19:41.753,hardware_check,self_20260601_111921,clip_001,1,rest,,1.5174,229842.0,raspberry_pi_seeed_gsr,"229842,1.5174"
2026-06-01T11:19:41.754,hardware_check,self_20260601_111921,clip_001,1,rest,,1.5158,229863.0,raspberry_pi_seeed_gsr,"229863,1.5158"
2026-06-01T11:19:41.770,hardware_check,self_20260601_111921,clip_001,1,rest,,1.5239,229884.0,raspberry_pi_seeed_gsr,"229884,1.5239"
2026-06-01T11:19:41.791,hardware_check,self_20260601_111921,clip_001,1,rest,,1.5174,229905.0,raspberry_pi_seeed_gsr,"229905,1.5174"
2026-06-01T11:19:41.812,hardware_check,self_20260601_111921,clip_001,1,rest,,1.5287,229926.0,raspberry_pi_seeed_gsr,"229926,1.5287"
2026-06-01T11:19:41.833,hardware_check,self_20260601_111921,clip_001,1,rest,,1.5094,229947.0,raspberry_pi_seeed_gsr,"229947,1.5094"
2026-06-01T11:19:41.854,hardware_check,self_20260601_111921,clip_001,1,rest,,1.5199,229968.0,raspberry_pi_seeed_gsr,"229968,1.5199"
2026-06-01T11:19:41.875,hardware_check,self_20260601_111921,clip_001,1,rest,,1.515,229989.0,raspberry_pi_seeed_gsr,"229989,1.5150"
2026-06-01T11:19:41.896,hardware_check,self_20260601_111921,clip_001,1,rest,,1.5166,230010.0,raspberry_pi_seeed_gsr,"230010,1.5166"
2026-06-01T11:19:41.917,hardware_check,self_20260601_111921,clip_001,1,rest,,1.5223,230031.0,raspberry_pi_seeed_gsr,"230031,1.5223"
2026-06-01T11:19:41.938,hardware_check,self_20260601_111921,clip_001,1,rest,,1.5182,230052.0,raspberry_pi_seeed_gsr,"230052,1.5182"
2026-06-01T11:19:41.959,hardware_check,self_20260601_111921,clip_001,1,rest,,1.5247,230073.0,raspberry_pi_seeed_gsr,"230073,1.5247"
2026-06-01T11:19:41.997,hardware_check,self_20260601_111921,clip_001,1,rest,,1.5158,230094.0,raspberry_pi_seeed_gsr,"230094,1.5158"
2026-06-01T11:19:42.001,hardware_check,self_20260601_111921,clip_001,1,rest,,1.5287,230115.0,raspberry_pi_seeed_gsr,"230115,1.5287"
2026-06-01T11:19:42.022,hardware_check,self_20260601_111921,clip_001,1,rest,,1.515,230136.0,raspberry_pi_seeed_gsr,"230136,1.5150"
2026-06-01T11:19:42.043,hardware_check,self_20260601_111921,clip_001,1,rest,,1.5174,230157.0,raspberry_pi_seeed_gsr,"230157,1.5174"
2026-06-01T11:19:42.064,hardware_check,self_20260601_111921,clip_001,1,rest,,1.5166,230178.0,raspberry_pi_seeed_gsr,"230178,1.5166"
2026-06-01T11:19:42.085,hardware_check,self_20260601_111921,clip_001,1,rest,,1.5263,230199.0,raspberry_pi_seeed_gsr,"230199,1.5263"
2026-06-01T11:19:42.106,hardware_check,self_20260601_111921,clip_001,1,rest,,1.5174,230220.0,raspberry_pi_seeed_gsr,"230220,1.5174"
2026-06-01T11:19:42.127,hardware_check,self_20260601_111921,clip_001,1,rest,,1.515,230241.0,raspberry_pi_seeed_gsr,"230241,1.5150"
2026-06-01T11:19:42.148,hardware_check,self_20260601_111921,clip_001,1,rest,,1.5166,230262.0,raspberry_pi_seeed_gsr,"230262,1.5166"
2026-06-01T11:19:42.169,hardware_check,self_20260601_111921,clip_001,1,rest,,1.5126,230283.0,raspberry_pi_seeed_gsr,"230283,1.5126"
2026-06-01T11:19:42.191,hardware_check,self_20260601_111921,clip_001,1,rest,,1.511,230304.0,raspberry_pi_seeed_gsr,"230304,1.5110"
2026-06-01T11:19:42.211,hardware_check,self_20260601_111921,clip_001,1,rest,,1.5182,230325.0,raspberry_pi_seeed_gsr,"230325,1.5182"
2026-06-01T11:19:42.252,hardware_check,self_20260601_111921,clip_001,1,rest,,1.5376,230346.0,raspberry_pi_seeed_gsr,"230346,1.5376"
2026-06-01T11:19:42.253,hardware_check,self_20260601_111921,clip_001,1,rest,,1.5158,230367.0,raspberry_pi_seeed_gsr,"230367,1.5158"
2026-06-01T11:19:42.274,hardware_check,self_20260601_111921,clip_001,1,rest,,1.5182,230388.0,raspberry_pi_seeed_gsr,"230388,1.5182"
2026-06-01T11:19:42.295,hardware_check,self_20260601_111921,clip_001,1,rest,,1.5102,230409.0,raspberry_pi_seeed_gsr,"230409,1.5102"
2026-06-01T11:19:42.316,hardware_check,self_20260601_111921,clip_001,1,rest,,1.4981,230430.0,raspberry_pi_seeed_gsr,"230430,1.4981"
2026-06-01T11:19:42.337,hardware_check,self_20260601_111921,clip_001,1,rest,,1.5078,230451.0,raspberry_pi_seeed_gsr,"230451,1.5078"
2026-06-01T11:19:42.358,hardware_check,self_20260601_111921,clip_001,1,rest,,1.5054,230472.0,raspberry_pi_seeed_gsr,"230472,1.5054"
2026-06-01T11:19:42.379,hardware_check,self_20260601_111921,clip_001,1,rest,,1.5046,230493.0,raspberry_pi_seeed_gsr,"230493,1.5046"
2026-06-01T11:19:42.400,hardware_check,self_20260601_111921,clip_001,1,rest,,1.5062,230514.0,raspberry_pi_seeed_gsr,"230514,1.5062"
2026-06-01T11:19:42.421,hardware_check,self_20260601_111921,clip_001,1,rest,,1.4997,230535.0,raspberry_pi_seeed_gsr,"230535,1.4997"
2026-06-01T11:19:42.442,hardware_check,self_20260601_111921,clip_001,1,rest,,1.5046,230556.0,raspberry_pi_seeed_gsr,"230556,1.5046"
2026-06-01T11:19:42.463,hardware_check,self_20260601_111921,clip_001,1,rest,,1.5037,230577.0,raspberry_pi_seeed_gsr,"230577,1.5037"
2026-06-01T11:19:42.492,hardware_check,self_20260601_111921,clip_001,1,rest,,1.4981,230598.0,raspberry_pi_seeed_gsr,"230598,1.4981"
2026-06-01T11:19:42.505,hardware_check,self_20260601_111921,clip_001,1,rest,,1.5118,230619.0,raspberry_pi_seeed_gsr,"230619,1.5118"
2026-06-01T11:19:42.526,hardware_check,self_20260601_111921,clip_001,1,rest,,1.5021,230640.0,raspberry_pi_seeed_gsr,"230640,1.5021"
2026-06-01T11:19:42.547,hardware_check,self_20260601_111921,clip_001,1,rest,,1.507,230661.0,raspberry_pi_seeed_gsr,"230661,1.5070"
2026-06-01T11:19:42.568,hardware_check,self_20260601_111921,clip_001,1,rest,,1.4981,230682.0,raspberry_pi_seeed_gsr,"230682,1.4981"
2026-06-01T11:19:42.589,hardware_check,self_20260601_111921,clip_001,1,rest,,1.5062,230703.0,raspberry_pi_seeed_gsr,"230703,1.5062"
2026-06-01T11:19:42.610,hardware_check,self_20260601_111921,clip_001,1,rest,,1.511,230724.0,raspberry_pi_seeed_gsr,"230724,1.5110"
2026-06-01T11:19:42.631,hardware_check,self_20260601_111921,clip_001,1,rest,,1.5118,230745.0,raspberry_pi_seeed_gsr,"230745,1.5118"
2026-06-01T11:19:42.652,hardware_check,self_20260601_111921,clip_001,1,rest,,1.4933,230766.0,raspberry_pi_seeed_gsr,"230766,1.4933"
2026-06-01T11:19:42.673,hardware_check,self_20260601_111921,clip_001,1,rest,,1.4989,230787.0,raspberry_pi_seeed_gsr,"230787,1.4989"
2026-06-01T11:19:42.695,hardware_check,self_20260601_111921,clip_001,1,rest,,1.5005,230808.0,raspberry_pi_seeed_gsr,"230808,1.5005"
2026-06-01T11:19:42.716,hardware_check,self_20260601_111921,clip_001,1,rest,,1.4973,230829.0,raspberry_pi_seeed_gsr,"230829,1.4973"
2026-06-01T11:19:42.759,hardware_check,self_20260601_111921,clip_001,1,rest,,1.4997,230850.0,raspberry_pi_seeed_gsr,"230850,1.4997"
2026-06-01T11:19:42.761,hardware_check,self_20260601_111921,clip_001,1,rest,,1.5046,230871.0,raspberry_pi_seeed_gsr,"230871,1.5046"
2026-06-01T11:19:42.778,hardware_check,self_20260601_111921,clip_001,1,rest,,1.5029,230892.0,raspberry_pi_seeed_gsr,"230892,1.5029"
2026-06-01T11:19:42.799,hardware_check,self_20260601_111921,clip_001,1,rest,,1.5021,230913.0,raspberry_pi_seeed_gsr,"230913,1.5021"
2026-06-01T11:19:42.820,hardware_check,self_20260601_111921,clip_001,1,rest,,1.4981,230934.0,raspberry_pi_seeed_gsr,"230934,1.4981"
2026-06-01T11:19:42.841,hardware_check,self_20260601_111921,clip_001,1,rest,,1.5062,230955.0,raspberry_pi_seeed_gsr,"230955,1.5062"
2026-06-01T11:19:42.862,hardware_check,self_20260601_111921,clip_001,1,rest,,1.5054,230976.0,raspberry_pi_seeed_gsr,"230976,1.5054"
2026-06-01T11:19:42.883,hardware_check,self_20260601_111921,clip_001,1,rest,,1.4941,230997.0,raspberry_pi_seeed_gsr,"230997,1.4941"
2026-06-01T11:19:42.904,hardware_check,self_20260601_111921,clip_001,1,rest,,1.5037,231018.0,raspberry_pi_seeed_gsr,"231018,1.5037"
2026-06-01T11:19:42.926,hardware_check,self_20260601_111921,clip_001,1,rest,,1.5046,231039.0,raspberry_pi_seeed_gsr,"231039,1.5046"
2026-06-01T11:19:42.947,hardware_check,self_20260601_111921,clip_001,1,rest,,1.5029,231060.0,raspberry_pi_seeed_gsr,"231060,1.5029"
2026-06-01T11:19:42.968,hardware_check,self_20260601_111921,clip_001,1,rest,,1.5037,231081.0,raspberry_pi_seeed_gsr,"231081,1.5037"
2026-06-01T11:19:43.014,hardware_check,self_20260601_111921,clip_001,1,rest,,1.4965,231102.0,raspberry_pi_seeed_gsr,"231102,1.4965"
2026-06-01T11:19:43.015,hardware_check,self_20260601_111921,clip_001,1,rest,,1.507,231123.0,raspberry_pi_seeed_gsr,"231123,1.5070"
2026-06-01T11:19:43.030,hardware_check,self_20260601_111921,clip_001,1,rest,,1.5086,231144.0,raspberry_pi_seeed_gsr,"231144,1.5086"
2026-06-01T11:19:43.051,hardware_check,self_20260601_111921,clip_001,1,rest,,1.5102,231165.0,raspberry_pi_seeed_gsr,"231165,1.5102"
2026-06-01T11:19:43.072,hardware_check,self_20260601_111921,clip_001,1,rest,,1.507,231186.0,raspberry_pi_seeed_gsr,"231186,1.5070"
2026-06-01T11:19:43.093,hardware_check,self_20260601_111921,clip_001,1,rest,,1.5062,231207.0,raspberry_pi_seeed_gsr,"231207,1.5062"
2026-06-01T11:19:43.114,hardware_check,self_20260601_111921,clip_001,1,rest,,1.5102,231228.0,raspberry_pi_seeed_gsr,"231228,1.5102"
2026-06-01T11:19:43.135,hardware_check,self_20260601_111921,clip_001,1,rest,,1.5086,231249.0,raspberry_pi_seeed_gsr,"231249,1.5086"
2026-06-01T11:19:43.156,hardware_check,self_20260601_111921,clip_001,1,rest,,1.5054,231270.0,raspberry_pi_seeed_gsr,"231270,1.5054"
2026-06-01T11:19:43.178,hardware_check,self_20260601_111921,clip_001,1,rest,,1.5029,231291.0,raspberry_pi_seeed_gsr,"231291,1.5029"
2026-06-01T11:19:43.199,hardware_check,self_20260601_111921,clip_001,1,rest,,1.5142,231312.0,raspberry_pi_seeed_gsr,"231312,1.5142"
2026-06-01T11:19:43.220,hardware_check,self_20260601_111921,clip_001,1,rest,,1.5094,231333.0,raspberry_pi_seeed_gsr,"231333,1.5094"
2026-06-01T11:19:43.266,hardware_check,self_20260601_111921,clip_001,1,rest,,1.5102,231354.0,raspberry_pi_seeed_gsr,"231354,1.5102"
2026-06-01T11:19:43.267,hardware_check,self_20260601_111921,clip_001,1,rest,,1.4852,231375.0,raspberry_pi_seeed_gsr,"231375,1.4852"
2026-06-01T11:19:43.282,hardware_check,self_20260601_111921,clip_001,1,rest,,1.4997,231396.0,raspberry_pi_seeed_gsr,"231396,1.4997"
2026-06-01T11:19:43.305,hardware_check,self_20260601_111921,clip_001,1,rest,,1.5013,231417.0,raspberry_pi_seeed_gsr,"231417,1.5013"
2026-06-01T11:19:43.324,hardware_check,self_20260601_111921,clip_001,1,rest,,1.4989,231438.0,raspberry_pi_seeed_gsr,"231438,1.4989"
2026-06-01T11:19:43.345,hardware_check,self_20260601_111921,clip_001,1,rest,,1.4981,231459.0,raspberry_pi_seeed_gsr,"231459,1.4981"
2026-06-01T11:19:43.366,hardware_check,self_20260601_111921,clip_001,1,rest,,1.5054,231480.0,raspberry_pi_seeed_gsr,"231480,1.5054"
2026-06-01T11:19:43.387,hardware_check,self_20260601_111921,clip_001,1,rest,,1.4997,231501.0,raspberry_pi_seeed_gsr,"231501,1.4997"
2026-06-01T11:19:43.408,hardware_check,self_20260601_111921,clip_001,1,rest,,1.4852,231522.0,raspberry_pi_seeed_gsr,"231522,1.4852"
2026-06-01T11:19:43.429,hardware_check,self_20260601_111921,clip_001,1,rest,,1.4997,231543.0,raspberry_pi_seeed_gsr,"231543,1.4997"
2026-06-01T11:19:43.450,hardware_check,self_20260601_111921,clip_001,1,rest,,1.4925,231564.0,raspberry_pi_seeed_gsr,"231564,1.4925"
2026-06-01T11:19:43.471,hardware_check,self_20260601_111921,clip_001,1,rest,,1.5037,231585.0,raspberry_pi_seeed_gsr,"231585,1.5037"
2026-06-01T11:19:43.503,hardware_check,self_20260601_111921,clip_001,1,rest,,1.4917,231606.0,raspberry_pi_seeed_gsr,"231606,1.4917"
2026-06-01T11:19:43.513,hardware_check,self_20260601_111921,clip_001,1,rest,,1.4965,231627.0,raspberry_pi_seeed_gsr,"231627,1.4965"
2026-06-01T11:19:43.534,hardware_check,self_20260601_111921,clip_001,1,rest,,1.4981,231648.0,raspberry_pi_seeed_gsr,"231648,1.4981"
2026-06-01T11:19:43.555,hardware_check,self_20260601_111921,clip_001,1,rest,,1.4989,231669.0,raspberry_pi_seeed_gsr,"231669,1.4989"
2026-06-01T11:19:45.603,hardware_check,self_20260601_111921,clip_001,1,listen,,1.5174,233139.0,raspberry_pi_seeed_gsr,"233139,1.5174"
2026-06-01T11:19:45.605,hardware_check,self_20260601_111921,clip_001,1,listen,,1.5182,233160.0,raspberry_pi_seeed_gsr,"233160,1.5182"
2026-06-01T11:19:45.606,hardware_check,self_20260601_111921,clip_001,1,listen,,1.5191,233181.0,raspberry_pi_seeed_gsr,"233181,1.5191"
2026-06-01T11:19:45.608,hardware_check,self_20260601_111921,clip_001,1,listen,,1.5223,233202.0,raspberry_pi_seeed_gsr,"233202,1.5223"
2026-06-01T11:19:45.609,hardware_check,self_20260601_111921,clip_001,1,listen,,1.5239,233223.0,raspberry_pi_seeed_gsr,"233223,1.5239"
2026-06-01T11:19:45.610,hardware_check,self_20260601_111921,clip_001,1,listen,,1.5255,233244.0,raspberry_pi_seeed_gsr,"233244,1.5255"
2026-06-01T11:19:45.610,hardware_check,self_20260601_111921,clip_001,1,listen,,1.5247,233265.0,raspberry_pi_seeed_gsr,"233265,1.5247"
2026-06-01T11:19:45.611,hardware_check,self_20260601_111921,clip_001,1,listen,,1.5279,233286.0,raspberry_pi_seeed_gsr,"233286,1.5279"
2026-06-01T11:19:45.612,hardware_check,self_20260601_111921,clip_001,1,listen,,1.5255,233307.0,raspberry_pi_seeed_gsr,"233307,1.5255"
2026-06-01T11:19:45.612,hardware_check,self_20260601_111921,clip_001,1,listen,,1.5134,233328.0,raspberry_pi_seeed_gsr,"233328,1.5134"
2026-06-01T11:19:45.613,hardware_check,self_20260601_111921,clip_001,1,listen,,1.5215,233349.0,raspberry_pi_seeed_gsr,"233349,1.5215"
2026-06-01T11:19:45.614,hardware_check,self_20260601_111921,clip_001,1,listen,,1.5287,233370.0,raspberry_pi_seeed_gsr,"233370,1.5287"
2026-06-01T11:19:45.614,hardware_check,self_20260601_111921,clip_001,1,listen,,1.5247,233391.0,raspberry_pi_seeed_gsr,"233391,1.5247"
2026-06-01T11:19:45.615,hardware_check,self_20260601_111921,clip_001,1,listen,,1.5223,233412.0,raspberry_pi_seeed_gsr,"233412,1.5223"
2026-06-01T11:19:45.615,hardware_check,self_20260601_111921,clip_001,1,listen,,1.5191,233433.0,raspberry_pi_seeed_gsr,"233433,1.5191"
2026-06-01T11:19:45.616,hardware_check,self_20260601_111921,clip_001,1,listen,,1.5279,233454.0,raspberry_pi_seeed_gsr,"233454,1.5279"
2026-06-01T11:19:45.616,hardware_check,self_20260601_111921,clip_001,1,listen,,1.5263,233475.0,raspberry_pi_seeed_gsr,"233475,1.5263"
2026-06-01T11:19:45.617,hardware_check,self_20260601_111921,clip_001,1,listen,,1.5215,233496.0,raspberry_pi_seeed_gsr,"233496,1.5215"
2026-06-01T11:19:45.617,hardware_check,self_20260601_111921,clip_001,1,listen,,1.5255,233517.0,raspberry_pi_seeed_gsr,"233517,1.5255"
2026-06-01T11:19:45.618,hardware_check,self_20260601_111921,clip_001,1,listen,,1.5255,233538.0,raspberry_pi_seeed_gsr,"233538,1.5255"
2026-06-01T11:19:45.619,hardware_check,self_20260601_111921,clip_001,1,listen,,1.5239,233559.0,raspberry_pi_seeed_gsr,"233559,1.5239"
2026-06-01T11:19:45.620,hardware_check,self_20260601_111921,clip_001,1,listen,,1.5263,233580.0,raspberry_pi_seeed_gsr,"233580,1.5263"
2026-06-01T11:19:45.620,hardware_check,self_20260601_111921,clip_001,1,listen,,1.5231,233601.0,raspberry_pi_seeed_gsr,"233601,1.5231"
2026-06-01T11:19:45.621,hardware_check,self_20260601_111921,clip_001,1,listen,,1.5223,233622.0,raspberry_pi_seeed_gsr,"233622,1.5223"
2026-06-01T11:19:45.621,hardware_check,self_20260601_111921,clip_001,1,listen,,1.5255,233643.0,raspberry_pi_seeed_gsr,"233643,1.5255"
2026-06-01T11:19:45.622,hardware_check,self_20260601_111921,clip_001,1,listen,,1.5166,233664.0,raspberry_pi_seeed_gsr,"233664,1.5166"
2026-06-01T11:19:45.623,hardware_check,self_20260601_111921,clip_001,1,listen,,1.49,233685.0,raspberry_pi_seeed_gsr,"233685,1.4900"
2026-06-01T11:19:45.624,hardware_check,self_20260601_111921,clip_001,1,listen,,1.5215,233706.0,raspberry_pi_seeed_gsr,"233706,1.5215"
2026-06-01T11:19:45.624,hardware_check,self_20260601_111921,clip_001,1,listen,,1.5174,233727.0,raspberry_pi_seeed_gsr,"233727,1.5174"
2026-06-01T11:19:45.634,hardware_check,self_20260601_111921,clip_001,1,listen,,1.5215,233748.0,raspberry_pi_seeed_gsr,"233748,1.5215"
2026-06-01T11:19:45.655,hardware_check,self_20260601_111921,clip_001,1,listen,,1.5231,233769.0,raspberry_pi_seeed_gsr,"233769,1.5231"
2026-06-01T11:19:45.676,hardware_check,self_20260601_111921,clip_001,1,listen,,1.5166,233790.0,raspberry_pi_seeed_gsr,"233790,1.5166"
2026-06-01T11:19:45.697,hardware_check,self_20260601_111921,clip_001,1,listen,,1.5207,233811.0,raspberry_pi_seeed_gsr,"233811,1.5207"
2026-06-01T11:19:45.719,hardware_check,self_20260601_111921,clip_001,1,listen,,1.5223,233832.0,raspberry_pi_seeed_gsr,"233832,1.5223"
2026-06-01T11:19:45.739,hardware_check,self_20260601_111921,clip_001,1,listen,,1.5199,233853.0,raspberry_pi_seeed_gsr,"233853,1.5199"
2026-06-01T11:19:45.761,hardware_check,self_20260601_111921,clip_001,1,listen,,1.5223,233874.0,raspberry_pi_seeed_gsr,"233874,1.5223"
2026-06-01T11:19:45.782,hardware_check,self_20260601_111921,clip_001,1,listen,,1.5303,233895.0,raspberry_pi_seeed_gsr,"233895,1.5303"
2026-06-01T11:19:45.803,hardware_check,self_20260601_111921,clip_001,1,listen,,1.5231,233916.0,raspberry_pi_seeed_gsr,"233916,1.5231"
2026-06-01T11:19:45.824,hardware_check,self_20260601_111921,clip_001,1,listen,,1.5279,233937.0,raspberry_pi_seeed_gsr,"233937,1.5279"
2026-06-01T11:19:45.845,hardware_check,self_20260601_111921,clip_001,1,listen,,1.5303,233958.0,raspberry_pi_seeed_gsr,"233958,1.5303"
2026-06-01T11:19:45.866,hardware_check,self_20260601_111921,clip_001,1,listen,,1.5271,233979.0,raspberry_pi_seeed_gsr,"233979,1.5271"
2026-06-01T11:19:45.887,hardware_check,self_20260601_111921,clip_001,1,listen,,1.5247,234000.0,raspberry_pi_seeed_gsr,"234000,1.5247"
2026-06-01T11:19:45.934,hardware_check,self_20260601_111921,clip_001,1,listen,,1.5408,234021.0,raspberry_pi_seeed_gsr,"234021,1.5408"
2026-06-01T11:19:45.935,hardware_check,self_20260601_111921,clip_001,1,listen,,1.5287,234042.0,raspberry_pi_seeed_gsr,"234042,1.5287"
2026-06-01T11:19:45.949,hardware_check,self_20260601_111921,clip_001,1,listen,,1.5303,234063.0,raspberry_pi_seeed_gsr,"234063,1.5303"
2026-06-01T11:19:45.970,hardware_check,self_20260601_111921,clip_001,1,listen,,1.5255,234084.0,raspberry_pi_seeed_gsr,"234084,1.5255"
2026-06-01T11:19:45.991,hardware_check,self_20260601_111921,clip_001,1,listen,,1.5319,234105.0,raspberry_pi_seeed_gsr,"234105,1.5319"
2026-06-01T11:19:46.012,hardware_check,self_20260601_111921,clip_001,1,listen,,1.5319,234126.0,raspberry_pi_seeed_gsr,"234126,1.5319"
2026-06-01T11:19:46.033,hardware_check,self_20260601_111921,clip_001,1,listen,,1.5327,234147.0,raspberry_pi_seeed_gsr,"234147,1.5327"
2026-06-01T11:19:46.054,hardware_check,self_20260601_111921,clip_001,1,listen,,1.5255,234168.0,raspberry_pi_seeed_gsr,"234168,1.5255"
2026-06-01T11:19:46.076,hardware_check,self_20260601_111921,clip_001,1,listen,,1.5368,234189.0,raspberry_pi_seeed_gsr,"234189,1.5368"
2026-06-01T11:19:46.096,hardware_check,self_20260601_111921,clip_001,1,listen,,1.5336,234210.0,raspberry_pi_seeed_gsr,"234210,1.5336"
2026-06-01T11:19:46.118,hardware_check,self_20260601_111921,clip_001,1,listen,,1.5352,234231.0,raspberry_pi_seeed_gsr,"234231,1.5352"
2026-06-01T11:19:46.139,hardware_check,self_20260601_111921,clip_001,1,listen,,1.5303,234252.0,raspberry_pi_seeed_gsr,"234252,1.5303"
2026-06-01T11:19:46.191,hardware_check,self_20260601_111921,clip_001,1,listen,,1.5279,234273.0,raspberry_pi_seeed_gsr,"234273,1.5279"
2026-06-01T11:19:46.192,hardware_check,self_20260601_111921,clip_001,1,listen,,1.536,234294.0,raspberry_pi_seeed_gsr,"234294,1.5360"
2026-06-01T11:19:46.201,hardware_check,self_20260601_111921,clip_001,1,listen,,1.5319,234315.0,raspberry_pi_seeed_gsr,"234315,1.5319"
2026-06-01T11:19:46.222,hardware_check,self_20260601_111921,clip_001,1,listen,,1.5368,234336.0,raspberry_pi_seeed_gsr,"234336,1.5368"
2026-06-01T11:19:46.243,hardware_check,self_20260601_111921,clip_001,1,listen,,1.5311,234357.0,raspberry_pi_seeed_gsr,"234357,1.5311"
2026-06-01T11:19:46.264,hardware_check,self_20260601_111921,clip_001,1,listen,,1.5319,234378.0,raspberry_pi_seeed_gsr,"234378,1.5319"
2026-06-01T11:19:46.285,hardware_check,self_20260601_111921,clip_001,1,listen,,1.5368,234399.0,raspberry_pi_seeed_gsr,"234399,1.5368"
2026-06-01T11:19:46.306,hardware_check,self_20260601_111921,clip_001,1,listen,,1.5384,234420.0,raspberry_pi_seeed_gsr,"234420,1.5384"
2026-06-01T11:19:46.327,hardware_check,self_20260601_111921,clip_001,1,listen,,1.5295,234441.0,raspberry_pi_seeed_gsr,"234441,1.5295"
2026-06-01T11:19:46.349,hardware_check,self_20260601_111921,clip_001,1,listen,,1.5352,234462.0,raspberry_pi_seeed_gsr,"234462,1.5352"
2026-06-01T11:19:46.370,hardware_check,self_20260601_111921,clip_001,1,listen,,1.5287,234483.0,raspberry_pi_seeed_gsr,"234483,1.5287"
2026-06-01T11:19:46.391,hardware_check,self_20260601_111921,clip_001,1,listen,,1.5384,234504.0,raspberry_pi_seeed_gsr,"234504,1.5384"
2026-06-01T11:19:46.436,hardware_check,self_20260601_111921,clip_001,1,listen,,1.54,234525.0,raspberry_pi_seeed_gsr,"234525,1.5400"
2026-06-01T11:19:46.437,hardware_check,self_20260601_111921,clip_001,1,listen,,1.5344,234545.0,raspberry_pi_seeed_gsr,"234545,1.5344"
2026-06-01T11:19:46.452,hardware_check,self_20260601_111921,clip_001,1,listen,,1.5327,234566.0,raspberry_pi_seeed_gsr,"234566,1.5327"
2026-06-01T11:19:46.473,hardware_check,self_20260601_111921,clip_001,1,listen,,1.5303,234587.0,raspberry_pi_seeed_gsr,"234587,1.5303"
2026-06-01T11:19:46.494,hardware_check,self_20260601_111921,clip_001,1,listen,,1.5311,234608.0,raspberry_pi_seeed_gsr,"234608,1.5311"
2026-06-01T11:19:46.515,hardware_check,self_20260601_111921,clip_001,1,listen,,1.5319,234629.0,raspberry_pi_seeed_gsr,"234629,1.5319"
2026-06-01T11:19:46.536,hardware_check,self_20260601_111921,clip_001,1,listen,,1.536,234650.0,raspberry_pi_seeed_gsr,"234650,1.5360"
2026-06-01T11:19:46.557,hardware_check,self_20260601_111921,clip_001,1,listen,,1.5311,234671.0,raspberry_pi_seeed_gsr,"234671,1.5311"
2026-06-01T11:19:46.578,hardware_check,self_20260601_111921,clip_001,1,listen,,1.5408,234692.0,raspberry_pi_seeed_gsr,"234692,1.5408"
2026-06-01T11:19:46.600,hardware_check,self_20260601_111921,clip_001,1,listen,,1.5327,234713.0,raspberry_pi_seeed_gsr,"234713,1.5327"
2026-06-01T11:19:46.620,hardware_check,self_20260601_111921,clip_001,1,listen,,1.5368,234734.0,raspberry_pi_seeed_gsr,"234734,1.5368"
2026-06-01T11:19:46.641,hardware_check,self_20260601_111921,clip_001,1,listen,,1.5352,234755.0,raspberry_pi_seeed_gsr,"234755,1.5352"
2026-06-01T11:19:46.687,hardware_check,self_20260601_111921,clip_001,1,listen,,1.5327,234776.0,raspberry_pi_seeed_gsr,"234776,1.5327"
2026-06-01T11:19:46.688,hardware_check,self_20260601_111921,clip_001,1,listen,,1.536,234797.0,raspberry_pi_seeed_gsr,"234797,1.5360"
2026-06-01T11:19:46.704,hardware_check,self_20260601_111921,clip_001,1,listen,,1.5368,234818.0,raspberry_pi_seeed_gsr,"234818,1.5368"
2026-06-01T11:19:46.725,hardware_check,self_20260601_111921,clip_001,1,listen,,1.5287,234839.0,raspberry_pi_seeed_gsr,"234839,1.5287"
2026-06-01T11:19:46.746,hardware_check,self_20260601_111921,clip_001,1,listen,,1.5311,234860.0,raspberry_pi_seeed_gsr,"234860,1.5311"
2026-06-01T11:19:46.767,hardware_check,self_20260601_111921,clip_001,1,listen,,1.5416,234881.0,raspberry_pi_seeed_gsr,"234881,1.5416"
2026-06-01T11:19:46.788,hardware_check,self_20260601_111921,clip_001,1,listen,,1.5319,234902.0,raspberry_pi_seeed_gsr,"234902,1.5319"
2026-06-01T11:19:46.809,hardware_check,self_20260601_111921,clip_001,1,listen,,1.5376,234923.0,raspberry_pi_seeed_gsr,"234923,1.5376"
2026-06-01T11:19:46.831,hardware_check,self_20260601_111921,clip_001,1,listen,,1.5376,234944.0,raspberry_pi_seeed_gsr,"234944,1.5376"
2026-06-01T11:19:46.852,hardware_check,self_20260601_111921,clip_001,1,listen,,1.5344,234965.0,raspberry_pi_seeed_gsr,"234965,1.5344"
2026-06-01T11:19:46.873,hardware_check,self_20260601_111921,clip_001,1,listen,,1.5271,234986.0,raspberry_pi_seeed_gsr,"234986,1.5271"
2026-06-01T11:19:46.894,hardware_check,self_20260601_111921,clip_001,1,listen,,1.5319,235007.0,raspberry_pi_seeed_gsr,"235007,1.5319"
2026-06-01T11:19:46.942,hardware_check,self_20260601_111921,clip_001,1,listen,,1.5481,235028.0,raspberry_pi_seeed_gsr,"235028,1.5481"
2026-06-01T11:19:46.943,hardware_check,self_20260601_111921,clip_001,1,listen,,1.5376,235049.0,raspberry_pi_seeed_gsr,"235049,1.5376"
2026-06-01T11:19:46.956,hardware_check,self_20260601_111921,clip_001,1,listen,,1.5376,235070.0,raspberry_pi_seeed_gsr,"235070,1.5376"
2026-06-01T11:19:46.977,hardware_check,self_20260601_111921,clip_001,1,listen,,1.5352,235091.0,raspberry_pi_seeed_gsr,"235091,1.5352"
2026-06-01T11:19:46.998,hardware_check,self_20260601_111921,clip_001,1,listen,,1.5344,235112.0,raspberry_pi_seeed_gsr,"235112,1.5344"
2026-06-01T11:19:47.019,hardware_check,self_20260601_111921,clip_001,1,listen,,1.5327,235133.0,raspberry_pi_seeed_gsr,"235133,1.5327"
2026-06-01T11:19:47.040,hardware_check,self_20260601_111921,clip_001,1,listen,,1.5368,235154.0,raspberry_pi_seeed_gsr,"235154,1.5368"
2026-06-01T11:19:47.061,hardware_check,self_20260601_111921,clip_001,1,listen,,1.5352,235175.0,raspberry_pi_seeed_gsr,"235175,1.5352"
2026-06-01T11:19:47.082,hardware_check,self_20260601_111921,clip_001,1,listen,,1.5327,235196.0,raspberry_pi_seeed_gsr,"235196,1.5327"
2026-06-01T11:19:47.103,hardware_check,self_20260601_111921,clip_001,1,listen,,1.5505,235217.0,raspberry_pi_seeed_gsr,"235217,1.5505"
2026-06-01T11:19:47.125,hardware_check,self_20260601_111921,clip_001,1,listen,,1.5327,235238.0,raspberry_pi_seeed_gsr,"235238,1.5327"
2026-06-01T11:19:47.145,hardware_check,self_20260601_111921,clip_001,1,listen,,1.536,235259.0,raspberry_pi_seeed_gsr,"235259,1.5360"
2026-06-01T11:19:47.195,hardware_check,self_20260601_111921,clip_001,1,listen,,1.5368,235280.0,raspberry_pi_seeed_gsr,"235280,1.5368"
2026-06-01T11:19:47.198,hardware_check,self_20260601_111921,clip_001,1,listen,,1.536,235301.0,raspberry_pi_seeed_gsr,"235301,1.5360"
2026-06-01T11:19:47.208,hardware_check,self_20260601_111921,clip_001,1,listen,,1.5303,235322.0,raspberry_pi_seeed_gsr,"235322,1.5303"
2026-06-01T11:19:47.229,hardware_check,self_20260601_111921,clip_001,1,listen,,1.5384,235343.0,raspberry_pi_seeed_gsr,"235343,1.5384"
2026-06-01T11:19:47.250,hardware_check,self_20260601_111921,clip_001,1,listen,,1.5303,235364.0,raspberry_pi_seeed_gsr,"235364,1.5303"
2026-06-01T11:19:47.271,hardware_check,self_20260601_111921,clip_001,1,listen,,1.54,235385.0,raspberry_pi_seeed_gsr,"235385,1.5400"
2026-06-01T11:19:47.291,hardware_check,self_20260601_111921,clip_001,1,listen,,1.536,235405.0,raspberry_pi_seeed_gsr,"235405,1.5360"
2026-06-01T11:19:47.312,hardware_check,self_20260601_111921,clip_001,1,listen,,1.5344,235426.0,raspberry_pi_seeed_gsr,"235426,1.5344"
2026-06-01T11:19:47.333,hardware_check,self_20260601_111921,clip_001,1,listen,,1.5287,235447.0,raspberry_pi_seeed_gsr,"235447,1.5287"
2026-06-01T11:19:47.354,hardware_check,self_20260601_111921,clip_001,1,listen,,1.5384,235468.0,raspberry_pi_seeed_gsr,"235468,1.5384"
2026-06-01T11:19:47.375,hardware_check,self_20260601_111921,clip_001,1,listen,,1.5344,235489.0,raspberry_pi_seeed_gsr,"235489,1.5344"
2026-06-01T11:19:47.396,hardware_check,self_20260601_111921,clip_001,1,listen,,1.5384,235510.0,raspberry_pi_seeed_gsr,"235510,1.5384"
2026-06-01T11:19:47.417,hardware_check,self_20260601_111921,clip_001,1,listen,,1.5376,235531.0,raspberry_pi_seeed_gsr,"235531,1.5376"
2026-06-01T11:19:47.456,hardware_check,self_20260601_111921,clip_001,1,listen,,1.5392,235552.0,raspberry_pi_seeed_gsr,"235552,1.5392"
2026-06-01T11:19:47.459,hardware_check,self_20260601_111921,clip_001,1,listen,,1.5368,235573.0,raspberry_pi_seeed_gsr,"235573,1.5368"
2026-06-01T11:19:47.480,hardware_check,self_20260601_111921,clip_001,1,listen,,1.5327,235594.0,raspberry_pi_seeed_gsr,"235594,1.5327"
2026-06-01T11:19:47.501,hardware_check,self_20260601_111921,clip_001,1,listen,,1.536,235615.0,raspberry_pi_seeed_gsr,"235615,1.5360"
2026-06-01T11:19:47.522,hardware_check,self_20260601_111921,clip_001,1,listen,,1.5327,235636.0,raspberry_pi_seeed_gsr,"235636,1.5327"
2026-06-01T11:19:47.543,hardware_check,self_20260601_111921,clip_001,1,listen,,1.5344,235657.0,raspberry_pi_seeed_gsr,"235657,1.5344"
2026-06-01T11:19:47.564,hardware_check,self_20260601_111921,clip_001,1,listen,,1.5352,235678.0,raspberry_pi_seeed_gsr,"235678,1.5352"
2026-06-01T11:19:47.585,hardware_check,self_20260601_111921,clip_001,1,listen,,1.5448,235699.0,raspberry_pi_seeed_gsr,"235699,1.5448"
2026-06-01T11:19:47.607,hardware_check,self_20260601_111921,clip_001,1,listen,,1.544,235720.0,raspberry_pi_seeed_gsr,"235720,1.5440"
2026-06-01T11:19:47.628,hardware_check,self_20260601_111921,clip_001,1,listen,,1.5344,235741.0,raspberry_pi_seeed_gsr,"235741,1.5344"
2026-06-01T11:19:47.648,hardware_check,self_20260601_111921,clip_001,1,listen,,1.5368,235762.0,raspberry_pi_seeed_gsr,"235762,1.5368"
2026-06-01T11:19:47.670,hardware_check,self_20260601_111921,clip_001,1,listen,,1.5344,235783.0,raspberry_pi_seeed_gsr,"235783,1.5344"
2026-06-01T11:19:47.718,hardware_check,self_20260601_111921,clip_001,1,listen,,1.5416,235804.0,raspberry_pi_seeed_gsr,"235804,1.5416"
2026-06-01T11:19:47.719,hardware_check,self_20260601_111921,clip_001,1,listen,,1.5352,235825.0,raspberry_pi_seeed_gsr,"235825,1.5352"
2026-06-01T11:19:47.732,hardware_check,self_20260601_111921,clip_001,1,listen,,1.5311,235846.0,raspberry_pi_seeed_gsr,"235846,1.5311"
2026-06-01T11:19:47.753,hardware_check,self_20260601_111921,clip_001,1,listen,,1.5392,235867.0,raspberry_pi_seeed_gsr,"235867,1.5392"
2026-06-01T11:19:47.774,hardware_check,self_20260601_111921,clip_001,1,listen,,1.5344,235888.0,raspberry_pi_seeed_gsr,"235888,1.5344"
2026-06-01T11:19:47.795,hardware_check,self_20260601_111921,clip_001,1,listen,,1.5336,235909.0,raspberry_pi_seeed_gsr,"235909,1.5336"
2026-06-01T11:19:47.816,hardware_check,self_20260601_111921,clip_001,1,listen,,1.5384,235930.0,raspberry_pi_seeed_gsr,"235930,1.5384"
2026-06-01T11:19:47.837,hardware_check,self_20260601_111921,clip_001,1,listen,,1.5384,235951.0,raspberry_pi_seeed_gsr,"235951,1.5384"
2026-06-01T11:19:47.859,hardware_check,self_20260601_111921,clip_001,1,listen,,1.5231,235972.0,raspberry_pi_seeed_gsr,"235972,1.5231"
2026-06-01T11:19:47.880,hardware_check,self_20260601_111921,clip_001,1,listen,,1.5384,235993.0,raspberry_pi_seeed_gsr,"235993,1.5384"
2026-06-01T11:19:47.901,hardware_check,self_20260601_111921,clip_001,1,listen,,1.5344,236014.0,raspberry_pi_seeed_gsr,"236014,1.5344"
2026-06-01T11:19:47.922,hardware_check,self_20260601_111921,clip_001,1,listen,,1.5344,236035.0,raspberry_pi_seeed_gsr,"236035,1.5344"
2026-06-01T11:19:47.971,hardware_check,self_20260601_111921,clip_001,1,listen,,1.5513,236056.0,raspberry_pi_seeed_gsr,"236056,1.5513"
2026-06-01T11:19:47.972,hardware_check,self_20260601_111921,clip_001,1,listen,,1.5352,236077.0,raspberry_pi_seeed_gsr,"236077,1.5352"
2026-06-01T11:19:47.984,hardware_check,self_20260601_111921,clip_001,1,listen,,1.5319,236098.0,raspberry_pi_seeed_gsr,"236098,1.5319"
2026-06-01T11:19:48.005,hardware_check,self_20260601_111921,clip_001,1,listen,,1.5344,236119.0,raspberry_pi_seeed_gsr,"236119,1.5344"
2026-06-01T11:19:48.026,hardware_check,self_20260601_111921,clip_001,1,listen,,1.5384,236140.0,raspberry_pi_seeed_gsr,"236140,1.5384"
2026-06-01T11:19:48.047,hardware_check,self_20260601_111921,clip_001,1,listen,,1.5295,236161.0,raspberry_pi_seeed_gsr,"236161,1.5295"
2026-06-01T11:19:48.068,hardware_check,self_20260601_111921,clip_001,1,listen,,1.536,236182.0,raspberry_pi_seeed_gsr,"236182,1.5360"
2026-06-01T11:19:48.089,hardware_check,self_20260601_111921,clip_001,1,listen,,1.5319,236203.0,raspberry_pi_seeed_gsr,"236203,1.5319"
2026-06-01T11:19:48.110,hardware_check,self_20260601_111921,clip_001,1,listen,,1.5271,236224.0,raspberry_pi_seeed_gsr,"236224,1.5271"
2026-06-01T11:19:48.132,hardware_check,self_20260601_111921,clip_001,1,listen,,1.5327,236245.0,raspberry_pi_seeed_gsr,"236245,1.5327"
2026-06-01T11:19:48.155,hardware_check,self_20260601_111921,clip_001,1,listen,,1.5344,236266.0,raspberry_pi_seeed_gsr,"236266,1.5344"
2026-06-01T11:19:48.173,hardware_check,self_20260601_111921,clip_001,1,listen,,1.5376,236287.0,raspberry_pi_seeed_gsr,"236287,1.5376"
2026-06-01T11:19:48.214,hardware_check,self_20260601_111921,clip_001,1,listen,,1.5287,236308.0,raspberry_pi_seeed_gsr,"236308,1.5287"
2026-06-01T11:19:48.215,hardware_check,self_20260601_111921,clip_001,1,listen,,1.5279,236329.0,raspberry_pi_seeed_gsr,"236329,1.5279"
2026-06-01T11:19:48.236,hardware_check,self_20260601_111921,clip_001,1,listen,,1.5368,236350.0,raspberry_pi_seeed_gsr,"236350,1.5368"
2026-06-01T11:19:48.257,hardware_check,self_20260601_111921,clip_001,1,listen,,1.5287,236371.0,raspberry_pi_seeed_gsr,"236371,1.5287"
2026-06-01T11:19:48.278,hardware_check,self_20260601_111921,clip_001,1,listen,,1.5424,236392.0,raspberry_pi_seeed_gsr,"236392,1.5424"
2026-06-01T11:19:48.299,hardware_check,self_20260601_111921,clip_001,1,listen,,1.5279,236413.0,raspberry_pi_seeed_gsr,"236413,1.5279"
2026-06-01T11:19:48.320,hardware_check,self_20260601_111921,clip_001,1,listen,,1.5327,236434.0,raspberry_pi_seeed_gsr,"236434,1.5327"
2026-06-01T11:19:48.341,hardware_check,self_20260601_111921,clip_001,1,listen,,1.5384,236455.0,raspberry_pi_seeed_gsr,"236455,1.5384"
2026-06-01T11:19:48.362,hardware_check,self_20260601_111921,clip_001,1,listen,,1.5384,236476.0,raspberry_pi_seeed_gsr,"236476,1.5384"
2026-06-01T11:19:48.383,hardware_check,self_20260601_111921,clip_001,1,listen,,1.5327,236497.0,raspberry_pi_seeed_gsr,"236497,1.5327"
2026-06-01T11:19:48.404,hardware_check,self_20260601_111921,clip_001,1,listen,,1.5352,236518.0,raspberry_pi_seeed_gsr,"236518,1.5352"
2026-06-01T11:19:48.425,hardware_check,self_20260601_111921,clip_001,1,listen,,1.5295,236539.0,raspberry_pi_seeed_gsr,"236539,1.5295"
2026-06-01T11:19:48.446,hardware_check,self_20260601_111921,clip_001,1,listen,,1.5279,236560.0,raspberry_pi_seeed_gsr,"236560,1.5279"
2026-06-01T11:19:48.488,hardware_check,self_20260601_111921,clip_001,1,listen,,1.5327,236581.0,raspberry_pi_seeed_gsr,"236581,1.5327"
2026-06-01T11:19:48.488,hardware_check,self_20260601_111921,clip_001,1,listen,,1.5319,236602.0,raspberry_pi_seeed_gsr,"236602,1.5319"
2026-06-01T11:19:48.509,hardware_check,self_20260601_111921,clip_001,1,listen,,1.5344,236623.0,raspberry_pi_seeed_gsr,"236623,1.5344"
2026-06-01T11:19:48.530,hardware_check,self_20260601_111921,clip_001,1,listen,,1.5352,236644.0,raspberry_pi_seeed_gsr,"236644,1.5352"
2026-06-01T11:19:48.551,hardware_check,self_20260601_111921,clip_001,1,listen,,1.5416,236665.0,raspberry_pi_seeed_gsr,"236665,1.5416"
2026-06-01T11:19:48.572,hardware_check,self_20260601_111921,clip_001,1,listen,,1.5247,236686.0,raspberry_pi_seeed_gsr,"236686,1.5247"
2026-06-01T11:19:48.593,hardware_check,self_20260601_111921,clip_001,1,listen,,1.5327,236707.0,raspberry_pi_seeed_gsr,"236707,1.5327"
2026-06-01T11:19:48.614,hardware_check,self_20260601_111921,clip_001,1,listen,,1.5327,236728.0,raspberry_pi_seeed_gsr,"236728,1.5327"
2026-06-01T11:19:48.636,hardware_check,self_20260601_111921,clip_001,1,listen,,1.5336,236749.0,raspberry_pi_seeed_gsr,"236749,1.5336"
2026-06-01T11:19:48.656,hardware_check,self_20260601_111921,clip_001,1,listen,,1.5416,236770.0,raspberry_pi_seeed_gsr,"236770,1.5416"
2026-06-01T11:19:48.678,hardware_check,self_20260601_111921,clip_001,1,listen,,1.5319,236791.0,raspberry_pi_seeed_gsr,"236791,1.5319"
2026-06-01T11:19:48.699,hardware_check,self_20260601_111921,clip_001,1,listen,,1.5263,236812.0,raspberry_pi_seeed_gsr,"236812,1.5263"
2026-06-01T11:19:48.744,hardware_check,self_20260601_111921,clip_001,1,listen,,1.5352,236833.0,raspberry_pi_seeed_gsr,"236833,1.5352"
2026-06-01T11:19:48.744,hardware_check,self_20260601_111921,clip_001,1,listen,,1.536,236854.0,raspberry_pi_seeed_gsr,"236854,1.5360"
2026-06-01T11:19:48.761,hardware_check,self_20260601_111921,clip_001,1,listen,,1.4941,236875.0,raspberry_pi_seeed_gsr,"236875,1.4941"
2026-06-01T11:19:48.782,hardware_check,self_20260601_111921,clip_001,1,listen,,1.5352,236896.0,raspberry_pi_seeed_gsr,"236896,1.5352"
2026-06-01T11:19:48.803,hardware_check,self_20260601_111921,clip_001,1,listen,,1.5336,236917.0,raspberry_pi_seeed_gsr,"236917,1.5336"
2026-06-01T11:19:48.824,hardware_check,self_20260601_111921,clip_001,1,listen,,1.5368,236938.0,raspberry_pi_seeed_gsr,"236938,1.5368"
2026-06-01T11:19:48.845,hardware_check,self_20260601_111921,clip_001,1,listen,,1.5311,236959.0,raspberry_pi_seeed_gsr,"236959,1.5311"
2026-06-01T11:19:48.866,hardware_check,self_20260601_111921,clip_001,1,listen,,1.5368,236980.0,raspberry_pi_seeed_gsr,"236980,1.5368"
2026-06-01T11:19:48.887,hardware_check,self_20260601_111921,clip_001,1,listen,,1.5327,237001.0,raspberry_pi_seeed_gsr,"237001,1.5327"
2026-06-01T11:19:48.909,hardware_check,self_20260601_111921,clip_001,1,listen,,1.5376,237022.0,raspberry_pi_seeed_gsr,"237022,1.5376"
2026-06-01T11:19:48.929,hardware_check,self_20260601_111921,clip_001,1,listen,,1.5352,237043.0,raspberry_pi_seeed_gsr,"237043,1.5352"
2026-06-01T11:19:48.951,hardware_check,self_20260601_111921,clip_001,1,listen,,1.5416,237064.0,raspberry_pi_seeed_gsr,"237064,1.5416"
2026-06-01T11:19:48.998,hardware_check,self_20260601_111921,clip_001,1,listen,,1.5327,237085.0,raspberry_pi_seeed_gsr,"237085,1.5327"
2026-06-01T11:19:48.999,hardware_check,self_20260601_111921,clip_001,1,listen,,1.5263,237106.0,raspberry_pi_seeed_gsr,"237106,1.5263"
2026-06-01T11:19:49.013,hardware_check,self_20260601_111921,clip_001,1,listen,,1.5416,237127.0,raspberry_pi_seeed_gsr,"237127,1.5416"
2026-06-01T11:19:49.034,hardware_check,self_20260601_111921,clip_001,1,listen,,1.5392,237148.0,raspberry_pi_seeed_gsr,"237148,1.5392"
2026-06-01T11:19:49.055,hardware_check,self_20260601_111921,clip_001,1,listen,,1.5255,237169.0,raspberry_pi_seeed_gsr,"237169,1.5255"
2026-06-01T11:19:49.076,hardware_check,self_20260601_111921,clip_001,1,listen,,1.5344,237190.0,raspberry_pi_seeed_gsr,"237190,1.5344"
2026-06-01T11:19:49.097,hardware_check,self_20260601_111921,clip_001,1,listen,,1.5384,237211.0,raspberry_pi_seeed_gsr,"237211,1.5384"
2026-06-01T11:19:49.118,hardware_check,self_20260601_111921,clip_001,1,listen,,1.5327,237232.0,raspberry_pi_seeed_gsr,"237232,1.5327"
2026-06-01T11:19:49.139,hardware_check,self_20260601_111921,clip_001,1,listen,,1.5327,237253.0,raspberry_pi_seeed_gsr,"237253,1.5327"
2026-06-01T11:19:49.160,hardware_check,self_20260601_111921,clip_001,1,listen,,1.5319,237274.0,raspberry_pi_seeed_gsr,"237274,1.5319"
2026-06-01T11:19:49.181,hardware_check,self_20260601_111921,clip_001,1,listen,,1.5303,237295.0,raspberry_pi_seeed_gsr,"237295,1.5303"
2026-06-01T11:19:49.202,hardware_check,self_20260601_111921,clip_001,1,listen,,1.5311,237316.0,raspberry_pi_seeed_gsr,"237316,1.5311"
2026-06-01T11:19:49.229,hardware_check,self_20260601_111921,clip_001,1,listen,,1.5303,237337.0,raspberry_pi_seeed_gsr,"237337,1.5303"
2026-06-01T11:19:49.244,hardware_check,self_20260601_111921,clip_001,1,listen,,1.5327,237358.0,raspberry_pi_seeed_gsr,"237358,1.5327"
2026-06-01T11:19:49.265,hardware_check,self_20260601_111921,clip_001,1,listen,,1.5319,237379.0,raspberry_pi_seeed_gsr,"237379,1.5319"
2026-06-01T11:19:49.286,hardware_check,self_20260601_111921,clip_001,1,listen,,1.5448,237400.0,raspberry_pi_seeed_gsr,"237400,1.5448"
2026-06-01T11:19:49.307,hardware_check,self_20260601_111921,clip_001,1,listen,,1.5287,237421.0,raspberry_pi_seeed_gsr,"237421,1.5287"
2026-06-01T11:19:49.328,hardware_check,self_20260601_111921,clip_001,1,listen,,1.5344,237442.0,raspberry_pi_seeed_gsr,"237442,1.5344"
2026-06-01T11:19:49.349,hardware_check,self_20260601_111921,clip_001,1,listen,,1.5303,237463.0,raspberry_pi_seeed_gsr,"237463,1.5303"
2026-06-01T11:19:49.370,hardware_check,self_20260601_111921,clip_001,1,listen,,1.5344,237484.0,raspberry_pi_seeed_gsr,"237484,1.5344"
2026-06-01T11:19:49.391,hardware_check,self_20260601_111921,clip_001,1,listen,,1.536,237505.0,raspberry_pi_seeed_gsr,"237505,1.5360"
2026-06-01T11:19:49.412,hardware_check,self_20260601_111921,clip_001,1,listen,,1.5319,237526.0,raspberry_pi_seeed_gsr,"237526,1.5319"
2026-06-01T11:19:49.433,hardware_check,self_20260601_111921,clip_001,1,listen,,1.5368,237547.0,raspberry_pi_seeed_gsr,"237547,1.5368"
2026-06-01T11:19:49.454,hardware_check,self_20260601_111921,clip_001,1,listen,,1.5263,237568.0,raspberry_pi_seeed_gsr,"237568,1.5263"
2026-06-01T11:19:49.500,hardware_check,self_20260601_111921,clip_001,1,listen,,1.5344,237589.0,raspberry_pi_seeed_gsr,"237589,1.5344"
2026-06-01T11:19:49.501,hardware_check,self_20260601_111921,clip_001,1,listen,,1.5287,237610.0,raspberry_pi_seeed_gsr,"237610,1.5287"
2026-06-01T11:19:49.517,hardware_check,self_20260601_111921,clip_001,1,listen,,1.5263,237631.0,raspberry_pi_seeed_gsr,"237631,1.5263"
2026-06-01T11:19:49.538,hardware_check,self_20260601_111921,clip_001,1,listen,,1.5295,237652.0,raspberry_pi_seeed_gsr,"237652,1.5295"
2026-06-01T11:19:49.559,hardware_check,self_20260601_111921,clip_001,1,listen,,1.5166,237673.0,raspberry_pi_seeed_gsr,"237673,1.5166"
2026-06-01T11:19:49.580,hardware_check,self_20260601_111921,clip_001,1,listen,,1.5287,237694.0,raspberry_pi_seeed_gsr,"237694,1.5287"
2026-06-01T11:19:49.601,hardware_check,self_20260601_111921,clip_001,1,listen,,1.5223,237715.0,raspberry_pi_seeed_gsr,"237715,1.5223"
2026-06-01T11:19:49.622,hardware_check,self_20260601_111921,clip_001,1,listen,,1.5287,237736.0,raspberry_pi_seeed_gsr,"237736,1.5287"
2026-06-01T11:19:49.643,hardware_check,self_20260601_111921,clip_001,1,listen,,1.5166,237757.0,raspberry_pi_seeed_gsr,"237757,1.5166"
2026-06-01T11:19:49.665,hardware_check,self_20260601_111921,clip_001,1,listen,,1.5263,237778.0,raspberry_pi_seeed_gsr,"237778,1.5263"
2026-06-01T11:19:49.686,hardware_check,self_20260601_111921,clip_001,1,listen,,1.5166,237799.0,raspberry_pi_seeed_gsr,"237799,1.5166"
2026-06-01T11:19:49.707,hardware_check,self_20260601_111921,clip_001,1,listen,,1.5247,237820.0,raspberry_pi_seeed_gsr,"237820,1.5247"
2026-06-01T11:19:49.755,hardware_check,self_20260601_111921,clip_001,1,listen,,1.5247,237841.0,raspberry_pi_seeed_gsr,"237841,1.5247"
2026-06-01T11:19:49.755,hardware_check,self_20260601_111921,clip_001,1,listen,,1.5231,237862.0,raspberry_pi_seeed_gsr,"237862,1.5231"
2026-06-01T11:19:49.769,hardware_check,self_20260601_111921,clip_001,1,listen,,1.5287,237883.0,raspberry_pi_seeed_gsr,"237883,1.5287"
2026-06-01T11:19:49.790,hardware_check,self_20260601_111921,clip_001,1,listen,,1.5295,237904.0,raspberry_pi_seeed_gsr,"237904,1.5295"
2026-06-01T11:19:49.811,hardware_check,self_20260601_111921,clip_001,1,listen,,1.5255,237925.0,raspberry_pi_seeed_gsr,"237925,1.5255"
2026-06-01T11:19:49.832,hardware_check,self_20260601_111921,clip_001,1,listen,,1.5247,237946.0,raspberry_pi_seeed_gsr,"237946,1.5247"
2026-06-01T11:19:49.854,hardware_check,self_20260601_111921,clip_001,1,listen,,1.5223,237967.0,raspberry_pi_seeed_gsr,"237967,1.5223"
2026-06-01T11:19:49.874,hardware_check,self_20260601_111921,clip_001,1,listen,,1.5239,237988.0,raspberry_pi_seeed_gsr,"237988,1.5239"
2026-06-01T11:19:49.896,hardware_check,self_20260601_111921,clip_001,1,listen,,1.5231,238009.0,raspberry_pi_seeed_gsr,"238009,1.5231"
2026-06-01T11:19:49.917,hardware_check,self_20260601_111921,clip_001,1,listen,,1.5174,238030.0,raspberry_pi_seeed_gsr,"238030,1.5174"
2026-06-01T11:19:49.938,hardware_check,self_20260601_111921,clip_001,1,listen,,1.5182,238051.0,raspberry_pi_seeed_gsr,"238051,1.5182"
2026-06-01T11:19:49.959,hardware_check,self_20260601_111921,clip_001,1,listen,,1.5182,238072.0,raspberry_pi_seeed_gsr,"238072,1.5182"
2026-06-01T11:19:50.004,hardware_check,self_20260601_111921,clip_001,1,listen,,1.5239,238093.0,raspberry_pi_seeed_gsr,"238093,1.5239"
2026-06-01T11:19:50.005,hardware_check,self_20260601_111921,clip_001,1,listen,,1.5231,238114.0,raspberry_pi_seeed_gsr,"238114,1.5231"
2026-06-01T11:19:50.021,hardware_check,self_20260601_111921,clip_001,1,listen,,1.5231,238135.0,raspberry_pi_seeed_gsr,"238135,1.5231"
2026-06-01T11:19:50.042,hardware_check,self_20260601_111921,clip_001,1,listen,,1.5231,238156.0,raspberry_pi_seeed_gsr,"238156,1.5231"
2026-06-01T11:19:50.063,hardware_check,self_20260601_111921,clip_001,1,listen,,1.5239,238177.0,raspberry_pi_seeed_gsr,"238177,1.5239"
2026-06-01T11:19:50.084,hardware_check,self_20260601_111921,clip_001,1,listen,,1.5191,238198.0,raspberry_pi_seeed_gsr,"238198,1.5191"
2026-06-01T11:19:50.105,hardware_check,self_20260601_111921,clip_001,1,listen,,1.5215,238219.0,raspberry_pi_seeed_gsr,"238219,1.5215"
2026-06-01T11:19:50.126,hardware_check,self_20260601_111921,clip_001,1,listen,,1.5166,238240.0,raspberry_pi_seeed_gsr,"238240,1.5166"
2026-06-01T11:19:50.148,hardware_check,self_20260601_111921,clip_001,1,listen,,1.5311,238261.0,raspberry_pi_seeed_gsr,"238261,1.5311"
2026-06-01T11:19:50.172,hardware_check,self_20260601_111921,clip_001,1,listen,,1.5021,238282.0,raspberry_pi_seeed_gsr,"238282,1.5021"
2026-06-01T11:19:50.189,hardware_check,self_20260601_111921,clip_001,1,listen,,1.5174,238303.0,raspberry_pi_seeed_gsr,"238303,1.5174"
2026-06-01T11:19:50.210,hardware_check,self_20260601_111921,clip_001,1,listen,,1.5086,238324.0,raspberry_pi_seeed_gsr,"238324,1.5086"
2026-06-01T11:19:50.246,hardware_check,self_20260601_111921,clip_001,1,listen,,1.5118,238345.0,raspberry_pi_seeed_gsr,"238345,1.5118"
2026-06-01T11:19:50.252,hardware_check,self_20260601_111921,clip_001,1,listen,,1.5166,238366.0,raspberry_pi_seeed_gsr,"238366,1.5166"
2026-06-01T11:19:50.273,hardware_check,self_20260601_111921,clip_001,1,listen,,1.5166,238387.0,raspberry_pi_seeed_gsr,"238387,1.5166"
2026-06-01T11:19:50.294,hardware_check,self_20260601_111921,clip_001,1,listen,,1.5142,238408.0,raspberry_pi_seeed_gsr,"238408,1.5142"
2026-06-01T11:19:50.315,hardware_check,self_20260601_111921,clip_001,1,listen,,1.507,238429.0,raspberry_pi_seeed_gsr,"238429,1.5070"
2026-06-01T11:19:50.336,hardware_check,self_20260601_111921,clip_001,1,listen,,1.5054,238450.0,raspberry_pi_seeed_gsr,"238450,1.5054"
2026-06-01T11:19:50.357,hardware_check,self_20260601_111921,clip_001,1,listen,,1.507,238471.0,raspberry_pi_seeed_gsr,"238471,1.5070"
2026-06-01T11:19:50.378,hardware_check,self_20260601_111921,clip_001,1,listen,,1.5102,238492.0,raspberry_pi_seeed_gsr,"238492,1.5102"
2026-06-01T11:19:50.399,hardware_check,self_20260601_111921,clip_001,1,listen,,1.5102,238513.0,raspberry_pi_seeed_gsr,"238513,1.5102"
2026-06-01T11:19:50.420,hardware_check,self_20260601_111921,clip_001,1,listen,,1.5247,238534.0,raspberry_pi_seeed_gsr,"238534,1.5247"
2026-06-01T11:19:50.441,hardware_check,self_20260601_111921,clip_001,1,listen,,1.5054,238555.0,raspberry_pi_seeed_gsr,"238555,1.5054"
2026-06-01T11:19:50.462,hardware_check,self_20260601_111921,clip_001,1,listen,,1.5054,238576.0,raspberry_pi_seeed_gsr,"238576,1.5054"
2026-06-01T11:19:50.504,hardware_check,self_20260601_111921,clip_001,1,listen,,1.5054,238597.0,raspberry_pi_seeed_gsr,"238597,1.5054"
2026-06-01T11:19:50.504,hardware_check,self_20260601_111921,clip_001,1,listen,,1.5037,238618.0,raspberry_pi_seeed_gsr,"238618,1.5037"
2026-06-01T11:19:50.525,hardware_check,self_20260601_111921,clip_001,1,listen,,1.5005,238639.0,raspberry_pi_seeed_gsr,"238639,1.5005"
2026-06-01T11:19:50.546,hardware_check,self_20260601_111921,clip_001,1,listen,,1.5094,238660.0,raspberry_pi_seeed_gsr,"238660,1.5094"
2026-06-01T11:19:50.567,hardware_check,self_20260601_111921,clip_001,1,listen,,1.5062,238681.0,raspberry_pi_seeed_gsr,"238681,1.5062"
2026-06-01T11:19:50.588,hardware_check,self_20260601_111921,clip_001,1,listen,,1.5182,238702.0,raspberry_pi_seeed_gsr,"238702,1.5182"
2026-06-01T11:19:50.609,hardware_check,self_20260601_111921,clip_001,1,listen,,1.5094,238723.0,raspberry_pi_seeed_gsr,"238723,1.5094"
2026-06-01T11:19:50.630,hardware_check,self_20260601_111921,clip_001,1,listen,,1.5118,238744.0,raspberry_pi_seeed_gsr,"238744,1.5118"
2026-06-01T11:19:50.651,hardware_check,self_20260601_111921,clip_001,1,listen,,1.4997,238765.0,raspberry_pi_seeed_gsr,"238765,1.4997"
2026-06-01T11:19:50.673,hardware_check,self_20260601_111921,clip_001,1,listen,,1.5062,238786.0,raspberry_pi_seeed_gsr,"238786,1.5062"
2026-06-01T11:19:50.694,hardware_check,self_20260601_111921,clip_001,1,listen,,1.5062,238807.0,raspberry_pi_seeed_gsr,"238807,1.5062"
2026-06-01T11:19:50.714,hardware_check,self_20260601_111921,clip_001,1,listen,,1.5102,238828.0,raspberry_pi_seeed_gsr,"238828,1.5102"
2026-06-01T11:19:50.763,hardware_check,self_20260601_111921,clip_001,1,listen,,1.5174,238849.0,raspberry_pi_seeed_gsr,"238849,1.5174"
2026-06-01T11:19:50.763,hardware_check,self_20260601_111921,clip_001,1,listen,,1.507,238870.0,raspberry_pi_seeed_gsr,"238870,1.5070"
2026-06-01T11:19:50.777,hardware_check,self_20260601_111921,clip_001,1,listen,,1.515,238891.0,raspberry_pi_seeed_gsr,"238891,1.5150"
2026-06-01T11:19:50.798,hardware_check,self_20260601_111921,clip_001,1,listen,,1.5062,238912.0,raspberry_pi_seeed_gsr,"238912,1.5062"
2026-06-01T11:19:50.819,hardware_check,self_20260601_111921,clip_001,1,listen,,1.5078,238933.0,raspberry_pi_seeed_gsr,"238933,1.5078"
2026-06-01T11:19:50.840,hardware_check,self_20260601_111921,clip_001,1,listen,,1.5086,238954.0,raspberry_pi_seeed_gsr,"238954,1.5086"
2026-06-01T11:19:50.861,hardware_check,self_20260601_111921,clip_001,1,listen,,1.5126,238975.0,raspberry_pi_seeed_gsr,"238975,1.5126"
2026-06-01T11:19:50.882,hardware_check,self_20260601_111921,clip_001,1,listen,,1.5029,238996.0,raspberry_pi_seeed_gsr,"238996,1.5029"
2026-06-01T11:19:50.903,hardware_check,self_20260601_111921,clip_001,1,listen,,1.507,239017.0,raspberry_pi_seeed_gsr,"239017,1.5070"
2026-06-01T11:19:50.925,hardware_check,self_20260601_111921,clip_001,1,listen,,1.5037,239038.0,raspberry_pi_seeed_gsr,"239038,1.5037"
2026-06-01T11:19:50.945,hardware_check,self_20260601_111921,clip_001,1,listen,,1.5086,239059.0,raspberry_pi_seeed_gsr,"239059,1.5086"
2026-06-01T11:19:50.967,hardware_check,self_20260601_111921,clip_001,1,listen,,1.5054,239080.0,raspberry_pi_seeed_gsr,"239080,1.5054"
2026-06-01T11:19:51.014,hardware_check,self_20260601_111921,clip_001,1,listen,,1.507,239101.0,raspberry_pi_seeed_gsr,"239101,1.5070"
2026-06-01T11:19:51.015,hardware_check,self_20260601_111921,clip_001,1,listen,,1.511,239122.0,raspberry_pi_seeed_gsr,"239122,1.5110"
2026-06-01T11:19:51.029,hardware_check,self_20260601_111921,clip_001,1,listen,,1.5029,239143.0,raspberry_pi_seeed_gsr,"239143,1.5029"
2026-06-01T11:19:51.050,hardware_check,self_20260601_111921,clip_001,1,listen,,1.5021,239164.0,raspberry_pi_seeed_gsr,"239164,1.5021"
2026-06-01T11:19:51.071,hardware_check,self_20260601_111921,clip_001,1,listen,,1.5046,239185.0,raspberry_pi_seeed_gsr,"239185,1.5046"
2026-06-01T11:19:51.092,hardware_check,self_20260601_111921,clip_001,1,listen,,1.4917,239206.0,raspberry_pi_seeed_gsr,"239206,1.4917"
2026-06-01T11:19:51.113,hardware_check,self_20260601_111921,clip_001,1,listen,,1.4973,239227.0,raspberry_pi_seeed_gsr,"239227,1.4973"
2026-06-01T11:19:51.134,hardware_check,self_20260601_111921,clip_001,1,listen,,1.5021,239248.0,raspberry_pi_seeed_gsr,"239248,1.5021"
2026-06-01T11:19:51.156,hardware_check,self_20260601_111921,clip_001,1,listen,,1.5046,239269.0,raspberry_pi_seeed_gsr,"239269,1.5046"
2026-06-01T11:19:51.178,hardware_check,self_20260601_111921,clip_001,1,listen,,1.5078,239290.0,raspberry_pi_seeed_gsr,"239290,1.5078"
2026-06-01T11:19:51.197,hardware_check,self_20260601_111921,clip_001,1,listen,,1.4981,239311.0,raspberry_pi_seeed_gsr,"239311,1.4981"
2026-06-01T11:19:51.218,hardware_check,self_20260601_111921,clip_001,1,listen,,1.4941,239332.0,raspberry_pi_seeed_gsr,"239332,1.4941"
2026-06-01T11:19:51.247,hardware_check,self_20260601_111921,clip_001,1,listen,,1.4957,239353.0,raspberry_pi_seeed_gsr,"239353,1.4957"
2026-06-01T11:19:51.260,hardware_check,self_20260601_111921,clip_001,1,listen,,1.5062,239374.0,raspberry_pi_seeed_gsr,"239374,1.5062"
2026-06-01T11:19:51.281,hardware_check,self_20260601_111921,clip_001,1,listen,,1.4884,239395.0,raspberry_pi_seeed_gsr,"239395,1.4884"
2026-06-01T11:19:51.302,hardware_check,self_20260601_111921,clip_001,1,listen,,1.4941,239416.0,raspberry_pi_seeed_gsr,"239416,1.4941"
2026-06-01T11:19:51.323,hardware_check,self_20260601_111921,clip_001,1,listen,,1.4989,239437.0,raspberry_pi_seeed_gsr,"239437,1.4989"
2026-06-01T11:19:51.344,hardware_check,self_20260601_111921,clip_001,1,listen,,1.4973,239458.0,raspberry_pi_seeed_gsr,"239458,1.4973"
2026-06-01T11:19:51.365,hardware_check,self_20260601_111921,clip_001,1,listen,,1.4981,239479.0,raspberry_pi_seeed_gsr,"239479,1.4981"
2026-06-01T11:19:51.386,hardware_check,self_20260601_111921,clip_001,1,listen,,1.5021,239500.0,raspberry_pi_seeed_gsr,"239500,1.5021"
2026-06-01T11:19:51.408,hardware_check,self_20260601_111921,clip_001,1,listen,,1.5005,239521.0,raspberry_pi_seeed_gsr,"239521,1.5005"
2026-06-01T11:19:51.428,hardware_check,self_20260601_111921,clip_001,1,listen,,1.4981,239542.0,raspberry_pi_seeed_gsr,"239542,1.4981"
2026-06-01T11:19:51.449,hardware_check,self_20260601_111921,clip_001,1,listen,,1.49,239563.0,raspberry_pi_seeed_gsr,"239563,1.4900"
2026-06-01T11:19:51.470,hardware_check,self_20260601_111921,clip_001,1,listen,,1.4917,239584.0,raspberry_pi_seeed_gsr,"239584,1.4917"
2026-06-01T11:19:51.514,hardware_check,self_20260601_111921,clip_001,1,listen,,1.4941,239605.0,raspberry_pi_seeed_gsr,"239605,1.4941"
2026-06-01T11:19:51.515,hardware_check,self_20260601_111921,clip_001,1,listen,,1.5062,239626.0,raspberry_pi_seeed_gsr,"239626,1.5062"
2026-06-01T11:19:51.533,hardware_check,self_20260601_111921,clip_001,1,listen,,1.4917,239647.0,raspberry_pi_seeed_gsr,"239647,1.4917"
2026-06-01T11:19:51.554,hardware_check,self_20260601_111921,clip_001,1,listen,,1.4957,239668.0,raspberry_pi_seeed_gsr,"239668,1.4957"
2026-06-01T11:19:51.575,hardware_check,self_20260601_111921,clip_001,1,listen,,1.4941,239689.0,raspberry_pi_seeed_gsr,"239689,1.4941"
2026-06-01T11:19:51.596,hardware_check,self_20260601_111921,clip_001,1,listen,,1.4997,239710.0,raspberry_pi_seeed_gsr,"239710,1.4997"
2026-06-01T11:19:51.617,hardware_check,self_20260601_111921,clip_001,1,listen,,1.5054,239731.0,raspberry_pi_seeed_gsr,"239731,1.5054"
2026-06-01T11:19:51.638,hardware_check,self_20260601_111921,clip_001,1,listen,,1.4699,239752.0,raspberry_pi_seeed_gsr,"239752,1.4699"
2026-06-01T11:19:51.659,hardware_check,self_20260601_111921,clip_001,1,listen,,1.5037,239773.0,raspberry_pi_seeed_gsr,"239773,1.5037"
2026-06-01T11:19:51.681,hardware_check,self_20260601_111921,clip_001,1,listen,,1.5118,239794.0,raspberry_pi_seeed_gsr,"239794,1.5118"
2026-06-01T11:19:51.701,hardware_check,self_20260601_111921,clip_001,1,listen,,1.5046,239815.0,raspberry_pi_seeed_gsr,"239815,1.5046"
2026-06-01T11:19:51.722,hardware_check,self_20260601_111921,clip_001,1,listen,,1.5062,239836.0,raspberry_pi_seeed_gsr,"239836,1.5062"
2026-06-01T11:19:51.765,hardware_check,self_20260601_111921,clip_001,1,listen,,1.5029,239857.0,raspberry_pi_seeed_gsr,"239857,1.5029"
2026-06-01T11:19:51.766,hardware_check,self_20260601_111921,clip_001,1,listen,,1.4989,239878.0,raspberry_pi_seeed_gsr,"239878,1.4989"
2026-06-01T11:19:51.785,hardware_check,self_20260601_111921,clip_001,1,listen,,1.5029,239899.0,raspberry_pi_seeed_gsr,"239899,1.5029"
2026-06-01T11:19:51.806,hardware_check,self_20260601_111921,clip_001,1,listen,,1.5029,239920.0,raspberry_pi_seeed_gsr,"239920,1.5029"
2026-06-01T11:19:51.827,hardware_check,self_20260601_111921,clip_001,1,listen,,1.5086,239941.0,raspberry_pi_seeed_gsr,"239941,1.5086"
2026-06-01T11:19:51.848,hardware_check,self_20260601_111921,clip_001,1,listen,,1.507,239962.0,raspberry_pi_seeed_gsr,"239962,1.5070"
2026-06-01T11:19:51.869,hardware_check,self_20260601_111921,clip_001,1,listen,,1.5094,239983.0,raspberry_pi_seeed_gsr,"239983,1.5094"
2026-06-01T11:19:51.890,hardware_check,self_20260601_111921,clip_001,1,listen,,1.5118,240004.0,raspberry_pi_seeed_gsr,"240004,1.5118"
2026-06-01T11:19:51.912,hardware_check,self_20260601_111921,clip_001,1,listen,,1.5126,240025.0,raspberry_pi_seeed_gsr,"240025,1.5126"
2026-06-01T11:19:51.933,hardware_check,self_20260601_111921,clip_001,1,listen,,1.511,240046.0,raspberry_pi_seeed_gsr,"240046,1.5110"
2026-06-01T11:19:51.954,hardware_check,self_20260601_111921,clip_001,1,listen,,1.5054,240067.0,raspberry_pi_seeed_gsr,"240067,1.5054"
2026-06-01T11:19:51.975,hardware_check,self_20260601_111921,clip_001,1,listen,,1.5046,240088.0,raspberry_pi_seeed_gsr,"240088,1.5046"
2026-06-01T11:19:52.019,hardware_check,self_20260601_111921,clip_001,1,listen,,1.5086,240109.0,raspberry_pi_seeed_gsr,"240109,1.5086"
2026-06-01T11:19:52.020,hardware_check,self_20260601_111921,clip_001,1,listen,,1.5062,240130.0,raspberry_pi_seeed_gsr,"240130,1.5062"
2026-06-01T11:19:52.037,hardware_check,self_20260601_111921,clip_001,1,listen,,1.5062,240151.0,raspberry_pi_seeed_gsr,"240151,1.5062"
2026-06-01T11:19:52.058,hardware_check,self_20260601_111921,clip_001,1,listen,,1.5046,240172.0,raspberry_pi_seeed_gsr,"240172,1.5046"
2026-06-01T11:19:52.079,hardware_check,self_20260601_111921,clip_001,1,listen,,1.5118,240193.0,raspberry_pi_seeed_gsr,"240193,1.5118"
2026-06-01T11:19:52.100,hardware_check,self_20260601_111921,clip_001,1,listen,,1.5086,240214.0,raspberry_pi_seeed_gsr,"240214,1.5086"
2026-06-01T11:19:52.121,hardware_check,self_20260601_111921,clip_001,1,listen,,1.5174,240235.0,raspberry_pi_seeed_gsr,"240235,1.5174"
2026-06-01T11:19:52.142,hardware_check,self_20260601_111921,clip_001,1,listen,,1.5086,240256.0,raspberry_pi_seeed_gsr,"240256,1.5086"
2026-06-01T11:19:52.163,hardware_check,self_20260601_111921,clip_001,1,listen,,1.5118,240277.0,raspberry_pi_seeed_gsr,"240277,1.5118"
2026-06-01T11:19:52.184,hardware_check,self_20260601_111921,clip_001,1,listen,,1.5046,240298.0,raspberry_pi_seeed_gsr,"240298,1.5046"
2026-06-01T11:19:52.205,hardware_check,self_20260601_111921,clip_001,1,listen,,1.511,240319.0,raspberry_pi_seeed_gsr,"240319,1.5110"
2026-06-01T11:19:52.226,hardware_check,self_20260601_111921,clip_001,1,listen,,1.5102,240340.0,raspberry_pi_seeed_gsr,"240340,1.5102"
2026-06-01T11:19:52.259,hardware_check,self_20260601_111921,clip_001,1,listen,,1.5078,240361.0,raspberry_pi_seeed_gsr,"240361,1.5078"
2026-06-01T11:19:52.268,hardware_check,self_20260601_111921,clip_001,1,listen,,1.5134,240382.0,raspberry_pi_seeed_gsr,"240382,1.5134"
2026-06-01T11:19:52.290,hardware_check,self_20260601_111921,clip_001,1,listen,,1.5158,240403.0,raspberry_pi_seeed_gsr,"240403,1.5158"
2026-06-01T11:19:52.310,hardware_check,self_20260601_111921,clip_001,1,listen,,1.5078,240424.0,raspberry_pi_seeed_gsr,"240424,1.5078"
2026-06-01T11:19:52.331,hardware_check,self_20260601_111921,clip_001,1,listen,,1.515,240445.0,raspberry_pi_seeed_gsr,"240445,1.5150"
2026-06-01T11:19:52.352,hardware_check,self_20260601_111921,clip_001,1,listen,,1.5102,240466.0,raspberry_pi_seeed_gsr,"240466,1.5102"
2026-06-01T11:19:52.373,hardware_check,self_20260601_111921,clip_001,1,listen,,1.5046,240487.0,raspberry_pi_seeed_gsr,"240487,1.5046"
2026-06-01T11:19:52.394,hardware_check,self_20260601_111921,clip_001,1,listen,,1.5118,240508.0,raspberry_pi_seeed_gsr,"240508,1.5118"
2026-06-01T11:19:52.415,hardware_check,self_20260601_111921,clip_001,1,listen,,1.5102,240529.0,raspberry_pi_seeed_gsr,"240529,1.5102"
2026-06-01T11:19:52.436,hardware_check,self_20260601_111921,clip_001,1,listen,,1.5118,240550.0,raspberry_pi_seeed_gsr,"240550,1.5118"
2026-06-01T11:19:52.457,hardware_check,self_20260601_111921,clip_001,1,listen,,1.5166,240571.0,raspberry_pi_seeed_gsr,"240571,1.5166"
2026-06-01T11:19:52.478,hardware_check,self_20260601_111921,clip_001,1,listen,,1.5191,240592.0,raspberry_pi_seeed_gsr,"240592,1.5191"
2026-06-01T11:19:52.521,hardware_check,self_20260601_111921,clip_001,1,listen,,1.515,240613.0,raspberry_pi_seeed_gsr,"240613,1.5150"
2026-06-01T11:19:52.522,hardware_check,self_20260601_111921,clip_001,1,listen,,1.5191,240634.0,raspberry_pi_seeed_gsr,"240634,1.5191"
2026-06-01T11:19:52.541,hardware_check,self_20260601_111921,clip_001,1,listen,,1.5086,240655.0,raspberry_pi_seeed_gsr,"240655,1.5086"
2026-06-01T11:19:52.562,hardware_check,self_20260601_111921,clip_001,1,listen,,1.511,240676.0,raspberry_pi_seeed_gsr,"240676,1.5110"
2026-06-01T11:19:52.583,hardware_check,self_20260601_111921,clip_001,1,listen,,1.5134,240697.0,raspberry_pi_seeed_gsr,"240697,1.5134"
2026-06-01T11:19:52.604,hardware_check,self_20260601_111921,clip_001,1,listen,,1.5118,240718.0,raspberry_pi_seeed_gsr,"240718,1.5118"
2026-06-01T11:19:52.625,hardware_check,self_20260601_111921,clip_001,1,listen,,1.5102,240739.0,raspberry_pi_seeed_gsr,"240739,1.5102"
2026-06-01T11:19:52.646,hardware_check,self_20260601_111921,clip_001,1,listen,,1.5118,240760.0,raspberry_pi_seeed_gsr,"240760,1.5118"
2026-06-01T11:19:52.668,hardware_check,self_20260601_111921,clip_001,1,listen,,1.5126,240781.0,raspberry_pi_seeed_gsr,"240781,1.5126"
2026-06-01T11:19:52.689,hardware_check,self_20260601_111921,clip_001,1,listen,,1.5118,240802.0,raspberry_pi_seeed_gsr,"240802,1.5118"
2026-06-01T11:19:52.710,hardware_check,self_20260601_111921,clip_001,1,listen,,1.5062,240823.0,raspberry_pi_seeed_gsr,"240823,1.5062"
2026-06-01T11:19:52.730,hardware_check,self_20260601_111921,clip_001,1,listen,,1.5166,240844.0,raspberry_pi_seeed_gsr,"240844,1.5166"
2026-06-01T11:19:52.777,hardware_check,self_20260601_111921,clip_001,1,listen,,1.5134,240865.0,raspberry_pi_seeed_gsr,"240865,1.5134"
2026-06-01T11:19:52.778,hardware_check,self_20260601_111921,clip_001,1,listen,,1.5134,240886.0,raspberry_pi_seeed_gsr,"240886,1.5134"
2026-06-01T11:19:52.793,hardware_check,self_20260601_111921,clip_001,1,listen,,1.5134,240907.0,raspberry_pi_seeed_gsr,"240907,1.5134"
2026-06-01T11:19:52.814,hardware_check,self_20260601_111921,clip_001,1,listen,,1.515,240928.0,raspberry_pi_seeed_gsr,"240928,1.5150"
2026-06-01T11:19:52.835,hardware_check,self_20260601_111921,clip_001,1,listen,,1.5054,240949.0,raspberry_pi_seeed_gsr,"240949,1.5054"
2026-06-01T11:19:52.856,hardware_check,self_20260601_111921,clip_001,1,listen,,1.5021,240970.0,raspberry_pi_seeed_gsr,"240970,1.5021"
2026-06-01T11:19:52.877,hardware_check,self_20260601_111921,clip_001,1,listen,,1.5134,240991.0,raspberry_pi_seeed_gsr,"240991,1.5134"
2026-06-01T11:19:52.898,hardware_check,self_20260601_111921,clip_001,1,listen,,1.5118,241012.0,raspberry_pi_seeed_gsr,"241012,1.5118"
2026-06-01T11:19:52.919,hardware_check,self_20260601_111921,clip_001,1,listen,,1.511,241033.0,raspberry_pi_seeed_gsr,"241033,1.5110"
2026-06-01T11:19:52.940,hardware_check,self_20260601_111921,clip_001,1,listen,,1.5182,241054.0,raspberry_pi_seeed_gsr,"241054,1.5182"
2026-06-01T11:19:52.962,hardware_check,self_20260601_111921,clip_001,1,listen,,1.515,241075.0,raspberry_pi_seeed_gsr,"241075,1.5150"
2026-06-01T11:19:52.983,hardware_check,self_20260601_111921,clip_001,1,listen,,1.5134,241096.0,raspberry_pi_seeed_gsr,"241096,1.5134"
2026-06-01T11:19:53.030,hardware_check,self_20260601_111921,clip_001,1,listen,,1.5158,241117.0,raspberry_pi_seeed_gsr,"241117,1.5158"
2026-06-01T11:19:53.031,hardware_check,self_20260601_111921,clip_001,1,listen,,1.5094,241138.0,raspberry_pi_seeed_gsr,"241138,1.5094"
2026-06-01T11:19:53.045,hardware_check,self_20260601_111921,clip_001,1,listen,,1.5054,241159.0,raspberry_pi_seeed_gsr,"241159,1.5054"
2026-06-01T11:19:53.066,hardware_check,self_20260601_111921,clip_001,1,listen,,1.5054,241180.0,raspberry_pi_seeed_gsr,"241180,1.5054"
2026-06-01T11:19:53.087,hardware_check,self_20260601_111921,clip_001,1,listen,,1.5126,241201.0,raspberry_pi_seeed_gsr,"241201,1.5126"
2026-06-01T11:19:53.108,hardware_check,self_20260601_111921,clip_001,1,listen,,1.5118,241222.0,raspberry_pi_seeed_gsr,"241222,1.5118"
2026-06-01T11:19:53.129,hardware_check,self_20260601_111921,clip_001,1,listen,,1.5118,241243.0,raspberry_pi_seeed_gsr,"241243,1.5118"
2026-06-01T11:19:53.150,hardware_check,self_20260601_111921,clip_001,1,listen,,1.5037,241264.0,raspberry_pi_seeed_gsr,"241264,1.5037"
2026-06-01T11:19:53.171,hardware_check,self_20260601_111921,clip_001,1,listen,,1.5094,241285.0,raspberry_pi_seeed_gsr,"241285,1.5094"
2026-06-01T11:19:53.192,hardware_check,self_20260601_111921,clip_001,1,listen,,1.5134,241306.0,raspberry_pi_seeed_gsr,"241306,1.5134"
2026-06-01T11:19:53.213,hardware_check,self_20260601_111921,clip_001,1,listen,,1.5094,241327.0,raspberry_pi_seeed_gsr,"241327,1.5094"
2026-06-01T11:19:53.234,hardware_check,self_20260601_111921,clip_001,1,listen,,1.5054,241348.0,raspberry_pi_seeed_gsr,"241348,1.5054"
2026-06-01T11:19:53.265,hardware_check,self_20260601_111921,clip_001,1,listen,,1.5102,241369.0,raspberry_pi_seeed_gsr,"241369,1.5102"
2026-06-01T11:19:53.276,hardware_check,self_20260601_111921,clip_001,1,listen,,1.5062,241390.0,raspberry_pi_seeed_gsr,"241390,1.5062"
2026-06-01T11:19:53.297,hardware_check,self_20260601_111921,clip_001,1,listen,,1.515,241411.0,raspberry_pi_seeed_gsr,"241411,1.5150"
2026-06-01T11:19:53.318,hardware_check,self_20260601_111921,clip_001,1,listen,,1.5134,241432.0,raspberry_pi_seeed_gsr,"241432,1.5134"
2026-06-01T11:19:53.339,hardware_check,self_20260601_111921,clip_001,1,listen,,1.5094,241453.0,raspberry_pi_seeed_gsr,"241453,1.5094"
2026-06-01T11:19:53.360,hardware_check,self_20260601_111921,clip_001,1,listen,,1.5054,241474.0,raspberry_pi_seeed_gsr,"241474,1.5054"
2026-06-01T11:19:53.381,hardware_check,self_20260601_111921,clip_001,1,listen,,1.5174,241495.0,raspberry_pi_seeed_gsr,"241495,1.5174"
2026-06-01T11:19:53.402,hardware_check,self_20260601_111921,clip_001,1,listen,,1.5118,241516.0,raspberry_pi_seeed_gsr,"241516,1.5118"
2026-06-01T11:19:53.423,hardware_check,self_20260601_111921,clip_001,1,listen,,1.5239,241537.0,raspberry_pi_seeed_gsr,"241537,1.5239"
2026-06-01T11:19:53.444,hardware_check,self_20260601_111921,clip_001,1,listen,,1.5062,241558.0,raspberry_pi_seeed_gsr,"241558,1.5062"
2026-06-01T11:19:53.465,hardware_check,self_20260601_111921,clip_001,1,listen,,1.5134,241579.0,raspberry_pi_seeed_gsr,"241579,1.5134"
2026-06-01T11:19:53.486,hardware_check,self_20260601_111921,clip_001,1,listen,,1.5062,241600.0,raspberry_pi_seeed_gsr,"241600,1.5062"
2026-06-01T11:19:53.529,hardware_check,self_20260601_111921,clip_001,1,listen,,1.5126,241621.0,raspberry_pi_seeed_gsr,"241621,1.5126"
2026-06-01T11:19:53.529,hardware_check,self_20260601_111921,clip_001,1,listen,,1.511,241642.0,raspberry_pi_seeed_gsr,"241642,1.5110"
2026-06-01T11:19:53.549,hardware_check,self_20260601_111921,clip_001,1,listen,,1.511,241663.0,raspberry_pi_seeed_gsr,"241663,1.5110"
2026-06-01T11:19:53.570,hardware_check,self_20260601_111921,clip_001,1,listen,,1.5118,241684.0,raspberry_pi_seeed_gsr,"241684,1.5118"
2026-06-01T11:19:53.591,hardware_check,self_20260601_111921,clip_001,1,listen,,1.5102,241705.0,raspberry_pi_seeed_gsr,"241705,1.5102"
2026-06-01T11:19:53.612,hardware_check,self_20260601_111921,clip_001,1,listen,,1.5102,241726.0,raspberry_pi_seeed_gsr,"241726,1.5102"
2026-06-01T11:19:53.633,hardware_check,self_20260601_111921,clip_001,1,listen,,1.5199,241747.0,raspberry_pi_seeed_gsr,"241747,1.5199"
2026-06-01T11:19:53.654,hardware_check,self_20260601_111921,clip_001,1,listen,,1.5134,241768.0,raspberry_pi_seeed_gsr,"241768,1.5134"
2026-06-01T11:19:53.676,hardware_check,self_20260601_111921,clip_001,1,listen,,1.511,241789.0,raspberry_pi_seeed_gsr,"241789,1.5110"
2026-06-01T11:19:53.696,hardware_check,self_20260601_111921,clip_001,1,listen,,1.5134,241810.0,raspberry_pi_seeed_gsr,"241810,1.5134"
2026-06-01T11:19:53.718,hardware_check,self_20260601_111921,clip_001,1,listen,,1.5134,241831.0,raspberry_pi_seeed_gsr,"241831,1.5134"
2026-06-01T11:19:53.739,hardware_check,self_20260601_111921,clip_001,1,listen,,1.5102,241852.0,raspberry_pi_seeed_gsr,"241852,1.5102"
2026-06-01T11:19:53.785,hardware_check,self_20260601_111921,clip_001,1,listen,,1.5078,241873.0,raspberry_pi_seeed_gsr,"241873,1.5078"
2026-06-01T11:19:53.786,hardware_check,self_20260601_111921,clip_001,1,listen,,1.511,241894.0,raspberry_pi_seeed_gsr,"241894,1.5110"
2026-06-01T11:19:53.801,hardware_check,self_20260601_111921,clip_001,1,listen,,1.5126,241915.0,raspberry_pi_seeed_gsr,"241915,1.5126"
2026-06-01T11:19:53.822,hardware_check,self_20260601_111921,clip_001,1,listen,,1.5046,241936.0,raspberry_pi_seeed_gsr,"241936,1.5046"
2026-06-01T11:19:53.843,hardware_check,self_20260601_111921,clip_001,1,listen,,1.511,241957.0,raspberry_pi_seeed_gsr,"241957,1.5110"
2026-06-01T11:19:53.864,hardware_check,self_20260601_111921,clip_001,1,listen,,1.511,241978.0,raspberry_pi_seeed_gsr,"241978,1.5110"
2026-06-01T11:19:53.885,hardware_check,self_20260601_111921,clip_001,1,listen,,1.5134,241999.0,raspberry_pi_seeed_gsr,"241999,1.5134"
2026-06-01T11:19:53.906,hardware_check,self_20260601_111921,clip_001,1,listen,,1.5086,242020.0,raspberry_pi_seeed_gsr,"242020,1.5086"
2026-06-01T11:19:53.927,hardware_check,self_20260601_111921,clip_001,1,listen,,1.5046,242041.0,raspberry_pi_seeed_gsr,"242041,1.5046"
2026-06-01T11:19:53.949,hardware_check,self_20260601_111921,clip_001,1,listen,,1.5029,242062.0,raspberry_pi_seeed_gsr,"242062,1.5029"
2026-06-01T11:19:53.970,hardware_check,self_20260601_111921,clip_001,1,listen,,1.5126,242083.0,raspberry_pi_seeed_gsr,"242083,1.5126"
2026-06-01T11:19:53.991,hardware_check,self_20260601_111921,clip_001,1,listen,,1.5126,242104.0,raspberry_pi_seeed_gsr,"242104,1.5126"
2026-06-01T11:19:54.037,hardware_check,self_20260601_111921,clip_001,1,listen,,1.5126,242125.0,raspberry_pi_seeed_gsr,"242125,1.5126"
2026-06-01T11:19:54.038,hardware_check,self_20260601_111921,clip_001,1,listen,,1.5037,242146.0,raspberry_pi_seeed_gsr,"242146,1.5037"
2026-06-01T11:19:54.053,hardware_check,self_20260601_111921,clip_001,1,listen,,1.5046,242167.0,raspberry_pi_seeed_gsr,"242167,1.5046"
2026-06-01T11:19:54.074,hardware_check,self_20260601_111921,clip_001,1,listen,,1.4965,242188.0,raspberry_pi_seeed_gsr,"242188,1.4965"
2026-06-01T11:19:54.095,hardware_check,self_20260601_111921,clip_001,1,listen,,1.5062,242209.0,raspberry_pi_seeed_gsr,"242209,1.5062"
2026-06-01T11:19:54.116,hardware_check,self_20260601_111921,clip_001,1,listen,,1.5102,242230.0,raspberry_pi_seeed_gsr,"242230,1.5102"
2026-06-01T11:19:54.137,hardware_check,self_20260601_111921,clip_001,1,listen,,1.5102,242251.0,raspberry_pi_seeed_gsr,"242251,1.5102"
2026-06-01T11:19:54.158,hardware_check,self_20260601_111921,clip_001,1,listen,,1.511,242272.0,raspberry_pi_seeed_gsr,"242272,1.5110"
2026-06-01T11:19:54.179,hardware_check,self_20260601_111921,clip_001,1,listen,,1.5126,242293.0,raspberry_pi_seeed_gsr,"242293,1.5126"
2026-06-01T11:19:54.200,hardware_check,self_20260601_111921,clip_001,1,listen,,1.5054,242314.0,raspberry_pi_seeed_gsr,"242314,1.5054"
2026-06-01T11:19:54.221,hardware_check,self_20260601_111921,clip_001,1,listen,,1.5029,242335.0,raspberry_pi_seeed_gsr,"242335,1.5029"
2026-06-01T11:19:54.242,hardware_check,self_20260601_111921,clip_001,1,listen,,1.5021,242356.0,raspberry_pi_seeed_gsr,"242356,1.5021"
2026-06-01T11:19:54.277,hardware_check,self_20260601_111921,clip_001,1,listen,,1.5037,242377.0,raspberry_pi_seeed_gsr,"242377,1.5037"
2026-06-01T11:19:54.284,hardware_check,self_20260601_111921,clip_001,1,listen,,1.5134,242398.0,raspberry_pi_seeed_gsr,"242398,1.5134"
2026-06-01T11:19:54.305,hardware_check,self_20260601_111921,clip_001,1,listen,,1.5078,242419.0,raspberry_pi_seeed_gsr,"242419,1.5078"
2026-06-01T11:19:54.326,hardware_check,self_20260601_111921,clip_001,1,listen,,1.5126,242440.0,raspberry_pi_seeed_gsr,"242440,1.5126"
2026-06-01T11:19:54.347,hardware_check,self_20260601_111921,clip_001,1,listen,,1.5062,242461.0,raspberry_pi_seeed_gsr,"242461,1.5062"
2026-06-01T11:19:54.368,hardware_check,self_20260601_111921,clip_001,1,listen,,1.5118,242482.0,raspberry_pi_seeed_gsr,"242482,1.5118"
2026-06-01T11:19:54.389,hardware_check,self_20260601_111921,clip_001,1,listen,,1.5037,242503.0,raspberry_pi_seeed_gsr,"242503,1.5037"
2026-06-01T11:19:54.410,hardware_check,self_20260601_111921,clip_001,1,listen,,1.5086,242524.0,raspberry_pi_seeed_gsr,"242524,1.5086"
2026-06-01T11:19:54.431,hardware_check,self_20260601_111921,clip_001,1,listen,,1.5118,242545.0,raspberry_pi_seeed_gsr,"242545,1.5118"
2026-06-01T11:19:54.452,hardware_check,self_20260601_111921,clip_001,1,listen,,1.5118,242566.0,raspberry_pi_seeed_gsr,"242566,1.5118"
2026-06-01T11:19:54.473,hardware_check,self_20260601_111921,clip_001,1,listen,,1.5062,242587.0,raspberry_pi_seeed_gsr,"242587,1.5062"
2026-06-01T11:19:54.494,hardware_check,self_20260601_111921,clip_001,1,listen,,1.5086,242608.0,raspberry_pi_seeed_gsr,"242608,1.5086"
2026-06-01T11:19:54.534,hardware_check,self_20260601_111921,clip_001,1,listen,,1.507,242629.0,raspberry_pi_seeed_gsr,"242629,1.5070"
2026-06-01T11:19:54.536,hardware_check,self_20260601_111921,clip_001,1,listen,,1.5126,242650.0,raspberry_pi_seeed_gsr,"242650,1.5126"
2026-06-01T11:19:54.557,hardware_check,self_20260601_111921,clip_001,1,listen,,1.5102,242671.0,raspberry_pi_seeed_gsr,"242671,1.5102"
2026-06-01T11:19:54.578,hardware_check,self_20260601_111921,clip_001,1,listen,,1.5094,242692.0,raspberry_pi_seeed_gsr,"242692,1.5094"
2026-06-01T11:19:54.599,hardware_check,self_20260601_111921,clip_001,1,listen,,1.5102,242713.0,raspberry_pi_seeed_gsr,"242713,1.5102"
2026-06-01T11:19:54.620,hardware_check,self_20260601_111921,clip_001,1,listen,,1.5037,242734.0,raspberry_pi_seeed_gsr,"242734,1.5037"
2026-06-01T11:19:54.641,hardware_check,self_20260601_111921,clip_001,1,listen,,1.5086,242755.0,raspberry_pi_seeed_gsr,"242755,1.5086"
2026-06-01T11:19:54.662,hardware_check,self_20260601_111921,clip_001,1,listen,,1.5029,242776.0,raspberry_pi_seeed_gsr,"242776,1.5029"
2026-06-01T11:19:54.684,hardware_check,self_20260601_111921,clip_001,1,listen,,1.5078,242797.0,raspberry_pi_seeed_gsr,"242797,1.5078"
2026-06-01T11:19:54.705,hardware_check,self_20260601_111921,clip_001,1,listen,,1.4997,242818.0,raspberry_pi_seeed_gsr,"242818,1.4997"
2026-06-01T11:19:54.726,hardware_check,self_20260601_111921,clip_001,1,listen,,1.507,242839.0,raspberry_pi_seeed_gsr,"242839,1.5070"
2026-06-01T11:19:54.747,hardware_check,self_20260601_111921,clip_001,1,listen,,1.507,242860.0,raspberry_pi_seeed_gsr,"242860,1.5070"
2026-06-01T11:19:54.795,hardware_check,self_20260601_111921,clip_001,1,listen,,1.5062,242881.0,raspberry_pi_seeed_gsr,"242881,1.5062"
2026-06-01T11:19:54.796,hardware_check,self_20260601_111921,clip_001,1,listen,,1.5094,242902.0,raspberry_pi_seeed_gsr,"242902,1.5094"
2026-06-01T11:19:54.809,hardware_check,self_20260601_111921,clip_001,1,listen,,1.5029,242923.0,raspberry_pi_seeed_gsr,"242923,1.5029"
2026-06-01T11:19:54.830,hardware_check,self_20260601_111921,clip_001,1,listen,,1.5078,242944.0,raspberry_pi_seeed_gsr,"242944,1.5078"
2026-06-01T11:19:54.851,hardware_check,self_20260601_111921,clip_001,1,listen,,1.5158,242965.0,raspberry_pi_seeed_gsr,"242965,1.5158"
2026-06-01T11:19:54.872,hardware_check,self_20260601_111921,clip_001,1,listen,,1.511,242986.0,raspberry_pi_seeed_gsr,"242986,1.5110"
2026-06-01T11:19:54.893,hardware_check,self_20260601_111921,clip_001,1,listen,,1.5062,243007.0,raspberry_pi_seeed_gsr,"243007,1.5062"
2026-06-01T11:19:54.914,hardware_check,self_20260601_111921,clip_001,1,listen,,1.515,243028.0,raspberry_pi_seeed_gsr,"243028,1.5150"
2026-06-01T11:19:54.935,hardware_check,self_20260601_111921,clip_001,1,listen,,1.5086,243049.0,raspberry_pi_seeed_gsr,"243049,1.5086"
2026-06-01T11:19:54.956,hardware_check,self_20260601_111921,clip_001,1,listen,,1.5062,243070.0,raspberry_pi_seeed_gsr,"243070,1.5062"
2026-06-01T11:19:54.978,hardware_check,self_20260601_111921,clip_001,1,listen,,1.4997,243091.0,raspberry_pi_seeed_gsr,"243091,1.4997"
2026-06-01T11:19:54.999,hardware_check,self_20260601_111921,clip_001,1,listen,,1.5094,243112.0,raspberry_pi_seeed_gsr,"243112,1.5094"
2026-06-01T11:19:55.043,hardware_check,self_20260601_111921,clip_001,1,listen,,1.5174,243133.0,raspberry_pi_seeed_gsr,"243133,1.5174"
2026-06-01T11:19:55.044,hardware_check,self_20260601_111921,clip_001,1,listen,,1.5134,243154.0,raspberry_pi_seeed_gsr,"243154,1.5134"
2026-06-01T11:19:55.061,hardware_check,self_20260601_111921,clip_001,1,listen,,1.5102,243175.0,raspberry_pi_seeed_gsr,"243175,1.5102"
2026-06-01T11:19:55.082,hardware_check,self_20260601_111921,clip_001,1,listen,,1.5078,243196.0,raspberry_pi_seeed_gsr,"243196,1.5078"
2026-06-01T11:19:55.103,hardware_check,self_20260601_111921,clip_001,1,listen,,1.5037,243217.0,raspberry_pi_seeed_gsr,"243217,1.5037"
2026-06-01T11:19:55.124,hardware_check,self_20260601_111921,clip_001,1,listen,,1.5078,243238.0,raspberry_pi_seeed_gsr,"243238,1.5078"
2026-06-01T11:19:55.145,hardware_check,self_20260601_111921,clip_001,1,listen,,1.511,243259.0,raspberry_pi_seeed_gsr,"243259,1.5110"
2026-06-01T11:19:55.166,hardware_check,self_20260601_111921,clip_001,1,listen,,1.5062,243280.0,raspberry_pi_seeed_gsr,"243280,1.5062"
2026-06-01T11:19:55.187,hardware_check,self_20260601_111921,clip_001,1,listen,,1.507,243301.0,raspberry_pi_seeed_gsr,"243301,1.5070"
2026-06-01T11:19:55.209,hardware_check,self_20260601_111921,clip_001,1,listen,,1.5102,243322.0,raspberry_pi_seeed_gsr,"243322,1.5102"
2026-06-01T11:19:55.229,hardware_check,self_20260601_111921,clip_001,1,listen,,1.515,243343.0,raspberry_pi_seeed_gsr,"243343,1.5150"
2026-06-01T11:19:55.250,hardware_check,self_20260601_111921,clip_001,1,listen,,1.5207,243364.0,raspberry_pi_seeed_gsr,"243364,1.5207"
2026-06-01T11:19:55.283,hardware_check,self_20260601_111921,clip_001,1,listen,,1.5086,243385.0,raspberry_pi_seeed_gsr,"243385,1.5086"
2026-06-01T11:19:55.292,hardware_check,self_20260601_111921,clip_001,1,listen,,1.5094,243406.0,raspberry_pi_seeed_gsr,"243406,1.5094"
2026-06-01T11:19:55.313,hardware_check,self_20260601_111921,clip_001,1,listen,,1.5046,243427.0,raspberry_pi_seeed_gsr,"243427,1.5046"
2026-06-01T11:19:55.334,hardware_check,self_20260601_111921,clip_001,1,listen,,1.5005,243448.0,raspberry_pi_seeed_gsr,"243448,1.5005"
2026-06-01T11:19:55.355,hardware_check,self_20260601_111921,clip_001,1,listen,,1.5118,243469.0,raspberry_pi_seeed_gsr,"243469,1.5118"
2026-06-01T11:19:55.376,hardware_check,self_20260601_111921,clip_001,1,listen,,1.5134,243490.0,raspberry_pi_seeed_gsr,"243490,1.5134"
2026-06-01T11:19:55.397,hardware_check,self_20260601_111921,clip_001,1,listen,,1.5046,243511.0,raspberry_pi_seeed_gsr,"243511,1.5046"
2026-06-01T11:19:55.418,hardware_check,self_20260601_111921,clip_001,1,listen,,1.5062,243532.0,raspberry_pi_seeed_gsr,"243532,1.5062"
2026-06-01T11:19:55.439,hardware_check,self_20260601_111921,clip_001,1,listen,,1.5054,243553.0,raspberry_pi_seeed_gsr,"243553,1.5054"
2026-06-01T11:19:55.460,hardware_check,self_20260601_111921,clip_001,1,listen,,1.5046,243574.0,raspberry_pi_seeed_gsr,"243574,1.5046"
2026-06-01T11:19:55.481,hardware_check,self_20260601_111921,clip_001,1,listen,,1.5037,243595.0,raspberry_pi_seeed_gsr,"243595,1.5037"
2026-06-01T11:19:55.503,hardware_check,self_20260601_111921,clip_001,1,listen,,1.5102,243616.0,raspberry_pi_seeed_gsr,"243616,1.5102"
2026-06-01T11:19:55.545,hardware_check,self_20260601_111921,clip_001,1,listen,,1.5029,243637.0,raspberry_pi_seeed_gsr,"243637,1.5029"
2026-06-01T11:19:55.546,hardware_check,self_20260601_111921,clip_001,1,listen,,1.5086,243658.0,raspberry_pi_seeed_gsr,"243658,1.5086"
2026-06-01T11:19:55.565,hardware_check,self_20260601_111921,clip_001,1,listen,,1.5062,243679.0,raspberry_pi_seeed_gsr,"243679,1.5062"
2026-06-01T11:19:55.586,hardware_check,self_20260601_111921,clip_001,1,listen,,1.5126,243700.0,raspberry_pi_seeed_gsr,"243700,1.5126"
2026-06-01T11:19:55.607,hardware_check,self_20260601_111921,clip_001,1,listen,,1.5062,243721.0,raspberry_pi_seeed_gsr,"243721,1.5062"
2026-06-01T11:19:55.628,hardware_check,self_20260601_111921,clip_001,1,listen,,1.5118,243742.0,raspberry_pi_seeed_gsr,"243742,1.5118"
2026-06-01T11:19:55.649,hardware_check,self_20260601_111921,clip_001,1,listen,,1.507,243763.0,raspberry_pi_seeed_gsr,"243763,1.5070"
2026-06-01T11:19:55.670,hardware_check,self_20260601_111921,clip_001,1,listen,,1.5046,243784.0,raspberry_pi_seeed_gsr,"243784,1.5046"
2026-06-01T11:19:55.692,hardware_check,self_20260601_111921,clip_001,1,listen,,1.5054,243805.0,raspberry_pi_seeed_gsr,"243805,1.5054"
2026-06-01T11:19:55.713,hardware_check,self_20260601_111921,clip_001,1,listen,,1.4997,243826.0,raspberry_pi_seeed_gsr,"243826,1.4997"
2026-06-01T11:19:55.734,hardware_check,self_20260601_111921,clip_001,1,listen,,1.5094,243847.0,raspberry_pi_seeed_gsr,"243847,1.5094"
2026-06-01T11:19:55.754,hardware_check,self_20260601_111921,clip_001,1,listen,,1.4892,243868.0,raspberry_pi_seeed_gsr,"243868,1.4892"
2026-06-01T11:19:55.797,hardware_check,self_20260601_111921,clip_001,1,listen,,1.507,243889.0,raspberry_pi_seeed_gsr,"243889,1.5070"
2026-06-01T11:19:55.798,hardware_check,self_20260601_111921,clip_001,1,listen,,1.5062,243910.0,raspberry_pi_seeed_gsr,"243910,1.5062"
2026-06-01T11:19:55.817,hardware_check,self_20260601_111921,clip_001,1,listen,,1.4941,243931.0,raspberry_pi_seeed_gsr,"243931,1.4941"
2026-06-01T11:19:55.838,hardware_check,self_20260601_111921,clip_001,1,listen,,1.507,243952.0,raspberry_pi_seeed_gsr,"243952,1.5070"
2026-06-01T11:19:55.859,hardware_check,self_20260601_111921,clip_001,1,listen,,1.5037,243973.0,raspberry_pi_seeed_gsr,"243973,1.5037"
2026-06-01T11:19:55.880,hardware_check,self_20260601_111921,clip_001,1,listen,,1.5029,243994.0,raspberry_pi_seeed_gsr,"243994,1.5029"
2026-06-01T11:19:55.901,hardware_check,self_20260601_111921,clip_001,1,listen,,1.5102,244015.0,raspberry_pi_seeed_gsr,"244015,1.5102"
2026-06-01T11:19:55.922,hardware_check,self_20260601_111921,clip_001,1,listen,,1.4997,244036.0,raspberry_pi_seeed_gsr,"244036,1.4997"
2026-06-01T11:19:55.944,hardware_check,self_20260601_111921,clip_001,1,listen,,1.5037,244057.0,raspberry_pi_seeed_gsr,"244057,1.5037"
2026-06-01T11:19:55.965,hardware_check,self_20260601_111921,clip_001,1,listen,,1.5021,244078.0,raspberry_pi_seeed_gsr,"244078,1.5021"
2026-06-01T11:19:55.986,hardware_check,self_20260601_111921,clip_001,1,listen,,1.4997,244099.0,raspberry_pi_seeed_gsr,"244099,1.4997"
2026-06-01T11:19:56.006,hardware_check,self_20260601_111921,clip_001,1,listen,,1.4957,244120.0,raspberry_pi_seeed_gsr,"244120,1.4957"
2026-06-01T11:19:56.052,hardware_check,self_20260601_111921,clip_001,1,listen,,1.4965,244141.0,raspberry_pi_seeed_gsr,"244141,1.4965"
2026-06-01T11:19:56.053,hardware_check,self_20260601_111921,clip_001,1,listen,,1.4941,244162.0,raspberry_pi_seeed_gsr,"244162,1.4941"
2026-06-01T11:19:56.069,hardware_check,self_20260601_111921,clip_001,1,listen,,1.5054,244183.0,raspberry_pi_seeed_gsr,"244183,1.5054"
2026-06-01T11:19:56.090,hardware_check,self_20260601_111921,clip_001,1,listen,,1.4981,244204.0,raspberry_pi_seeed_gsr,"244204,1.4981"
2026-06-01T11:19:56.111,hardware_check,self_20260601_111921,clip_001,1,listen,,1.5037,244225.0,raspberry_pi_seeed_gsr,"244225,1.5037"
2026-06-01T11:19:56.132,hardware_check,self_20260601_111921,clip_001,1,listen,,1.5013,244246.0,raspberry_pi_seeed_gsr,"244246,1.5013"
2026-06-01T11:19:56.153,hardware_check,self_20260601_111921,clip_001,1,listen,,1.4957,244267.0,raspberry_pi_seeed_gsr,"244267,1.4957"
2026-06-01T11:19:56.174,hardware_check,self_20260601_111921,clip_001,1,listen,,1.5029,244288.0,raspberry_pi_seeed_gsr,"244288,1.5029"
2026-06-01T11:19:56.195,hardware_check,self_20260601_111921,clip_001,1,listen,,1.4973,244309.0,raspberry_pi_seeed_gsr,"244309,1.4973"
2026-06-01T11:19:56.217,hardware_check,self_20260601_111921,clip_001,1,listen,,1.49,244330.0,raspberry_pi_seeed_gsr,"244330,1.4900"
2026-06-01T11:19:56.237,hardware_check,self_20260601_111921,clip_001,1,listen,,1.4997,244351.0,raspberry_pi_seeed_gsr,"244351,1.4997"
2026-06-01T11:19:56.258,hardware_check,self_20260601_111921,clip_001,1,listen,,1.5021,244372.0,raspberry_pi_seeed_gsr,"244372,1.5021"
2026-06-01T11:19:56.292,hardware_check,self_20260601_111921,clip_001,1,listen,,1.4965,244393.0,raspberry_pi_seeed_gsr,"244393,1.4965"
2026-06-01T11:19:56.300,hardware_check,self_20260601_111921,clip_001,1,listen,,1.4917,244414.0,raspberry_pi_seeed_gsr,"244414,1.4917"
2026-06-01T11:19:56.321,hardware_check,self_20260601_111921,clip_001,1,listen,,1.5054,244435.0,raspberry_pi_seeed_gsr,"244435,1.5054"
2026-06-01T11:19:56.342,hardware_check,self_20260601_111921,clip_001,1,listen,,1.4997,244456.0,raspberry_pi_seeed_gsr,"244456,1.4997"
2026-06-01T11:19:56.363,hardware_check,self_20260601_111921,clip_001,1,listen,,1.5037,244477.0,raspberry_pi_seeed_gsr,"244477,1.5037"
2026-06-01T11:19:56.384,hardware_check,self_20260601_111921,clip_001,1,listen,,1.4949,244498.0,raspberry_pi_seeed_gsr,"244498,1.4949"
2026-06-01T11:19:56.405,hardware_check,self_20260601_111921,clip_001,1,listen,,1.4989,244519.0,raspberry_pi_seeed_gsr,"244519,1.4989"
2026-06-01T11:19:56.426,hardware_check,self_20260601_111921,clip_001,1,listen,,1.5158,244540.0,raspberry_pi_seeed_gsr,"244540,1.5158"
2026-06-01T11:19:56.447,hardware_check,self_20260601_111921,clip_001,1,listen,,1.5062,244561.0,raspberry_pi_seeed_gsr,"244561,1.5062"
2026-06-01T11:19:56.468,hardware_check,self_20260601_111921,clip_001,1,listen,,1.5086,244582.0,raspberry_pi_seeed_gsr,"244582,1.5086"
2026-06-01T11:19:56.489,hardware_check,self_20260601_111921,clip_001,1,listen,,1.5005,244603.0,raspberry_pi_seeed_gsr,"244603,1.5005"
2026-06-01T11:19:56.510,hardware_check,self_20260601_111921,clip_001,1,listen,,1.4844,244624.0,raspberry_pi_seeed_gsr,"244624,1.4844"
2026-06-01T11:19:56.550,hardware_check,self_20260601_111921,clip_001,1,listen,,1.5094,244645.0,raspberry_pi_seeed_gsr,"244645,1.5094"
2026-06-01T11:19:56.552,hardware_check,self_20260601_111921,clip_001,1,listen,,1.4965,244666.0,raspberry_pi_seeed_gsr,"244666,1.4965"
2026-06-01T11:19:56.573,hardware_check,self_20260601_111921,clip_001,1,listen,,1.4981,244687.0,raspberry_pi_seeed_gsr,"244687,1.4981"
2026-06-01T11:19:56.594,hardware_check,self_20260601_111921,clip_001,1,listen,,1.4997,244708.0,raspberry_pi_seeed_gsr,"244708,1.4997"
2026-06-01T11:19:56.615,hardware_check,self_20260601_111921,clip_001,1,listen,,1.5054,244729.0,raspberry_pi_seeed_gsr,"244729,1.5054"
2026-06-01T11:19:56.636,hardware_check,self_20260601_111921,clip_001,1,listen,,1.4868,244750.0,raspberry_pi_seeed_gsr,"244750,1.4868"
2026-06-01T11:19:56.657,hardware_check,self_20260601_111921,clip_001,1,listen,,1.5021,244771.0,raspberry_pi_seeed_gsr,"244771,1.5021"
2026-06-01T11:19:56.679,hardware_check,self_20260601_111921,clip_001,1,listen,,1.5005,244792.0,raspberry_pi_seeed_gsr,"244792,1.5005"
2026-06-01T11:19:56.699,hardware_check,self_20260601_111921,clip_001,1,listen,,1.5005,244813.0,raspberry_pi_seeed_gsr,"244813,1.5005"
2026-06-01T11:19:56.721,hardware_check,self_20260601_111921,clip_001,1,listen,,1.4989,244834.0,raspberry_pi_seeed_gsr,"244834,1.4989"
2026-06-01T11:19:56.742,hardware_check,self_20260601_111921,clip_001,1,listen,,1.4868,244855.0,raspberry_pi_seeed_gsr,"244855,1.4868"
2026-06-01T11:19:56.763,hardware_check,self_20260601_111921,clip_001,1,listen,,1.4892,244876.0,raspberry_pi_seeed_gsr,"244876,1.4892"
2026-06-01T11:19:56.811,hardware_check,self_20260601_111921,clip_001,1,listen,,1.5054,244897.0,raspberry_pi_seeed_gsr,"244897,1.5054"
2026-06-01T11:19:56.811,hardware_check,self_20260601_111921,clip_001,1,listen,,1.4868,244918.0,raspberry_pi_seeed_gsr,"244918,1.4868"
2026-06-01T11:19:56.825,hardware_check,self_20260601_111921,clip_001,1,listen,,1.4949,244939.0,raspberry_pi_seeed_gsr,"244939,1.4949"
2026-06-01T11:19:56.846,hardware_check,self_20260601_111921,clip_001,1,listen,,1.4949,244960.0,raspberry_pi_seeed_gsr,"244960,1.4949"
2026-06-01T11:19:56.867,hardware_check,self_20260601_111921,clip_001,1,listen,,1.5158,244981.0,raspberry_pi_seeed_gsr,"244981,1.5158"
2026-06-01T11:19:56.888,hardware_check,self_20260601_111921,clip_001,1,listen,,1.5062,245002.0,raspberry_pi_seeed_gsr,"245002,1.5062"
2026-06-01T11:19:56.909,hardware_check,self_20260601_111921,clip_001,1,listen,,1.5021,245023.0,raspberry_pi_seeed_gsr,"245023,1.5021"
2026-06-01T11:19:56.930,hardware_check,self_20260601_111921,clip_001,1,listen,,1.4997,245044.0,raspberry_pi_seeed_gsr,"245044,1.4997"
2026-06-01T11:19:56.951,hardware_check,self_20260601_111921,clip_001,1,listen,,1.5005,245065.0,raspberry_pi_seeed_gsr,"245065,1.5005"
2026-06-01T11:19:56.973,hardware_check,self_20260601_111921,clip_001,1,listen,,1.4957,245086.0,raspberry_pi_seeed_gsr,"245086,1.4957"
2026-06-01T11:19:56.994,hardware_check,self_20260601_111921,clip_001,1,listen,,1.5021,245107.0,raspberry_pi_seeed_gsr,"245107,1.5021"
2026-06-01T11:19:57.015,hardware_check,self_20260601_111921,clip_001,1,listen,,1.4973,245128.0,raspberry_pi_seeed_gsr,"245128,1.4973"
2026-06-01T11:19:57.059,hardware_check,self_20260601_111921,clip_001,1,listen,,1.4941,245149.0,raspberry_pi_seeed_gsr,"245149,1.4941"
2026-06-01T11:19:57.060,hardware_check,self_20260601_111921,clip_001,1,listen,,1.4989,245170.0,raspberry_pi_seeed_gsr,"245170,1.4989"
2026-06-01T11:19:57.077,hardware_check,self_20260601_111921,clip_001,1,listen,,1.4981,245191.0,raspberry_pi_seeed_gsr,"245191,1.4981"
2026-06-01T11:19:57.098,hardware_check,self_20260601_111921,clip_001,1,listen,,1.4933,245212.0,raspberry_pi_seeed_gsr,"245212,1.4933"
2026-06-01T11:19:57.119,hardware_check,self_20260601_111921,clip_001,1,listen,,1.5005,245233.0,raspberry_pi_seeed_gsr,"245233,1.5005"
2026-06-01T11:19:57.140,hardware_check,self_20260601_111921,clip_001,1,listen,,1.4973,245254.0,raspberry_pi_seeed_gsr,"245254,1.4973"
2026-06-01T11:19:57.161,hardware_check,self_20260601_111921,clip_001,1,listen,,1.5029,245275.0,raspberry_pi_seeed_gsr,"245275,1.5029"
2026-06-01T11:19:57.182,hardware_check,self_20260601_111921,clip_001,1,listen,,1.49,245296.0,raspberry_pi_seeed_gsr,"245296,1.4900"
2026-06-01T11:19:57.203,hardware_check,self_20260601_111921,clip_001,1,listen,,1.4981,245317.0,raspberry_pi_seeed_gsr,"245317,1.4981"
2026-06-01T11:19:57.224,hardware_check,self_20260601_111921,clip_001,1,listen,,1.4941,245338.0,raspberry_pi_seeed_gsr,"245338,1.4941"
2026-06-01T11:19:57.245,hardware_check,self_20260601_111921,clip_001,1,listen,,1.5037,245359.0,raspberry_pi_seeed_gsr,"245359,1.5037"
2026-06-01T11:19:57.266,hardware_check,self_20260601_111921,clip_001,1,listen,,1.5029,245380.0,raspberry_pi_seeed_gsr,"245380,1.5029"
2026-06-01T11:19:57.296,hardware_check,self_20260601_111921,clip_001,1,listen,,1.49,245401.0,raspberry_pi_seeed_gsr,"245401,1.4900"
2026-06-01T11:19:57.308,hardware_check,self_20260601_111921,clip_001,1,listen,,1.4965,245422.0,raspberry_pi_seeed_gsr,"245422,1.4965"
2026-06-01T11:19:57.329,hardware_check,self_20260601_111921,clip_001,1,listen,,1.4876,245443.0,raspberry_pi_seeed_gsr,"245443,1.4876"
2026-06-01T11:19:57.350,hardware_check,self_20260601_111921,clip_001,1,listen,,1.4925,245464.0,raspberry_pi_seeed_gsr,"245464,1.4925"
2026-06-01T11:19:57.371,hardware_check,self_20260601_111921,clip_001,1,listen,,1.4892,245485.0,raspberry_pi_seeed_gsr,"245485,1.4892"
2026-06-01T11:19:57.392,hardware_check,self_20260601_111921,clip_001,1,listen,,1.4844,245506.0,raspberry_pi_seeed_gsr,"245506,1.4844"
2026-06-01T11:19:57.413,hardware_check,self_20260601_111921,clip_001,1,listen,,1.4909,245527.0,raspberry_pi_seeed_gsr,"245527,1.4909"
2026-06-01T11:19:57.434,hardware_check,self_20260601_111921,clip_001,1,listen,,1.4892,245548.0,raspberry_pi_seeed_gsr,"245548,1.4892"
2026-06-01T11:19:57.455,hardware_check,self_20260601_111921,clip_001,1,listen,,1.4989,245569.0,raspberry_pi_seeed_gsr,"245569,1.4989"
2026-06-01T11:19:57.476,hardware_check,self_20260601_111921,clip_001,1,listen,,1.4949,245590.0,raspberry_pi_seeed_gsr,"245590,1.4949"
2026-06-01T11:19:57.497,hardware_check,self_20260601_111921,clip_001,1,listen,,1.5005,245611.0,raspberry_pi_seeed_gsr,"245611,1.5005"
2026-06-01T11:19:57.519,hardware_check,self_20260601_111921,clip_001,1,listen,,1.4997,245632.0,raspberry_pi_seeed_gsr,"245632,1.4997"
2026-06-01T11:19:57.562,hardware_check,self_20260601_111921,clip_001,1,listen,,1.5021,245653.0,raspberry_pi_seeed_gsr,"245653,1.5021"
2026-06-01T11:19:57.563,hardware_check,self_20260601_111921,clip_001,1,listen,,1.4884,245674.0,raspberry_pi_seeed_gsr,"245674,1.4884"
2026-06-01T11:19:57.581,hardware_check,self_20260601_111921,clip_001,1,listen,,1.4965,245695.0,raspberry_pi_seeed_gsr,"245695,1.4965"
2026-06-01T11:19:57.602,hardware_check,self_20260601_111921,clip_001,1,listen,,1.4933,245716.0,raspberry_pi_seeed_gsr,"245716,1.4933"
2026-06-01T11:19:57.623,hardware_check,self_20260601_111921,clip_001,1,listen,,1.5046,245737.0,raspberry_pi_seeed_gsr,"245737,1.5046"
2026-06-01T11:19:57.644,hardware_check,self_20260601_111921,clip_001,1,listen,,1.4965,245758.0,raspberry_pi_seeed_gsr,"245758,1.4965"
2026-06-01T11:19:57.665,hardware_check,self_20260601_111921,clip_001,1,listen,,1.4965,245779.0,raspberry_pi_seeed_gsr,"245779,1.4965"
2026-06-01T11:19:57.686,hardware_check,self_20260601_111921,clip_001,1,listen,,1.49,245800.0,raspberry_pi_seeed_gsr,"245800,1.4900"
2026-06-01T11:19:57.707,hardware_check,self_20260601_111921,clip_001,1,listen,,1.4957,245821.0,raspberry_pi_seeed_gsr,"245821,1.4957"
2026-06-01T11:19:57.729,hardware_check,self_20260601_111921,clip_001,1,listen,,1.5046,245842.0,raspberry_pi_seeed_gsr,"245842,1.5046"
2026-06-01T11:19:57.750,hardware_check,self_20260601_111921,clip_001,1,listen,,1.4941,245863.0,raspberry_pi_seeed_gsr,"245863,1.4941"
2026-06-01T11:19:57.771,hardware_check,self_20260601_111921,clip_001,1,listen,,1.4836,245884.0,raspberry_pi_seeed_gsr,"245884,1.4836"
2026-06-01T11:19:57.816,hardware_check,self_20260601_111921,clip_001,1,listen,,1.4868,245905.0,raspberry_pi_seeed_gsr,"245905,1.4868"
2026-06-01T11:19:57.817,hardware_check,self_20260601_111921,clip_001,1,listen,,1.4909,245926.0,raspberry_pi_seeed_gsr,"245926,1.4909"
2026-06-01T11:19:57.833,hardware_check,self_20260601_111921,clip_001,1,listen,,1.4965,245947.0,raspberry_pi_seeed_gsr,"245947,1.4965"
2026-06-01T11:19:57.854,hardware_check,self_20260601_111921,clip_001,1,listen,,1.4917,245968.0,raspberry_pi_seeed_gsr,"245968,1.4917"
2026-06-01T11:19:57.875,hardware_check,self_20260601_111921,clip_001,1,listen,,1.4941,245989.0,raspberry_pi_seeed_gsr,"245989,1.4941"
2026-06-01T11:19:57.896,hardware_check,self_20260601_111921,clip_001,1,listen,,1.4957,246010.0,raspberry_pi_seeed_gsr,"246010,1.4957"
2026-06-01T11:19:57.917,hardware_check,self_20260601_111921,clip_001,1,listen,,1.486,246031.0,raspberry_pi_seeed_gsr,"246031,1.4860"
2026-06-01T11:19:57.938,hardware_check,self_20260601_111921,clip_001,1,listen,,1.4917,246052.0,raspberry_pi_seeed_gsr,"246052,1.4917"
2026-06-01T11:19:57.960,hardware_check,self_20260601_111921,clip_001,1,listen,,1.4933,246073.0,raspberry_pi_seeed_gsr,"246073,1.4933"
2026-06-01T11:19:57.981,hardware_check,self_20260601_111921,clip_001,1,listen,,1.49,246094.0,raspberry_pi_seeed_gsr,"246094,1.4900"
2026-06-01T11:19:58.002,hardware_check,self_20260601_111921,clip_001,1,listen,,1.4981,246115.0,raspberry_pi_seeed_gsr,"246115,1.4981"
2026-06-01T11:19:58.023,hardware_check,self_20260601_111921,clip_001,1,listen,,1.486,246136.0,raspberry_pi_seeed_gsr,"246136,1.4860"
2026-06-01T11:19:58.068,hardware_check,self_20260601_111921,clip_001,1,listen,,1.4852,246157.0,raspberry_pi_seeed_gsr,"246157,1.4852"
2026-06-01T11:19:58.069,hardware_check,self_20260601_111921,clip_001,1,listen,,1.4997,246178.0,raspberry_pi_seeed_gsr,"246178,1.4997"
2026-06-01T11:19:58.085,hardware_check,self_20260601_111921,clip_001,1,listen,,1.49,246199.0,raspberry_pi_seeed_gsr,"246199,1.4900"
2026-06-01T11:19:58.106,hardware_check,self_20260601_111921,clip_001,1,listen,,1.4941,246220.0,raspberry_pi_seeed_gsr,"246220,1.4941"
2026-06-01T11:19:58.127,hardware_check,self_20260601_111921,clip_001,1,listen,,1.4933,246241.0,raspberry_pi_seeed_gsr,"246241,1.4933"
2026-06-01T11:19:58.148,hardware_check,self_20260601_111921,clip_001,1,listen,,1.5078,246262.0,raspberry_pi_seeed_gsr,"246262,1.5078"
2026-06-01T11:19:58.169,hardware_check,self_20260601_111921,clip_001,1,listen,,1.49,246283.0,raspberry_pi_seeed_gsr,"246283,1.4900"
2026-06-01T11:19:58.190,hardware_check,self_20260601_111921,clip_001,1,listen,,1.4925,246304.0,raspberry_pi_seeed_gsr,"246304,1.4925"
2026-06-01T11:19:58.211,hardware_check,self_20260601_111921,clip_001,1,listen,,1.4917,246325.0,raspberry_pi_seeed_gsr,"246325,1.4917"
2026-06-01T11:19:58.232,hardware_check,self_20260601_111921,clip_001,1,listen,,1.4941,246346.0,raspberry_pi_seeed_gsr,"246346,1.4941"
2026-06-01T11:19:58.255,hardware_check,self_20260601_111921,clip_001,1,listen,,1.4973,246367.0,raspberry_pi_seeed_gsr,"246367,1.4973"
2026-06-01T11:19:58.274,hardware_check,self_20260601_111921,clip_001,1,listen,,1.4933,246388.0,raspberry_pi_seeed_gsr,"246388,1.4933"
2026-06-01T11:19:58.303,hardware_check,self_20260601_111921,clip_001,1,listen,,1.4989,246409.0,raspberry_pi_seeed_gsr,"246409,1.4989"
2026-06-01T11:19:58.316,hardware_check,self_20260601_111921,clip_001,1,listen,,1.4909,246430.0,raspberry_pi_seeed_gsr,"246430,1.4909"
2026-06-01T11:19:58.337,hardware_check,self_20260601_111921,clip_001,1,listen,,1.4844,246451.0,raspberry_pi_seeed_gsr,"246451,1.4844"
2026-06-01T11:19:58.358,hardware_check,self_20260601_111921,clip_001,1,listen,,1.4933,246472.0,raspberry_pi_seeed_gsr,"246472,1.4933"
2026-06-01T11:19:58.379,hardware_check,self_20260601_111921,clip_001,1,listen,,1.4949,246493.0,raspberry_pi_seeed_gsr,"246493,1.4949"
2026-06-01T11:19:58.400,hardware_check,self_20260601_111921,clip_001,1,listen,,1.4925,246514.0,raspberry_pi_seeed_gsr,"246514,1.4925"
2026-06-01T11:19:58.421,hardware_check,self_20260601_111921,clip_001,1,listen,,1.5279,246535.0,raspberry_pi_seeed_gsr,"246535,1.5279"
2026-06-01T11:19:58.442,hardware_check,self_20260601_111921,clip_001,1,listen,,1.4965,246556.0,raspberry_pi_seeed_gsr,"246556,1.4965"
2026-06-01T11:19:58.463,hardware_check,self_20260601_111921,clip_001,1,listen,,1.4981,246577.0,raspberry_pi_seeed_gsr,"246577,1.4981"
2026-06-01T11:19:58.484,hardware_check,self_20260601_111921,clip_001,1,listen,,1.4876,246598.0,raspberry_pi_seeed_gsr,"246598,1.4876"
2026-06-01T11:19:58.505,hardware_check,self_20260601_111921,clip_001,1,listen,,1.4941,246619.0,raspberry_pi_seeed_gsr,"246619,1.4941"
2026-06-01T11:19:58.527,hardware_check,self_20260601_111921,clip_001,1,listen,,1.4909,246640.0,raspberry_pi_seeed_gsr,"246640,1.4909"
2026-06-01T11:19:58.548,hardware_check,self_20260601_111921,clip_001,1,listen,,1.4957,246661.0,raspberry_pi_seeed_gsr,"246661,1.4957"
2026-06-01T11:19:58.596,hardware_check,self_20260601_111921,clip_001,1,listen,,1.4965,246682.0,raspberry_pi_seeed_gsr,"246682,1.4965"
2026-06-01T11:19:58.597,hardware_check,self_20260601_111921,clip_001,1,listen,,1.49,246703.0,raspberry_pi_seeed_gsr,"246703,1.4900"
2026-06-01T11:19:58.610,hardware_check,self_20260601_111921,clip_001,1,listen,,1.5029,246724.0,raspberry_pi_seeed_gsr,"246724,1.5029"
2026-06-01T11:19:58.631,hardware_check,self_20260601_111921,clip_001,1,listen,,1.4828,246745.0,raspberry_pi_seeed_gsr,"246745,1.4828"
2026-06-01T11:19:58.653,hardware_check,self_20260601_111921,clip_001,1,listen,,1.4925,246766.0,raspberry_pi_seeed_gsr,"246766,1.4925"
2026-06-01T11:19:58.673,hardware_check,self_20260601_111921,clip_001,1,listen,,1.4933,246787.0,raspberry_pi_seeed_gsr,"246787,1.4933"
2026-06-01T11:19:58.694,hardware_check,self_20260601_111921,clip_001,1,listen,,1.4909,246808.0,raspberry_pi_seeed_gsr,"246808,1.4909"
2026-06-01T11:19:58.715,hardware_check,self_20260601_111921,clip_001,1,listen,,1.4965,246829.0,raspberry_pi_seeed_gsr,"246829,1.4965"
2026-06-01T11:19:58.736,hardware_check,self_20260601_111921,clip_001,1,listen,,1.5086,246850.0,raspberry_pi_seeed_gsr,"246850,1.5086"
2026-06-01T11:19:58.757,hardware_check,self_20260601_111921,clip_001,1,listen,,1.4989,246871.0,raspberry_pi_seeed_gsr,"246871,1.4989"
2026-06-01T11:19:58.778,hardware_check,self_20260601_111921,clip_001,1,listen,,1.4917,246892.0,raspberry_pi_seeed_gsr,"246892,1.4917"
2026-06-01T11:19:58.800,hardware_check,self_20260601_111921,clip_001,1,listen,,1.4965,246913.0,raspberry_pi_seeed_gsr,"246913,1.4965"
2026-06-01T11:19:58.843,hardware_check,self_20260601_111921,clip_001,1,listen,,1.4933,246934.0,raspberry_pi_seeed_gsr,"246934,1.4933"
2026-06-01T11:19:58.844,hardware_check,self_20260601_111921,clip_001,1,listen,,1.4925,246955.0,raspberry_pi_seeed_gsr,"246955,1.4925"
2026-06-01T11:19:58.862,hardware_check,self_20260601_111921,clip_001,1,listen,,1.4933,246976.0,raspberry_pi_seeed_gsr,"246976,1.4933"
2026-06-01T11:19:58.883,hardware_check,self_20260601_111921,clip_001,1,listen,,1.5005,246997.0,raspberry_pi_seeed_gsr,"246997,1.5005"
2026-06-01T11:19:58.905,hardware_check,self_20260601_111921,clip_001,1,listen,,1.4973,247018.0,raspberry_pi_seeed_gsr,"247018,1.4973"
2026-06-01T11:19:58.925,hardware_check,self_20260601_111921,clip_001,1,listen,,1.5086,247039.0,raspberry_pi_seeed_gsr,"247039,1.5086"
2026-06-01T11:19:58.946,hardware_check,self_20260601_111921,clip_001,1,listen,,1.4965,247060.0,raspberry_pi_seeed_gsr,"247060,1.4965"
2026-06-01T11:19:58.967,hardware_check,self_20260601_111921,clip_001,1,listen,,1.4957,247081.0,raspberry_pi_seeed_gsr,"247081,1.4957"
2026-06-01T11:19:58.988,hardware_check,self_20260601_111921,clip_001,1,listen,,1.4997,247102.0,raspberry_pi_seeed_gsr,"247102,1.4997"
2026-06-01T11:19:59.010,hardware_check,self_20260601_111921,clip_001,1,listen,,1.4981,247123.0,raspberry_pi_seeed_gsr,"247123,1.4981"
2026-06-01T11:19:59.031,hardware_check,self_20260601_111921,clip_001,1,listen,,1.4723,247144.0,raspberry_pi_seeed_gsr,"247144,1.4723"
2026-06-01T11:19:59.052,hardware_check,self_20260601_111921,clip_001,1,listen,,1.511,247165.0,raspberry_pi_seeed_gsr,"247165,1.5110"
2026-06-01T11:19:59.096,hardware_check,self_20260601_111921,clip_001,1,listen,,1.4941,247186.0,raspberry_pi_seeed_gsr,"247186,1.4941"
2026-06-01T11:19:59.097,hardware_check,self_20260601_111921,clip_001,1,listen,,1.4965,247207.0,raspberry_pi_seeed_gsr,"247207,1.4965"
2026-06-01T11:19:59.114,hardware_check,self_20260601_111921,clip_001,1,listen,,1.5013,247228.0,raspberry_pi_seeed_gsr,"247228,1.5013"
2026-06-01T11:19:59.135,hardware_check,self_20260601_111921,clip_001,1,listen,,1.4997,247249.0,raspberry_pi_seeed_gsr,"247249,1.4997"
2026-06-01T11:19:59.156,hardware_check,self_20260601_111921,clip_001,1,listen,,1.5029,247270.0,raspberry_pi_seeed_gsr,"247270,1.5029"
2026-06-01T11:19:59.177,hardware_check,self_20260601_111921,clip_001,1,listen,,1.4957,247291.0,raspberry_pi_seeed_gsr,"247291,1.4957"
2026-06-01T11:19:59.198,hardware_check,self_20260601_111921,clip_001,1,listen,,1.4917,247312.0,raspberry_pi_seeed_gsr,"247312,1.4917"
2026-06-01T11:19:59.219,hardware_check,self_20260601_111921,clip_001,1,listen,,1.5126,247333.0,raspberry_pi_seeed_gsr,"247333,1.5126"
2026-06-01T11:19:59.240,hardware_check,self_20260601_111921,clip_001,1,listen,,1.4933,247354.0,raspberry_pi_seeed_gsr,"247354,1.4933"
2026-06-01T11:19:59.261,hardware_check,self_20260601_111921,clip_001,1,listen,,1.4925,247375.0,raspberry_pi_seeed_gsr,"247375,1.4925"
2026-06-01T11:19:59.282,hardware_check,self_20260601_111921,clip_001,1,listen,,1.4844,247396.0,raspberry_pi_seeed_gsr,"247396,1.4844"
2026-06-01T11:19:59.303,hardware_check,self_20260601_111921,clip_001,1,listen,,1.5134,247417.0,raspberry_pi_seeed_gsr,"247417,1.5134"
2026-06-01T11:19:59.331,hardware_check,self_20260601_111921,clip_001,1,listen,,1.4997,247438.0,raspberry_pi_seeed_gsr,"247438,1.4997"
2026-06-01T11:19:59.345,hardware_check,self_20260601_111921,clip_001,1,listen,,1.49,247459.0,raspberry_pi_seeed_gsr,"247459,1.4900"
2026-06-01T11:19:59.366,hardware_check,self_20260601_111921,clip_001,1,listen,,1.4933,247480.0,raspberry_pi_seeed_gsr,"247480,1.4933"
2026-06-01T11:19:59.387,hardware_check,self_20260601_111921,clip_001,1,listen,,1.49,247501.0,raspberry_pi_seeed_gsr,"247501,1.4900"
2026-06-01T11:19:59.408,hardware_check,self_20260601_111921,clip_001,1,listen,,1.4965,247522.0,raspberry_pi_seeed_gsr,"247522,1.4965"
2026-06-01T11:19:59.429,hardware_check,self_20260601_111921,clip_001,1,listen,,1.4973,247543.0,raspberry_pi_seeed_gsr,"247543,1.4973"
2026-06-01T11:19:59.450,hardware_check,self_20260601_111921,clip_001,1,listen,,1.4965,247564.0,raspberry_pi_seeed_gsr,"247564,1.4965"
2026-06-01T11:19:59.471,hardware_check,self_20260601_111921,clip_001,1,listen,,1.4973,247585.0,raspberry_pi_seeed_gsr,"247585,1.4973"
2026-06-01T11:19:59.492,hardware_check,self_20260601_111921,clip_001,1,listen,,1.49,247606.0,raspberry_pi_seeed_gsr,"247606,1.4900"
2026-06-01T11:19:59.513,hardware_check,self_20260601_111921,clip_001,1,listen,,1.4957,247627.0,raspberry_pi_seeed_gsr,"247627,1.4957"
2026-06-01T11:19:59.534,hardware_check,self_20260601_111921,clip_001,1,listen,,1.4973,247648.0,raspberry_pi_seeed_gsr,"247648,1.4973"
2026-06-01T11:19:59.556,hardware_check,self_20260601_111921,clip_001,1,listen,,1.4957,247669.0,raspberry_pi_seeed_gsr,"247669,1.4957"
2026-06-01T11:19:59.595,hardware_check,self_20260601_111921,clip_001,1,listen,,1.4973,247690.0,raspberry_pi_seeed_gsr,"247690,1.4973"
2026-06-01T11:19:59.597,hardware_check,self_20260601_111921,clip_001,1,listen,,1.4941,247711.0,raspberry_pi_seeed_gsr,"247711,1.4941"
2026-06-01T11:19:59.618,hardware_check,self_20260601_111921,clip_001,1,listen,,1.4965,247732.0,raspberry_pi_seeed_gsr,"247732,1.4965"
2026-06-01T11:19:59.639,hardware_check,self_20260601_111921,clip_001,1,listen,,1.5005,247753.0,raspberry_pi_seeed_gsr,"247753,1.5005"
2026-06-01T11:19:59.660,hardware_check,self_20260601_111921,clip_001,1,listen,,1.4925,247774.0,raspberry_pi_seeed_gsr,"247774,1.4925"
2026-06-01T11:19:59.681,hardware_check,self_20260601_111921,clip_001,1,listen,,1.4909,247795.0,raspberry_pi_seeed_gsr,"247795,1.4909"
2026-06-01T11:19:59.702,hardware_check,self_20260601_111921,clip_001,1,listen,,1.4957,247816.0,raspberry_pi_seeed_gsr,"247816,1.4957"
2026-06-01T11:19:59.723,hardware_check,self_20260601_111921,clip_001,1,listen,,1.49,247837.0,raspberry_pi_seeed_gsr,"247837,1.4900"
2026-06-01T11:19:59.744,hardware_check,self_20260601_111921,clip_001,1,listen,,1.4917,247858.0,raspberry_pi_seeed_gsr,"247858,1.4917"
2026-06-01T11:19:59.766,hardware_check,self_20260601_111921,clip_001,1,listen,,1.5021,247879.0,raspberry_pi_seeed_gsr,"247879,1.5021"
2026-06-01T11:19:59.787,hardware_check,self_20260601_111921,clip_001,1,listen,,1.4933,247900.0,raspberry_pi_seeed_gsr,"247900,1.4933"
2026-06-01T11:19:59.807,hardware_check,self_20260601_111921,clip_001,1,listen,,1.4925,247921.0,raspberry_pi_seeed_gsr,"247921,1.4925"
2026-06-01T11:19:59.852,hardware_check,self_20260601_111921,clip_001,1,listen,,1.4933,247942.0,raspberry_pi_seeed_gsr,"247942,1.4933"
2026-06-01T11:19:59.853,hardware_check,self_20260601_111921,clip_001,1,listen,,1.5102,247963.0,raspberry_pi_seeed_gsr,"247963,1.5102"
2026-06-01T11:19:59.870,hardware_check,self_20260601_111921,clip_001,1,listen,,1.4941,247984.0,raspberry_pi_seeed_gsr,"247984,1.4941"
2026-06-01T11:19:59.891,hardware_check,self_20260601_111921,clip_001,1,listen,,1.4997,248005.0,raspberry_pi_seeed_gsr,"248005,1.4997"
2026-06-01T11:19:59.912,hardware_check,self_20260601_111921,clip_001,1,listen,,1.4909,248026.0,raspberry_pi_seeed_gsr,"248026,1.4909"
2026-06-01T11:19:59.933,hardware_check,self_20260601_111921,clip_001,1,listen,,1.5005,248047.0,raspberry_pi_seeed_gsr,"248047,1.5005"
2026-06-01T11:19:59.954,hardware_check,self_20260601_111921,clip_001,1,listen,,1.4925,248068.0,raspberry_pi_seeed_gsr,"248068,1.4925"
2026-06-01T11:19:59.976,hardware_check,self_20260601_111921,clip_001,1,listen,,1.4925,248089.0,raspberry_pi_seeed_gsr,"248089,1.4925"
2026-06-01T11:19:59.996,hardware_check,self_20260601_111921,clip_001,1,listen,,1.4997,248110.0,raspberry_pi_seeed_gsr,"248110,1.4997"
2026-06-01T11:20:00.017,hardware_check,self_20260601_111921,clip_001,1,listen,,1.4925,248131.0,raspberry_pi_seeed_gsr,"248131,1.4925"
2026-06-01T11:20:00.039,hardware_check,self_20260601_111921,clip_001,1,listen,,1.4933,248152.0,raspberry_pi_seeed_gsr,"248152,1.4933"
2026-06-01T11:20:00.060,hardware_check,self_20260601_111921,clip_001,1,listen,,1.4941,248173.0,raspberry_pi_seeed_gsr,"248173,1.4941"
2026-06-01T11:20:00.103,hardware_check,self_20260601_111921,clip_001,1,listen,,1.4957,248194.0,raspberry_pi_seeed_gsr,"248194,1.4957"
2026-06-01T11:20:00.104,hardware_check,self_20260601_111921,clip_001,1,listen,,1.4973,248215.0,raspberry_pi_seeed_gsr,"248215,1.4973"
2026-06-01T11:20:00.122,hardware_check,self_20260601_111921,clip_001,1,listen,,1.4957,248236.0,raspberry_pi_seeed_gsr,"248236,1.4957"
2026-06-01T11:20:00.143,hardware_check,self_20260601_111921,clip_001,1,listen,,1.486,248257.0,raspberry_pi_seeed_gsr,"248257,1.4860"
2026-06-01T11:20:00.164,hardware_check,self_20260601_111921,clip_001,1,listen,,1.4941,248278.0,raspberry_pi_seeed_gsr,"248278,1.4941"
2026-06-01T11:20:00.185,hardware_check,self_20260601_111921,clip_001,1,listen,,1.4933,248299.0,raspberry_pi_seeed_gsr,"248299,1.4933"
2026-06-01T11:20:00.206,hardware_check,self_20260601_111921,clip_001,1,listen,,1.4989,248320.0,raspberry_pi_seeed_gsr,"248320,1.4989"
2026-06-01T11:20:00.227,hardware_check,self_20260601_111921,clip_001,1,listen,,1.4949,248341.0,raspberry_pi_seeed_gsr,"248341,1.4949"
2026-06-01T11:20:00.248,hardware_check,self_20260601_111921,clip_001,1,listen,,1.5005,248362.0,raspberry_pi_seeed_gsr,"248362,1.5005"
2026-06-01T11:20:00.269,hardware_check,self_20260601_111921,clip_001,1,listen,,1.4844,248383.0,raspberry_pi_seeed_gsr,"248383,1.4844"
2026-06-01T11:20:00.290,hardware_check,self_20260601_111921,clip_001,1,listen,,1.5094,248404.0,raspberry_pi_seeed_gsr,"248404,1.5094"
2026-06-01T11:20:00.311,hardware_check,self_20260601_111921,clip_001,1,listen,,1.5062,248425.0,raspberry_pi_seeed_gsr,"248425,1.5062"
2026-06-01T11:20:00.339,hardware_check,self_20260601_111921,clip_001,1,listen,,1.4965,248446.0,raspberry_pi_seeed_gsr,"248446,1.4965"
2026-06-01T11:20:00.353,hardware_check,self_20260601_111921,clip_001,1,listen,,1.4941,248467.0,raspberry_pi_seeed_gsr,"248467,1.4941"
2026-06-01T11:20:00.374,hardware_check,self_20260601_111921,clip_001,1,listen,,1.4941,248488.0,raspberry_pi_seeed_gsr,"248488,1.4941"
2026-06-01T11:20:00.395,hardware_check,self_20260601_111921,clip_001,1,listen,,1.5029,248509.0,raspberry_pi_seeed_gsr,"248509,1.5029"
2026-06-01T11:20:00.416,hardware_check,self_20260601_111921,clip_001,1,listen,,1.4965,248530.0,raspberry_pi_seeed_gsr,"248530,1.4965"
2026-06-01T11:20:00.437,hardware_check,self_20260601_111921,clip_001,1,listen,,1.4941,248551.0,raspberry_pi_seeed_gsr,"248551,1.4941"
2026-06-01T11:20:00.458,hardware_check,self_20260601_111921,clip_001,1,listen,,1.4997,248572.0,raspberry_pi_seeed_gsr,"248572,1.4997"
2026-06-01T11:20:00.479,hardware_check,self_20260601_111921,clip_001,1,listen,,1.4989,248593.0,raspberry_pi_seeed_gsr,"248593,1.4989"
2026-06-01T11:20:00.500,hardware_check,self_20260601_111921,clip_001,1,listen,,1.5054,248614.0,raspberry_pi_seeed_gsr,"248614,1.5054"
2026-06-01T11:20:00.521,hardware_check,self_20260601_111921,clip_001,1,listen,,1.507,248635.0,raspberry_pi_seeed_gsr,"248635,1.5070"
2026-06-01T11:20:00.543,hardware_check,self_20260601_111921,clip_001,1,listen,,1.4957,248656.0,raspberry_pi_seeed_gsr,"248656,1.4957"
2026-06-01T11:20:00.563,hardware_check,self_20260601_111921,clip_001,1,listen,,1.5029,248677.0,raspberry_pi_seeed_gsr,"248677,1.5029"
2026-06-01T11:20:00.609,hardware_check,self_20260601_111921,clip_001,1,listen,,1.4892,248698.0,raspberry_pi_seeed_gsr,"248698,1.4892"
2026-06-01T11:20:00.610,hardware_check,self_20260601_111921,clip_001,1,listen,,1.4989,248719.0,raspberry_pi_seeed_gsr,"248719,1.4989"
2026-06-01T11:20:00.626,hardware_check,self_20260601_111921,clip_001,1,listen,,1.4812,248740.0,raspberry_pi_seeed_gsr,"248740,1.4812"
2026-06-01T11:20:00.647,hardware_check,self_20260601_111921,clip_001,1,listen,,1.4981,248761.0,raspberry_pi_seeed_gsr,"248761,1.4981"
2026-06-01T11:20:00.668,hardware_check,self_20260601_111921,clip_001,1,listen,,1.4997,248782.0,raspberry_pi_seeed_gsr,"248782,1.4997"
2026-06-01T11:20:00.689,hardware_check,self_20260601_111921,clip_001,1,listen,,1.4844,248803.0,raspberry_pi_seeed_gsr,"248803,1.4844"
2026-06-01T11:20:00.710,hardware_check,self_20260601_111921,clip_001,1,listen,,1.4973,248824.0,raspberry_pi_seeed_gsr,"248824,1.4973"
2026-06-01T11:20:00.731,hardware_check,self_20260601_111921,clip_001,1,listen,,1.4957,248845.0,raspberry_pi_seeed_gsr,"248845,1.4957"
2026-06-01T11:20:00.753,hardware_check,self_20260601_111921,clip_001,1,listen,,1.4852,248866.0,raspberry_pi_seeed_gsr,"248866,1.4852"
2026-06-01T11:20:00.774,hardware_check,self_20260601_111921,clip_001,1,listen,,1.4965,248887.0,raspberry_pi_seeed_gsr,"248887,1.4965"
2026-06-01T11:20:00.795,hardware_check,self_20260601_111921,clip_001,1,listen,,1.4933,248908.0,raspberry_pi_seeed_gsr,"248908,1.4933"
2026-06-01T11:20:00.816,hardware_check,self_20260601_111921,clip_001,1,listen,,1.4957,248929.0,raspberry_pi_seeed_gsr,"248929,1.4957"
2026-06-01T11:20:00.862,hardware_check,self_20260601_111921,clip_001,1,listen,,1.4949,248950.0,raspberry_pi_seeed_gsr,"248950,1.4949"
2026-06-01T11:20:00.863,hardware_check,self_20260601_111921,clip_001,1,listen,,1.4917,248971.0,raspberry_pi_seeed_gsr,"248971,1.4917"
2026-06-01T11:20:00.878,hardware_check,self_20260601_111921,clip_001,1,listen,,1.4925,248992.0,raspberry_pi_seeed_gsr,"248992,1.4925"
2026-06-01T11:20:00.899,hardware_check,self_20260601_111921,clip_001,1,listen,,1.4941,249013.0,raspberry_pi_seeed_gsr,"249013,1.4941"
2026-06-01T11:20:00.920,hardware_check,self_20260601_111921,clip_001,1,listen,,1.4957,249034.0,raspberry_pi_seeed_gsr,"249034,1.4957"
2026-06-01T11:20:00.941,hardware_check,self_20260601_111921,clip_001,1,listen,,1.4884,249055.0,raspberry_pi_seeed_gsr,"249055,1.4884"
2026-06-01T11:20:00.962,hardware_check,self_20260601_111921,clip_001,1,listen,,1.4941,249076.0,raspberry_pi_seeed_gsr,"249076,1.4941"
2026-06-01T11:20:00.983,hardware_check,self_20260601_111921,clip_001,1,listen,,1.4957,249097.0,raspberry_pi_seeed_gsr,"249097,1.4957"
2026-06-01T11:20:01.005,hardware_check,self_20260601_111921,clip_001,1,listen,,1.4973,249118.0,raspberry_pi_seeed_gsr,"249118,1.4973"
2026-06-01T11:20:01.025,hardware_check,self_20260601_111921,clip_001,1,listen,,1.4917,249139.0,raspberry_pi_seeed_gsr,"249139,1.4917"
2026-06-01T11:20:01.046,hardware_check,self_20260601_111921,clip_001,1,listen,,1.4876,249160.0,raspberry_pi_seeed_gsr,"249160,1.4876"
2026-06-01T11:20:01.068,hardware_check,self_20260601_111921,clip_001,1,listen,,1.4925,249181.0,raspberry_pi_seeed_gsr,"249181,1.4925"
2026-06-01T11:20:01.111,hardware_check,self_20260601_111921,clip_001,1,listen,,1.486,249202.0,raspberry_pi_seeed_gsr,"249202,1.4860"
2026-06-01T11:20:01.112,hardware_check,self_20260601_111921,clip_001,1,listen,,1.49,249223.0,raspberry_pi_seeed_gsr,"249223,1.4900"
2026-06-01T11:20:01.130,hardware_check,self_20260601_111921,clip_001,1,listen,,1.4917,249244.0,raspberry_pi_seeed_gsr,"249244,1.4917"
2026-06-01T11:20:01.151,hardware_check,self_20260601_111921,clip_001,1,listen,,1.4892,249265.0,raspberry_pi_seeed_gsr,"249265,1.4892"
2026-06-01T11:20:01.172,hardware_check,self_20260601_111921,clip_001,1,listen,,1.4876,249286.0,raspberry_pi_seeed_gsr,"249286,1.4876"
2026-06-01T11:20:01.193,hardware_check,self_20260601_111921,clip_001,1,listen,,1.4941,249307.0,raspberry_pi_seeed_gsr,"249307,1.4941"
2026-06-01T11:20:01.214,hardware_check,self_20260601_111921,clip_001,1,listen,,1.4925,249328.0,raspberry_pi_seeed_gsr,"249328,1.4925"
2026-06-01T11:20:01.235,hardware_check,self_20260601_111921,clip_001,1,listen,,1.4917,249349.0,raspberry_pi_seeed_gsr,"249349,1.4917"
2026-06-01T11:20:01.257,hardware_check,self_20260601_111921,clip_001,1,listen,,1.4917,249370.0,raspberry_pi_seeed_gsr,"249370,1.4917"
2026-06-01T11:20:01.277,hardware_check,self_20260601_111921,clip_001,1,listen,,1.5013,249391.0,raspberry_pi_seeed_gsr,"249391,1.5013"
2026-06-01T11:20:01.298,hardware_check,self_20260601_111921,clip_001,1,listen,,1.4876,249412.0,raspberry_pi_seeed_gsr,"249412,1.4876"
2026-06-01T11:20:01.319,hardware_check,self_20260601_111921,clip_001,1,listen,,1.4876,249433.0,raspberry_pi_seeed_gsr,"249433,1.4876"
2026-06-01T11:20:01.349,hardware_check,self_20260601_111921,clip_001,1,listen,,1.4941,249454.0,raspberry_pi_seeed_gsr,"249454,1.4941"
2026-06-01T11:20:01.361,hardware_check,self_20260601_111921,clip_001,1,listen,,1.4892,249475.0,raspberry_pi_seeed_gsr,"249475,1.4892"
2026-06-01T11:20:01.382,hardware_check,self_20260601_111921,clip_001,1,listen,,1.4981,249496.0,raspberry_pi_seeed_gsr,"249496,1.4981"
2026-06-01T11:20:01.403,hardware_check,self_20260601_111921,clip_001,1,listen,,1.4876,249517.0,raspberry_pi_seeed_gsr,"249517,1.4876"
2026-06-01T11:20:01.424,hardware_check,self_20260601_111921,clip_001,1,listen,,1.4876,249538.0,raspberry_pi_seeed_gsr,"249538,1.4876"
2026-06-01T11:20:01.445,hardware_check,self_20260601_111921,clip_001,1,listen,,1.4917,249559.0,raspberry_pi_seeed_gsr,"249559,1.4917"
2026-06-01T11:20:01.466,hardware_check,self_20260601_111921,clip_001,1,listen,,1.49,249580.0,raspberry_pi_seeed_gsr,"249580,1.4900"
2026-06-01T11:20:01.487,hardware_check,self_20260601_111921,clip_001,1,listen,,1.49,249601.0,raspberry_pi_seeed_gsr,"249601,1.4900"
2026-06-01T11:20:01.508,hardware_check,self_20260601_111921,clip_001,1,listen,,1.4933,249622.0,raspberry_pi_seeed_gsr,"249622,1.4933"
2026-06-01T11:20:01.529,hardware_check,self_20260601_111921,clip_001,1,listen,,1.4933,249643.0,raspberry_pi_seeed_gsr,"249643,1.4933"
2026-06-01T11:20:01.550,hardware_check,self_20260601_111921,clip_001,1,listen,,1.4925,249664.0,raspberry_pi_seeed_gsr,"249664,1.4925"
2026-06-01T11:20:01.571,hardware_check,self_20260601_111921,clip_001,1,listen,,1.4844,249685.0,raspberry_pi_seeed_gsr,"249685,1.4844"
2026-06-01T11:20:01.614,hardware_check,self_20260601_111921,clip_001,1,listen,,1.4892,249706.0,raspberry_pi_seeed_gsr,"249706,1.4892"
2026-06-01T11:20:01.615,hardware_check,self_20260601_111921,clip_001,1,listen,,1.49,249727.0,raspberry_pi_seeed_gsr,"249727,1.4900"
2026-06-01T11:20:01.634,hardware_check,self_20260601_111921,clip_001,1,listen,,1.4925,249748.0,raspberry_pi_seeed_gsr,"249748,1.4925"
2026-06-01T11:20:01.655,hardware_check,self_20260601_111921,clip_001,1,listen,,1.4892,249769.0,raspberry_pi_seeed_gsr,"249769,1.4892"
2026-06-01T11:20:01.676,hardware_check,self_20260601_111921,clip_001,1,listen,,1.4909,249790.0,raspberry_pi_seeed_gsr,"249790,1.4909"
2026-06-01T11:20:01.697,hardware_check,self_20260601_111921,clip_001,1,listen,,1.4844,249811.0,raspberry_pi_seeed_gsr,"249811,1.4844"
2026-06-01T11:20:01.718,hardware_check,self_20260601_111921,clip_001,1,listen,,1.486,249832.0,raspberry_pi_seeed_gsr,"249832,1.4860"
2026-06-01T11:20:01.739,hardware_check,self_20260601_111921,clip_001,1,listen,,1.4876,249853.0,raspberry_pi_seeed_gsr,"249853,1.4876"
2026-06-01T11:20:01.761,hardware_check,self_20260601_111921,clip_001,1,listen,,1.4892,249874.0,raspberry_pi_seeed_gsr,"249874,1.4892"
2026-06-01T11:20:01.781,hardware_check,self_20260601_111921,clip_001,1,listen,,1.4925,249895.0,raspberry_pi_seeed_gsr,"249895,1.4925"
2026-06-01T11:20:01.803,hardware_check,self_20260601_111921,clip_001,1,listen,,1.4933,249916.0,raspberry_pi_seeed_gsr,"249916,1.4933"
2026-06-01T11:20:01.823,hardware_check,self_20260601_111921,clip_001,1,listen,,1.49,249937.0,raspberry_pi_seeed_gsr,"249937,1.4900"
2026-06-01T11:20:01.870,hardware_check,self_20260601_111921,clip_001,1,listen,,1.4949,249958.0,raspberry_pi_seeed_gsr,"249958,1.4949"
2026-06-01T11:20:01.871,hardware_check,self_20260601_111921,clip_001,1,listen,,1.4909,249979.0,raspberry_pi_seeed_gsr,"249979,1.4909"
2026-06-01T11:20:01.886,hardware_check,self_20260601_111921,clip_001,1,listen,,1.49,250000.0,raspberry_pi_seeed_gsr,"250000,1.4900"
2026-06-01T11:20:01.907,hardware_check,self_20260601_111921,clip_001,1,listen,,1.4933,250021.0,raspberry_pi_seeed_gsr,"250021,1.4933"
2026-06-01T11:20:01.928,hardware_check,self_20260601_111921,clip_001,1,listen,,1.4933,250042.0,raspberry_pi_seeed_gsr,"250042,1.4933"
2026-06-01T11:20:01.949,hardware_check,self_20260601_111921,clip_001,1,listen,,1.4852,250063.0,raspberry_pi_seeed_gsr,"250063,1.4852"
2026-06-01T11:20:01.970,hardware_check,self_20260601_111921,clip_001,1,listen,,1.4933,250084.0,raspberry_pi_seeed_gsr,"250084,1.4933"
2026-06-01T11:20:01.991,hardware_check,self_20260601_111921,clip_001,1,listen,,1.4667,250105.0,raspberry_pi_seeed_gsr,"250105,1.4667"
2026-06-01T11:20:02.013,hardware_check,self_20260601_111921,clip_001,1,listen,,1.4852,250126.0,raspberry_pi_seeed_gsr,"250126,1.4852"
2026-06-01T11:20:02.034,hardware_check,self_20260601_111921,clip_001,1,listen,,1.4844,250147.0,raspberry_pi_seeed_gsr,"250147,1.4844"
2026-06-01T11:20:02.054,hardware_check,self_20260601_111921,clip_001,1,listen,,1.4965,250168.0,raspberry_pi_seeed_gsr,"250168,1.4965"
2026-06-01T11:20:02.075,hardware_check,self_20260601_111921,clip_001,1,listen,,1.4997,250189.0,raspberry_pi_seeed_gsr,"250189,1.4997"
2026-06-01T11:20:02.115,hardware_check,self_20260601_111921,clip_001,1,listen,,1.4836,250210.0,raspberry_pi_seeed_gsr,"250210,1.4836"
2026-06-01T11:20:02.117,hardware_check,self_20260601_111921,clip_001,1,listen,,1.4957,250231.0,raspberry_pi_seeed_gsr,"250231,1.4957"
2026-06-01T11:20:02.138,hardware_check,self_20260601_111921,clip_001,1,listen,,1.4957,250252.0,raspberry_pi_seeed_gsr,"250252,1.4957"
2026-06-01T11:20:02.159,hardware_check,self_20260601_111921,clip_001,1,listen,,1.4941,250273.0,raspberry_pi_seeed_gsr,"250273,1.4941"
2026-06-01T11:20:02.180,hardware_check,self_20260601_111921,clip_001,1,listen,,1.49,250294.0,raspberry_pi_seeed_gsr,"250294,1.4900"
2026-06-01T11:20:02.201,hardware_check,self_20260601_111921,clip_001,1,listen,,1.4933,250315.0,raspberry_pi_seeed_gsr,"250315,1.4933"
2026-06-01T11:20:02.222,hardware_check,self_20260601_111921,clip_001,1,listen,,1.4933,250336.0,raspberry_pi_seeed_gsr,"250336,1.4933"
2026-06-01T11:20:02.243,hardware_check,self_20260601_111921,clip_001,1,listen,,1.4917,250357.0,raspberry_pi_seeed_gsr,"250357,1.4917"
2026-06-01T11:20:02.265,hardware_check,self_20260601_111921,clip_001,1,listen,,1.4965,250378.0,raspberry_pi_seeed_gsr,"250378,1.4965"
2026-06-01T11:20:02.285,hardware_check,self_20260601_111921,clip_001,1,listen,,1.4965,250399.0,raspberry_pi_seeed_gsr,"250399,1.4965"
2026-06-01T11:20:02.306,hardware_check,self_20260601_111921,clip_001,1,listen,,1.4925,250420.0,raspberry_pi_seeed_gsr,"250420,1.4925"
2026-06-01T11:20:02.327,hardware_check,self_20260601_111921,clip_001,1,listen,,1.4989,250441.0,raspberry_pi_seeed_gsr,"250441,1.4989"
2026-06-01T11:20:02.356,hardware_check,self_20260601_111921,clip_001,1,listen,,1.4868,250462.0,raspberry_pi_seeed_gsr,"250462,1.4868"
2026-06-01T11:20:02.369,hardware_check,self_20260601_111921,clip_001,1,listen,,1.4844,250483.0,raspberry_pi_seeed_gsr,"250483,1.4844"
2026-06-01T11:20:02.390,hardware_check,self_20260601_111921,clip_001,1,listen,,1.4941,250504.0,raspberry_pi_seeed_gsr,"250504,1.4941"
2026-06-01T11:20:02.411,hardware_check,self_20260601_111921,clip_001,1,listen,,1.4933,250525.0,raspberry_pi_seeed_gsr,"250525,1.4933"
2026-06-01T11:20:02.432,hardware_check,self_20260601_111921,clip_001,1,listen,,1.4876,250546.0,raspberry_pi_seeed_gsr,"250546,1.4876"
2026-06-01T11:20:02.453,hardware_check,self_20260601_111921,clip_001,1,listen,,1.4957,250567.0,raspberry_pi_seeed_gsr,"250567,1.4957"
2026-06-01T11:20:02.474,hardware_check,self_20260601_111921,clip_001,1,listen,,1.4909,250588.0,raspberry_pi_seeed_gsr,"250588,1.4909"
2026-06-01T11:20:02.495,hardware_check,self_20260601_111921,clip_001,1,listen,,1.4949,250609.0,raspberry_pi_seeed_gsr,"250609,1.4949"
2026-06-01T11:20:02.516,hardware_check,self_20260601_111921,clip_001,1,listen,,1.486,250630.0,raspberry_pi_seeed_gsr,"250630,1.4860"
2026-06-01T11:20:02.537,hardware_check,self_20260601_111921,clip_001,1,listen,,1.4884,250651.0,raspberry_pi_seeed_gsr,"250651,1.4884"
2026-06-01T11:20:02.559,hardware_check,self_20260601_111921,clip_001,1,listen,,1.482,250672.0,raspberry_pi_seeed_gsr,"250672,1.4820"
2026-06-01T11:20:02.580,hardware_check,self_20260601_111921,clip_001,1,listen,,1.4917,250693.0,raspberry_pi_seeed_gsr,"250693,1.4917"
2026-06-01T11:20:02.624,hardware_check,self_20260601_111921,clip_001,1,listen,,1.4941,250714.0,raspberry_pi_seeed_gsr,"250714,1.4941"
2026-06-01T11:20:02.625,hardware_check,self_20260601_111921,clip_001,1,listen,,1.4957,250735.0,raspberry_pi_seeed_gsr,"250735,1.4957"
2026-06-01T11:20:02.642,hardware_check,self_20260601_111921,clip_001,1,listen,,1.4933,250756.0,raspberry_pi_seeed_gsr,"250756,1.4933"
2026-06-01T11:20:02.663,hardware_check,self_20260601_111921,clip_001,1,listen,,1.49,250777.0,raspberry_pi_seeed_gsr,"250777,1.4900"
2026-06-01T11:20:02.684,hardware_check,self_20260601_111921,clip_001,1,listen,,1.49,250798.0,raspberry_pi_seeed_gsr,"250798,1.4900"
2026-06-01T11:20:02.705,hardware_check,self_20260601_111921,clip_001,1,listen,,1.4917,250819.0,raspberry_pi_seeed_gsr,"250819,1.4917"
2026-06-01T11:20:02.726,hardware_check,self_20260601_111921,clip_001,1,listen,,1.4965,250840.0,raspberry_pi_seeed_gsr,"250840,1.4965"
2026-06-01T11:20:02.747,hardware_check,self_20260601_111921,clip_001,1,listen,,1.4868,250861.0,raspberry_pi_seeed_gsr,"250861,1.4868"
2026-06-01T11:20:02.769,hardware_check,self_20260601_111921,clip_001,1,listen,,1.4941,250882.0,raspberry_pi_seeed_gsr,"250882,1.4941"
2026-06-01T11:20:02.790,hardware_check,self_20260601_111921,clip_001,1,listen,,1.4973,250903.0,raspberry_pi_seeed_gsr,"250903,1.4973"
2026-06-01T11:20:02.811,hardware_check,self_20260601_111921,clip_001,1,listen,,1.4965,250924.0,raspberry_pi_seeed_gsr,"250924,1.4965"
2026-06-01T11:20:02.832,hardware_check,self_20260601_111921,clip_001,1,listen,,1.4917,250945.0,raspberry_pi_seeed_gsr,"250945,1.4917"
2026-06-01T11:20:02.878,hardware_check,self_20260601_111921,clip_001,1,listen,,1.4941,250966.0,raspberry_pi_seeed_gsr,"250966,1.4941"
2026-06-01T11:20:02.879,hardware_check,self_20260601_111921,clip_001,1,listen,,1.4892,250987.0,raspberry_pi_seeed_gsr,"250987,1.4892"
2026-06-01T11:20:02.894,hardware_check,self_20260601_111921,clip_001,1,listen,,1.4764,251008.0,raspberry_pi_seeed_gsr,"251008,1.4764"
2026-06-01T11:20:02.915,hardware_check,self_20260601_111921,clip_001,1,listen,,1.4957,251029.0,raspberry_pi_seeed_gsr,"251029,1.4957"
2026-06-01T11:20:02.936,hardware_check,self_20260601_111921,clip_001,1,listen,,1.4925,251050.0,raspberry_pi_seeed_gsr,"251050,1.4925"
2026-06-01T11:20:02.957,hardware_check,self_20260601_111921,clip_001,1,listen,,1.4933,251071.0,raspberry_pi_seeed_gsr,"251071,1.4933"
2026-06-01T11:20:02.978,hardware_check,self_20260601_111921,clip_001,1,listen,,1.4933,251092.0,raspberry_pi_seeed_gsr,"251092,1.4933"
2026-06-01T11:20:02.999,hardware_check,self_20260601_111921,clip_001,1,listen,,1.4989,251113.0,raspberry_pi_seeed_gsr,"251113,1.4989"
2026-06-01T11:20:03.020,hardware_check,self_20260601_111921,clip_001,1,listen,,1.4651,251134.0,raspberry_pi_seeed_gsr,"251134,1.4651"
2026-06-01T11:20:03.042,hardware_check,self_20260601_111921,clip_001,1,listen,,1.4941,251155.0,raspberry_pi_seeed_gsr,"251155,1.4941"
2026-06-01T11:20:03.063,hardware_check,self_20260601_111921,clip_001,1,listen,,1.4909,251176.0,raspberry_pi_seeed_gsr,"251176,1.4909"
2026-06-01T11:20:03.084,hardware_check,self_20260601_111921,clip_001,1,listen,,1.4989,251197.0,raspberry_pi_seeed_gsr,"251197,1.4989"
2026-06-01T11:20:03.131,hardware_check,self_20260601_111921,clip_001,1,listen,,1.4965,251218.0,raspberry_pi_seeed_gsr,"251218,1.4965"
2026-06-01T11:20:03.132,hardware_check,self_20260601_111921,clip_001,1,listen,,1.4997,251239.0,raspberry_pi_seeed_gsr,"251239,1.4997"
2026-06-01T11:20:03.146,hardware_check,self_20260601_111921,clip_001,1,listen,,1.4941,251260.0,raspberry_pi_seeed_gsr,"251260,1.4941"
2026-06-01T11:20:03.167,hardware_check,self_20260601_111921,clip_001,1,listen,,1.4868,251281.0,raspberry_pi_seeed_gsr,"251281,1.4868"
2026-06-01T11:20:03.188,hardware_check,self_20260601_111921,clip_001,1,listen,,1.4925,251302.0,raspberry_pi_seeed_gsr,"251302,1.4925"
2026-06-01T11:20:03.209,hardware_check,self_20260601_111921,clip_001,1,listen,,1.49,251323.0,raspberry_pi_seeed_gsr,"251323,1.4900"
2026-06-01T11:20:03.230,hardware_check,self_20260601_111921,clip_001,1,listen,,1.5054,251344.0,raspberry_pi_seeed_gsr,"251344,1.5054"
2026-06-01T11:20:03.251,hardware_check,self_20260601_111921,clip_001,1,listen,,1.4973,251365.0,raspberry_pi_seeed_gsr,"251365,1.4973"
2026-06-01T11:20:03.272,hardware_check,self_20260601_111921,clip_001,1,listen,,1.4941,251386.0,raspberry_pi_seeed_gsr,"251386,1.4941"
2026-06-01T11:20:03.293,hardware_check,self_20260601_111921,clip_001,1,listen,,1.4941,251407.0,raspberry_pi_seeed_gsr,"251407,1.4941"
2026-06-01T11:20:03.314,hardware_check,self_20260601_111921,clip_001,1,listen,,1.4933,251428.0,raspberry_pi_seeed_gsr,"251428,1.4933"
2026-06-01T11:20:03.335,hardware_check,self_20260601_111921,clip_001,1,listen,,1.4957,251449.0,raspberry_pi_seeed_gsr,"251449,1.4957"
2026-06-01T11:20:03.356,hardware_check,self_20260601_111921,clip_001,1,listen,,1.4892,251470.0,raspberry_pi_seeed_gsr,"251470,1.4892"
2026-06-01T11:20:03.380,hardware_check,self_20260601_111921,clip_001,1,listen,,1.4981,251491.0,raspberry_pi_seeed_gsr,"251491,1.4981"
2026-06-01T11:20:03.398,hardware_check,self_20260601_111921,clip_001,1,listen,,1.4925,251512.0,raspberry_pi_seeed_gsr,"251512,1.4925"
2026-06-01T11:20:03.419,hardware_check,self_20260601_111921,clip_001,1,listen,,1.4981,251533.0,raspberry_pi_seeed_gsr,"251533,1.4981"
2026-06-01T11:20:03.440,hardware_check,self_20260601_111921,clip_001,1,listen,,1.4957,251554.0,raspberry_pi_seeed_gsr,"251554,1.4957"
2026-06-01T11:20:03.461,hardware_check,self_20260601_111921,clip_001,1,listen,,1.5094,251575.0,raspberry_pi_seeed_gsr,"251575,1.5094"
2026-06-01T11:20:03.482,hardware_check,self_20260601_111921,clip_001,1,listen,,1.4973,251596.0,raspberry_pi_seeed_gsr,"251596,1.4973"
2026-06-01T11:20:03.503,hardware_check,self_20260601_111921,clip_001,1,listen,,1.4844,251617.0,raspberry_pi_seeed_gsr,"251617,1.4844"
2026-06-01T11:20:03.524,hardware_check,self_20260601_111921,clip_001,1,listen,,1.4852,251638.0,raspberry_pi_seeed_gsr,"251638,1.4852"
2026-06-01T11:20:03.545,hardware_check,self_20260601_111921,clip_001,1,listen,,1.4965,251659.0,raspberry_pi_seeed_gsr,"251659,1.4965"
2026-06-01T11:20:03.566,hardware_check,self_20260601_111921,clip_001,1,listen,,1.4941,251680.0,raspberry_pi_seeed_gsr,"251680,1.4941"
2026-06-01T11:20:03.588,hardware_check,self_20260601_111921,clip_001,1,listen,,1.4997,251701.0,raspberry_pi_seeed_gsr,"251701,1.4997"
2026-06-01T11:20:03.608,hardware_check,self_20260601_111921,clip_001,1,listen,,1.4917,251722.0,raspberry_pi_seeed_gsr,"251722,1.4917"
2026-06-01T11:20:03.648,hardware_check,self_20260601_111921,clip_001,1,listen,,1.4965,251743.0,raspberry_pi_seeed_gsr,"251743,1.4965"
2026-06-01T11:20:03.650,hardware_check,self_20260601_111921,clip_001,1,listen,,1.4965,251764.0,raspberry_pi_seeed_gsr,"251764,1.4965"
2026-06-01T11:20:03.671,hardware_check,self_20260601_111921,clip_001,1,listen,,1.4941,251785.0,raspberry_pi_seeed_gsr,"251785,1.4941"
2026-06-01T11:20:03.692,hardware_check,self_20260601_111921,clip_001,1,listen,,1.4989,251806.0,raspberry_pi_seeed_gsr,"251806,1.4989"
2026-06-01T11:20:03.713,hardware_check,self_20260601_111921,clip_001,1,listen,,1.5037,251827.0,raspberry_pi_seeed_gsr,"251827,1.5037"
2026-06-01T11:20:03.734,hardware_check,self_20260601_111921,clip_001,1,listen,,1.4909,251848.0,raspberry_pi_seeed_gsr,"251848,1.4909"
2026-06-01T11:20:03.755,hardware_check,self_20260601_111921,clip_001,1,listen,,1.4917,251869.0,raspberry_pi_seeed_gsr,"251869,1.4917"
2026-06-01T11:20:03.777,hardware_check,self_20260601_111921,clip_001,1,listen,,1.4892,251890.0,raspberry_pi_seeed_gsr,"251890,1.4892"
2026-06-01T11:20:03.798,hardware_check,self_20260601_111921,clip_001,1,listen,,1.5005,251911.0,raspberry_pi_seeed_gsr,"251911,1.5005"
2026-06-01T11:20:03.819,hardware_check,self_20260601_111921,clip_001,1,listen,,1.4892,251932.0,raspberry_pi_seeed_gsr,"251932,1.4892"
2026-06-01T11:20:03.840,hardware_check,self_20260601_111921,clip_001,1,listen,,1.4981,251953.0,raspberry_pi_seeed_gsr,"251953,1.4981"
2026-06-01T11:20:03.861,hardware_check,self_20260601_111921,clip_001,1,listen,,1.4997,251974.0,raspberry_pi_seeed_gsr,"251974,1.4997"
2026-06-01T11:20:03.904,hardware_check,self_20260601_111921,clip_001,1,listen,,1.4917,251995.0,raspberry_pi_seeed_gsr,"251995,1.4917"
2026-06-01T11:20:03.905,hardware_check,self_20260601_111921,clip_001,1,listen,,1.4973,252016.0,raspberry_pi_seeed_gsr,"252016,1.4973"
2026-06-01T11:20:03.923,hardware_check,self_20260601_111921,clip_001,1,listen,,1.5005,252037.0,raspberry_pi_seeed_gsr,"252037,1.5005"
2026-06-01T11:20:03.944,hardware_check,self_20260601_111921,clip_001,1,listen,,1.4941,252058.0,raspberry_pi_seeed_gsr,"252058,1.4941"
2026-06-01T11:20:03.965,hardware_check,self_20260601_111921,clip_001,1,listen,,1.5037,252079.0,raspberry_pi_seeed_gsr,"252079,1.5037"
2026-06-01T11:20:03.986,hardware_check,self_20260601_111921,clip_001,1,listen,,1.4925,252100.0,raspberry_pi_seeed_gsr,"252100,1.4925"
2026-06-01T11:20:04.007,hardware_check,self_20260601_111921,clip_001,1,listen,,1.4957,252121.0,raspberry_pi_seeed_gsr,"252121,1.4957"
2026-06-01T11:20:04.029,hardware_check,self_20260601_111921,clip_001,1,listen,,1.4941,252142.0,raspberry_pi_seeed_gsr,"252142,1.4941"
2026-06-01T11:20:04.049,hardware_check,self_20260601_111921,clip_001,1,listen,,1.49,252163.0,raspberry_pi_seeed_gsr,"252163,1.4900"
2026-06-01T11:20:04.071,hardware_check,self_20260601_111921,clip_001,1,listen,,1.4941,252184.0,raspberry_pi_seeed_gsr,"252184,1.4941"
2026-06-01T11:20:04.091,hardware_check,self_20260601_111921,clip_001,1,listen,,1.4844,252205.0,raspberry_pi_seeed_gsr,"252205,1.4844"
2026-06-01T11:20:04.113,hardware_check,self_20260601_111921,clip_001,1,listen,,1.4965,252226.0,raspberry_pi_seeed_gsr,"252226,1.4965"
2026-06-01T11:20:04.156,hardware_check,self_20260601_111921,clip_001,1,listen,,1.486,252247.0,raspberry_pi_seeed_gsr,"252247,1.4860"
2026-06-01T11:20:04.157,hardware_check,self_20260601_111921,clip_001,1,listen,,1.4973,252268.0,raspberry_pi_seeed_gsr,"252268,1.4973"
2026-06-01T11:20:04.175,hardware_check,self_20260601_111921,clip_001,1,listen,,1.4973,252289.0,raspberry_pi_seeed_gsr,"252289,1.4973"
2026-06-01T11:20:04.196,hardware_check,self_20260601_111921,clip_001,1,listen,,1.4981,252310.0,raspberry_pi_seeed_gsr,"252310,1.4981"
2026-06-01T11:20:04.217,hardware_check,self_20260601_111921,clip_001,1,listen,,1.4989,252331.0,raspberry_pi_seeed_gsr,"252331,1.4989"
2026-06-01T11:20:04.238,hardware_check,self_20260601_111921,clip_001,1,listen,,1.4925,252352.0,raspberry_pi_seeed_gsr,"252352,1.4925"
2026-06-01T11:20:04.259,hardware_check,self_20260601_111921,clip_001,1,listen,,1.5005,252373.0,raspberry_pi_seeed_gsr,"252373,1.5005"
2026-06-01T11:20:04.280,hardware_check,self_20260601_111921,clip_001,1,listen,,1.4949,252394.0,raspberry_pi_seeed_gsr,"252394,1.4949"
2026-06-01T11:20:04.301,hardware_check,self_20260601_111921,clip_001,1,listen,,1.4997,252415.0,raspberry_pi_seeed_gsr,"252415,1.4997"
2026-06-01T11:20:04.322,hardware_check,self_20260601_111921,clip_001,1,listen,,1.4949,252436.0,raspberry_pi_seeed_gsr,"252436,1.4949"
2026-06-01T11:20:04.343,hardware_check,self_20260601_111921,clip_001,1,listen,,1.4997,252457.0,raspberry_pi_seeed_gsr,"252457,1.4997"
2026-06-01T11:20:04.364,hardware_check,self_20260601_111921,clip_001,1,listen,,1.5005,252478.0,raspberry_pi_seeed_gsr,"252478,1.5005"
2026-06-01T11:20:04.417,hardware_check,self_20260601_111921,clip_001,1,listen,,1.5062,252499.0,raspberry_pi_seeed_gsr,"252499,1.5062"
2026-06-01T11:20:04.418,hardware_check,self_20260601_111921,clip_001,1,listen,,1.4997,252520.0,raspberry_pi_seeed_gsr,"252520,1.4997"
2026-06-01T11:20:04.427,hardware_check,self_20260601_111921,clip_001,1,listen,,1.486,252541.0,raspberry_pi_seeed_gsr,"252541,1.4860"
2026-06-01T11:20:04.448,hardware_check,self_20260601_111921,clip_001,1,listen,,1.4973,252562.0,raspberry_pi_seeed_gsr,"252562,1.4973"
2026-06-01T11:20:04.469,hardware_check,self_20260601_111921,clip_001,1,listen,,1.4957,252583.0,raspberry_pi_seeed_gsr,"252583,1.4957"
2026-06-01T11:20:04.490,hardware_check,self_20260601_111921,clip_001,1,listen,,1.5021,252604.0,raspberry_pi_seeed_gsr,"252604,1.5021"
2026-06-01T11:20:04.511,hardware_check,self_20260601_111921,clip_001,1,listen,,1.4925,252625.0,raspberry_pi_seeed_gsr,"252625,1.4925"
2026-06-01T11:20:04.533,hardware_check,self_20260601_111921,clip_001,1,listen,,1.4917,252646.0,raspberry_pi_seeed_gsr,"252646,1.4917"
2026-06-01T11:20:04.553,hardware_check,self_20260601_111921,clip_001,1,listen,,1.4997,252667.0,raspberry_pi_seeed_gsr,"252667,1.4997"
2026-06-01T11:20:04.574,hardware_check,self_20260601_111921,clip_001,1,listen,,1.4876,252688.0,raspberry_pi_seeed_gsr,"252688,1.4876"
2026-06-01T11:20:04.595,hardware_check,self_20260601_111921,clip_001,1,listen,,1.4957,252709.0,raspberry_pi_seeed_gsr,"252709,1.4957"
2026-06-01T11:20:04.617,hardware_check,self_20260601_111921,clip_001,1,listen,,1.4973,252730.0,raspberry_pi_seeed_gsr,"252730,1.4973"
2026-06-01T11:20:04.656,hardware_check,self_20260601_111921,clip_001,1,listen,,1.486,252751.0,raspberry_pi_seeed_gsr,"252751,1.4860"
2026-06-01T11:20:04.658,hardware_check,self_20260601_111921,clip_001,1,listen,,1.4989,252772.0,raspberry_pi_seeed_gsr,"252772,1.4989"
2026-06-01T11:20:04.679,hardware_check,self_20260601_111921,clip_001,1,listen,,1.4981,252793.0,raspberry_pi_seeed_gsr,"252793,1.4981"
2026-06-01T11:20:04.700,hardware_check,self_20260601_111921,clip_001,1,listen,,1.4965,252814.0,raspberry_pi_seeed_gsr,"252814,1.4965"
2026-06-01T11:20:04.721,hardware_check,self_20260601_111921,clip_001,1,listen,,1.4852,252835.0,raspberry_pi_seeed_gsr,"252835,1.4852"
2026-06-01T11:20:04.742,hardware_check,self_20260601_111921,clip_001,1,listen,,1.4957,252856.0,raspberry_pi_seeed_gsr,"252856,1.4957"
2026-06-01T11:20:04.763,hardware_check,self_20260601_111921,clip_001,1,listen,,1.4981,252877.0,raspberry_pi_seeed_gsr,"252877,1.4981"
2026-06-01T11:20:04.785,hardware_check,self_20260601_111921,clip_001,1,listen,,1.4933,252898.0,raspberry_pi_seeed_gsr,"252898,1.4933"
2026-06-01T11:20:04.806,hardware_check,self_20260601_111921,clip_001,1,listen,,1.4973,252919.0,raspberry_pi_seeed_gsr,"252919,1.4973"
2026-06-01T11:20:04.827,hardware_check,self_20260601_111921,clip_001,1,listen,,1.4909,252940.0,raspberry_pi_seeed_gsr,"252940,1.4909"
2026-06-01T11:20:04.848,hardware_check,self_20260601_111921,clip_001,1,listen,,1.4965,252961.0,raspberry_pi_seeed_gsr,"252961,1.4965"
2026-06-01T11:20:04.869,hardware_check,self_20260601_111921,clip_001,1,listen,,1.4925,252982.0,raspberry_pi_seeed_gsr,"252982,1.4925"
2026-06-01T11:20:04.915,hardware_check,self_20260601_111921,clip_001,1,listen,,1.4868,253003.0,raspberry_pi_seeed_gsr,"253003,1.4868"
2026-06-01T11:20:04.916,hardware_check,self_20260601_111921,clip_001,1,listen,,1.4941,253024.0,raspberry_pi_seeed_gsr,"253024,1.4941"
2026-06-01T11:20:04.931,hardware_check,self_20260601_111921,clip_001,1,listen,,1.4973,253045.0,raspberry_pi_seeed_gsr,"253045,1.4973"
2026-06-01T11:20:04.952,hardware_check,self_20260601_111921,clip_001,1,listen,,1.4973,253066.0,raspberry_pi_seeed_gsr,"253066,1.4973"
2026-06-01T11:20:04.973,hardware_check,self_20260601_111921,clip_001,1,listen,,1.4973,253087.0,raspberry_pi_seeed_gsr,"253087,1.4973"
2026-06-01T11:20:04.994,hardware_check,self_20260601_111921,clip_001,1,listen,,1.4989,253108.0,raspberry_pi_seeed_gsr,"253108,1.4989"
2026-06-01T11:20:05.015,hardware_check,self_20260601_111921,clip_001,1,listen,,1.4949,253129.0,raspberry_pi_seeed_gsr,"253129,1.4949"
2026-06-01T11:20:05.036,hardware_check,self_20260601_111921,clip_001,1,listen,,1.5029,253150.0,raspberry_pi_seeed_gsr,"253150,1.5029"
2026-06-01T11:20:05.057,hardware_check,self_20260601_111921,clip_001,1,listen,,1.4981,253171.0,raspberry_pi_seeed_gsr,"253171,1.4981"
2026-06-01T11:20:05.078,hardware_check,self_20260601_111921,clip_001,1,listen,,1.4925,253192.0,raspberry_pi_seeed_gsr,"253192,1.4925"
2026-06-01T11:20:05.099,hardware_check,self_20260601_111921,clip_001,1,listen,,1.4981,253213.0,raspberry_pi_seeed_gsr,"253213,1.4981"
2026-06-01T11:20:05.120,hardware_check,self_20260601_111921,clip_001,1,listen,,1.4973,253234.0,raspberry_pi_seeed_gsr,"253234,1.4973"
2026-06-01T11:20:05.157,hardware_check,self_20260601_111921,clip_001,1,listen,,1.4957,253255.0,raspberry_pi_seeed_gsr,"253255,1.4957"
2026-06-01T11:20:05.162,hardware_check,self_20260601_111921,clip_001,1,listen,,1.4965,253276.0,raspberry_pi_seeed_gsr,"253276,1.4965"
2026-06-01T11:20:05.183,hardware_check,self_20260601_111921,clip_001,1,listen,,1.4957,253297.0,raspberry_pi_seeed_gsr,"253297,1.4957"
2026-06-01T11:20:05.204,hardware_check,self_20260601_111921,clip_001,1,listen,,1.5102,253318.0,raspberry_pi_seeed_gsr,"253318,1.5102"
2026-06-01T11:20:05.226,hardware_check,self_20260601_111921,clip_001,1,listen,,1.5005,253339.0,raspberry_pi_seeed_gsr,"253339,1.5005"
2026-06-01T11:20:05.246,hardware_check,self_20260601_111921,clip_001,1,listen,,1.4973,253360.0,raspberry_pi_seeed_gsr,"253360,1.4973"
2026-06-01T11:20:05.268,hardware_check,self_20260601_111921,clip_001,1,listen,,1.5029,253381.0,raspberry_pi_seeed_gsr,"253381,1.5029"
2026-06-01T11:20:05.288,hardware_check,self_20260601_111921,clip_001,1,listen,,1.4973,253402.0,raspberry_pi_seeed_gsr,"253402,1.4973"
2026-06-01T11:20:05.309,hardware_check,self_20260601_111921,clip_001,1,listen,,1.5037,253423.0,raspberry_pi_seeed_gsr,"253423,1.5037"
2026-06-01T11:20:05.330,hardware_check,self_20260601_111921,clip_001,1,listen,,1.4892,253444.0,raspberry_pi_seeed_gsr,"253444,1.4892"
2026-06-01T11:20:05.351,hardware_check,self_20260601_111921,clip_001,1,listen,,1.4997,253465.0,raspberry_pi_seeed_gsr,"253465,1.4997"
2026-06-01T11:20:05.373,hardware_check,self_20260601_111921,clip_001,1,listen,,1.5046,253486.0,raspberry_pi_seeed_gsr,"253486,1.5046"
2026-06-01T11:20:05.399,hardware_check,self_20260601_111921,clip_001,1,listen,,1.5046,253507.0,raspberry_pi_seeed_gsr,"253507,1.5046"
2026-06-01T11:20:05.414,hardware_check,self_20260601_111921,clip_001,1,listen,,1.4997,253528.0,raspberry_pi_seeed_gsr,"253528,1.4997"
2026-06-01T11:20:05.435,hardware_check,self_20260601_111921,clip_001,1,listen,,1.4981,253549.0,raspberry_pi_seeed_gsr,"253549,1.4981"
2026-06-01T11:20:05.456,hardware_check,self_20260601_111921,clip_001,1,listen,,1.5037,253570.0,raspberry_pi_seeed_gsr,"253570,1.5037"
2026-06-01T11:20:05.477,hardware_check,self_20260601_111921,clip_001,1,listen,,1.4989,253591.0,raspberry_pi_seeed_gsr,"253591,1.4989"
2026-06-01T11:20:05.498,hardware_check,self_20260601_111921,clip_001,1,listen,,1.507,253612.0,raspberry_pi_seeed_gsr,"253612,1.5070"
2026-06-01T11:20:05.519,hardware_check,self_20260601_111921,clip_001,1,listen,,1.5062,253633.0,raspberry_pi_seeed_gsr,"253633,1.5062"
2026-06-01T11:20:05.540,hardware_check,self_20260601_111921,clip_001,1,listen,,1.4981,253654.0,raspberry_pi_seeed_gsr,"253654,1.4981"
2026-06-01T11:20:05.561,hardware_check,self_20260601_111921,clip_001,1,listen,,1.4997,253675.0,raspberry_pi_seeed_gsr,"253675,1.4997"
2026-06-01T11:20:05.582,hardware_check,self_20260601_111921,clip_001,1,listen,,1.5005,253696.0,raspberry_pi_seeed_gsr,"253696,1.5005"
2026-06-01T11:20:05.604,hardware_check,self_20260601_111921,clip_001,1,listen,,1.5005,253717.0,raspberry_pi_seeed_gsr,"253717,1.5005"
2026-06-01T11:20:05.625,hardware_check,self_20260601_111921,clip_001,1,listen,,1.5046,253738.0,raspberry_pi_seeed_gsr,"253738,1.5046"
2026-06-01T11:20:05.669,hardware_check,self_20260601_111921,clip_001,1,listen,,1.5037,253759.0,raspberry_pi_seeed_gsr,"253759,1.5037"
2026-06-01T11:20:05.670,hardware_check,self_20260601_111921,clip_001,1,listen,,1.5062,253780.0,raspberry_pi_seeed_gsr,"253780,1.5062"
2026-06-01T11:20:05.687,hardware_check,self_20260601_111921,clip_001,1,listen,,1.5021,253801.0,raspberry_pi_seeed_gsr,"253801,1.5021"
2026-06-01T11:20:05.708,hardware_check,self_20260601_111921,clip_001,1,listen,,1.4997,253822.0,raspberry_pi_seeed_gsr,"253822,1.4997"
2026-06-01T11:20:05.731,hardware_check,self_20260601_111921,clip_001,1,listen,,1.4989,253843.0,raspberry_pi_seeed_gsr,"253843,1.4989"
2026-06-01T11:20:05.750,hardware_check,self_20260601_111921,clip_001,1,listen,,1.5416,253864.0,raspberry_pi_seeed_gsr,"253864,1.5416"
2026-06-01T11:20:05.771,hardware_check,self_20260601_111921,clip_001,1,listen,,1.5046,253885.0,raspberry_pi_seeed_gsr,"253885,1.5046"
2026-06-01T11:20:05.792,hardware_check,self_20260601_111921,clip_001,1,listen,,1.5005,253906.0,raspberry_pi_seeed_gsr,"253906,1.5005"
2026-06-01T11:20:05.814,hardware_check,self_20260601_111921,clip_001,1,listen,,1.5037,253927.0,raspberry_pi_seeed_gsr,"253927,1.5037"
2026-06-01T11:20:05.835,hardware_check,self_20260601_111921,clip_001,1,listen,,1.5054,253948.0,raspberry_pi_seeed_gsr,"253948,1.5054"
2026-06-01T11:20:05.856,hardware_check,self_20260601_111921,clip_001,1,listen,,1.4997,253969.0,raspberry_pi_seeed_gsr,"253969,1.4997"
2026-06-01T11:20:05.877,hardware_check,self_20260601_111921,clip_001,1,listen,,1.5078,253990.0,raspberry_pi_seeed_gsr,"253990,1.5078"
2026-06-01T11:20:05.910,hardware_check,self_20260601_111921,clip_001,1,listen,,1.5021,254011.0,raspberry_pi_seeed_gsr,"254011,1.5021"
2026-06-01T11:20:05.918,hardware_check,self_20260601_111921,clip_001,1,listen,,1.5062,254032.0,raspberry_pi_seeed_gsr,"254032,1.5062"
2026-06-01T11:20:05.939,hardware_check,self_20260601_111921,clip_001,1,listen,,1.4997,254053.0,raspberry_pi_seeed_gsr,"254053,1.4997"
2026-06-01T11:20:05.960,hardware_check,self_20260601_111921,clip_001,1,listen,,1.4981,254074.0,raspberry_pi_seeed_gsr,"254074,1.4981"
2026-06-01T11:20:05.981,hardware_check,self_20260601_111921,clip_001,1,listen,,1.4989,254095.0,raspberry_pi_seeed_gsr,"254095,1.4989"
2026-06-01T11:20:06.002,hardware_check,self_20260601_111921,clip_001,1,listen,,1.5255,254116.0,raspberry_pi_seeed_gsr,"254116,1.5255"
2026-06-01T11:20:06.023,hardware_check,self_20260601_111921,clip_001,1,listen,,1.5021,254137.0,raspberry_pi_seeed_gsr,"254137,1.5021"
2026-06-01T11:20:06.045,hardware_check,self_20260601_111921,clip_001,1,listen,,1.5029,254158.0,raspberry_pi_seeed_gsr,"254158,1.5029"
2026-06-01T11:20:06.066,hardware_check,self_20260601_111921,clip_001,1,listen,,1.4997,254179.0,raspberry_pi_seeed_gsr,"254179,1.4997"
2026-06-01T11:20:06.087,hardware_check,self_20260601_111921,clip_001,1,listen,,1.4957,254200.0,raspberry_pi_seeed_gsr,"254200,1.4957"
2026-06-01T11:20:06.108,hardware_check,self_20260601_111921,clip_001,1,listen,,1.5005,254221.0,raspberry_pi_seeed_gsr,"254221,1.5005"
2026-06-01T11:20:06.129,hardware_check,self_20260601_111921,clip_001,1,listen,,1.5021,254242.0,raspberry_pi_seeed_gsr,"254242,1.5021"
2026-06-01T11:20:06.166,hardware_check,self_20260601_111921,clip_001,1,listen,,1.5029,254263.0,raspberry_pi_seeed_gsr,"254263,1.5029"
2026-06-01T11:20:06.170,hardware_check,self_20260601_111921,clip_001,1,listen,,1.5037,254284.0,raspberry_pi_seeed_gsr,"254284,1.5037"
2026-06-01T11:20:06.191,hardware_check,self_20260601_111921,clip_001,1,listen,,1.5046,254305.0,raspberry_pi_seeed_gsr,"254305,1.5046"
2026-06-01T11:20:06.212,hardware_check,self_20260601_111921,clip_001,1,listen,,1.5046,254326.0,raspberry_pi_seeed_gsr,"254326,1.5046"
2026-06-01T11:20:06.233,hardware_check,self_20260601_111921,clip_001,1,listen,,1.507,254347.0,raspberry_pi_seeed_gsr,"254347,1.5070"
2026-06-01T11:20:06.254,hardware_check,self_20260601_111921,clip_001,1,listen,,1.4909,254368.0,raspberry_pi_seeed_gsr,"254368,1.4909"
2026-06-01T11:20:06.275,hardware_check,self_20260601_111921,clip_001,1,listen,,1.5062,254389.0,raspberry_pi_seeed_gsr,"254389,1.5062"
2026-06-01T11:20:06.296,hardware_check,self_20260601_111921,clip_001,1,listen,,1.4965,254410.0,raspberry_pi_seeed_gsr,"254410,1.4965"
2026-06-01T11:20:06.318,hardware_check,self_20260601_111921,clip_001,1,listen,,1.5046,254431.0,raspberry_pi_seeed_gsr,"254431,1.5046"
2026-06-01T11:20:06.338,hardware_check,self_20260601_111921,clip_001,1,listen,,1.4973,254452.0,raspberry_pi_seeed_gsr,"254452,1.4973"
2026-06-01T11:20:06.359,hardware_check,self_20260601_111921,clip_001,1,listen,,1.49,254473.0,raspberry_pi_seeed_gsr,"254473,1.4900"
2026-06-01T11:20:06.380,hardware_check,self_20260601_111921,clip_001,1,listen,,1.4997,254494.0,raspberry_pi_seeed_gsr,"254494,1.4997"
2026-06-01T11:20:06.404,hardware_check,self_20260601_111921,clip_001,1,listen,,1.4997,254515.0,raspberry_pi_seeed_gsr,"254515,1.4997"
2026-06-01T11:20:06.422,hardware_check,self_20260601_111921,clip_001,1,listen,,1.4989,254536.0,raspberry_pi_seeed_gsr,"254536,1.4989"
2026-06-01T11:20:06.443,hardware_check,self_20260601_111921,clip_001,1,listen,,1.507,254557.0,raspberry_pi_seeed_gsr,"254557,1.5070"
2026-06-01T11:20:06.464,hardware_check,self_20260601_111921,clip_001,1,listen,,1.4981,254578.0,raspberry_pi_seeed_gsr,"254578,1.4981"
2026-06-01T11:20:06.485,hardware_check,self_20260601_111921,clip_001,1,listen,,1.5094,254599.0,raspberry_pi_seeed_gsr,"254599,1.5094"
2026-06-01T11:20:06.506,hardware_check,self_20260601_111921,clip_001,1,listen,,1.5054,254620.0,raspberry_pi_seeed_gsr,"254620,1.5054"
2026-06-01T11:20:06.527,hardware_check,self_20260601_111921,clip_001,1,listen,,1.5037,254641.0,raspberry_pi_seeed_gsr,"254641,1.5037"
2026-06-01T11:20:06.548,hardware_check,self_20260601_111921,clip_001,1,listen,,1.5094,254662.0,raspberry_pi_seeed_gsr,"254662,1.5094"
2026-06-01T11:20:06.569,hardware_check,self_20260601_111921,clip_001,1,listen,,1.4997,254683.0,raspberry_pi_seeed_gsr,"254683,1.4997"
2026-06-01T11:20:06.590,hardware_check,self_20260601_111921,clip_001,1,listen,,1.4981,254704.0,raspberry_pi_seeed_gsr,"254704,1.4981"
2026-06-01T11:20:06.612,hardware_check,self_20260601_111921,clip_001,1,listen,,1.5005,254725.0,raspberry_pi_seeed_gsr,"254725,1.5005"
2026-06-01T11:20:06.632,hardware_check,self_20260601_111921,clip_001,1,listen,,1.4997,254746.0,raspberry_pi_seeed_gsr,"254746,1.4997"
2026-06-01T11:20:06.676,hardware_check,self_20260601_111921,clip_001,1,listen,,1.507,254767.0,raspberry_pi_seeed_gsr,"254767,1.5070"
2026-06-01T11:20:06.677,hardware_check,self_20260601_111921,clip_001,1,listen,,1.5029,254788.0,raspberry_pi_seeed_gsr,"254788,1.5029"
2026-06-01T11:20:06.695,hardware_check,self_20260601_111921,clip_001,1,listen,,1.4997,254809.0,raspberry_pi_seeed_gsr,"254809,1.4997"
2026-06-01T11:20:06.716,hardware_check,self_20260601_111921,clip_001,1,listen,,1.5029,254830.0,raspberry_pi_seeed_gsr,"254830,1.5029"
2026-06-01T11:20:06.737,hardware_check,self_20260601_111921,clip_001,1,listen,,1.4997,254851.0,raspberry_pi_seeed_gsr,"254851,1.4997"
2026-06-01T11:20:06.758,hardware_check,self_20260601_111921,clip_001,1,listen,,1.5037,254872.0,raspberry_pi_seeed_gsr,"254872,1.5037"
2026-06-01T11:20:06.779,hardware_check,self_20260601_111921,clip_001,1,listen,,1.5037,254893.0,raspberry_pi_seeed_gsr,"254893,1.5037"
2026-06-01T11:20:06.800,hardware_check,self_20260601_111921,clip_001,1,listen,,1.4989,254914.0,raspberry_pi_seeed_gsr,"254914,1.4989"
2026-06-01T11:20:06.822,hardware_check,self_20260601_111921,clip_001,1,listen,,1.5021,254935.0,raspberry_pi_seeed_gsr,"254935,1.5021"
2026-06-01T11:20:06.843,hardware_check,self_20260601_111921,clip_001,1,listen,,1.4957,254956.0,raspberry_pi_seeed_gsr,"254956,1.4957"
2026-06-01T11:20:06.864,hardware_check,self_20260601_111921,clip_001,1,listen,,1.5037,254977.0,raspberry_pi_seeed_gsr,"254977,1.5037"
2026-06-01T11:20:06.884,hardware_check,self_20260601_111921,clip_001,1,listen,,1.4997,254998.0,raspberry_pi_seeed_gsr,"254998,1.4997"
2026-06-01T11:20:06.921,hardware_check,self_20260601_111921,clip_001,1,listen,,1.5029,255019.0,raspberry_pi_seeed_gsr,"255019,1.5029"
2026-06-01T11:20:06.926,hardware_check,self_20260601_111921,clip_001,1,listen,,1.507,255040.0,raspberry_pi_seeed_gsr,"255040,1.5070"
2026-06-01T11:20:06.947,hardware_check,self_20260601_111921,clip_001,1,listen,,1.4989,255061.0,raspberry_pi_seeed_gsr,"255061,1.4989"
2026-06-01T11:20:06.968,hardware_check,self_20260601_111921,clip_001,1,listen,,1.4981,255082.0,raspberry_pi_seeed_gsr,"255082,1.4981"
2026-06-01T11:20:06.989,hardware_check,self_20260601_111921,clip_001,1,listen,,1.5021,255103.0,raspberry_pi_seeed_gsr,"255103,1.5021"
2026-06-01T11:20:07.011,hardware_check,self_20260601_111921,clip_001,1,listen,,1.4981,255124.0,raspberry_pi_seeed_gsr,"255124,1.4981"
2026-06-01T11:20:07.032,hardware_check,self_20260601_111921,clip_001,1,listen,,1.5037,255145.0,raspberry_pi_seeed_gsr,"255145,1.5037"
2026-06-01T11:20:07.053,hardware_check,self_20260601_111921,clip_001,1,listen,,1.5021,255166.0,raspberry_pi_seeed_gsr,"255166,1.5021"
2026-06-01T11:20:07.073,hardware_check,self_20260601_111921,clip_001,1,listen,,1.5021,255187.0,raspberry_pi_seeed_gsr,"255187,1.5021"
2026-06-01T11:20:07.094,hardware_check,self_20260601_111921,clip_001,1,listen,,1.507,255208.0,raspberry_pi_seeed_gsr,"255208,1.5070"
2026-06-01T11:20:07.115,hardware_check,self_20260601_111921,clip_001,1,listen,,1.4965,255229.0,raspberry_pi_seeed_gsr,"255229,1.4965"
2026-06-01T11:20:07.137,hardware_check,self_20260601_111921,clip_001,1,listen,,1.5078,255250.0,raspberry_pi_seeed_gsr,"255250,1.5078"
2026-06-01T11:20:07.178,hardware_check,self_20260601_111921,clip_001,1,listen,,1.5046,255271.0,raspberry_pi_seeed_gsr,"255271,1.5046"
2026-06-01T11:20:07.179,hardware_check,self_20260601_111921,clip_001,1,listen,,1.4965,255292.0,raspberry_pi_seeed_gsr,"255292,1.4965"
2026-06-01T11:20:07.199,hardware_check,self_20260601_111921,clip_001,1,listen,,1.515,255313.0,raspberry_pi_seeed_gsr,"255313,1.5150"
2026-06-01T11:20:07.220,hardware_check,self_20260601_111921,clip_001,1,listen,,1.5102,255334.0,raspberry_pi_seeed_gsr,"255334,1.5102"
2026-06-01T11:20:07.241,hardware_check,self_20260601_111921,clip_001,1,listen,,1.5086,255355.0,raspberry_pi_seeed_gsr,"255355,1.5086"
2026-06-01T11:20:07.262,hardware_check,self_20260601_111921,clip_001,1,listen,,1.5029,255376.0,raspberry_pi_seeed_gsr,"255376,1.5029"
2026-06-01T11:20:07.284,hardware_check,self_20260601_111921,clip_001,1,listen,,1.4965,255397.0,raspberry_pi_seeed_gsr,"255397,1.4965"
2026-06-01T11:20:07.304,hardware_check,self_20260601_111921,clip_001,1,listen,,1.4957,255418.0,raspberry_pi_seeed_gsr,"255418,1.4957"
2026-06-01T11:20:07.329,hardware_check,self_20260601_111921,clip_001,1,listen,,1.4997,255439.0,raspberry_pi_seeed_gsr,"255439,1.4997"
2026-06-01T11:20:07.346,hardware_check,self_20260601_111921,clip_001,1,listen,,1.5021,255460.0,raspberry_pi_seeed_gsr,"255460,1.5021"
2026-06-01T11:20:07.367,hardware_check,self_20260601_111921,clip_001,1,listen,,1.4989,255481.0,raspberry_pi_seeed_gsr,"255481,1.4989"
2026-06-01T11:20:07.388,hardware_check,self_20260601_111921,clip_001,1,listen,,1.5005,255502.0,raspberry_pi_seeed_gsr,"255502,1.5005"
2026-06-01T11:20:07.414,hardware_check,self_20260601_111921,clip_001,1,listen,,1.4997,255523.0,raspberry_pi_seeed_gsr,"255523,1.4997"
2026-06-01T11:20:07.430,hardware_check,self_20260601_111921,clip_001,1,listen,,1.5005,255544.0,raspberry_pi_seeed_gsr,"255544,1.5005"
2026-06-01T11:20:07.451,hardware_check,self_20260601_111921,clip_001,1,listen,,1.4925,255565.0,raspberry_pi_seeed_gsr,"255565,1.4925"
2026-06-01T11:20:07.472,hardware_check,self_20260601_111921,clip_001,1,listen,,1.5118,255586.0,raspberry_pi_seeed_gsr,"255586,1.5118"
2026-06-01T11:20:07.493,hardware_check,self_20260601_111921,clip_001,1,listen,,1.5021,255607.0,raspberry_pi_seeed_gsr,"255607,1.5021"
2026-06-01T11:20:07.514,hardware_check,self_20260601_111921,clip_001,1,listen,,1.5021,255628.0,raspberry_pi_seeed_gsr,"255628,1.5021"
2026-06-01T11:20:07.535,hardware_check,self_20260601_111921,clip_001,1,listen,,1.5021,255649.0,raspberry_pi_seeed_gsr,"255649,1.5021"
2026-06-01T11:20:07.556,hardware_check,self_20260601_111921,clip_001,1,listen,,1.4973,255670.0,raspberry_pi_seeed_gsr,"255670,1.4973"
2026-06-01T11:20:07.577,hardware_check,self_20260601_111921,clip_001,1,listen,,1.4812,255691.0,raspberry_pi_seeed_gsr,"255691,1.4812"
2026-06-01T11:20:07.598,hardware_check,self_20260601_111921,clip_001,1,listen,,1.5126,255712.0,raspberry_pi_seeed_gsr,"255712,1.5126"
2026-06-01T11:20:07.619,hardware_check,self_20260601_111921,clip_001,1,listen,,1.4957,255733.0,raspberry_pi_seeed_gsr,"255733,1.4957"
2026-06-01T11:20:07.641,hardware_check,self_20260601_111921,clip_001,1,listen,,1.5021,255754.0,raspberry_pi_seeed_gsr,"255754,1.5021"
2026-06-01T11:20:07.685,hardware_check,self_20260601_111921,clip_001,1,listen,,1.4989,255775.0,raspberry_pi_seeed_gsr,"255775,1.4989"
2026-06-01T11:20:07.686,hardware_check,self_20260601_111921,clip_001,1,listen,,1.4997,255796.0,raspberry_pi_seeed_gsr,"255796,1.4997"
2026-06-01T11:20:07.703,hardware_check,self_20260601_111921,clip_001,1,listen,,1.4997,255817.0,raspberry_pi_seeed_gsr,"255817,1.4997"
2026-06-01T11:20:07.724,hardware_check,self_20260601_111921,clip_001,1,listen,,1.5046,255838.0,raspberry_pi_seeed_gsr,"255838,1.5046"
2026-06-01T11:20:07.745,hardware_check,self_20260601_111921,clip_001,1,listen,,1.4941,255859.0,raspberry_pi_seeed_gsr,"255859,1.4941"
2026-06-01T11:20:07.766,hardware_check,self_20260601_111921,clip_001,1,listen,,1.5021,255880.0,raspberry_pi_seeed_gsr,"255880,1.5021"
2026-06-01T11:20:07.787,hardware_check,self_20260601_111921,clip_001,1,listen,,1.4973,255901.0,raspberry_pi_seeed_gsr,"255901,1.4973"
2026-06-01T11:20:07.808,hardware_check,self_20260601_111921,clip_001,1,listen,,1.5037,255922.0,raspberry_pi_seeed_gsr,"255922,1.5037"
2026-06-01T11:20:07.829,hardware_check,self_20260601_111921,clip_001,1,listen,,1.4973,255943.0,raspberry_pi_seeed_gsr,"255943,1.4973"
2026-06-01T11:20:07.851,hardware_check,self_20260601_111921,clip_001,1,listen,,1.5037,255964.0,raspberry_pi_seeed_gsr,"255964,1.5037"
2026-06-01T11:20:07.872,hardware_check,self_20260601_111921,clip_001,1,listen,,1.4973,255985.0,raspberry_pi_seeed_gsr,"255985,1.4973"
2026-06-01T11:20:07.893,hardware_check,self_20260601_111921,clip_001,1,listen,,1.5029,256006.0,raspberry_pi_seeed_gsr,"256006,1.5029"
2026-06-01T11:20:07.935,hardware_check,self_20260601_111921,clip_001,1,listen,,1.4965,256027.0,raspberry_pi_seeed_gsr,"256027,1.4965"
2026-06-01T11:20:07.936,hardware_check,self_20260601_111921,clip_001,1,listen,,1.507,256048.0,raspberry_pi_seeed_gsr,"256048,1.5070"
2026-06-01T11:20:07.955,hardware_check,self_20260601_111921,clip_001,1,listen,,1.507,256069.0,raspberry_pi_seeed_gsr,"256069,1.5070"
2026-06-01T11:20:07.977,hardware_check,self_20260601_111921,clip_001,1,listen,,1.507,256090.0,raspberry_pi_seeed_gsr,"256090,1.5070"
2026-06-01T11:20:07.997,hardware_check,self_20260601_111921,clip_001,1,listen,,1.5054,256111.0,raspberry_pi_seeed_gsr,"256111,1.5054"
2026-06-01T11:20:08.018,hardware_check,self_20260601_111921,clip_001,1,listen,,1.4909,256132.0,raspberry_pi_seeed_gsr,"256132,1.4909"
2026-06-01T11:20:08.039,hardware_check,self_20260601_111921,clip_001,1,listen,,1.4989,256153.0,raspberry_pi_seeed_gsr,"256153,1.4989"
2026-06-01T11:20:08.060,hardware_check,self_20260601_111921,clip_001,1,listen,,1.4965,256174.0,raspberry_pi_seeed_gsr,"256174,1.4965"
2026-06-01T11:20:08.081,hardware_check,self_20260601_111921,clip_001,1,listen,,1.5029,256195.0,raspberry_pi_seeed_gsr,"256195,1.5029"
2026-06-01T11:20:08.103,hardware_check,self_20260601_111921,clip_001,1,listen,,1.5046,256216.0,raspberry_pi_seeed_gsr,"256216,1.5046"
2026-06-01T11:20:08.124,hardware_check,self_20260601_111921,clip_001,1,listen,,1.5037,256237.0,raspberry_pi_seeed_gsr,"256237,1.5037"
2026-06-01T11:20:08.145,hardware_check,self_20260601_111921,clip_001,1,listen,,1.5037,256258.0,raspberry_pi_seeed_gsr,"256258,1.5037"
2026-06-01T11:20:08.189,hardware_check,self_20260601_111921,clip_001,1,listen,,1.486,256279.0,raspberry_pi_seeed_gsr,"256279,1.4860"
2026-06-01T11:20:08.190,hardware_check,self_20260601_111921,clip_001,1,listen,,1.4965,256300.0,raspberry_pi_seeed_gsr,"256300,1.4965"
2026-06-01T11:20:08.207,hardware_check,self_20260601_111921,clip_001,1,listen,,1.5062,256321.0,raspberry_pi_seeed_gsr,"256321,1.5062"
2026-06-01T11:20:08.228,hardware_check,self_20260601_111921,clip_001,1,listen,,1.4965,256342.0,raspberry_pi_seeed_gsr,"256342,1.4965"
2026-06-01T11:20:08.249,hardware_check,self_20260601_111921,clip_001,1,listen,,1.5118,256363.0,raspberry_pi_seeed_gsr,"256363,1.5118"
2026-06-01T11:20:08.270,hardware_check,self_20260601_111921,clip_001,1,listen,,1.5054,256384.0,raspberry_pi_seeed_gsr,"256384,1.5054"
2026-06-01T11:20:08.291,hardware_check,self_20260601_111921,clip_001,1,listen,,1.5021,256405.0,raspberry_pi_seeed_gsr,"256405,1.5021"
2026-06-01T11:20:08.313,hardware_check,self_20260601_111921,clip_001,1,listen,,1.507,256426.0,raspberry_pi_seeed_gsr,"256426,1.5070"
2026-06-01T11:20:08.333,hardware_check,self_20260601_111921,clip_001,1,listen,,1.5029,256447.0,raspberry_pi_seeed_gsr,"256447,1.5029"
2026-06-01T11:20:08.354,hardware_check,self_20260601_111921,clip_001,1,listen,,1.5078,256468.0,raspberry_pi_seeed_gsr,"256468,1.5078"
2026-06-01T11:20:08.375,hardware_check,self_20260601_111921,clip_001,1,listen,,1.4997,256489.0,raspberry_pi_seeed_gsr,"256489,1.4997"
2026-06-01T11:20:08.396,hardware_check,self_20260601_111921,clip_001,1,listen,,1.4957,256510.0,raspberry_pi_seeed_gsr,"256510,1.4957"
2026-06-01T11:20:08.441,hardware_check,self_20260601_111921,clip_001,1,listen,,1.5037,256531.0,raspberry_pi_seeed_gsr,"256531,1.5037"
2026-06-01T11:20:08.442,hardware_check,self_20260601_111921,clip_001,1,listen,,1.5037,256552.0,raspberry_pi_seeed_gsr,"256552,1.5037"
2026-06-01T11:20:08.459,hardware_check,self_20260601_111921,clip_001,1,listen,,1.5013,256573.0,raspberry_pi_seeed_gsr,"256573,1.5013"
2026-06-01T11:20:08.480,hardware_check,self_20260601_111921,clip_001,1,listen,,1.4981,256594.0,raspberry_pi_seeed_gsr,"256594,1.4981"
2026-06-01T11:20:08.501,hardware_check,self_20260601_111921,clip_001,1,listen,,1.4965,256615.0,raspberry_pi_seeed_gsr,"256615,1.4965"
2026-06-01T11:20:08.522,hardware_check,self_20260601_111921,clip_001,1,listen,,1.5327,256636.0,raspberry_pi_seeed_gsr,"256636,1.5327"
2026-06-01T11:20:08.543,hardware_check,self_20260601_111921,clip_001,1,listen,,1.5029,256657.0,raspberry_pi_seeed_gsr,"256657,1.5029"
2026-06-01T11:20:08.564,hardware_check,self_20260601_111921,clip_001,1,listen,,1.511,256678.0,raspberry_pi_seeed_gsr,"256678,1.5110"
2026-06-01T11:20:08.585,hardware_check,self_20260601_111921,clip_001,1,listen,,1.5037,256699.0,raspberry_pi_seeed_gsr,"256699,1.5037"
2026-06-01T11:20:08.606,hardware_check,self_20260601_111921,clip_001,1,listen,,1.4973,256720.0,raspberry_pi_seeed_gsr,"256720,1.4973"
2026-06-01T11:20:08.627,hardware_check,self_20260601_111921,clip_001,1,listen,,1.5046,256741.0,raspberry_pi_seeed_gsr,"256741,1.5046"
2026-06-01T11:20:08.648,hardware_check,self_20260601_111921,clip_001,1,listen,,1.4989,256762.0,raspberry_pi_seeed_gsr,"256762,1.4989"
2026-06-01T11:20:08.688,hardware_check,self_20260601_111921,clip_001,1,listen,,1.507,256783.0,raspberry_pi_seeed_gsr,"256783,1.5070"
2026-06-01T11:20:08.690,hardware_check,self_20260601_111921,clip_001,1,listen,,1.5021,256804.0,raspberry_pi_seeed_gsr,"256804,1.5021"
2026-06-01T11:20:08.711,hardware_check,self_20260601_111921,clip_001,1,listen,,1.5005,256825.0,raspberry_pi_seeed_gsr,"256825,1.5005"
2026-06-01T11:20:08.732,hardware_check,self_20260601_111921,clip_001,1,listen,,1.4997,256846.0,raspberry_pi_seeed_gsr,"256846,1.4997"
2026-06-01T11:20:08.753,hardware_check,self_20260601_111921,clip_001,1,listen,,1.4989,256867.0,raspberry_pi_seeed_gsr,"256867,1.4989"
2026-06-01T11:20:08.774,hardware_check,self_20260601_111921,clip_001,1,listen,,1.4997,256888.0,raspberry_pi_seeed_gsr,"256888,1.4997"
2026-06-01T11:20:08.795,hardware_check,self_20260601_111921,clip_001,1,listen,,1.4997,256909.0,raspberry_pi_seeed_gsr,"256909,1.4997"
2026-06-01T11:20:08.816,hardware_check,self_20260601_111921,clip_001,1,listen,,1.4989,256930.0,raspberry_pi_seeed_gsr,"256930,1.4989"
2026-06-01T11:20:08.837,hardware_check,self_20260601_111921,clip_001,1,listen,,1.4965,256951.0,raspberry_pi_seeed_gsr,"256951,1.4965"
2026-06-01T11:20:08.859,hardware_check,self_20260601_111921,clip_001,1,listen,,1.5029,256972.0,raspberry_pi_seeed_gsr,"256972,1.5029"
2026-06-01T11:20:08.880,hardware_check,self_20260601_111921,clip_001,1,listen,,1.5054,256993.0,raspberry_pi_seeed_gsr,"256993,1.5054"
2026-06-01T11:20:08.901,hardware_check,self_20260601_111921,clip_001,1,listen,,1.4997,257014.0,raspberry_pi_seeed_gsr,"257014,1.4997"
2026-06-01T11:20:08.946,hardware_check,self_20260601_111921,clip_001,1,listen,,1.507,257035.0,raspberry_pi_seeed_gsr,"257035,1.5070"
2026-06-01T11:20:08.947,hardware_check,self_20260601_111921,clip_001,1,listen,,1.4957,257056.0,raspberry_pi_seeed_gsr,"257056,1.4957"
2026-06-01T11:20:08.963,hardware_check,self_20260601_111921,clip_001,1,listen,,1.5029,257077.0,raspberry_pi_seeed_gsr,"257077,1.5029"
2026-06-01T11:20:08.984,hardware_check,self_20260601_111921,clip_001,1,listen,,1.5037,257098.0,raspberry_pi_seeed_gsr,"257098,1.5037"
2026-06-01T11:20:09.005,hardware_check,self_20260601_111921,clip_001,1,listen,,1.5037,257119.0,raspberry_pi_seeed_gsr,"257119,1.5037"
2026-06-01T11:20:09.026,hardware_check,self_20260601_111921,clip_001,1,listen,,1.4997,257140.0,raspberry_pi_seeed_gsr,"257140,1.4997"
2026-06-01T11:20:09.047,hardware_check,self_20260601_111921,clip_001,1,listen,,1.4997,257161.0,raspberry_pi_seeed_gsr,"257161,1.4997"
2026-06-01T11:20:09.068,hardware_check,self_20260601_111921,clip_001,1,listen,,1.4965,257182.0,raspberry_pi_seeed_gsr,"257182,1.4965"
2026-06-01T11:20:09.089,hardware_check,self_20260601_111921,clip_001,1,listen,,1.5021,257203.0,raspberry_pi_seeed_gsr,"257203,1.5021"
2026-06-01T11:20:09.111,hardware_check,self_20260601_111921,clip_001,1,listen,,1.5005,257224.0,raspberry_pi_seeed_gsr,"257224,1.5005"
2026-06-01T11:20:09.132,hardware_check,self_20260601_111921,clip_001,1,listen,,1.4973,257245.0,raspberry_pi_seeed_gsr,"257245,1.4973"
2026-06-01T11:20:09.153,hardware_check,self_20260601_111921,clip_001,1,listen,,1.4957,257266.0,raspberry_pi_seeed_gsr,"257266,1.4957"
2026-06-01T11:20:09.184,hardware_check,self_20260601_111921,clip_001,1,listen,,1.4933,257287.0,raspberry_pi_seeed_gsr,"257287,1.4933"
2026-06-01T11:20:09.194,hardware_check,self_20260601_111921,clip_001,1,listen,,1.5029,257308.0,raspberry_pi_seeed_gsr,"257308,1.5029"
2026-06-01T11:20:09.215,hardware_check,self_20260601_111921,clip_001,1,listen,,1.507,257329.0,raspberry_pi_seeed_gsr,"257329,1.5070"
2026-06-01T11:20:09.236,hardware_check,self_20260601_111921,clip_001,1,listen,,1.4997,257350.0,raspberry_pi_seeed_gsr,"257350,1.4997"
2026-06-01T11:20:09.257,hardware_check,self_20260601_111921,clip_001,1,listen,,1.5029,257371.0,raspberry_pi_seeed_gsr,"257371,1.5029"
2026-06-01T11:20:09.278,hardware_check,self_20260601_111921,clip_001,1,listen,,1.4667,257392.0,raspberry_pi_seeed_gsr,"257392,1.4667"
2026-06-01T11:20:09.300,hardware_check,self_20260601_111921,clip_001,1,listen,,1.5029,257413.0,raspberry_pi_seeed_gsr,"257413,1.5029"
2026-06-01T11:20:09.323,hardware_check,self_20260601_111921,clip_001,1,listen,,1.5029,257434.0,raspberry_pi_seeed_gsr,"257434,1.5029"
2026-06-01T11:20:09.341,hardware_check,self_20260601_111921,clip_001,1,listen,,1.4965,257455.0,raspberry_pi_seeed_gsr,"257455,1.4965"
2026-06-01T11:20:09.362,hardware_check,self_20260601_111921,clip_001,1,listen,,1.5054,257476.0,raspberry_pi_seeed_gsr,"257476,1.5054"
2026-06-01T11:20:09.383,hardware_check,self_20260601_111921,clip_001,1,listen,,1.4973,257497.0,raspberry_pi_seeed_gsr,"257497,1.4973"
2026-06-01T11:20:09.404,hardware_check,self_20260601_111921,clip_001,1,listen,,1.5126,257518.0,raspberry_pi_seeed_gsr,"257518,1.5126"
2026-06-01T11:20:09.425,hardware_check,self_20260601_111921,clip_001,1,listen,,1.4981,257539.0,raspberry_pi_seeed_gsr,"257539,1.4981"
2026-06-01T11:20:09.450,hardware_check,self_20260601_111921,clip_001,1,listen,,1.4997,257560.0,raspberry_pi_seeed_gsr,"257560,1.4997"
2026-06-01T11:20:09.467,hardware_check,self_20260601_111921,clip_001,1,listen,,1.4965,257581.0,raspberry_pi_seeed_gsr,"257581,1.4965"
2026-06-01T11:20:09.488,hardware_check,self_20260601_111921,clip_001,1,listen,,1.5037,257602.0,raspberry_pi_seeed_gsr,"257602,1.5037"
2026-06-01T11:20:09.509,hardware_check,self_20260601_111921,clip_001,1,listen,,1.4997,257623.0,raspberry_pi_seeed_gsr,"257623,1.4997"
2026-06-01T11:20:09.530,hardware_check,self_20260601_111921,clip_001,1,listen,,1.5054,257644.0,raspberry_pi_seeed_gsr,"257644,1.5054"
2026-06-01T11:20:09.551,hardware_check,self_20260601_111921,clip_001,1,listen,,1.511,257665.0,raspberry_pi_seeed_gsr,"257665,1.5110"
2026-06-01T11:20:09.572,hardware_check,self_20260601_111921,clip_001,1,listen,,1.5037,257686.0,raspberry_pi_seeed_gsr,"257686,1.5037"
2026-06-01T11:20:09.597,hardware_check,self_20260601_111921,clip_001,1,listen,,1.5054,257707.0,raspberry_pi_seeed_gsr,"257707,1.5054"
2026-06-01T11:20:09.614,hardware_check,self_20260601_111921,clip_001,1,listen,,1.5021,257728.0,raspberry_pi_seeed_gsr,"257728,1.5021"
2026-06-01T11:20:09.635,hardware_check,self_20260601_111921,clip_001,1,listen,,1.4973,257749.0,raspberry_pi_seeed_gsr,"257749,1.4973"
2026-06-01T11:20:09.656,hardware_check,self_20260601_111921,clip_001,1,listen,,1.5029,257770.0,raspberry_pi_seeed_gsr,"257770,1.5029"
2026-06-01T11:20:09.678,hardware_check,self_20260601_111921,clip_001,1,listen,,1.4973,257791.0,raspberry_pi_seeed_gsr,"257791,1.4973"
2026-06-01T11:20:09.722,hardware_check,self_20260601_111921,clip_001,1,listen,,1.5021,257812.0,raspberry_pi_seeed_gsr,"257812,1.5021"
2026-06-01T11:20:09.723,hardware_check,self_20260601_111921,clip_001,1,listen,,1.5037,257833.0,raspberry_pi_seeed_gsr,"257833,1.5037"
2026-06-01T11:20:09.740,hardware_check,self_20260601_111921,clip_001,1,listen,,1.5037,257854.0,raspberry_pi_seeed_gsr,"257854,1.5037"
2026-06-01T11:20:09.761,hardware_check,self_20260601_111921,clip_001,1,listen,,1.4981,257875.0,raspberry_pi_seeed_gsr,"257875,1.4981"
2026-06-01T11:20:09.782,hardware_check,self_20260601_111921,clip_001,1,listen,,1.5005,257896.0,raspberry_pi_seeed_gsr,"257896,1.5005"
2026-06-01T11:20:09.803,hardware_check,self_20260601_111921,clip_001,1,listen,,1.4965,257917.0,raspberry_pi_seeed_gsr,"257917,1.4965"
2026-06-01T11:20:09.824,hardware_check,self_20260601_111921,clip_001,1,listen,,1.5029,257938.0,raspberry_pi_seeed_gsr,"257938,1.5029"
2026-06-01T11:20:09.845,hardware_check,self_20260601_111921,clip_001,1,listen,,1.4989,257959.0,raspberry_pi_seeed_gsr,"257959,1.4989"
2026-06-01T11:20:09.866,hardware_check,self_20260601_111921,clip_001,1,listen,,1.5046,257980.0,raspberry_pi_seeed_gsr,"257980,1.5046"
2026-06-01T11:20:09.888,hardware_check,self_20260601_111921,clip_001,1,listen,,1.4989,258001.0,raspberry_pi_seeed_gsr,"258001,1.4989"
2026-06-01T11:20:09.909,hardware_check,self_20260601_111921,clip_001,1,listen,,1.4989,258022.0,raspberry_pi_seeed_gsr,"258022,1.4989"
2026-06-01T11:20:09.930,hardware_check,self_20260601_111921,clip_001,1,listen,,1.5021,258043.0,raspberry_pi_seeed_gsr,"258043,1.5021"
2026-06-01T11:20:09.975,hardware_check,self_20260601_111921,clip_001,1,listen,,1.5005,258064.0,raspberry_pi_seeed_gsr,"258064,1.5005"
2026-06-01T11:20:09.975,hardware_check,self_20260601_111921,clip_001,1,listen,,1.511,258085.0,raspberry_pi_seeed_gsr,"258085,1.5110"
2026-06-01T11:20:09.992,hardware_check,self_20260601_111921,clip_001,1,listen,,1.4957,258106.0,raspberry_pi_seeed_gsr,"258106,1.4957"
2026-06-01T11:20:10.013,hardware_check,self_20260601_111921,clip_001,1,listen,,1.5054,258127.0,raspberry_pi_seeed_gsr,"258127,1.5054"
2026-06-01T11:20:10.034,hardware_check,self_20260601_111921,clip_001,1,listen,,1.5005,258148.0,raspberry_pi_seeed_gsr,"258148,1.5005"
2026-06-01T11:20:10.055,hardware_check,self_20260601_111921,clip_001,1,listen,,1.4965,258169.0,raspberry_pi_seeed_gsr,"258169,1.4965"
2026-06-01T11:20:10.076,hardware_check,self_20260601_111921,clip_001,1,listen,,1.4909,258190.0,raspberry_pi_seeed_gsr,"258190,1.4909"
2026-06-01T11:20:10.097,hardware_check,self_20260601_111921,clip_001,1,listen,,1.5005,258211.0,raspberry_pi_seeed_gsr,"258211,1.5005"
2026-06-01T11:20:10.118,hardware_check,self_20260601_111921,clip_001,1,listen,,1.4973,258232.0,raspberry_pi_seeed_gsr,"258232,1.4973"
2026-06-01T11:20:10.140,hardware_check,self_20260601_111921,clip_001,1,listen,,1.4981,258253.0,raspberry_pi_seeed_gsr,"258253,1.4981"
2026-06-01T11:20:10.161,hardware_check,self_20260601_111921,clip_001,1,listen,,1.507,258274.0,raspberry_pi_seeed_gsr,"258274,1.5070"
2026-06-01T11:20:10.182,hardware_check,self_20260601_111921,clip_001,1,listen,,1.4933,258295.0,raspberry_pi_seeed_gsr,"258295,1.4933"
2026-06-01T11:20:10.226,hardware_check,self_20260601_111921,clip_001,1,listen,,1.4933,258316.0,raspberry_pi_seeed_gsr,"258316,1.4933"
2026-06-01T11:20:10.227,hardware_check,self_20260601_111921,clip_001,1,listen,,1.4957,258337.0,raspberry_pi_seeed_gsr,"258337,1.4957"
2026-06-01T11:20:10.244,hardware_check,self_20260601_111921,clip_001,1,listen,,1.4981,258358.0,raspberry_pi_seeed_gsr,"258358,1.4981"
2026-06-01T11:20:10.265,hardware_check,self_20260601_111921,clip_001,1,listen,,1.4925,258379.0,raspberry_pi_seeed_gsr,"258379,1.4925"
2026-06-01T11:20:10.286,hardware_check,self_20260601_111921,clip_001,1,listen,,1.4788,258400.0,raspberry_pi_seeed_gsr,"258400,1.4788"
2026-06-01T11:20:10.307,hardware_check,self_20260601_111921,clip_001,1,listen,,1.4973,258421.0,raspberry_pi_seeed_gsr,"258421,1.4973"
2026-06-01T11:20:10.328,hardware_check,self_20260601_111921,clip_001,1,listen,,1.5037,258442.0,raspberry_pi_seeed_gsr,"258442,1.5037"
2026-06-01T11:20:10.349,hardware_check,self_20260601_111921,clip_001,1,listen,,1.4965,258463.0,raspberry_pi_seeed_gsr,"258463,1.4965"
2026-06-01T11:20:10.370,hardware_check,self_20260601_111921,clip_001,1,listen,,1.4965,258484.0,raspberry_pi_seeed_gsr,"258484,1.4965"
2026-06-01T11:20:10.391,hardware_check,self_20260601_111921,clip_001,1,listen,,1.511,258505.0,raspberry_pi_seeed_gsr,"258505,1.5110"
2026-06-01T11:20:10.412,hardware_check,self_20260601_111921,clip_001,1,listen,,1.4917,258526.0,raspberry_pi_seeed_gsr,"258526,1.4917"
2026-06-01T11:20:10.433,hardware_check,self_20260601_111921,clip_001,1,listen,,1.4933,258547.0,raspberry_pi_seeed_gsr,"258547,1.4933"
2026-06-01T11:20:10.457,hardware_check,self_20260601_111921,clip_001,1,listen,,1.4925,258568.0,raspberry_pi_seeed_gsr,"258568,1.4925"
2026-06-01T11:20:10.475,hardware_check,self_20260601_111921,clip_001,1,listen,,1.4925,258589.0,raspberry_pi_seeed_gsr,"258589,1.4925"
2026-06-01T11:20:10.496,hardware_check,self_20260601_111921,clip_001,1,listen,,1.4868,258610.0,raspberry_pi_seeed_gsr,"258610,1.4868"
2026-06-01T11:20:10.517,hardware_check,self_20260601_111921,clip_001,1,listen,,1.49,258631.0,raspberry_pi_seeed_gsr,"258631,1.4900"
2026-06-01T11:20:10.538,hardware_check,self_20260601_111921,clip_001,1,listen,,1.4957,258652.0,raspberry_pi_seeed_gsr,"258652,1.4957"
2026-06-01T11:20:10.559,hardware_check,self_20260601_111921,clip_001,1,listen,,1.4973,258673.0,raspberry_pi_seeed_gsr,"258673,1.4973"
2026-06-01T11:20:10.580,hardware_check,self_20260601_111921,clip_001,1,listen,,1.4949,258694.0,raspberry_pi_seeed_gsr,"258694,1.4949"
2026-06-01T11:20:10.601,hardware_check,self_20260601_111921,clip_001,1,listen,,1.4957,258715.0,raspberry_pi_seeed_gsr,"258715,1.4957"
2026-06-01T11:20:10.622,hardware_check,self_20260601_111921,clip_001,1,listen,,1.4925,258736.0,raspberry_pi_seeed_gsr,"258736,1.4925"
2026-06-01T11:20:10.643,hardware_check,self_20260601_111921,clip_001,1,listen,,1.4868,258757.0,raspberry_pi_seeed_gsr,"258757,1.4868"
2026-06-01T11:20:10.664,hardware_check,self_20260601_111921,clip_001,1,listen,,1.4578,258778.0,raspberry_pi_seeed_gsr,"258778,1.4578"
2026-06-01T11:20:10.686,hardware_check,self_20260601_111921,clip_001,1,listen,,1.4909,258799.0,raspberry_pi_seeed_gsr,"258799,1.4909"
2026-06-01T11:20:10.729,hardware_check,self_20260601_111921,clip_001,1,listen,,1.4892,258820.0,raspberry_pi_seeed_gsr,"258820,1.4892"
2026-06-01T11:20:10.729,hardware_check,self_20260601_111921,clip_001,1,listen,,1.4909,258841.0,raspberry_pi_seeed_gsr,"258841,1.4909"
2026-06-01T11:20:10.748,hardware_check,self_20260601_111921,clip_001,1,listen,,1.4965,258862.0,raspberry_pi_seeed_gsr,"258862,1.4965"
2026-06-01T11:20:10.769,hardware_check,self_20260601_111921,clip_001,1,listen,,1.4868,258883.0,raspberry_pi_seeed_gsr,"258883,1.4868"
2026-06-01T11:20:10.790,hardware_check,self_20260601_111921,clip_001,1,listen,,1.4828,258904.0,raspberry_pi_seeed_gsr,"258904,1.4828"
2026-06-01T11:20:10.811,hardware_check,self_20260601_111921,clip_001,1,listen,,1.4796,258925.0,raspberry_pi_seeed_gsr,"258925,1.4796"
2026-06-01T11:20:10.832,hardware_check,self_20260601_111921,clip_001,1,listen,,1.4909,258946.0,raspberry_pi_seeed_gsr,"258946,1.4909"
2026-06-01T11:20:10.853,hardware_check,self_20260601_111921,clip_001,1,listen,,1.49,258967.0,raspberry_pi_seeed_gsr,"258967,1.4900"
2026-06-01T11:20:10.874,hardware_check,self_20260601_111921,clip_001,1,listen,,1.4876,258988.0,raspberry_pi_seeed_gsr,"258988,1.4876"
2026-06-01T11:20:10.896,hardware_check,self_20260601_111921,clip_001,1,listen,,1.4892,259009.0,raspberry_pi_seeed_gsr,"259009,1.4892"
2026-06-01T11:20:10.917,hardware_check,self_20260601_111921,clip_001,1,listen,,1.4852,259030.0,raspberry_pi_seeed_gsr,"259030,1.4852"
2026-06-01T11:20:10.938,hardware_check,self_20260601_111921,clip_001,1,listen,,1.482,259051.0,raspberry_pi_seeed_gsr,"259051,1.4820"
2026-06-01T11:20:10.979,hardware_check,self_20260601_111921,clip_001,1,listen,,1.4844,259072.0,raspberry_pi_seeed_gsr,"259072,1.4844"
2026-06-01T11:20:10.980,hardware_check,self_20260601_111921,clip_001,1,listen,,1.4844,259093.0,raspberry_pi_seeed_gsr,"259093,1.4844"
2026-06-01T11:20:11.000,hardware_check,self_20260601_111921,clip_001,1,listen,,1.482,259114.0,raspberry_pi_seeed_gsr,"259114,1.4820"
2026-06-01T11:20:11.021,hardware_check,self_20260601_111921,clip_001,1,listen,,1.4876,259135.0,raspberry_pi_seeed_gsr,"259135,1.4876"
2026-06-01T11:20:11.042,hardware_check,self_20260601_111921,clip_001,1,listen,,1.4892,259156.0,raspberry_pi_seeed_gsr,"259156,1.4892"
2026-06-01T11:20:11.063,hardware_check,self_20260601_111921,clip_001,1,listen,,1.4739,259177.0,raspberry_pi_seeed_gsr,"259177,1.4739"
2026-06-01T11:20:11.084,hardware_check,self_20260601_111921,clip_001,1,listen,,1.4796,259198.0,raspberry_pi_seeed_gsr,"259198,1.4796"
2026-06-01T11:20:11.105,hardware_check,self_20260601_111921,clip_001,1,listen,,1.4707,259219.0,raspberry_pi_seeed_gsr,"259219,1.4707"
2026-06-01T11:20:11.127,hardware_check,self_20260601_111921,clip_001,1,listen,,1.4764,259240.0,raspberry_pi_seeed_gsr,"259240,1.4764"
2026-06-01T11:20:11.148,hardware_check,self_20260601_111921,clip_001,1,listen,,1.4796,259261.0,raspberry_pi_seeed_gsr,"259261,1.4796"
2026-06-01T11:20:11.169,hardware_check,self_20260601_111921,clip_001,1,listen,,1.4384,259282.0,raspberry_pi_seeed_gsr,"259282,1.4384"
2026-06-01T11:20:11.190,hardware_check,self_20260601_111921,clip_001,1,listen,,1.4772,259303.0,raspberry_pi_seeed_gsr,"259303,1.4772"
2026-06-01T11:20:11.235,hardware_check,self_20260601_111921,clip_001,1,listen,,1.461,259324.0,raspberry_pi_seeed_gsr,"259324,1.4610"
2026-06-01T11:20:11.235,hardware_check,self_20260601_111921,clip_001,1,listen,,1.4804,259345.0,raspberry_pi_seeed_gsr,"259345,1.4804"
2026-06-01T11:20:11.252,hardware_check,self_20260601_111921,clip_001,1,listen,,1.4772,259366.0,raspberry_pi_seeed_gsr,"259366,1.4772"
2026-06-01T11:20:11.273,hardware_check,self_20260601_111921,clip_001,1,listen,,1.4788,259387.0,raspberry_pi_seeed_gsr,"259387,1.4788"
2026-06-01T11:20:11.294,hardware_check,self_20260601_111921,clip_001,1,listen,,1.4788,259408.0,raspberry_pi_seeed_gsr,"259408,1.4788"
2026-06-01T11:20:11.315,hardware_check,self_20260601_111921,clip_001,1,listen,,1.4812,259429.0,raspberry_pi_seeed_gsr,"259429,1.4812"
2026-06-01T11:20:11.336,hardware_check,self_20260601_111921,clip_001,1,listen,,1.4772,259450.0,raspberry_pi_seeed_gsr,"259450,1.4772"
2026-06-01T11:20:11.357,hardware_check,self_20260601_111921,clip_001,1,listen,,1.4973,259471.0,raspberry_pi_seeed_gsr,"259471,1.4973"
2026-06-01T11:20:11.378,hardware_check,self_20260601_111921,clip_001,1,listen,,1.4747,259492.0,raspberry_pi_seeed_gsr,"259492,1.4747"
2026-06-01T11:20:11.399,hardware_check,self_20260601_111921,clip_001,1,listen,,1.4772,259513.0,raspberry_pi_seeed_gsr,"259513,1.4772"
2026-06-01T11:20:11.420,hardware_check,self_20260601_111921,clip_001,1,listen,,1.4715,259534.0,raspberry_pi_seeed_gsr,"259534,1.4715"
2026-06-01T11:20:11.441,hardware_check,self_20260601_111921,clip_001,1,listen,,1.4707,259555.0,raspberry_pi_seeed_gsr,"259555,1.4707"
2026-06-01T11:20:11.466,hardware_check,self_20260601_111921,clip_001,1,listen,,1.4747,259576.0,raspberry_pi_seeed_gsr,"259576,1.4747"
2026-06-01T11:20:11.483,hardware_check,self_20260601_111921,clip_001,1,listen,,1.4538,259597.0,raspberry_pi_seeed_gsr,"259597,1.4538"
2026-06-01T11:20:11.504,hardware_check,self_20260601_111921,clip_001,1,listen,,1.4739,259618.0,raspberry_pi_seeed_gsr,"259618,1.4739"
2026-06-01T11:20:11.525,hardware_check,self_20260601_111921,clip_001,1,listen,,1.4796,259639.0,raspberry_pi_seeed_gsr,"259639,1.4796"
2026-06-01T11:20:11.546,hardware_check,self_20260601_111921,clip_001,1,listen,,1.4747,259660.0,raspberry_pi_seeed_gsr,"259660,1.4747"
2026-06-01T11:20:11.567,hardware_check,self_20260601_111921,clip_001,1,listen,,1.4731,259681.0,raspberry_pi_seeed_gsr,"259681,1.4731"
2026-06-01T11:20:11.588,hardware_check,self_20260601_111921,clip_001,1,listen,,1.4739,259702.0,raspberry_pi_seeed_gsr,"259702,1.4739"
2026-06-01T11:20:11.609,hardware_check,self_20260601_111921,clip_001,1,listen,,1.4707,259723.0,raspberry_pi_seeed_gsr,"259723,1.4707"
2026-06-01T11:20:11.630,hardware_check,self_20260601_111921,clip_001,1,listen,,1.4723,259744.0,raspberry_pi_seeed_gsr,"259744,1.4723"
2026-06-01T11:20:11.651,hardware_check,self_20260601_111921,clip_001,1,listen,,1.4659,259765.0,raspberry_pi_seeed_gsr,"259765,1.4659"
2026-06-01T11:20:11.673,hardware_check,self_20260601_111921,clip_001,1,listen,,1.4739,259786.0,raspberry_pi_seeed_gsr,"259786,1.4739"
2026-06-01T11:20:11.694,hardware_check,self_20260601_111921,clip_001,1,listen,,1.4699,259807.0,raspberry_pi_seeed_gsr,"259807,1.4699"
2026-06-01T11:20:11.739,hardware_check,self_20260601_111921,clip_001,1,listen,,1.4764,259828.0,raspberry_pi_seeed_gsr,"259828,1.4764"
2026-06-01T11:20:11.740,hardware_check,self_20260601_111921,clip_001,1,listen,,1.4764,259849.0,raspberry_pi_seeed_gsr,"259849,1.4764"
2026-06-01T11:20:11.756,hardware_check,self_20260601_111921,clip_001,1,listen,,1.4683,259870.0,raspberry_pi_seeed_gsr,"259870,1.4683"
2026-06-01T11:20:11.783,hardware_check,self_20260601_111921,clip_001,1,listen,,1.4715,259891.0,raspberry_pi_seeed_gsr,"259891,1.4715"
2026-06-01T11:20:11.803,hardware_check,self_20260601_111921,clip_001,1,listen,,1.4675,259917.0,raspberry_pi_seeed_gsr,"259917,1.4675"
2026-06-01T11:20:11.824,hardware_check,self_20260601_111921,clip_001,1,listen,,1.4675,259938.0,raspberry_pi_seeed_gsr,"259938,1.4675"
2026-06-01T11:20:11.845,hardware_check,self_20260601_111921,clip_001,1,listen,,1.5142,259959.0,raspberry_pi_seeed_gsr,"259959,1.5142"
2026-06-01T11:20:11.866,hardware_check,self_20260601_111921,clip_001,1,listen,,1.4691,259980.0,raspberry_pi_seeed_gsr,"259980,1.4691"
2026-06-01T11:20:11.887,hardware_check,self_20260601_111921,clip_001,1,listen,,1.482,260001.0,raspberry_pi_seeed_gsr,"260001,1.4820"
2026-06-01T11:20:11.909,hardware_check,self_20260601_111921,clip_001,1,listen,,1.4675,260022.0,raspberry_pi_seeed_gsr,"260022,1.4675"
2026-06-01T11:20:11.930,hardware_check,self_20260601_111921,clip_001,1,listen,,1.4651,260043.0,raspberry_pi_seeed_gsr,"260043,1.4651"
2026-06-01T11:20:11.951,hardware_check,self_20260601_111921,clip_001,1,listen,,1.4602,260064.0,raspberry_pi_seeed_gsr,"260064,1.4602"
2026-06-01T11:20:12.005,hardware_check,self_20260601_111921,clip_001,1,listen,,1.4675,260085.0,raspberry_pi_seeed_gsr,"260085,1.4675"
2026-06-01T11:20:12.007,hardware_check,self_20260601_111921,clip_001,1,listen,,1.4635,260106.0,raspberry_pi_seeed_gsr,"260106,1.4635"
2026-06-01T11:20:12.013,hardware_check,self_20260601_111921,clip_001,1,listen,,1.4683,260127.0,raspberry_pi_seeed_gsr,"260127,1.4683"
2026-06-01T11:20:12.034,hardware_check,self_20260601_111921,clip_001,1,listen,,1.4635,260148.0,raspberry_pi_seeed_gsr,"260148,1.4635"
2026-06-01T11:20:12.055,hardware_check,self_20260601_111921,clip_001,1,listen,,1.4659,260169.0,raspberry_pi_seeed_gsr,"260169,1.4659"
2026-06-01T11:20:12.076,hardware_check,self_20260601_111921,clip_001,1,listen,,1.4699,260190.0,raspberry_pi_seeed_gsr,"260190,1.4699"
2026-06-01T11:20:12.097,hardware_check,self_20260601_111921,clip_001,1,listen,,1.4699,260211.0,raspberry_pi_seeed_gsr,"260211,1.4699"
2026-06-01T11:20:12.118,hardware_check,self_20260601_111921,clip_001,1,listen,,1.4747,260232.0,raspberry_pi_seeed_gsr,"260232,1.4747"
2026-06-01T11:20:12.139,hardware_check,self_20260601_111921,clip_001,1,listen,,1.4723,260253.0,raspberry_pi_seeed_gsr,"260253,1.4723"
2026-06-01T11:20:12.160,hardware_check,self_20260601_111921,clip_001,1,listen,,1.4683,260274.0,raspberry_pi_seeed_gsr,"260274,1.4683"
2026-06-01T11:20:12.182,hardware_check,self_20260601_111921,clip_001,1,listen,,1.4602,260295.0,raspberry_pi_seeed_gsr,"260295,1.4602"
2026-06-01T11:20:12.203,hardware_check,self_20260601_111921,clip_001,1,listen,,1.4651,260316.0,raspberry_pi_seeed_gsr,"260316,1.4651"
2026-06-01T11:20:12.246,hardware_check,self_20260601_111921,clip_001,1,listen,,1.4731,260337.0,raspberry_pi_seeed_gsr,"260337,1.4731"
2026-06-01T11:20:12.247,hardware_check,self_20260601_111921,clip_001,1,listen,,1.4683,260358.0,raspberry_pi_seeed_gsr,"260358,1.4683"
2026-06-01T11:20:12.265,hardware_check,self_20260601_111921,clip_001,1,listen,,1.4643,260379.0,raspberry_pi_seeed_gsr,"260379,1.4643"
2026-06-01T11:20:12.286,hardware_check,self_20260601_111921,clip_001,1,listen,,1.4659,260400.0,raspberry_pi_seeed_gsr,"260400,1.4659"
2026-06-01T11:20:12.307,hardware_check,self_20260601_111921,clip_001,1,listen,,1.4764,260421.0,raspberry_pi_seeed_gsr,"260421,1.4764"
2026-06-01T11:20:12.328,hardware_check,self_20260601_111921,clip_001,1,listen,,1.4667,260442.0,raspberry_pi_seeed_gsr,"260442,1.4667"
2026-06-01T11:20:12.349,hardware_check,self_20260601_111921,clip_001,1,listen,,1.4659,260463.0,raspberry_pi_seeed_gsr,"260463,1.4659"
2026-06-01T11:20:12.370,hardware_check,self_20260601_111921,clip_001,1,listen,,1.4683,260484.0,raspberry_pi_seeed_gsr,"260484,1.4683"
2026-06-01T11:20:12.391,hardware_check,self_20260601_111921,clip_001,1,listen,,1.4667,260505.0,raspberry_pi_seeed_gsr,"260505,1.4667"
2026-06-01T11:20:12.412,hardware_check,self_20260601_111921,clip_001,1,listen,,1.4602,260526.0,raspberry_pi_seeed_gsr,"260526,1.4602"
2026-06-01T11:20:12.433,hardware_check,self_20260601_111921,clip_001,1,listen,,1.4659,260547.0,raspberry_pi_seeed_gsr,"260547,1.4659"
2026-06-01T11:20:12.454,hardware_check,self_20260601_111921,clip_001,1,listen,,1.4651,260568.0,raspberry_pi_seeed_gsr,"260568,1.4651"
2026-06-01T11:20:12.475,hardware_check,self_20260601_111921,clip_001,1,listen,,1.4723,260589.0,raspberry_pi_seeed_gsr,"260589,1.4723"
2026-06-01T11:20:12.500,hardware_check,self_20260601_111921,clip_001,1,listen,,1.4675,260610.0,raspberry_pi_seeed_gsr,"260610,1.4675"
2026-06-01T11:20:12.517,hardware_check,self_20260601_111921,clip_001,1,listen,,1.4667,260631.0,raspberry_pi_seeed_gsr,"260631,1.4667"
2026-06-01T11:20:12.538,hardware_check,self_20260601_111921,clip_001,1,listen,,1.4651,260652.0,raspberry_pi_seeed_gsr,"260652,1.4651"
2026-06-01T11:20:12.559,hardware_check,self_20260601_111921,clip_001,1,listen,,1.4651,260673.0,raspberry_pi_seeed_gsr,"260673,1.4651"
2026-06-01T11:20:12.580,hardware_check,self_20260601_111921,clip_001,1,listen,,1.4659,260694.0,raspberry_pi_seeed_gsr,"260694,1.4659"
2026-06-01T11:20:12.601,hardware_check,self_20260601_111921,clip_001,1,listen,,1.457,260715.0,raspberry_pi_seeed_gsr,"260715,1.4570"
2026-06-01T11:20:12.622,hardware_check,self_20260601_111921,clip_001,1,listen,,1.4667,260736.0,raspberry_pi_seeed_gsr,"260736,1.4667"
2026-06-01T11:20:12.643,hardware_check,self_20260601_111921,clip_001,1,listen,,1.4651,260757.0,raspberry_pi_seeed_gsr,"260757,1.4651"
2026-06-01T11:20:12.664,hardware_check,self_20260601_111921,clip_001,1,listen,,1.4707,260778.0,raspberry_pi_seeed_gsr,"260778,1.4707"
2026-06-01T11:20:12.685,hardware_check,self_20260601_111921,clip_001,1,listen,,1.4594,260799.0,raspberry_pi_seeed_gsr,"260799,1.4594"
2026-06-01T11:20:12.707,hardware_check,self_20260601_111921,clip_001,1,listen,,1.4667,260820.0,raspberry_pi_seeed_gsr,"260820,1.4667"
2026-06-01T11:20:12.728,hardware_check,self_20260601_111921,clip_001,1,listen,,1.4643,260841.0,raspberry_pi_seeed_gsr,"260841,1.4643"
2026-06-01T11:20:12.771,hardware_check,self_20260601_111921,clip_001,1,listen,,1.4602,260862.0,raspberry_pi_seeed_gsr,"260862,1.4602"
2026-06-01T11:20:12.772,hardware_check,self_20260601_111921,clip_001,1,listen,,1.4675,260883.0,raspberry_pi_seeed_gsr,"260883,1.4675"
2026-06-01T11:20:12.790,hardware_check,self_20260601_111921,clip_001,1,listen,,1.4683,260904.0,raspberry_pi_seeed_gsr,"260904,1.4683"
2026-06-01T11:20:12.812,hardware_check,self_20260601_111921,clip_001,1,listen,,1.4602,260925.0,raspberry_pi_seeed_gsr,"260925,1.4602"
2026-06-01T11:20:12.832,hardware_check,self_20260601_111921,clip_001,1,listen,,1.457,260946.0,raspberry_pi_seeed_gsr,"260946,1.4570"
2026-06-01T11:20:12.853,hardware_check,self_20260601_111921,clip_001,1,listen,,1.4546,260967.0,raspberry_pi_seeed_gsr,"260967,1.4546"
2026-06-01T11:20:12.874,hardware_check,self_20260601_111921,clip_001,1,listen,,1.4659,260988.0,raspberry_pi_seeed_gsr,"260988,1.4659"
2026-06-01T11:20:12.895,hardware_check,self_20260601_111921,clip_001,1,listen,,1.4747,261009.0,raspberry_pi_seeed_gsr,"261009,1.4747"
2026-06-01T11:20:12.916,hardware_check,self_20260601_111921,clip_001,1,listen,,1.461,261030.0,raspberry_pi_seeed_gsr,"261030,1.4610"
2026-06-01T11:20:12.937,hardware_check,self_20260601_111921,clip_001,1,listen,,1.4643,261051.0,raspberry_pi_seeed_gsr,"261051,1.4643"
2026-06-01T11:20:12.959,hardware_check,self_20260601_111921,clip_001,1,listen,,1.4594,261072.0,raspberry_pi_seeed_gsr,"261072,1.4594"
2026-06-01T11:20:12.980,hardware_check,self_20260601_111921,clip_001,1,listen,,1.4667,261093.0,raspberry_pi_seeed_gsr,"261093,1.4667"
2026-06-01T11:20:13.020,hardware_check,self_20260601_111921,clip_001,1,listen,,1.4635,261114.0,raspberry_pi_seeed_gsr,"261114,1.4635"
2026-06-01T11:20:13.021,hardware_check,self_20260601_111921,clip_001,1,listen,,1.4643,261135.0,raspberry_pi_seeed_gsr,"261135,1.4643"
2026-06-01T11:20:13.042,hardware_check,self_20260601_111921,clip_001,1,listen,,1.4635,261156.0,raspberry_pi_seeed_gsr,"261156,1.4635"
2026-06-01T11:20:13.063,hardware_check,self_20260601_111921,clip_001,1,listen,,1.4651,261177.0,raspberry_pi_seeed_gsr,"261177,1.4651"
2026-06-01T11:20:13.084,hardware_check,self_20260601_111921,clip_001,1,listen,,1.4618,261198.0,raspberry_pi_seeed_gsr,"261198,1.4618"
2026-06-01T11:20:13.105,hardware_check,self_20260601_111921,clip_001,1,listen,,1.4635,261219.0,raspberry_pi_seeed_gsr,"261219,1.4635"
2026-06-01T11:20:13.126,hardware_check,self_20260601_111921,clip_001,1,listen,,1.4651,261240.0,raspberry_pi_seeed_gsr,"261240,1.4651"
2026-06-01T11:20:13.147,hardware_check,self_20260601_111921,clip_001,1,listen,,1.4643,261261.0,raspberry_pi_seeed_gsr,"261261,1.4643"
2026-06-01T11:20:13.168,hardware_check,self_20260601_111921,clip_001,1,listen,,1.4667,261282.0,raspberry_pi_seeed_gsr,"261282,1.4667"
2026-06-01T11:20:13.190,hardware_check,self_20260601_111921,clip_001,1,listen,,1.461,261303.0,raspberry_pi_seeed_gsr,"261303,1.4610"
2026-06-01T11:20:13.210,hardware_check,self_20260601_111921,clip_001,1,listen,,1.4659,261324.0,raspberry_pi_seeed_gsr,"261324,1.4659"
2026-06-01T11:20:13.232,hardware_check,self_20260601_111921,clip_001,1,listen,,1.4659,261345.0,raspberry_pi_seeed_gsr,"261345,1.4659"
2026-06-01T11:20:13.274,hardware_check,self_20260601_111921,clip_001,1,listen,,1.457,261366.0,raspberry_pi_seeed_gsr,"261366,1.4570"
2026-06-01T11:20:13.275,hardware_check,self_20260601_111921,clip_001,1,listen,,1.4594,261387.0,raspberry_pi_seeed_gsr,"261387,1.4594"
2026-06-01T11:20:13.294,hardware_check,self_20260601_111921,clip_001,1,listen,,1.4699,261408.0,raspberry_pi_seeed_gsr,"261408,1.4699"
2026-06-01T11:20:13.315,hardware_check,self_20260601_111921,clip_001,1,listen,,1.461,261429.0,raspberry_pi_seeed_gsr,"261429,1.4610"
2026-06-01T11:20:13.336,hardware_check,self_20260601_111921,clip_001,1,listen,,1.4586,261450.0,raspberry_pi_seeed_gsr,"261450,1.4586"
2026-06-01T11:20:13.357,hardware_check,self_20260601_111921,clip_001,1,listen,,1.4618,261471.0,raspberry_pi_seeed_gsr,"261471,1.4618"
2026-06-01T11:20:13.379,hardware_check,self_20260601_111921,clip_001,1,listen,,1.4715,261492.0,raspberry_pi_seeed_gsr,"261492,1.4715"
2026-06-01T11:20:13.400,hardware_check,self_20260601_111921,clip_001,1,listen,,1.4618,261513.0,raspberry_pi_seeed_gsr,"261513,1.4618"
2026-06-01T11:20:13.420,hardware_check,self_20260601_111921,clip_001,1,listen,,1.4683,261534.0,raspberry_pi_seeed_gsr,"261534,1.4683"
2026-06-01T11:20:13.441,hardware_check,self_20260601_111921,clip_001,1,listen,,1.4618,261555.0,raspberry_pi_seeed_gsr,"261555,1.4618"
2026-06-01T11:20:13.462,hardware_check,self_20260601_111921,clip_001,1,listen,,1.4643,261576.0,raspberry_pi_seeed_gsr,"261576,1.4643"
2026-06-01T11:20:13.483,hardware_check,self_20260601_111921,clip_001,1,listen,,1.4618,261597.0,raspberry_pi_seeed_gsr,"261597,1.4618"
2026-06-01T11:20:13.509,hardware_check,self_20260601_111921,clip_001,1,listen,,1.4602,261618.0,raspberry_pi_seeed_gsr,"261618,1.4602"
2026-06-01T11:20:13.525,hardware_check,self_20260601_111921,clip_001,1,listen,,1.457,261639.0,raspberry_pi_seeed_gsr,"261639,1.4570"
2026-06-01T11:20:13.546,hardware_check,self_20260601_111921,clip_001,1,listen,,1.4667,261660.0,raspberry_pi_seeed_gsr,"261660,1.4667"
2026-06-01T11:20:13.567,hardware_check,self_20260601_111921,clip_001,1,listen,,1.4659,261681.0,raspberry_pi_seeed_gsr,"261681,1.4659"
2026-06-01T11:20:13.588,hardware_check,self_20260601_111921,clip_001,1,listen,,1.4554,261702.0,raspberry_pi_seeed_gsr,"261702,1.4554"
2026-06-01T11:20:13.609,hardware_check,self_20260601_111921,clip_001,1,listen,,1.461,261723.0,raspberry_pi_seeed_gsr,"261723,1.4610"
2026-06-01T11:20:13.630,hardware_check,self_20260601_111921,clip_001,1,listen,,1.4651,261744.0,raspberry_pi_seeed_gsr,"261744,1.4651"
2026-06-01T11:20:13.651,hardware_check,self_20260601_111921,clip_001,1,listen,,1.461,261765.0,raspberry_pi_seeed_gsr,"261765,1.4610"
2026-06-01T11:20:13.672,hardware_check,self_20260601_111921,clip_001,1,listen,,1.4635,261786.0,raspberry_pi_seeed_gsr,"261786,1.4635"
2026-06-01T11:20:13.693,hardware_check,self_20260601_111921,clip_001,1,listen,,1.4506,261807.0,raspberry_pi_seeed_gsr,"261807,1.4506"
2026-06-01T11:20:13.714,hardware_check,self_20260601_111921,clip_001,1,listen,,1.4651,261828.0,raspberry_pi_seeed_gsr,"261828,1.4651"
2026-06-01T11:20:13.735,hardware_check,self_20260601_111921,clip_001,1,listen,,1.4715,261849.0,raspberry_pi_seeed_gsr,"261849,1.4715"
2026-06-01T11:20:13.771,hardware_check,self_20260601_111921,clip_001,1,listen,,1.461,261870.0,raspberry_pi_seeed_gsr,"261870,1.4610"
2026-06-01T11:20:13.777,hardware_check,self_20260601_111921,clip_001,1,listen,,1.4586,261891.0,raspberry_pi_seeed_gsr,"261891,1.4586"
2026-06-01T11:20:13.798,hardware_check,self_20260601_111921,clip_001,1,listen,,1.4546,261912.0,raspberry_pi_seeed_gsr,"261912,1.4546"
2026-06-01T11:20:13.819,hardware_check,self_20260601_111921,clip_001,1,listen,,1.4602,261933.0,raspberry_pi_seeed_gsr,"261933,1.4602"
2026-06-01T11:20:13.840,hardware_check,self_20260601_111921,clip_001,1,listen,,1.4699,261954.0,raspberry_pi_seeed_gsr,"261954,1.4699"
2026-06-01T11:20:13.861,hardware_check,self_20260601_111921,clip_001,1,listen,,1.44,261975.0,raspberry_pi_seeed_gsr,"261975,1.4400"
2026-06-01T11:20:13.882,hardware_check,self_20260601_111921,clip_001,1,listen,,1.4635,261996.0,raspberry_pi_seeed_gsr,"261996,1.4635"
2026-06-01T11:20:13.904,hardware_check,self_20260601_111921,clip_001,1,listen,,1.4675,262017.0,raspberry_pi_seeed_gsr,"262017,1.4675"
2026-06-01T11:20:13.924,hardware_check,self_20260601_111921,clip_001,1,listen,,1.461,262038.0,raspberry_pi_seeed_gsr,"262038,1.4610"
2026-06-01T11:20:13.945,hardware_check,self_20260601_111921,clip_001,1,listen,,1.4691,262059.0,raspberry_pi_seeed_gsr,"262059,1.4691"
2026-06-01T11:20:13.966,hardware_check,self_20260601_111921,clip_001,1,listen,,1.4651,262080.0,raspberry_pi_seeed_gsr,"262080,1.4651"
2026-06-01T11:20:13.988,hardware_check,self_20260601_111921,clip_001,1,listen,,1.461,262101.0,raspberry_pi_seeed_gsr,"262101,1.4610"
2026-06-01T11:20:14.016,hardware_check,self_20260601_111921,clip_001,1,listen,,1.4683,262122.0,raspberry_pi_seeed_gsr,"262122,1.4683"
2026-06-01T11:20:14.029,hardware_check,self_20260601_111921,clip_001,1,listen,,1.4635,262143.0,raspberry_pi_seeed_gsr,"262143,1.4635"
2026-06-01T11:20:14.050,hardware_check,self_20260601_111921,clip_001,1,listen,,1.4659,262164.0,raspberry_pi_seeed_gsr,"262164,1.4659"
2026-06-01T11:20:14.071,hardware_check,self_20260601_111921,clip_001,1,listen,,1.4683,262185.0,raspberry_pi_seeed_gsr,"262185,1.4683"
2026-06-01T11:20:14.092,hardware_check,self_20260601_111921,clip_001,1,listen,,1.4522,262206.0,raspberry_pi_seeed_gsr,"262206,1.4522"
2026-06-01T11:20:14.114,hardware_check,self_20260601_111921,clip_001,1,listen,,1.4723,262227.0,raspberry_pi_seeed_gsr,"262227,1.4723"
2026-06-01T11:20:14.135,hardware_check,self_20260601_111921,clip_001,1,listen,,1.4594,262248.0,raspberry_pi_seeed_gsr,"262248,1.4594"
2026-06-01T11:20:14.156,hardware_check,self_20260601_111921,clip_001,1,listen,,1.4538,262269.0,raspberry_pi_seeed_gsr,"262269,1.4538"
2026-06-01T11:20:14.177,hardware_check,self_20260601_111921,clip_001,1,listen,,1.4643,262290.0,raspberry_pi_seeed_gsr,"262290,1.4643"
2026-06-01T11:20:14.198,hardware_check,self_20260601_111921,clip_001,1,listen,,1.4602,262311.0,raspberry_pi_seeed_gsr,"262311,1.4602"
2026-06-01T11:20:14.218,hardware_check,self_20260601_111921,clip_001,1,listen,,1.4683,262332.0,raspberry_pi_seeed_gsr,"262332,1.4683"
2026-06-01T11:20:14.239,hardware_check,self_20260601_111921,clip_001,1,listen,,1.4627,262353.0,raspberry_pi_seeed_gsr,"262353,1.4627"
2026-06-01T11:20:14.273,hardware_check,self_20260601_111921,clip_001,1,listen,,1.4602,262374.0,raspberry_pi_seeed_gsr,"262374,1.4602"
2026-06-01T11:20:14.281,hardware_check,self_20260601_111921,clip_001,1,listen,,1.4635,262395.0,raspberry_pi_seeed_gsr,"262395,1.4635"
2026-06-01T11:20:14.302,hardware_check,self_20260601_111921,clip_001,1,listen,,1.4618,262416.0,raspberry_pi_seeed_gsr,"262416,1.4618"
2026-06-01T11:20:14.323,hardware_check,self_20260601_111921,clip_001,1,listen,,1.4635,262437.0,raspberry_pi_seeed_gsr,"262437,1.4635"
2026-06-01T11:20:14.344,hardware_check,self_20260601_111921,clip_001,1,listen,,1.461,262458.0,raspberry_pi_seeed_gsr,"262458,1.4610"
2026-06-01T11:20:14.365,hardware_check,self_20260601_111921,clip_001,1,listen,,1.4957,262479.0,raspberry_pi_seeed_gsr,"262479,1.4957"
2026-06-01T11:20:14.386,hardware_check,self_20260601_111921,clip_001,1,listen,,1.4675,262500.0,raspberry_pi_seeed_gsr,"262500,1.4675"
2026-06-01T11:20:14.408,hardware_check,self_20260601_111921,clip_001,1,listen,,1.4578,262521.0,raspberry_pi_seeed_gsr,"262521,1.4578"
2026-06-01T11:20:14.428,hardware_check,self_20260601_111921,clip_001,1,listen,,1.4659,262542.0,raspberry_pi_seeed_gsr,"262542,1.4659"
2026-06-01T11:20:14.449,hardware_check,self_20260601_111921,clip_001,1,listen,,1.4755,262563.0,raspberry_pi_seeed_gsr,"262563,1.4755"
2026-06-01T11:20:14.470,hardware_check,self_20260601_111921,clip_001,1,listen,,1.4667,262584.0,raspberry_pi_seeed_gsr,"262584,1.4667"
2026-06-01T11:20:14.491,hardware_check,self_20260601_111921,clip_001,1,listen,,1.4651,262605.0,raspberry_pi_seeed_gsr,"262605,1.4651"
2026-06-01T11:20:14.517,hardware_check,self_20260601_111921,clip_001,1,listen,,1.4594,262626.0,raspberry_pi_seeed_gsr,"262626,1.4594"
2026-06-01T11:20:14.533,hardware_check,self_20260601_111921,clip_001,1,listen,,1.461,262647.0,raspberry_pi_seeed_gsr,"262647,1.4610"
2026-06-01T11:20:14.554,hardware_check,self_20260601_111921,clip_001,1,listen,,1.4683,262668.0,raspberry_pi_seeed_gsr,"262668,1.4683"
2026-06-01T11:20:14.575,hardware_check,self_20260601_111921,clip_001,1,listen,,1.4667,262689.0,raspberry_pi_seeed_gsr,"262689,1.4667"
2026-06-01T11:20:14.596,hardware_check,self_20260601_111921,clip_001,1,listen,,1.4627,262710.0,raspberry_pi_seeed_gsr,"262710,1.4627"
2026-06-01T11:20:14.617,hardware_check,self_20260601_111921,clip_001,1,listen,,1.4731,262731.0,raspberry_pi_seeed_gsr,"262731,1.4731"
2026-06-01T11:20:14.638,hardware_check,self_20260601_111921,clip_001,1,listen,,1.4586,262752.0,raspberry_pi_seeed_gsr,"262752,1.4586"
2026-06-01T11:20:14.659,hardware_check,self_20260601_111921,clip_001,1,listen,,1.461,262773.0,raspberry_pi_seeed_gsr,"262773,1.4610"
2026-06-01T11:20:14.680,hardware_check,self_20260601_111921,clip_001,1,listen,,1.4618,262794.0,raspberry_pi_seeed_gsr,"262794,1.4618"
2026-06-01T11:20:14.701,hardware_check,self_20260601_111921,clip_001,1,listen,,1.461,262815.0,raspberry_pi_seeed_gsr,"262815,1.4610"
2026-06-01T11:20:14.723,hardware_check,self_20260601_111921,clip_001,1,listen,,1.4546,262836.0,raspberry_pi_seeed_gsr,"262836,1.4546"
2026-06-01T11:20:14.744,hardware_check,self_20260601_111921,clip_001,1,listen,,1.4618,262857.0,raspberry_pi_seeed_gsr,"262857,1.4618"
2026-06-01T11:20:14.788,hardware_check,self_20260601_111921,clip_001,1,listen,,1.4602,262878.0,raspberry_pi_seeed_gsr,"262878,1.4602"
2026-06-01T11:20:14.789,hardware_check,self_20260601_111921,clip_001,1,listen,,1.4602,262899.0,raspberry_pi_seeed_gsr,"262899,1.4602"
2026-06-01T11:20:14.806,hardware_check,self_20260601_111921,clip_001,1,listen,,1.4659,262920.0,raspberry_pi_seeed_gsr,"262920,1.4659"
2026-06-01T11:20:14.827,hardware_check,self_20260601_111921,clip_001,1,listen,,1.4602,262941.0,raspberry_pi_seeed_gsr,"262941,1.4602"
2026-06-01T11:20:14.848,hardware_check,self_20260601_111921,clip_001,1,listen,,1.4602,262962.0,raspberry_pi_seeed_gsr,"262962,1.4602"
2026-06-01T11:20:14.869,hardware_check,self_20260601_111921,clip_001,1,listen,,1.4417,262983.0,raspberry_pi_seeed_gsr,"262983,1.4417"
2026-06-01T11:20:14.890,hardware_check,self_20260601_111921,clip_001,1,listen,,1.4586,263004.0,raspberry_pi_seeed_gsr,"263004,1.4586"
2026-06-01T11:20:14.911,hardware_check,self_20260601_111921,clip_001,1,listen,,1.449,263025.0,raspberry_pi_seeed_gsr,"263025,1.4490"
2026-06-01T11:20:14.932,hardware_check,self_20260601_111921,clip_001,1,listen,,1.4643,263046.0,raspberry_pi_seeed_gsr,"263046,1.4643"
2026-06-01T11:20:14.953,hardware_check,self_20260601_111921,clip_001,1,listen,,1.4635,263067.0,raspberry_pi_seeed_gsr,"263067,1.4635"
2026-06-01T11:20:14.975,hardware_check,self_20260601_111921,clip_001,1,listen,,1.4594,263088.0,raspberry_pi_seeed_gsr,"263088,1.4594"
2026-06-01T11:20:14.996,hardware_check,self_20260601_111921,clip_001,1,listen,,1.4659,263109.0,raspberry_pi_seeed_gsr,"263109,1.4659"
2026-06-01T11:20:15.037,hardware_check,self_20260601_111921,clip_001,1,listen,,1.4659,263130.0,raspberry_pi_seeed_gsr,"263130,1.4659"
2026-06-01T11:20:15.038,hardware_check,self_20260601_111921,clip_001,1,listen,,1.4602,263151.0,raspberry_pi_seeed_gsr,"263151,1.4602"
2026-06-01T11:20:15.058,hardware_check,self_20260601_111921,clip_001,1,listen,,1.4594,263172.0,raspberry_pi_seeed_gsr,"263172,1.4594"
2026-06-01T11:20:15.079,hardware_check,self_20260601_111921,clip_001,1,listen,,1.4651,263193.0,raspberry_pi_seeed_gsr,"263193,1.4651"
2026-06-01T11:20:15.100,hardware_check,self_20260601_111921,clip_001,1,listen,,1.4659,263214.0,raspberry_pi_seeed_gsr,"263214,1.4659"
2026-06-01T11:20:15.121,hardware_check,self_20260601_111921,clip_001,1,listen,,1.4578,263235.0,raspberry_pi_seeed_gsr,"263235,1.4578"
2026-06-01T11:20:15.142,hardware_check,self_20260601_111921,clip_001,1,listen,,1.4731,263256.0,raspberry_pi_seeed_gsr,"263256,1.4731"
2026-06-01T11:20:15.163,hardware_check,self_20260601_111921,clip_001,1,listen,,1.461,263277.0,raspberry_pi_seeed_gsr,"263277,1.4610"
2026-06-01T11:20:15.184,hardware_check,self_20260601_111921,clip_001,1,listen,,1.4675,263298.0,raspberry_pi_seeed_gsr,"263298,1.4675"
2026-06-01T11:20:15.206,hardware_check,self_20260601_111921,clip_001,1,listen,,1.4651,263319.0,raspberry_pi_seeed_gsr,"263319,1.4651"
2026-06-01T11:20:15.227,hardware_check,self_20260601_111921,clip_001,1,listen,,1.461,263340.0,raspberry_pi_seeed_gsr,"263340,1.4610"
2026-06-01T11:20:15.248,hardware_check,self_20260601_111921,clip_001,1,listen,,1.4651,263361.0,raspberry_pi_seeed_gsr,"263361,1.4651"
2026-06-01T11:20:15.293,hardware_check,self_20260601_111921,clip_001,1,listen,,1.4578,263382.0,raspberry_pi_seeed_gsr,"263382,1.4578"
2026-06-01T11:20:15.294,hardware_check,self_20260601_111921,clip_001,1,listen,,1.4844,263403.0,raspberry_pi_seeed_gsr,"263403,1.4844"
2026-06-01T11:20:15.310,hardware_check,self_20260601_111921,clip_001,1,listen,,1.4643,263424.0,raspberry_pi_seeed_gsr,"263424,1.4643"
2026-06-01T11:20:15.331,hardware_check,self_20260601_111921,clip_001,1,listen,,1.4683,263445.0,raspberry_pi_seeed_gsr,"263445,1.4683"
2026-06-01T11:20:15.352,hardware_check,self_20260601_111921,clip_001,1,listen,,1.4618,263466.0,raspberry_pi_seeed_gsr,"263466,1.4618"
2026-06-01T11:20:15.373,hardware_check,self_20260601_111921,clip_001,1,listen,,1.4635,263487.0,raspberry_pi_seeed_gsr,"263487,1.4635"
2026-06-01T11:20:15.394,hardware_check,self_20260601_111921,clip_001,1,listen,,1.4723,263508.0,raspberry_pi_seeed_gsr,"263508,1.4723"
2026-06-01T11:20:15.415,hardware_check,self_20260601_111921,clip_001,1,listen,,1.4618,263529.0,raspberry_pi_seeed_gsr,"263529,1.4618"
2026-06-01T11:20:15.436,hardware_check,self_20260601_111921,clip_001,1,listen,,1.4594,263550.0,raspberry_pi_seeed_gsr,"263550,1.4594"
2026-06-01T11:20:15.457,hardware_check,self_20260601_111921,clip_001,1,listen,,1.4675,263571.0,raspberry_pi_seeed_gsr,"263571,1.4675"
2026-06-01T11:20:15.478,hardware_check,self_20260601_111921,clip_001,1,listen,,1.461,263592.0,raspberry_pi_seeed_gsr,"263592,1.4610"
2026-06-01T11:20:15.499,hardware_check,self_20260601_111921,clip_001,1,listen,,1.4675,263613.0,raspberry_pi_seeed_gsr,"263613,1.4675"
2026-06-01T11:20:15.523,hardware_check,self_20260601_111921,clip_001,1,listen,,1.4618,263634.0,raspberry_pi_seeed_gsr,"263634,1.4618"
2026-06-01T11:20:15.541,hardware_check,self_20260601_111921,clip_001,1,listen,,1.4651,263655.0,raspberry_pi_seeed_gsr,"263655,1.4651"
2026-06-01T11:20:15.562,hardware_check,self_20260601_111921,clip_001,1,listen,,1.4691,263676.0,raspberry_pi_seeed_gsr,"263676,1.4691"
2026-06-01T11:20:15.583,hardware_check,self_20260601_111921,clip_001,1,listen,,1.4699,263697.0,raspberry_pi_seeed_gsr,"263697,1.4699"
2026-06-01T11:20:15.604,hardware_check,self_20260601_111921,clip_001,1,listen,,1.4618,263718.0,raspberry_pi_seeed_gsr,"263718,1.4618"
