user_id,session_id,clip_id,trial_index,track_name,artist,genre,intended_arousal,intended_valence,intended_mood,rest_start_time,rest_end_time,clip_start_time,clip_end_time,valence,mood,familiarity,rating_usable,data_scope,eda_quality,eda_exclusion_reason,preference,arousal,notes,album,preview_url,track_id,duration_sec,tempo,beat_count,beat_rate,beat_interval_mean,beat_interval_std,rhythm_regularity,onset_rate,rms_energy_mean,rms_energy_std,rms_energy_range,rms_energy_slope,loudness_db_mean,loudness_db_std,loudness_db_range,loudness_db_p10,loudness_db_p90,quiet_fraction,zero_crossing_rate_mean,zero_crossing_rate_std,spectral_centroid_mean,spectral_centroid_std,spectral_centroid_slope,spectral_bandwidth_mean,spectral_bandwidth_std,spectral_rolloff_mean,spectral_rolloff_std,spectral_contrast_mean,spectral_contrast_std,onset_strength_mean,onset_strength_std,mode_major,mode_confidence,key_pitch_class,major_key_correlation,minor_key_correlation,chroma_mean_1,chroma_mean_2,chroma_mean_3,chroma_mean_4,chroma_mean_5,chroma_mean_6,chroma_mean_7,chroma_mean_8,chroma_mean_9,chroma_mean_10,chroma_mean_11,chroma_mean_12,mfcc_mean_1,mfcc_mean_2,mfcc_mean_3,mfcc_mean_4,mfcc_mean_5,mfcc_mean_6,mfcc_mean_7,mfcc_mean_8,mfcc_mean_9,mfcc_mean_10,mfcc_mean_11,mfcc_mean_12,mfcc_mean_13,mfcc_std_1,mfcc_std_2,mfcc_std_3,mfcc_std_4,mfcc_std_5,mfcc_std_6,mfcc_std_7,mfcc_std_8,mfcc_std_9,mfcc_std_10,mfcc_std_11,mfcc_std_12,mfcc_std_13,hr_mean,hr_max,hr_change_from_baseline,hr_slope,hr_recovery,eda_mean,eda_change_from_baseline,eda_peak_count,eda_max_amplitude,eda_slope,eda_recovery,collection_quality,exclusion_reason,use_eda_for_primary_biometric_training,valence_label,valence_ordinal,arousal_score,preference_binary,arousal_binary,valence_binary
Official_run_1,self_20260531_155844,clip_126,1,Oye Como Va,Santana,Rock,high,positive,relaxed,2026-05-31T15:58:46.845,2026-05-31T15:59:06.859,2026-05-31T15:59:08.906,2026-05-31T15:59:38.916,neutral,neutral,1,yes,human_rating_only,excluded_wrong_sensor_fit,"Sensor readings are structurally plausible, but the sensor was worn incorrectly.",,,,Ultimate Santana,https://audio-ssl.itunes.apple.com/itunes-assets/AudioPreview221/v4/98/1f/25/981f2559-37b4-d249-4ab9-8fbbba391bd3/mzaf_17889077170191008167.plus.aac.p.m4a,265816671,30.018979591836736,129.19921875,53.0,1.7655496862529148,0.4666317809174952,0.0079000564090635,0.9833518938295662,4.497154861210254,0.2397929430007934,0.099351167678833,0.5278809666633606,1.7613906848109344e-05,-13.366462707519531,4.576572895050049,32.64411926269531,-18.566051483154297,-8.470245361328125,0.0,0.0393727266410479,0.0224431634462982,2464.2607935442534,873.3114060846873,0.3246807479164584,3401.9235430349427,796.5747396454869,5194.939378353393,2219.5838612761904,17.56883346212345,5.6334713097984395,1.2177319526672363,1.4492322206497192,0.0,0.120120873302783,9.0,0.4294852306797056,0.5496061039824887,0.4183039963245392,0.3584097623825073,0.3564384877681732,0.3608517944812774,0.4661608040332794,0.3406871855258941,0.3962568044662475,0.5064907073974609,0.5443196296691895,0.6744036674499512,0.4704486429691314,0.3857105672359466,-116.85921478271484,148.6862030029297,-19.342870712280273,37.16525650024414,1.58280611038208,13.353764533996582,-2.477893829345703,8.082494735717773,-6.542444705963135,4.233341693878174,-8.815232276916504,2.680420160293579,0.9113489985466005,65.4395751953125,31.069042205810547,23.351974487304688,15.307361602783203,15.33669376373291,11.279300689697266,9.77829647064209,8.723445892333984,8.134958267211914,7.302834033966064,7.101163387298584,7.289398193359375,6.776058673858643,,,,0.0,,,,,,,,excluded_wrong_sensor_fit,"Sensor readings are structurally plausible, but the sensor was worn incorrectly.",no,neutral,0,,0,0,0
Official_run_1,self_20260531_155844,clip_106,2,Master of Puppets,Metallica,Metal,high,negative,tense,2026-05-31T15:59:45.123,2026-05-31T16:00:05.125,2026-05-31T16:00:07.174,2026-05-31T16:00:37.192,neutral,neutral,1,yes,human_rating_only,excluded_wrong_sensor_fit,"Sensor readings are structurally plausible, but the sensor was worn incorrectly.",,,,Master of Puppets (Deluxe Box Set),https://audio-ssl.itunes.apple.com/itunes-assets/AudioPreview115/v4/da/e7/9c/dae79c08-a960-2d21-8eab-42e9d70e29e6/mzaf_7135498142102205621.plus.aac.p.m4a,1275819878,29.92907029478458,143.5546875,71.0,2.3722754933811765,0.4182908973113055,0.0315197782658176,0.9299265669375752,4.143129030693886,0.0822239890694618,0.0412852093577384,0.2489756196737289,1.0097467998247137e-05,-23.572311401367188,8.502802848815918,80.0,-27.297887802124023,-17.830507278442383,0.0298681148176881,0.0744323967222653,0.0459372189808199,3127.27064779961,1280.445379699494,-0.4095547672913189,2982.6825851927915,794.5065350283323,5936.005817706313,2355.8324392116074,18.851250586146975,8.999472909435982,1.0898301601409912,1.0523014068603516,0.0,0.1360566554108754,5.0,0.1964651661980187,0.3325218216088942,0.514910101890564,0.5070295333862305,0.566876232624054,0.6462525725364685,0.7614261507987976,0.7876431345939636,0.5919523239135742,0.5217668414115906,0.5001891255378723,0.4405876398086548,0.4078657925128937,0.4714899957180023,-219.1781463623047,118.09064483642578,-55.37238693237305,65.94158172607422,28.15068244934082,16.681318283081055,5.345247745513916,12.778275489807127,5.541381359100342,1.5529828071594238,-4.2458906173706055,-3.4065325260162354,1.6246548891067505,86.00565338134766,34.89924621582031,21.38666343688965,15.518593788146973,20.38326072692871,14.186285018920898,9.988569259643556,8.452715873718262,6.416674613952637,8.078561782836914,5.414539813995361,7.623064041137695,5.364314079284668,,,,0.0,,,,,,,,excluded_wrong_sensor_fit,"Sensor readings are structurally plausible, but the sensor was worn incorrectly.",no,neutral,0,,0,0,0
Official_run_1,self_20260531_155844,clip_086,3,Uptown Funk (feat. Bruno Mars),Mark Ronson,Pop,high,positive,excited,2026-05-31T16:00:44.670,2026-05-31T16:01:04.673,2026-05-31T16:01:06.722,2026-05-31T16:01:36.723,positive,positive,4,yes,human_rating_only,excluded_wrong_sensor_fit,"Sensor readings are structurally plausible, but the sensor was worn incorrectly.",,,,Uptown Special,https://audio-ssl.itunes.apple.com/itunes-assets/AudioPreview126/v4/62/e1/98/62e19826-cd13-6eff-390e-dbca502bb7b5/mzaf_8006535252627949661.plus.aac.p.m4a,943946671,30.000725623582767,114.84375,54.0,1.7999564636380676,0.5217918110640484,0.0069202338830725,0.9869111476668464,4.799883903034847,0.1353432983160019,0.1082202270627021,0.4902272820472717,1.2030200026746375e-05,-20.8144474029541,9.757004737854004,76.12394714355469,-30.281633377075195,-10.44873332977295,0.0317214700193423,0.0984686668882978,0.074756247405907,3853.815260354854,1466.7396977754588,-0.2341709584477615,3738.9348122273223,741.3427083738225,7532.539364724372,2365.868434585716,18.611098446750404,10.597798193960104,1.4933689832687378,2.104092597961426,1.0,0.2690828750176281,0.0,0.728621568075068,0.4595386930574398,0.5872595310211182,0.5184854865074158,0.5062811374664307,0.503463089466095,0.5352419018745422,0.5698758363723755,0.5079967379570007,0.5115087628364563,0.4752159416675567,0.4949223399162292,0.489569753408432,0.5090673565864563,-152.9485321044922,100.52600860595705,-35.01033020019531,35.26335144042969,-11.604132652282717,17.614147186279297,2.608757734298706,8.548148155212402,0.2100067436695099,7.258439540863037,2.8109195232391357,4.720620632171631,5.293891429901123,97.0087661743164,39.75048828125,25.52549934387207,20.276853561401367,18.2553653717041,15.740312576293944,12.208821296691896,13.742559432983398,11.464811325073242,11.3895845413208,10.000006675720217,9.739964485168455,9.277579307556152,,,,0.0,,,,,,,,excluded_wrong_sensor_fit,"Sensor readings are structurally plausible, but the sensor was worn incorrectly.",no,positive,1,,0,0,1
Official_run_1,self_20260531_155844,clip_054,4,Juicy,The Notorious B.I.G.,Hip-Hop/Rap,medium,positive,happy,2026-05-31T16:01:46.724,2026-05-31T16:02:06.733,2026-05-31T16:02:08.782,2026-05-31T16:02:38.789,positive,positive,1,yes,human_rating_only,excluded_wrong_sensor_fit,"Sensor readings are structurally plausible, but the sensor was worn incorrectly.",,,,Greatest Hits,https://audio-ssl.itunes.apple.com/itunes-assets/AudioPreview115/v4/3e/25/56/3e255676-35ba-c094-aca0-2d97d2166c7d/mzaf_13811345509483883529.plus.aac.p.m4a,217613305,29.92907029478458,97.50884433962264,48.0,1.603791882849246,0.6160698605683408,0.0154106135335874,0.975596056939838,4.777963317655045,0.2503984570503235,0.1281117349863052,0.569206714630127,-9.967238755545546e-06,-13.270258903503418,4.868276596069336,25.729660034179688,-19.54692649841309,-7.0967512130737305,0.0,0.0511439569797323,0.0331361598597668,2587.355095388118,989.2166051306356,0.1225699378567761,3298.888868518579,618.377818596018,5388.613084270753,2186.2374120966742,17.41030789587005,6.31875035713521,1.381427764892578,1.5512539148330688,1.0,0.0321521586229734,4.0,0.577545234280848,0.5453930756578745,0.4645670354366302,0.4764324128627777,0.4121871292591095,0.3973218202590942,0.4699628949165344,0.4346443116664886,0.4445078670978546,0.4447647333145141,0.5073989629745483,0.4258527159690857,0.4231299757957458,0.4870947897434234,-113.25505828857422,144.54637145996094,-18.731348037719727,47.89165496826172,-5.7442731857299805,13.333799362182615,-4.96116304397583,10.10972023010254,1.1245018243789673,1.1371819972991943,2.622642755508423,2.683750629425049,-1.2247910499572754,63.83192825317383,29.016010284423828,23.765230178833008,19.689903259277344,14.668437004089355,13.842519760131836,14.051718711853027,11.63201141357422,11.633051872253418,9.737204551696776,10.90674877166748,10.555286407470703,8.974796295166016,,,,0.0,,,,,,,,excluded_wrong_sensor_fit,"Sensor readings are structurally plausible, but the sensor was worn incorrectly.",no,positive,1,,0,0,1
Official_run_1,self_20260531_155844,clip_069,5,One More Time,Daft Punk,Dance,high,positive,excited,2026-05-31T16:02:51.944,2026-05-31T16:03:12.000,2026-05-31T16:03:14.045,2026-05-31T16:03:44.046,positive,positive,4,yes,human_rating_only,excluded_wrong_sensor_fit,"Sensor readings are structurally plausible, but the sensor was worn incorrectly.",,,,Discovery,https://audio-ssl.itunes.apple.com/itunes-assets/AudioPreview112/v4/98/96/f6/9896f638-8b47-3f76-c47e-19e43b53677c/mzaf_15900001332254520801.plus.aac.p.m4a,697195462,30.003537414965987,123.046875,50.0,1.666470166783055,0.4883298625572678,0.0049246703511049,0.990015965343354,7.0991629104958145,0.1854979693889618,0.0972742885351181,0.4711125195026397,1.8979196619062237e-05,-15.693255424499512,4.257691383361816,19.208873748779297,-21.90614891052246,-9.768023490905762,0.0,0.1098935036871373,0.0685738163555381,5492.7667978857135,1350.9753997983885,-0.1811976577451585,5596.148345676397,368.5083057929541,12099.102828064557,1957.4762360390907,15.613954073451549,4.547340763783635,1.121944785118103,0.9413952231407166,0.0,0.0582978741295128,11.0,0.5041346867590785,0.5624325608885913,0.4753965139389038,0.6036725044250488,0.6477454304695129,0.4933515787124634,0.5836672782897949,0.4508545994758606,0.4952680170536041,0.4271180331707001,0.4573660492897033,0.4835337400436401,0.47635018825531,0.5680251121520996,-76.546630859375,67.9990463256836,-4.672092914581299,20.70635414123535,6.186779975891113,20.549631118774418,5.2013726234436035,12.98165512084961,4.50253438949585,6.1674723625183105,-2.7562286853790283,2.8260385990142822,0.2396473735570907,39.9121208190918,19.2226619720459,11.474607467651367,14.262299537658691,10.365242004394531,10.485018730163574,8.618083000183105,9.511021614074709,8.701277732849121,6.579823017120361,7.095355033874512,7.3506293296813965,6.785974979400635,,,,0.0,,,,,,,,excluded_wrong_sensor_fit,"Sensor readings are structurally plausible, but the sensor was worn incorrectly.",no,positive,1,,0,0,1
Official_run_1,self_20260531_155844,clip_037,6,"A Love Supreme, Pt. 1: Acknowledgement",John Coltrane,Jazz,medium,positive,relaxed,2026-05-31T16:03:51.781,2026-05-31T16:04:11.789,2026-05-31T16:04:13.836,2026-05-31T16:04:43.840,neutral,neutral,1,yes,human_rating_only,excluded_wrong_sensor_fit,"Sensor readings are structurally plausible, but the sensor was worn incorrectly.",,,,A Love Supreme,https://audio-ssl.itunes.apple.com/itunes-assets/AudioPreview211/v4/46/57/ad/4657ad07-9bb1-a8f9-75d3-61a3f1d3dc8b/mzaf_2837170089287274786.plus.aac.p.m4a,1440713020,30.000453514739228,120.18531976744184,56.0,1.8666384483983611,0.4960626674912389,0.02499439844715,0.9520313607068418,5.666581004066455,0.0748967006802558,0.0424531809985637,0.2930619418621063,1.4670077212981868e-05,-24.412240982055664,6.593242168426514,37.95697784423828,-33.8129997253418,-18.15361785888672,0.0170212765957446,0.063583096590909,0.0599640972868761,3585.370033338316,1677.5590529211977,-0.1192802132609251,4580.1106417047295,983.9219166046912,7825.499217994439,3785.07969564922,18.7011505179219,6.122253128731311,1.0467010736465454,1.0509116649627686,1.0,0.0979479759082777,5.0,0.5230876991788279,0.4251397232705502,0.4298890829086303,0.2703169286251068,0.281221866607666,0.3380708396434784,0.4139704704284668,0.6053873300552368,0.4969249963760376,0.5293394923210144,0.4678085148334503,0.4633570313453674,0.5449268221855164,0.3790659308433532,-238.75033569335935,109.74669647216795,12.403142929077148,32.35225296020508,2.827794075012207,17.93385887145996,-0.9247744679450988,1.3286941051483154,-8.630887031555176,-1.5358495712280271,-5.018244743347168,3.6305594444274902,-6.973410129547119,62.993289947509766,32.14613723754883,34.2739143371582,16.62520980834961,10.982457160949709,9.413957595825195,9.3154935836792,11.049689292907717,9.713887214660645,9.222489356994627,7.091289043426514,9.215887069702148,8.471887588500977,,,,0.0,,,,,,,,excluded_wrong_sensor_fit,"Sensor readings are structurally plausible, but the sensor was worn incorrectly.",no,neutral,0,,0,0,0
Official_run_1,self_20260531_155844,clip_012,7,Breathe Me,Sia,Pop,low,negative,sad,2026-05-31T16:04:49.053,2026-05-31T16:05:09.056,2026-05-31T16:05:11.109,2026-05-31T16:05:41.113,negative,negative,1,yes,human_rating_only,excluded_wrong_sensor_fit,"Sensor readings are structurally plausible, but the sensor was worn incorrectly.",,,,Colour the Small One (Bonus Track Version),https://audio-ssl.itunes.apple.com/itunes-assets/AudioPreview115/v4/31/8a/cb/318acbb2-3fd1-3456-8b75-259ade2897c2/mzaf_4431027103322451782.plus.aac.p.m4a,714521368,29.92907029478458,120.18531976744184,56.0,1.871090529990787,0.4956404864976293,0.0374981339146329,0.9296653206521848,4.443840008728119,0.1739237755537033,0.0363611243665218,0.2657986581325531,6.334641709272566e-06,-15.413087844848633,2.0700719356536865,20.242008209228516,-17.887781143188477,-13.137408256530762,0.0,0.0295629863872187,0.0251706736428214,1873.789703449197,1312.9622827483952,-0.2604597764774949,3137.442311847128,1443.9701246420648,4209.540746672566,3902.653887964272,21.073765611408025,7.5769434503164845,0.9436010718345642,0.8026597499847412,0.0,0.1516472597242279,9.0,0.4831091496850619,0.6347564094092899,0.5619454979896545,0.3859412670135498,0.3231821358203888,0.3681260049343109,0.5601825714111328,0.5400649905204773,0.4093023836612701,0.4975521564483642,0.5140363574028015,0.5782501697540283,0.540983259677887,0.5162800550460815,-218.3816375732422,187.0381317138672,32.18424987792969,3.832663774490357,7.946383953094482,21.9977970123291,-14.92686653137207,29.260915756225582,-3.993361711502075,2.6566600799560547,16.363910675048828,1.5190037488937378,-5.227968692779541,65.6442642211914,46.994415283203125,18.69034194946289,19.19952392578125,15.407273292541504,14.704822540283203,20.476152420043945,16.98105812072754,17.148889541625977,10.850326538085938,10.594630241394045,9.062575340270996,12.21540641784668,,,,0.0,,,,,,,,excluded_wrong_sensor_fit,"Sensor readings are structurally plausible, but the sensor was worn incorrectly.",no,negative,-1,,0,0,0
Official_run_1,self_20260531_155844,clip_015,8,Affection,Jinsang,Hip-Hop/Rap,low,positive,relaxed,2026-05-31T16:05:46.401,2026-05-31T16:06:06.420,2026-05-31T16:06:08.463,2026-05-31T16:06:38.474,neutral,neutral,1,yes,human_rating_only,excluded_wrong_sensor_fit,"Sensor readings are structurally plausible, but the sensor was worn incorrectly.",,,,Life,https://audio-ssl.itunes.apple.com/itunes-assets/AudioPreview221/v4/27/7f/5a/277f5a90-6ca3-a8e8-931c-8dd7c1d472fd/mzaf_4569701282117560653.plus.aac.p.m4a,1860643762,30.00018140589569,147.65625,66.0,2.199986696981424,0.373662654805512,0.0333326477400754,0.918100657350113,3.0999812548374615,0.0946882143616676,0.0995771586894989,0.4988142549991607,5.793132681338213e-05,-25.87610244750977,11.58001708984375,80.0,-45.92416763305664,-13.332756042480469,0.1117988394584139,0.0170258099613152,0.0112508485275809,850.0167138326675,562.7273486744958,-0.2138073879315885,1519.4107655698124,788.4733314097213,1406.6637829424565,1580.5765342551983,17.595869618106345,7.626960908498958,0.8372315764427185,1.307709813117981,1.0,0.0270722501042786,7.0,0.4170742274778916,0.3900019773736129,0.5707889795303345,0.4078552722930908,0.3870339691638946,0.3632196187973022,0.347467839717865,0.3498164117336273,0.4701185524463653,0.5332318544387817,0.4995464384555816,0.4723362326622009,0.4181186854839325,0.5103999376296997,-357.72222900390625,137.90121459960938,49.674705505371094,35.39704895019531,21.9663143157959,13.164504051208496,3.2766361236572266,-2.612488269805908,-1.996809482574463,-7.932086944580078,-8.588091850280762,-8.226872444152832,-7.012143611907959,80.19440460205078,51.31916809082031,35.88880157470703,16.937522888183594,11.998796463012695,10.787312507629396,9.344497680664062,9.066261291503906,9.590195655822754,10.48121452331543,10.927774429321287,9.515118598937988,8.17170238494873,,,,0.0,,,,,,,,excluded_wrong_sensor_fit,"Sensor readings are structurally plausible, but the sensor was worn incorrectly.",no,neutral,0,,0,0,0
Official_run_1,self_20260531_155844,clip_043,9,Moonlight Sonata,London Philharmonic Orchestra,Classical,low,negative,sad,2026-05-31T16:06:47.520,2026-05-31T16:07:07.527,2026-05-31T16:07:09.579,2026-05-31T16:07:39.594,negative,negative,4,yes,human_rating_only,excluded_wrong_sensor_fit,"Sensor readings are structurally plausible, but the sensor was worn incorrectly.",,,,With Love... From Beethoven,https://audio-ssl.itunes.apple.com/itunes-assets/AudioPreview115/v4/52/a4/c4/52a4c4ab-c8ff-edc2-1d9e-6d6207e3df36/mzaf_10898931435537392814.plus.aac.p.m4a,415535337,29.92907029478458,166.70866935483872,53.0,1.7708535373127092,0.3583464154892726,0.0231112861921694,0.9394132400780052,2.8066357949861804,0.0134057281538844,0.0044492725282907,0.0233782976865768,1.1723970284605604e-06,-37.91010284423828,2.8043618202209473,14.734846115112305,-41.33763885498047,-34.15718460083008,0.0011636927851047,0.0207000566694142,0.0037071986206054,667.3706436869367,79.16925244488613,0.0400230279888593,991.098024921986,143.62065205146632,1060.9654748412045,203.6025939069352,19.548140701324865,5.733803336833592,0.5044224858283997,0.4775686860084533,0.0,0.2664342605125422,1.0,0.4873489048285571,0.7537831653410993,0.2820505797863006,0.4826395809650421,0.2919355928897857,0.3434912264347076,0.4293800592422485,0.2774302959442138,0.2923452258110046,0.3281137645244598,0.5131696462631226,0.3517857789993286,0.1431442499160766,0.1384624391794204,-538.1480712890625,239.9501495361328,50.88775634765625,-24.496627807617188,-3.487523317337036,11.148911476135254,-2.688466787338257,-13.646881103515623,-11.345566749572754,-9.01758098602295,-10.401016235351562,-8.943965911865234,-6.101633548736572,26.31550407409668,12.948945045471191,18.217727661132812,7.295042514801025,11.259424209594728,5.513057708740234,7.863327980041504,5.67289400100708,8.043460845947266,6.8990302085876465,6.062544822692871,5.444761276245117,5.9953203201293945,,,,0.0,,,,,,,,excluded_wrong_sensor_fit,"Sensor readings are structurally plausible, but the sensor was worn incorrectly.",no,negative,-1,,0,0,0
Official_run_1,self_20260531_155844,clip_064,10,Gold Digger (feat. Jamie Foxx),Kanye West,Hip-Hop/Rap,high,positive,excited,2026-05-31T16:07:45.534,2026-05-31T16:08:05.538,2026-05-31T16:08:07.586,2026-05-31T16:08:37.605,positive,positive,3,yes,human_rating_only,excluded_wrong_sensor_fit,"Sensor readings are structurally plausible, but the sensor was worn incorrectly.",,,,Late Registration,https://audio-ssl.itunes.apple.com/itunes-assets/AudioPreview125/v4/3e/3d/10/3e3d10bb-41c8-cf98-e7de-126cf72b186a/mzaf_14398557118566661017.plus.aac.p.m4a,1440763833,29.92907029478458,92.28515625,46.0,1.5369672210638607,0.6506747291509196,0.0422489437908386,0.9390279976848332,5.713508582650439,0.3622438609600067,0.1232725530862808,0.5026906728744507,1.3692009803606303e-06,-9.60953140258789,4.209800720214844,23.63035774230957,-15.77365779876709,-6.452725410461426,0.0,0.0448917599035104,0.0417747460536271,2838.603273711183,1344.849845210945,-0.0593449885827074,3485.3933594172777,697.6406708257568,6318.458224489672,2679.8598996694436,18.86775771342869,8.333435832377022,1.562983751296997,1.6240229606628418,1.0,0.1387122234157906,8.0,0.4157516311665146,0.277039407750724,0.567577600479126,0.5893475413322449,0.6419641375541687,0.6809741854667664,0.6154059171676636,0.5816577076911926,0.5508306622505188,0.5752145648002625,0.6144124865531921,0.5739203691482544,0.5359352827072144,0.5408626198768616,-102.66032409667967,125.29486083984376,-20.033618927001953,59.863258361816406,5.625967025756836,41.31367111206055,-11.12486171722412,14.405301094055176,7.145122051239014,1.3216458559036257,3.463247776031494,7.390164375305176,2.3898324966430664,59.6865348815918,33.92915725708008,21.40684700012207,20.95733070373535,19.29189109802246,16.978490829467773,14.374479293823242,13.089189529418944,11.13821506500244,11.099075317382812,10.439966201782228,8.85884952545166,8.76012134552002,,,,0.0,,,,,,,,excluded_wrong_sensor_fit,"Sensor readings are structurally plausible, but the sensor was worn incorrectly.",no,positive,1,,0,0,1
Official_run_1,self_20260531_155844,clip_044,11,Seasons (Spring): I. Allegro,Jonathan Carney & Royal Philharmonic Orchestra,Classical,high,positive,happy,2026-05-31T16:08:46.809,2026-05-31T16:09:06.814,2026-05-31T16:09:08.863,2026-05-31T16:09:38.874,positive,positive,3,yes,human_rating_only,excluded_wrong_sensor_fit,"Sensor readings are structurally plausible, but the sensor was worn incorrectly.",,,,Vivaldi: The Four Seasons - Bach: Brandenburg Concerto No. 3,https://audio-ssl.itunes.apple.com/itunes-assets/AudioPreview125/v4/02/9f/55/029f5545-d06a-2be9-c094-b546b10fcf3b/mzaf_12107630082563112319.plus.aac.p.m4a,201439676,29.92907029478458,109.9567819148936,53.0,1.7708535373127092,0.551920460491889,0.0324777443974731,0.944425318001068,7.985547083353538,0.0154433213174343,0.0066781248897314,0.0392666533589363,-2.0593543639134876e-06,-36.98482894897461,3.6283833980560303,20.293899536132812,-41.67018127441406,-32.180503845214844,0.0065942591155934,0.0916951655231768,0.0237423215336301,2784.70523198876,410.8998695811375,0.1407560183822559,2572.9906585830727,289.39198208345744,4505.810224889691,724.9267146173781,21.945033034725675,10.197586518931647,1.1837395429611206,0.5552857518196106,0.0,0.0948758593695642,8.0,0.6961231434833074,0.7909990028528716,0.1599366813898086,0.1798339486122131,0.1021718829870224,0.16506989300251,0.2908694744110107,0.1096320524811744,0.1362148970365524,0.1272364854812622,0.5386902689933777,0.315030425786972,0.2187943160533905,0.5991327166557312,-405.7602844238281,113.44668579101562,-80.23943328857422,11.023589134216309,-17.396413803100586,-1.2477467060089111,-14.24769115447998,17.10624122619629,17.403230667114258,23.220212936401367,14.533895492553713,5.436243057250977,-11.764663696289062,38.74455642700195,25.87108612060547,20.28960227966309,12.435781478881836,10.382539749145508,10.216083526611328,8.472664833068848,10.173401832580566,14.941092491149902,14.540180206298828,12.266315460205078,18.897537231445312,20.81514358520508,,,,0.0,,,,,,,,excluded_wrong_sensor_fit,"Sensor readings are structurally plausible, but the sensor was worn incorrectly.",no,positive,1,,0,0,1
Official_run_1,self_20260531_155844,clip_028,12,So What,Miles Davis,Jazz,medium,positive,relaxed,2026-05-31T16:09:44.882,2026-05-31T16:10:04.886,2026-05-31T16:10:06.939,2026-05-31T16:10:36.958,neutral,neutral,4,yes,human_rating_only,excluded_wrong_sensor_fit,"Sensor readings are structurally plausible, but the sensor was worn incorrectly.",,,,Kind of Blue,https://audio-ssl.itunes.apple.com/itunes-assets/AudioPreview211/v4/54/e8/0a/54e80a8b-1d60-6b59-e908-6fd65c4ff783/mzaf_2469862574651846302.plus.aac.p.m4a,268443097,30.018979591836736,135.99917763157896,67.0,2.2319213014895336,0.4427623170480313,0.0087831151229353,0.9805487676384912,3.631036147199391,0.0378694757819175,0.0287259686738252,0.1812237799167633,-3.018468089030465e-06,-31.15055274963379,7.323376655578613,36.29842376708984,-41.595306396484375,-22.324867248535156,0.0348027842227378,0.0298999571007347,0.0218461771426188,3009.2211832079424,1457.7715561697312,0.1543574944114395,4717.99359353214,1147.2006411389457,7187.035453070621,4460.647841639411,16.119771915320143,4.947357343950466,1.07239830493927,1.259458065032959,0.0,0.1098426506579728,2.0,0.158739429466179,0.2685820801241519,0.4949960112571716,0.5256370306015015,0.6683183312416077,0.67038893699646,0.5578993558883667,0.4845958650112152,0.3787474632263183,0.3786709308624267,0.4018851220607757,0.3852291107177734,0.409318745136261,0.4717181622982025,-371.7304382324219,114.04959106445312,34.16997146606445,35.250518798828125,13.811850547790527,14.521366119384766,2.713385820388794,12.966222763061523,-4.237756729125977,3.785321712493897,5.459108829498291,5.850215911865234,1.8333321809768677,73.20051574707031,44.37495040893555,16.366287231445312,19.86033058166504,14.856773376464844,10.787543296813965,12.538779258728027,8.973613739013672,7.588870525360107,9.56690788269043,11.003931999206545,8.445820808410645,7.684144020080566,,,,0.0,,,,,,,,excluded_wrong_sensor_fit,"Sensor readings are structurally plausible, but the sensor was worn incorrectly.",no,neutral,0,,0,0,0
Official_run_1,self_20260531_155844,clip_130,13,Mi Gente,J Balvin & Willy William,Urbano latino,high,positive,excited,2026-05-31T16:10:43.185,2026-05-31T16:11:03.190,2026-05-31T16:11:05.234,2026-05-31T16:11:35.240,neutral,neutral,2,yes,human_rating_only,excluded_wrong_sensor_fit,"Sensor readings are structurally plausible, but the sensor was worn incorrectly.",,,,Vibras,https://audio-ssl.itunes.apple.com/itunes-assets/AudioPreview221/v4/de/bf/1f/debf1ffb-3440-93ce-b0a8-1477874a2419/mzaf_16600081962078547731.plus.aac.p.m4a,1368816792,30.000453514739228,139.6748310810811,68.0,2.2666324016265817,0.4307821437032524,0.0357215747010974,0.9234270311429004,4.766594609302959,0.2948469817638397,0.1584097743034362,0.6084287762641907,-8.604728410307426e-05,-12.40211296081543,6.53411340713501,49.556915283203125,-19.89325904846191,-5.621789932250977,0.0034816247582205,0.0717388101426499,0.0670868751251411,3949.92660346778,1519.781786980291,0.1953350244311447,4149.1427161048805,763.458026541615,8420.648630168036,2717.6416833642406,19.62524851144123,8.309152649588082,1.5153539180755615,1.9790297746658323,0.0,0.145849538267369,4.0,0.2876731335224562,0.4335226717898253,0.4421043395996094,0.476792573928833,0.519045889377594,0.5332418084144592,0.5850593447685242,0.5317122340202332,0.566035270690918,0.5111806988716125,0.4078839421272278,0.4070323705673218,0.4338545501232147,0.4697527289390564,-99.88566589355467,93.06526184082033,-17.084753036499023,38.29397964477539,-6.083555221557617,33.3803596496582,-14.675912857055664,9.742332458496094,-0.1061170175671577,1.414786696434021,-9.068161964416504,6.0914740562438965,4.008826732635498,71.57157135009766,40.487552642822266,25.121505737304688,19.33612060546875,18.18843650817871,16.76764488220215,13.423087120056152,13.322237014770508,12.717551231384276,12.75620460510254,10.400449752807615,12.322608947753906,11.237642288208008,,,,0.0,,,,,,,,excluded_wrong_sensor_fit,"Sensor readings are structurally plausible, but the sensor was worn incorrectly.",no,neutral,0,,0,0,0
Official_run_1,self_20260531_155844,clip_004,14,Blinding Lights,The Weeknd,R&B/Soul,high,positive,excited,2026-05-31T16:11:45.152,2026-05-31T16:12:05.163,2026-05-31T16:12:07.211,2026-05-31T16:12:37.218,positive,positive,4,yes,human_rating_only,excluded_wrong_sensor_fit,"Sensor readings are structurally plausible, but the sensor was worn incorrectly.",,,,Blinding Lights - Single,https://audio-ssl.itunes.apple.com/itunes-assets/AudioPreview211/v4/17/b4/8f/17b48f9a-0b93-6bb8-fe1d-3a16623c2cfb/mzaf_9560252727299052414.plus.aac.p.m4a,1488408568,30.000544217687075,86.1328125,44.0,1.4666400609512753,0.6936286452565522,0.0373146695147161,0.9489499818102954,5.133240213329463,0.3419096171855926,0.0888964384794235,0.580441415309906,4.341766412548139e-06,-9.687634468078612,2.7966513633728027,26.009206771850582,-12.547212600708008,-6.861356258392334,0.0,0.0517453457446808,0.0297914033945898,2888.9763249220605,903.2617858397692,-0.0362678479270297,3542.7099332765133,605.3392785613922,6067.640137663201,1587.3065059647483,17.189886918120195,7.288704644046334,1.159437894821167,1.084209442138672,0.0,0.0890968967536301,5.0,0.3650193615178201,0.4541162582714502,0.5141756534576416,0.4240771234035492,0.465857982635498,0.6086974740028381,0.5299245119094849,0.6613231301307678,0.4727427661418915,0.4860886633396148,0.3920520544052124,0.3548628985881805,0.3966819643974304,0.3824305534362793,-56.40851593017578,131.39971923828125,-27.32323455810547,52.718170166015625,-7.170202255249023,18.25695037841797,1.3740769624710083,12.994233131408691,5.089117050170898,5.290777206420898,6.443491458892822,10.426191329956056,8.760102272033691,43.59491729736328,27.2769775390625,16.28904151916504,13.78345775604248,12.827841758728027,11.707520484924316,11.380204200744627,8.90747356414795,8.035173416137695,7.270853042602539,7.356086254119873,7.951707363128662,6.551322937011719,,,,0.0,,,,,,,,excluded_wrong_sensor_fit,"Sensor readings are structurally plausible, but the sensor was worn incorrectly.",no,positive,1,,0,0,1
Official_run_1,self_20260531_155844,clip_087,15,"Happy (From ""Despicable Me 2"")",Pharrell Williams,Pop,high,positive,happy,2026-05-31T16:12:43.124,2026-05-31T16:13:03.132,2026-05-31T16:13:05.183,2026-05-31T16:13:35.198,positive,positive,4,yes,human_rating_only,excluded_wrong_sensor_fit,"Sensor readings are structurally plausible, but the sensor was worn incorrectly.",,,,G I R L,https://audio-ssl.itunes.apple.com/itunes-assets/AudioPreview221/v4/4c/ba/89/4cba89f1-1a8a-3f33-b3ac-d88bcad8b996/mzaf_17135561476274403451.plus.aac.p.m4a,863835363,30.018979591836736,161.4990234375,73.0,2.4317948508766563,0.375228017132779,0.0129552858059589,0.9666258550847472,4.730340668828564,0.2429245710372924,0.1021552681922912,0.5581969618797302,2.1915728338711485e-05,-13.218719482421877,4.371671199798584,34.53777313232422,-18.632583618164062,-8.222345352172852,0.0,0.0806974453789636,0.0638463786446933,4176.3672851786605,2062.7586211430075,0.1434298722054599,4468.150386466145,1106.010941582674,8986.215344493185,4118.995996636742,17.615946864771107,7.553691400046944,1.4007999897003174,1.930512547492981,0.0,0.2359159380051588,5.0,0.4717306888678316,0.7076466268729905,0.489828884601593,0.4137952327728271,0.3939327299594879,0.4444522857666015,0.4818751513957977,0.5528068542480469,0.4590705335140228,0.4928515255451202,0.5323898196220398,0.4839040338993072,0.4592496752738952,0.4526126086711883,-108.72643280029295,98.82530975341795,22.649084091186523,50.35694122314453,-8.353835105895996,27.77614974975586,-7.861414909362793,10.455682754516602,-3.7036619186401367,7.80169677734375,-2.3865208625793457,0.7059230804443359,-5.239141464233398,87.04071044921875,41.54251480102539,25.15685653686523,17.743106842041016,18.381309509277344,14.535351753234863,12.432275772094728,13.656646728515623,11.318769454956056,9.484872817993164,10.217965126037598,9.694034576416016,8.117754936218262,,,,0.0,,,,,,,,excluded_wrong_sensor_fit,"Sensor readings are structurally plausible, but the sensor was worn incorrectly.",no,positive,1,,0,0,1
Official_run_1,self_20260531_155844,clip_016,16,Snowman,WYS,Hip-Hop/Rap,low,positive,relaxed,2026-05-31T16:13:40.587,2026-05-31T16:14:00.589,2026-05-31T16:14:02.639,2026-05-31T16:14:32.656,neutral,neutral,1,yes,human_rating_only,excluded_wrong_sensor_fit,"Sensor readings are structurally plausible, but the sensor was worn incorrectly.",,,,1 Am. Study Session,https://audio-ssl.itunes.apple.com/itunes-assets/AudioPreview116/v4/13/40/7e/13407efa-6339-95ca-43bb-10e6b4ed7d45/mzaf_14924717282078687816.plus.aac.p.m4a,1710121829,30.000453514739228,112.34714673913044,53.0,1.7666399600913063,0.545222396650968,0.0138426652712365,0.9752396166134188,2.7332920137261723,0.267011821269989,0.0935398936271667,0.4680182933807373,-1.755966158671916e-05,-12.711015701293944,6.039991855621338,39.08341979980469,-20.171796798706055,-9.609747886657717,0.0003868471953578,0.0113645808147969,0.0168555519400975,471.4655067825043,425.5599394575208,0.0866721664954539,754.9811595836501,357.39986013637093,786.9323659634913,806.5465715193865,20.45080777166137,6.627899106053943,0.8064615726470947,1.4245213270187378,0.0,0.2121506931215575,9.0,0.2550302292787084,0.4671809224002659,0.7880604863166809,0.7116963863372803,0.6160541772842407,0.6058987379074097,0.6537206768989563,0.5574696063995361,0.4228352308273315,0.4551217555999756,0.5568286776542664,0.6830848455429077,0.6356566548347473,0.6844751238822937,-321.0509948730469,167.98007202148438,45.75089645385742,23.302377700805664,38.72187042236328,35.690853118896484,18.334423065185547,6.286853313446045,7.153210163116455,9.897122383117676,10.704614639282228,7.54619026184082,-0.5753098130226135,72.33643341064453,48.34713363647461,43.644004821777344,40.40274429321289,19.200956344604492,15.571573257446287,15.597393989562988,13.056013107299805,9.892321586608888,7.8749613761901855,9.24252223968506,7.594190120697021,8.667585372924805,,,,0.0,,,,,,,,excluded_wrong_sensor_fit,"Sensor readings are structurally plausible, but the sensor was worn incorrectly.",no,neutral,0,,0,0,0
Official_run_1,self_20260531_155844,clip_067,17,Titanium (feat. Sia),David Guetta,Dance,high,positive,excited,2026-05-31T16:14:39.259,2026-05-31T16:14:59.265,2026-05-31T16:15:01.309,2026-05-31T16:15:31.312,negative,negative,5,yes,human_rating_only,excluded_wrong_sensor_fit,"Sensor readings are structurally plausible, but the sensor was worn incorrectly.",,,,Nothing But the Beat,https://audio-ssl.itunes.apple.com/itunes-assets/AudioPreview211/v4/45/dd/8f/45dd8ffc-0164-1f70-c53d-bf91a1d80b1a/mzaf_3092057092144618662.plus.aac.p.m4a,693226464,30.003537414965987,126.04801829268293,61.0,2.033093603475327,0.4841360544217687,0.0232489614738874,0.9541788567940906,3.4995873502444157,0.2850265204906463,0.0667169317603111,0.5521447658538818,-2.0885335084194225e-05,-11.144585609436035,2.090791940689087,16.326271057128906,-14.354425430297852,-9.239697456359863,0.0,0.11654243985735,0.050197035175969,4027.194260858992,1158.6323382820988,0.8276235639791748,3942.9332192914303,666.4867403238397,8663.753078910784,2364.6997370065214,17.951550791805285,8.057186046869877,1.0526373386383057,0.6729202270507812,0.0,0.131421566034238,7.0,0.6765494064439241,0.8079709724781622,0.5007414221763611,0.3330957293510437,0.5102654695510864,0.4200544655323028,0.29598468542099,0.3811805844306946,0.3326686322689056,0.5134860277175903,0.3232927620410919,0.3815949857234955,0.5524598360061646,0.4271035194396972,-26.28992080688477,118.02265167236328,-39.86174011230469,25.049510955810547,-24.871490478515625,14.957910537719728,-27.5795841217041,23.634517669677734,-13.840511322021484,-5.089869022369385,6.499046325683594,-6.5575361251831055,-6.1888813972473145,40.332740783691406,34.692996978759766,18.89675521850586,16.240327835083008,14.051267623901367,11.654414176940918,17.762468338012695,12.96321964263916,10.934796333312988,11.589507102966309,11.73452377319336,11.058890342712402,9.945422172546388,,,,0.0,,,,,,,,excluded_wrong_sensor_fit,"Sensor readings are structurally plausible, but the sensor was worn incorrectly.",no,negative,-1,,0,0,0
Official_run_1,self_20260531_155844,clip_041,18,Eine Kleine Nachtmusik,Felix Pando,Children's Music,medium,positive,happy,2026-05-31T16:15:39.752,2026-05-31T16:15:59.767,2026-05-31T16:16:01.820,2026-05-31T16:16:31.839,neutral,neutral,1,yes,human_rating_only,excluded_wrong_sensor_fit,"Sensor readings are structurally plausible, but the sensor was worn incorrectly.",,,,Mozart for Babies,https://audio-ssl.itunes.apple.com/itunes-assets/AudioPreview125/v4/7c/c3/d4/7cc3d4e2-b2b8-2918-f830-df19e22ce369/mzaf_8420718696775812519.plus.aac.p.m4a,219337059,29.92907029478458,103.359375,52.0,1.7374412064200164,0.5830029789693656,0.0373076617137928,0.9398564859814345,3.6753563981961888,0.1147082522511482,0.0621802620589733,0.2995511889457702,3.336929209003867e-05,-20.591371536254883,6.372030258178711,38.271728515625,-29.909883499145508,-14.04002285003662,0.0054305663304887,0.0487595610696276,0.0231251790435414,1825.7725390960431,825.8147473357782,0.3318771574846459,2749.439407293508,905.4939731012528,2839.517844046984,2247.15932103421,22.53114536047932,6.977067454795907,0.8998592495918274,0.97331041097641,1.0,0.0332689645034292,5.0,0.8704348657850265,0.8371659012815973,0.3753402531147003,0.161445751786232,0.2269408553838729,0.1424832791090011,0.2541677355766296,0.317911148071289,0.1614163517951965,0.2387103140354156,0.1726248860359192,0.3235475420951843,0.2184255570173263,0.1694409251213073,-298.1005554199219,156.29513549804688,-11.058148384094238,-4.4425153732299805,1.5587568283081057,1.358201265335083,-8.637855529785156,-1.258204221725464,-8.508540153503418,-8.997061729431152,-14.161504745483398,-8.656989097595215,-10.607370376586914,77.13827514648438,52.941017150878906,36.1436767578125,16.933536529541016,18.84877586364746,11.591325759887695,14.78055191040039,16.092077255249023,18.285648345947266,13.79444408416748,10.642658233642578,9.908117294311523,11.30551052093506,,,,0.0,,,,,,,,excluded_wrong_sensor_fit,"Sensor readings are structurally plausible, but the sensor was worn incorrectly.",no,neutral,0,,0,0,0
Official_run_1,self_20260531_155844,clip_026,19,Tennessee Whiskey,Chris Stapleton,Country,medium,positive,relaxed,2026-05-31T16:16:36.566,2026-05-31T16:16:56.610,2026-05-31T16:16:58.659,2026-05-31T16:17:28.698,neutral,neutral,3,yes,human_rating_only,excluded_wrong_sensor_fit,"Sensor readings are structurally plausible, but the sensor was worn incorrectly.",,,,Traveller,https://audio-ssl.itunes.apple.com/itunes-assets/AudioPreview221/v4/e3/7e/a3/e37ea341-37f0-9dcb-4d6a-e3f0a2c1ae26/mzaf_2775390428315622059.plus.aac.p.m4a,1440827492,30.00498866213152,151.99908088235293,74.0,2.466256555977086,0.3968067592333737,0.0133613191707008,0.9674247707849708,3.1994679645108146,0.1561359763145446,0.0606661178171634,0.3489007949829101,2.6140484680460497e-06,-16.91231346130371,3.9792792797088623,24.975128173828125,-22.30946350097656,-13.254841804504396,0.0,0.0377890020551257,0.0283966808142512,2144.558334923018,1130.7722187538266,-0.0181169304618601,2910.894972266166,1032.895522843244,4427.7097059356865,2703.2817611757114,19.375807397870098,7.579337338299692,1.0782220363616943,1.3208495378494265,0.0,0.0117545272666175,9.0,0.4044440603458639,0.4161985876124814,0.5022662281990051,0.5100462436676025,0.4336030185222626,0.368035614490509,0.4408390522003174,0.4367519617080688,0.4672087132930755,0.429200530052185,0.4513367712497711,0.5278239846229553,0.4837493598461151,0.5119596123695374,-181.48403930664065,152.21571350097656,-14.408682823181152,40.39857482910156,4.083228588104248,14.418054580688477,9.562813758850098,8.172767639160156,0.0987692847847938,0.934542715549469,5.7719597816467285,0.1693669110536575,2.7788405418395996,73.79086303710938,30.431520462036133,29.48270034790039,21.47991371154785,20.301023483276367,12.39991569519043,10.90374755859375,13.670649528503418,9.489337921142578,8.323737144470215,9.88018798828125,9.555283546447754,7.712932586669922,,,,0.0,,,,,,,,excluded_wrong_sensor_fit,"Sensor readings are structurally plausible, but the sensor was worn incorrectly.",no,neutral,0,,0,0,0
Official_run_1,self_20260531_155844,clip_047,20,Swan Lake,ASMR,New Age,medium,negative,tense,2026-05-31T16:17:41.083,2026-05-31T16:18:01.111,2026-05-31T16:18:03.154,2026-05-31T16:18:33.155,negative,negative,3,yes,human_rating_only,excluded_wrong_sensor_fit,"Sensor readings are structurally plausible, but the sensor was worn incorrectly.",,,,ASMR Meditation White Noise + Swan Lake Tchaikovsky healing Music,https://audio-ssl.itunes.apple.com/itunes-assets/AudioPreview116/v4/1e/61/fe/1e61fea2-3623-8b8f-7ea2-96e19801eb6c/mzaf_4401320053676719270.plus.aac.p.m4a,1597721194,29.92907029478458,123.046875,62.0,2.071564515346943,0.4782930002602134,0.0305236889059156,0.9400104407818476,10.658533554768947,0.0728362873196601,0.0277472659945487,0.1911617517471313,4.61730672080507e-06,-23.26079750061035,2.8531668186187744,16.68695068359375,-26.70982551574707,-19.454099655151367,0.0,0.1305538677632854,0.0436280765621798,5306.190631973905,634.2422301426735,-0.0692685729207474,5098.830081716867,196.36178317066003,11952.898966313518,757.1310350273694,19.280407961926247,10.962084073235786,0.98609459400177,0.3724740147590637,1.0,0.031948405572131,5.0,0.5020248148996463,0.4700764093275152,0.5003452301025391,0.3252132534980774,0.2920776605606079,0.3286113440990448,0.47017502784729,0.5236542820930481,0.4313187897205353,0.3613276481628418,0.3588272631168365,0.44263356924057,0.4469741880893707,0.5211834907531738,-128.5263214111328,85.58120727539062,-17.695390701293945,21.88796615600586,-4.027816295623779,16.530467987060547,-14.267461776733398,18.19097900390625,-19.859132766723633,2.291662216186523,-11.031204223632812,13.286892890930176,-11.753190994262695,12.524797439575195,11.971478462219238,8.443702697753906,7.300303936004639,6.703753471374512,6.286098003387451,6.585216999053955,6.368107318878174,5.815006256103516,5.909394264221191,6.061335563659668,6.292724609375,6.466887950897217,,,,0.0,,,,,,,,excluded_wrong_sensor_fit,"Sensor readings are structurally plausible, but the sensor was worn incorrectly.",no,negative,-1,,0,0,0
Official_run_1,self_20260531_155844,clip_148,21,Teardrop,Massive Attack,Electronic,low,negative,tense,2026-05-31T16:18:40.544,2026-05-31T16:19:00.548,2026-05-31T16:19:02.597,2026-05-31T16:19:32.600,negative,negative,2,yes,human_rating_only,excluded_wrong_sensor_fit,"Sensor readings are structurally plausible, but the sensor was worn incorrectly.",,,,Mezzanine,https://audio-ssl.itunes.apple.com/itunes-assets/AudioPreview211/v4/f0/31/78/f0317854-f180-d1cd-a974-8acc48834b7b/mzaf_8992917226755403839.plus.aac.p.m4a,724466700,30.002630385487528,77.1338619402985,31.0,1.0332427391097985,0.7786424792139077,0.0041681094198834,0.9946754560037852,5.332865750244121,0.2001597136259079,0.1050669476389885,0.5635976195335388,2.009477073702446e-05,-15.205730438232422,4.7644524574279785,26.25506019592285,-21.667930603027344,-9.26986598968506,0.0,0.0272054823500967,0.0268802392404949,2705.426904254316,1275.9506101224151,0.3598715729719332,4057.988025743118,870.1910332592914,6306.24635441852,3272.093449091845,15.406861561615008,5.567747643436074,1.399789333343506,1.83851957321167,1.0,0.048455958407315,4.0,0.3714706757299977,0.3230147173226826,0.6910804510116577,0.6815627813339233,0.7019223570823669,0.7428370714187622,0.830234706401825,0.764381468296051,0.6486080884933472,0.6224326491355896,0.6430783271789551,0.6796097755432129,0.6570176482200623,0.6860425472259521,-190.69097900390625,110.4384536743164,0.6635269522666931,35.97805404663086,8.014232635498047,32.98577880859375,12.864385604858398,19.654598236083984,4.273241996765137,13.179521560668944,5.757652759552002,8.765567779541016,6.202609062194824,72.87965393066406,28.094221115112305,22.572141647338867,14.992230415344238,15.32549285888672,8.779980659484863,13.118088722229004,6.887694358825684,8.74837875366211,6.78519344329834,5.768319606781006,5.784084796905518,6.857266902923584,,,,0.0,,,,,,,,excluded_wrong_sensor_fit,"Sensor readings are structurally plausible, but the sensor was worn incorrectly.",no,negative,-1,,0,0,0
Official_run_1,self_20260531_155844,clip_092,22,Viva La Vida,Coldplay,Alternative,high,positive,happy,2026-05-31T16:19:44.056,2026-05-31T16:20:04.071,2026-05-31T16:20:06.117,2026-05-31T16:20:36.117,negative,negative,5,yes,human_rating_only,excluded_wrong_sensor_fit,"Sensor readings are structurally plausible, but the sensor was worn incorrectly.",,,,Viva La Vida or Death and All His Friends,https://audio-ssl.itunes.apple.com/itunes-assets/AudioPreview116/v4/2b/04/65/2b0465c3-2db1-e461-2362-14b528456b8f/mzaf_1805426141027060154.plus.aac.p.m4a,1122773680,30.003537414965987,139.6748310810811,61.0,2.033093603475327,0.4344066515495087,0.021333278486431,0.9531897973373792,4.399481240307265,0.1612402647733688,0.0516420193016529,0.2874780595302582,1.1695092862755164e-05,-16.301687240600586,2.8367726802825928,15.638763427734377,-20.24386405944824,-12.566807746887209,0.0,0.0526157519342359,0.0345174669291178,2390.3103753386595,1141.6821547993934,-0.1113282458899889,2970.466514839646,811.362656472029,4773.507124939555,2482.704796879797,20.99496654983063,9.779469299101784,1.0531606674194336,0.7649185657501221,1.0,0.1892436726410361,8.0,0.7466717814238624,0.5574281087828262,0.487222284078598,0.4702410101890564,0.3488824069499969,0.4086568057537079,0.3053112030029297,0.320892721414566,0.2541117966175079,0.3847119212150574,0.4833997189998626,0.3624724745750427,0.3957881927490234,0.3635083138942718,-130.70396423339844,164.36448669433594,-32.108768463134766,32.38362503051758,-2.258506774902344,15.656099319458008,-1.004009246826172,1.6235617399215698,-8.303650856018066,4.2326483726501465,-8.695501327514648,2.1733453273773193,3.320320844650269,40.450469970703125,33.40415573120117,15.827802658081056,14.202040672302246,13.854716300964355,10.34865665435791,8.46544075012207,9.57239055633545,8.348694801330566,8.511366844177246,8.803776741027832,9.497392654418944,8.820505142211914,,,,0.0,,,,,,,,excluded_wrong_sensor_fit,"Sensor readings are structurally plausible, but the sensor was worn incorrectly.",no,negative,-1,,0,0,0
Official_run_1,self_20260531_155844,clip_056,23,"Nuthin’ But a ""G"" Thang",Dr. Dre & Snoop Dogg,Hip-Hop/Rap,medium,positive,relaxed,2026-05-31T16:20:40.893,2026-05-31T16:21:00.905,2026-05-31T16:21:02.949,2026-05-31T16:21:32.963,neutral,neutral,1,yes,human_rating_only,excluded_wrong_sensor_fit,"Sensor readings are structurally plausible, but the sensor was worn incorrectly.",,,,The Very Best of Death Row,https://audio-ssl.itunes.apple.com/itunes-assets/AudioPreview116/v4/d6/b5/44/d6b5444e-a736-25e0-1ab8-b7b84c06aa97/mzaf_959189292152238851.plus.aac.p.m4a,1683195629,29.92907029478458,191.40625,94.0,3.140759103913106,0.3169648647989662,0.0094465688626969,0.971059319960928,7.083414149250837,0.2248566001653671,0.0679751113057136,0.3528324365615845,4.26477590101242e-06,-13.517258644104004,3.462240934371948,23.261470794677734,-18.06586456298828,-10.21265983581543,0.0,0.0662338931584561,0.0507809666066096,3709.779514955919,1220.0537809073594,0.0740513263170273,4053.85573399325,697.7163765540537,7814.305864072197,2355.2578920296314,18.84652665355597,7.224119111980497,1.436772704124451,1.35864520072937,0.0,0.0892324418460111,11.0,0.1873157441729948,0.2765481860190059,0.6378462910652161,0.6432768106460571,0.6256566643714905,0.6169940829277039,0.6089156270027161,0.5582796335220337,0.5645630359649658,0.5375206470489502,0.4922983944416046,0.5342726111412048,0.5589396953582764,0.6196077466011047,-108.90737915039062,98.70125579833984,-22.839603424072266,57.1748161315918,7.46641206741333,27.85019874572754,-5.829050064086914,11.425728797912598,6.290716171264648,9.23564624786377,-0.9102379083633424,13.17927074432373,6.104055881500244,50.52138137817383,34.84254455566406,23.334592819213867,19.668798446655273,16.983366012573242,14.016477584838867,13.18391227722168,11.423052787780762,9.410873413085938,9.980201721191406,10.608050346374512,9.627264976501465,11.26894760131836,,,,0.0,,,,,,,,excluded_wrong_sensor_fit,"Sensor readings are structurally plausible, but the sensor was worn incorrectly.",no,neutral,0,,0,0,0
Official_run_1,self_20260531_155844,clip_009,24,Lose Yourself,Eminem,Soundtrack,high,positive,excited,2026-05-31T16:21:42.750,2026-05-31T16:22:02.764,2026-05-31T16:22:04.816,2026-05-31T16:22:34.831,negative,negative,5,yes,human_rating_only,excluded_wrong_sensor_fit,"Sensor readings are structurally plausible, but the sensor was worn incorrectly.",,,,8 Mile (Music from and Inspired By the Motion Picture),https://audio-ssl.itunes.apple.com/itunes-assets/AudioPreview125/v4/62/0a/a5/620aa56f-189e-708a-80f0-cebdada3872e/mzaf_7131619873177773332.plus.aac.p.m4a,1440903439,29.92907029478458,172.265625,83.0,2.773223464093488,0.3495735855317737,0.0183127054346376,0.9502218324403132,5.479622266401591,0.2063656896352768,0.1284668743610382,0.6513991951942444,8.824608993860712e-05,-15.597138404846191,6.33245325088501,35.370758056640625,-23.65216827392578,-8.410847663879395,0.0,0.0713078134091349,0.061405271157445,2780.3068637322626,1423.0507308629144,-0.0434421701297855,2958.110689643505,740.9280502324507,5240.987858502231,2496.7579817646574,20.094311267919103,8.972015792905475,1.3694989681243896,1.411306381225586,0.0,0.1453657134611807,2.0,0.4047851268150857,0.5501508402762665,0.4675523042678833,0.5021041035652161,0.6354239583015442,0.4931934773921966,0.4334113895893097,0.4182166457176208,0.3895829021930694,0.3675250709056854,0.4568721055984497,0.5332913994789124,0.518601655960083,0.4630624651908874,-139.94912719726562,135.77102661132812,-35.355125427246094,33.05503845214844,9.638075828552246,19.420921325683594,-11.6320219039917,6.28699254989624,8.639337539672852,-0.6042149066925049,-1.9553736448287964,1.635442137718201,-0.869437038898468,69.84957122802734,42.430702209472656,26.725101470947266,21.95064926147461,26.058151245117188,17.928152084350586,15.176531791687012,10.788698196411133,14.860238075256348,11.543242454528809,10.139575004577637,12.237369537353516,10.658026695251465,,,,0.0,,,,,,,,excluded_wrong_sensor_fit,"Sensor readings are structurally plausible, but the sensor was worn incorrectly.",no,negative,-1,,0,0,0
Official_run_1,self_20260531_155844,clip_103,25,Careless Whisper,George Michael,Pop,low,negative,sad,2026-05-31T16:22:42.655,2026-05-31T16:23:02.707,2026-05-31T16:23:04.752,2026-05-31T16:23:34.763,negative,negative,4,yes,human_rating_only,excluded_wrong_sensor_fit,"Sensor readings are structurally plausible, but the sensor was worn incorrectly.",,,,Ladies & Gentlemen,https://audio-ssl.itunes.apple.com/itunes-assets/AudioPreview221/v4/7c/bb/d8/7cbbd80c-29a1-6142-d0f3-de33e8569a0e/mzaf_12978360432335063808.plus.aac.p.m4a,429945616,30.018979591836736,151.99908088235293,77.0,2.565043883801404,0.3936698890082349,0.0106835751839978,0.9735786233330777,4.463842602979067,0.1352620869874954,0.0585968606173992,0.3772384226322174,1.1296981960093514e-05,-18.071666717529297,3.4139418601989746,24.029586791992188,-22.12554931640625,-13.797653198242188,0.0,0.0661538014186968,0.0473826045493923,3344.369198407629,1422.6179745495986,-0.0657546734105577,3945.16816359939,865.883493385459,7410.752610208817,2990.120931116688,18.74150588744757,8.085063657442985,1.1864838600158691,1.2764687538146973,0.0,0.093121135151762,2.0,0.4351870426728595,0.5283081778246216,0.4564492106437683,0.4316673278808594,0.5256558060646057,0.5306890606880188,0.5655772686004639,0.61041259765625,0.3984339237213135,0.30740487575531,0.3607290685176849,0.4763053655624389,0.4339805841445923,0.4190908372402191,-151.0033416748047,121.6512451171875,-4.82616662979126,50.4200553894043,-0.4819775819778442,31.28120803833008,-9.14597511291504,7.069079875946045,2.0474345684051514,1.4933851957321167,-8.375856399536133,9.057158470153809,-7.276541709899902,52.02703475952149,32.977745056152344,20.96430206298828,16.67227554321289,14.68124008178711,11.510459899902344,11.603516578674316,9.356522560119627,9.671944618225098,8.959187507629395,9.084222793579102,9.386088371276855,7.199269771575928,,,,0.0,,,,,,,,excluded_wrong_sensor_fit,"Sensor readings are structurally plausible, but the sensor was worn incorrectly.",no,negative,-1,,0,0,0
Official_run_1,self_20260531_155844,clip_045,26,Adagio for Strings,"Samuel Barber, Xavier Pardo Sabartés & Jove Simfònica Orpheus",Classical,low,negative,sad,2026-05-31T16:23:40.032,2026-05-31T16:24:00.046,2026-05-31T16:24:02.096,2026-05-31T16:24:32.106,negative,negative,4,yes,human_rating_only,excluded_wrong_sensor_fit,"Sensor readings are structurally plausible, but the sensor was worn incorrectly.",,,,Adagio for Strings - Single,https://audio-ssl.itunes.apple.com/itunes-assets/AudioPreview211/v4/f2/79/d9/f279d9af-c458-efe4-b5ff-962aade7f85b/mzaf_14417391751930089807.plus.aac.p.m4a,1772934479,30.00199546485261,112.34714673913044,54.0,1.7998802800720737,0.5261729345826381,0.0449241439564088,0.9213371147488066,13.03246647237372,0.0442990846931934,0.0151483416557312,0.102359302341938,3.256909896015936e-06,-27.5418643951416,2.8352386951446533,17.080482482910156,-31.181734085083008,-23.797990798950195,0.0,0.048927670152321,0.0132584356640723,1851.9251893337555,237.59267151359995,0.095705569385379,2172.3044088994957,198.65491547038835,3213.012138086315,339.6770283470131,22.83672389265513,6.050775920316848,0.8389425277709961,0.1743121147155761,0.0,0.2205586292618801,5.0,0.4718048015702533,0.6923634308321335,0.3682345449924469,0.3059848546981811,0.2181770503520965,0.3697472214698791,0.2661248743534088,0.5067189335823059,0.3928641974925995,0.2585815191268921,0.3151597678661346,0.2205311357975006,0.3229534029960632,0.2545279860496521,-288.709228515625,175.1477813720703,-63.57946014404297,9.33556079864502,-6.141503810882568,-7.758178234100342,-21.8458194732666,-14.67238426208496,-15.190685272216797,-21.803409576416016,-10.391294479370115,-10.529651641845703,-10.609196662902832,22.71368980407715,12.659372329711914,9.334209442138672,6.965836524963379,7.238898754119873,6.612807273864746,6.599550724029541,6.820219039916992,7.827394962310791,6.307096481323242,6.087484836578369,6.047906398773193,7.069279193878174,,,,0.0,,,,,,,,excluded_wrong_sensor_fit,"Sensor readings are structurally plausible, but the sensor was worn incorrectly.",no,negative,-1,,0,0,0
Official_run_1,self_20260531_155844,clip_021,27,Where You Are,John Summit & HAYLA,Dance,high,positive,excited,2026-05-31T16:24:37.898,2026-05-31T16:24:57.905,2026-05-31T16:24:59.952,2026-05-31T16:25:29.956,neutral,neutral,5,yes,human_rating_only,excluded_wrong_sensor_fit,"Sensor readings are structurally plausible, but the sensor was worn incorrectly.",,,,Where You Are - Single,https://audio-ssl.itunes.apple.com/itunes-assets/AudioPreview211/v4/01/c0/ec/01c0ecc6-36cb-6a62-faf4-e2617cc2e33d/mzaf_11012603604995349193.plus.aac.p.m4a,1673828907,30.02199546485261,126.04801829268293,63.0,2.098461445501031,0.4760090702947845,0.0108350870959587,0.9777442392365768,6.295384336503093,0.3052006065845489,0.1230264529585838,0.554610013961792,0.0001057652369483,-10.993432998657228,3.4646410942077637,18.58709716796875,-14.708837509155272,-5.737664222717285,0.0,0.069725089725928,0.0459468961723591,3626.294547247355,1263.8047892451343,0.2225050204816549,4042.4845171553534,690.4493921969076,8185.215160962877,2542.993621156501,20.47248767522888,11.243344718823105,1.0870401859283447,0.9046910405158995,0.0,0.090352214799396,9.0,0.6419069109668546,0.7322591257662506,0.3510046005249023,0.2609797418117523,0.3082931339740753,0.3034645020961761,0.4848136305809021,0.2807751297950744,0.2775889635086059,0.3345660269260406,0.3333043158054352,0.5743502378463745,0.3568467199802398,0.458301693201065,-54.38862991333008,117.93284606933594,-22.19791030883789,19.724998474121097,-35.4464111328125,22.009435653686523,-19.022016525268555,9.62904930114746,-5.031960487365723,7.270484924316406,-1.5122222900390625,6.857266902923584,-6.297206878662109,39.32319259643555,35.02946090698242,22.94662857055664,15.91203498840332,17.364612579345703,13.285107612609863,11.86660099029541,13.234792709350586,9.628832817077637,14.084528923034668,9.303559303283691,11.204256057739258,7.998399257659912,,,,0.0,,,,,,,,excluded_wrong_sensor_fit,"Sensor readings are structurally plausible, but the sensor was worn incorrectly.",no,neutral,0,,0,0,0
Official_run_1,self_20260531_155844,clip_003,28,Someone Like You,Adele,Pop,low,negative,sad,2026-05-31T16:25:58.550,2026-05-31T16:26:18.563,2026-05-31T16:26:20.615,2026-05-31T16:26:50.617,negative,negative,4,yes,human_rating_only,excluded_wrong_sensor_fit,"Sensor readings are structurally plausible, but the sensor was worn incorrectly.",,,,21,https://audio-ssl.itunes.apple.com/itunes-assets/AudioPreview125/v4/ef/18/7b/ef187b7d-f487-e935-4ca1-af5748313710/mzaf_8455263230305249048.plus.aac.p.m4a,1544491998,29.92907029478458,93.9630681818182,43.0,1.4367302283857828,0.6493294460641399,0.0466737905644469,0.9329402679353432,3.5417070746254184,0.1716463714838028,0.0726678743958473,0.2990752458572387,8.89090563662499e-07,-16.4046688079834,4.785844326019287,20.384010314941406,-24.282798767089844,-11.958006858825684,0.0,0.0344891722022885,0.0322155642373822,1682.2505814208948,941.5994856782886,0.033959206601726,2397.075670475828,705.9443720447729,2939.382458694967,2064.7081584409107,22.02475819640637,8.648595564941267,0.9153743982315063,0.7783987522125244,0.0,0.1208131105667358,1.0,0.50480214137167,0.6256152519384058,0.3005220592021942,0.4309792816638946,0.2970972657203674,0.1931940615177154,0.3087095320224762,0.2819419205188751,0.3317070007324219,0.2656616270542145,0.2900143563747406,0.2692741453647613,0.2543743550777435,0.3058370649814605,-204.7540283203125,182.36802673339844,-10.757563591003418,15.624951362609863,-11.23300075531006,12.149656295776367,-15.451532363891602,-3.799807786941528,-1.9190833568573,-9.476999282836914,-2.6515958309173584,-6.142853260040283,-13.529865264892578,57.10188293457031,29.016998291015625,24.629261016845703,21.919633865356445,18.453765869140625,12.624213218688965,11.71534824371338,9.407995223999023,8.781464576721191,9.675277709960938,10.429981231689451,8.563359260559082,7.604190349578857,,,,0.0,,,,,,,,excluded_wrong_sensor_fit,"Sensor readings are structurally plausible, but the sensor was worn incorrectly.",no,negative,-1,,0,0,0
Official_run_1,self_20260531_155844,clip_107,29,Paranoid,Black Sabbath,Metal,high,negative,tense,2026-05-31T16:26:56.265,2026-05-31T16:27:16.278,2026-05-31T16:27:18.323,2026-05-31T16:27:48.356,neutral,neutral,4,yes,human_rating_only,excluded_wrong_sensor_fit,"Sensor readings are structurally plausible, but the sensor was worn incorrectly.",,,,Paranoid,https://audio-ssl.itunes.apple.com/itunes-assets/AudioPreview115/v4/87/7e/c4/877ec400-6e44-8bc4-bb22-b88273a3330d/mzaf_15381783367282008011.plus.aac.p.m4a,785232521,29.92907029478458,80.74951171875,37.0,1.236256243029627,0.7346535651297557,0.0141164866939512,0.9811471002885744,4.57748933229889,0.1397643536329269,0.0337753184139728,0.1882530301809311,-5.719487920406197e-06,-17.357229232788086,2.1820433139801025,13.29606819152832,-20.14822578430176,-14.67780590057373,0.0,0.0408851262485453,0.0226899500744864,2630.4937685673194,721.8153283716339,0.056415417375662,3378.368098723014,600.1119174495781,5645.574861205392,1767.8042248520458,17.25347661842883,6.700756164895397,1.1223450899124146,1.0841513872146606,1.0,0.0303481098124183,4.0,0.3722870373841467,0.3419389275717284,0.4772503077983856,0.5189651250839233,0.622157871723175,0.6299606561660767,0.704793393611908,0.6105575561523438,0.5459333658218384,0.5391928553581238,0.5495588183403015,0.5688493847846985,0.5267031788825989,0.5386799573898315,-150.50486755371094,141.16636657714844,-30.638885498046875,54.35082244873047,7.781428813934326,24.619447708129883,-6.65540885925293,9.797562599182127,-0.6853386759757996,6.692537307739258,3.786841869354248,6.85202693939209,2.494945764541626,47.8544921875,25.476917266845703,18.90690803527832,13.106545448303224,15.072697639465332,7.8868513107299805,8.005178451538086,7.173695087432861,6.842661380767822,6.866841793060303,6.570962429046631,5.6564812660217285,5.2652506828308105,,,,0.0,,,,,,,,excluded_wrong_sensor_fit,"Sensor readings are structurally plausible, but the sensor was worn incorrectly.",no,neutral,0,,0,0,0
Official_run_1,self_20260531_155844,clip_048,30,Ride of the Valkyries,Richard Wagner,Instrumental,high,negative,tense,2026-05-31T16:27:56.014,2026-05-31T16:28:16.029,2026-05-31T16:28:18.077,2026-05-31T16:28:48.080,negative,negative,3,yes,human_rating_only,excluded_wrong_sensor_fit,"Sensor readings are structurally plausible, but the sensor was worn incorrectly.",,,,Classical Lines,https://audio-ssl.itunes.apple.com/itunes-assets/AudioPreview115/v4/b1/9c/5a/b19c5a55-58ce-7fd6-478b-9442f264a620/mzaf_299010490123583463.plus.aac.p.m4a,1500977773,29.92907029478458,105.46875,44.0,1.4701425592784756,0.5764488741232927,0.0418141934060823,0.9323682820434755,7.116826480143529,0.0232450664043426,0.0083828838542103,0.0547907166182994,1.6995494534883805e-06,-33.2670783996582,3.311795473098755,21.308605194091797,-37.39287185668945,-29.22953224182129,0.0038789759503491,0.0519843386346004,0.0123356671147294,1739.7512694856007,336.78929178623997,0.1235028376512669,1913.245709353531,353.593562375904,2984.169516552318,781.004188959131,19.792163564131535,7.382874967338169,0.9175501465797424,0.3351183533668518,0.0,0.2277338070185312,11.0,0.5029236967992391,0.7306575038177703,0.301686018705368,0.2658468782901764,0.3322164118289947,0.2437987774610519,0.1962181031703949,0.2315796166658401,0.5973166227340698,0.4171100556850433,0.1962893158197403,0.2959612607955932,0.3098174035549164,0.5055835843086243,-345.7283630371094,189.0169219970703,-62.2432861328125,4.06376838684082,-17.062740325927734,-3.954258680343628,-11.726685523986816,-15.789008140563965,-14.14624309539795,-18.822484970092773,-11.420683860778809,-11.207139015197754,-11.473026275634766,44.1568717956543,17.414888381958008,14.629128456115724,15.409786224365234,12.495401382446287,10.240619659423828,8.915852546691895,7.890268802642822,7.175394535064697,6.621591091156006,7.470801830291748,6.775789737701416,7.508984565734863,,,,0.0,,,,,,,,excluded_wrong_sensor_fit,"Sensor readings are structurally plausible, but the sensor was worn incorrectly.",no,negative,-1,,0,0,0
Official_run_1,self_20260531_155844,clip_088,31,Toxic,Britney Spears,Pop,high,negative,tense,2026-05-31T16:28:54.104,2026-05-31T16:29:14.153,2026-05-31T16:29:16.201,2026-05-31T16:29:46.228,negative,negative,4,yes,human_rating_only,excluded_wrong_sensor_fit,"Sensor readings are structurally plausible, but the sensor was worn incorrectly.",,,,In the Zone,https://audio-ssl.itunes.apple.com/itunes-assets/AudioPreview221/v4/ae/c4/7f/aec47f56-842d-49b4-558b-7a7523fd6728/mzaf_6693111381462300599.plus.aac.p.m4a,251948354,30.018979591836736,143.5546875,71.0,2.365170334414282,0.4196177518626499,0.014190211614821,0.9672891859774309,4.2639690535919454,0.2330990731716156,0.1101029515266418,0.5009327530860901,2.706273465107064e-05,-14.06427001953125,5.645719528198242,29.32012939453125,-24.47327041625977,-8.09648323059082,0.0,0.0748769667198375,0.0601860029093243,3339.349775605085,1413.937810981257,0.1816578289595345,3562.278207613871,955.2709519508762,6804.550475366154,2871.155814906404,17.85053229535746,8.323604632610602,1.262109398841858,1.524776577949524,0.0,0.0029468690115473,3.0,0.3201981875876024,0.3231450565991497,0.5685427784919739,0.5747424960136414,0.5868141055107117,0.5967419743537903,0.5600800514221191,0.5525615811347961,0.550836980342865,0.5255259871482849,0.4647367298603058,0.4903419613838196,0.5455609560012817,0.524133563041687,-85.14962005615234,127.20401763916016,-32.48755645751953,27.271751403808594,-2.8675034046173096,23.43242835998535,-7.499117851257324,15.155404090881348,-2.8053174018859863,5.992987155914307,1.8272228240966797,2.1274514198303223,-2.1571385860443115,82.21987915039062,36.215370178222656,26.250150680541992,27.25333595275879,20.477190017700195,12.334271430969238,14.305267333984377,10.826942443847656,9.462809562683104,9.069900512695312,9.296464920043944,8.578237533569336,7.95155143737793,,,,0.0,,,,,,,,excluded_wrong_sensor_fit,"Sensor readings are structurally plausible, but the sensor was worn incorrectly.",no,negative,-1,,0,0,0
Official_run_1,self_20260531_155844,clip_011,32,Levitating,Dua Lipa,Pop,high,positive,excited,2026-05-31T16:29:54.265,2026-05-31T16:30:14.271,2026-05-31T16:30:16.334,2026-05-31T16:30:46.382,positive,positive,4,yes,human_rating_only,excluded_wrong_sensor_fit,"Sensor readings are structurally plausible, but the sensor was worn incorrectly.",,,,Future Nostalgia,https://audio-ssl.itunes.apple.com/itunes-assets/AudioPreview211/v4/59/dc/4d/59dc4dda-93ff-8f1c-c536-f005f6ea6af5/mzaf_3066686759813252385.plus.aac.p.m4a,1538003843,30.003537414965987,103.359375,50.0,1.666470166783055,0.5819204960895923,0.0140014304998462,0.9765045891498256,4.4661400469785875,0.2911103963851928,0.1286637336015701,0.6260287761688232,-1.100933080816697e-05,-11.72478485107422,4.467259883880615,24.43927764892578,-17.746171951293945,-6.403968334197998,0.0,0.061455437016441,0.0457432690094146,2967.898983997947,1327.854339913099,-0.0492319336815659,3379.38341895403,969.9657307915486,6324.8806969294,2708.760865548646,19.773033926953413,10.231018518360312,1.2414361238479614,1.328101396560669,0.0,0.212449824895925,11.0,0.4370731536139888,0.6495229785099138,0.4683874845504761,0.4830237627029419,0.5055880546569824,0.4303621649742126,0.4795668125152588,0.4164134263992309,0.4518365859985351,0.3737155795097351,0.4039073288440704,0.4965699017047882,0.482464849948883,0.5919471979141235,-78.55392456054688,138.4518280029297,-18.10108757019043,40.77614974975586,-11.871068000793455,18.427574157714844,-12.395578384399414,11.82793140411377,-2.798755884170532,2.3526978492736816,3.720601081848145,4.4880290031433105,-0.9593095779418944,80.0435791015625,36.96120834350586,21.117565155029297,31.43059539794922,15.11607265472412,21.335315704345703,17.720853805541992,12.662365913391112,9.850072860717772,11.76959228515625,11.648438453674316,10.329099655151367,7.423596858978272,,,,0.0,,,,,,,,excluded_wrong_sensor_fit,"Sensor readings are structurally plausible, but the sensor was worn incorrectly.",no,positive,1,,0,0,1
Official_run_1,self_20260531_155844,clip_094,33,Take On Me,a-ha,Pop,high,positive,excited,2026-05-31T16:30:53.135,2026-05-31T16:31:13.154,2026-05-31T16:31:15.205,2026-05-31T16:31:45.205,negative,negative,4,yes,human_rating_only,excluded_wrong_sensor_fit,"Sensor readings are structurally plausible, but the sensor was worn incorrectly.",,,,Hunting High and Low (Deluxe Edition),https://audio-ssl.itunes.apple.com/itunes-assets/AudioPreview221/v4/f2/03/4f/f2034f41-707f-7111-bc63-e5d3cf7f2240/mzaf_17215043934336702540.plus.aac.p.m4a,380907765,30.003537414965987,84.72079918032787,42.0,1.3998349400977663,0.7133056799955755,0.0253907505712902,0.9656276252048414,5.366033937041437,0.2058834880590438,0.0745760798454284,0.3739504516124725,2.3235961024055094e-05,-14.329061508178713,3.3375234603881836,21.17426490783691,-18.323015213012695,-9.80470371246338,0.0,0.0860089005077369,0.0362723432121892,4072.358590596885,1009.5612901810332,-0.203534862674337,4384.214939280622,666.8049594232912,8640.32062227998,2088.6906021246905,17.613639639031927,5.786327083448372,1.2023259401321411,1.481436252593994,1.0,0.2136683948874257,9.0,0.7464723198084727,0.532803924921047,0.335635632276535,0.3810648024082184,0.3770602345466614,0.3855702877044678,0.5532568693161011,0.3882887959480285,0.3689242303371429,0.3410371243953705,0.4728389978408813,0.5554452538490295,0.3843232989311218,0.3716813623905182,-60.48488998413086,104.97064971923828,-21.4383487701416,37.23506164550781,-3.419206380844116,17.00363540649414,-5.739873886108398,8.931175231933594,-0.2854690551757812,6.1969895362854,-8.04605484008789,8.233932495117188,-2.2700817584991455,44.64326095581055,25.20253562927246,14.299810409545898,10.648056030273438,13.304487228393556,11.449094772338867,10.68223762512207,9.86567497253418,8.472912788391113,8.343778610229492,8.143810272216797,9.598958969116213,7.960664749145508,,,,0.0,,,,,,,,excluded_wrong_sensor_fit,"Sensor readings are structurally plausible, but the sensor was worn incorrectly.",no,negative,-1,,0,0,0
Official_run_1,self_20260531_155844,clip_108,34,The Trooper,Iron Maiden,Rock,high,negative,tense,2026-05-31T16:31:53.848,2026-05-31T16:32:13.856,2026-05-31T16:32:15.902,2026-05-31T16:32:45.908,neutral,neutral,1,yes,human_rating_only,excluded_wrong_sensor_fit,"Sensor readings are structurally plausible, but the sensor was worn incorrectly.",,,,"Stranger Things: Soundtrack from the Netflix Series, Season 5",https://audio-ssl.itunes.apple.com/itunes-assets/AudioPreview221/v4/67/ee/d7/67eed7b7-a37a-dadb-725b-db78e2b64788/mzaf_11079257810099442545.plus.aac.p.m4a,1862239892,30.018979591836736,161.4990234375,80.0,2.6649806584949656,0.3719601595912627,0.0113036411788982,0.9705068906685582,5.796332932226551,0.2412396073341369,0.0455266088247299,0.2965689301490783,-6.896016487279914e-06,-12.498395919799805,1.586548089981079,10.543107986450195,-14.38164520263672,-10.304550170898438,0.0,0.043903206266918,0.0142663995763444,2207.060022899237,592.0163310387215,-0.0928262898616901,2892.7793779625263,627.6361078107002,4793.269365846143,1476.3574828708392,17.340979616872268,6.692551093828012,1.0790635347366333,0.8320870995521545,0.0,0.1523073600118724,4.0,0.4483732422571631,0.6006806022690355,0.4286689162254333,0.3593515753746032,0.461336225271225,0.4744563400745392,0.6088590025901794,0.5524301528930664,0.5792961716651917,0.5418336391448975,0.4442881643772125,0.4329269528388977,0.4876482784748077,0.567219078540802,-88.91398620605469,169.67591857910156,-33.818328857421875,55.6395149230957,-3.2453997135162354,14.141058921813965,-8.310500144958496,3.225069284439087,3.604196071624756,4.346343994140625,8.529929161071777,3.1018524169921875,3.283444881439209,31.46416473388672,25.321836471557617,14.659024238586426,12.32012176513672,14.545205116271973,9.759010314941406,8.685006141662598,8.942575454711914,7.28370475769043,7.406895160675049,7.239450454711914,5.843136310577393,6.603055477142334,,,,0.0,,,,,,,,excluded_wrong_sensor_fit,"Sensor readings are structurally plausible, but the sensor was worn incorrectly.",no,neutral,0,,0,0,0
Official_run_1,self_20260531_155844,clip_042,35,Symphony No.5 (Beethoven),CJ MAR & Ludwig van Beethoven,Classical,high,negative,tense,2026-05-31T16:32:55.006,2026-05-31T16:33:15.011,2026-05-31T16:33:17.057,2026-05-31T16:33:47.060,neutral,neutral,1,yes,human_rating_only,excluded_wrong_sensor_fit,"Sensor readings are structurally plausible, but the sensor was worn incorrectly.",,,,Symphony No.5 (Beethoven) - Single,https://audio-ssl.itunes.apple.com/itunes-assets/AudioPreview116/v4/76/ca/ce/76caceef-cb5b-eac7-bd9b-31eb1a089ae4/mzaf_1995967598466797614.plus.aac.p.m4a,1723638258,30.000453514739228,161.4990234375,81.0,2.699959184290487,0.3571519274376417,0.0202130130336197,0.946436430982758,2.633293525419117,0.0945809930562973,0.0579138919711113,0.3663508594036102,7.455820951120835e-06,-21.70551300048828,4.427189826965332,26.73476219177246,-26.97946548461914,-16.1334228515625,0.0,0.0267389234767891,0.0091464476016726,1129.8181101840855,334.4590608131581,0.0820759633737529,1776.715971895767,590.1472460086544,2028.419404315764,641.7142750492437,19.110076097981896,6.528903354130316,0.8359978795051575,0.4157865047454834,1.0,0.3182113814940563,10.0,0.8046438708784636,0.4864324893844072,0.4294044971466064,0.3285739421844482,0.3952052295207977,0.4890000224113464,0.4022833406925201,0.4768265187740326,0.3923954963684082,0.360101580619812,0.3600060939788818,0.397500604391098,0.5054251551628113,0.3714660406112671,-248.6279296875,202.08541870117188,-1.4834994077682495,6.2134857177734375,19.538738250732425,3.4696218967437744,-2.988553524017334,3.0576462745666504,-1.6767619848251345,1.8517189025878904,-1.9029786586761477,-4.107492923736572,-3.1390292644500732,59.37106704711914,17.462858200073242,15.073007583618164,11.62186336517334,9.379558563232422,7.418534278869629,7.228074073791504,7.0151686668396,6.139991760253906,6.481807708740234,5.432431697845459,6.431215286254883,7.592931747436523,,,,0.0,,,,,,,,excluded_wrong_sensor_fit,"Sensor readings are structurally plausible, but the sensor was worn incorrectly.",no,neutral,0,,0,0,0
Official_run_1,self_20260531_155844,clip_035,36,"Sing, Sing, Sing",Benny Goodman and His Orchestra,Jazz,high,positive,excited,2026-05-31T16:33:52.294,2026-05-31T16:34:12.301,2026-05-31T16:34:14.349,2026-05-31T16:34:44.368,neutral,neutral,4,yes,human_rating_only,excluded_wrong_sensor_fit,"Sensor readings are structurally plausible, but the sensor was worn incorrectly.",,,,The Essential Benny Goodman,https://audio-ssl.itunes.apple.com/itunes-assets/AudioPreview211/v4/8f/3b/9c/8f3b9c71-d253-04bb-7237-abe38119dd84/mzaf_17361567345357636064.plus.aac.p.m4a,254891227,30.018979591836736,107.666015625,54.0,1.798861944484102,0.5515834509904591,0.0528257045387018,0.9125994302775694,6.096143256307234,0.1370252519845962,0.0518238879740238,0.2224136739969253,2.2548494755091786e-07,-18.135108947753903,4.3078227043151855,22.455066680908203,-24.741222381591797,-13.961625099182127,0.0,0.0589332433052977,0.0245769027245183,1744.085653697676,482.88850614988866,0.0692104460426384,1822.7687707074367,339.4767097913035,3141.7909272585557,729.4075123671688,19.510394879430585,7.157880563668618,1.0956761837005615,1.0634918212890625,0.0,0.0644117858229498,4.0,0.5934262675538213,0.6578380533767711,0.3713555037975311,0.2901265025138855,0.320278525352478,0.3972809612751007,0.5405758619308472,0.3781472146511078,0.3705770373344421,0.3551243841648102,0.3472978472709656,0.4254612028598785,0.2930655181407928,0.3488068580627441,-195.06912231445312,207.88734436035156,-66.67129516601562,17.763967514038086,21.927757263183594,-18.87814140319824,2.3880441188812256,-2.57051157951355,-9.398210525512695,-0.2320173382759094,-9.68247890472412,-3.7935690879821777,-3.2492213249206543,64.33589172363281,27.522932052612305,28.01443672180176,11.036828994750977,10.19249439239502,10.532807350158691,8.951010704040527,7.392681121826172,7.767126560211182,6.975836277008057,7.371194839477539,7.428136825561523,6.743890762329102,,,,0.0,,,,,,,,excluded_wrong_sensor_fit,"Sensor readings are structurally plausible, but the sensor was worn incorrectly.",no,neutral,0,,0,0,0
Official_run_1,self_20260531_155844,clip_074,37,Midnight City,M83,Electronic,high,positive,excited,2026-05-31T16:34:50.963,2026-05-31T16:35:11.013,2026-05-31T16:35:13.064,2026-05-31T16:35:43.066,neutral,neutral,4,yes,human_rating_only,excluded_wrong_sensor_fit,"Sensor readings are structurally plausible, but the sensor was worn incorrectly.",,,,"Hurry Up, We're Dreaming",https://audio-ssl.itunes.apple.com/itunes-assets/AudioPreview126/v4/71/5c/80/715c80fc-ebe4-e713-487c-5bdefee6c6f3/mzaf_3698387428135478316.plus.aac.p.m4a,828259377,30.003537414965987,105.46875,21.0,0.6999174700488832,0.5712108843537415,0.0059199500928788,0.9897424470509272,2.2663994268249548,0.2098111510276794,0.0992928519845008,0.4809566438198089,6.437429724901424e-05,-14.875944137573242,5.363569736480713,37.56932067871094,-22.55828857421875,-9.587315559387209,0.0,0.0674553463491296,0.0369187811524583,3437.9237397327984,951.101810248088,0.3144526438580997,3849.0059875235006,517.7820292013533,7425.756335378385,1683.4115005380393,19.539738882432385,12.11488838722307,1.0548206567764282,1.2393488883972168,1.0,0.2085059440113504,2.0,0.6120335894181399,0.4035276454067894,0.3368148803710937,0.3810205161571502,0.513721227645874,0.4594796001911163,0.5367903709411621,0.4262068569660187,0.4883535504341125,0.3931281566619873,0.356240451335907,0.4878222346305847,0.4094432890415191,0.4083910286426544,-87.2275390625,115.07112884521484,-20.12105369567871,46.0048942565918,-10.890480995178224,21.32497787475586,0.1380761116743087,12.10126495361328,-3.84340763092041,8.767119407653809,-4.185973167419434,9.016826629638672,4.802759647369385,85.52385711669922,22.463211059570312,15.941882133483888,14.593159675598145,11.5444917678833,10.841652870178224,9.991315841674805,8.325820922851562,8.255738258361816,6.43577766418457,6.463892936706543,10.883914947509766,8.542948722839355,,,,0.0,,,,,,,,excluded_wrong_sensor_fit,"Sensor readings are structurally plausible, but the sensor was worn incorrectly.",no,neutral,0,,0,0,0
Official_run_1,self_20260531_155844,clip_147,38,Killing in the Name (Live at 2000 Democratic National Convention),Rage Against the Machine,Rock,high,negative,tense,2026-05-31T16:35:57.641,2026-05-31T16:36:17.672,2026-05-31T16:36:19.717,2026-05-31T16:36:49.732,negative,negative,1,yes,human_rating_only,excluded_wrong_sensor_fit,"Sensor readings are structurally plausible, but the sensor was worn incorrectly.",,,,Democratic National Convention 2000 (Live) - EP,https://audio-ssl.itunes.apple.com/itunes-assets/AudioPreview211/v4/52/f5/e6/52f5e648-d504-d6d8-a3f4-a2f40db68326/mzaf_8855636367189570390.plus.aac.p.m4a,1773340317,30.018979591836736,84.72079918032787,34.0,1.1326167798603604,0.7082086167800454,0.0137073441713112,0.9810125486722202,3.697660663661765,0.1843163073062896,0.0516983829438686,0.3218670487403869,3.645735541858615e-06,-15.001057624816896,2.292520046234131,14.090492248535156,-17.664566040039062,-11.72886848449707,0.0,0.0544786681892884,0.0271436113953862,2580.835461929864,732.5728899784592,0.1146893885766019,3273.2148762538623,704.7227560290181,5454.287075387906,1975.0454308426952,19.061329839910243,11.760430626804192,1.1378650665283203,0.7925722002983093,0.0,0.0697700010852396,11.0,0.4219402983451145,0.4917102994303542,0.5563483238220215,0.4896165132522583,0.5115067362785339,0.4932659864425659,0.5036020278930664,0.5207229852676392,0.5584320425987244,0.5183268785476685,0.4896616339683532,0.4704543650150299,0.5008171796798706,0.5625929236412048,-110.2566909790039,153.78062438964844,-27.457305908203125,41.97336196899414,-6.8033447265625,21.973392486572266,-16.499103546142578,17.456039428710938,-9.551054000854492,16.672693252563477,-4.189945220947266,2.3491969108581543,1.679461121559143,42.1895637512207,21.162324905395508,22.44049644470215,16.077482223510742,12.29850959777832,12.902679443359377,9.854162216186523,10.331375122070312,11.150146484375,8.461797714233398,8.09256362915039,6.9051337242126465,6.800186634063721,,,,0.0,,,,,,,,excluded_wrong_sensor_fit,"Sensor readings are structurally plausible, but the sensor was worn incorrectly.",no,negative,-1,,0,0,0
Official_run_1,self_20260531_155844,clip_110,39,Chop Suey!,System Of A Down,Hard Rock,high,negative,tense,2026-05-31T16:36:57.176,2026-05-31T16:37:17.195,2026-05-31T16:37:19.249,2026-05-31T16:37:49.266,negative,negative,1,yes,human_rating_only,excluded_wrong_sensor_fit,"Sensor readings are structurally plausible, but the sensor was worn incorrectly.",,,,Toxicity,https://audio-ssl.itunes.apple.com/itunes-assets/AudioPreview125/v4/f4/a1/c2/f4a1c207-6d73-e3bd-8fcb-bd6c5037021a/mzaf_16212608709217830172.plus.aac.p.m4a,273714640,29.92907029478458,126.04801829268293,59.0,1.971327522668865,0.4786113065916021,0.0182990514842256,0.963174340830639,4.777963317655045,0.2390565723180771,0.0912655219435691,0.490382045507431,3.179100797937278e-05,-13.90825653076172,7.104223728179932,46.33749008178711,-18.491546630859375,-9.393425941467283,0.0197827773467804,0.0808116832937354,0.0488495403631693,3681.1366111839816,1365.69368087292,-0.6725143742634049,4110.3604116849065,945.1782221626304,7735.0556580016,3112.848603679005,18.044820818649292,7.133293355646554,1.2008521556854248,1.045905351638794,0.0,0.184681615322897,7.0,0.4454908267413516,0.6301724420642486,0.4867610931396484,0.4858943521976471,0.5468786358833313,0.5093171000480652,0.4676596522331238,0.4931073784828186,0.5584497451782227,0.6553968191146851,0.5694059729576111,0.5855093002319336,0.5279905200004578,0.4839274287223816,-66.36491394042969,112.88861083984376,-27.604867935180664,29.338306427001953,7.632691383361816,21.277427673339844,-1.3042060136795044,14.17704963684082,1.1554042100906372,7.534977436065674,1.1300479173660278,7.833906173706055,-3.6629230976104736,89.1996841430664,37.083961486816406,20.615434646606445,14.64590835571289,13.772168159484863,11.30093765258789,10.534222602844238,8.854205131530762,8.931867599487305,8.39655876159668,8.326053619384766,6.935441493988037,7.9401421546936035,,,,0.0,,,,,,,,excluded_wrong_sensor_fit,"Sensor readings are structurally plausible, but the sensor was worn incorrectly.",no,negative,-1,,0,0,0
Official_run_1,self_20260531_155844,clip_023,40,Rumble,"Skrillex, Fred again.. & Flowdan",Electronic,high,positive,excited,2026-05-31T16:37:54.436,2026-05-31T16:38:14.447,2026-05-31T16:38:16.496,2026-05-31T16:38:46.498,neutral,neutral,1,yes,human_rating_only,excluded_wrong_sensor_fit,"Sensor readings are structurally plausible, but the sensor was worn incorrectly.",,,,Quest For Fire,https://audio-ssl.itunes.apple.com/itunes-assets/AudioPreview221/v4/51/e6/0d/51e60d1c-5375-530a-a434-4ff93b96fd2e/mzaf_6494976916814603599.plus.aac.p.m4a,1672155007,30.00018140589569,69.83741554054055,35.0,1.1666596120356036,0.8570895024676538,0.0091115539560264,0.9894810172667696,5.6999655330882355,0.210068792104721,0.2113501727581024,0.7904148697853088,0.0001927228832024,-29.456459045410156,25.85070419311523,80.0,-74.5666732788086,-5.707242488861084,0.2785299806576402,0.0662900825072533,0.0625262374589066,2816.644661961047,2180.612409944287,-1.0822804942635265,2997.5173036401866,1519.3651689114706,5442.9106851426495,4398.3333408891785,17.579962137831078,8.979162197989146,1.2877825498580933,2.2633466720581055,0.0,0.1184721197079775,2.0,0.225121097404346,0.3435932171123235,0.5978496074676514,0.6062515377998352,0.621637761592865,0.5984255075454712,0.5757814645767212,0.5638023018836975,0.5298711657524109,0.4794283807277679,0.49485844373703,0.5599925518035889,0.5671907663345337,0.5738894939422607,-285.7539367675781,81.51348876953125,7.1975202560424805,29.9543399810791,3.552183151245117,16.953697204589844,1.7643704414367676,3.972171068191528,2.33450984954834,2.655524730682373,0.9338370561599731,0.8080695867538452,3.764284372329712,146.3732452392578,61.95010757446289,43.89588165283203,33.265174865722656,22.36341094970703,23.273897171020508,17.888208389282227,15.963907241821287,17.14545440673828,13.386099815368652,12.32907485961914,11.748640060424805,9.477445602416992,,,,0.0,,,,,,,,excluded_wrong_sensor_fit,"Sensor readings are structurally plausible, but the sensor was worn incorrectly.",no,neutral,0,,0,0,0
Official_run_1,self_20260531_155844,clip_072,41,Clarity (feat. Foxes),Zedd,Dance,high,positive,excited,2026-05-31T16:38:54.059,2026-05-31T16:39:14.066,2026-05-31T16:39:16.118,2026-05-31T16:39:46.134,negative,negative,4,yes,human_rating_only,excluded_wrong_sensor_fit,"Sensor readings are structurally plausible, but the sensor was worn incorrectly.",,,,Clarity,https://audio-ssl.itunes.apple.com/itunes-assets/AudioPreview211/v4/3d/19/9d/3d199db0-f98a-65c9-f5b6-b04e845d50b6/mzaf_16026405419014533897.plus.aac.p.m4a,1440861976,30.000453514739228,129.19921875,59.0,1.9666369367054164,0.4688028774728281,0.0119702200180089,0.9751021426105544,7.366555305286391,0.3091052770614624,0.0702990442514419,0.4474002718925476,4.873446837469841e-05,-10.421945571899414,1.9846587181091309,14.339926719665527,-13.191446304321287,-8.055635452270508,0.0,0.0615954046784332,0.0245344755640248,3253.846674210051,851.385773310412,0.4570035799847216,4133.751378757919,658.5033680262933,7157.445127387573,2196.8841627669453,17.293139964831894,5.864950117801348,1.0492016077041626,0.6140474081039429,1.0,0.2120601427254704,3.0,0.7460362111120025,0.533976068386532,0.3819178342819214,0.2802753746509552,0.3054731488227844,0.4097936749458313,0.2928742468357086,0.2904641926288605,0.2148529291152954,0.333101749420166,0.4516018033027649,0.3474253416061401,0.4379550814628601,0.3003424704074859,-40.526710510253906,128.7853546142578,-7.86073112487793,29.996639251708984,-11.550982475280762,12.221231460571287,-10.236187934875488,8.81735897064209,-5.218373775482178,-3.094008445739746,0.8660383820533752,-0.1058325543999672,-5.976277828216553,32.217411041259766,22.703853607177734,13.612688064575195,12.856886863708496,11.85878562927246,10.728493690490724,10.363409996032717,7.9535627365112305,6.774762153625488,7.791055202484131,7.475800037384033,8.04159164428711,7.557076930999756,,,,0.0,,,,,,,,excluded_wrong_sensor_fit,"Sensor readings are structurally plausible, but the sensor was worn incorrectly.",no,negative,-1,,0,0,0
Official_run_1,self_20260531_155844,clip_146,42,Sweet Child O' Mine,Guns N' Roses,Rock,high,positive,excited,2026-05-31T16:39:52.988,2026-05-31T16:40:12.994,2026-05-31T16:40:15.045,2026-05-31T16:40:45.091,negative,negative,5,yes,human_rating_only,excluded_wrong_sensor_fit,"Sensor readings are structurally plausible, but the sensor was worn incorrectly.",,,,Appetite for Destruction,https://audio-ssl.itunes.apple.com/itunes-assets/AudioPreview211/v4/bc/fd/73/bcfd7312-9f1e-a1b0-524b-cbda6e0c1050/mzaf_248640128027576869.plus.aac.p.m4a,1377826892,30.000453514739228,126.04801829268293,62.0,2.0666354250124717,0.4741057953235938,0.0099006893178151,0.9795443044008998,3.933273873410833,0.1803015768527984,0.0508098192512989,0.3027229011058807,-8.938301161009515e-06,-15.22054386138916,2.4395627975463867,14.271782875061035,-18.54462432861328,-11.81845760345459,0.0,0.0694369937741779,0.0204411524542504,3170.128301643356,745.5970597398318,-0.0733103387892501,3733.0082131383497,766.6007571554824,6741.9417726970505,2183.507131961831,19.96309325113815,10.695230142785956,1.0984586477279663,0.923145592212677,1.0,0.193097057090212,1.0,0.6717891993104399,0.4786921422202279,0.5036970973014832,0.5685372352600098,0.3678983747959137,0.3878509700298309,0.4059687852859497,0.5392036437988281,0.5921188592910767,0.4534111320972442,0.4722965061664581,0.3598584830760956,0.3599444925785064,0.3817442655563354,-82.51435852050781,134.36495971679688,-33.97004699707031,35.56679153442383,-0.029784683138132,19.719562530517575,-11.21116828918457,10.274890899658203,-3.359879732131958,6.522536754608154,-5.086122035980225,2.6092793941497803,-0.7113896012306213,37.985931396484375,23.1655216217041,19.41805648803711,14.767012596130373,13.600317001342772,9.04672145843506,8.948341369628906,7.716893672943115,9.440362930297852,9.36936092376709,9.304737091064451,8.212779998779297,7.8751935958862305,,,,0.0,,,,,,,,excluded_wrong_sensor_fit,"Sensor readings are structurally plausible, but the sensor was worn incorrectly.",no,negative,-1,,0,0,0
Official_run_1,self_20260531_155844,clip_132,43,"No Woman, No Cry",Bob Marley & The Wailers,Roots Reggae,low,positive,relaxed,2026-05-31T16:40:50.221,2026-05-31T16:41:10.241,2026-05-31T16:41:12.295,2026-05-31T16:41:42.306,neutral,neutral,1,yes,human_rating_only,excluded_wrong_sensor_fit,"Sensor readings are structurally plausible, but the sensor was worn incorrectly.",,,,Natty Dread (2013 Remaster),https://audio-ssl.itunes.apple.com/itunes-assets/AudioPreview221/v4/c0/72/17/c07217c9-c2ff-8f96-abc9-5a6c42464d69/mzaf_5036872155813968561.plus.aac.p.m4a,1440861526,30.017687074829933,198.76802884615384,98.0,3.264741875538231,0.303894148724782,0.0142446766813338,0.9552249661349884,5.996464669355935,0.1441858559846878,0.0754774287343025,0.4148857891559601,-8.365849167131404e-06,-18.27686309814453,5.516502380371094,35.49460983276367,-26.43592071533203,-12.511926651000977,0.0,0.0340790479384184,0.0272015128385153,2020.371278198384,1100.6840412674903,0.1229901110462171,3274.423374831247,762.455494009555,3714.485865900522,2721.603188083167,19.932569923791444,6.421004667650098,1.4926761388778689,1.8341608047485352,0.0,0.0112302809117822,4.0,0.6667538908939618,0.677984171805744,0.5680789947509766,0.4297344088554382,0.408711701631546,0.4420145750045776,0.5806970000267029,0.4246953725814819,0.3568175733089447,0.4447391033172607,0.4025900959968567,0.4065039455890655,0.3863184452056885,0.4774946570396423,-234.8112945556641,147.1632080078125,13.933652877807615,36.946414947509766,13.157769203186035,20.935630798339844,3.2049741744995117,4.208515644073486,1.7328128814697266,5.401734352111816,1.4430391788482666,4.695885181427002,1.8941316604614256,86.49329376220703,37.75144958496094,37.51016616821289,26.74686050415039,19.51445579528809,17.53634262084961,14.93545627593994,13.554468154907228,12.664453506469728,10.829004287719728,9.344788551330566,9.14936065673828,8.832858085632324,,,,0.0,,,,,,,,excluded_wrong_sensor_fit,"Sensor readings are structurally plausible, but the sensor was worn incorrectly.",no,neutral,0,,0,0,0
Official_run_1,self_20260531_155844,clip_090,44,Call Me Maybe,Carly Rae Jepsen,Pop,high,positive,happy,2026-05-31T16:41:50.290,2026-05-31T16:42:10.293,2026-05-31T16:42:12.342,2026-05-31T16:42:42.347,positive,positive,4,yes,human_rating_only,excluded_wrong_sensor_fit,"Sensor readings are structurally plausible, but the sensor was worn incorrectly.",,,,WEDDING RECEPTION,https://audio-ssl.itunes.apple.com/itunes-assets/AudioPreview221/v4/32/62/aa/3262aa6b-498c-6178-c4c6-0cd9b54f4a5e/mzaf_8580252104309473753.plus.aac.p.m4a,1637507328,30.00380952380952,120.18531976744184,58.0,1.9330878618588117,0.5002474440068425,0.0054502073740327,0.9892223992752384,5.799263585576435,0.2977350652217865,0.1062349006533622,0.525413453578949,4.665913643421873e-06,-11.139626502990724,3.4418017864227295,28.871356964111328,-14.993205070495604,-6.850494861602783,0.0,0.0830004457809477,0.0672809252852974,4267.271514793728,1756.758971791662,0.020588635550135,4370.616742219384,858.273973856961,8858.67646503264,3221.456855812652,18.921361535716148,8.490306372202681,1.4096022844314575,1.6410318613052368,1.0,0.1598950574956613,7.0,0.7868285892843264,0.6269335317886651,0.5250976085662842,0.5310019254684448,0.5961014628410339,0.5026311874389648,0.477978378534317,0.4284282028675079,0.5065125823020935,0.6017149090766907,0.507495105266571,0.5441002249717712,0.5092001557350159,0.5722522139549255,-63.63636779785156,89.27708435058594,-19.75492286682129,35.314456939697266,-0.4330553710460663,24.134599685668945,-6.904915809631348,16.848831176757812,-0.2052042633295059,11.83117961883545,2.00685453414917,5.800668716430664,-1.7859044075012207,60.8962516784668,42.67913055419922,24.75596809387207,15.474480628967283,14.89220142364502,10.849480628967283,13.795564651489258,10.225687980651855,12.994898796081545,9.005819320678711,9.674415588378906,7.845980167388916,8.834672927856445,,,,0.0,,,,,,,,excluded_wrong_sensor_fit,"Sensor readings are structurally plausible, but the sensor was worn incorrectly.",no,positive,1,,0,0,1
Official_run_1,self_20260531_155844,clip_001,45,Good Days,SZA,R&B/Soul,medium,positive,relaxed,2026-05-31T16:42:51.092,2026-05-31T16:43:11.109,2026-05-31T16:43:13.162,2026-05-31T16:43:43.190,neutral,neutral,1,yes,human_rating_only,excluded_wrong_sensor_fit,"Sensor readings are structurally plausible, but the sensor was worn incorrectly.",,,,SOS,https://audio-ssl.itunes.apple.com/itunes-assets/AudioPreview221/v4/9b/32/fe/9b32fec3-fbfb-db0f-3dcf-bb089d412f23/mzaf_15200324731067771849.plus.aac.p.m4a,1658650802,30.018979591836736,117.45383522727272,59.0,1.9654232356400372,0.4960262725779967,0.0352802835326501,0.93359712368145,5.996206481613672,0.2166099399328231,0.0660435333847999,0.3326942920684814,1.1865022208583092e-05,-13.736930847167969,2.9059300422668457,14.85216236114502,-17.92177391052246,-10.310914039611816,0.0,0.0415420473221191,0.0200034389882005,2285.4636713783007,843.73604417072,-0.0207194734274963,3154.017705167601,679.9655566421767,4661.996764428654,2100.234451269802,19.682528711968807,7.676598366147036,1.1939213275909424,0.8084326982498169,1.0,0.1408553783499481,11.0,0.7016804890459332,0.5608251106959851,0.3665145933628082,0.388613611459732,0.3330133259296417,0.4270108342170715,0.4740722775459289,0.3854276239871979,0.4137724339962005,0.3325751721858978,0.4091143608093261,0.3114447593688965,0.3164746761322021,0.4200700521469116,-122.6291961669922,156.99301147460938,-20.900148391723633,37.67217254638672,-0.7386075258255005,21.947792053222656,-8.436861991882324,17.448204040527344,-1.768259048461914,2.613866090774536,3.73971176147461,5.39624547958374,-0.3340291678905487,38.32827377319336,27.106578826904297,14.86664581298828,13.38474464416504,14.449203491210938,10.987703323364258,11.5857515335083,9.650604248046877,8.69158935546875,8.688685417175293,10.450439453125,9.602253913879396,8.106316566467285,,,,0.0,,,,,,,,excluded_wrong_sensor_fit,"Sensor readings are structurally plausible, but the sensor was worn incorrectly.",no,neutral,0,,0,0,0
Official_run_1,self_20260531_155844,clip_149,46,Hallelujah,Jeff Buckley,Holiday,low,negative,sad,2026-05-31T16:43:48.791,2026-05-31T16:44:08.860,2026-05-31T16:44:10.909,2026-05-31T16:44:40.918,negative,negative,4,yes,human_rating_only,excluded_wrong_sensor_fit,"Sensor readings are structurally plausible, but the sensor was worn incorrectly.",,,,Grace,https://audio-ssl.itunes.apple.com/itunes-assets/AudioPreview211/v4/3d/f9/7f/3df97f47-c0a4-bdf8-53fa-19e99fa891f1/mzaf_16433687184189443153.plus.aac.p.m4a,1046187586,30.018979591836736,66.25600961538461,29.0,0.966055488704425,0.8400647878198899,0.0809264012492364,0.9121311884307696,3.664348405430578,0.1031485646963119,0.0379994958639144,0.2639630734920501,2.1491424983214044e-05,-20.23551368713379,2.9000704288482666,21.416561126708984,-23.57111167907715,-16.42715072631836,0.0,0.022633138776102,0.0280007766963153,1302.0395926611045,1069.881616998766,0.7211056900934584,2219.430622368057,825.9216632505482,2339.8664647078017,2295.792319715926,21.49558979513894,5.600043366430083,0.8066176176071167,0.8143917322158813,1.0,0.1078274354029684,0.0,0.4704418547341527,0.3626144193311842,0.6578661203384399,0.4620532691478729,0.2761735320091247,0.1876566857099533,0.2272354513406753,0.2907297313213348,0.4041392207145691,0.5491082668304443,0.4889408349990845,0.4241581857204437,0.3035450279712677,0.4174767434597015,-294.74615478515625,165.40020751953125,11.031338691711426,26.789838790893555,31.28419303894043,28.70934295654297,-4.1363749504089355,3.423922061920166,7.964255332946777,-5.60336971282959,-14.982132911682127,-11.419187545776367,-7.305130958557129,66.4126205444336,28.653221130371097,25.428089141845703,20.42206382751465,23.11754035949707,11.624523162841797,10.334455490112305,9.645811080932615,10.156889915466309,9.913302421569824,9.738768577575684,8.674951553344727,8.060317993164062,,,,0.0,,,,,,,,excluded_wrong_sensor_fit,"Sensor readings are structurally plausible, but the sensor was worn incorrectly.",no,negative,-1,,0,0,0
Official_run_1,self_20260531_155844,clip_038,47,Birdland,Weather Report,Fusion,high,positive,excited,2026-05-31T16:44:46.562,2026-05-31T16:45:06.579,2026-05-31T16:45:08.630,2026-05-31T16:45:38.642,neutral,neutral,1,yes,human_rating_only,excluded_wrong_sensor_fit,"Sensor readings are structurally plausible, but the sensor was worn incorrectly.",,,,Heavy Weather (Bonus Track Version),https://audio-ssl.itunes.apple.com/itunes-assets/AudioPreview115/v4/99/a4/8c/99a48cde-42cf-e632-fc63-3cbae1d94b9b/mzaf_6657326805058781068.plus.aac.p.m4a,516411968,29.92907029478458,156.60511363636363,75.0,2.505924816951947,0.3829723601152172,0.0163626716712345,0.9590252034788056,5.847157906221209,0.0536624751985073,0.0320825800299644,0.2585944235324859,-2.173947092364568e-05,-26.864944458007812,5.084887981414795,29.07233238220215,-33.782127380371094,-19.776634216308594,0.0,0.1008541323215671,0.0622247001439321,4470.693686040722,1733.9617463537686,0.3939067876618187,4597.700953339067,880.5306876851345,9472.54626360672,3243.2303560422115,17.196935665853648,5.441576921202734,1.2762610912322998,1.6241376399993896,1.0,0.0309259029567016,0.0,0.6287918242346433,0.5978659212779417,0.584435224533081,0.4559523165225982,0.5458923578262329,0.4811406433582306,0.4598522186279297,0.4553657472133636,0.4275748133659363,0.496881753206253,0.3897989392280578,0.396346777677536,0.3962728083133697,0.4957863092422485,-217.78211975097656,94.40538787841795,0.904763162136078,46.59660339355469,-4.387831211090088,17.358299255371094,2.5038347244262695,9.186725616455078,-5.262112140655518,7.11685848236084,-3.25280237197876,1.6990444660186768,-2.824413537979126,83.43218231201172,38.333003997802734,24.48733711242676,20.026182174682617,10.412440299987791,9.657843589782717,10.90923309326172,8.659265518188477,8.415325164794922,7.450746536254883,6.5860371589660645,6.127054214477539,7.251343727111816,,,,0.0,,,,,,,,excluded_wrong_sensor_fit,"Sensor readings are structurally plausible, but the sensor was worn incorrectly.",no,neutral,0,,0,0,0
Official_run_1,self_20260531_155844,clip_121,48,Vivir Mi Vida,Marc Anthony,Música tropical,high,positive,happy,2026-05-31T16:45:47.575,2026-05-31T16:46:07.592,2026-05-31T16:46:09.638,2026-05-31T16:46:39.640,positive,positive,2,yes,human_rating_only,excluded_wrong_sensor_fit,"Sensor readings are structurally plausible, but the sensor was worn incorrectly.",,,,3.0,https://audio-ssl.itunes.apple.com/itunes-assets/AudioPreview221/v4/10/fd/bf/10fdbf20-d17d-a8a2-6058-c1ef9f221068/mzaf_9159790581568803090.plus.aac.p.m4a,668743167,30.01578231292517,105.46875,50.0,1.6657903325234795,0.5714952103290296,0.0063223027449979,0.9890583054304412,7.229530043151901,0.2341528981924057,0.0774918347597122,0.408085286617279,-1.5973940762170196e-05,-13.229193687438965,3.5990967750549316,21.86675453186035,-17.590099334716797,-9.546157836914062,0.0,0.0613002555829466,0.0405498633105983,3092.714757156059,1256.9458887578585,0.0665032737763875,3596.303858899762,761.886162413891,6463.000233378045,2573.745514805926,18.805978447909045,7.109425583241337,1.4525269269943235,1.664060115814209,0.0,0.3239764725503298,0.0,0.495335581575951,0.8193120541262808,0.5119839906692505,0.3954171240329742,0.3829104006290436,0.4760282337665558,0.3966170251369476,0.357488214969635,0.3222095370292663,0.3921869993209839,0.3666354119777679,0.3442709743976593,0.400054007768631,0.3958514034748077,-84.640625,132.96861267089844,-26.326547622680664,34.997798919677734,-8.7171049118042,20.311195373535156,-15.696406364440918,9.43278980255127,-4.750194549560547,2.4567830562591553,-0.811060905456543,5.660264015197754,-2.4140207767486572,58.55854034423828,32.11206817626953,21.331390380859375,15.703180313110352,15.923065185546877,13.553288459777832,12.190567016601562,11.082357406616213,9.337105751037598,8.98741340637207,8.555871963500977,10.93936538696289,8.892675399780273,,,,0.0,,,,,,,,excluded_wrong_sensor_fit,"Sensor readings are structurally plausible, but the sensor was worn incorrectly.",no,positive,1,,0,0,1
Official_run_1,self_20260531_155844,clip_093,49,Espresso,Sabrina Carpenter,Pop,high,positive,excited,2026-05-31T16:46:46.272,2026-05-31T16:47:06.285,2026-05-31T16:47:08.330,2026-05-31T16:47:38.335,positive,positive,4,yes,human_rating_only,excluded_wrong_sensor_fit,"Sensor readings are structurally plausible, but the sensor was worn incorrectly.",,,,Espresso - Single,https://audio-ssl.itunes.apple.com/itunes-assets/AudioPreview211/v4/48/14/5f/48145fa9-a5b6-32a0-45e8-05af48e52b9c/mzaf_6315924685303002328.plus.aac.p.m4a,1744253558,30.00199546485261,105.46875,48.0,1.599893582286288,0.5772875958894196,0.0139035627096808,0.9764821200259032,4.9330052120493875,0.3125550150871277,0.1061851903796196,0.5608068704605103,1.8139191616545384e-06,-10.647375106811523,3.204493761062622,19.54250144958496,-14.678281784057615,-6.815203666687012,0.0,0.0767104010517408,0.046944784932574,4103.742767386799,1146.8436133314715,0.207630443022769,4402.949715030047,583.4445479220725,9412.683714639748,1966.38862210174,19.164346234119996,9.561953015815634,1.2694129943847656,1.2588969469070437,0.0,0.0316170397043257,0.0,0.2580793387486546,0.2896963784529804,0.5282684564590454,0.509907066822052,0.6045395135879517,0.5665109753608704,0.5137409567832947,0.3923327922821045,0.3471183478832245,0.4187975525856018,0.4054273962974548,0.4574215412139892,0.4444527328014374,0.4987078905105591,-57.34497833251953,103.4944839477539,-10.514543533325195,48.803585052490234,-10.113635063171388,31.194263458251953,-18.701011657714844,17.494070053100586,-11.570899963378906,3.5532610416412354,3.4100148677825928,-3.623225450515747,-1.418258547782898,44.194679260253906,25.50646209716797,20.25207138061523,18.00404930114746,17.748620986938477,16.38755226135254,18.40156936645508,13.846853256225586,14.785577774047852,11.783812522888184,12.72837257385254,12.519275665283203,10.030440330505373,,,,0.0,,,,,,,,excluded_wrong_sensor_fit,"Sensor readings are structurally plausible, but the sensor was worn incorrectly.",no,positive,1,,0,0,1
Official_run_1,self_20260531_155844,clip_097,50,Everybody Wants to Rule the World,Tears for Fears,Pop,medium,positive,relaxed,2026-05-31T16:47:42.944,2026-05-31T16:48:02.953,2026-05-31T16:48:05.011,2026-05-31T16:48:35.028,negative,negative,5,yes,human_rating_only,excluded_wrong_sensor_fit,"Sensor readings are structurally plausible, but the sensor was worn incorrectly.",,,,Songs from the Big Chair,https://audio-ssl.itunes.apple.com/itunes-assets/AudioPreview221/v4/ed/23/1f/ed231f7c-78cb-3b4d-f312-fc6b7ec09063/mzaf_14579022326895349191.plus.aac.p.m4a,1440813515,30.015986394557824,112.34714673913044,56.0,1.865672487449998,0.538702947845805,0.0275276900318383,0.951384315523762,5.263861661019638,0.1441273987293243,0.0277451686561107,0.1867545843124389,4.522905904309836e-06,-16.999887466430664,1.7927544116973877,14.703720092773438,-19.33641815185547,-14.908575057983398,0.0,0.0693144123404872,0.030809612521683,3237.2461006557824,897.5324268573173,0.0742065328049047,3784.558959735746,629.2147169058509,6904.389263250435,2184.9540279641687,19.715300400756124,10.773512535510749,1.160017013549805,1.0134588479995728,0.0,0.0804995060434996,7.0,0.545406005849834,0.6259055118933337,0.4852637648582458,0.35683074593544,0.4008557200431824,0.3897331357002258,0.3551679849624634,0.4160381555557251,0.394974023103714,0.5287992358207703,0.37630295753479,0.3274475634098053,0.4535447061061859,0.4491423666477203,-99.89595794677734,134.17771911621094,-27.094348907470703,33.69667053222656,-11.694870948791504,21.014299392700195,-14.058829307556152,15.789344787597656,-8.318629264831543,7.41919994354248,-8.023221969604492,8.267219543457031,-4.605120658874512,38.84103775024414,23.40639305114746,20.76700782775879,12.872873306274414,11.661787986755373,10.26821994781494,7.255667686462402,8.305631637573242,7.755792617797852,6.667800426483154,7.9068708419799805,7.304593563079834,6.9600372314453125,,,,0.0,,,,,,,,excluded_wrong_sensor_fit,"Sensor readings are structurally plausible, but the sensor was worn incorrectly.",no,negative,-1,,0,0,0
Official_run_1,self_20260531_155844,clip_140,51,Everlong,Foo Fighters,Rock,high,positive,excited,2026-05-31T16:48:40.912,2026-05-31T16:49:00.929,2026-05-31T16:49:02.975,2026-05-31T16:49:32.987,neutral,neutral,1,yes,human_rating_only,excluded_wrong_sensor_fit,"Sensor readings are structurally plausible, but the sensor was worn incorrectly.",,,,The Colour And The Shape,https://audio-ssl.itunes.apple.com/itunes-assets/AudioPreview211/v4/d0/77/17/d07717cb-9977-1cbb-6634-3e598d0c4da6/mzaf_15769952961470333318.plus.aac.p.m4a,362133505,30.00380952380952,105.46875,53.0,1.7664423565261556,0.5664329321472178,0.0391955984066572,0.9352811229503816,5.965909090909091,0.3090765178203583,0.0485267266631126,0.3117014169692993,9.950868707023437e-06,-10.304322242736816,1.354121208190918,9.347623825073242,-12.053651809692385,-8.50706958770752,0.0,0.0731384867625725,0.0215347719144548,3294.476100743165,608.3757547946035,0.0145928756407769,3618.37299612323,482.46670882240954,6779.477019614362,1476.479945834608,18.630311915696044,11.498773377893578,1.002316117286682,0.5174160003662109,1.0,0.0303486293443789,9.0,0.8253884763445728,0.7950398470001938,0.4808830916881561,0.5581672191619873,0.5792433023452759,0.5120409727096558,0.5862711071968079,0.5091524124145508,0.6024836897850037,0.5263988971710205,0.5383095145225525,0.6183779835700989,0.531705915927887,0.5092478394508362,-13.3346529006958,128.10475158691406,-44.342185974121094,40.78269958496094,-1.1418782472610474,24.82244873046875,-11.72880744934082,11.06888198852539,0.150730013847351,8.870680809020996,4.4078240394592285,8.973736763000488,2.40647292137146,20.811199188232425,18.491727828979492,11.137639045715332,11.78195858001709,10.169710159301758,7.757038116455078,6.672763824462891,6.855517387390137,6.564886093139648,5.612793922424316,5.970794677734375,5.310305595397949,5.984735012054443,,,,0.0,,,,,,,,excluded_wrong_sensor_fit,"Sensor readings are structurally plausible, but the sensor was worn incorrectly.",no,neutral,0,,0,0,0
Official_run_1,self_20260531_155844,clip_118,52,Despacito,Luis Fonsi & Daddy Yankee,Pop Latino,high,positive,excited,2026-05-31T16:49:38.887,2026-05-31T16:49:58.896,2026-05-31T16:50:00.943,2026-05-31T16:50:30.954,neutral,neutral,4,yes,human_rating_only,excluded_wrong_sensor_fit,"Sensor readings are structurally plausible, but the sensor was worn incorrectly.",,,,VIDA,https://audio-ssl.itunes.apple.com/itunes-assets/AudioPreview211/v4/40/5b/e7/405be722-3ec9-ba27-7469-002182d57b39/mzaf_14120258742032474456.plus.aac.p.m4a,1447401620,30.020680272108844,89.10290948275862,44.0,1.4656563276108985,0.6706786900806835,0.0444278368785668,0.9378724215153212,5.263038630966409,0.2914915382862091,0.1286744028329849,0.634992778301239,3.64195730900011e-05,-11.920177459716797,5.467381954193115,52.36724853515625,-18.212778091430664,-6.266529083251953,0.0030935808197989,0.0756588586982792,0.0641298160432081,3932.298581732032,1487.6039050099762,0.0492798121933619,4185.650833513435,679.1130292115089,8349.528655651828,2635.68425909555,20.496587859286898,10.954296329222274,1.4468963146209717,1.7005228996276855,1.0,0.055448998862669,2.0,0.6612847671099942,0.6058357682473251,0.4620822370052337,0.5257548689842224,0.5603949427604675,0.4709535539150238,0.4465191960334778,0.4241715371608734,0.5109713077545166,0.4705780744552612,0.4250510334968567,0.4701422452926636,0.4554969668388366,0.4777933061122894,-69.69495391845703,103.15408325195312,-13.77371883392334,37.42223358154297,-15.302605628967283,19.59282684326172,-6.990296840667725,12.158890724182127,-8.704862594604492,5.991445064544678,-7.118201732635498,6.190962791442871,-0.7944861054420471,69.68467712402344,37.08985900878906,19.808834075927734,18.28471565246582,17.04081153869629,18.096649169921875,11.138750076293944,12.930703163146973,12.84148406982422,10.856555938720703,11.36508846282959,9.655332565307615,10.388164520263672,,,,0.0,,,,,,,,excluded_wrong_sensor_fit,"Sensor readings are structurally plausible, but the sensor was worn incorrectly.",no,neutral,0,,0,0,0
Official_run_1,self_20260531_155844,clip_039,53,'Round Midnight,Thelonious Monk,Jazz,low,negative,sad,2026-05-31T16:50:39.684,2026-05-31T16:50:59.735,2026-05-31T16:51:01.782,2026-05-31T16:51:31.802,neutral,neutral,1,yes,human_rating_only,excluded_wrong_sensor_fit,"Sensor readings are structurally plausible, but the sensor was worn incorrectly.",,,,The Essential Thelonious Monk,https://audio-ssl.itunes.apple.com/itunes-assets/AudioPreview115/v4/de/89/78/de8978da-fecf-f9dc-f177-b1ff17747c53/mzaf_6440961867909415748.plus.aac.p.m4a,193949454,29.92907029478458,79.50721153846153,36.0,1.2028439121369343,0.760619371558147,0.0588976223158361,0.9281312983670807,3.742181059981574,0.1168883144855499,0.0766429156064987,0.6216858625411987,-1.3157004832795367e-05,-20.270002365112305,5.374796390533447,34.808780670166016,-27.13620948791504,-13.52260971069336,0.0,0.0381495769491854,0.013455474656359,1616.985083113791,345.4172522237167,0.0331837188977158,2685.185935851286,524.9559408549934,2445.5136839968,687.2774224663133,20.243748785153564,6.336351906028023,0.8422935009002686,1.4676668643951416,0.0,0.0178224456577212,7.0,0.503489121770627,0.5213115674283483,0.2116682380437851,0.2062345743179321,0.2349738925695419,0.2866987287998199,0.2184357792139053,0.2619412243366241,0.314407616853714,0.3296104073524475,0.3109166920185089,0.2830709815025329,0.3045613169670105,0.2125472873449325,-233.95362854003903,179.47328186035156,-9.042941093444824,-7.237979888916016,10.057029724121094,2.6965198516845703,-1.6651742458343506,-4.298358917236328,-3.764384031295776,-6.020429611206055,-3.802302122116089,-1.190915584564209,-3.0889785289764404,48.29713821411133,21.18491554260254,20.824010848999023,16.100582122802734,13.290181159973145,8.724088668823242,8.58596134185791,9.072946548461914,8.994417190551758,8.162543296813965,8.995177268981934,10.495424270629885,10.076493263244627,,,,0.0,,,,,,,,excluded_wrong_sensor_fit,"Sensor readings are structurally plausible, but the sensor was worn incorrectly.",no,neutral,0,,0,0,0
Official_run_1,self_20260531_155844,clip_137,54,Blue Monday,New Order,Alternative,high,negative,tense,2026-05-31T16:51:36.459,2026-05-31T16:51:56.463,2026-05-31T16:51:58.512,2026-05-31T16:52:28.515,positive,positive,1,yes,human_rating_only,excluded_wrong_sensor_fit,"Sensor readings are structurally plausible, but the sensor was worn incorrectly.",,,,iTunes Originals: New Order,https://audio-ssl.itunes.apple.com/itunes-assets/AudioPreview211/v4/0f/43/1c/0f431c1a-119c-6614-2736-3fbc4c8a597c/mzaf_3646998447648845325.plus.aac.p.m4a,264135997,30.003537414965987,129.19921875,62.0,2.066423006810988,0.4598312330396639,0.0208406436645727,0.9566426814743808,5.7659867770693705,0.1575381457805633,0.1044919788837432,0.4504348933696747,-2.2713343565098972e-05,-18.96391487121582,9.244189262390137,52.735633850097656,-26.199676513671875,-9.567901611328123,0.037137330754352,0.0507748277321083,0.0593019138005583,2440.979407472492,1297.02060130593,-0.1801297320297099,2874.811358001013,652.7237580999725,4660.943034483801,2288.394827428835,18.06719928505937,9.999073558134596,1.6729295253753662,3.1290361881256104,0.0,0.049363433098513,2.0,0.4378405669081298,0.4872040000066428,0.7036219835281372,0.5908486247062683,0.7237015962600708,0.6551523804664612,0.6899793744087219,0.6809087991714478,0.6788405776023865,0.6014610528945923,0.6013711094856262,0.6638697385787964,0.6009706258773804,0.6354073286056519,-193.57208251953125,132.53610229492188,-28.329065322875977,46.720069885253906,15.074291229248049,15.766386985778809,8.791250228881836,16.588132858276367,-3.58343505859375,15.018943786621094,-0.7175244688987732,6.432470321655273,4.970495700836182,103.00855255126952,52.81552505493164,39.94656753540039,24.426944732666016,20.73114776611328,13.113443374633787,12.047162055969238,10.149431228637695,9.57775592803955,7.109659194946289,6.972584247589111,7.10555362701416,5.178080081939697,,,,0.0,,,,,,,,excluded_wrong_sensor_fit,"Sensor readings are structurally plausible, but the sensor was worn incorrectly.",no,positive,1,,0,0,1
Official_run_1,self_20260531_155844,clip_084,55,As It Was,Harry Styles,Pop,medium,positive,relaxed,2026-05-31T16:53:29.777,2026-05-31T16:53:49.784,2026-05-31T16:53:51.835,2026-05-31T16:54:21.841,negative,negative,4,yes,human_rating_only,excluded_wrong_sensor_fit,"Sensor readings are structurally plausible, but the sensor was worn incorrectly.",,,,Harry's House,https://audio-ssl.itunes.apple.com/itunes-assets/AudioPreview221/v4/67/10/16/67101606-3869-ca44-6c03-e13d6322cb51/mzaf_1135399237022217274.plus.aac.p.m4a,1615585008,30.010997732426304,172.265625,84.0,2.798973921124909,0.3448023386061252,0.0059048263315211,0.983163086124656,5.597947842249818,0.3854258358478546,0.0980788171291351,0.5440013408660889,-3.254093787616896e-05,-8.59778881072998,2.43933367729187,15.526920318603516,-12.202751159667969,-5.790910720825195,0.0,0.0386410858921663,0.0327415516840783,2373.2910473570328,1126.7365895192877,-0.0920027914714964,3411.7759120329524,846.848880380024,5148.709653046421,2864.587639299838,18.14014049216059,7.15804691086982,1.2430059909820557,1.3651334047317505,0.0,0.0845825299388459,6.0,0.4362849605573127,0.5208674904961587,0.3967435359954834,0.4342802166938782,0.392341285943985,0.3346357047557831,0.335205614566803,0.3709305822849273,0.4543421566486358,0.3954621851444244,0.4836840033531189,0.4122874438762665,0.3639917075634002,0.4507650434970855,-69.69005584716797,159.71905517578125,2.871143341064453,32.48921585083008,-9.709654808044434,25.14978790283203,-14.607293128967283,12.456543922424316,-6.042820453643799,9.059545516967772,-3.2702505588531494,0.61433345079422,-1.2581404447555542,58.97672271728515,35.25286865234375,16.107067108154297,18.468935012817383,16.822439193725586,10.8013277053833,8.518299102783203,8.758094787597656,9.035391807556152,8.246503829956055,8.679357528686523,8.170571327209473,7.511995792388916,,,,0.0,,,,,,,,excluded_wrong_sensor_fit,"Sensor readings are structurally plausible, but the sensor was worn incorrectly.",no,negative,-1,,0,0,0
Official_run_1,self_20260531_155844,clip_125,56,Hips Don't Lie (feat. Wyclef Jean),Shakira,Pop Latino,high,positive,happy,2026-05-31T16:54:29.113,2026-05-31T16:54:49.116,2026-05-31T16:54:51.170,2026-05-31T16:55:21.188,positive,positive,4,yes,human_rating_only,excluded_wrong_sensor_fit,"Sensor readings are structurally plausible, but the sensor was worn incorrectly.",,,,"Oral Fixation, Vol. 2 (Expanded Edition)",https://audio-ssl.itunes.apple.com/itunes-assets/AudioPreview221/v4/ac/c7/61/acc7619f-c1e3-e0a5-df9b-0329a35af062/mzaf_13106936727189536738.plus.aac.p.m4a,1817217063,30.018979591836736,99.38401442307692,47.0,1.5656761368657923,0.5999329586907226,0.0072844378202771,0.9880035752234164,6.6291393880062275,0.2259000539779663,0.0840091258287429,0.4743848741054535,4.540347604692132e-05,-13.68760585784912,4.000983715057373,29.11597442626953,-18.779544830322266,-9.558369636535645,0.0,0.0634578695983178,0.0415523897433472,2972.0567077687333,1002.760955536125,0.0415061063280741,3358.075312521959,570.3398655530914,6070.36484012471,1963.1050491505391,19.565027948485373,11.330517789129727,1.417874455451965,1.5262316465377808,0.0,0.1001890902411578,10.0,0.35180575033952,0.4519948405806778,0.4888198971748352,0.5000479221343994,0.4329133033752441,0.4290141761302948,0.4047828018665313,0.4265500605106354,0.3574326038360595,0.3317159414291382,0.4008722901344299,0.390517383813858,0.4440896809101105,0.4215133786201477,-90.76209259033205,133.69366455078125,-36.80427169799805,45.84443283081055,-6.132343292236328,24.03294563293457,-9.617871284484863,9.614943504333496,-8.435916900634766,6.227407455444336,-1.1688815355300903,1.828755259513855,-0.2504406571388244,52.433597564697266,26.086410522460938,18.679466247558594,16.209041595458984,15.415322303771973,13.9747314453125,10.92088508605957,12.000937461853027,9.759135246276855,9.236817359924316,8.506379127502441,8.717015266418457,9.685320854187012,,,,0.0,,,,,,,,excluded_wrong_sensor_fit,"Sensor readings are structurally plausible, but the sensor was worn incorrectly.",no,positive,1,,0,0,1
Official_run_1,self_20260531_155844,clip_113,57,Ace of Spades,Motörhead,Metal,high,negative,tense,2026-05-31T16:55:26.866,2026-05-31T16:55:46.882,2026-05-31T16:55:48.939,2026-05-31T16:56:18.964,neutral,neutral,1,yes,human_rating_only,excluded_wrong_sensor_fit,"Sensor readings are structurally plausible, but the sensor was worn incorrectly.",,,,Ace of Spades (Expanded Edition),https://audio-ssl.itunes.apple.com/itunes-assets/AudioPreview211/v4/c9/92/05/c992051c-dc1e-eed5-b153-3bd6d9c5d581/mzaf_12000067792525113010.plus.aac.p.m4a,1439443121,30.000453514739228,139.6748310810811,68.0,2.2666324016265817,0.428009611804921,0.017817023221909,0.9600359829985554,4.799927438738644,0.2573732733726501,0.0389549247920513,0.240883857011795,-4.803298256464307e-06,-11.891865730285645,1.3545068502426147,8.595820426940918,-13.74267292022705,-10.253238677978516,0.0,0.112285609586557,0.0353708577638945,3943.6253223680183,708.9555748292306,0.1484803262220078,3759.5229678351784,451.8227008616465,7691.393594354448,1407.1961525259571,17.44885794966831,8.006159961744252,1.038022518157959,0.4992127418518066,0.0,0.0873617222776266,10.0,0.4201012381158059,0.5074629603934326,0.4903359115123749,0.4935503304004669,0.4611595869064331,0.5751261115074158,0.5667771697044373,0.5727406740188599,0.5739082098007202,0.48665452003479,0.5159064531326294,0.5225972533226013,0.5952370762825012,0.4342444241046905,-5.944707870483398,110.94696807861328,-47.091590881347656,45.36221694946289,-8.07735538482666,18.166810989379883,-15.983823776245115,7.8994221687316895,-6.078226566314697,8.81291675567627,0.6677069664001465,7.723688125610352,-4.329429626464844,19.52453231811523,20.638296127319336,14.094980239868164,11.717226028442385,10.288676261901855,6.994931697845459,6.655551433563232,7.0844879150390625,6.36849308013916,5.533111572265625,5.781682014465332,6.406701564788818,5.787285804748535,,,,0.0,,,,,,,,excluded_wrong_sensor_fit,"Sensor readings are structurally plausible, but the sensor was worn incorrectly.",no,neutral,0,,0,0,0
Official_run_1,self_20260531_155844,clip_077,58,Opus,Eric Prydz,Dance,high,positive,excited,2026-05-31T16:56:24.459,2026-05-31T16:56:44.460,2026-05-31T16:56:46.508,2026-05-31T16:57:16.527,neutral,neutral,1,yes,human_rating_only,excluded_wrong_sensor_fit,"Sensor readings are structurally plausible, but the sensor was worn incorrectly.",,,,Opus,https://audio-ssl.itunes.apple.com/itunes-assets/AudioPreview115/v4/74/9a/33/749a3309-b63a-8221-e656-ef08bea46ad2/mzaf_10014625587695388750.plus.aac.p.m4a,1440851025,29.92907029478458,166.70866935483872,79.0,2.6395741405227175,0.3541043083900226,0.0186604277763734,0.9499404692399772,5.746920913543131,0.0660451874136924,0.0351236537098884,0.1537508964538574,4.964483648997606e-06,-24.899805068969727,4.870843887329102,22.459716796875,-31.457929611206055,-18.373451232910156,0.0,0.0344469353059542,0.0096635655908324,2821.3044968212703,323.3624583728192,-0.0443641478018946,4290.9177964144965,302.84685138574906,6363.604447488363,1384.4321648279888,24.46118221162157,8.200917875735794,1.264452576637268,2.235264778137207,1.0,0.0209819212584372,9.0,0.6620082484694069,0.6410263272109696,0.0809587240219116,0.2074475139379501,0.1788945943117141,0.103526160120964,0.164277970790863,0.1412974447011947,0.2336718142032623,0.1563688069581985,0.2437520921230316,0.4329178631305694,0.205824613571167,0.0758875608444213,-263.7200012207031,103.05001831054688,9.82055377960205,25.078866958618164,-8.012219429016113,0.0631577223539352,-24.32099723815918,-6.866741180419922,-21.914724349975582,-2.4722273349761963,-14.363208770751951,-1.1367391347885132,-15.664286613464355,53.40387344360352,21.40656089782715,11.709449768066406,16.82441520690918,10.660576820373535,6.57349157333374,5.9198102951049805,5.9294514656066895,5.779843807220459,6.596793174743652,6.63996696472168,6.874777317047119,6.539560794830322,,,,0.0,,,,,,,,excluded_wrong_sensor_fit,"Sensor readings are structurally plausible, but the sensor was worn incorrectly.",no,neutral,0,,0,0,0
Official_run_1,self_20260531_155844,clip_134,59,Dog Days Are Over,Florence + the Machine,Alternative,high,positive,happy,2026-05-31T16:57:22.220,2026-05-31T16:57:42.237,2026-05-31T16:57:44.290,2026-05-31T16:58:14.304,neutral,neutral,4,yes,human_rating_only,excluded_wrong_sensor_fit,"Sensor readings are structurally plausible, but the sensor was worn incorrectly.",,,,Lungs (Digital Deluxe Version),https://audio-ssl.itunes.apple.com/itunes-assets/AudioPreview125/v4/3b/d1/e3/3bd1e3cf-e2b5-98e3-3078-1d1623914404/mzaf_10047268165932809049.plus.aac.p.m4a,1470593922,29.92907029478458,74.89809782608695,31.0,1.0357822576734714,0.8003144368858653,0.0207541311898095,0.9747230231472012,5.412797604616205,0.2553555369377136,0.0850355178117752,0.4159869253635406,-2.5948508365790483e-05,-12.493041038513184,3.641442060470581,18.847904205322266,-17.5895938873291,-8.655265808105469,0.0,0.0730060018061481,0.0368317855552709,2948.976311384374,1072.6645244280617,-0.5526222069197202,3347.8253767403353,698.9233748832421,5814.390830312985,2424.380686184081,19.415908263108605,9.95045280140383,1.1426966190338137,0.9025424718856812,0.0,0.0624606585259248,7.0,0.568166616184478,0.6306272747104028,0.3255317211151123,0.3311586380004883,0.4705221056938171,0.4015382528305053,0.4369658827781677,0.4540413916110992,0.4374396800994873,0.57118821144104,0.3946447372436523,0.3713560700416565,0.4518370628356933,0.4650505781173706,-71.1600112915039,140.91305541992188,-36.20405960083008,39.92988204956055,0.9247772097587584,16.743268966674805,-4.4127936363220215,16.512821197509766,-1.7965463399887085,-1.8622519969940183,0.6716221570968628,2.0336296558380127,1.2343721389770508,66.54023742675781,30.221290588378903,19.81123733520508,17.298160552978516,13.948570251464844,10.89089012145996,11.916393280029297,9.596633911132812,9.506654739379885,11.424262046813965,9.813610076904297,9.311309814453123,8.457478523254395,,,,0.0,,,,,,,,excluded_wrong_sensor_fit,"Sensor readings are structurally plausible, but the sensor was worn incorrectly.",no,neutral,0,,0,0,0
Official_run_1,self_20260531_155844,clip_024,60,Take Five,Dave Brubeck,Jazz,medium,positive,relaxed,2026-05-31T16:58:21.483,2026-05-31T16:58:41.487,2026-05-31T16:58:43.600,2026-05-31T16:59:13.613,neutral,neutral,4,yes,human_rating_only,excluded_wrong_sensor_fit,"Sensor readings are structurally plausible, but the sensor was worn incorrectly.",,,,Dave Brubeck's Greatest Hits,https://audio-ssl.itunes.apple.com/itunes-assets/AudioPreview116/v4/cc/49/99/cc4999b7-b550-cf81-af69-a4c63475fc71/mzaf_10897310118931669841.plus.aac.p.m4a,157427932,30.018979591836736,83.35433467741936,42.0,1.399114845709857,0.7099076378518887,0.0816758227006868,0.8968196952426571,6.59582712977504,0.0941053554415702,0.0522482320666313,0.2519553303718567,9.410851682671482e-06,-21.981855392456055,5.219479084014893,26.199214935302734,-29.19739151000977,-15.185937881469728,0.0,0.0583479100203016,0.0344646981427351,3790.4472289612545,1177.5694237786429,0.0541221513868521,4529.100975870516,718.5609169055651,9060.274241861223,2697.629213011449,19.554053040056115,9.364507173832116,1.0878396034240725,0.860837459564209,0.0,0.1910716887047029,3.0,0.4695071918174592,0.6605788805221622,0.2547801733016968,0.3053119480609894,0.379403293132782,0.4480151236057281,0.3255077004432678,0.3014752864837646,0.3442249596118927,0.2615415155887604,0.324172168970108,0.3511888384819031,0.3847310841083526,0.2721303403377533,-200.48968505859375,106.4245834350586,4.4884819984436035,43.01551818847656,-8.887297630310059,25.160213470458984,-10.69239902496338,13.874423027038574,-11.644573211669922,9.618915557861328,-4.094585418701172,3.482005834579468,-4.73499059677124,38.413543701171875,20.493141174316406,20.257139205932617,16.184913635253906,7.663236141204834,7.599477291107178,7.158685207366943,7.690433979034424,5.947277069091797,6.3671441078186035,6.258021831512451,6.406022071838379,6.610628604888916,,,,0.0,,,,,,,,excluded_wrong_sensor_fit,"Sensor readings are structurally plausible, but the sensor was worn incorrectly.",no,neutral,0,,0,0,0
Official_run_1,self_20260531_220954,clip_198,1,Silk Chiffon (feat. Phoebe Bridgers),MUNA,Alternative,high,positive,happy,2026-05-31T22:09:56.671,2026-05-31T22:10:16.678,2026-05-31T22:10:18.723,2026-05-31T22:10:48.731,positive,positive,1,yes,human_rating_only,excluded_questionable_sensor_fit,Sensor placement was still being corrected during this block.,,,,MUNA,https://audio-ssl.itunes.apple.com/itunes-assets/AudioPreview211/v4/de/dc/a2/dedca226-5c2c-7767-6d14-a1fc0b133d65/mzaf_3625606279159258339.plus.aac.p.m4a,1611606408,30.00498866213152,129.19921875,52.0,1.733045147443358,0.4789684762794006,0.05257109067208,0.9010965618729212,5.2991188162210365,0.2400619685649871,0.1143002286553382,0.5825098156929016,6.529377891839346e-05,-13.52057647705078,4.806536674499512,32.57559585571289,-17.90569305419922,-7.601292610168457,0.0,0.0750880228481624,0.0508790746500859,3663.484395739996,1314.2349557550292,0.4172282186588627,3940.198753451634,651.0139760075892,7985.286414258946,2321.2213046488832,21.579284925399293,11.264688582930331,1.2271645069122314,1.379439115524292,1.0,0.332433171548988,10.0,0.7537224352129461,0.4212892636639581,0.3978594839572906,0.3734325468540191,0.4744260907173157,0.559965968132019,0.4752250611782074,0.5315997004508972,0.3790352642536163,0.3918606638908386,0.3623794317245483,0.4187972843647003,0.5298007130622864,0.4142361879348755,-93.24998474121094,107.15713500976562,-22.958518981933594,42.981197357177734,-6.625446319580078,33.43067169189453,-7.521025657653809,19.35009002685547,-0.6273171901702881,0.6363965272903442,6.621176242828369,8.429269790649414,-3.736294031143189,71.61708068847656,27.333599090576172,19.25545310974121,18.664392471313477,14.966486930847168,14.234167098999023,12.965389251708984,10.899747848510742,9.751463890075684,11.683355331420898,10.97559642791748,8.451948165893555,7.957179069519043,,,,0.0,,,,,,,,excluded_questionable_sensor_fit,Sensor placement was still being corrected during this block.,no,positive,1,,0,0,1
Official_run_1,self_20260531_220954,clip_205,2,Ceremony,New Order,Pop,medium,negative,tense,2026-05-31T22:10:56.229,2026-05-31T22:11:16.231,2026-05-31T22:11:18.278,2026-05-31T22:11:48.291,neutral,neutral,1,yes,human_rating_only,excluded_questionable_sensor_fit,Sensor placement was still being corrected during this block.,,,,Substance,https://audio-ssl.itunes.apple.com/itunes-assets/AudioPreview211/v4/49/ae/99/49ae9942-efc2-66c9-68d2-b2ba12ae899f/mzaf_3119884863508531048.plus.aac.p.m4a,1530256507,30.003537414965987,139.6748310810811,67.0,2.2330700234892937,0.4262268947983234,0.0085184162805677,0.9804059616895514,5.7993161804050315,0.0775171890854835,0.0229349713772535,0.1446599960327148,-2.3314176710382982e-06,-22.566959381103516,2.4620635509490967,16.190000534057617,-25.600954055786133,-19.061328887939453,0.0,0.0460571052949709,0.0251017615952377,2715.7931931183907,625.6252060895043,0.1563101298563557,3475.4937590632294,447.7784168557677,5596.217095321566,1428.5169545198626,20.24831384249996,9.004067015383207,1.010807752609253,0.9871667623519896,1.0,0.07718355414922,0.0,0.5819322414695735,0.5047486873203534,0.6210254430770874,0.4765235483646393,0.4191698133945465,0.4843235611915588,0.6492099165916443,0.6379477977752686,0.5706976652145386,0.5703188180923462,0.3714620769023895,0.3160378336906433,0.3231663405895233,0.4665540158748626,-195.7389984130859,136.97042846679688,-32.5802116394043,32.340885162353516,-1.2957897186279297,25.955307006835938,3.597075939178467,12.5189790725708,-2.035712718963623,7.993021011352539,-2.9821412563323975,9.155278205871582,5.11385440826416,42.98819351196289,18.501296997070312,21.114728927612305,14.894216537475586,10.444292068481444,8.079619407653809,7.723433494567871,7.570766925811768,6.909638404846191,7.8481645584106445,5.923750400543213,5.61175012588501,6.143040657043457,,,,0.0,,,,,,,,excluded_questionable_sensor_fit,Sensor placement was still being corrected during this block.,no,neutral,0,,0,0,0
Official_run_1,self_20260531_220954,clip_172,3,Raydar,JID,Hip-Hop/Rap,high,negative,tense,2026-05-31T22:11:54.789,2026-05-31T22:12:14.802,2026-05-31T22:12:16.851,2026-05-31T22:12:46.877,positive,positive,1,yes,human_rating_only,excluded_questionable_sensor_fit,Sensor placement was still being corrected during this block.,,,,The Forever Story,https://audio-ssl.itunes.apple.com/itunes-assets/AudioPreview221/v4/79/8f/ba/798fba2f-45e3-534a-3595-b80c4b13923a/mzaf_1310724192152983713.plus.aac.p.m4a,1790783325,30.020680272108844,103.359375,43.0,1.4323459565288328,0.5724824532987798,0.0513300878292855,0.917715524384195,6.428901618838714,0.3814790546894073,0.1946846097707748,0.6024476885795593,-8.426005152838637e-05,-10.756636619567873,8.11313533782959,48.52727890014648,-22.0645694732666,-5.2478156089782715,0.0038669760247486,0.0302991166376643,0.0500154049321323,1980.256925687808,1522.2255831583789,-0.0920289009555666,2830.6619592499637,1118.0812120749451,4156.291237674014,3266.478988383067,18.343072174988315,9.03184577884789,1.5091838836669922,1.6434552669525146,0.0,0.0076562984253043,2.0,0.2219774298823003,0.2296337283076047,0.699455201625824,0.7158694863319397,0.7229243516921997,0.7235708236694336,0.7237826585769653,0.7238832712173462,0.6848843097686768,0.6599389910697937,0.6296468377113342,0.6191420555114746,0.6102530360221863,0.6183165907859802,-174.45040893554688,145.8778839111328,1.5303908586502075,39.37236022949219,4.599398612976074,23.63754653930664,1.198808670043945,16.980985641479492,3.715399980545044,5.9633049964904785,7.5525102615356445,5.768417835235596,-2.441549301147461,74.68515014648438,43.38750457763672,38.19664001464844,28.188129425048828,23.19331932067871,21.026363372802734,18.550277709960938,14.863842010498049,13.327781677246094,13.316368103027344,12.287351608276367,12.73537826538086,12.450529098510742,,,,0.0,,,,,,,,excluded_questionable_sensor_fit,Sensor placement was still being corrected during this block.,no,positive,1,,0,0,1
Official_run_1,self_20260531_220954,clip_173,4,None Shall Pass,Aesop Rock,Hip-Hop/Rap,high,negative,tense,2026-05-31T22:12:54.968,2026-05-31T22:13:14.976,2026-05-31T22:13:17.019,2026-05-31T22:13:47.022,neutral,neutral,1,yes,human_rating_only,excluded_questionable_sensor_fit,Sensor placement was still being corrected during this block.,,,,None Shall Pass (Bonus Edition),https://audio-ssl.itunes.apple.com/itunes-assets/AudioPreview112/v4/98/9e/93/989e9370-7db4-6e9a-74dd-f84b7765c247/mzaf_12127818186791660818.plus.aac.p.m4a,1623690092,29.92907029478458,114.84375,57.0,1.9045028608834795,0.5172659540006478,0.0100352798685843,0.9809686015810216,5.479622266401591,0.2627117931842804,0.1122116446495056,0.5936427116394043,-8.317573062332471e-07,-12.366777420043944,3.625932931900024,19.667949676513672,-16.93316078186035,-7.670423030853272,0.0,0.0477595125824282,0.0297278336280796,2695.2850909274293,987.8664068195384,-0.269256423327859,3381.78662421488,628.3022789152798,5738.799097077434,2046.1710547063904,18.54007875574766,6.630777273818839,1.2172592878341677,0.949070692062378,1.0,0.0428149290248623,9.0,0.3852203042927429,0.3424053752678805,0.254958838224411,0.3299404680728912,0.4964028596878052,0.4303711950778961,0.587968111038208,0.4913573563098907,0.4657858908176422,0.3368460834026336,0.3167190253734588,0.3781515955924988,0.3072622120380401,0.3748068511486053,-98.1760482788086,141.21229553222656,-23.341537475585938,35.304649353027344,-19.68899154663086,14.195034980773926,-2.4952266216278076,6.181027889251709,0.1471035331487655,2.0314245223999023,5.427572250366211,1.9457305669784544,10.64163589477539,36.99813079833984,26.95323371887207,21.798038482666016,15.962896347045898,15.288020133972168,14.292746543884276,11.213218688964844,10.166386604309082,9.920419692993164,11.422647476196287,11.32997989654541,11.12911319732666,10.284723281860352,,,,0.0,,,,,,,,excluded_questionable_sensor_fit,Sensor placement was still being corrected during this block.,no,neutral,0,,0,0,0
Official_run_1,self_20260531_220954,clip_200,5,Killshot,Magdalena Bay,Indie Pop,medium,negative,tense,2026-05-31T22:13:56.852,2026-05-31T22:14:16.871,2026-05-31T22:14:18.918,2026-05-31T22:14:48.937,positive,positive,1,yes,human_rating_only,excluded_questionable_sensor_fit,Sensor placement was still being corrected during this block.,,,,A Little Rhythm and a Wicked Feeling,https://audio-ssl.itunes.apple.com/itunes-assets/AudioPreview122/v4/14/72/be/1472bef9-0d79-391e-75cc-0fad54cb7ef2/mzaf_17513573749968270352.plus.aac.p.m4a,1499440465,29.92907029478458,99.38401442307692,49.0,1.6372042137419387,0.6061375661375661,0.0147919672031887,0.9761777038956349,4.911612641225816,0.2825763821601867,0.1130531951785087,0.5698143839836121,-1.139852563128155e-06,-11.913618087768556,4.463956832885742,26.32086944580078,-18.181093215942383,-7.639945983886719,0.0,0.0666858090089216,0.0691535711871842,3618.63731822787,1597.5461806094863,-0.2404773829448089,4058.9526340277175,801.4986251093422,7877.385286104781,2895.116026539876,19.321668494041905,9.933392130044105,1.2568740844726562,1.4440579414367676,0.0,0.1900348386792497,6.0,0.6525882773120979,0.8426231159913476,0.5130032300949097,0.6239174604415894,0.5217496156692505,0.5080339312553406,0.5526366233825684,0.5418621897697449,0.6410089135169983,0.5189488530158997,0.5834199786186218,0.5734230279922485,0.5231271386146545,0.5248709321022034,-90.31874084472656,109.3991241455078,-13.498530387878418,34.46625518798828,-8.5138521194458,26.047069549560547,-7.924749374389648,16.487550735473633,1.522472620010376,9.42534637451172,4.190967559814453,10.614537239074709,-0.8671330213546753,59.49222946166992,42.05129623413086,19.512889862060547,17.794523239135742,17.32628059387207,14.372203826904297,10.833581924438477,11.331830978393556,10.6359281539917,8.834244728088379,10.181818962097168,9.010893821716309,8.710394859313965,,,,0.0,,,,,,,,excluded_questionable_sensor_fit,Sensor placement was still being corrected during this block.,no,positive,1,,0,0,1
Official_run_1,self_20260531_220954,clip_168,6,"Sicilienne, Op. 78",Yo-Yo Ma & Kathryn Stott,Classical,low,positive,relaxed,2026-05-31T22:14:57.438,2026-05-31T22:15:17.443,2026-05-31T22:15:19.485,2026-05-31T22:15:49.494,neutral,neutral,1,yes,human_rating_only,excluded_questionable_sensor_fit,Sensor placement was still being corrected during this block.,,,,Merci,https://audio-ssl.itunes.apple.com/itunes-assets/AudioPreview221/v4/be/6d/57/be6d57b6-4968-d6a4-81d7-ead0b917fefc/mzaf_15232409822569512815.plus.aac.p.m4a,1766801454,30.018979591836736,117.45383522727272,50.0,1.6656129115593536,0.5068110509509927,0.0259661041777494,0.9512627297777532,2.298545817951908,0.0278256051242351,0.0185823589563369,0.1053555458784103,3.379426071789065e-06,-32.97517395019531,5.916562557220459,33.41587829589844,-40.38445663452149,-25.206356048583984,0.0409899458623356,0.0230270114317478,0.0077530344196735,1001.3586489220132,360.2661197986234,0.0846469369945256,1821.7199540582503,553.1417149469074,1511.7957307678364,720.883040147713,19.682533828351012,6.552576618963289,0.7631457448005676,0.4212337434291839,0.0,0.2895548083521528,7.0,0.4379623019930637,0.7275171103452165,0.1953512877225875,0.2460335195064544,0.3266815543174743,0.3204738199710846,0.2310451567173004,0.2442031651735305,0.3087420761585235,0.5513883233070374,0.4129651486873626,0.3695460855960846,0.4185889065265655,0.2532718479633331,-419.8481750488281,191.1648712158203,21.881637573242188,11.994269371032717,16.067739486694336,4.22071647644043,-5.870408058166504,-3.419149160385132,-6.979038238525391,-7.648322105407715,-4.170783519744873,-6.037139892578125,-8.223042488098145,74.30994415283203,23.113779067993164,29.47779083251953,14.20213508605957,9.568285942077637,8.946311950683594,8.58772087097168,6.282005310058594,6.181225299835205,6.252335548400879,7.087270259857178,6.760854244232178,7.33204174041748,,,,0.0,,,,,,,,excluded_questionable_sensor_fit,Sensor placement was still being corrected during this block.,no,neutral,0,,0,0,0
Official_run_1,self_20260531_220954,clip_192,7,Cirrus,Bonobo,Electronic,medium,positive,relaxed,2026-05-31T22:15:55.091,2026-05-31T22:16:15.103,2026-05-31T22:16:17.150,2026-05-31T22:16:47.171,neutral,neutral,1,yes,human_rating_only,excluded_questionable_sensor_fit,Sensor placement was still being corrected during this block.,,,,The North Borders,https://audio-ssl.itunes.apple.com/itunes-assets/AudioPreview211/v4/0a/7b/23/0a7b2301-138d-163a-8de8-79c51be47842/mzaf_13157584990167779773.plus.aac.p.m4a,611171963,30.02199546485261,120.18531976744184,57.0,1.8986079745009328,0.5017168772270814,0.0139999268290584,0.972853460040572,8.060756663670627,0.1881828159093856,0.0944230258464813,0.4900943636894226,1.6577587500033147e-05,-15.418497085571287,3.857629776000977,23.633052825927734,-20.01511001586914,-9.534797668457031,0.0,0.0311514374274942,0.0190249757296297,2275.1583306304096,1089.4994381216345,-0.0087296059782614,3644.9892765319096,1027.363474929845,5084.4006036107885,3066.431739647626,18.857718186285663,6.369250267495501,1.51539146900177,2.1121315956115723,0.0,0.1180577157709217,2.0,0.3772348031000215,0.4952925188709432,0.2954568564891815,0.3794909715652466,0.4703876078128814,0.4947008490562439,0.3961882293224334,0.6459824442863464,0.5272891521453857,0.3387023210525512,0.4155023396015167,0.6738921999931335,0.5077226161956787,0.3139464557170868,-203.95550537109375,124.7825927734375,26.95210075378418,66.14080810546875,17.784412384033203,18.589113235473633,15.832072257995604,9.659430503845217,-8.613676071166992,-19.48509979248047,-18.53474235534668,-1.22408127784729,1.7173770666122437,65.43164825439453,28.440309524536133,23.815813064575195,11.138799667358398,10.696611404418944,12.321149826049805,9.198955535888672,10.75010108947754,10.22581672668457,14.743086814880373,11.25816535949707,11.263253211975098,6.565550327301025,,,,0.0,,,,,,,,excluded_questionable_sensor_fit,Sensor placement was still being corrected during this block.,no,neutral,0,,0,0,0
Official_run_1,self_20260531_220954,clip_215,8,Ghost of Perdition,Opeth,Metal,high,negative,tense,2026-05-31T22:17:07.055,2026-05-31T22:17:27.069,2026-05-31T22:17:29.119,2026-05-31T22:17:59.134,negative,negative,1,yes,human_rating_only,excluded_questionable_sensor_fit,Sensor placement was still being corrected during this block.,,,,Ghost Reveries,https://audio-ssl.itunes.apple.com/itunes-assets/AudioPreview125/v4/7b/9e/09/7b9e09aa-bbe0-feb5-8329-936a3dffe10f/mzaf_15353729448908600362.plus.aac.p.m4a,214473109,29.92907029478458,132.51201923076923,62.0,2.071564515346943,0.4560246830972826,0.01074634286801,0.9769772709311028,4.610901663191583,0.2812011837959289,0.0648829564452171,0.3982690572738647,-3.7864653345745136e-05,-11.307430267333984,2.39577579498291,21.57779312133789,-14.374014854431152,-8.89029312133789,0.0,0.0577656795480993,0.0275644400546377,3012.0353725947084,958.8944987338826,-0.4739051251421141,3620.587344102984,668.8111769978866,6288.62245972532,2099.8800460137227,15.428649381426236,6.348463465095485,1.2191752195358276,1.270363688468933,0.0,0.0314840537415865,2.0,0.4155564491569003,0.4470405028984868,0.5947507619857788,0.6472369432449341,0.6994523406028748,0.6435958743095398,0.5843581557273865,0.5592567324638367,0.5106901526451111,0.4941847920417785,0.5770244002342224,0.6700989007949829,0.6309632062911987,0.5885212421417236,-47.91487884521485,133.96690368652344,-27.727737426757812,42.584014892578125,-1.305403470993042,22.274019241333008,1.3975131511688232,10.753771781921388,-2.647902727127075,9.570886611938477,-0.2427939176559448,3.986530065536499,1.4536402225494385,76.50479125976562,24.635732650756836,17.762704849243164,13.257274627685549,14.332228660583496,8.20311450958252,8.432018280029297,6.303862571716309,7.1610822677612305,7.07719612121582,6.935204982757568,5.354938983917236,5.854200839996338,,,,0.0,,,,,,,,excluded_questionable_sensor_fit,Sensor placement was still being corrected during this block.,no,negative,-1,,0,0,0
Official_run_1,self_20260531_220954,clip_208,9,A Forest,The Cure,Alternative,medium,negative,tense,2026-05-31T22:18:19.991,2026-05-31T22:18:39.998,2026-05-31T22:18:42.047,2026-05-31T22:19:12.064,neutral,neutral,1,yes,human_rating_only,excluded_questionable_sensor_fit,Sensor placement was still being corrected during this block.,,,,Seventeen Seconds (Deluxe Edition),https://audio-ssl.itunes.apple.com/itunes-assets/AudioPreview116/v4/bc/f3/ed/bcf3eda8-4426-1528-f411-5dfe06bfb4d8/mzaf_16155767371106033934.plus.aac.p.m4a,65619482,30.003990929705218,80.74951171875,36.0,1.19984038404566,0.7417116942014901,0.0066673616041643,0.991090929720118,5.465939527319117,0.1872298121452331,0.0884339064359664,0.4518906474113464,-3.263779162609286e-07,-15.418501853942873,3.827524423599243,20.63581085205078,-20.065414428710938,-9.73768138885498,0.0,0.042410768254352,0.0405302558849898,2398.2122190449586,1442.070531854606,0.3259192138811089,3300.214137605942,1014.3650672734984,4917.258957174807,3290.056211868271,19.63137590041329,9.574941968896765,1.2599693536758425,1.365209698677063,0.0,0.0674109934881702,1.0,0.305108606004328,0.3725195994924982,0.6108274459838867,0.5994011163711548,0.5797736644744873,0.5946364402770996,0.6207419633865356,0.5210596323013306,0.4262957870960235,0.4793528914451599,0.4910817444324493,0.5558351278305054,0.5095973610877991,0.5394427180290222,-165.71685791015625,148.93968200683594,5.8175811767578125,34.906497955322266,4.254806995391846,24.60471534729004,1.3624285459518433,14.211871147155762,4.008309841156006,5.079902172088623,-9.708975791931152,0.3110978007316589,-4.15310525894165,64.47114562988281,38.23684310913086,30.101177215576172,23.994935989379883,17.63788414001465,14.991947174072266,11.621676445007324,10.43453598022461,10.332721710205078,9.617677688598633,7.764474391937256,10.591459274291992,8.68997859954834,,,,0.0,,,,,,,,excluded_questionable_sensor_fit,Sensor placement was still being corrected during this block.,no,neutral,0,,0,0,0
Official_run_1,self_20260531_220954,clip_184,10,Glue,Bicep,Electronic,medium,positive,relaxed,2026-05-31T22:19:24.620,2026-05-31T22:19:44.667,2026-05-31T22:19:46.710,2026-05-31T22:20:16.752,neutral,neutral,1,yes,human_rating_only,excluded_questionable_sensor_fit,Sensor placement was still being corrected during this block.,,,,Bicep,https://audio-ssl.itunes.apple.com/itunes-assets/AudioPreview211/v4/7c/9c/f6/7c9cf6b3-424a-3cce-96c3-c192b2f6e566/mzaf_4559815962369019993.plus.aac.p.m4a,1240586502,30.00371882086168,65.41732594936708,31.0,1.0332052564912588,0.9229931972789116,0.0093602629640109,0.989960606826544,6.832486373571228,0.1917367428541183,0.1120099350810051,0.491856187582016,3.9332274450176726e-05,-15.822933197021484,5.149141311645508,23.02457046508789,-22.789276123046875,-8.994141578674316,0.0,0.0568009928070599,0.0439789348599044,3105.9159681265414,1238.283469937257,-0.0860057412390441,3450.2737183399227,667.7397355870178,6941.163469384671,2291.038319936256,20.669679520085356,10.675474231694055,1.401068091392517,1.9991357326507568,0.0,0.2467807263155252,4.0,0.2867152867178661,0.5334960130333914,0.4877845048904419,0.4853390455245971,0.5487227439880371,0.5890249013900757,0.6790412068367004,0.602779746055603,0.664471447467804,0.6090923547744751,0.4644728302955627,0.4575258493423462,0.4765573143959045,0.5200509428977966,-145.66864013671875,113.93689727783205,-21.92420768737793,63.74284362792969,-2.723306655883789,30.854469299316406,-3.328479051589966,6.896529674530029,-2.5459659099578857,-6.862949371337891,-0.0410991162061691,0.2076772600412368,6.386807918548584,75.71037292480469,22.96525764465332,19.492876052856445,18.14801025390625,17.139196395874023,15.392759323120115,14.126823425292969,9.060307502746582,9.06414031982422,10.033833503723145,9.21379566192627,8.747812271118164,10.44240951538086,,,,0.0,,,,,,,,excluded_questionable_sensor_fit,Sensor placement was still being corrected during this block.,no,neutral,0,,0,0,0
Official_run_1,self_20260531_220954,clip_229,11,Pa’ Dónde Se Fue,Mon Laferte,Rock y Alternativo,medium,negative,sad,2026-05-31T22:20:30.085,2026-05-31T22:20:50.100,2026-05-31T22:20:52.146,2026-05-31T22:21:22.156,neutral,neutral,1,yes,human_rating_only,excluded_questionable_sensor_fit,Sensor placement was still being corrected during this block.,,,,La Trenza,https://audio-ssl.itunes.apple.com/itunes-assets/AudioPreview211/v4/2c/78/04/2c780409-8cf3-57b2-feaa-4959297675c4/mzaf_3795848920905232974.plus.aac.p.m4a,1440880827,30.000453514739228,89.10290948275862,37.0,1.233314689120346,0.674023683547493,0.0278994576013798,0.9602528311636578,7.09989266980091,0.3562532961368561,0.0847834572196006,0.4779557585716247,1.9320860366565655e-05,-9.286638259887695,2.5788068771362305,19.19249153137207,-12.208436012268066,-6.777274131774902,0.0,0.0433323636968085,0.0140595649736035,1920.9552344144415,454.93661838906894,0.0600691951906298,2512.1742845849603,462.57649204051626,3733.5158894463248,1267.43146317868,18.818449161770634,7.340589334234911,1.0322335958480835,0.6022240519523621,0.0,0.1813339159691765,9.0,0.5643262140394564,0.745660130008633,0.3944168388843536,0.2895186245441437,0.3903226554393768,0.3691349923610687,0.548901379108429,0.3607120215892792,0.2608629465103149,0.3523102700710296,0.3636110723018646,0.4813267886638641,0.3175411224365234,0.3973689079284668,-70.09766387939453,183.2460174560547,-42.589263916015625,33.221290588378906,-17.213945388793945,15.66648006439209,-5.6919708251953125,9.103087425231934,1.789353370666504,0.2881516814231872,4.1143951416015625,2.2699568271636963,-0.9202301502227784,31.428911209106445,19.824235916137695,14.559263229370115,12.280877113342283,10.017741203308104,9.533935546875,9.210659980773926,8.84447193145752,8.538620948791504,9.620871543884276,9.597052574157717,8.141633033752441,7.614927768707275,,,,0.0,,,,,,,,excluded_questionable_sensor_fit,Sensor placement was still being corrected during this block.,no,neutral,0,,0,0,0
Official_run_1,self_20260531_220954,clip_207,12,Love My Way,The Psychedelic Furs,New Wave,medium,positive,happy,2026-05-31T22:21:28.575,2026-05-31T22:21:48.595,2026-05-31T22:21:50.643,2026-05-31T22:22:20.646,negative,negative,1,yes,human_rating_only,excluded_questionable_sensor_fit,Sensor placement was still being corrected during this block.,,,,Forever Now (2002 Bonus Tracks Edition),https://audio-ssl.itunes.apple.com/itunes-assets/AudioPreview115/v4/42/b4/f9/42b4f9dd-938f-c86e-e413-953b5bdc003a/mzaf_1389995137883184358.plus.aac.p.m4a,211438542,29.92907029478458,126.04801829268293,62.0,2.071564515346943,0.4758187427976655,0.0126992804529459,0.9740044791624174,4.677726324976968,0.2259227484464645,0.056399930268526,0.362414538860321,9.836611134768797e-06,-13.222501754760742,2.3884668350219727,17.6218204498291,-16.112934112548828,-10.402789115905762,0.0,0.0776562272716252,0.0440866963973039,3287.825674343474,1157.4829134841648,0.121553955602442,3398.944158314936,564.0556007183151,6604.119802020704,1887.780392032446,18.617066012221592,6.030804035844807,1.228553295135498,1.3283087015151978,0.0,0.1623150562624273,11.0,0.3327795492849881,0.4950946055474154,0.5131767392158508,0.4016582071781158,0.3982222378253937,0.3716690242290497,0.379791647195816,0.346147745847702,0.436612606048584,0.4444218873977661,0.4072359800338745,0.5132946968078613,0.467820405960083,0.6095996499061584,-79.71253204345703,129.44076538085938,-35.0631103515625,59.23347091674805,-15.842766761779783,20.727380752563477,-3.7507364749908447,4.9530205726623535,0.6094968318939209,9.213924407958984,3.900373697280884,6.2644453048706055,-2.6364805698394775,49.905517578125,37.30050277709961,15.479784965515137,19.106664657592773,14.726054191589355,13.840642929077148,10.572996139526367,9.612600326538086,8.541672706604004,8.516785621643066,8.749654769897461,8.723601341247559,8.905125617980957,,,,0.0,,,,,,,,excluded_questionable_sensor_fit,Sensor placement was still being corrected during this block.,no,negative,-1,,0,0,0
Official_run_1,self_20260531_220954,clip_196,13,Show Me How,Men I Trust,Pop,low,positive,relaxed,2026-05-31T22:22:55.679,2026-05-31T22:23:15.695,2026-05-31T22:23:17.742,2026-05-31T22:23:47.760,negative,negative,4,yes,human_rating_only,excluded_questionable_sensor_fit,Sensor placement was still being corrected during this block.,,,,Show Me How - Single,https://audio-ssl.itunes.apple.com/itunes-assets/AudioPreview126/v4/c9/0a/46/c90a464f-379e-8f7a-a212-e22823ac9122/mzaf_8128269148088916110.plus.aac.p.m4a,1719975688,30.000453514739228,166.70866935483872,73.0,2.4332965488050067,0.361360544217687,0.0054515749875541,0.9851379638181916,3.599945579053983,0.2040275633335113,0.0986424908041954,0.4908862113952636,7.5810135359520045e-06,-15.12377643585205,5.291837215423584,30.840961456298828,-21.77902603149414,-9.381078720092772,0.0,0.0184541978965183,0.0133896490774873,1227.107029241624,831.2673291979813,0.1448709640712324,2260.6087049960292,1038.207988041362,2248.8161115812377,2144.412852367507,19.26440187931941,7.072132388145226,1.121827244758606,1.760413646697998,0.0,0.1001373428851227,9.0,0.4455847942759845,0.5457221371611073,0.5273354053497314,0.4897335469722748,0.5513267517089844,0.5285684466362,0.5296647548675537,0.4705513417720794,0.3880688846111297,0.4211517870426178,0.4684255421161651,0.5737096071243286,0.5052095651626587,0.5020285844802856,-232.07896423339844,171.5496826171875,40.64805221557617,37.91282272338867,11.128522872924805,16.832754135131836,-3.570028781890869,8.254190444946289,-1.0367554426193235,2.959918737411499,3.0232937335968018,0.0438462868332862,1.584285020828247,84.82588195800781,28.95797538757324,37.746437072753906,22.871074676513672,16.00686264038086,11.802199363708496,13.913986206054688,9.94289493560791,10.598528861999512,7.880135536193848,7.959264755249023,7.483075618743896,7.257358074188232,,,,0.0,,,,,,,,excluded_questionable_sensor_fit,Sensor placement was still being corrected during this block.,no,negative,-1,,0,0,0
Official_run_1,self_20260531_220954,clip_204,14,Saw You In A Dream,The Japanese House,Alternative,low,negative,sad,2026-05-31T22:24:13.725,2026-05-31T22:24:33.736,2026-05-31T22:24:35.790,2026-05-31T22:25:05.790,negative,negative,1,yes,human_rating_only,excluded_questionable_sensor_fit,Sensor placement was still being corrected during this block.,,,,Saw You In a Dream - EP,https://audio-ssl.itunes.apple.com/itunes-assets/AudioPreview125/v4/26/de/dc/26dedcdd-f9cf-ef19-4db1-726fe7459b19/mzaf_17486703770070766609.plus.aac.p.m4a,1440889384,29.92907029478458,93.9630681818182,45.0,1.5035548901711682,0.638548752834467,0.016041488943781,0.9754938465012812,3.3412330892692625,0.2325401604175567,0.1031820476055145,0.504838764667511,4.154202144334029e-05,-14.244091033935549,6.391219139099121,38.18680953979492,-23.90340805053711,-9.127049446105955,0.0,0.0595525086064778,0.0502973290369453,3572.697389910832,1558.126685145725,0.3887888874172707,4382.607935616044,719.0453586553746,8252.579215961987,3247.5046842923625,20.47339011559725,9.462892632519525,1.1387407779693604,1.3566471338272097,0.0,0.0282289112454763,8.0,0.5772520668218434,0.6054809780673197,0.4410213828086853,0.3874389231204986,0.3802692294120788,0.5012408494949341,0.4743843674659729,0.3955662548542022,0.4204045236110687,0.4010794460773468,0.4512380361557007,0.4300348162651062,0.5016880631446838,0.5212350487709045,-136.01165771484375,111.19705200195312,15.872964859008787,47.40145111083984,7.1452131271362305,37.453033447265625,-14.99958610534668,9.24672508239746,-5.998320579528809,2.1331136226654053,1.0599756240844729,6.040933609008789,-5.133491516113281,90.9242172241211,35.33349609375,19.51475715637207,17.910110473632812,16.442333221435547,13.38368320465088,18.143815994262695,10.00576114654541,11.524181365966797,10.736536979675291,11.260518074035645,10.315252304077148,8.944747924804688,,,,0.0,,,,,,,,excluded_questionable_sensor_fit,Sensor placement was still being corrected during this block.,no,negative,-1,,0,0,0
Official_run_1,self_20260531_220954,clip_185,15,Kerala,Bonobo,Electronic,medium,positive,relaxed,2026-05-31T22:25:12.884,2026-05-31T22:25:32.907,2026-05-31T22:25:34.956,2026-05-31T22:26:04.970,positive,positive,1,yes,human_rating_only,excluded_questionable_sensor_fit,Sensor placement was still being corrected during this block.,,,,Migration,https://audio-ssl.itunes.apple.com/itunes-assets/AudioPreview221/v4/7b/50/f2/7b50f2d2-4ead-9f1c-986f-a780d26a9d12/mzaf_3026587138333977214.plus.aac.p.m4a,1169246072,30.0087074829932,126.04801829268293,63.0,2.099390653053082,0.4746982664033355,0.0239667909170203,0.951938098398534,5.531727752489073,0.2679620087146759,0.1244338899850845,0.6037728190422058,5.9871390093893355e-05,-12.431795120239258,4.3199639320373535,26.731529235839844,-17.67196273803711,-6.607776641845703,0.0,0.0395114920817214,0.022872022227951,2512.5326286774566,883.1254674294215,-0.1413593816101686,3317.346463029367,618.6233829498763,5238.824233861219,2088.5416342903686,18.360815980887555,6.470422049735783,1.2427544593811035,1.2101680040359497,0.0,0.1293872444727869,2.0,0.4957202320120035,0.6251074764847905,0.4338198602199554,0.464248925447464,0.679804265499115,0.4910189211368561,0.3591561615467071,0.4026002287864685,0.3764932155609131,0.4423187375068664,0.4112741351127624,0.5173752903938293,0.5610141754150391,0.4380790889263153,-110.47712707519533,138.7587432861328,-24.65128517150879,38.34054946899414,-0.8481528162956238,13.12228298187256,-18.198078155517575,5.445921421051025,-0.3420178890228271,-3.048898696899414,2.385589838027954,-0.1686171144247055,-1.4539692401885986,50.90102767944336,25.426528930664062,18.527135848999023,19.233745574951172,13.397990226745604,14.91896915435791,17.805591583251953,12.724820137023926,10.243159294128418,11.508413314819336,9.653666496276855,8.82737922668457,10.375025749206545,,,,0.0,,,,,,,,excluded_questionable_sensor_fit,Sensor placement was still being corrected during this block.,no,positive,1,,0,0,1
Official_run_1,self_20260531_220954,clip_195,16,Dreams Tonite,Alvvays,Alternative,medium,positive,relaxed,2026-05-31T22:26:13.496,2026-05-31T22:26:33.506,2026-05-31T22:26:35.553,2026-05-31T22:27:05.555,negative,negative,1,yes,human_rating_only,excluded_questionable_sensor_fit,Sensor placement was still being corrected during this block.,,,,Antisocialites,https://audio-ssl.itunes.apple.com/itunes-assets/AudioPreview116/v4/26/73/fd/2673fdaa-6bfe-54e3-c0dd-884afb19bce0/mzaf_11273602793506297863.plus.aac.p.m4a,1651326697,30.00018140589569,99.38401442307692,48.0,1.5999903250773997,0.6140936942152747,0.0352175771113778,0.9457616421174664,2.8999824642027865,0.1583970040082931,0.0655682310461998,0.4559448361396789,3.898639129803889e-05,-16.824892044067383,4.635396957397461,80.0,-21.31717109680176,-12.748744010925291,0.002321083172147,0.0629897923718568,0.0338136578321848,2543.375531859057,971.2355392195648,0.4334052948703,2773.708503444084,671.2813331000682,5131.508080724129,2022.1780934575847,20.216383100571235,9.710435806361602,1.0157283544540403,0.9382786750793456,0.0,0.1791639681805105,6.0,0.6276569142806692,0.8068208824611797,0.2763082683086395,0.4529981017112732,0.4719851613044739,0.3110372722148895,0.2882202565670013,0.3192581236362457,0.5239633917808533,0.366839736700058,0.33846515417099,0.3983388543128967,0.2747655510902405,0.2665002048015594,-141.91986083984375,156.1314239501953,-38.57456970214844,43.62647247314453,-8.412915229797363,4.992593765258789,-12.190317153930664,9.809712409973145,-13.497200965881348,-11.562541961669922,5.437123775482178,-6.783836364746094,-1.0484461784362793,69.25227355957031,30.41002082824707,26.7397518157959,21.150833129882812,20.778785705566406,17.444250106811523,11.921868324279783,12.004668235778809,9.780451774597168,14.022624969482422,10.70462703704834,11.494145393371582,9.903620719909668,,,,0.0,,,,,,,,excluded_questionable_sensor_fit,Sensor placement was still being corrected during this block.,no,negative,-1,,0,0,0
Official_run_1,self_20260531_220954,clip_223,17,Hasta la Raíz,Natalia Lafourcade,Pop Latino,medium,positive,happy,2026-05-31T22:27:13.381,2026-05-31T22:27:33.386,2026-05-31T22:27:35.431,2026-05-31T22:28:05.443,neutral,neutral,1,yes,human_rating_only,excluded_disconnected_lead_artifact,Disconnected lead produced a repetitive artificial oscillation.,,,,Hasta la Raíz (Edición Especial),https://audio-ssl.itunes.apple.com/itunes-assets/AudioPreview211/v4/3b/98/60/3b98602d-c7c7-f329-2091-7cef30c68152/mzaf_3346254391508663693.plus.aac.p.m4a,1055384375,30.018979591836736,101.33272058823528,49.0,1.6323006533281663,0.5877551020408163,0.0161821108957728,0.9732056403395168,5.563147124608241,0.2143946290016174,0.060781393200159,0.3770101964473724,5.8491697823720665e-06,-13.71892547607422,2.4556524753570557,18.777820587158203,-16.579936981201172,-10.105831146240234,0.0,0.0351923140830433,0.0171777598864609,2439.832087690781,695.5456290543981,-0.1191096474811184,3725.039484758839,445.5256744442206,5238.39714599043,1973.9383217927164,18.720783588325805,5.200021221527569,1.21117103099823,0.9759370684623718,0.0,0.0461719185153443,0.0,0.3290026026820565,0.3751745211974009,0.4812779724597931,0.4748393595218658,0.6187800765037537,0.5920230150222778,0.4853923618793487,0.4829100966453552,0.4111371040344238,0.4809225797653198,0.3579276800155639,0.3293584585189819,0.4173178970813751,0.4229556620121002,-141.63711547851562,134.41116333007812,-5.420823574066162,46.06643295288086,10.00004768371582,22.46923065185547,2.774662494659424,20.45564842224121,0.6876243948936462,-1.655794620513916,9.797916412353516,-4.537942409515381,-3.5114905834198,45.64580535888672,20.72231674194336,16.802995681762695,16.041950225830078,14.112197875976562,11.120553970336914,11.465540885925291,9.551505088806152,10.098608016967772,8.99677562713623,10.198600769042969,8.264690399169922,7.545650005340576,,,,0.0,,,,,,,,excluded_disconnected_lead_artifact,Disconnected lead produced a repetitive artificial oscillation.,no,neutral,0,,0,0,0
Official_run_1,self_20260531_220954,clip_221,18,Selkies: The Endless Obsession,Between the Buried and Me,Metal,high,negative,tense,2026-05-31T22:28:10.999,2026-05-31T22:28:31.002,2026-05-31T22:28:33.048,2026-05-31T22:29:03.053,negative,negative,1,yes,human_rating_only,excluded_disconnected_lead_artifact,Disconnected lead produced a repetitive artificial oscillation.,,,,The Best of Between the Buried and Me,https://audio-ssl.itunes.apple.com/itunes-assets/AudioPreview125/v4/6c/6b/f5/6c6bf5e5-b59c-3eaa-3359-d54d28f4ebb6/mzaf_3808798627322304759.plus.aac.p.m4a,1442255887,29.92907029478458,172.265625,85.0,2.840048125878873,0.3470553935860058,0.0223047618662464,0.93961243101889,5.680096251757746,0.2470869868993759,0.0544258616864681,0.3329300880432129,-4.656689634712888e-06,-12.378859519958496,2.110408067703247,14.623188018798828,-14.479525566101074,-9.895651817321776,0.0,0.0880769976726144,0.0368119948721763,3783.82242521572,1094.2354908120842,-0.0122092618583134,3975.362083804186,890.4086979589536,7745.354509612587,2583.937526950535,17.638468085081886,9.076789802478949,1.0811253786087036,0.7172180414199829,0.0,0.1328247562846842,4.0,0.2866994231261027,0.4195241794107869,0.5611056685447693,0.5782619118690491,0.5714016556739807,0.654970109462738,0.69182950258255,0.6149504780769348,0.6302793025970459,0.641058087348938,0.6261177659034729,0.5616708993911743,0.5527976155281067,0.5484887361526489,-31.14235496520996,112.87100982666016,-38.51443099975586,44.07931137084961,4.876506805419922,19.4886531829834,-0.3450022041797638,13.96142864227295,-2.167599678039551,11.029112815856934,3.443441867828369,6.466204643249512,2.5706944465637207,30.380037307739254,26.37112808227539,20.32943344116211,12.97613525390625,10.935111045837402,8.248128890991211,7.322407722473144,6.881388187408447,5.7145161628723145,6.869601726531982,6.635982513427734,5.386387825012207,5.324258804321289,,,,0.0,,,,,,,,excluded_disconnected_lead_artifact,Disconnected lead produced a repetitive artificial oscillation.,no,negative,-1,,0,0,0
Official_run_1,self_20260531_220954,clip_232,19,Tuyo,Rodrigo Amarante,Soundtrack,low,positive,relaxed,2026-05-31T22:29:12.450,2026-05-31T22:29:32.461,2026-05-31T22:29:34.511,2026-05-31T22:30:04.540,negative,negative,3,yes,human_rating_only,excluded_disconnected_lead_artifact,Disconnected lead produced a repetitive artificial oscillation.,,,,Narcos (A Netflix Original Series Soundtrack),https://audio-ssl.itunes.apple.com/itunes-assets/AudioPreview125/v4/05/dd/8e/05dd8e41-6438-bf29-32bb-597ea82aff67/mzaf_12380721683915158506.plus.aac.p.m4a,1030422720,29.92907029478458,112.34714673913044,56.0,1.871090529990787,0.5306815089672232,0.0283239085921168,0.9493316026957644,5.847157906221209,0.1404049396514892,0.0497231744229793,0.2678007185459137,2.7001763085384767e-06,-17.99897575378418,4.938711643218994,34.87872314453125,-23.576080322265625,-14.281051635742188,0.0023273855702094,0.0216466934760473,0.028925363460589,1229.7106729824848,780.5424345799427,0.1626454501547641,2129.9721141800205,615.2294648784178,2194.883236762995,1591.8844524424128,19.87497808327495,6.599066986909564,1.1752710342407229,1.2287293672561646,0.0,0.2771684346268395,1.0,0.3253190691401313,0.6024875037669708,0.5136234164237976,0.5987548232078552,0.505109965801239,0.5494265556335449,0.5176042318344116,0.4110487997531891,0.3806128799915313,0.3932734131813049,0.4407947659492492,0.4282675087451935,0.3849497437477112,0.4149260818958282,-257.94580078125,182.80892944335935,1.55379319190979,33.92393112182617,15.40500259399414,11.154905319213867,5.7930827140808105,3.7868731021881104,2.200916290283203,1.5028544664382937,1.2317426204681396,0.5686240792274475,2.8565478324890137,50.33147048950195,27.363021850585938,20.535295486450195,17.857154846191406,17.555545806884766,11.66261386871338,9.97422695159912,10.858283042907717,10.627620697021484,11.71249294281006,12.978439331054688,13.61047649383545,10.861685752868652,,,,0.0,,,,,,,,excluded_disconnected_lead_artifact,Disconnected lead produced a repetitive artificial oscillation.,no,negative,-1,,0,0,0
Official_run_1,self_20260531_220954,clip_191,20,A Walk,Tycho,Electronic,medium,positive,relaxed,2026-05-31T22:30:14.224,2026-05-31T22:30:34.236,2026-05-31T22:30:36.284,2026-05-31T22:31:06.290,neutral,neutral,1,yes,human_rating_only,excluded_disconnected_lead_artifact,Disconnected lead produced a repetitive artificial oscillation.,,,,Dive,https://audio-ssl.itunes.apple.com/itunes-assets/AudioPreview115/v4/fc/42/ed/fc42ed54-f3c4-f5a0-f5be-43c9b3fb2215/mzaf_1338879779032740875.plus.aac.p.m4a,679251628,29.92907029478458,139.6748310810811,36.0,1.2028439121369343,0.4285740200842241,0.007005364811114,0.983917134157308,2.67298647141541,0.1693132072687149,0.0479863993823528,0.3117648661136627,1.7807822939527454e-05,-15.748910903930664,2.342429876327514,15.144752502441406,-18.602670669555664,-12.69593620300293,0.0,0.0212870169462761,0.010975995891814,1164.9358000111242,669.710243440807,0.5438737588489196,2336.01564386997,600.4098170893776,1884.0633939827385,1795.9515024012728,16.57171482552815,4.870153295751149,1.0300759077072144,1.6401939392089844,1.0,0.0875390976787185,9.0,0.682033106809237,0.5944940091305184,0.2466643452644348,0.4296814799308777,0.2761404812335968,0.3790544867515564,0.6006778478622437,0.3756831288337707,0.272834450006485,0.2687016725540161,0.4247879385948181,0.6125664114952087,0.3386259973049164,0.1875128000974655,-244.5552215576172,196.89649963378903,35.25680160522461,26.62886428833008,1.9403467178344729,14.960088729858398,1.4852460622787476,-0.5008188486099243,-4.452335357666016,-4.786378860473633,-1.6275485754013062,1.8829295635223389,0.0499147325754165,84.64702606201172,27.51290702819824,42.778316497802734,23.846277236938477,12.261216163635254,9.621886253356934,10.366972923278809,8.441301345825195,8.975977897644043,8.109329223632812,7.5949788093566895,7.947551727294922,8.25991439819336,,,,0.0,,,,,,,,excluded_disconnected_lead_artifact,Disconnected lead produced a repetitive artificial oscillation.,no,neutral,0,,0,0,0
Official_run_1,self_20260531_220954,clip_186,21,Atlas,Lane 8,Dance,medium,positive,relaxed,2026-05-31T22:31:20.214,2026-05-31T22:31:40.234,2026-05-31T22:31:42.284,2026-05-31T22:32:12.304,neutral,neutral,1,yes,human_rating_only,excluded_disconnected_lead_artifact,Disconnected lead produced a repetitive artificial oscillation.,,,,Little by Little,https://audio-ssl.itunes.apple.com/itunes-assets/AudioPreview125/v4/01/63/51/01635120-c956-6906-54c0-0866f8913689/mzaf_15334282776476339653.plus.aac.p.m4a,1495406711,29.92907029478458,123.046875,48.0,1.603791882849246,0.4915713803251798,0.0055014142978124,0.9889323769932228,6.61564151675314,0.3685786128044128,0.1027169376611709,0.5809609293937683,6.336200192020303e-05,-9.195670127868652,3.466413974761963,22.073549270629883,-13.312542915344238,-6.556054592132568,0.0,0.0107986296305275,0.0089649085571078,1486.273771623523,749.0601232070202,0.2072897569856114,3297.0369704099476,1081.1389390087186,2524.788948100514,2391.550429533894,17.006028333866077,4.823983274066213,1.2847024202346802,2.2124335765838623,1.0,0.0298955626384918,11.0,0.3829840395538624,0.3530884769153706,0.7275599241256714,0.6308135986328125,0.6159211993217468,0.6860858201980591,0.5899487733840942,0.564102828502655,0.5717763304710388,0.4677685499191284,0.5035090446472168,0.5420066118240356,0.7203617691993713,0.7863051295280457,-184.62696838378903,167.2983856201172,44.14106750488281,21.516918182373047,13.065117835998535,7.2571611404418945,9.061022758483888,3.7357099056243896,3.759463310241699,7.082032203674316,8.02286434173584,6.022434234619141,5.788425445556641,60.04939270019531,37.09636306762695,30.54519271850586,21.98240089416504,12.446351051330566,11.394214630126951,11.650123596191406,10.578354835510254,8.768476486206055,9.324515342712402,10.066433906555176,9.031780242919922,7.9660563468933105,,,,0.0,,,,,,,,excluded_disconnected_lead_artifact,Disconnected lead produced a repetitive artificial oscillation.,no,neutral,0,,0,0,0
Official_run_1,self_20260531_220954,clip_201,22,So Hot You're Hurting My Feelings,Caroline Polachek,Indie Pop,high,positive,happy,2026-05-31T22:32:18.359,2026-05-31T22:32:38.372,2026-05-31T22:32:40.419,2026-05-31T22:33:10.435,neutral,neutral,1,yes,human_rating_only,excluded_disconnected_lead_artifact,Disconnected lead produced a repetitive artificial oscillation.,,,,Pang,https://audio-ssl.itunes.apple.com/itunes-assets/AudioPreview116/v4/7d/50/63/7d50630e-3403-c6be-2f88-9070487841e1/mzaf_16554078699519463994.plus.aac.p.m4a,1482422205,29.92907029478458,112.34714673913044,56.0,1.871090529990787,0.5313147804576376,0.020526854965806,0.9628029970046474,4.744550986762353,0.2914345264434814,0.1091561019420623,0.6369554996490479,-2.186944185752543e-05,-11.394009590148926,3.661780595779419,24.12814140319824,-16.184860229492188,-7.350602149963379,0.0,0.0562485605362684,0.0367751935523122,3060.9149961565554,1333.40753184724,0.0084021741352603,3677.569491660837,928.4694002230232,6468.881597289565,2994.7378446634257,20.226743832475712,8.366788856507497,1.2118874788284302,1.344304084777832,1.0,0.2012848820467672,1.0,0.8058826411315191,0.6045977590847519,0.346416026353836,0.4332375228404999,0.3747754395008087,0.4348469376564026,0.3344078361988067,0.3866976797580719,0.4358897805213928,0.3392161726951599,0.4672673642635345,0.3247437477111816,0.40492844581604,0.3246401250362396,-75.22137451171875,128.17848205566406,-20.001909255981445,29.00644302368164,-10.512410163879396,14.899773597717283,-10.241081237792969,11.707852363586426,-2.5829904079437256,2.597219467163086,2.8718881607055664,8.679839134216309,-5.229740619659424,63.606197357177734,35.19514846801758,26.607154846191406,15.442502975463867,15.896206855773926,11.783441543579102,11.857930183410645,12.01034164428711,11.65001392364502,10.605405807495115,12.455835342407228,9.483399391174316,9.33786392211914,,,,0.0,,,,,,,,excluded_disconnected_lead_artifact,Disconnected lead produced a repetitive artificial oscillation.,no,neutral,0,,0,0,0
Official_run_1,self_20260531_220954,clip_240,23,Roads,Portishead,Electronic,low,negative,sad,2026-05-31T22:33:17.292,2026-05-31T22:33:37.300,2026-05-31T22:33:39.360,2026-05-31T22:34:09.362,negative,negative,1,yes,human_rating_only,excluded_disconnected_lead_artifact,Disconnected lead produced a repetitive artificial oscillation.,,,,Dummy,https://audio-ssl.itunes.apple.com/itunes-assets/AudioPreview125/v4/53/d1/b8/53d1b804-aba5-68ed-4fb5-ce9514b970c8/mzaf_1949279649016114866.plus.aac.p.m4a,1440653203,29.92907029478458,75.99954044117646,31.0,1.0357822576734714,0.7887044595616023,0.0146651779359125,0.9817454167404254,4.109716699801193,0.2142511010169983,0.0755240619182586,0.3729043304920196,2.854558643601866e-05,-14.08420753479004,3.7921626567840576,21.25682830810547,-19.68647193908691,-10.273953437805176,0.0,0.0184037332113072,0.0227939442622351,1273.942279686125,1046.7916171235522,0.4198671495967673,2648.541543788501,869.5984980481735,2177.300850192737,2715.051421599066,18.751411085814517,6.227644237948855,1.205729842185974,1.9563069343566897,0.0,0.0238812687643983,9.0,0.3596893481956206,0.383570616960019,0.375677078962326,0.3164694011211395,0.362113356590271,0.4111538231372833,0.5474282503128052,0.6036280989646912,0.4792541563510895,0.4372842311859131,0.4980582892894745,0.5323194265365601,0.4217801690101623,0.4026602804660797,-284.9456481933594,141.85736083984375,49.1719856262207,60.02729034423828,28.00508499145508,30.15318298339844,12.816370964050291,17.29807472229004,2.559739351272583,1.7660843133926392,-2.0566070079803467,-2.269352436065674,-5.105530261993408,109.39297485351562,30.610322952270508,43.65848159790039,19.668901443481445,21.221229553222656,11.105879783630373,16.486366271972656,9.286602020263672,9.154341697692873,8.199601173400879,8.352051734924316,8.353056907653809,7.539218425750732,,,,0.0,,,,,,,,excluded_disconnected_lead_artifact,Disconnected lead produced a repetitive artificial oscillation.,no,negative,-1,,0,0,0
Official_run_1,self_20260531_220954,clip_213,24,Flying Whales,GOJIRA,Metal,high,negative,tense,2026-05-31T22:34:13.489,2026-05-31T22:34:33.505,2026-05-31T22:34:35.549,2026-05-31T22:35:05.557,negative,negative,1,yes,human_rating_only,excluded_disconnected_lead_artifact,Disconnected lead produced a repetitive artificial oscillation.,,,,From Mars to Sirius,https://audio-ssl.itunes.apple.com/itunes-assets/AudioPreview211/v4/be/a4/0a/bea40a20-1b1b-0935-66e2-d0d80f51d33c/mzaf_17143022508128274714.plus.aac.p.m4a,213374170,30.0,95.703125,47.0,1.5666666666666669,0.6282007295671892,0.0325897039221197,0.9506807267925632,4.833333333333333,0.2668743431568146,0.0597512945532798,0.3726959526538849,3.525507247590912e-06,-11.694609642028809,1.9826933145523071,13.867403984069824,-14.07757568359375,-9.13365650177002,0.0,0.0313212391761803,0.021340180194029,2345.4009511564395,982.0439116998296,-0.0074749013844229,3154.318384032833,719.2297783127372,5253.426566581608,2171.3085878016777,16.131109402735248,6.466898679339485,1.2383716106414795,1.7103358507156372,1.0,0.2217140794959088,2.0,0.4406097171583856,0.2188956376624768,0.5400367975234985,0.6410977840423584,0.7526018619537354,0.6988905072212219,0.6597821116447449,0.615478515625,0.6687254309654236,0.6841925978660583,0.6343056559562683,0.5798942446708679,0.5243687629699707,0.5328085422515869,-112.4637222290039,145.82183837890625,-27.413650512695312,56.92487335205078,0.6520606875419617,26.23118782043457,4.191507339477539,13.19823169708252,8.87567138671875,10.811198234558104,5.904290676116943,6.342248916625977,3.6086220741271977,60.598670959472656,30.741981506347656,17.819364547729492,13.644298553466797,11.428568840026855,8.138863563537598,8.221650123596191,7.714650630950928,8.132852554321289,6.709663391113281,6.906284332275391,5.9081034660339355,5.749680995941162,,,,0.0,,,,,,,,excluded_disconnected_lead_artifact,Disconnected lead produced a repetitive artificial oscillation.,no,negative,-1,,0,0,0
Official_run_1,self_20260531_220954,clip_206,25,Life's What You Make It,Talk Talk,Rock,medium,positive,excited,2026-05-31T22:35:12.553,2026-05-31T22:35:32.569,2026-05-31T22:35:34.617,2026-05-31T22:36:04.620,neutral,neutral,1,yes,human_rating_only,excluded_disconnected_lead_artifact,Disconnected lead produced a repetitive artificial oscillation.,,,,The Very Best Of,https://audio-ssl.itunes.apple.com/itunes-assets/AudioPreview122/v4/e5/b4/dd/e5b4dd39-770a-c734-a977-eee1f9e2d1c2/mzaf_8282834802859384830.plus.aac.p.m4a,696670535,30.003537414965987,92.28515625,41.0,1.366505536762105,0.653061224489796,0.0067447873240075,0.9897776206896536,4.4661400469785875,0.0738631710410118,0.0285961050540208,0.1691715866327285,8.293636256797545e-06,-23.20553207397461,3.1226682662963867,20.612361907958984,-26.984392166137695,-19.047630310058594,0.0,0.0997306425290135,0.0587811164581639,4107.899844699463,1390.5973913327214,-0.2109272300710993,4457.348104942238,855.1339215405429,8726.436774661508,2871.8789416003306,17.387481343418173,6.769676722644366,1.3055338859558103,1.708120346069336,1.0,0.1310986939701972,8.0,0.6429619846237229,0.5118632906535256,0.5174651145935059,0.5091601610183716,0.4699313342571258,0.5914528369903564,0.4602611660957336,0.4590667188167572,0.5571457743644714,0.540251612663269,0.569799542427063,0.4514866173267364,0.4778927564620971,0.4493779242038727,-159.9021759033203,115.40333557128906,-14.171709060668944,26.911157608032227,-5.918660640716553,16.586795806884766,-2.8821754455566406,8.028898239135742,-0.3353640437126159,1.203976035118103,-1.6308131217956543,2.417243003845215,3.8009421825408936,56.521610260009766,34.15394973754883,19.0660457611084,13.74630641937256,11.057090759277344,9.003087043762207,6.848291873931885,7.87125825881958,6.456756591796875,6.567959308624268,6.638589859008789,7.03459358215332,5.922435283660889,,,,0.0,,,,,,,,excluded_disconnected_lead_artifact,Disconnected lead produced a repetitive artificial oscillation.,no,neutral,0,,0,0,0
Official_run_1,self_20260531_220954,clip_226,26,Eres,Café Tacvba,Rock y Alternativo,medium,positive,happy,2026-05-31T22:36:14.299,2026-05-31T22:36:34.300,2026-05-31T22:36:36.344,2026-05-31T22:37:06.351,negative,negative,1,yes,human_rating_only,excluded_disconnected_lead_artifact,Disconnected lead produced a repetitive artificial oscillation.,,,,Cuatro Caminos,https://audio-ssl.itunes.apple.com/itunes-assets/AudioPreview115/v4/65/c2/b0/65c2b09c-503b-f4f3-07dd-e4c6434d6611/mzaf_6737834753047942667.plus.aac.p.m4a,1444184596,29.92907029478458,147.65625,74.0,2.472512486059254,0.3998285341533873,0.0110370179918906,0.9731371541511272,5.078674295689279,0.2804364264011383,0.0994189232587814,0.4944309592247009,4.591105691226925e-05,-11.668402671813965,3.447617530822754,18.152820587158203,-16.91912841796875,-7.761062622070312,0.0,0.0456736159935027,0.0344392535873802,3205.4313913914175,1316.621414838114,-0.1476006246835376,4013.6736885302257,916.902714120832,7399.236250848526,2899.116720044847,17.470118967696042,5.353020569270192,1.074546456336975,1.198918104171753,0.0,0.130638737438804,9.0,0.3709292622063867,0.5015679996451907,0.5749863386154175,0.4634475708007812,0.4482572078704834,0.4799550771713257,0.550569474697113,0.4846668243408203,0.3766146004199981,0.3959030508995056,0.4940365850925445,0.5609944462776184,0.5755297541618347,0.5928451418876648,-91.1005401611328,120.5988540649414,-7.893482685089111,48.71513748168945,0.2157389670610427,33.74137878417969,4.200925827026367,14.762954711914062,-1.1956844329833984,8.047572135925293,-0.9705077409744264,4.914541244506836,-1.4903515577316284,48.111968994140625,32.39573669433594,19.904605865478516,14.298630714416504,12.146987915039062,8.672760963439941,7.480186462402344,7.924102306365967,7.54981517791748,6.869264125823975,7.960577011108398,6.843379974365234,6.663161277770996,,,,0.0,,,,,,,,excluded_disconnected_lead_artifact,Disconnected lead produced a repetitive artificial oscillation.,no,negative,-1,,0,0,0
Official_run_1,self_20260531_220954,clip_161,27,Pavane pour une infante défunte (Arr. Linos Piano Trio),Linos Piano Trio,Classical,low,negative,sad,2026-05-31T22:37:17.568,2026-05-31T22:37:37.580,2026-05-31T22:37:39.632,2026-05-31T22:38:09.652,negative,negative,1,yes,human_rating_only,excluded_disconnected_lead_artifact,Disconnected lead produced a repetitive artificial oscillation.,,,,Ravel: In Search of Lost Dance,https://audio-ssl.itunes.apple.com/itunes-assets/AudioPreview116/v4/cb/08/7d/cb087d0b-ad9c-2651-d12a-daf05e326ee1/mzaf_7709635850498123522.plus.aac.p.m4a,1675148375,29.92907029478458,99.38401442307692,31.0,1.0357822576734714,0.619198790627362,0.0362624693506436,0.9446764110027488,1.7374412064200164,0.0246908012777566,0.0200519021600484,0.1094086244702339,-1.0828405507987503e-05,-34.56974411010742,6.445659160614014,29.996849060058594,-42.64163589477539,-25.214712142944336,0.0418929402637703,0.0277390343168153,0.015481010123802,1110.8729828443277,451.14143240751895,0.0622015639274919,1852.7051966901531,638.2957566602934,1825.661471465283,1025.639692121758,20.554005152382487,6.7208006071612205,0.6734423041343689,0.3661211133003235,0.0,0.18954176789575,4.0,0.4514497666068393,0.6409915345025894,0.3659294545650482,0.2478500604629516,0.2626164853572845,0.2273374646902084,0.3804682195186615,0.2528648674488067,0.3121588230133056,0.3240871727466583,0.1752484291791916,0.2267219275236129,0.3359826803207397,0.484505295753479,-430.9234924316406,178.19834899902344,21.582490921020508,13.823700904846191,15.50338363647461,-1.5436651706695557,-8.152566909790039,-7.17752742767334,-7.372166633605957,-3.140467405319214,-4.234689235687256,-7.432209014892578,-5.551703929901123,64.81895446777344,35.23809051513672,25.72104263305664,14.270736694335938,8.536590576171875,11.380115509033203,9.584421157836914,8.994963645935059,7.517322540283203,8.197309494018555,8.327607154846191,8.543432235717773,8.40965461730957,,,,0.0,,,,,,,,excluded_disconnected_lead_artifact,Disconnected lead produced a repetitive artificial oscillation.,no,negative,-1,,0,0,0
Official_run_1,self_20260531_220954,clip_158,28,Moanin',Charles Mingus,Jazz,medium,negative,tense,2026-05-31T22:38:14.578,2026-05-31T22:38:34.586,2026-05-31T22:38:36.633,2026-05-31T22:39:06.650,neutral,neutral,1,yes,human_rating_only,excluded_disconnected_lead_artifact,Disconnected lead produced a repetitive artificial oscillation.,,,,Blues & Roots (Bonus Track Version),https://audio-ssl.itunes.apple.com/itunes-assets/AudioPreview122/v4/e9/0e/b0/e90eb00a-d9a0-8e40-7a06-84c610fd9aa2/mzaf_5055124392757281959.plus.aac.p.m4a,213005327,29.92907029478458,105.46875,52.0,1.7374412064200164,0.5682059490462853,0.0503927545671887,0.918537245110885,3.240996096591185,0.0652045533061027,0.0391860790550708,0.1716599911451339,2.6981847925538537e-05,-26.65402030944824,9.865801811218262,80.0,-39.10641860961914,-18.67535972595215,0.0112490302560124,0.0383221231938518,0.0192582729278889,2479.992196777986,999.9953559929694,-0.1094840753868138,3584.3156501045905,1106.0389898336011,5252.030098429014,3136.264237381772,16.253504095191662,5.09705072487408,0.9847443103790284,1.1251591444015503,1.0,0.1243780412764384,0.0,0.4681932685252771,0.3438152272488387,0.631831705570221,0.5705026388168335,0.4073940813541412,0.3630310595035553,0.4189559519290924,0.4444288909435272,0.4376339614391327,0.4985296130180359,0.4252325892448425,0.3552926778793335,0.3814679384231567,0.5262514352798462,-252.34600830078125,153.26925659179688,-9.408638954162598,25.58978271484375,0.1803489029407501,10.001083374023438,-4.906709671020508,-1.823459267616272,-10.353224754333496,6.502814292907715,-2.2489724159240723,-0.4160929918289184,-6.5816450119018555,103.55028533935548,37.40443801879883,32.859375,15.734607696533203,18.709728240966797,9.460491180419922,11.14937973022461,7.767784118652344,7.406617164611816,7.131066799163818,5.636490821838379,7.537366390228272,6.928573131561279,,,,0.0,,,,,,,,excluded_disconnected_lead_artifact,Disconnected lead produced a repetitive artificial oscillation.,no,neutral,0,,0,0,0
Official_run_1,self_20260531_220954,clip_159,29,Footprints,Wayne Shorter,Jazz,medium,negative,tense,2026-05-31T22:39:10.986,2026-05-31T22:39:31.017,2026-05-31T22:39:33.061,2026-05-31T22:40:03.062,neutral,neutral,4,yes,human_rating_only,excluded_disconnected_lead_artifact,Disconnected lead produced a repetitive artificial oscillation.,,,,Adam's Apple,https://audio-ssl.itunes.apple.com/itunes-assets/AudioPreview211/v4/68/ab/c3/68abc3ff-65af-2785-e173-bb66b465eef3/mzaf_8044807894290668594.plus.aac.p.m4a,1443300509,30.014875283446713,135.99917763157896,67.0,2.232226499936539,0.4413550470693327,0.0271521291441687,0.9420454359661818,5.563907843125404,0.0912027060985565,0.0334511958062648,0.2094973921775818,1.923355226646941e-06,-21.462568283081055,3.581160545349121,25.976543426513672,-26.09151077270508,-17.26268768310547,0.0,0.0465929071200696,0.016966062455677,2275.5619741681176,746.3769359499788,0.0121960080285243,3073.6571164740067,829.3448298162119,4464.842220580771,2127.812505830583,19.359568314124708,7.176408140534116,1.1417515277862549,1.2848585844039917,0.0,0.0693850688153287,7.0,0.4056395499633506,0.4750246187786794,0.3329160511493683,0.359221488237381,0.4378704726696014,0.3827382922172546,0.3315240740776062,0.4093111455440521,0.4098843932151794,0.4426926970481872,0.3058117628097534,0.3324105441570282,0.3028672933578491,0.2847786247730255,-199.64898681640625,161.39573669433594,-27.25665855407715,32.93659973144531,-4.397716045379639,13.998048782348633,-11.82545566558838,-2.686741828918457,-12.566228866577148,-3.5767557621002197,-7.339878559112549,0.4736863374710083,-7.292150974273682,47.49248123168945,26.736522674560547,23.458717346191406,11.52895736694336,9.646954536437988,8.642047882080078,9.948994636535645,9.404033660888672,8.497353553771973,8.617535591125488,7.039003372192383,8.021013259887695,6.855592727661133,,,,0.0,,,,,,,,excluded_disconnected_lead_artifact,Disconnected lead produced a repetitive artificial oscillation.,no,neutral,0,,0,0,0
Official_run_1,self_20260531_220954,clip_176,30,Norf Norf,Vince Staples,Hip-Hop/Rap,high,negative,tense,2026-05-31T22:40:10.095,2026-05-31T22:40:30.114,2026-05-31T22:40:32.162,2026-05-31T22:41:02.167,negative,negative,1,yes,human_rating_only,excluded_disconnected_lead_artifact,Disconnected lead produced a repetitive artificial oscillation.,,,,Summertime '06,https://audio-ssl.itunes.apple.com/itunes-assets/AudioPreview221/v4/05/2a/60/052a6047-6477-5603-75da-0dee9bda158f/mzaf_6662896450146292246.plus.aac.p.m4a,1442881982,30.000453514739228,50.17445388349515,24.0,0.7999879064564406,1.1998659173814452,0.0100450274632479,0.9916977133680386,3.633278408489668,0.2554859817028045,0.1252534538507461,0.6381404995918274,-4.601891711199023e-05,-12.73228359222412,3.843469619750977,21.306415557861328,-17.68280792236328,-7.557426452636719,0.0,0.0273182498186653,0.0301513478965395,1557.104110363527,1353.7006112502654,0.6923063655422931,2299.455277054105,1043.5490484203506,3007.9843901112185,2777.8839826733124,19.336010971884985,7.544460992598367,1.2201751470565796,1.7507798671722412,1.0,0.0341192404886973,1.0,0.3858682008748352,0.3517489603861379,0.6148460507392883,0.6347278952598572,0.5848444700241089,0.555832028388977,0.5910782217979431,0.6279804706573486,0.6362200975418091,0.6119716763496399,0.5733844637870789,0.5226583480834961,0.5348576307296753,0.5748156309127808,-205.7047576904297,148.2750244140625,11.707597732543944,39.24950408935547,16.323932647705078,12.823234558105469,3.766972064971924,9.0754976272583,4.359212398529053,-0.4928227365016937,5.443332672119141,4.433259963989258,2.4839389324188232,94.64036560058594,35.43490982055664,52.73551559448242,26.565900802612305,23.261585235595703,14.697671890258787,13.789770126342772,10.558930397033691,11.238609313964844,12.50617504119873,11.054512977600098,11.583477020263672,9.682631492614746,,,,0.0,,,,,,,,excluded_disconnected_lead_artifact,Disconnected lead produced a repetitive artificial oscillation.,no,negative,-1,,0,0,0
Official_run_1,self_20260531_220954,clip_193,31,Two Thousand and Seventeen,Four Tet,Electronic,medium,positive,relaxed,2026-05-31T22:41:07.681,2026-05-31T22:41:27.702,2026-05-31T22:41:29.751,2026-05-31T22:41:59.755,neutral,neutral,1,yes,human_rating_only,excluded_disconnected_lead_artifact,Disconnected lead produced a repetitive artificial oscillation.,,,,New Energy,https://audio-ssl.itunes.apple.com/itunes-assets/AudioPreview115/v4/11/12/50/111250a0-ca7d-8ab2-461c-f772f8c316ec/mzaf_1936462126950328626.plus.aac.p.m4a,1288518126,29.92907029478458,151.99908088235293,73.0,2.4391001551665616,0.3973192239858906,0.0200365305575929,0.9519917232733272,5.412797604616205,0.2915306687355041,0.0556664392352104,0.4436902999877929,1.168092369581907e-05,-10.846503257751465,1.522969126701355,11.050840377807615,-12.524043083190918,-8.951321601867676,0.0,0.0344170096125872,0.0331635579483358,2366.97028807667,1463.374461800083,0.7206851484872144,3370.405937320856,969.4099144539872,5201.145585846586,3653.3024418297737,21.31486309856557,9.6806862226665,1.1702711582183838,1.399241328239441,1.0,0.1170508183961138,9.0,0.5961343162909443,0.4790834978948304,0.4812217652797699,0.5729705691337585,0.5950301885604858,0.5422021150588989,0.5938105583190918,0.6112860441207886,0.5831246972084045,0.5459036827087402,0.6221040487289429,0.7247909307479858,0.5904449820518494,0.4821996688842773,-160.8883514404297,123.5795669555664,23.214670181274418,63.189598083496094,-1.6579371690750122,27.56549072265625,3.714019060134888,7.996273517608643,-2.331584215164185,3.5748660564422607,-2.3487517833709717,4.717284679412842,5.575256824493408,83.66889190673828,32.862548828125,25.708776473999023,15.143281936645508,17.296184539794922,11.262081146240234,13.82649040222168,7.913083553314209,10.969943046569824,8.323943138122559,10.494221687316896,7.199648380279541,8.240609169006348,,,,0.0,,,,,,,,excluded_disconnected_lead_artifact,Disconnected lead produced a repetitive artificial oscillation.,no,neutral,0,,0,0,0
Official_run_1,self_20260531_220954,clip_203,32,Your Best American Girl,Mitski,Indie Rock,medium,negative,sad,2026-05-31T22:42:18.498,2026-05-31T22:42:38.521,2026-05-31T22:42:40.566,2026-05-31T22:43:10.579,negative,negative,1,yes,human_rating_only,excluded_reconnection_transient,Brief reconnection window is too transient to trust as primary biometric data.,,,,Puberty 2,https://audio-ssl.itunes.apple.com/itunes-assets/AudioPreview115/v4/de/42/d6/de42d695-47a8-96ca-a0b9-5907630fa487/mzaf_6468437677024902389.plus.aac.p.m4a,1087128509,29.92907029478458,156.60511363636363,66.0,2.205213838917713,0.3897380080237223,0.0135040527246117,0.9665112991944566,3.641944067303496,0.088772252202034,0.0244941245764493,0.1574350893497467,1.4285041323171555e-05,-21.3900089263916,2.563755750656128,20.07548713684082,-24.67374610900879,-18.358230590820312,0.0,0.0477483377981962,0.0398394372532956,2727.625593805234,1055.4793982593046,0.1272142152813644,3634.083158778659,688.5673592605968,6200.860875072731,2581.185661154141,19.778965282433603,6.974559911084953,1.0211400985717771,0.8241131901741028,0.0,0.0193186517694239,1.0,0.4236943174715623,0.4430129692409862,0.3722967803478241,0.5851174592971802,0.5808281898498535,0.4232107102870941,0.3812009692192077,0.3541680574417114,0.3734543621540069,0.3747927844524383,0.4404362142086029,0.4445221722126007,0.3455229699611664,0.3527421951293945,-205.24134826660156,144.56619262695312,-9.456433296203612,35.276390075683594,-11.609904289245604,27.918935775756836,-6.657730579376221,15.496726036071776,-0.1312445551156997,1.9581236839294431,7.366925239562988,-2.3578836917877197,-2.0133817195892334,54.290096282958984,30.43960952758789,18.09900283813477,15.880044937133787,15.855566024780272,11.462523460388184,10.25484848022461,8.693172454833984,8.9870023727417,10.214239120483398,9.137306213378906,9.27392292022705,8.034754753112793,,,,0.0,,,,,,,,excluded_reconnection_transient,Brief reconnection window is too transient to trust as primary biometric data.,no,negative,-1,,0,0,0
Official_run_1,self_20260531_220954,clip_219,33,Digital Bath,Deftones,Hard Rock,medium,negative,tense,2026-05-31T22:43:18.274,2026-05-31T22:43:38.278,2026-05-31T22:43:40.328,2026-05-31T22:44:10.329,negative,negative,1,yes,human_rating_only,excluded_reconnection_transient,Brief reconnection window is too transient to trust as primary biometric data.,,,,White Pony,https://audio-ssl.itunes.apple.com/itunes-assets/AudioPreview125/v4/36/ca/8e/36ca8e58-ebf6-caa9-1057-d8fe564cac78/mzaf_10188594626065058778.plus.aac.p.m4a,1099848723,29.92907029478458,123.046875,61.0,2.0381521844542503,0.4808465608465609,0.0458210210199688,0.9129982125393452,3.5417070746254184,0.2985303699970245,0.0621470212936401,0.4366450309753418,-1.0024369259850784e-05,-10.693961143493652,1.86683988571167,13.919052124023438,-13.007789611816406,-8.475971221923828,0.0,0.0604887282413692,0.0418410652773244,3381.0797312434524,1528.2472587557447,-0.7764119390962867,4162.933321665952,1008.6360955351348,7131.791863393377,3667.393320132383,16.234829660970405,5.656287061566969,1.1495262384414673,1.0736528635025024,0.0,0.1916171274104324,4.0,0.2565608060760778,0.4481779334865102,0.5199732780456543,0.4614802896976471,0.4812861680984497,0.5254722833633423,0.6283997893333435,0.618755578994751,0.7045412063598633,0.6960758566856384,0.5698192715644836,0.5483866333961487,0.5170425176620483,0.5328152179718018,-51.40475845336914,124.83934020996094,-12.44443702697754,29.996875762939453,12.069430351257324,15.934857368469238,-4.654919624328613,5.820000171661377,1.765386939048767,3.290750503540039,4.339529037475586,8.991456031799316,5.6628899574279785,75.71112823486328,39.0257682800293,23.92761611938477,15.671424865722656,12.281996726989746,9.06870460510254,9.254923820495604,8.207999229431152,7.708253860473633,7.367310047149658,7.063075542449951,6.242537498474121,6.952215671539307,,,,0.0,,,,,,,,excluded_reconnection_transient,Brief reconnection window is too transient to trust as primary biometric data.,no,negative,-1,,0,0,0
Official_run_1,self_20260531_220954,clip_210,34,The Killing Moon,Echo & The Bunnymen,Pop,medium,negative,tense,2026-05-31T22:44:15.944,2026-05-31T22:44:35.988,2026-05-31T22:44:38.033,2026-05-31T22:45:08.042,negative,negative,1,yes,human_rating_only,excluded_reconnection_transient,Brief reconnection window is too transient to trust as primary biometric data.,,,,Songs to Learn and Sing,https://audio-ssl.itunes.apple.com/itunes-assets/AudioPreview122/v4/be/ea/05/beea05d3-da20-5856-5552-bebb1d7c1f4c/mzaf_18275892302936094611.plus.aac.p.m4a,31740178,30.003537414965987,123.046875,60.0,1.999764200139666,0.4842737999154464,0.0173723896054786,0.9653692383827944,5.166057517027471,0.2785101532936096,0.0762276723980903,0.3745042085647583,-1.0569130966350529e-05,-11.494274139404297,2.756389856338501,15.099843978881836,-15.246101379394531,-8.593184471130371,0.0,0.0485395007253384,0.0229782649393976,2399.84725327299,763.1548169603917,-0.1333844220508541,2985.8363862978313,605.8211086255671,4930.778643314797,1943.9861947151535,18.411488108056776,7.195648648305275,1.1253662109375,1.0259497165679932,0.0,0.0690651865007727,7.0,0.5860895906820198,0.6551547771827926,0.380904346704483,0.3620773553848266,0.4972400367259979,0.473480761051178,0.3914433717727661,0.3455853164196014,0.385979026556015,0.5990625023841858,0.5042464137077332,0.4415760636329651,0.4333227872848511,0.4347143471240997,-76.4670181274414,161.94630432128906,-40.835838317871094,41.905723571777344,-1.0935919284820557,31.8663387298584,-11.337435722351074,10.542346000671388,-2.8538317680358887,-0.3216863870620727,-6.119222640991211,-0.6033809185028076,-2.616982698440552,44.686729431152344,24.829992294311523,13.473807334899902,15.41854476928711,12.894222259521484,10.595440864562988,15.564929008483888,8.335553169250488,8.411307334899902,7.742961883544922,6.861090660095215,6.118781089782715,7.653748989105225,,,,0.0,,,,,,,,excluded_reconnection_transient,Brief reconnection window is too transient to trust as primary biometric data.,no,negative,-1,,0,0,0
Official_run_1,self_20260531_220954,clip_222,35,Marigold,Periphery,Metal,high,negative,tense,2026-05-31T22:45:13.148,2026-05-31T22:45:33.151,2026-05-31T22:45:35.194,2026-05-31T22:46:05.213,negative,negative,1,yes,human_rating_only,excluded_reconnection_transient,Brief reconnection window is too transient to trust as primary biometric data.,,,,Periphery III: Select Difficulty,https://audio-ssl.itunes.apple.com/itunes-assets/AudioPreview122/v4/d7/1b/43/d71b430b-eb8a-2f34-d62e-21dbcaf9b74a/mzaf_16823494627330790016.plus.aac.p.m4a,1639115794,29.92907029478458,105.46875,53.0,1.7708535373127092,0.5633071690214547,0.0428088439590143,0.9293718643919184,7.217063472821607,0.3130578696727752,0.0680944919586181,0.3422408103942871,-1.1672068435290862e-05,-10.2842378616333,1.8338758945465088,9.6526460647583,-12.448281288146973,-7.53106164932251,0.0,0.0736181526983126,0.0324544390018895,3474.0441233889496,879.8697299036314,-0.1295099945352052,3769.858570213903,528.0716024160614,7402.510500509115,1892.546226738025,17.027141317127406,8.41031886572662,1.1677770614624023,0.7179241180419922,1.0,0.0004256177013726,0.0,0.5802740188864741,0.5798484011851015,0.629986584186554,0.5483546853065491,0.5356023907661438,0.5168234705924988,0.5077828764915466,0.526702880859375,0.5518040657043457,0.6143977046012878,0.5379535555839539,0.5151657462120056,0.5459306836128235,0.5746841430664062,-19.078588485717773,125.8990707397461,-38.87682342529297,42.75349044799805,-9.388678550720217,32.40481948852539,-8.966073036193848,19.969409942626953,-4.926578044891357,12.925369262695312,-0.5401423573493958,6.559722423553467,0.6591077446937561,21.512130737304688,20.62714385986328,14.868972778320312,9.403943061828612,9.770895957946776,8.453592300415039,8.045230865478516,7.420555591583252,7.794400215148926,6.412811756134033,6.65789794921875,6.84490442276001,6.543341159820557,,,,0.0,,,,,,,,excluded_reconnection_transient,Brief reconnection window is too transient to trust as primary biometric data.,no,negative,-1,,0,0,0
Official_run_1,self_20260531_220954,clip_234,36,Your Hand In Mine,Explosions In the Sky,Rock,medium,positive,relaxed,2026-05-31T22:46:10.662,2026-05-31T22:46:30.674,2026-05-31T22:46:32.723,2026-05-31T22:47:02.741,negative,negative,1,yes,human_rating_only,excluded_disconnected_lead_artifact,Disconnected lead produced a repetitive artificial oscillation.,,,,The Earth Is Not a Cold Dead Place,https://audio-ssl.itunes.apple.com/itunes-assets/AudioPreview126/v4/93/11/0c/93110cd7-91d9-85fc-52fb-07357b1aef7b/mzaf_1502388509077194502.plus.aac.p.m4a,318951791,30.0,109.9567819148936,51.0,1.7,0.5477587301587302,0.0146285714285716,0.973988439306358,2.533333333333333,0.0577134527266025,0.0167053621262311,0.0836250185966491,1.5146365318492917e-05,-25.120990753173828,2.438253402709961,11.895963668823242,-28.322145462036133,-21.686525344848633,0.0,0.03145067905863,0.0140482699233987,1012.2795115299526,232.7818952720953,-0.1660806336889447,1393.827534280195,146.02509366494655,2132.587104537539,435.1581767380971,23.29435492669681,5.597297392498781,0.6004312634468079,0.5115882754325867,0.0,0.0365955999683463,4.0,0.3821087206906684,0.4187043206590147,0.1648924797773361,0.1957673877477646,0.2264065742492675,0.3888008296489715,0.73447585105896,0.545050859451294,0.5260646343231201,0.3384332358837127,0.3131301999092102,0.2502380609512329,0.1765426248311996,0.2037540823221206,-365.9566955566406,229.36624145507812,-26.73284912109375,-7.1737871170043945,57.861297607421875,13.650073051452637,-7.98496150970459,6.531986236572266,0.1877683252096176,-9.529070854187012,-9.326926231384276,-4.805318355560303,4.280119895935059,25.42414665222168,13.730830192565918,17.77347755432129,9.504611015319824,9.230533599853516,10.86385440826416,9.181204795837402,10.250855445861816,10.278919219970703,8.899511337280273,10.311257362365724,11.186184883117676,10.251397132873535,,,,0.0,,,,,,,,excluded_disconnected_lead_artifact,Disconnected lead produced a repetitive artificial oscillation.,no,negative,-1,,0,0,0
Official_run_1,self_20260531_220954,clip_217,37,Bleed,Meshuggah,Death Metal/Black Metal,high,negative,tense,2026-05-31T22:47:07.771,2026-05-31T22:47:27.776,2026-05-31T22:47:29.826,2026-05-31T22:47:59.841,negative,negative,1,yes,human_rating_only,excluded_disconnected_lead_artifact,Disconnected lead produced a repetitive artificial oscillation.,,,,ObZen,https://audio-ssl.itunes.apple.com/itunes-assets/AudioPreview221/v4/8b/9b/03/8b9b0375-9ebd-fc84-1de6-7f1773bf13ea/mzaf_5174655997735554572.plus.aac.p.m4a,1882049242,30.0,114.84375,57.0,1.9,0.5218270165208941,0.0091573956645474,0.9827539275082348,8.8,0.283045619726181,0.0461479201912879,0.3315449357032776,-1.0995311016456486e-05,-11.119885444641112,1.810755729675293,18.81090927124023,-12.773590087890623,-9.667646408081056,0.0,0.0836347928357198,0.0229438095459226,3494.8994228395213,697.0007341513684,0.073645845125959,3572.639706149722,665.5222946768222,6888.608345527767,1762.1499238945723,16.544010097235216,8.037592242573602,1.1804118156433103,0.7516236901283264,1.0,0.15880011682998,8.0,0.5294543196968635,0.3706542028668835,0.6691690683364868,0.656189501285553,0.6565596461296082,0.7269496321678162,0.6983288526535034,0.6596822142601013,0.6122751235961914,0.6297482848167419,0.7249422669410706,0.7203652858734131,0.6438405513763428,0.6233635544776917,-17.362964630126953,120.99893951416016,-60.1254768371582,33.642478942871094,-4.566466331481934,25.58940887451172,-3.49403715133667,24.157623291015625,8.30594253540039,18.217077255249023,5.088778972625732,9.431283950805664,0.2673870921134949,34.53493881225586,23.07034492492676,19.54677391052246,14.0314302444458,9.839138984680176,9.431443214416504,7.0816473960876465,7.157309532165527,6.925342082977295,7.239009857177734,6.127793312072754,7.562601566314697,5.850982189178467,,,,0.0,,,,,,,,excluded_disconnected_lead_artifact,Disconnected lead produced a repetitive artificial oscillation.,no,negative,-1,,0,0,0
Official_run_1,self_20260531_220954,clip_181,38,Gang Signs (feat. ScHoolboy Q),Freddie Gibbs,Hip-Hop/Rap,medium,negative,tense,2026-05-31T22:48:04.282,2026-05-31T22:48:24.294,2026-05-31T22:48:26.339,2026-05-31T22:48:56.374,neutral,neutral,1,yes,human_rating_only,excluded_disconnected_lead_artifact,Disconnected lead produced a repetitive artificial oscillation.,,,,Gang Signs (feat. ScHoolboy Q) - Single,https://audio-ssl.itunes.apple.com/itunes-assets/AudioPreview115/v4/9c/cd/5f/9ccd5fcd-4dc2-605a-fdba-e091594f3456/mzaf_13830450201555714616.plus.aac.p.m4a,1549548181,29.92907029478458,120.18531976744184,59.0,1.971327522668865,0.499829541011807,0.0124638231588735,0.9756705356138072,5.680096251757746,0.3198819160461426,0.1713437587022781,0.7731426954269409,-1.56626804980975e-05,-11.63680934906006,6.237452983856201,36.24037170410156,-20.666746139526367,-4.9647603034973145,0.0,0.0489665786826027,0.0532919706443362,2889.3355953982946,1745.0613711534374,0.2489914076674521,3466.8945485088475,1168.754632809026,6057.503867611763,3555.147610012451,18.468076926841004,6.280155643647079,1.6523849964141846,2.084595203399658,0.0,0.1592948637989274,5.0,0.3663309217995928,0.5256257855985202,0.4914723634719848,0.4940028488636017,0.4676091372966766,0.5160820484161377,0.5010325908660889,0.5894140601158142,0.5622842907905579,0.5390995144844055,0.5270949006080627,0.4404068291187286,0.3831121027469635,0.3711515367031097,-118.24378204345705,127.63137817382812,-2.2645022869110107,33.02238464355469,-10.828546524047852,19.51856803894043,-1.963774800300598,7.9320831298828125,-6.691052436828613,4.628957748413086,2.2490811347961426,-6.203558444976807,-2.0813324451446533,86.48954772949219,43.42522811889648,32.489952087402344,25.24686813354492,20.44690322875977,16.88643455505371,13.364113807678224,13.2877836227417,15.501468658447266,11.309233665466309,11.222260475158691,12.663204193115234,10.7238130569458,,,,0.0,,,,,,,,excluded_disconnected_lead_artifact,Disconnected lead produced a repetitive artificial oscillation.,no,neutral,0,,0,0,0
Official_run_1,self_20260531_220954,clip_179,39,DEVASTATED,Joey Bada$$,Hip-Hop/Rap,high,negative,tense,2026-05-31T22:49:00.732,2026-05-31T22:49:20.750,2026-05-31T22:49:22.799,2026-05-31T22:49:52.804,neutral,neutral,1,yes,human_rating_only,excluded_disconnected_lead_artifact,Disconnected lead produced a repetitive artificial oscillation.,,,,ALL-AMERIKKKAN BADA$$,https://audio-ssl.itunes.apple.com/itunes-assets/AudioPreview115/v4/16/e7/12/16e71244-2f14-4f92-ff78-fb2aa08a30e4/mzaf_17395411500127318618.plus.aac.p.m4a,1504167055,29.92907029478458,112.34714673913044,48.0,1.603791882849246,0.5412225599459642,0.0451595630329089,0.9229861190114488,2.572749478737332,0.1033922284841537,0.0496516488492488,0.2802951633930206,3.774859265368873e-05,-21.004396438598633,6.699345588684082,80.0,-25.424543380737305,-15.005581855773926,0.0058184639255236,0.0329095501600077,0.0318734198038119,1312.7029173217295,1122.5297110478027,0.3931714254656446,1870.125973995816,943.4215057546032,2193.1291744448217,2394.437379214692,20.24096336918513,7.514518129310138,0.8960837125778198,0.986365020275116,0.0,0.0826082239384277,5.0,0.5546304675834156,0.6372386915218433,0.3810259997844696,0.4089419841766357,0.292268842458725,0.3186222612857818,0.331127405166626,0.4786769151687622,0.2531123459339142,0.1925968676805496,0.2777498662471771,0.2750367820262909,0.3652276992797851,0.2534606456756592,-314.5776672363281,177.99749755859375,31.35441017150879,3.0262815952301025,-23.783729553222656,-18.060970306396484,-29.64950942993164,-23.189884185791016,-12.761353492736816,-5.423492431640625,-8.195409774780273,-7.591739177703857,-6.999521255493164,102.5515365600586,39.5750617980957,44.30189895629883,37.76398468017578,30.8468017578125,33.15699005126953,18.76666831970215,15.582978248596191,14.147137641906738,15.314891815185549,11.427423477172852,9.011360168457031,9.750669479370115,,,,0.0,,,,,,,,excluded_disconnected_lead_artifact,Disconnected lead produced a repetitive artificial oscillation.,no,neutral,0,,0,0,0
Official_run_1,self_20260531_220954,clip_175,40,All Caps,Madvillain,Hip-Hop/Rap,medium,negative,tense,2026-05-31T22:50:05.143,2026-05-31T22:50:25.144,2026-05-31T22:50:27.193,2026-05-31T22:50:57.194,neutral,neutral,1,yes,human_rating_only,excluded_disconnected_lead_artifact,Disconnected lead produced a repetitive artificial oscillation.,,,,Madvillainy Instrumentals,https://audio-ssl.itunes.apple.com/itunes-assets/AudioPreview115/v4/d3/e1/63/d3e163a7-e256-7267-1bf4-e2b86b8b90a1/mzaf_15689134880400181192.plus.aac.p.m4a,41655325,29.92907029478458,178.20581896551724,84.0,2.8066357949861804,0.3427041499330656,0.0090759966528691,0.974199804221606,4.744550986762353,0.2449406385421753,0.1010572239756584,0.5295475721359253,1.6105441442938857e-05,-14.783329963684082,12.706640243530272,78.6531982421875,-16.494548797607422,-8.106983184814453,0.0333591931730023,0.0568734014376454,0.15036017201444,2260.178793881169,2936.274734680535,-1.0566180779156995,2711.1880386232624,687.2865198660955,4033.925697912626,3723.2403697568034,18.923977814839617,10.391522567195736,1.1790907382965088,1.0979576110839844,1.0,0.1707190646488425,8.0,0.7068819728786454,0.5361629082298028,0.5020563006401062,0.5494717359542847,0.5107454657554626,0.5711593627929688,0.5209517478942871,0.4900723993778229,0.4844013154506683,0.4858291447162628,0.5595827698707581,0.4558512568473816,0.4531865119934082,0.4783456027507782,-150.15692138671875,166.10446166992188,-13.403736114501951,38.58036804199219,-0.0267830211669206,21.58717155456543,2.2922985553741455,8.17245101928711,4.287257671356201,1.7899895906448364,3.0811426639556885,0.6927606463432312,2.8298861980438232,73.33074951171875,40.030765533447266,21.65302467346191,15.706428527832031,11.011378288269045,10.587916374206545,7.543753147125244,8.234842300415039,8.6746826171875,7.903107166290283,8.809481620788574,8.242714881896973,8.054255485534668,,,,0.0,,,,,,,,excluded_disconnected_lead_artifact,Disconnected lead produced a repetitive artificial oscillation.,no,neutral,0,,0,0,0
Official_run_1,self_20260531_220954,clip_194,41,Open Eye Signal (Remaster 2023),Jon Hopkins,Electronic,high,positive,excited,2026-05-31T23:00:30.209,2026-05-31T23:00:50.218,2026-05-31T23:00:52.263,2026-05-31T23:01:22.270,neutral,neutral,1,yes,human_rating_only,excluded_disconnected_lead_artifact,Disconnected lead produced a repetitive artificial oscillation.,,,,Immunity,https://audio-ssl.itunes.apple.com/itunes-assets/AudioPreview116/v4/d3/90/9e/d3909e01-1968-f45e-4432-6cfe80cb9b45/mzaf_2577751705709472939.plus.aac.p.m4a,1688995997,29.92907029478458,123.046875,59.0,1.971327522668865,0.489820939870201,0.0045514381925575,0.9907935022373362,8.152608737817001,0.4106747508049011,0.0915355533361435,0.523803174495697,4.3038502463787974e-05,-7.977742671966553,2.1673266887664795,14.316558837890623,-10.850193977355955,-5.821230411529541,0.0,0.0232013143061481,0.0256162394824658,3394.19196964517,1647.6684890443917,-0.1464716039891152,4570.952157009505,883.271193196243,8237.185230950592,3872.208775545587,15.711285327485871,8.10617459067266,1.5963836908340454,1.9723732471466064,0.0,0.1177212897629854,0.0,0.1453900037266883,0.2631112934896737,0.8985198736190796,0.9091815948486328,0.8817804455757141,0.847114086151123,0.7871696352958679,0.7307360768318176,0.6440128684043884,0.5959107875823975,0.576298177242279,0.6044864058494568,0.6550278067588806,0.7328905463218689,-128.0395050048828,90.37872314453124,35.3536376953125,67.16720581054688,6.426329612731934,32.64336395263672,0.865939736366272,23.399188995361328,4.674598693847656,15.549952507019045,4.46139669418335,9.919960975646973,3.4977173805236816,62.12374496459961,34.95566177368164,18.048364639282227,10.197342872619627,8.27621841430664,8.256967544555664,6.673107147216797,5.406215190887451,5.081977367401123,5.493699550628662,5.505985736846924,4.609185695648193,4.657730579376221,,,,0.0,,,,,,,,excluded_disconnected_lead_artifact,Disconnected lead produced a repetitive artificial oscillation.,no,neutral,0,,0,0,0
Official_run_1,self_20260531_220954,clip_154,42,Peace Piece,Bill Evans,Jazz,low,positive,relaxed,2026-05-31T23:01:27.171,2026-05-31T23:01:47.187,2026-05-31T23:01:49.238,2026-05-31T23:02:19.259,neutral,neutral,1,yes,human_rating_only,excluded_disconnected_lead_artifact,Disconnected lead produced a repetitive artificial oscillation.,,,,Everybody Digs Bill Evans (Keepnews Collection),https://audio-ssl.itunes.apple.com/itunes-assets/AudioPreview126/v4/c7/c0/fd/c7c0fdba-8dfb-73aa-d8b7-9ff2bdea9254/mzaf_4834298594644162342.plus.aac.p.m4a,1440926603,30.000453514739228,166.70866935483872,76.0,2.5332950371120617,0.352324111866969,0.0236413147203955,0.9371183809772414,0.7666550770207556,0.0157925449311733,0.0140754962339997,0.105736032128334,-1.452198583802055e-06,-38.044044494628906,5.383452415466309,28.370019912719727,-44.09916305541992,-30.374595642089844,0.0611218568665377,0.0278724537596711,0.008478683267154,2574.618739647035,814.8625109663835,0.1299508762425234,4930.9597555486735,960.2462363522824,5845.244216181093,4283.81078058894,16.495880408382522,5.385941518877908,0.7389060258865356,0.515102744102478,0.0,0.2515054598613676,4.0,0.4648453302210982,0.7163507900824658,0.2657940685749054,0.173082485795021,0.3131793439388275,0.3344654440879822,0.5255634188652039,0.367880254983902,0.3149564862251282,0.5472561120986938,0.3763409256935119,0.3303858041763305,0.2554817795753479,0.3112199306488037,-467.5730285644531,144.93006896972656,84.53365325927734,18.374147415161133,0.2429837733507156,0.7721011638641357,-1.1657484769821167,-1.7196741104125977,-8.068673133850098,-2.2121880054473877,-4.155588626861572,0.2606745660305023,-2.724883556365967,35.19461441040039,25.829666137695312,13.790494918823242,19.10461807250977,10.952375411987305,6.650906085968018,5.765446662902832,5.742156982421875,6.562914848327637,8.09826374053955,8.05342960357666,6.383320331573486,7.71367597579956,,,,0.0,,,,,,,,excluded_disconnected_lead_artifact,Disconnected lead produced a repetitive artificial oscillation.,no,neutral,0,,0,0,0
Official_run_1,self_20260531_220954,clip_170,43,"Symphony No. 7 in A Major, Op. 92: II. Allegretto",London Symphony Orchestra & Josef Krips,Classical,medium,negative,tense,2026-05-31T23:02:26.373,2026-05-31T23:02:46.379,2026-05-31T23:02:48.428,2026-05-31T23:03:18.429,neutral,neutral,1,yes,human_rating_only,excluded_disconnected_lead_artifact,Disconnected lead produced a repetitive artificial oscillation.,,,,Beethoven: The Complete Symphony Collection,https://audio-ssl.itunes.apple.com/itunes-assets/AudioPreview115/v4/2d/dd/1d/2ddd1d0e-6e38-88d0-786f-8d427ad40f32/mzaf_15650359682586249842.plus.aac.p.m4a,288462139,29.92907029478458,126.04801829268293,63.0,2.104976846239635,0.4645863506693,0.0260853402280589,0.9468374868328902,5.746920913543131,0.0057089393958449,0.0062224739231169,0.0315378382802009,-4.364536791428033e-06,-48.194332122802734,7.595595359802246,63.44185256958008,-56.11021041870117,-38.29191589355469,0.7482544608223429,0.0330872102889837,0.0462152659176134,2619.923084976093,1428.966044843936,0.2022226260718617,4608.08334202691,1239.5253725487446,5578.828613660056,4552.8564694232855,17.757595259864665,5.634702437530765,0.8578450083732605,0.3023257553577423,1.0,0.0445869243627381,4.0,0.5814107863762348,0.5368238620134966,0.3818598389625549,0.2863084971904754,0.2820517122745514,0.4018724262714386,0.6149531602859497,0.4347988665103912,0.3801499307155609,0.4875007569789886,0.5002264976501465,0.5262389183044434,0.4574772417545318,0.4500536024570465,-552.3597412109375,153.2558135986328,47.636959075927734,-1.924337387084961,22.07662582397461,23.4598445892334,-1.7059415578842163,-0.3809710144996643,-6.028456687927246,-2.108561754226685,-5.009959697723389,3.2452006340026855,-3.89982008934021,58.198211669921875,31.715953826904297,28.168615341186523,9.817248344421388,9.763439178466797,11.064939498901367,7.391243934631348,7.983425140380859,9.81014347076416,10.159798622131348,6.584437370300293,6.10960054397583,6.777551651000977,,,,0.0,,,,,,,,excluded_disconnected_lead_artifact,Disconnected lead produced a repetitive artificial oscillation.,no,neutral,0,,0,0,0
Official_run_1,self_20260531_220954,clip_235,44,Turtles All the Way Down,Sturgill Simpson,Country,medium,positive,relaxed,2026-05-31T23:03:22.293,2026-05-31T23:03:42.313,2026-05-31T23:03:44.363,2026-05-31T23:04:14.368,neutral,neutral,1,yes,human_rating_only,excluded_disconnected_lead_artifact,Disconnected lead produced a repetitive artificial oscillation.,,,,Metamodern Sounds in Country Music,https://audio-ssl.itunes.apple.com/itunes-assets/AudioPreview221/v4/3d/47/0f/3d470f6f-c14f-6cdc-43ab-5f728a08fe35/mzaf_6174196594959285465.plus.aac.p.m4a,1887707092,30.003537414965987,92.28515625,46.0,1.533152553440411,0.6504167296548249,0.051776327256396,0.9262648259665972,4.132846013621976,0.2030817866325378,0.0670565441250801,0.4013413190841675,2.8472888433279108e-05,-14.395489692687988,3.3348844051361084,29.840930938720703,-18.101207733154297,-10.57715892791748,0.0,0.0298983014990328,0.0253773232780269,2160.360450238364,1241.4490645931055,0.1744354721142448,3463.4176560322344,823.8610616375854,4150.035511363636,3225.8139938207,19.24990685654009,5.668717989246257,1.099178671836853,1.19484281539917,0.0,0.1475767001725551,9.0,0.3835064095665936,0.5310831097391487,0.4750444293022156,0.4521469175815582,0.406555712223053,0.3970998227596283,0.4914395809173584,0.5047414898872375,0.4427851140499115,0.4292556941509247,0.5717604756355286,0.6582241058349609,0.5534442663192749,0.5364254713058472,-176.06846618652344,151.88490295410156,8.897917747497559,29.249534606933594,8.084761619567871,23.399337768554688,-0.5216968059539795,7.328313827514648,3.1523096561431885,7.310091495513916,-0.4105899333953857,11.13880729675293,0.0619143471121788,80.15682220458984,34.21388244628906,31.046606063842773,19.736099243164062,16.20423126220703,10.90152359008789,11.527685165405272,9.510628700256348,9.072659492492676,7.769826412200928,9.340386390686035,7.238661766052246,8.062359809875488,,,,0.0,,,,,,,,excluded_disconnected_lead_artifact,Disconnected lead produced a repetitive artificial oscillation.,no,neutral,0,,0,0,0
Official_run_1,self_20260531_220954,clip_231,45,En El 2000,Natalia Lafourcade,Pop Latino,high,positive,happy,2026-05-31T23:04:48.590,2026-05-31T23:05:08.608,2026-05-31T23:05:10.655,2026-05-31T23:05:40.687,positive,positive,1,yes,human_rating_only,excluded_disconnected_lead_artifact,Disconnected lead produced a repetitive artificial oscillation.,,,,Natalia Lafourcade,https://audio-ssl.itunes.apple.com/itunes-assets/AudioPreview125/v4/5d/4c/20/5d4c205b-46b1-658a-398e-490461f7a2a1/mzaf_14877586632641737229.plus.aac.p.m4a,373992070,29.92907029478458,95.703125,41.0,1.3699055666003976,0.6318730158730159,0.0153338531025817,0.9763076477744244,4.911612641225816,0.1758252084255218,0.069546453654766,0.375031977891922,1.6675571719284764e-05,-15.849621772766112,3.7906954288482666,25.248390197753903,-20.889892578125,-11.258280754089355,0.0,0.0843679163232156,0.0520277925641683,4297.255947878621,1673.8148074504472,0.469483770265984,4760.555338858313,948.6250381741004,9579.894877478908,3438.106195038976,17.459853680138362,5.297699904293353,1.2070420980453491,1.3777856826782229,1.0,0.0619317494829388,2.0,0.6146920965069357,0.5527603470239968,0.3746571242809295,0.429076999425888,0.5522048473358154,0.4015392661094665,0.3252674639225006,0.3360570967197418,0.3984396755695343,0.5540274381637573,0.4824216365814209,0.4880557656288147,0.4142424464225769,0.4048837423324585,-100.1456527709961,104.46341705322266,3.516083002090454,35.028743743896484,4.085017204284668,20.01770401000977,-15.487784385681152,12.576685905456545,-7.477066993713379,2.2185873985290527,0.0602489449083805,0.6549059152603149,-5.509850978851318,58.31744384765625,34.36691665649414,22.110864639282227,16.53743553161621,11.42065143585205,9.862661361694336,13.430938720703123,8.438955307006836,9.701482772827148,10.201756477355955,9.322378158569336,9.55634307861328,7.567584037780762,,,,0.0,,,,,,,,excluded_disconnected_lead_artifact,Disconnected lead produced a repetitive artificial oscillation.,no,positive,1,,0,0,1
Official_run_1,self_20260531_220954,clip_180,46,Dance Now,JID & Kenny Mason,Hip-Hop/Rap,high,negative,tense,2026-05-31T23:05:47.971,2026-05-31T23:06:07.978,2026-05-31T23:06:10.024,2026-05-31T23:06:40.029,neutral,neutral,1,yes,human_rating_only,excluded_disconnected_lead_artifact,Disconnected lead produced a repetitive artificial oscillation.,,,,The Forever Story,https://audio-ssl.itunes.apple.com/itunes-assets/AudioPreview221/v4/67/bf/c7/67bfc7c5-e85a-963f-2eae-81b731880794/mzaf_6449064193986064268.plus.aac.p.m4a,1790783327,30.014603174603177,135.99917763157896,59.0,1.965709813212616,0.4405786222534991,0.021388453233461,0.9537013471990068,4.99756732172699,0.2312779277563095,0.2126137763261795,0.7228880524635315,7.91789497314144e-05,-16.65837287902832,8.70814037322998,53.59260940551758,-26.24206161499023,-4.300734519958496,0.0054137664346481,0.062819856317672,0.0682725072726668,3221.0230714842733,1821.0270182530944,0.1919710398217,3699.5150555598384,903.8164411652676,6507.773641422564,3425.5603151243145,18.835523950224314,7.54549968637113,1.5015356540679932,1.762852907180786,0.0,0.1543121902788243,5.0,0.2145891341551664,0.3689013244339907,0.4883041083812713,0.4689106345176697,0.5220214128494263,0.583685040473938,0.6027778387069702,0.6780062913894653,0.6295058727264404,0.641045093536377,0.5861666202545166,0.5096457004547119,0.4292905032634735,0.4166625738143921,-173.14466857910156,109.34080505371094,-7.564306735992432,30.674238204956055,-7.182001113891602,18.08588981628418,-4.282561779022217,11.35287857055664,2.6150033473968506,1.1799989938735962,-2.333268404006958,6.010725975036621,-1.3206872940063477,73.44843292236328,41.77722930908203,32.140567779541016,29.537586212158203,24.662322998046875,18.570650100708008,21.4461612701416,14.151900291442873,14.780261039733888,15.068398475646973,12.746209144592283,12.579883575439451,13.066569328308104,,,,0.0,,,,,,,,excluded_disconnected_lead_artifact,Disconnected lead produced a repetitive artificial oscillation.,no,neutral,0,,0,0,0
Official_run_1,self_20260531_220954,clip_152,47,Idle Moments,Grant Green,Jazz,low,positive,relaxed,2026-05-31T23:06:49.785,2026-05-31T23:07:09.788,2026-05-31T23:07:11.835,2026-05-31T23:07:41.844,neutral,neutral,1,yes,human_rating_only,excluded_disconnected_lead_artifact,Disconnected lead produced a repetitive artificial oscillation.,,,,Idle Moments,https://audio-ssl.itunes.apple.com/itunes-assets/AudioPreview221/v4/7a/92/b4/7a92b4bd-0da1-0128-6a91-04e993e8c300/mzaf_16974025478810872117.plus.aac.p.m4a,1443768988,30.000453514739228,74.89809782608695,37.0,1.233314689120346,0.8049584278155707,0.0247800424003449,0.970135116919556,4.1666036794606285,0.0458826124668121,0.0259269680827856,0.161535307765007,3.0966861474176937e-06,-28.34272193908691,5.630151748657227,31.51910400390625,-36.4617919921875,-22.039182662963867,0.0050290135396518,0.0181631180488394,0.0133151451502053,1668.561720560854,878.1557217965053,-0.0370743902892845,3569.265000658166,912.5935057029178,2565.8248458655708,2804.208014079104,18.81794998375875,5.068655398844275,0.9062265753746032,0.8402886390686035,1.0,0.0875786547070726,3.0,0.3714340883102662,0.2838554336031936,0.3614800274372101,0.3261542320251465,0.4050844609737396,0.5205816030502319,0.4542452991008758,0.486855685710907,0.4356998205184936,0.4543615281581878,0.4178359508514404,0.3316043317317962,0.3127318322658539,0.3135135471820831,-393.4424133300781,152.83502197265625,42.937870025634766,29.691749572753903,15.470233917236328,17.795001983642578,5.030517101287842,-0.7236572504043579,-4.498461723327637,-4.522092819213867,-0.7011926770210266,1.1047868728637695,2.388758659362793,40.645751953125,27.72083282470703,14.000378608703612,15.793601989746094,11.94056224822998,9.25537109375,10.230527877807615,11.091951370239258,11.166831016540527,11.423200607299805,11.024596214294434,10.71475887298584,9.835748672485352,,,,0.0,,,,,,,,excluded_disconnected_lead_artifact,Disconnected lead produced a repetitive artificial oscillation.,no,neutral,0,,0,0,0
Official_run_1,self_20260531_220954,clip_227,48,Vámonos a Marte,Kevin Kaarl,Folk,low,negative,sad,2026-05-31T23:07:46.015,2026-05-31T23:08:06.035,2026-05-31T23:08:08.081,2026-05-31T23:08:38.085,neutral,neutral,1,yes,human_rating_only,excluded_disconnected_lead_artifact,Disconnected lead produced a repetitive artificial oscillation.,,,,Hasta el Fin Del Mundo,https://audio-ssl.itunes.apple.com/itunes-assets/AudioPreview221/v4/87/fd/78/87fd7825-be82-6a02-db2f-c06f2d474e91/mzaf_4436585877695415270.plus.aac.p.m4a,1862621557,30.000453514739228,135.99917763157896,69.0,2.299965231062267,0.4293984260370815,0.0236842070310702,0.9477265176317016,3.5332799201826126,0.2306991517543792,0.1079946085810661,0.5339325070381165,2.45680086402203e-05,-13.978279113769531,5.150009632110596,30.220619201660156,-20.333118438720703,-8.368815422058105,0.0,0.0211281280222437,0.0150634561230736,1040.8761157494607,617.9416150454869,0.0379910310513378,1746.5842188220402,568.5068116755488,1633.5412762935202,1446.136112807926,23.34281053414521,8.402585411182677,0.941981315612793,0.9124231338500975,0.0,0.0900732042090866,0.0,0.3112246983495133,0.4012979025585999,0.4280063807964325,0.3085395991802215,0.3354000151157379,0.3449489772319793,0.3074701428413391,0.2568004131317138,0.2487777322530746,0.3993611335754394,0.4384565055370331,0.4074664115905761,0.3862887322902679,0.4540343582630157,-233.90367126464844,177.55491638183594,13.112624168395996,16.541812896728516,14.317106246948242,21.717321395874023,-4.697540760040283,-1.3646148443222046,-6.77124547958374,-14.99394989013672,-7.5670342445373535,-23.744029998779297,-18.579627990722656,59.86214447021485,26.368741989135746,25.028095245361328,17.67763328552246,20.60247230529785,15.446298599243164,15.261711120605469,10.549267768859863,9.9292631149292,9.697468757629396,9.423595428466797,8.89192008972168,10.150169372558594,,,,0.0,,,,,,,,excluded_disconnected_lead_artifact,Disconnected lead produced a repetitive artificial oscillation.,no,neutral,0,,0,0,0
Official_run_1,self_20260531_220954,clip_202,49,Only Acting,Kero Kero Bonito,Alternative,high,negative,tense,2026-05-31T23:09:04.323,2026-05-31T23:09:24.337,2026-05-31T23:09:26.385,2026-05-31T23:09:56.388,neutral,neutral,1,yes,human_rating_only,excluded_unverified_capture,Capture has not been verified for primary biometric training.,,,,Only Acting - Single,https://audio-ssl.itunes.apple.com/itunes-assets/AudioPreview122/v4/d4/22/84/d42284f3-f4da-9672-0061-1562f3f0e096/mzaf_4475973960751118960.plus.aac.p.m4a,1651294284,29.92907029478458,123.046875,62.0,2.071564515346943,0.4824802051968328,0.0180259332283154,0.9639845911080444,4.310190685157349,0.1854068636894226,0.1092081293463707,0.444158673286438,6.443385781485818e-06,-17.619230270385742,9.497302055358888,55.47461700439453,-29.46456718444824,-9.226593017578123,0.02133436772692,0.0599540432263382,0.0622167953936446,3070.793959486479,1804.491509571532,0.0689813617524558,3824.214423910604,1311.3523680326305,6088.300190312258,4165.110625920857,18.54891695249767,6.199987005779867,1.756213903427124,3.09755539894104,0.0,0.0270345310252806,9.0,0.4658594319962931,0.4928939630215738,0.4744170010089874,0.4085613191127777,0.4324361979961395,0.3896146416664123,0.4207294285297394,0.3206662237644195,0.3027772605419159,0.3948338329792022,0.3639589548110962,0.4373352527618408,0.3953863680362701,0.4546826481819153,-205.1980438232422,119.7046127319336,-20.618392944335938,23.330810546875,8.985994338989258,-2.807922601699829,-6.75016450881958,8.813010215759277,-6.319799423217773,4.935394287109375,8.830451011657715,-7.168771266937256,0.7889071702957153,115.95115661621094,41.94917678833008,45.739540100097656,25.79245948791504,28.72835350036621,20.85639190673828,21.604961395263672,14.191062927246094,15.145171165466309,13.813665390014648,14.770966529846191,11.962095260620115,9.11786651611328,,,,0.0,,,,,,,,excluded_unverified_capture,Capture has not been verified for primary biometric training.,no,neutral,0,,0,0,0
official_run_2,self_20260601_112658,clip_240,1,Roads,Portishead,Electronic,low,negative,sad,2026-06-01T11:27:00.150,2026-06-01T11:27:20.163,2026-06-01T11:27:22.211,2026-06-01T11:27:52.230,negative,negative,1,yes,human_rating_and_verified_eda,approved_clean_reverse_verified,,,,,Dummy,https://audio-ssl.itunes.apple.com/itunes-assets/AudioPreview125/v4/53/d1/b8/53d1b804-aba5-68ed-4fb5-ce9514b970c8/mzaf_1949279649016114866.plus.aac.p.m4a,1440653203,29.92907029478458,75.99954044117646,31.0,1.0357822576734714,0.7887044595616023,0.0146651779359125,0.9817454167404254,4.109716699801193,0.2142511010169983,0.0755240619182586,0.3729043304920196,2.854558643601866e-05,-14.08420753479004,3.7921626567840576,21.25682830810547,-19.68647193908691,-10.273953437805176,0.0,0.0184037332113072,0.0227939442622351,1273.942279686125,1046.7916171235522,0.4198671495967673,2648.541543788501,869.5984980481735,2177.300850192737,2715.051421599066,18.751411085814517,6.227644237948855,1.205729842185974,1.9563069343566897,0.0,0.0238812687643983,9.0,0.3596893481956206,0.383570616960019,0.375677078962326,0.3164694011211395,0.362113356590271,0.4111538231372833,0.5474282503128052,0.6036280989646912,0.4792541563510895,0.4372842311859131,0.4980582892894745,0.5323194265365601,0.4217801690101623,0.4026602804660797,-284.9456481933594,141.85736083984375,49.1719856262207,60.02729034423828,28.00508499145508,30.15318298339844,12.816370964050291,17.29807472229004,2.559739351272583,1.7660843133926392,-2.0566070079803467,-2.269352436065674,-5.105530261993408,109.39297485351562,30.610322952270508,43.65848159790039,19.668901443481445,21.221229553222656,11.105879783630373,16.486366271972656,9.286602020263672,9.154341697692873,8.199601173400879,8.352051734924316,8.353056907653809,7.539218425750732,88.0,93.0,-0.75,2.17143,-2.0,1.27693,-0.02003,3.0,0.05124,3e-06,-0.0612,approved_clean_reverse_verified,,yes,negative,-1,0.45747600050483833,0,0,0
official_run_2,self_20260601_112658,clip_239,2,The Stable Song,Gregory Alan Isakov,Singer/Songwriter,low,positive,relaxed,2026-06-01T11:27:58.592,2026-06-01T11:28:18.602,2026-06-01T11:28:20.649,2026-06-01T11:28:50.662,neutral,neutral,1,yes,human_rating_and_verified_eda,approved_clean_reverse_verified,,,,,"That Sea, the Gambler",https://audio-ssl.itunes.apple.com/itunes-assets/AudioPreview115/v4/f3/70/b0/f370b03c-9513-df68-3bb7-1ec7b1123457/mzaf_1791458000940008014.plus.aac.p.m4a,259648498,29.92907029478458,135.99917763157896,68.0,2.2720385007030983,0.4356340745253325,0.0133596773369981,0.9702452934331824,5.145498957474664,0.1341115683317184,0.0444064699113369,0.2615394592285156,-1.2730153149872236e-05,-17.950136184692383,3.01448917388916,17.127670288085938,-22.11376953125,-14.357491493225098,0.0,0.0243170881012412,0.0109392798850563,1497.6063000227448,648.666891548432,-0.0889941848047153,2543.555364192952,750.3050772093582,2988.228917917232,1756.8705792479775,21.29811924081592,8.27109892197832,0.9303079843521118,1.203924536705017,1.0,0.0200371532812939,2.0,0.6816804261876321,0.6616432729063382,0.377452403306961,0.4804923236370086,0.6377071738243103,0.5139505863189697,0.4369971752166748,0.4695535898208618,0.6274585723876953,0.4963681399822235,0.5654245615005493,0.6149258613586426,0.4907693564891815,0.4414008855819702,-206.4205017089844,181.801025390625,-10.878847122192385,42.02424621582031,6.782140731811523,22.821664810180664,2.6380488872528076,6.528258800506592,0.0144455870613455,0.1746062934398651,-6.416934013366699,-2.4565489292144775,-0.4349244832992553,49.852989196777344,28.120019912719727,13.088189125061035,11.191566467285156,11.262667655944824,9.93109893798828,10.059264183044434,7.8887529373168945,8.950688362121582,8.019864082336426,7.711606979370117,8.445679664611816,7.576653957366943,84.167,90.0,0.833,-1.05714,-12.0,1.33245,0.03026,469.0,0.08471,2.3e-05,-0.0371,approved_clean_reverse_verified,,yes,neutral,0,0.6315680229184533,0,0,0
official_run_2,self_20260601_112658,clip_238,3,Postcards from Italy,Beirut,Indie Rock,medium,positive,relaxed,2026-06-01T11:28:57.154,2026-06-01T11:29:17.157,2026-06-01T11:29:19.210,2026-06-01T11:29:49.229,neutral,neutral,1,yes,human_rating_and_verified_eda,approved_clean_reverse_verified,,,,,Gulag Orkestar,https://audio-ssl.itunes.apple.com/itunes-assets/AudioPreview115/v4/89/7a/91/897a9198-ffce-29f8-b47a-eab64cdc77fa/mzaf_17000492803044628056.plus.aac.p.m4a,1309594830,29.92907029478458,109.9567819148936,51.0,1.7040288755273238,0.5454367346938775,0.0185018020739646,0.967191811043796,6.61564151675314,0.2301826030015945,0.0635016039013862,0.3292515873908996,-1.4905365250824529e-05,-13.134451866149902,2.667078733444214,16.095643997192383,-16.93720054626465,-10.143515586853027,0.0,0.0454847810802948,0.013563055264504,2295.863114981821,526.3102996439782,0.0404842285402088,3182.754197694554,530.6115416850998,4769.5126127327385,1619.1969803947238,18.207349709463436,7.425857141986841,1.0634523630142212,0.811854898929596,0.0,0.1629608714003051,9.0,0.5600503822477264,0.7230112536480315,0.3908062577247619,0.3793687522411346,0.3000679016113281,0.280309647321701,0.5297977328300476,0.3773492574691772,0.2344986051321029,0.3517353236675262,0.3494909107685089,0.5592625141143799,0.4218851923942566,0.2991846799850464,-93.25924682617188,164.53082275390625,-21.58299446105957,27.320228576660156,-17.087047576904297,20.440494537353516,-12.233417510986328,1.1839507818222046,0.5777122974395752,-2.9958248138427734,-9.735692024230955,-0.8448898196220398,1.330064058303833,34.23008728027344,20.289472579956055,13.762484550476074,12.199291229248049,12.12672519683838,8.5995454788208,7.826642990112305,6.878333568572998,6.619376182556152,7.725090026855469,6.9972405433654785,7.399244785308838,7.05001974105835,80.2,87.0,-3.0,2.0,0.0,1.28554,-0.03508,82.0,0.06387,-9.6e-05,-0.1564,approved_clean_reverse_verified,,yes,neutral,0,0.4001214313072518,0,0,0
official_run_2,self_20260601_112658,clip_237,4,Bloodbuzz Ohio,The National,Alternative,medium,negative,tense,2026-06-01T11:29:53.282,2026-06-01T11:30:13.282,2026-06-01T11:30:15.330,2026-06-01T11:30:45.331,neutral,neutral,1,yes,human_rating_and_verified_eda,approved_clean_reverse_verified,,,,,High Violet (Bonus Track Version),https://audio-ssl.itunes.apple.com/itunes-assets/AudioPreview125/v4/cb/06/64/cb0664d5-286f-2cfb-a8eb-7b9604e1df18/mzaf_6175269486226138898.plus.aac.p.m4a,368054504,29.92907029478458,105.46875,30.0,1.0023699267807789,0.6077222613183204,0.071521662641122,0.8947040082092916,4.644313994084275,0.2933531999588012,0.0642026737332344,0.3003697395324707,1.4538589423784885e-05,-10.858114242553713,1.8892606496810913,8.950424194335938,-13.197813987731934,-8.307966232299805,0.0,0.032782650067882,0.0131348138751548,2419.7938805997933,784.1397809520159,0.0983188096373167,3678.0414714632143,791.0970928320453,5105.265198464168,2161.0206185283514,18.139434104852704,8.300120844897974,1.0854058265686035,1.0573745965957642,1.0,0.1683994713505943,9.0,0.5600879933813484,0.3916885220307541,0.3509071767330169,0.4515219032764435,0.4266281127929687,0.4457936286926269,0.5421337485313416,0.4794946610927582,0.4679255187511444,0.4925685822963714,0.5952978134155273,0.7483211755752563,0.5320484042167664,0.3888693451881408,-76.32828521728516,151.5959014892578,-4.681012153625488,29.55928421020508,-1.1894042491912842,16.104440689086914,4.623715877532959,8.04254150390625,2.2337889671325684,0.5517319440841675,-1.9059727191925049,2.445176839828491,1.6154987812042236,42.40929412841797,28.28536033630371,12.63990879058838,11.11688232421875,9.53815460205078,8.572746276855469,8.629752159118652,6.504137992858887,6.693363189697266,8.029549598693848,6.749053478240967,5.756872653961182,6.802990913391113,80.5,86.0,1.25,-1.05714,-10.0,1.2156,0.00421,290.0,0.07561,7.5e-05,0.0,approved_clean_reverse_verified,,yes,neutral,0,0.5582382860202573,0,0,0
official_run_2,self_20260601_112658,clip_236,5,How Do I Let a Good Man Down?,Sharon Jones & The Dap-Kings,R&B/Soul,high,negative,tense,2026-06-01T11:30:50.767,2026-06-01T11:31:10.779,2026-06-01T11:31:12.831,2026-06-01T11:31:42.850,neutral,neutral,1,yes,human_rating_and_verified_eda,approved_clean_reverse_verified,,,,,Naturally,https://audio-ssl.itunes.apple.com/itunes-assets/AudioPreview125/v4/bc/15/f3/bc15f35f-0699-6634-302b-0823710fb04c/mzaf_1767922339824162518.plus.aac.p.m4a,1485055630,29.92907029478458,123.046875,59.0,1.971327522668865,0.4862178434592228,0.0116254975385323,0.9766482815352456,6.214693546040828,0.2805018723011017,0.0836684554815292,0.4214635789394378,1.8660757519350295e-05,-11.51222038269043,3.0485973358154297,20.097808837890625,-15.609354972839355,-8.22726058959961,0.0,0.0509543644540341,0.0282927539207465,2061.1712220157488,700.5243559743494,0.0967535233159133,2560.9739560628072,553.0946181769712,4003.3716028655936,1411.4290257891992,18.484939934447624,7.775848264050843,1.2919728755950928,1.2285337448120115,0.0,0.206820707352602,9.0,0.2874770655507819,0.4942977729033839,0.5240858197212219,0.4238908588886261,0.4981765151023865,0.440654456615448,0.3870526254177093,0.3915400505065918,0.3449797332286834,0.4599630236625671,0.5000439286231995,0.5661962032318115,0.4740782380104065,0.500220537185669,-102.1814422607422,176.9487762451172,-46.33447265625,43.220069885253906,2.3321571350097656,11.05306339263916,3.5576748847961426,14.55793285369873,3.406625747680664,-1.0418965816497805,7.488292694091797,1.8077088594436648,-1.5518338680267334,51.76923370361328,26.3443660736084,18.868518829345703,14.628373146057127,14.787524223327637,12.820252418518066,11.93289279937744,10.140995025634766,9.284025192260742,12.457502365112305,9.335360527038574,9.362394332885742,8.35881519317627,80.167,82.0,3.667,0.02857,0.0,1.21991,-0.05616,1.0,0.03504,-0.000103,-0.1466,approved_clean_reverse_verified,,yes,neutral,0,0.34813751645765334,0,0,0
official_run_2,self_20260601_112658,clip_235,6,Turtles All the Way Down,Sturgill Simpson,Country,medium,positive,relaxed,2026-06-01T11:31:49.390,2026-06-01T11:32:09.397,2026-06-01T11:32:11.444,2026-06-01T11:32:41.448,neutral,neutral,1,yes,human_rating_and_verified_eda,approved_clean_reverse_verified,,,,,Metamodern Sounds in Country Music,https://audio-ssl.itunes.apple.com/itunes-assets/AudioPreview221/v4/3d/47/0f/3d470f6f-c14f-6cdc-43ab-5f728a08fe35/mzaf_6174196594959285465.plus.aac.p.m4a,1887707092,30.003537414965987,92.28515625,46.0,1.533152553440411,0.6504167296548249,0.051776327256396,0.9262648259665972,4.132846013621976,0.2030817866325378,0.0670565441250801,0.4013413190841675,2.8472888433279108e-05,-14.395489692687988,3.3348844051361084,29.840930938720703,-18.101207733154297,-10.57715892791748,0.0,0.0298983014990328,0.0253773232780269,2160.360450238364,1241.4490645931055,0.1744354721142448,3463.4176560322344,823.8610616375854,4150.035511363636,3225.8139938207,19.24990685654009,5.668717989246257,1.099178671836853,1.19484281539917,0.0,0.1475767001725551,9.0,0.3835064095665936,0.5310831097391487,0.4750444293022156,0.4521469175815582,0.406555712223053,0.3970998227596283,0.4914395809173584,0.5047414898872375,0.4427851140499115,0.4292556941509247,0.5717604756355286,0.6582241058349609,0.5534442663192749,0.5364254713058472,-176.06846618652344,151.88490295410156,8.897917747497559,29.249534606933594,8.084761619567871,23.399337768554688,-0.5216968059539795,7.328313827514648,3.1523096561431885,7.310091495513916,-0.4105899333953857,11.13880729675293,0.0619143471121788,80.15682220458984,34.21388244628906,31.046606063842773,19.736099243164062,16.20423126220703,10.90152359008789,11.527685165405272,9.510628700256348,9.072659492492676,7.769826412200928,9.340386390686035,7.238661766052246,8.062359809875488,79.333,83.0,1.333,-1.54286,-12.0,1.15605,0.01595,239.0,0.07031,-2.3e-05,-0.054,approved_clean_reverse_verified,,yes,neutral,0,0.5028854020677546,0,0,0
official_run_2,self_20260601_112658,clip_234,7,Your Hand In Mine,Explosions In the Sky,Rock,medium,positive,relaxed,2026-06-01T11:32:50.100,2026-06-01T11:33:10.119,2026-06-01T11:33:12.167,2026-06-01T11:33:42.180,neutral,neutral,1,yes,human_rating_and_verified_eda,approved_clean_reverse_verified,,,,,The Earth Is Not a Cold Dead Place,https://audio-ssl.itunes.apple.com/itunes-assets/AudioPreview126/v4/93/11/0c/93110cd7-91d9-85fc-52fb-07357b1aef7b/mzaf_1502388509077194502.plus.aac.p.m4a,318951791,30.0,109.9567819148936,51.0,1.7,0.5477587301587302,0.0146285714285716,0.973988439306358,2.533333333333333,0.0577134527266025,0.0167053621262311,0.0836250185966491,1.5146365318492917e-05,-25.120990753173828,2.438253402709961,11.895963668823242,-28.322145462036133,-21.686525344848633,0.0,0.03145067905863,0.0140482699233987,1012.2795115299526,232.7818952720953,-0.1660806336889447,1393.827534280195,146.02509366494655,2132.587104537539,435.1581767380971,23.29435492669681,5.597297392498781,0.6004312634468079,0.5115882754325867,0.0,0.0365955999683463,4.0,0.3821087206906684,0.4187043206590147,0.1648924797773361,0.1957673877477646,0.2264065742492675,0.3888008296489715,0.73447585105896,0.545050859451294,0.5260646343231201,0.3384332358837127,0.3131301999092102,0.2502380609512329,0.1765426248311996,0.2037540823221206,-365.9566955566406,229.36624145507812,-26.73284912109375,-7.1737871170043945,57.861297607421875,13.650073051452637,-7.98496150970459,6.531986236572266,0.1877683252096176,-9.529070854187012,-9.326926231384276,-4.805318355560303,4.280119895935059,25.42414665222168,13.730830192565918,17.77347755432129,9.504611015319824,9.230533599853516,10.86385440826416,9.181204795837402,10.250855445861816,10.278919219970703,8.899511337280273,10.311257362365724,11.186184883117676,10.251397132873535,73.286,77.0,-0.714,-1.53571,-9.0,1.18589,-0.00263,220.0,0.05978,8.8e-05,-0.0113,approved_clean_reverse_verified,,yes,neutral,0,0.4594527628249634,0,0,0
official_run_2,self_20260601_112658,clip_233,8,Friday Morning,Khruangbin,Indie Rock,low,positive,relaxed,2026-06-01T11:34:01.607,2026-06-01T11:34:21.652,2026-06-01T11:34:23.693,2026-06-01T11:34:53.694,positive,positive,1,yes,human_rating_and_verified_eda,approved_clean_reverse_verified,,,,,Con Todo El Mundo,https://audio-ssl.itunes.apple.com/itunes-assets/AudioPreview125/v4/ab/76/43/ab76434b-4f27-dd55-ebd4-885c7ba6255c/mzaf_11429483924053960010.plus.aac.p.m4a,1299241652,29.92907029478458,123.046875,62.0,2.071564515346943,0.4729638303408795,0.0431804394911325,0.916340368352464,2.6395741405227175,0.1241995319724083,0.0960393026471138,0.5955762267112732,9.548772082552516e-06,-20.0042667388916,5.577754020690918,33.35896682739258,-26.78942489624023,-13.450342178344728,0.0,0.0273886385400504,0.0215134872241748,1394.8699943206889,844.580081616796,-0.0701340135644594,2245.3523957073976,718.7956360420625,2604.3983193124513,2108.0321617607215,19.527416109516977,7.364886616298015,0.9586994051933287,1.3839943408966064,1.0,0.1285533012425637,4.0,0.6777084258400982,0.5491551245975345,0.4495525360107422,0.4692206084728241,0.3471687138080597,0.386858731508255,0.5001420378684998,0.4748225808143616,0.4392957687377929,0.4140398204326629,0.5607521533966064,0.4755573272705078,0.3956106007099151,0.5058472752571106,-248.02980041503903,160.8715362548828,13.588560104370115,10.664222717285156,17.294099807739258,24.100271224975582,5.407169342041016,3.563756942749023,2.1244468688964844,0.8060811161994934,2.929986000061035,0.1771314144134521,-1.1468253135681152,52.74140930175781,25.191659927368164,21.666637420654297,27.542940139770508,17.306049346923828,12.22545337677002,10.257296562194824,8.644763946533203,8.92243766784668,7.793321132659912,8.380154609680176,9.24526309967041,8.905060768127441,75.571,76.0,-10.429,0.21429,0.0,1.17123,0.08189,520.0,0.13876,1.1e-05,-0.029,approved_clean_reverse_verified,,yes,positive,1,0.6998925725633218,0,0,1
official_run_2,self_20260601_112658,clip_232,9,Tuyo,Rodrigo Amarante,Soundtrack,low,positive,relaxed,2026-06-01T11:34:59.146,2026-06-01T11:35:19.208,2026-06-01T11:35:21.254,2026-06-01T11:35:51.290,neutral,neutral,4,yes,human_rating_and_verified_eda,approved_clean_reverse_verified,,,,,Narcos (A Netflix Original Series Soundtrack),https://audio-ssl.itunes.apple.com/itunes-assets/AudioPreview125/v4/05/dd/8e/05dd8e41-6438-bf29-32bb-597ea82aff67/mzaf_12380721683915158506.plus.aac.p.m4a,1030422720,29.92907029478458,112.34714673913044,56.0,1.871090529990787,0.5306815089672232,0.0283239085921168,0.9493316026957644,5.847157906221209,0.1404049396514892,0.0497231744229793,0.2678007185459137,2.7001763085384767e-06,-17.99897575378418,4.938711643218994,34.87872314453125,-23.576080322265625,-14.281051635742188,0.0023273855702094,0.0216466934760473,0.028925363460589,1229.7106729824848,780.5424345799427,0.1626454501547641,2129.9721141800205,615.2294648784178,2194.883236762995,1591.8844524424128,19.87497808327495,6.599066986909564,1.1752710342407229,1.2287293672561646,0.0,0.2771684346268395,1.0,0.3253190691401313,0.6024875037669708,0.5136234164237976,0.5987548232078552,0.505109965801239,0.5494265556335449,0.5176042318344116,0.4110487997531891,0.3806128799915313,0.3932734131813049,0.4407947659492492,0.4282675087451935,0.3849497437477112,0.4149260818958282,-257.94580078125,182.80892944335935,1.55379319190979,33.92393112182617,15.40500259399414,11.154905319213867,5.7930827140808105,3.7868731021881104,2.200916290283203,1.5028544664382937,1.2317426204681396,0.5686240792274475,2.8565478324890137,50.33147048950195,27.363021850585938,20.535295486450195,17.857154846191406,17.555545806884766,11.66261386871338,9.97422695159912,10.858283042907717,10.627620697021484,11.71249294281006,12.978439331054688,13.61047649383545,10.861685752868652,74.857,80.0,-2.81,-0.53571,-5.0,1.18735,-0.00859,8.0,0.04107,1.5e-05,-0.05,approved_clean_reverse_verified,,yes,neutral,0,0.35898149792607803,0,0,0
official_run_2,self_20260601_112658,clip_231,10,En El 2000,Natalia Lafourcade,Pop Latino,high,positive,happy,2026-06-01T11:37:08.967,2026-06-01T11:37:28.987,2026-06-01T11:37:31.043,2026-06-01T11:38:01.059,positive,positive,1,yes,human_rating_and_verified_eda,approved_clean_reverse_verified,,,,,Natalia Lafourcade,https://audio-ssl.itunes.apple.com/itunes-assets/AudioPreview125/v4/5d/4c/20/5d4c205b-46b1-658a-398e-490461f7a2a1/mzaf_14877586632641737229.plus.aac.p.m4a,373992070,29.92907029478458,95.703125,41.0,1.3699055666003976,0.6318730158730159,0.0153338531025817,0.9763076477744244,4.911612641225816,0.1758252084255218,0.069546453654766,0.375031977891922,1.6675571719284764e-05,-15.849621772766112,3.7906954288482666,25.248390197753903,-20.889892578125,-11.258280754089355,0.0,0.0843679163232156,0.0520277925641683,4297.255947878621,1673.8148074504472,0.469483770265984,4760.555338858313,948.6250381741004,9579.894877478908,3438.106195038976,17.459853680138362,5.297699904293353,1.2070420980453491,1.3777856826782229,1.0,0.0619317494829388,2.0,0.6146920965069357,0.5527603470239968,0.3746571242809295,0.429076999425888,0.5522048473358154,0.4015392661094665,0.3252674639225006,0.3360570967197418,0.3984396755695343,0.5540274381637573,0.4824216365814209,0.4880557656288147,0.4142424464225769,0.4048837423324585,-100.1456527709961,104.46341705322266,3.516083002090454,35.028743743896484,4.085017204284668,20.01770401000977,-15.487784385681152,12.576685905456545,-7.477066993713379,2.2185873985290527,0.0602489449083805,0.6549059152603149,-5.509850978851318,58.31744384765625,34.36691665649414,22.110864639282227,16.53743553161621,11.42065143585205,9.862661361694336,13.430938720703123,8.438955307006836,9.701482772827148,10.201756477355955,9.322378158569336,9.55634307861328,7.567584037780762,79.0,82.0,-3.667,-0.03571,-2.0,1.32451,0.00045,158.0,0.10713,-6.3e-05,-0.1265,approved_clean_reverse_verified,,yes,positive,1,0.48922929667426923,0,0,1
official_run_2,self_20260601_112658,clip_230,11,Labios Rotos,ZOE,Rock y Alternativo,medium,negative,tense,2026-06-01T11:38:06.349,2026-06-01T11:38:26.351,2026-06-01T11:38:28.406,2026-06-01T11:38:58.423,negative,negative,1,yes,human_rating_and_verified_eda,approved_clean_reverse_verified,,,,,MTV Unplugged: Música de Fondo (Live),https://audio-ssl.itunes.apple.com/itunes-assets/AudioPreview221/v4/64/dc/cf/64dccf76-c091-eb94-405c-8ee363453bb1/mzaf_13211009249179789264.plus.aac.p.m4a,727494908,30.000453514739228,109.9567819148936,51.0,1.6999743012199362,0.5505451247165533,0.0123065759637187,0.9781353135313534,4.299934997203368,0.2954851686954498,0.0926494002342224,0.5240538120269775,1.0804026123493885e-05,-10.999085426330566,2.66507887840271,15.046380996704102,-14.511852264404297,-7.605722904205322,0.0,0.0328357334985493,0.0249445315503584,2134.9931452556248,1135.1068985403938,0.7420718852608045,3152.835326419745,942.2785923326464,4627.339575525871,2811.536603210878,18.63756820075919,8.332553408708037,1.1026824712753296,1.2499147653579712,1.0,0.0160027222783094,11.0,0.5282015831724095,0.5121988608941,0.585595428943634,0.548893928527832,0.5531420707702637,0.5682224035263062,0.4781960844993591,0.4679910242557525,0.5584157109260559,0.4856222867965698,0.4792301058769226,0.4624677002429962,0.5473141670227051,0.6323068141937256,-113.85918426513672,153.08663940429688,-2.8630900382995605,46.73932647705078,6.279801368713379,22.33690071105957,1.9961919784545896,9.883591651916504,1.0236635208129885,4.30984354019165,0.5308770537376404,6.705726623535156,0.427171379327774,75.40460205078125,31.011655807495117,18.99575424194336,16.265884399414062,20.091075897216797,11.9420166015625,14.755044937133787,8.773553848266602,7.716904640197754,7.3241753578186035,7.323735237121582,7.865171909332275,7.600767612457275,76.333,82.0,1.083,-1.42857,-6.0,1.24082,-0.0668,0.0,0.0,-2.3e-05,-0.1418,approved_clean_reverse_verified,,yes,negative,-1,0.22304350847332208,0,0,0
official_run_2,self_20260601_112658,clip_229,12,Pa’ Dónde Se Fue,Mon Laferte,Rock y Alternativo,medium,negative,sad,2026-06-01T11:39:04.145,2026-06-01T11:39:24.151,2026-06-01T11:39:26.203,2026-06-01T11:39:56.217,neutral,neutral,1,yes,human_rating_and_verified_eda,approved_clean_reverse_verified,,,,,La Trenza,https://audio-ssl.itunes.apple.com/itunes-assets/AudioPreview211/v4/2c/78/04/2c780409-8cf3-57b2-feaa-4959297675c4/mzaf_3795848920905232974.plus.aac.p.m4a,1440880827,30.000453514739228,89.10290948275862,37.0,1.233314689120346,0.674023683547493,0.0278994576013798,0.9602528311636578,7.09989266980091,0.3562532961368561,0.0847834572196006,0.4779557585716247,1.9320860366565655e-05,-9.286638259887695,2.5788068771362305,19.19249153137207,-12.208436012268066,-6.777274131774902,0.0,0.0433323636968085,0.0140595649736035,1920.9552344144415,454.93661838906894,0.0600691951906298,2512.1742845849603,462.57649204051626,3733.5158894463248,1267.43146317868,18.818449161770634,7.340589334234911,1.0322335958480835,0.6022240519523621,0.0,0.1813339159691765,9.0,0.5643262140394564,0.745660130008633,0.3944168388843536,0.2895186245441437,0.3903226554393768,0.3691349923610687,0.548901379108429,0.3607120215892792,0.2608629465103149,0.3523102700710296,0.3636110723018646,0.4813267886638641,0.3175411224365234,0.3973689079284668,-70.09766387939453,183.2460174560547,-42.589263916015625,33.221290588378906,-17.213945388793945,15.66648006439209,-5.6919708251953125,9.103087425231934,1.789353370666504,0.2881516814231872,4.1143951416015625,2.2699568271636963,-0.9202301502227784,31.428911209106445,19.824235916137695,14.559263229370115,12.280877113342283,10.017741203308104,9.533935546875,9.210659980773926,8.84447193145752,8.538620948791504,9.620871543884276,9.597052574157717,8.141633033752441,7.614927768707275,75.5,79.0,-4.9,-0.71429,-5.0,1.16471,0.04763,506.0,0.11181,1e-06,-0.0967,approved_clean_reverse_verified,,yes,neutral,0,0.6316244061079362,0,0,0
official_run_2,self_20260601_112658,clip_228,13,Amárrame (feat. Juanes),Mon Laferte,Rock y Alternativo,medium,positive,happy,2026-06-01T11:40:03.543,2026-06-01T11:40:23.551,2026-06-01T11:40:25.603,2026-06-01T11:40:55.606,neutral,neutral,1,yes,human_rating_and_verified_eda,approved_clean_reverse_verified,,,,,La Trenza,https://audio-ssl.itunes.apple.com/itunes-assets/AudioPreview211/v4/2b/0b/eb/2b0beb95-9bd2-6d51-1949-a27f60df4e22/mzaf_2567032020133563259.plus.aac.p.m4a,1440881194,30.000453514739228,90.66611842105264,34.0,1.1333162008132909,0.6666941524084381,0.0453749103730983,0.9362773742818548,4.933258756481384,0.3505153059959411,0.0843157097697258,0.5478984713554382,5.011645562397752e-05,-9.415308952331545,2.489480495452881,23.836322784423828,-12.262255668640137,-6.9159770011901855,0.0,0.0393424353239845,0.0188657628067005,2029.832750809484,756.8697143410468,0.1028805922925305,2685.8912652676217,559.0702975223252,4273.686910662475,1849.11730405862,19.70398102230625,7.318822684524871,1.154292106628418,1.39208722114563,0.0,0.05315899756223,5.0,0.6313218279773152,0.6844808255395453,0.487382709980011,0.3876110315322876,0.3071612417697906,0.4312543869018554,0.3828993439674377,0.4616654813289642,0.3626342415809631,0.3534168004989624,0.4542916417121887,0.3773645162582397,0.4489555656909942,0.4136748611927032,-92.47433471679688,166.27052307128906,-30.413219451904297,48.92829895019531,-15.03859519958496,22.046871185302734,0.4467393755912781,4.3726396560668945,6.102479934692383,1.1555556058883667,9.804834365844728,2.9588897228240967,3.339907169342041,63.12174606323242,25.77137756347656,21.757280349731445,19.189517974853516,18.645872116088867,10.74618434906006,11.719071388244627,9.023185729980469,8.832406997680664,10.46368408203125,7.658944606781006,9.434289932250977,8.011251449584961,78.333,80.0,-2.667,-1.14286,-5.0,1.05523,-0.00874,164.0,0.06663,6.2e-05,-0.0499,approved_clean_reverse_verified,,yes,neutral,0,0.4273122796192473,0,0,0
official_run_2,self_20260601_112658,clip_227,14,Vámonos a Marte,Kevin Kaarl,Folk,low,negative,sad,2026-06-01T11:41:03.933,2026-06-01T11:41:23.942,2026-06-01T11:41:25.987,2026-06-01T11:41:56.007,negative,negative,1,yes,human_rating_and_verified_eda,approved_clean_reverse_verified,,,,,Hasta el Fin Del Mundo,https://audio-ssl.itunes.apple.com/itunes-assets/AudioPreview221/v4/87/fd/78/87fd7825-be82-6a02-db2f-c06f2d474e91/mzaf_4436585877695415270.plus.aac.p.m4a,1862621557,30.000453514739228,135.99917763157896,69.0,2.299965231062267,0.4293984260370815,0.0236842070310702,0.9477265176317016,3.5332799201826126,0.2306991517543792,0.1079946085810661,0.5339325070381165,2.45680086402203e-05,-13.978279113769531,5.150009632110596,30.220619201660156,-20.333118438720703,-8.368815422058105,0.0,0.0211281280222437,0.0150634561230736,1040.8761157494607,617.9416150454869,0.0379910310513378,1746.5842188220402,568.5068116755488,1633.5412762935202,1446.136112807926,23.34281053414521,8.402585411182677,0.941981315612793,0.9124231338500975,0.0,0.0900732042090866,0.0,0.3112246983495133,0.4012979025585999,0.4280063807964325,0.3085395991802215,0.3354000151157379,0.3449489772319793,0.3074701428413391,0.2568004131317138,0.2487777322530746,0.3993611335754394,0.4384565055370331,0.4074664115905761,0.3862887322902679,0.4540343582630157,-233.90367126464844,177.55491638183594,13.112624168395996,16.541812896728516,14.317106246948242,21.717321395874023,-4.697540760040283,-1.3646148443222046,-6.77124547958374,-14.99394989013672,-7.5670342445373535,-23.744029998779297,-18.579627990722656,59.86214447021485,26.368741989135746,25.028095245361328,17.67763328552246,20.60247230529785,15.446298599243164,15.261711120605469,10.549267768859863,9.9292631149292,9.697468757629396,9.423595428466797,8.89192008972168,10.150169372558594,73.857,77.0,-2.143,0.92857,0.0,1.08473,0.01647,274.0,0.05434,3e-06,-0.021,approved_clean_reverse_verified,,yes,negative,-1,0.5496176362372296,0,0,0
official_run_2,self_20260601_112658,clip_226,15,Eres,Café Tacvba,Rock y Alternativo,medium,positive,happy,2026-06-01T11:42:02.489,2026-06-01T11:42:22.497,2026-06-01T11:42:24.541,2026-06-01T11:42:54.583,neutral,neutral,1,yes,human_rating_and_verified_eda,approved_clean_reverse_verified,,,,,Cuatro Caminos,https://audio-ssl.itunes.apple.com/itunes-assets/AudioPreview115/v4/65/c2/b0/65c2b09c-503b-f4f3-07dd-e4c6434d6611/mzaf_6737834753047942667.plus.aac.p.m4a,1444184596,29.92907029478458,147.65625,74.0,2.472512486059254,0.3998285341533873,0.0110370179918906,0.9731371541511272,5.078674295689279,0.2804364264011383,0.0994189232587814,0.4944309592247009,4.591105691226925e-05,-11.668402671813965,3.447617530822754,18.152820587158203,-16.91912841796875,-7.761062622070312,0.0,0.0456736159935027,0.0344392535873802,3205.4313913914175,1316.621414838114,-0.1476006246835376,4013.6736885302257,916.902714120832,7399.236250848526,2899.116720044847,17.470118967696042,5.353020569270192,1.074546456336975,1.198918104171753,0.0,0.130638737438804,9.0,0.3709292622063867,0.5015679996451907,0.5749863386154175,0.4634475708007812,0.4482572078704834,0.4799550771713257,0.550569474697113,0.4846668243408203,0.3766146004199981,0.3959030508995056,0.4940365850925445,0.5609944462776184,0.5755297541618347,0.5928451418876648,-91.1005401611328,120.5988540649414,-7.893482685089111,48.71513748168945,0.2157389670610427,33.74137878417969,4.200925827026367,14.762954711914062,-1.1956844329833984,8.047572135925293,-0.9705077409744264,4.914541244506836,-1.4903515577316284,48.111968994140625,32.39573669433594,19.904605865478516,14.298630714416504,12.146987915039062,8.672760963439941,7.480186462402344,7.924102306365967,7.54981517791748,6.869264125823975,7.960577011108398,6.843379974365234,6.663161277770996,74.0,76.0,-5.25,0.8,0.0,1.03617,-0.02692,6.0,0.0288,-1.7e-05,-0.0273,approved_clean_reverse_verified,,yes,neutral,0,0.3176055445888116,0,0,0
official_run_2,self_20260601_112658,clip_225,16,Disfruto,Carla Morrison,Pop Latino,low,positive,relaxed,2026-06-01T11:42:59.128,2026-06-01T11:43:19.137,2026-06-01T11:43:21.183,2026-06-01T11:43:51.190,negative,negative,1,yes,human_rating_and_verified_eda,approved_clean_reverse_verified,,,,,Déjenme Llorar,https://audio-ssl.itunes.apple.com/itunes-assets/AudioPreview221/v4/55/89/f6/5589f6d7-bed1-d60d-c376-8c2da227a997/mzaf_1226023105227924942.plus.aac.p.m4a,1862968116,30.018979591836736,92.28515625,44.0,1.4657393621722312,0.6604187101197069,0.0575460030260541,0.9198484243411956,3.0647277572692104,0.0861941054463386,0.0652883127331733,0.340123176574707,1.9965778581552467e-05,-23.72699928283691,6.724099636077881,31.686880111694336,-33.26954650878906,-14.712026596069336,0.0,0.0382755099574632,0.0455111871403792,2108.505423378529,1308.9235629918253,-0.0811075115975774,3063.0378163211503,696.4105603431778,4065.928391458817,2791.7058823415496,20.090846724491964,8.083539010819818,0.946314573287964,0.9155774116516112,0.0,0.0574623673465895,4.0,0.1939150399015522,0.2513774072481418,0.2762135863304138,0.299626737833023,0.2573997676372528,0.3470974862575531,0.4067253470420837,0.3819155395030975,0.4885642826557159,0.446153312921524,0.4177939891815185,0.2995703518390655,0.2576059103012085,0.2641688883304596,-302.208740234375,126.49234008789062,29.22046661376953,60.94174575805664,13.97923755645752,6.209531784057617,-9.388705253601074,7.888396739959717,-13.631288528442385,-3.163313627243042,7.417967796325684,-8.503719329833984,-2.905576229095459,86.82904052734375,30.134536743164062,38.08744812011719,22.388952255249023,22.981420516967773,11.889323234558104,16.287694931030273,15.65011978149414,11.814751625061035,10.494693756103516,12.420550346374512,9.957486152648926,8.2459077835083,72.833,75.0,-3.417,-0.25714,-2.0,0.99452,-0.06516,0.0,0.01692,-6.9e-05,-0.0757,approved_clean_reverse_verified,,yes,negative,-1,0.19784246492266794,0,0,0
official_run_2,self_20260601_112658,clip_224,17,To My Love,Bomba Estéreo,Pop Latino,medium,positive,happy,2026-06-01T11:43:57.522,2026-06-01T11:44:17.524,2026-06-01T11:44:19.578,2026-06-01T11:44:49.585,positive,positive,1,yes,human_rating_and_verified_eda,approved_clean_reverse_verified,,,,,Amanecer,https://audio-ssl.itunes.apple.com/itunes-assets/AudioPreview115/v4/10/a7/b8/10a7b854-e58a-738a-f3a6-6178cdf92619/mzaf_2296994656007446309.plus.aac.p.m4a,993274908,29.92907029478458,147.65625,79.0,2.6395741405227175,0.3826827141112855,0.0313542317984867,0.9242718986596924,4.878200310333123,0.2503059208393097,0.0912702307105064,0.4520360231399536,-2.13382331395844e-05,-12.579977989196776,3.080040216445923,15.456602096557615,-16.389204025268555,-8.107050895690918,0.0,0.0743842883291311,0.0422598023276106,3503.1251510251213,1544.074746322308,-0.5729872144264662,4152.372270593106,1112.6127188498006,7541.014602223138,3627.031263934037,18.439228978593945,7.20971477548523,1.2228564023971558,1.4651296138763428,0.0,0.1873410613526137,11.0,0.6810192862620471,0.8683603476146609,0.4640653431415558,0.4316646754741668,0.6105292439460754,0.4438832998275757,0.394904613494873,0.3657480478286743,0.5394149422645569,0.5289870500564575,0.3419772088527679,0.3908146321773529,0.4066976010799408,0.6017196178436279,-80.95287322998047,120.40788269042967,-6.702529430389404,37.4723014831543,11.38378620147705,16.247047424316406,-6.014201641082764,18.979135513305664,0.5913373827934265,3.747119188308716,-0.1984611302614212,6.838769435882568,-0.2758261561393738,72.96204376220703,37.99449157714844,19.14417839050293,15.927939414978027,21.22967529296875,13.936869621276855,12.564826011657717,10.108530044555664,9.343186378479004,9.59521198272705,10.021041870117188,10.427836418151855,6.881422519683838,74.286,78.0,0.952,0.85714,0.0,1.00083,-0.0311,6.0,0.05437,-8e-05,-0.1475,approved_clean_reverse_verified,,yes,positive,1,0.42122709962290433,0,0,1
official_run_2,self_20260601_112658,clip_223,18,Hasta la Raíz,Natalia Lafourcade,Pop Latino,medium,positive,happy,2026-06-01T11:44:59.469,2026-06-01T11:45:19.477,2026-06-01T11:45:21.532,2026-06-01T11:45:51.550,positive,positive,1,yes,human_rating_and_verified_eda,approved_clean_reverse_verified,,,,,Hasta la Raíz (Edición Especial),https://audio-ssl.itunes.apple.com/itunes-assets/AudioPreview211/v4/3b/98/60/3b98602d-c7c7-f329-2091-7cef30c68152/mzaf_3346254391508663693.plus.aac.p.m4a,1055384375,30.018979591836736,101.33272058823528,49.0,1.6323006533281663,0.5877551020408163,0.0161821108957728,0.9732056403395168,5.563147124608241,0.2143946290016174,0.060781393200159,0.3770101964473724,5.8491697823720665e-06,-13.71892547607422,2.4556524753570557,18.777820587158203,-16.579936981201172,-10.105831146240234,0.0,0.0351923140830433,0.0171777598864609,2439.832087690781,695.5456290543981,-0.1191096474811184,3725.039484758839,445.5256744442206,5238.39714599043,1973.9383217927164,18.720783588325805,5.200021221527569,1.21117103099823,0.9759370684623718,0.0,0.0461719185153443,0.0,0.3290026026820565,0.3751745211974009,0.4812779724597931,0.4748393595218658,0.6187800765037537,0.5920230150222778,0.4853923618793487,0.4829100966453552,0.4111371040344238,0.4809225797653198,0.3579276800155639,0.3293584585189819,0.4173178970813751,0.4229556620121002,-141.63711547851562,134.41116333007812,-5.420823574066162,46.06643295288086,10.00004768371582,22.46923065185547,2.774662494659424,20.45564842224121,0.6876243948936462,-1.655794620513916,9.797916412353516,-4.537942409515381,-3.5114905834198,45.64580535888672,20.72231674194336,16.802995681762695,16.041950225830078,14.112197875976562,11.120553970336914,11.465540885925291,9.551505088806152,10.098608016967772,8.99677562713623,10.198600769042969,8.264690399169922,7.545650005340576,69.333,74.0,-13.867,-0.68571,-5.0,1.06026,0.05577,520.0,0.11,4.2e-05,-0.0266,approved_clean_reverse_verified,,yes,positive,1,0.5857325305399843,0,0,1
official_run_2,self_20260601_112658,clip_222,19,Marigold,Periphery,Metal,high,negative,tense,2026-06-01T11:45:58.082,2026-06-01T11:46:18.099,2026-06-01T11:46:20.156,2026-06-01T11:46:50.170,negative,negative,1,yes,human_rating_and_verified_eda,approved_clean_reverse_verified,,,,,Periphery III: Select Difficulty,https://audio-ssl.itunes.apple.com/itunes-assets/AudioPreview122/v4/d7/1b/43/d71b430b-eb8a-2f34-d62e-21dbcaf9b74a/mzaf_16823494627330790016.plus.aac.p.m4a,1639115794,29.92907029478458,105.46875,53.0,1.7708535373127092,0.5633071690214547,0.0428088439590143,0.9293718643919184,7.217063472821607,0.3130578696727752,0.0680944919586181,0.3422408103942871,-1.1672068435290862e-05,-10.2842378616333,1.8338758945465088,9.6526460647583,-12.448281288146973,-7.53106164932251,0.0,0.0736181526983126,0.0324544390018895,3474.0441233889496,879.8697299036314,-0.1295099945352052,3769.858570213903,528.0716024160614,7402.510500509115,1892.546226738025,17.027141317127406,8.41031886572662,1.1677770614624023,0.7179241180419922,1.0,0.0004256177013726,0.0,0.5802740188864741,0.5798484011851015,0.629986584186554,0.5483546853065491,0.5356023907661438,0.5168234705924988,0.5077828764915466,0.526702880859375,0.5518040657043457,0.6143977046012878,0.5379535555839539,0.5151657462120056,0.5459306836128235,0.5746841430664062,-19.078588485717773,125.8990707397461,-38.87682342529297,42.75349044799805,-9.388678550720217,32.40481948852539,-8.966073036193848,19.969409942626953,-4.926578044891357,12.925369262695312,-0.5401423573493958,6.559722423553467,0.6591077446937561,21.512130737304688,20.62714385986328,14.868972778320312,9.403943061828612,9.770895957946776,8.453592300415039,8.045230865478516,7.420555591583252,7.794400215148926,6.412811756134033,6.65789794921875,6.84490442276001,6.543341159820557,76.333,81.0,6.083,-1.42857,-8.0,0.99815,-0.05011,5.0,0.04203,-1.3e-05,-0.0693,approved_clean_reverse_verified,,yes,negative,-1,0.3452693974594198,0,0,0
official_run_2,self_20260601_112658,clip_221,20,Selkies: The Endless Obsession,Between the Buried and Me,Metal,high,negative,tense,2026-06-01T11:47:16.119,2026-06-01T11:47:36.121,2026-06-01T11:47:38.172,2026-06-01T11:48:08.185,negative,negative,1,yes,human_rating_and_verified_eda,approved_clean_reverse_verified,,,,,The Best of Between the Buried and Me,https://audio-ssl.itunes.apple.com/itunes-assets/AudioPreview125/v4/6c/6b/f5/6c6bf5e5-b59c-3eaa-3359-d54d28f4ebb6/mzaf_3808798627322304759.plus.aac.p.m4a,1442255887,29.92907029478458,172.265625,85.0,2.840048125878873,0.3470553935860058,0.0223047618662464,0.93961243101889,5.680096251757746,0.2470869868993759,0.0544258616864681,0.3329300880432129,-4.656689634712888e-06,-12.378859519958496,2.110408067703247,14.623188018798828,-14.479525566101074,-9.895651817321776,0.0,0.0880769976726144,0.0368119948721763,3783.82242521572,1094.2354908120842,-0.0122092618583134,3975.362083804186,890.4086979589536,7745.354509612587,2583.937526950535,17.638468085081886,9.076789802478949,1.0811253786087036,0.7172180414199829,0.0,0.1328247562846842,4.0,0.2866994231261027,0.4195241794107869,0.5611056685447693,0.5782619118690491,0.5714016556739807,0.654970109462738,0.69182950258255,0.6149504780769348,0.6302793025970459,0.641058087348938,0.6261177659034729,0.5616708993911743,0.5527976155281067,0.5484887361526489,-31.14235496520996,112.87100982666016,-38.51443099975586,44.07931137084961,4.876506805419922,19.4886531829834,-0.3450022041797638,13.96142864227295,-2.167599678039551,11.029112815856934,3.443441867828369,6.466204643249512,2.5706944465637207,30.380037307739254,26.37112808227539,20.32943344116211,12.97613525390625,10.935111045837402,8.248128890991211,7.322407722473144,6.881388187408447,5.7145161628723145,6.869601726531982,6.635982513427734,5.386387825012207,5.324258804321289,69.4,71.0,0.6,0.3,-2.0,1.20293,0.09357,603.0,0.16554,7.1e-05,-0.0379,approved_clean_reverse_verified,,yes,negative,-1,0.9024591700338661,0,0,0
official_run_2,self_20260601_112658,clip_220,21,The Art of Dying,GOJIRA,Metal,high,negative,tense,2026-06-01T11:48:14.604,2026-06-01T11:48:34.621,2026-06-01T11:48:36.667,2026-06-01T11:49:06.672,negative,negative,1,yes,human_rating_and_verified_eda,approved_clean_reverse_verified,,,,,The Way of All Flesh,https://audio-ssl.itunes.apple.com/itunes-assets/AudioPreview221/v4/45/03/9c/45039c8b-8a3d-0e38-86af-1ffe1a3a999d/mzaf_12817555103363942232.plus.aac.p.m4a,291261425,30.0,139.6748310810811,70.0,2.3333333333333335,0.4275500345065562,0.0109975995725717,0.974922679503984,7.266666666666667,0.0936633348464965,0.0415825247764587,0.210512638092041,1.388367091788007e-05,-21.508935928344727,4.189220428466797,19.896730422973633,-27.57015037536621,-16.49916648864746,0.0,0.0698540749564628,0.0407708216842715,3061.713174342472,1387.9557309748384,0.0867691480491947,3256.9448966956675,896.3908516535248,5963.338940505273,2747.236119799435,15.021296438793506,6.6951104375171795,2.0467846393585205,3.0916507244110107,0.0,0.2782244828660224,0.0,0.1691707449854786,0.447395227851501,0.7085821628570557,0.6977711319923401,0.6572264432907104,0.7145304083824158,0.5817626118659973,0.5064470767974854,0.545507550239563,0.5492556095123291,0.5024477243423462,0.546711802482605,0.5370247960090637,0.5910621285438538,-165.3966064453125,133.7499237060547,-41.19879913330078,35.464935302734375,1.4452674388885498,21.096715927124023,3.163127183914185,5.731317520141602,2.0813052654266357,3.710504293441773,-5.971006870269775,2.6898534297943115,1.36617112159729,104.08363342285156,41.23934555053711,25.620141983032227,15.610947608947754,12.618192672729492,9.910377502441406,7.050608158111572,10.632527351379396,6.680144786834717,5.748269557952881,6.071023464202881,6.471255302429199,5.431432247161865,70.333,74.0,-3.667,-0.62857,-4.0,1.23579,0.00018,22.0,0.04729,3e-06,-0.0411,approved_clean_reverse_verified,,yes,negative,-1,0.3652825567995073,0,0,0
official_run_2,self_20260601_112658,clip_219,22,Digital Bath,Deftones,Hard Rock,medium,negative,tense,2026-06-01T11:49:12.849,2026-06-01T11:49:32.849,2026-06-01T11:49:34.894,2026-06-01T11:50:04.906,negative,negative,1,yes,human_rating_and_verified_eda,approved_clean_reverse_verified,,,,,White Pony,https://audio-ssl.itunes.apple.com/itunes-assets/AudioPreview125/v4/36/ca/8e/36ca8e58-ebf6-caa9-1057-d8fe564cac78/mzaf_10188594626065058778.plus.aac.p.m4a,1099848723,29.92907029478458,123.046875,61.0,2.0381521844542503,0.4808465608465609,0.0458210210199688,0.9129982125393452,3.5417070746254184,0.2985303699970245,0.0621470212936401,0.4366450309753418,-1.0024369259850784e-05,-10.693961143493652,1.86683988571167,13.919052124023438,-13.007789611816406,-8.475971221923828,0.0,0.0604887282413692,0.0418410652773244,3381.0797312434524,1528.2472587557447,-0.7764119390962867,4162.933321665952,1008.6360955351348,7131.791863393377,3667.393320132383,16.234829660970405,5.656287061566969,1.1495262384414673,1.0736528635025024,0.0,0.1916171274104324,4.0,0.2565608060760778,0.4481779334865102,0.5199732780456543,0.4614802896976471,0.4812861680984497,0.5254722833633423,0.6283997893333435,0.618755578994751,0.7045412063598633,0.6960758566856384,0.5698192715644836,0.5483866333961487,0.5170425176620483,0.5328152179718018,-51.40475845336914,124.83934020996094,-12.44443702697754,29.996875762939453,12.069430351257324,15.934857368469238,-4.654919624328613,5.820000171661377,1.765386939048767,3.290750503540039,4.339529037475586,8.991456031799316,5.6628899574279785,75.71112823486328,39.0257682800293,23.92761611938477,15.671424865722656,12.281996726989746,9.06870460510254,9.254923820495604,8.207999229431152,7.708253860473633,7.367310047149658,7.063075542449951,6.242537498474121,6.952215671539307,77.714,81.0,6.048,-1.07143,-9.0,1.18324,-0.0095,60.0,0.05157,1.8e-05,-0.0541,approved_clean_reverse_verified,,yes,negative,-1,0.4667029039542502,0,0,0
official_run_2,self_20260601_112658,clip_218,23,Autre Temps,Alcest,Rock,medium,negative,sad,2026-06-01T11:50:08.727,2026-06-01T11:50:28.742,2026-06-01T11:50:30.789,2026-06-01T11:51:00.801,neutral,neutral,1,yes,human_rating_and_verified_eda,approved_clean_reverse_verified,,,,,Les Voyages De l'âme,https://audio-ssl.itunes.apple.com/itunes-assets/AudioPreview115/v4/61/24/04/612404d9-ad2a-bf07-f524-a3453c96b940/mzaf_7844552721362163909.plus.aac.p.m4a,1556065981,29.92907029478458,161.4990234375,68.0,2.2720385007030983,0.3706528581581886,0.0270099610719739,0.9320782337049696,3.641944067303496,0.105853721499443,0.0340829007327556,0.1744971722364425,7.16779757422001e-06,-19.987796783447266,2.9711806774139404,16.96343994140625,-23.787124633789062,-16.380786895751953,0.0,0.0238170638576415,0.0069503016302833,917.290489784866,164.30959915414127,0.0306510521131661,1532.0815295083348,273.9422614002135,1565.1247484726532,507.3749527934878,22.15347226409568,7.630483859340814,0.7794681191444397,0.3003491461277008,1.0,0.0968369088182257,1.0,0.704762303215636,0.6079253943974103,0.4150069057941437,0.7842666506767273,0.4403368234634399,0.3679825961589813,0.302093505859375,0.3054904639720917,0.4345272779464721,0.3610174655914306,0.49549001455307,0.2325888872146606,0.1808545142412185,0.2442207634449005,-283.6021728515625,229.94676208496097,-1.0299131870269775,16.85930633544922,25.0085391998291,4.250817775726318,-18.728403091430664,11.172121047973633,15.847962379455566,-2.968405246734619,-1.082977533340454,2.575702428817749,-2.061391592025757,47.50775909423828,22.313751220703125,24.472797393798828,9.305279731750488,10.515617370605469,11.08173942565918,7.432355403900147,9.897479057312012,12.770793914794922,7.608224391937256,8.340807914733887,8.765149116516113,6.687795162200928,70.0,78.0,-7.5,-2.57143,-14.0,1.15852,-0.03493,2.0,0.02905,3.8e-05,-0.0379,approved_clean_reverse_verified,,yes,neutral,0,0.18594842072527565,0,0,0
official_run_2,self_20260601_112658,clip_217,24,Bleed,Meshuggah,Death Metal/Black Metal,high,negative,tense,2026-06-01T11:51:11.697,2026-06-01T11:51:31.735,2026-06-01T11:51:33.779,2026-06-01T11:52:03.797,negative,negative,1,yes,human_rating_and_verified_eda,approved_clean_reverse_verified,,,,,ObZen,https://audio-ssl.itunes.apple.com/itunes-assets/AudioPreview221/v4/8b/9b/03/8b9b0375-9ebd-fc84-1de6-7f1773bf13ea/mzaf_5174655997735554572.plus.aac.p.m4a,1882049242,30.0,114.84375,57.0,1.9,0.5218270165208941,0.0091573956645474,0.9827539275082348,8.8,0.283045619726181,0.0461479201912879,0.3315449357032776,-1.0995311016456486e-05,-11.119885444641112,1.810755729675293,18.81090927124023,-12.773590087890623,-9.667646408081056,0.0,0.0836347928357198,0.0229438095459226,3494.8994228395213,697.0007341513684,0.073645845125959,3572.639706149722,665.5222946768222,6888.608345527767,1762.1499238945723,16.544010097235216,8.037592242573602,1.1804118156433103,0.7516236901283264,1.0,0.15880011682998,8.0,0.5294543196968635,0.3706542028668835,0.6691690683364868,0.656189501285553,0.6565596461296082,0.7269496321678162,0.6983288526535034,0.6596822142601013,0.6122751235961914,0.6297482848167419,0.7249422669410706,0.7203652858734131,0.6438405513763428,0.6233635544776917,-17.362964630126953,120.99893951416016,-60.1254768371582,33.642478942871094,-4.566466331481934,25.58940887451172,-3.49403715133667,24.157623291015625,8.30594253540039,18.217077255249023,5.088778972625732,9.431283950805664,0.2673870921134949,34.53493881225586,23.07034492492676,19.54677391052246,14.0314302444458,9.839138984680176,9.431443214416504,7.0816473960876465,7.157309532165527,6.925342082977295,7.239009857177734,6.127793312072754,7.562601566314697,5.850982189178467,76.0,77.0,4.0,-0.03571,-2.0,1.09483,-0.02975,40.0,0.05923,1.5e-05,-0.0814,approved_clean_reverse_verified,,yes,negative,-1,0.481097607871708,0,0,0
official_run_2,self_20260601_112658,clip_216,25,My Curse,Killswitch Engage,Metal,high,negative,tense,2026-06-01T11:52:13.077,2026-06-01T11:52:33.081,2026-06-01T11:52:35.135,2026-06-01T11:53:05.148,negative,negative,1,yes,human_rating_and_verified_eda,approved_clean_reverse_verified,,,,,As Daylight Dies (Special Edition),https://audio-ssl.itunes.apple.com/itunes-assets/AudioPreview125/v4/a9/a1/b4/a9a1b4b6-306f-e90e-8020-46cd3fc26336/mzaf_11526768307470341366.plus.aac.p.m4a,262090792,29.92907029478458,90.66611842105264,44.0,1.4701425592784756,0.6587987132837632,0.0616935501688004,0.9143730567304524,5.813745575328517,0.3268129229545593,0.0690925046801567,0.4840690195560455,-2.4370866181195476e-06,-9.958595275878906,2.270334005355835,24.22121238708496,-11.985344886779783,-7.515412330627441,0.0,0.0663704528098332,0.0278060661653254,3059.5360615815357,701.410753701294,0.245612658667805,3436.4832911019325,562.6276952462998,6213.197780043881,1495.658851840766,15.315428925089604,5.551961541579141,1.1600017547607422,0.8959494233131409,0.0,0.2660035874863927,4.0,0.3407004024579588,0.6067039899443516,0.5134803652763367,0.4926848709583282,0.4899560809135437,0.6118448376655579,0.6544947028160095,0.5319862365722656,0.5346850156784058,0.58053058385849,0.525873601436615,0.5063045024871826,0.4915355741977691,0.4935140311717987,-18.602947235107425,135.64187622070312,-48.28582382202149,37.91925811767578,-8.062423706054688,27.597110748291016,3.1842498779296875,14.84919548034668,-3.0555739402770996,8.275442123413086,3.915600538253784,7.595483303070068,6.4369401931762695,30.34015655517578,22.221698760986328,18.033966064453125,11.20506191253662,8.894622802734375,10.52676773071289,9.420170783996582,7.533344745635986,7.190160751342773,7.410635948181152,6.978087425231934,6.3229756355285645,5.998958110809326,73.833,75.0,-2.367,0.6,0.0,1.02056,-0.07817,1.0,0.04237,-8.7e-05,-0.1531,approved_clean_reverse_verified,,yes,negative,-1,0.26041144572935104,0,0,0
official_run_2,self_20260601_112658,clip_215,26,Ghost of Perdition,Opeth,Metal,high,negative,tense,2026-06-01T11:53:09.226,2026-06-01T11:53:29.231,2026-06-01T11:53:31.278,2026-06-01T11:54:01.280,negative,negative,1,yes,human_rating_and_verified_eda,approved_clean_reverse_verified,,,,,Ghost Reveries,https://audio-ssl.itunes.apple.com/itunes-assets/AudioPreview125/v4/7b/9e/09/7b9e09aa-bbe0-feb5-8329-936a3dffe10f/mzaf_15353729448908600362.plus.aac.p.m4a,214473109,29.92907029478458,132.51201923076923,62.0,2.071564515346943,0.4560246830972826,0.01074634286801,0.9769772709311028,4.610901663191583,0.2812011837959289,0.0648829564452171,0.3982690572738647,-3.7864653345745136e-05,-11.307430267333984,2.39577579498291,21.57779312133789,-14.374014854431152,-8.89029312133789,0.0,0.0577656795480993,0.0275644400546377,3012.0353725947084,958.8944987338826,-0.4739051251421141,3620.587344102984,668.8111769978866,6288.62245972532,2099.8800460137227,15.428649381426236,6.348463465095485,1.2191752195358276,1.270363688468933,0.0,0.0314840537415865,2.0,0.4155564491569003,0.4470405028984868,0.5947507619857788,0.6472369432449341,0.6994523406028748,0.6435958743095398,0.5843581557273865,0.5592567324638367,0.5106901526451111,0.4941847920417785,0.5770244002342224,0.6700989007949829,0.6309632062911987,0.5885212421417236,-47.91487884521485,133.96690368652344,-27.727737426757812,42.584014892578125,-1.305403470993042,22.274019241333008,1.3975131511688232,10.753771781921388,-2.647902727127075,9.570886611938477,-0.2427939176559448,3.986530065536499,1.4536402225494385,76.50479125976562,24.635732650756836,17.762704849243164,13.257274627685549,14.332228660583496,8.20311450958252,8.432018280029297,6.303862571716309,7.1610822677612305,7.07719612121582,6.935204982757568,5.354938983917236,5.854200839996338,77.5,81.0,0.25,-0.88571,-4.0,1.05315,0.02713,392.0,0.09578,2.4e-05,-0.0516,approved_clean_reverse_verified,,yes,negative,-1,0.6244602420559385,0,0,0
official_run_2,self_20260601_112658,clip_214,27,Oblivion,Mastodon,Metal,high,negative,tense,2026-06-01T11:54:09.281,2026-06-01T11:54:29.295,2026-06-01T11:54:31.347,2026-06-01T11:55:01.358,negative,negative,1,yes,human_rating_and_verified_eda,approved_clean_reverse_verified,,,,,Crack the Skye,https://audio-ssl.itunes.apple.com/itunes-assets/AudioPreview125/v4/48/a2/6e/48a26e66-bfc6-2522-a136-80959d3655d4/mzaf_9972992973393563794.plus.aac.p.m4a,1218346021,29.92907029478458,132.51201923076923,63.0,2.104976846239635,0.4593431351035038,0.0187229608016652,0.9608360413716116,5.746920913543131,0.2734091877937317,0.0558425597846508,0.3016670942306518,-1.2746554078731557e-05,-11.437114715576172,1.7240968942642212,9.892982482910156,-13.521405220031738,-8.838541030883789,0.0,0.0695757218531807,0.0220520039860545,3316.3447706170396,618.9393446446463,0.0249835556818829,3850.745842010832,475.3769068962251,6766.312097707768,1492.4212163444367,17.329283928868847,8.161453758564564,1.0434448719024658,0.5035051107406616,0.0,0.1436946437480958,7.0,0.3947906720461809,0.5384853157942767,0.5265589952468872,0.509239673614502,0.568927526473999,0.5499937534332275,0.5079165101051331,0.5290740132331848,0.5109273791313171,0.6061012148857117,0.6051793694496155,0.5965524315834045,0.5508777499198914,0.5010579228401184,-26.006715774536133,125.08934783935548,-32.323097229003906,38.11539840698242,2.1696484088897705,17.45114517211914,-4.185123920440674,14.63331699371338,-1.6715617179870603,5.323164463043213,0.0708072185516357,5.620115756988525,2.577080488204956,22.55165672302246,17.9171142578125,12.83369255065918,12.691471099853516,10.897660255432127,8.729447364807129,6.040520668029785,7.632856845855713,6.788585662841797,6.027778625488281,5.325871467590332,5.595347881317139,5.157614231109619,72.8,74.0,-0.95,-0.2,-2.0,1.09926,0.03226,459.0,0.08129,2.9e-05,-0.0282,approved_clean_reverse_verified,,yes,negative,-1,0.6392644735226467,0,0,0
official_run_2,self_20260601_112658,clip_213,28,Flying Whales,GOJIRA,Metal,high,negative,tense,2026-06-01T11:55:05.460,2026-06-01T11:55:25.464,2026-06-01T11:55:27.517,2026-06-01T11:55:57.561,negative,negative,1,yes,human_rating_and_verified_eda,approved_clean_reverse_verified,,,,,From Mars to Sirius,https://audio-ssl.itunes.apple.com/itunes-assets/AudioPreview211/v4/be/a4/0a/bea40a20-1b1b-0935-66e2-d0d80f51d33c/mzaf_17143022508128274714.plus.aac.p.m4a,213374170,30.0,95.703125,47.0,1.5666666666666669,0.6282007295671892,0.0325897039221197,0.9506807267925632,4.833333333333333,0.2668743431568146,0.0597512945532798,0.3726959526538849,3.525507247590912e-06,-11.694609642028809,1.9826933145523071,13.867403984069824,-14.07757568359375,-9.13365650177002,0.0,0.0313212391761803,0.021340180194029,2345.4009511564395,982.0439116998296,-0.0074749013844229,3154.318384032833,719.2297783127372,5253.426566581608,2171.3085878016777,16.131109402735248,6.466898679339485,1.2383716106414795,1.7103358507156372,1.0,0.2217140794959088,2.0,0.4406097171583856,0.2188956376624768,0.5400367975234985,0.6410977840423584,0.7526018619537354,0.6988905072212219,0.6597821116447449,0.615478515625,0.6687254309654236,0.6841925978660583,0.6343056559562683,0.5798942446708679,0.5243687629699707,0.5328085422515869,-112.4637222290039,145.82183837890625,-27.413650512695312,56.92487335205078,0.6520606875419617,26.23118782043457,4.191507339477539,13.19823169708252,8.87567138671875,10.811198234558104,5.904290676116943,6.342248916625977,3.6086220741271977,60.598670959472656,30.741981506347656,17.819364547729492,13.644298553466797,11.428568840026855,8.138863563537598,8.221650123596191,7.714650630950928,8.132852554321289,6.709663391113281,6.906284332275391,5.9081034660339355,5.749680995941162,73.4,75.0,-4.6,-0.0,-1.0,1.06085,-0.00062,203.0,0.05303,5.4e-05,-0.0266,approved_clean_reverse_verified,,yes,negative,-1,0.445673432880389,0,0,0
official_run_2,self_20260601_112658,clip_212,29,This Charming Man,The Smiths,Alternative,high,positive,happy,2026-06-01T11:56:01.354,2026-06-01T11:56:21.366,2026-06-01T11:56:23.420,2026-06-01T11:56:53.427,neutral,neutral,1,yes,human_rating_and_verified_eda,approved_clean_reverse_verified,,,,,The Smiths,https://audio-ssl.itunes.apple.com/itunes-assets/AudioPreview122/v4/80/b0/2b/80b02b47-dd50-02f0-8dbd-700f117f4c47/mzaf_6865508113176690808.plus.aac.p.m4a,799995891,29.92907029478458,103.359375,51.0,1.7040288755273238,0.5760870748299319,0.0139106715464563,0.9764225005402274,5.078674295689279,0.202576532959938,0.0588896460831165,0.3105764985084533,1.1224875343946264e-05,-14.26246738433838,2.68713116645813,17.282474517822266,-17.825498580932617,-10.985587120056152,0.0,0.0917152422541699,0.0304924520845973,3511.0776530254107,878.3957266511593,0.0141452451990361,3613.431296873739,725.0982995491662,6813.020271437403,2043.844246289689,18.94247171124829,6.899123533668605,1.1192831993103027,0.9669666886329652,0.0,0.2131985235297385,1.0,0.4919808374139166,0.7051793609436552,0.4124544262886047,0.6868480443954468,0.5066385865211487,0.4697769582271576,0.5043527483940125,0.4087755382061004,0.3577767312526703,0.302091121673584,0.4101169407367706,0.351673811674118,0.3480190932750702,0.3631672859191894,-69.01502990722656,115.36040496826172,-50.19832611083984,42.925655364990234,13.59508228302002,26.74105453491211,-10.973548889160156,4.531172275543213,1.9436949491500857,7.536660671234131,-5.390267372131348,6.946080684661865,0.4857668280601501,40.38523483276367,27.030479431152344,16.935365676879883,13.37612533569336,11.861135482788086,9.314720153808594,7.457191944122315,8.845839500427246,7.454876899719238,7.292558193206787,7.828136444091797,6.705995559692383,5.866328716278076,75.6,77.0,-0.8,0.1,-2.0,1.05444,0.01557,274.0,0.08043,3.6e-05,-0.0201,approved_clean_reverse_verified,,yes,neutral,0,0.5849893612776279,0,0,0
official_run_2,self_20260601_112658,clip_211,30,Enola Gay,Orchestral Manoeuvres In the Dark,Pop,high,negative,tense,2026-06-01T11:57:01.886,2026-06-01T11:57:21.893,2026-06-01T11:57:23.938,2026-06-01T11:57:53.940,neutral,neutral,1,yes,human_rating_and_verified_eda,approved_clean_reverse_verified,,,,,Organisation,https://audio-ssl.itunes.apple.com/itunes-assets/AudioPreview116/v4/3b/0b/d0/3b0bd0ae-b450-00dd-3a31-2d372f503b37/mzaf_1265393616095927658.plus.aac.p.m4a,714776989,30.00362811791383,95.703125,47.0,1.566477221197739,0.636529626343291,0.0407468530736571,0.9398371945402044,5.3660177151667225,0.2505483031272888,0.0705288797616958,0.4054939448833465,-1.6910081478847416e-06,-12.347399711608888,2.3588600158691406,14.11361026763916,-15.025694847106934,-8.608857154846191,0.0,0.0722204802345261,0.0369555966125477,3824.499038673452,1049.219139647715,-0.2543290161166823,4354.061614136366,445.1539657928987,8397.857588098404,2252.4672698671898,20.81216009912241,11.188675044559911,1.0959088802337646,0.9456613063812256,0.0,0.1018650920699787,2.0,0.6337264336997899,0.7355915257697686,0.4850465953350067,0.4285675585269928,0.5268217921257019,0.4479309022426605,0.4908062517642975,0.5277302861213684,0.3688553869724273,0.3979347348213196,0.3522202968597412,0.4329784512519836,0.4306601285934448,0.4110774099826813,-58.18196487426758,109.06946563720705,-5.778759479522705,42.50422286987305,-4.292633056640625,30.90629005432129,-2.909088373184204,16.079044342041016,-12.210704803466797,2.9873287677764893,-10.305024147033691,12.22342300415039,1.188936710357666,35.436092376708984,23.54487419128418,12.612212181091309,13.120634078979492,13.937948226928713,8.939029693603516,9.869428634643556,6.8641791343688965,8.245109558105469,9.595538139343262,7.70502233505249,6.947389602661133,7.205065727233887,76.857,80.0,3.107,0.32143,-4.0,0.90972,-0.1179,0.0,0.0,-4.2e-05,-0.1103,approved_clean_reverse_verified,,yes,neutral,0,0.2992939499947261,0,0,0
official_run_2,self_20260601_112658,clip_210,31,The Killing Moon,Echo & The Bunnymen,Pop,medium,negative,tense,2026-06-01T11:58:02.543,2026-06-01T11:58:22.545,2026-06-01T11:58:24.594,2026-06-01T11:58:54.595,negative,negative,2,yes,human_rating_and_verified_eda,approved_clean_reverse_verified,,,,,Songs to Learn and Sing,https://audio-ssl.itunes.apple.com/itunes-assets/AudioPreview122/v4/be/ea/05/beea05d3-da20-5856-5552-bebb1d7c1f4c/mzaf_18275892302936094611.plus.aac.p.m4a,31740178,30.003537414965987,123.046875,60.0,1.999764200139666,0.4842737999154464,0.0173723896054786,0.9653692383827944,5.166057517027471,0.2785101532936096,0.0762276723980903,0.3745042085647583,-1.0569130966350529e-05,-11.494274139404297,2.756389856338501,15.099843978881836,-15.246101379394531,-8.593184471130371,0.0,0.0485395007253384,0.0229782649393976,2399.84725327299,763.1548169603917,-0.1333844220508541,2985.8363862978313,605.8211086255671,4930.778643314797,1943.9861947151535,18.411488108056776,7.195648648305275,1.1253662109375,1.0259497165679932,0.0,0.0690651865007727,7.0,0.5860895906820198,0.6551547771827926,0.380904346704483,0.3620773553848266,0.4972400367259979,0.473480761051178,0.3914433717727661,0.3455853164196014,0.385979026556015,0.5990625023841858,0.5042464137077332,0.4415760636329651,0.4333227872848511,0.4347143471240997,-76.4670181274414,161.94630432128906,-40.835838317871094,41.905723571777344,-1.0935919284820557,31.8663387298584,-11.337435722351074,10.542346000671388,-2.8538317680358887,-0.3216863870620727,-6.119222640991211,-0.6033809185028076,-2.616982698440552,44.686729431152344,24.829992294311523,13.473807334899902,15.41854476928711,12.894222259521484,10.595440864562988,15.564929008483888,8.335553169250488,8.411307334899902,7.742961883544922,6.861090660095215,6.118781089782715,7.653748989105225,70.286,73.0,-6.381,0.35714,0.0,0.92659,-0.00054,163.0,0.05517,3.5e-05,-0.0572,approved_clean_reverse_verified,,yes,negative,-1,0.4215189304244007,0,0,0
official_run_2,self_20260601_112658,clip_209,32,Cities In Dust,Siouxsie & The Banshees,Rock,high,negative,tense,2026-06-01T11:59:01.067,2026-06-01T11:59:21.077,2026-06-01T11:59:23.126,2026-06-01T11:59:53.140,negative,negative,1,yes,human_rating_and_verified_eda,approved_clean_reverse_verified,,,,,Tinderbox (Remastered & Expanded),https://audio-ssl.itunes.apple.com/itunes-assets/AudioPreview221/v4/61/c3/3c/61c33c60-b1b1-e807-669b-b5e55ea50865/mzaf_14744696204040940587.plus.aac.p.m4a,1443842139,30.02199546485261,120.18531976744184,54.0,1.7986812390008835,0.4990099687673812,0.0111611217590601,0.9781227867154464,5.062954598669154,0.2212323546409607,0.0721524804830551,0.3711389899253845,2.957197566224583e-05,-13.591976165771484,2.9842400550842285,19.69632339477539,-17.475200653076172,-9.75243091583252,0.0,0.0902130764211136,0.0470507705257875,4051.8254126038737,1212.8034439527346,0.3291580902185462,4306.94284466461,789.9893294353404,8694.542862257105,2194.372686834383,17.19563563057175,5.352266304580605,1.2266196012496948,1.1535975933074951,0.0,0.0034117090912392,5.0,0.5562779104384987,0.559689619529738,0.4488238990306854,0.3955276906490326,0.3836082816123962,0.4037214517593384,0.4572370648384094,0.5789853930473328,0.4927778840065002,0.4610149562358856,0.4923493266105652,0.4791068136692047,0.5059187412261963,0.4327923655509949,-60.39422607421875,107.86117553710938,-16.20893096923828,42.34112930297851,-11.567925453186035,20.778091430664062,-6.225600242614746,8.40402603149414,2.806051254272461,-2.9182159900665283,4.017756938934326,-1.058150053024292,0.0833212509751319,53.129173278808594,28.612314224243164,22.257801055908203,15.358768463134766,11.342340469360352,9.226272583007812,9.615999221801758,7.886443138122559,7.673457622528076,8.462817192077637,8.441034317016602,8.417460441589355,8.021796226501465,72.167,73.0,0.367,0.08571,-1.0,0.92563,0.00061,231.0,0.05328,6.9e-05,-0.0073,approved_clean_reverse_verified,,yes,negative,-1,0.5375086530722825,0,0,0
official_run_2,self_20260601_112658,clip_208,33,A Forest,The Cure,Alternative,medium,negative,tense,2026-06-01T12:00:11.318,2026-06-01T12:00:31.332,2026-06-01T12:00:33.380,2026-06-01T12:01:03.395,negative,negative,1,yes,human_rating_and_verified_eda,approved_clean_reverse_verified,,,,,Seventeen Seconds (Deluxe Edition),https://audio-ssl.itunes.apple.com/itunes-assets/AudioPreview116/v4/bc/f3/ed/bcf3eda8-4426-1528-f411-5dfe06bfb4d8/mzaf_16155767371106033934.plus.aac.p.m4a,65619482,30.003990929705218,80.74951171875,36.0,1.19984038404566,0.7417116942014901,0.0066673616041643,0.991090929720118,5.465939527319117,0.1872298121452331,0.0884339064359664,0.4518906474113464,-3.263779162609286e-07,-15.418501853942873,3.827524423599243,20.63581085205078,-20.065414428710938,-9.73768138885498,0.0,0.042410768254352,0.0405302558849898,2398.2122190449586,1442.070531854606,0.3259192138811089,3300.214137605942,1014.3650672734984,4917.258957174807,3290.056211868271,19.63137590041329,9.574941968896765,1.2599693536758425,1.365209698677063,0.0,0.0674109934881702,1.0,0.305108606004328,0.3725195994924982,0.6108274459838867,0.5994011163711548,0.5797736644744873,0.5946364402770996,0.6207419633865356,0.5210596323013306,0.4262957870960235,0.4793528914451599,0.4910817444324493,0.5558351278305054,0.5095973610877991,0.5394427180290222,-165.71685791015625,148.93968200683594,5.8175811767578125,34.906497955322266,4.254806995391846,24.60471534729004,1.3624285459518433,14.211871147155762,4.008309841156006,5.079902172088623,-9.708975791931152,0.3110978007316589,-4.15310525894165,64.47114562988281,38.23684310913086,30.101177215576172,23.994935989379883,17.63788414001465,14.991947174072266,11.621676445007324,10.43453598022461,10.332721710205078,9.617677688598633,7.764474391937256,10.591459274291992,8.68997859954834,75.167,81.0,-2.083,-1.97143,-9.0,0.89406,-0.01422,137.0,0.05712,8.1e-05,-0.029,approved_clean_reverse_verified,,yes,negative,-1,0.3906946211747704,0,0,0
official_run_2,self_20260601_112658,clip_207,34,Love My Way,The Psychedelic Furs,New Wave,medium,positive,happy,2026-06-01T12:01:08.719,2026-06-01T12:01:28.731,2026-06-01T12:01:30.784,2026-06-01T12:02:00.828,negative,negative,1,yes,human_rating_and_verified_eda,approved_clean_reverse_verified,,,,,Forever Now (2002 Bonus Tracks Edition),https://audio-ssl.itunes.apple.com/itunes-assets/AudioPreview115/v4/42/b4/f9/42b4f9dd-938f-c86e-e413-953b5bdc003a/mzaf_1389995137883184358.plus.aac.p.m4a,211438542,29.92907029478458,126.04801829268293,62.0,2.071564515346943,0.4758187427976655,0.0126992804529459,0.9740044791624174,4.677726324976968,0.2259227484464645,0.056399930268526,0.362414538860321,9.836611134768797e-06,-13.222501754760742,2.3884668350219727,17.6218204498291,-16.112934112548828,-10.402789115905762,0.0,0.0776562272716252,0.0440866963973039,3287.825674343474,1157.4829134841648,0.121553955602442,3398.944158314936,564.0556007183151,6604.119802020704,1887.780392032446,18.617066012221592,6.030804035844807,1.228553295135498,1.3283087015151978,0.0,0.1623150562624273,11.0,0.3327795492849881,0.4950946055474154,0.5131767392158508,0.4016582071781158,0.3982222378253937,0.3716690242290497,0.379791647195816,0.346147745847702,0.436612606048584,0.4444218873977661,0.4072359800338745,0.5132946968078613,0.467820405960083,0.6095996499061584,-79.71253204345703,129.44076538085938,-35.0631103515625,59.23347091674805,-15.842766761779783,20.727380752563477,-3.7507364749908447,4.9530205726623535,0.6094968318939209,9.213924407958984,3.900373697280884,6.2644453048706055,-2.6364805698394775,49.905517578125,37.30050277709961,15.479784965515137,19.106664657592773,14.726054191589355,13.840642929077148,10.572996139526367,9.612600326538086,8.541672706604004,8.516785621643066,8.749654769897461,8.723601341247559,8.905125617980957,74.0,76.0,1.0,-0.8,-4.0,0.8675,-0.09976,0.0,0.01344,-0.000116,-0.1507,approved_clean_reverse_verified,,yes,negative,-1,0.20175364820724698,0,0,0
official_run_2,self_20260601_112658,clip_206,35,Life's What You Make It,Talk Talk,Rock,medium,positive,excited,2026-06-01T12:02:05.630,2026-06-01T12:02:25.637,2026-06-01T12:02:27.685,2026-06-01T12:02:57.700,positive,positive,1,yes,human_rating_and_verified_eda,approved_clean_reverse_verified,,,,,The Very Best Of,https://audio-ssl.itunes.apple.com/itunes-assets/AudioPreview122/v4/e5/b4/dd/e5b4dd39-770a-c734-a977-eee1f9e2d1c2/mzaf_8282834802859384830.plus.aac.p.m4a,696670535,30.003537414965987,92.28515625,41.0,1.366505536762105,0.653061224489796,0.0067447873240075,0.9897776206896536,4.4661400469785875,0.0738631710410118,0.0285961050540208,0.1691715866327285,8.293636256797545e-06,-23.20553207397461,3.1226682662963867,20.612361907958984,-26.984392166137695,-19.047630310058594,0.0,0.0997306425290135,0.0587811164581639,4107.899844699463,1390.5973913327214,-0.2109272300710993,4457.348104942238,855.1339215405429,8726.436774661508,2871.8789416003306,17.387481343418173,6.769676722644366,1.3055338859558103,1.708120346069336,1.0,0.1310986939701972,8.0,0.6429619846237229,0.5118632906535256,0.5174651145935059,0.5091601610183716,0.4699313342571258,0.5914528369903564,0.4602611660957336,0.4590667188167572,0.5571457743644714,0.540251612663269,0.569799542427063,0.4514866173267364,0.4778927564620971,0.4493779242038727,-159.9021759033203,115.40333557128906,-14.171709060668944,26.911157608032227,-5.918660640716553,16.586795806884766,-2.8821754455566406,8.028898239135742,-0.3353640437126159,1.203976035118103,-1.6308131217956543,2.417243003845215,3.8009421825408936,56.521610260009766,34.15394973754883,19.0660457611084,13.74630641937256,11.057090759277344,9.003087043762207,6.848291873931885,7.87125825881958,6.456756591796875,6.567959308624268,6.638589859008789,7.03459358215332,5.922435283660889,75.571,81.0,3.321,-1.17857,-8.0,0.8165,-0.04531,49.0,0.05528,-2.2e-05,-0.075,approved_clean_reverse_verified,,yes,positive,1,0.37927149081718553,0,0,1
official_run_2,self_20260601_112658,clip_205,36,Ceremony,New Order,Pop,medium,negative,tense,2026-06-01T12:03:11.352,2026-06-01T12:03:31.355,2026-06-01T12:03:33.413,2026-06-01T12:04:03.434,neutral,neutral,1,yes,human_rating_and_verified_eda,approved_clean_reverse_verified,,,,,Substance,https://audio-ssl.itunes.apple.com/itunes-assets/AudioPreview211/v4/49/ae/99/49ae9942-efc2-66c9-68d2-b2ba12ae899f/mzaf_3119884863508531048.plus.aac.p.m4a,1530256507,30.003537414965987,139.6748310810811,67.0,2.2330700234892937,0.4262268947983234,0.0085184162805677,0.9804059616895514,5.7993161804050315,0.0775171890854835,0.0229349713772535,0.1446599960327148,-2.3314176710382982e-06,-22.566959381103516,2.4620635509490967,16.190000534057617,-25.600954055786133,-19.061328887939453,0.0,0.0460571052949709,0.0251017615952377,2715.7931931183907,625.6252060895043,0.1563101298563557,3475.4937590632294,447.7784168557677,5596.217095321566,1428.5169545198626,20.24831384249996,9.004067015383207,1.010807752609253,0.9871667623519896,1.0,0.07718355414922,0.0,0.5819322414695735,0.5047486873203534,0.6210254430770874,0.4765235483646393,0.4191698133945465,0.4843235611915588,0.6492099165916443,0.6379477977752686,0.5706976652145386,0.5703188180923462,0.3714620769023895,0.3160378336906433,0.3231663405895233,0.4665540158748626,-195.7389984130859,136.97042846679688,-32.5802116394043,32.340885162353516,-1.2957897186279297,25.955307006835938,3.597075939178467,12.5189790725708,-2.035712718963623,7.993021011352539,-2.9821412563323975,9.155278205871582,5.11385440826416,42.98819351196289,18.501296997070312,21.114728927612305,14.894216537475586,10.444292068481444,8.079619407653809,7.723433494567871,7.570766925811768,6.909638404846191,7.8481645584106445,5.923750400543213,5.61175012588501,6.143040657043457,69.429,73.0,3.179,1.25,0.0,0.84286,-0.02163,135.0,0.07671,-9.6e-05,-0.1225,approved_clean_reverse_verified,,yes,neutral,0,0.5446533415847316,0,0,0
official_run_2,self_20260601_112658,clip_204,37,Saw You In A Dream,The Japanese House,Alternative,low,negative,sad,2026-06-01T12:04:44.709,2026-06-01T12:05:04.713,2026-06-01T12:05:06.760,2026-06-01T12:05:36.780,neutral,neutral,1,yes,human_rating_and_verified_eda,approved_clean_reverse_verified,,,,,Saw You In a Dream - EP,https://audio-ssl.itunes.apple.com/itunes-assets/AudioPreview125/v4/26/de/dc/26dedcdd-f9cf-ef19-4db1-726fe7459b19/mzaf_17486703770070766609.plus.aac.p.m4a,1440889384,29.92907029478458,93.9630681818182,45.0,1.5035548901711682,0.638548752834467,0.016041488943781,0.9754938465012812,3.3412330892692625,0.2325401604175567,0.1031820476055145,0.504838764667511,4.154202144334029e-05,-14.244091033935549,6.391219139099121,38.18680953979492,-23.90340805053711,-9.127049446105955,0.0,0.0595525086064778,0.0502973290369453,3572.697389910832,1558.126685145725,0.3887888874172707,4382.607935616044,719.0453586553746,8252.579215961987,3247.5046842923625,20.47339011559725,9.462892632519525,1.1387407779693604,1.3566471338272097,0.0,0.0282289112454763,8.0,0.5772520668218434,0.6054809780673197,0.4410213828086853,0.3874389231204986,0.3802692294120788,0.5012408494949341,0.4743843674659729,0.3955662548542022,0.4204045236110687,0.4010794460773468,0.4512380361557007,0.4300348162651062,0.5016880631446838,0.5212350487709045,-136.01165771484375,111.19705200195312,15.872964859008787,47.40145111083984,7.1452131271362305,37.453033447265625,-14.99958610534668,9.24672508239746,-5.998320579528809,2.1331136226654053,1.0599756240844729,6.040933609008789,-5.133491516113281,90.9242172241211,35.33349609375,19.51475715637207,17.910110473632812,16.442333221435547,13.38368320465088,18.143815994262695,10.00576114654541,11.524181365966797,10.736536979675291,11.260518074035645,10.315252304077148,8.944747924804688,70.0,74.0,-3.75,-1.65714,-7.0,0.91487,0.07217,494.0,0.1501,7.3e-05,-0.083,approved_clean_reverse_verified,,yes,neutral,0,0.7319019864325143,0,0,0
official_run_2,self_20260601_112658,clip_203,38,Your Best American Girl,Mitski,Indie Rock,medium,negative,sad,2026-06-01T12:05:43.096,2026-06-01T12:06:03.118,2026-06-01T12:06:05.180,2026-06-01T12:06:35.195,negative,negative,1,yes,human_rating_and_verified_eda,approved_clean_reverse_verified,,,,,Puberty 2,https://audio-ssl.itunes.apple.com/itunes-assets/AudioPreview115/v4/de/42/d6/de42d695-47a8-96ca-a0b9-5907630fa487/mzaf_6468437677024902389.plus.aac.p.m4a,1087128509,29.92907029478458,156.60511363636363,66.0,2.205213838917713,0.3897380080237223,0.0135040527246117,0.9665112991944566,3.641944067303496,0.088772252202034,0.0244941245764493,0.1574350893497467,1.4285041323171555e-05,-21.3900089263916,2.563755750656128,20.07548713684082,-24.67374610900879,-18.358230590820312,0.0,0.0477483377981962,0.0398394372532956,2727.625593805234,1055.4793982593046,0.1272142152813644,3634.083158778659,688.5673592605968,6200.860875072731,2581.185661154141,19.778965282433603,6.974559911084953,1.0211400985717771,0.8241131901741028,0.0,0.0193186517694239,1.0,0.4236943174715623,0.4430129692409862,0.3722967803478241,0.5851174592971802,0.5808281898498535,0.4232107102870941,0.3812009692192077,0.3541680574417114,0.3734543621540069,0.3747927844524383,0.4404362142086029,0.4445221722126007,0.3455229699611664,0.3527421951293945,-205.24134826660156,144.56619262695312,-9.456433296203612,35.276390075683594,-11.609904289245604,27.918935775756836,-6.657730579376221,15.496726036071776,-0.1312445551156997,1.9581236839294431,7.366925239562988,-2.3578836917877197,-2.0133817195892334,54.290096282958984,30.43960952758789,18.09900283813477,15.880044937133787,15.855566024780272,11.462523460388184,10.25484848022461,8.693172454833984,8.9870023727417,10.214239120483398,9.137306213378906,9.27392292022705,8.034754753112793,66.0,67.0,-10.0,0.11429,-2.0,0.93826,0.09371,553.0,0.15545,4.5e-05,-0.033,approved_clean_reverse_verified,,yes,negative,-1,0.7274987865522258,0,0,0
official_run_2,self_20260601_112658,clip_202,39,Only Acting,Kero Kero Bonito,Alternative,high,negative,tense,2026-06-01T12:06:41.275,2026-06-01T12:07:01.276,2026-06-01T12:07:03.322,2026-06-01T12:07:33.327,positive,positive,1,yes,human_rating_and_verified_eda,approved_clean_reverse_verified,,,,,Only Acting - Single,https://audio-ssl.itunes.apple.com/itunes-assets/AudioPreview122/v4/d4/22/84/d42284f3-f4da-9672-0061-1562f3f0e096/mzaf_4475973960751118960.plus.aac.p.m4a,1651294284,29.92907029478458,123.046875,62.0,2.071564515346943,0.4824802051968328,0.0180259332283154,0.9639845911080444,4.310190685157349,0.1854068636894226,0.1092081293463707,0.444158673286438,6.443385781485818e-06,-17.619230270385742,9.497302055358888,55.47461700439453,-29.46456718444824,-9.226593017578123,0.02133436772692,0.0599540432263382,0.0622167953936446,3070.793959486479,1804.491509571532,0.0689813617524558,3824.214423910604,1311.3523680326305,6088.300190312258,4165.110625920857,18.54891695249767,6.199987005779867,1.756213903427124,3.09755539894104,0.0,0.0270345310252806,9.0,0.4658594319962931,0.4928939630215738,0.4744170010089874,0.4085613191127777,0.4324361979961395,0.3896146416664123,0.4207294285297394,0.3206662237644195,0.3027772605419159,0.3948338329792022,0.3639589548110962,0.4373352527618408,0.3953863680362701,0.4546826481819153,-205.1980438232422,119.7046127319336,-20.618392944335938,23.330810546875,8.985994338989258,-2.807922601699829,-6.75016450881958,8.813010215759277,-6.319799423217773,4.935394287109375,8.830451011657715,-7.168771266937256,0.7889071702957153,115.95115661621094,41.94917678833008,45.739540100097656,25.79245948791504,28.72835350036621,20.85639190673828,21.604961395263672,14.191062927246094,15.145171165466309,13.813665390014648,14.770966529846191,11.962095260620115,9.11786651611328,68.4,71.0,0.8,-1.2,-5.0,1.00521,0.02542,430.0,0.08481,1.9e-05,-0.0396,approved_clean_reverse_verified,,yes,positive,1,0.6066822207079721,0,0,1
official_run_2,self_20260601_112658,clip_201,40,So Hot You're Hurting My Feelings,Caroline Polachek,Indie Pop,high,positive,happy,2026-06-01T12:07:37.312,2026-06-01T12:07:57.321,2026-06-01T12:07:59.378,2026-06-01T12:08:29.391,positive,positive,2,yes,human_rating_and_verified_eda,approved_clean_reverse_verified,,,,,Pang,https://audio-ssl.itunes.apple.com/itunes-assets/AudioPreview116/v4/7d/50/63/7d50630e-3403-c6be-2f88-9070487841e1/mzaf_16554078699519463994.plus.aac.p.m4a,1482422205,29.92907029478458,112.34714673913044,56.0,1.871090529990787,0.5313147804576376,0.020526854965806,0.9628029970046474,4.744550986762353,0.2914345264434814,0.1091561019420623,0.6369554996490479,-2.186944185752543e-05,-11.394009590148926,3.661780595779419,24.12814140319824,-16.184860229492188,-7.350602149963379,0.0,0.0562485605362684,0.0367751935523122,3060.9149961565554,1333.40753184724,0.0084021741352603,3677.569491660837,928.4694002230232,6468.881597289565,2994.7378446634257,20.226743832475712,8.366788856507497,1.2118874788284302,1.344304084777832,1.0,0.2012848820467672,1.0,0.8058826411315191,0.6045977590847519,0.346416026353836,0.4332375228404999,0.3747754395008087,0.4348469376564026,0.3344078361988067,0.3866976797580719,0.4358897805213928,0.3392161726951599,0.4672673642635345,0.3247437477111816,0.40492844581604,0.3246401250362396,-75.22137451171875,128.17848205566406,-20.001909255981445,29.00644302368164,-10.512410163879396,14.899773597717283,-10.241081237792969,11.707852363586426,-2.5829904079437256,2.597219467163086,2.8718881607055664,8.679839134216309,-5.229740619659424,63.606197357177734,35.19514846801758,26.607154846191406,15.442502975463867,15.896206855773926,11.783441543579102,11.857930183410645,12.01034164428711,11.65001392364502,10.605405807495115,12.455835342407228,9.483399391174316,9.33786392211914,71.571,77.0,3.238,-1.28571,-8.0,0.93999,-0.06521,0.0,0.015,8.7e-05,-0.0524,approved_clean_reverse_verified,,yes,positive,1,0.3053403269432867,0,0,1
pau,self_20260601_210739,clip_200,1,Killshot,Magdalena Bay,Indie Pop,medium,negative,tense,2026-06-01T21:07:42.086,2026-06-01T21:08:02.090,2026-06-01T21:08:04.210,2026-06-01T21:08:34.220,positive,positive,1,yes,human_rating_only,excluded_unverified_capture,Capture has not been verified for primary biometric training.,,,,A Little Rhythm and a Wicked Feeling,https://audio-ssl.itunes.apple.com/itunes-assets/AudioPreview122/v4/14/72/be/1472bef9-0d79-391e-75cc-0fad54cb7ef2/mzaf_17513573749968270352.plus.aac.p.m4a,1499440465,29.92907029478458,99.38401442307692,49.0,1.6372042137419387,0.6061375661375661,0.0147919672031887,0.9761777038956349,4.911612641225816,0.2825763821601867,0.1130531951785087,0.5698143839836121,-1.139852563128155e-06,-11.913618087768556,4.463956832885742,26.32086944580078,-18.181093215942383,-7.639945983886719,0.0,0.0666858090089216,0.0691535711871842,3618.63731822787,1597.5461806094863,-0.2404773829448089,4058.9526340277175,801.4986251093422,7877.385286104781,2895.116026539876,19.321668494041905,9.933392130044105,1.2568740844726562,1.4440579414367676,0.0,0.1900348386792497,6.0,0.6525882773120979,0.8426231159913476,0.5130032300949097,0.6239174604415894,0.5217496156692505,0.5080339312553406,0.5526366233825684,0.5418621897697449,0.6410089135169983,0.5189488530158997,0.5834199786186218,0.5734230279922485,0.5231271386146545,0.5248709321022034,-90.31874084472656,109.3991241455078,-13.498530387878418,34.46625518798828,-8.5138521194458,26.047069549560547,-7.924749374389648,16.487550735473633,1.522472620010376,9.42534637451172,4.190967559814453,10.614537239074709,-0.8671330213546753,59.49222946166992,42.05129623413086,19.512889862060547,17.794523239135742,17.32628059387207,14.372203826904297,10.833581924438477,11.331830978393556,10.6359281539917,8.834244728088379,10.181818962097168,9.010893821716309,8.710394859313965,,,,0.0,,,,,,,,excluded_unverified_capture,Capture has not been verified for primary biometric training.,no,positive,1,,0,0,1
pau,self_20260601_210739,clip_199,2,XS,Rina Sawayama,Alternative,high,positive,excited,2026-06-01T21:08:40.915,2026-06-01T21:09:01.006,2026-06-01T21:09:03.136,2026-06-01T21:09:33.140,positive,positive,1,yes,human_rating_only,excluded_unverified_capture,Capture has not been verified for primary biometric training.,,,,SAWAYAMA,https://audio-ssl.itunes.apple.com/itunes-assets/AudioPreview125/v4/78/e5/b9/78e5b90c-b4a0-d62a-0d55-8c47e0b587e0/mzaf_10492078721256628050.plus.aac.p.m4a,1493469443,29.92907029478458,117.45383522727272,58.0,1.9379151917761723,0.512672156581931,0.010151548914701,0.9805832275622276,5.847157906221209,0.3064861297607422,0.1388301402330398,0.712703287601471,-3.200970806958433e-06,-11.32670783996582,4.629873275756836,25.59684181213379,-18.09262466430664,-6.074796199798584,0.0,0.1089872918080876,0.0653295463894937,4464.914075381684,1252.9160001628134,-0.2384575920877507,4195.583231392344,544.6016287844058,9202.596072839897,1931.058360994591,19.76714187737295,11.076854520020532,1.3184592723846436,1.243025302886963,1.0,0.0974605406363643,2.0,0.4669978596022597,0.3695373189658953,0.4134763479232788,0.4339487254619598,0.4857195615768432,0.3982064723968506,0.4137899875640869,0.4710597693920135,0.4595552980899811,0.5630436539649963,0.5253900289535522,0.5489951968193054,0.4277940988540649,0.4095860421657562,-40.23890686035156,91.23204803466795,-27.449989318847656,42.9185905456543,-18.29454040527344,25.016454696655273,-14.632915496826172,16.047025680541992,-9.346807479858398,2.1063156127929688,-2.4414401054382324,5.894635200500488,-11.434146881103516,51.59891128540039,29.390233993530273,20.318653106689453,23.487354278564453,18.22621154785156,16.212236404418945,15.977509498596191,11.82206916809082,10.888896942138672,11.824226379394531,11.046441078186035,8.586640357971191,11.259700775146484,,,,0.0,,,,,,,,excluded_unverified_capture,Capture has not been verified for primary biometric training.,no,positive,1,,0,0,1
pau,self_20260601_210739,clip_198,3,Silk Chiffon (feat. Phoebe Bridgers),MUNA,Alternative,high,positive,happy,2026-06-01T21:09:39.332,2026-06-01T21:09:59.337,2026-06-01T21:10:01.466,2026-06-01T21:10:31.485,positive,positive,1,yes,human_rating_only,excluded_unverified_capture,Capture has not been verified for primary biometric training.,,,,MUNA,https://audio-ssl.itunes.apple.com/itunes-assets/AudioPreview211/v4/de/dc/a2/dedca226-5c2c-7767-6d14-a1fc0b133d65/mzaf_3625606279159258339.plus.aac.p.m4a,1611606408,30.00498866213152,129.19921875,52.0,1.733045147443358,0.4789684762794006,0.05257109067208,0.9010965618729212,5.2991188162210365,0.2400619685649871,0.1143002286553382,0.5825098156929016,6.529377891839346e-05,-13.52057647705078,4.806536674499512,32.57559585571289,-17.90569305419922,-7.601292610168457,0.0,0.0750880228481624,0.0508790746500859,3663.484395739996,1314.2349557550292,0.4172282186588627,3940.198753451634,651.0139760075892,7985.286414258946,2321.2213046488832,21.579284925399293,11.264688582930331,1.2271645069122314,1.379439115524292,1.0,0.332433171548988,10.0,0.7537224352129461,0.4212892636639581,0.3978594839572906,0.3734325468540191,0.4744260907173157,0.559965968132019,0.4752250611782074,0.5315997004508972,0.3790352642536163,0.3918606638908386,0.3623794317245483,0.4187972843647003,0.5298007130622864,0.4142361879348755,-93.24998474121094,107.15713500976562,-22.958518981933594,42.981197357177734,-6.625446319580078,33.43067169189453,-7.521025657653809,19.35009002685547,-0.6273171901702881,0.6363965272903442,6.621176242828369,8.429269790649414,-3.736294031143189,71.61708068847656,27.333599090576172,19.25545310974121,18.664392471313477,14.966486930847168,14.234167098999023,12.965389251708984,10.899747848510742,9.751463890075684,11.683355331420898,10.97559642791748,8.451948165893555,7.957179069519043,,,,0.0,,,,,,,,excluded_unverified_capture,Capture has not been verified for primary biometric training.,no,positive,1,,0,0,1
pau,self_20260601_210739,clip_197,4,Be Sweet,Japanese Breakfast,Alternative,high,positive,happy,2026-06-01T21:10:39.037,2026-06-01T21:10:59.125,2026-06-01T21:11:01.248,2026-06-01T21:11:31.256,neutral,neutral,1,yes,human_rating_only,excluded_unverified_capture,Capture has not been verified for primary biometric training.,,,,Jubilee,https://audio-ssl.itunes.apple.com/itunes-assets/AudioPreview211/v4/c0/64/67/c0646729-fcb6-0ad1-b996-fd3408b4f4f4/mzaf_679024772755085459.plus.aac.p.m4a,1553364593,30.020680272108844,109.9567819148936,55.0,1.832070409513623,0.545023935500126,0.01104060002209,0.9801451102942188,6.995177927233834,0.262992650270462,0.0851075127720832,0.5104016661643982,-3.35179209683816e-05,-12.13630485534668,3.264371871948242,22.26805877685547,-16.064876556396484,-9.097164154052734,0.0,0.0886234245093774,0.0492898455104516,4707.496544045111,1400.1298276014495,0.0398852456745797,5103.305569651777,884.9112224921864,10785.911499873117,2933.689045523159,18.342989310621583,6.493881376349511,1.1887928247451782,1.1877223253250122,1.0,0.1923726156468992,0.0,0.8087897032283812,0.616417087581482,0.6232655048370361,0.4758394360542297,0.4456581771373749,0.3935309052467346,0.4227225482463836,0.4310879707336426,0.3559736609458923,0.4968088865280151,0.3838641047477722,0.4306173324584961,0.398694097995758,0.3974217474460602,-43.300682067871094,94.48267364501952,-0.9890650510787964,25.52055931091309,-0.1395781934261322,16.921632766723633,-4.423296928405762,11.75350856781006,-6.281087398529053,6.951888084411621,1.8333470821380615,5.451711177825928,-1.2812893390655518,43.318355560302734,23.85179901123047,18.541942596435547,16.958892822265625,14.225231170654297,10.96767234802246,10.457807540893556,9.547780990600586,7.535974979400635,7.366586685180664,9.302967071533203,8.031163215637207,7.309082508087158,,,,0.0,,,,,,,,excluded_unverified_capture,Capture has not been verified for primary biometric training.,no,neutral,0,,0,0,0
pau,self_20260601_210739,clip_196,5,Show Me How,Men I Trust,Pop,low,positive,relaxed,2026-06-01T21:11:37.299,2026-06-01T21:11:57.315,2026-06-01T21:11:59.449,2026-06-01T21:12:29.451,neutral,neutral,4,yes,human_rating_only,excluded_unverified_capture,Capture has not been verified for primary biometric training.,,,,Show Me How - Single,https://audio-ssl.itunes.apple.com/itunes-assets/AudioPreview126/v4/c9/0a/46/c90a464f-379e-8f7a-a212-e22823ac9122/mzaf_8128269148088916110.plus.aac.p.m4a,1719975688,30.000453514739228,166.70866935483872,73.0,2.4332965488050067,0.361360544217687,0.0054515749875541,0.9851379638181916,3.599945579053983,0.2040275633335113,0.0986424908041954,0.4908862113952636,7.5810135359520045e-06,-15.12377643585205,5.291837215423584,30.840961456298828,-21.77902603149414,-9.381078720092772,0.0,0.0184541978965183,0.0133896490774873,1227.107029241624,831.2673291979813,0.1448709640712324,2260.6087049960292,1038.207988041362,2248.8161115812377,2144.412852367507,19.26440187931941,7.072132388145226,1.121827244758606,1.760413646697998,0.0,0.1001373428851227,9.0,0.4455847942759845,0.5457221371611073,0.5273354053497314,0.4897335469722748,0.5513267517089844,0.5285684466362,0.5296647548675537,0.4705513417720794,0.3880688846111297,0.4211517870426178,0.4684255421161651,0.5737096071243286,0.5052095651626587,0.5020285844802856,-232.07896423339844,171.5496826171875,40.64805221557617,37.91282272338867,11.128522872924805,16.832754135131836,-3.570028781890869,8.254190444946289,-1.0367554426193235,2.959918737411499,3.0232937335968018,0.0438462868332862,1.584285020828247,84.82588195800781,28.95797538757324,37.746437072753906,22.871074676513672,16.00686264038086,11.802199363708496,13.913986206054688,9.94289493560791,10.598528861999512,7.880135536193848,7.959264755249023,7.483075618743896,7.257358074188232,,,,0.0,,,,,,,,excluded_unverified_capture,Capture has not been verified for primary biometric training.,no,neutral,0,,0,0,0
pau,self_20260601_210739,clip_195,6,Dreams Tonite,Alvvays,Alternative,medium,positive,relaxed,2026-06-01T21:12:38.226,2026-06-01T21:12:58.282,2026-06-01T21:13:00.403,2026-06-01T21:13:30.413,positive,positive,1,yes,human_rating_only,excluded_unverified_capture,Capture has not been verified for primary biometric training.,,,,Antisocialites,https://audio-ssl.itunes.apple.com/itunes-assets/AudioPreview116/v4/26/73/fd/2673fdaa-6bfe-54e3-c0dd-884afb19bce0/mzaf_11273602793506297863.plus.aac.p.m4a,1651326697,30.00018140589569,99.38401442307692,48.0,1.5999903250773997,0.6140936942152747,0.0352175771113778,0.9457616421174664,2.8999824642027865,0.1583970040082931,0.0655682310461998,0.4559448361396789,3.898639129803889e-05,-16.824892044067383,4.635396957397461,80.0,-21.31717109680176,-12.748744010925291,0.002321083172147,0.0629897923718568,0.0338136578321848,2543.375531859057,971.2355392195648,0.4334052948703,2773.708503444084,671.2813331000682,5131.508080724129,2022.1780934575847,20.216383100571235,9.710435806361602,1.0157283544540403,0.9382786750793456,0.0,0.1791639681805105,6.0,0.6276569142806692,0.8068208824611797,0.2763082683086395,0.4529981017112732,0.4719851613044739,0.3110372722148895,0.2882202565670013,0.3192581236362457,0.5239633917808533,0.366839736700058,0.33846515417099,0.3983388543128967,0.2747655510902405,0.2665002048015594,-141.91986083984375,156.1314239501953,-38.57456970214844,43.62647247314453,-8.412915229797363,4.992593765258789,-12.190317153930664,9.809712409973145,-13.497200965881348,-11.562541961669922,5.437123775482178,-6.783836364746094,-1.0484461784362793,69.25227355957031,30.41002082824707,26.7397518157959,21.150833129882812,20.778785705566406,17.444250106811523,11.921868324279783,12.004668235778809,9.780451774597168,14.022624969482422,10.70462703704834,11.494145393371582,9.903620719909668,,,,0.0,,,,,,,,excluded_unverified_capture,Capture has not been verified for primary biometric training.,no,positive,1,,0,0,1
pau,self_20260601_210739,clip_194,7,Open Eye Signal (Remaster 2023),Jon Hopkins,Electronic,high,positive,excited,2026-06-01T21:13:37.278,2026-06-01T21:13:57.291,2026-06-01T21:13:59.427,2026-06-01T21:14:29.431,positive,positive,1,yes,human_rating_only,excluded_unverified_capture,Capture has not been verified for primary biometric training.,,,,Immunity,https://audio-ssl.itunes.apple.com/itunes-assets/AudioPreview116/v4/d3/90/9e/d3909e01-1968-f45e-4432-6cfe80cb9b45/mzaf_2577751705709472939.plus.aac.p.m4a,1688995997,29.92907029478458,123.046875,59.0,1.971327522668865,0.489820939870201,0.0045514381925575,0.9907935022373362,8.152608737817001,0.4106747508049011,0.0915355533361435,0.523803174495697,4.3038502463787974e-05,-7.977742671966553,2.1673266887664795,14.316558837890623,-10.850193977355955,-5.821230411529541,0.0,0.0232013143061481,0.0256162394824658,3394.19196964517,1647.6684890443917,-0.1464716039891152,4570.952157009505,883.271193196243,8237.185230950592,3872.208775545587,15.711285327485871,8.10617459067266,1.5963836908340454,1.9723732471466064,0.0,0.1177212897629854,0.0,0.1453900037266883,0.2631112934896737,0.8985198736190796,0.9091815948486328,0.8817804455757141,0.847114086151123,0.7871696352958679,0.7307360768318176,0.6440128684043884,0.5959107875823975,0.576298177242279,0.6044864058494568,0.6550278067588806,0.7328905463218689,-128.0395050048828,90.37872314453124,35.3536376953125,67.16720581054688,6.426329612731934,32.64336395263672,0.865939736366272,23.399188995361328,4.674598693847656,15.549952507019045,4.46139669418335,9.919960975646973,3.4977173805236816,62.12374496459961,34.95566177368164,18.048364639282227,10.197342872619627,8.27621841430664,8.256967544555664,6.673107147216797,5.406215190887451,5.081977367401123,5.493699550628662,5.505985736846924,4.609185695648193,4.657730579376221,,,,0.0,,,,,,,,excluded_unverified_capture,Capture has not been verified for primary biometric training.,no,positive,1,,0,0,1
pau,self_20260601_210739,clip_193,8,Two Thousand and Seventeen,Four Tet,Electronic,medium,positive,relaxed,2026-06-01T21:14:35.834,2026-06-01T21:14:55.971,2026-06-01T21:14:58.094,2026-06-01T21:15:28.166,neutral,neutral,1,yes,human_rating_only,excluded_unverified_capture,Capture has not been verified for primary biometric training.,,,,New Energy,https://audio-ssl.itunes.apple.com/itunes-assets/AudioPreview115/v4/11/12/50/111250a0-ca7d-8ab2-461c-f772f8c316ec/mzaf_1936462126950328626.plus.aac.p.m4a,1288518126,29.92907029478458,151.99908088235293,73.0,2.4391001551665616,0.3973192239858906,0.0200365305575929,0.9519917232733272,5.412797604616205,0.2915306687355041,0.0556664392352104,0.4436902999877929,1.168092369581907e-05,-10.846503257751465,1.522969126701355,11.050840377807615,-12.524043083190918,-8.951321601867676,0.0,0.0344170096125872,0.0331635579483358,2366.97028807667,1463.374461800083,0.7206851484872144,3370.405937320856,969.4099144539872,5201.145585846586,3653.3024418297737,21.31486309856557,9.6806862226665,1.1702711582183838,1.399241328239441,1.0,0.1170508183961138,9.0,0.5961343162909443,0.4790834978948304,0.4812217652797699,0.5729705691337585,0.5950301885604858,0.5422021150588989,0.5938105583190918,0.6112860441207886,0.5831246972084045,0.5459036827087402,0.6221040487289429,0.7247909307479858,0.5904449820518494,0.4821996688842773,-160.8883514404297,123.5795669555664,23.214670181274418,63.189598083496094,-1.6579371690750122,27.56549072265625,3.714019060134888,7.996273517608643,-2.331584215164185,3.5748660564422607,-2.3487517833709717,4.717284679412842,5.575256824493408,83.66889190673828,32.862548828125,25.708776473999023,15.143281936645508,17.296184539794922,11.262081146240234,13.82649040222168,7.913083553314209,10.969943046569824,8.323943138122559,10.494221687316896,7.199648380279541,8.240609169006348,,,,0.0,,,,,,,,excluded_unverified_capture,Capture has not been verified for primary biometric training.,no,neutral,0,,0,0,0
pau,self_20260601_210739,clip_192,9,Cirrus,Bonobo,Electronic,medium,positive,relaxed,2026-06-01T21:15:34.645,2026-06-01T21:15:54.654,2026-06-01T21:15:56.784,2026-06-01T21:16:26.815,neutral,neutral,1,yes,human_rating_only,excluded_unverified_capture,Capture has not been verified for primary biometric training.,,,,The North Borders,https://audio-ssl.itunes.apple.com/itunes-assets/AudioPreview211/v4/0a/7b/23/0a7b2301-138d-163a-8de8-79c51be47842/mzaf_13157584990167779773.plus.aac.p.m4a,611171963,30.02199546485261,120.18531976744184,57.0,1.8986079745009328,0.5017168772270814,0.0139999268290584,0.972853460040572,8.060756663670627,0.1881828159093856,0.0944230258464813,0.4900943636894226,1.6577587500033147e-05,-15.418497085571287,3.857629776000977,23.633052825927734,-20.01511001586914,-9.534797668457031,0.0,0.0311514374274942,0.0190249757296297,2275.1583306304096,1089.4994381216345,-0.0087296059782614,3644.9892765319096,1027.363474929845,5084.4006036107885,3066.431739647626,18.857718186285663,6.369250267495501,1.51539146900177,2.1121315956115723,0.0,0.1180577157709217,2.0,0.3772348031000215,0.4952925188709432,0.2954568564891815,0.3794909715652466,0.4703876078128814,0.4947008490562439,0.3961882293224334,0.6459824442863464,0.5272891521453857,0.3387023210525512,0.4155023396015167,0.6738921999931335,0.5077226161956787,0.3139464557170868,-203.95550537109375,124.7825927734375,26.95210075378418,66.14080810546875,17.784412384033203,18.589113235473633,15.832072257995604,9.659430503845217,-8.613676071166992,-19.48509979248047,-18.53474235534668,-1.22408127784729,1.7173770666122437,65.43164825439453,28.440309524536133,23.815813064575195,11.138799667358398,10.696611404418944,12.321149826049805,9.198955535888672,10.75010108947754,10.22581672668457,14.743086814880373,11.25816535949707,11.263253211975098,6.565550327301025,,,,0.0,,,,,,,,excluded_unverified_capture,Capture has not been verified for primary biometric training.,no,neutral,0,,0,0,0
pau,self_20260601_210739,clip_191,10,A Walk,Tycho,Electronic,medium,positive,relaxed,2026-06-01T21:16:33.854,2026-06-01T21:16:53.958,2026-06-01T21:16:56.075,2026-06-01T21:17:26.092,neutral,neutral,1,yes,human_rating_only,excluded_unverified_capture,Capture has not been verified for primary biometric training.,,,,Dive,https://audio-ssl.itunes.apple.com/itunes-assets/AudioPreview115/v4/fc/42/ed/fc42ed54-f3c4-f5a0-f5be-43c9b3fb2215/mzaf_1338879779032740875.plus.aac.p.m4a,679251628,29.92907029478458,139.6748310810811,36.0,1.2028439121369343,0.4285740200842241,0.007005364811114,0.983917134157308,2.67298647141541,0.1693132072687149,0.0479863993823528,0.3117648661136627,1.7807822939527454e-05,-15.748910903930664,2.342429876327514,15.144752502441406,-18.602670669555664,-12.69593620300293,0.0,0.0212870169462761,0.010975995891814,1164.9358000111242,669.710243440807,0.5438737588489196,2336.01564386997,600.4098170893776,1884.0633939827385,1795.9515024012728,16.57171482552815,4.870153295751149,1.0300759077072144,1.6401939392089844,1.0,0.0875390976787185,9.0,0.682033106809237,0.5944940091305184,0.2466643452644348,0.4296814799308777,0.2761404812335968,0.3790544867515564,0.6006778478622437,0.3756831288337707,0.272834450006485,0.2687016725540161,0.4247879385948181,0.6125664114952087,0.3386259973049164,0.1875128000974655,-244.5552215576172,196.89649963378903,35.25680160522461,26.62886428833008,1.9403467178344729,14.960088729858398,1.4852460622787476,-0.5008188486099243,-4.452335357666016,-4.786378860473633,-1.6275485754013062,1.8829295635223389,0.0499147325754165,84.64702606201172,27.51290702819824,42.778316497802734,23.846277236938477,12.261216163635254,9.621886253356934,10.366972923278809,8.441301345825195,8.975977897644043,8.109329223632812,7.5949788093566895,7.947551727294922,8.25991439819336,,,,0.0,,,,,,,,excluded_unverified_capture,Capture has not been verified for primary biometric training.,no,neutral,0,,0,0,0
pau,self_20260601_210739,clip_190,11,Archangel,Burial,Electronic,medium,negative,tense,2026-06-01T21:17:32.295,2026-06-01T21:17:52.304,2026-06-01T21:17:54.434,2026-06-01T21:18:24.479,neutral,neutral,1,yes,human_rating_only,excluded_unverified_capture,Capture has not been verified for primary biometric training.,,,,Untrue,https://audio-ssl.itunes.apple.com/itunes-assets/AudioPreview126/v4/ef/6e/fa/ef6efa09-ae7e-aec6-2eb2-6bd11b22703c/mzaf_18137613516381741140.plus.aac.p.m4a,893175788,30.0,135.99917763157896,66.0,2.2,0.4438583638583638,0.0261413341280461,0.9443801044127436,6.366666666666666,0.1821548342704773,0.0837672054767608,0.3674593865871429,1.5514440106463528e-05,-15.990017890930176,5.077941417694092,29.31433868408203,-22.128341674804688,-10.293156623840332,0.0,0.0272203569441756,0.0234998889900252,1636.9357077563857,955.91336582292,-0.1093495522790972,2380.0248016472733,808.5009552873521,3330.921525039909,2239.6344854960475,17.331243968995825,7.968585662367301,1.517972707748413,1.971577286720276,0.0,0.0842235093699961,0.0,0.4785924887729692,0.5628159981429653,0.5921970009803772,0.5013858675956726,0.506581723690033,0.5599400401115417,0.5532705187797546,0.5268658399581909,0.5060670375823975,0.5199503898620605,0.473270058631897,0.3891147077083587,0.4160961806774139,0.4964115917682647,-197.5158233642578,176.8637237548828,-12.651250839233398,46.765907287597656,6.602558612823486,6.175934791564941,2.5168371200561523,3.282994031906128,2.622938394546509,2.6255762577056885,0.6373016238212585,1.3001662492752075,-2.0671329498291016,67.18803405761719,33.061336517333984,32.2761344909668,24.767879486083984,18.93229866027832,16.118770599365234,11.847421646118164,10.11460781097412,10.664799690246582,9.39974308013916,7.921726226806641,7.324810028076172,8.449801445007324,,,,0.0,,,,,,,,excluded_unverified_capture,Capture has not been verified for primary biometric training.,no,neutral,0,,0,0,0
pau,self_20260601_210739,clip_189,12,So U Kno,Overmono,Electronic,high,positive,excited,2026-06-01T21:18:31.670,2026-06-01T21:18:51.684,2026-06-01T21:18:53.806,2026-06-01T21:19:23.808,positive,positive,1,yes,human_rating_only,excluded_unverified_capture,Capture has not been verified for primary biometric training.,,,,So U Kno - Single,https://audio-ssl.itunes.apple.com/itunes-assets/AudioPreview211/v4/aa/36/d6/aa36d65f-64ee-d29d-a4af-06b64df538d8/mzaf_1070248895046633374.plus.aac.p.m4a,1658771254,30.00018140589569,129.19921875,66.0,2.199986696981424,0.4579689516832374,0.0192158568109786,0.9597307867540557,4.799970975232198,0.1864387094974517,0.1663498878479004,0.5908148288726807,1.5796445493607234e-05,-18.83367919921875,9.730317115783691,80.0,-33.083961486816406,-6.84985876083374,0.0061895551257253,0.1119644961919729,0.0944016838911872,4090.455744944335,2215.470244487915,-0.3044369453769091,3562.6866741471135,942.1385253085108,7309.760260517408,3810.695898432016,19.16251631693359,10.480686461761705,1.919506311416626,3.783502101898194,0.0,0.2085001756194683,1.0,0.2131988216752476,0.421698997294716,0.6054949760437012,0.6850356459617615,0.6093155145645142,0.505741536617279,0.5324506759643555,0.457637071609497,0.3726753890514374,0.4864378273487091,0.5135905146598816,0.4557962417602539,0.4663277268409729,0.5545468330383301,-216.75914001464844,51.032615661621094,-28.49816513061523,53.033390045166016,-3.0113415718078613,2.688920736312866,0.9719305634498596,14.76009464263916,-0.6836209297180176,8.434661865234375,7.251794338226318,7.107975482940674,0.4076338112354278,107.8749771118164,63.67498397827149,46.142330169677734,35.15701675415039,27.602773666381836,15.90878677368164,19.200105667114254,15.174439430236816,17.79184913635254,11.690410614013672,13.49867820739746,10.983245849609377,10.75324535369873,,,,0.0,,,,,,,,excluded_unverified_capture,Capture has not been verified for primary biometric training.,no,positive,1,,0,0,1
pau,self_20260601_210739,clip_188,13,Epoch,Tycho,Electronic,medium,positive,relaxed,2026-06-01T21:19:30.804,2026-06-01T21:19:50.809,2026-06-01T21:19:52.933,2026-06-01T21:20:22.935,positive,positive,2,yes,human_rating_only,excluded_unverified_capture,Capture has not been verified for primary biometric training.,,,,Epoch,https://audio-ssl.itunes.apple.com/itunes-assets/AudioPreview115/v4/33/95/76/3395767c-5deb-be0d-1b4e-d5a63ba241cf/mzaf_6003793290416452509.plus.aac.p.m4a,1154578329,29.92907029478458,120.18531976744184,51.0,1.7040288755273238,0.4999256235827664,0.0042878398549028,0.991495983019436,7.517774450855841,0.2671557068824768,0.0670848935842514,0.3580416142940521,-1.821683264085254e-05,-11.752589225769045,2.2868335247039795,13.15078353881836,-14.671222686767578,-8.902151107788086,0.0,0.0322860350804887,0.0284897325969795,2399.513861042786,1585.9793395101678,0.1204544006583108,3459.246619641567,1152.667122208618,5044.649816354732,3697.7674086855727,18.987811046290705,6.261880788195364,1.4268754720687866,1.5500584840774536,0.0,0.1161806553533301,1.0,0.3117231096121642,0.4279037649654944,0.4727473855018616,0.6346631050109863,0.6217820048332214,0.6645585894584656,0.559481143951416,0.481281578540802,0.4515186846256256,0.4124846756458282,0.5274351835250854,0.5095983743667603,0.537181556224823,0.4800528287887573,-141.99232482910156,150.63064575195312,3.9036264419555664,33.00867462158203,1.5042496919631958,22.34238624572754,-1.162733793258667,13.79958438873291,0.4139858782291412,6.384580612182617,8.868254661560059,0.7976296544075012,1.5024464130401611,56.12925338745117,41.556915283203125,23.045289993286133,22.639429092407227,15.613481521606444,14.404138565063477,12.592052459716797,9.45651149749756,10.537351608276367,9.47599983215332,8.508783340454102,7.799126625061035,7.493086814880371,,,,0.0,,,,,,,,excluded_unverified_capture,Capture has not been verified for primary biometric training.,no,positive,1,,0,0,1
pau,self_20260601_210739,clip_187,14,Kusanagi,ODESZA,Electronic,low,positive,relaxed,2026-06-01T21:20:29.193,2026-06-01T21:20:49.266,2026-06-01T21:20:51.385,2026-06-01T21:21:21.386,neutral,neutral,1,yes,human_rating_only,excluded_unverified_capture,Capture has not been verified for primary biometric training.,,,,In Return,https://audio-ssl.itunes.apple.com/itunes-assets/AudioPreview221/v4/df/09/ff/df09ff63-963e-d0b2-ed2e-7d3ecca428a0/mzaf_2449223300455018209.plus.aac.p.m4a,897564302,30.00018140589569,93.9630681818182,41.0,1.3666584026702786,0.6394195011337869,0.0363808879322784,0.9461662222737756,4.833304107004644,0.0432313084602355,0.0388448052108287,0.1682882606983184,1.9144683454410953e-05,-31.47196578979492,9.401209831237791,80.0,-44.025272369384766,-19.95149803161621,0.0800773694390715,0.0328740782156673,0.0186380891742321,1460.1692706440876,656.4227348329222,0.0925148587080905,2187.5155234719723,579.7896725689875,2711.05109858559,1780.8209789704315,23.497319517459516,6.8833411471538755,0.7191083431243896,0.2699456512928009,1.0,0.1519745017285043,0.0,0.5594417788954749,0.4074672771669705,0.3612312078475952,0.1313067972660064,0.0672505870461463,0.1002843603491783,0.1986750960350036,0.2652017772197723,0.2554319500923157,0.4558660387992859,0.2845951020717621,0.3365019857883453,0.2339725047349929,0.3042750954627991,-405.7194519042969,146.3115997314453,0.8765179514884949,23.74810218811035,3.0479483604431152,-9.09455680847168,-3.05282211303711,-15.69815158843994,-14.079756736755373,-9.616063117980955,-14.987678527832031,-15.674333572387695,-8.144649505615234,67.88841247558594,37.515419006347656,25.30891990661621,13.009342193603516,9.435096740722656,8.621086120605469,8.803094863891602,8.713302612304688,8.353598594665527,10.23789119720459,10.123177528381348,9.726052284240724,8.542107582092285,,,,0.0,,,,,,,,excluded_unverified_capture,Capture has not been verified for primary biometric training.,no,neutral,0,,0,0,0
pau,self_20260601_210739,clip_186,15,Atlas,Lane 8,Dance,medium,positive,relaxed,2026-06-01T21:21:27.956,2026-06-01T21:21:47.959,2026-06-01T21:21:50.095,2026-06-01T21:22:20.104,positive,positive,1,yes,human_rating_only,excluded_unverified_capture,Capture has not been verified for primary biometric training.,,,,Little by Little,https://audio-ssl.itunes.apple.com/itunes-assets/AudioPreview125/v4/01/63/51/01635120-c956-6906-54c0-0866f8913689/mzaf_15334282776476339653.plus.aac.p.m4a,1495406711,29.92907029478458,123.046875,48.0,1.603791882849246,0.4915713803251798,0.0055014142978124,0.9889323769932228,6.61564151675314,0.3685786128044128,0.1027169376611709,0.5809609293937683,6.336200192020303e-05,-9.195670127868652,3.466413974761963,22.073549270629883,-13.312542915344238,-6.556054592132568,0.0,0.0107986296305275,0.0089649085571078,1486.273771623523,749.0601232070202,0.2072897569856114,3297.0369704099476,1081.1389390087186,2524.788948100514,2391.550429533894,17.006028333866077,4.823983274066213,1.2847024202346802,2.2124335765838623,1.0,0.0298955626384918,11.0,0.3829840395538624,0.3530884769153706,0.7275599241256714,0.6308135986328125,0.6159211993217468,0.6860858201980591,0.5899487733840942,0.564102828502655,0.5717763304710388,0.4677685499191284,0.5035090446472168,0.5420066118240356,0.7203617691993713,0.7863051295280457,-184.62696838378903,167.2983856201172,44.14106750488281,21.516918182373047,13.065117835998535,7.2571611404418945,9.061022758483888,3.7357099056243896,3.759463310241699,7.082032203674316,8.02286434173584,6.022434234619141,5.788425445556641,60.04939270019531,37.09636306762695,30.54519271850586,21.98240089416504,12.446351051330566,11.394214630126951,11.650123596191406,10.578354835510254,8.768476486206055,9.324515342712402,10.066433906555176,9.031780242919922,7.9660563468933105,,,,0.0,,,,,,,,excluded_unverified_capture,Capture has not been verified for primary biometric training.,no,positive,1,,0,0,1
pau,self_20260601_210739,clip_185,16,Kerala,Bonobo,Electronic,medium,positive,relaxed,2026-06-01T21:22:26.269,2026-06-01T21:22:46.289,2026-06-01T21:22:48.425,2026-06-01T21:23:18.449,positive,positive,1,yes,human_rating_only,excluded_unverified_capture,Capture has not been verified for primary biometric training.,,,,Migration,https://audio-ssl.itunes.apple.com/itunes-assets/AudioPreview221/v4/7b/50/f2/7b50f2d2-4ead-9f1c-986f-a780d26a9d12/mzaf_3026587138333977214.plus.aac.p.m4a,1169246072,30.0087074829932,126.04801829268293,63.0,2.099390653053082,0.4746982664033355,0.0239667909170203,0.951938098398534,5.531727752489073,0.2679620087146759,0.1244338899850845,0.6037728190422058,5.9871390093893355e-05,-12.431795120239258,4.3199639320373535,26.731529235839844,-17.67196273803711,-6.607776641845703,0.0,0.0395114920817214,0.022872022227951,2512.5326286774566,883.1254674294215,-0.1413593816101686,3317.346463029367,618.6233829498763,5238.824233861219,2088.5416342903686,18.360815980887555,6.470422049735783,1.2427544593811035,1.2101680040359497,0.0,0.1293872444727869,2.0,0.4957202320120035,0.6251074764847905,0.4338198602199554,0.464248925447464,0.679804265499115,0.4910189211368561,0.3591561615467071,0.4026002287864685,0.3764932155609131,0.4423187375068664,0.4112741351127624,0.5173752903938293,0.5610141754150391,0.4380790889263153,-110.47712707519533,138.7587432861328,-24.65128517150879,38.34054946899414,-0.8481528162956238,13.12228298187256,-18.198078155517575,5.445921421051025,-0.3420178890228271,-3.048898696899414,2.385589838027954,-0.1686171144247055,-1.4539692401885986,50.90102767944336,25.426528930664062,18.527135848999023,19.233745574951172,13.397990226745604,14.91896915435791,17.805591583251953,12.724820137023926,10.243159294128418,11.508413314819336,9.653666496276855,8.82737922668457,10.375025749206545,,,,0.0,,,,,,,,excluded_unverified_capture,Capture has not been verified for primary biometric training.,no,positive,1,,0,0,1
pau,self_20260601_210739,clip_184,17,Glue,Bicep,Electronic,medium,positive,relaxed,2026-06-01T21:23:23.651,2026-06-01T21:23:43.653,2026-06-01T21:23:45.776,2026-06-01T21:24:15.820,positive,positive,4,yes,human_rating_only,excluded_unverified_capture,Capture has not been verified for primary biometric training.,,,,Bicep,https://audio-ssl.itunes.apple.com/itunes-assets/AudioPreview211/v4/7c/9c/f6/7c9cf6b3-424a-3cce-96c3-c192b2f6e566/mzaf_4559815962369019993.plus.aac.p.m4a,1240586502,30.00371882086168,65.41732594936708,31.0,1.0332052564912588,0.9229931972789116,0.0093602629640109,0.989960606826544,6.832486373571228,0.1917367428541183,0.1120099350810051,0.491856187582016,3.9332274450176726e-05,-15.822933197021484,5.149141311645508,23.02457046508789,-22.789276123046875,-8.994141578674316,0.0,0.0568009928070599,0.0439789348599044,3105.9159681265414,1238.283469937257,-0.0860057412390441,3450.2737183399227,667.7397355870178,6941.163469384671,2291.038319936256,20.669679520085356,10.675474231694055,1.401068091392517,1.9991357326507568,0.0,0.2467807263155252,4.0,0.2867152867178661,0.5334960130333914,0.4877845048904419,0.4853390455245971,0.5487227439880371,0.5890249013900757,0.6790412068367004,0.602779746055603,0.664471447467804,0.6090923547744751,0.4644728302955627,0.4575258493423462,0.4765573143959045,0.5200509428977966,-145.66864013671875,113.93689727783205,-21.92420768737793,63.74284362792969,-2.723306655883789,30.854469299316406,-3.328479051589966,6.896529674530029,-2.5459659099578857,-6.862949371337891,-0.0410991162061691,0.2076772600412368,6.386807918548584,75.71037292480469,22.96525764465332,19.492876052856445,18.14801025390625,17.139196395874023,15.392759323120115,14.126823425292969,9.060307502746582,9.06414031982422,10.033833503723145,9.21379566192627,8.747812271118164,10.44240951538086,,,,0.0,,,,,,,,excluded_unverified_capture,Capture has not been verified for primary biometric training.,no,positive,1,,0,0,1
pau,self_20260601_210739,clip_183,18,Emerald Rush,Jon Hopkins,Electronic,high,positive,excited,2026-06-01T21:24:23.327,2026-06-01T21:24:43.447,2026-06-01T21:24:45.570,2026-06-01T21:25:15.582,positive,positive,1,yes,human_rating_only,excluded_unverified_capture,Capture has not been verified for primary biometric training.,,,,Singularity,https://audio-ssl.itunes.apple.com/itunes-assets/AudioPreview125/v4/40/83/bc/4083bc21-409c-f413-727e-b1ee98e2c206/mzaf_12159654791038693203.plus.aac.p.m4a,1349736993,29.92907029478458,107.666015625,53.0,1.7708535373127092,0.5633071690214547,0.0413300632737473,0.9316448589894828,6.448579862289677,0.057930365204811,0.0385370776057243,0.2263462096452713,-8.061354783601338e-06,-26.087337493896484,4.526932239532471,23.901573181152344,-31.25053596496582,-19.53609275817871,0.0,0.0278288113969162,0.0118643834642015,1119.7567065320509,339.2082064374978,0.2818252785306387,1600.634219147668,339.17985308970896,1833.6633367072343,682.9878545300662,18.630463290722513,7.158970035880222,0.9631264209747314,0.7610220313072205,0.0,0.0226559988033444,8.0,0.5115373072914627,0.5341933060948072,0.3147984147071838,0.3923336565494537,0.285130888223648,0.3286693692207336,0.3292437195777893,0.2833589017391205,0.378717839717865,0.4165164530277252,0.5591197609901428,0.3420297503471374,0.2326624691486358,0.3000633120536804,-307.00494384765625,191.9451141357422,3.74082088470459,-0.0560958087444305,5.221940994262695,-6.183578014373779,-1.8164812326431272,-2.637652635574341,-2.293694257736206,1.479894518852234,2.1016438007354736,-0.7264657616615295,-2.961043119430542,26.305984497070312,13.576212882995604,23.800609588623047,12.947667121887209,9.727681159973145,10.014872550964355,8.6862211227417,8.833209991455078,8.384161949157715,9.465330123901367,9.012908935546877,7.196534156799316,6.547776699066162,,,,0.0,,,,,,,,excluded_unverified_capture,Capture has not been verified for primary biometric training.,no,positive,1,,0,0,1
pau,self_20260601_210739,clip_182,19,Rebirth Of Slick (Cool Like Dat),Digable Planets,Hip-Hop/Rap,medium,positive,happy,2026-06-01T21:25:23.176,2026-06-01T21:25:43.181,2026-06-01T21:25:45.317,2026-06-01T21:26:15.328,neutral,neutral,2,yes,human_rating_only,excluded_unverified_capture,Capture has not been verified for primary biometric training.,,,,Reachin' (A New Refutation Of Time And Space),https://audio-ssl.itunes.apple.com/itunes-assets/AudioPreview221/v4/1d/70/8e/1d708e45-d1f3-e6e7-121c-97cd18bdee18/mzaf_14632389000309978879.plus.aac.p.m4a,725211798,30.01469387755102,99.38401442307692,45.0,1.4992656657963446,0.6103153988868275,0.0290141469022827,0.95461785382299,6.130330722367276,0.1163777112960815,0.0910077169537544,0.4247319102287292,-1.3899894456731932e-06,-20.40914726257324,4.994635105133057,24.898223876953125,-25.543758392333984,-10.861835479736328,0.0,0.02850157700116,0.027952299074451,2296.8500110880345,1250.9202263142136,0.0559653186629796,3349.09922977438,797.3987097440604,5062.2012534440255,2936.4980175707424,18.785152979711235,9.134011359459777,1.5628122091293335,2.0414891242980957,0.0,0.0647306581420367,2.0,0.2072435464199992,0.2719742045620359,0.5357598066329956,0.5481801629066467,0.5992075800895691,0.6463724374771118,0.6585749983787537,0.6514176726341248,0.5975964069366455,0.5782778859138489,0.5771776437759399,0.5933665037155151,0.5675995349884033,0.5436788201332092,-256.4151306152344,118.16080474853516,4.3581671714782715,54.759403228759766,18.489076614379883,28.338886260986328,9.891505241394045,11.955917358398438,11.659260749816896,10.2305326461792,5.203722953796387,4.56903076171875,-0.0027970257215201,74.16112518310547,30.37928771972656,31.39759826660156,21.815601348876953,21.44426155090332,14.369531631469728,16.378801345825195,12.847294807434082,9.87158203125,10.731040000915527,9.52386474609375,7.397357940673828,6.815794944763184,,,,0.0,,,,,,,,excluded_unverified_capture,Capture has not been verified for primary biometric training.,no,neutral,0,,0,0,0
pau,self_20260601_210739,clip_181,20,Gang Signs (feat. ScHoolboy Q),Freddie Gibbs,Hip-Hop/Rap,medium,negative,tense,2026-06-01T21:26:22.611,2026-06-01T21:26:42.622,2026-06-01T21:26:44.742,2026-06-01T21:27:14.798,neutral,neutral,1,yes,human_rating_only,excluded_unverified_capture,Capture has not been verified for primary biometric training.,,,,Gang Signs (feat. ScHoolboy Q) - Single,https://audio-ssl.itunes.apple.com/itunes-assets/AudioPreview115/v4/9c/cd/5f/9ccd5fcd-4dc2-605a-fdba-e091594f3456/mzaf_13830450201555714616.plus.aac.p.m4a,1549548181,29.92907029478458,120.18531976744184,59.0,1.971327522668865,0.499829541011807,0.0124638231588735,0.9756705356138072,5.680096251757746,0.3198819160461426,0.1713437587022781,0.7731426954269409,-1.56626804980975e-05,-11.63680934906006,6.237452983856201,36.24037170410156,-20.666746139526367,-4.9647603034973145,0.0,0.0489665786826027,0.0532919706443362,2889.3355953982946,1745.0613711534374,0.2489914076674521,3466.8945485088475,1168.754632809026,6057.503867611763,3555.147610012451,18.468076926841004,6.280155643647079,1.6523849964141846,2.084595203399658,0.0,0.1592948637989274,5.0,0.3663309217995928,0.5256257855985202,0.4914723634719848,0.4940028488636017,0.4676091372966766,0.5160820484161377,0.5010325908660889,0.5894140601158142,0.5622842907905579,0.5390995144844055,0.5270949006080627,0.4404068291187286,0.3831121027469635,0.3711515367031097,-118.24378204345705,127.63137817382812,-2.2645022869110107,33.02238464355469,-10.828546524047852,19.51856803894043,-1.963774800300598,7.9320831298828125,-6.691052436828613,4.628957748413086,2.2490811347961426,-6.203558444976807,-2.0813324451446533,86.48954772949219,43.42522811889648,32.489952087402344,25.24686813354492,20.44690322875977,16.88643455505371,13.364113807678224,13.2877836227417,15.501468658447266,11.309233665466309,11.222260475158691,12.663204193115234,10.7238130569458,,,,0.0,,,,,,,,excluded_unverified_capture,Capture has not been verified for primary biometric training.,no,neutral,0,,0,0,0
pau,self_20260601_210739,clip_180,21,Dance Now,JID & Kenny Mason,Hip-Hop/Rap,high,negative,tense,2026-06-01T21:27:21.939,2026-06-01T21:27:42.074,2026-06-01T21:27:44.196,2026-06-01T21:28:14.217,neutral,neutral,1,yes,human_rating_only,excluded_unverified_capture,Capture has not been verified for primary biometric training.,,,,The Forever Story,https://audio-ssl.itunes.apple.com/itunes-assets/AudioPreview221/v4/67/bf/c7/67bfc7c5-e85a-963f-2eae-81b731880794/mzaf_6449064193986064268.plus.aac.p.m4a,1790783327,30.014603174603177,135.99917763157896,59.0,1.965709813212616,0.4405786222534991,0.021388453233461,0.9537013471990068,4.99756732172699,0.2312779277563095,0.2126137763261795,0.7228880524635315,7.91789497314144e-05,-16.65837287902832,8.70814037322998,53.59260940551758,-26.24206161499023,-4.300734519958496,0.0054137664346481,0.062819856317672,0.0682725072726668,3221.0230714842733,1821.0270182530944,0.1919710398217,3699.5150555598384,903.8164411652676,6507.773641422564,3425.5603151243145,18.835523950224314,7.54549968637113,1.5015356540679932,1.762852907180786,0.0,0.1543121902788243,5.0,0.2145891341551664,0.3689013244339907,0.4883041083812713,0.4689106345176697,0.5220214128494263,0.583685040473938,0.6027778387069702,0.6780062913894653,0.6295058727264404,0.641045093536377,0.5861666202545166,0.5096457004547119,0.4292905032634735,0.4166625738143921,-173.14466857910156,109.34080505371094,-7.564306735992432,30.674238204956055,-7.182001113891602,18.08588981628418,-4.282561779022217,11.35287857055664,2.6150033473968506,1.1799989938735962,-2.333268404006958,6.010725975036621,-1.3206872940063477,73.44843292236328,41.77722930908203,32.140567779541016,29.537586212158203,24.662322998046875,18.570650100708008,21.4461612701416,14.151900291442873,14.780261039733888,15.068398475646973,12.746209144592283,12.579883575439451,13.066569328308104,,,,0.0,,,,,,,,excluded_unverified_capture,Capture has not been verified for primary biometric training.,no,neutral,0,,0,0,0
pau,self_20260601_210739,clip_179,22,DEVASTATED,Joey Bada$$,Hip-Hop/Rap,high,negative,tense,2026-06-01T21:28:20.237,2026-06-01T21:28:40.272,2026-06-01T21:28:42.352,2026-06-01T21:29:12.461,neutral,neutral,1,yes,human_rating_only,excluded_unverified_capture,Capture has not been verified for primary biometric training.,,,,ALL-AMERIKKKAN BADA$$,https://audio-ssl.itunes.apple.com/itunes-assets/AudioPreview115/v4/16/e7/12/16e71244-2f14-4f92-ff78-fb2aa08a30e4/mzaf_17395411500127318618.plus.aac.p.m4a,1504167055,29.92907029478458,112.34714673913044,48.0,1.603791882849246,0.5412225599459642,0.0451595630329089,0.9229861190114488,2.572749478737332,0.1033922284841537,0.0496516488492488,0.2802951633930206,3.774859265368873e-05,-21.004396438598633,6.699345588684082,80.0,-25.424543380737305,-15.005581855773926,0.0058184639255236,0.0329095501600077,0.0318734198038119,1312.7029173217295,1122.5297110478027,0.3931714254656446,1870.125973995816,943.4215057546032,2193.1291744448217,2394.437379214692,20.24096336918513,7.514518129310138,0.8960837125778198,0.986365020275116,0.0,0.0826082239384277,5.0,0.5546304675834156,0.6372386915218433,0.3810259997844696,0.4089419841766357,0.292268842458725,0.3186222612857818,0.331127405166626,0.4786769151687622,0.2531123459339142,0.1925968676805496,0.2777498662471771,0.2750367820262909,0.3652276992797851,0.2534606456756592,-314.5776672363281,177.99749755859375,31.35441017150879,3.0262815952301025,-23.783729553222656,-18.060970306396484,-29.64950942993164,-23.189884185791016,-12.761353492736816,-5.423492431640625,-8.195409774780273,-7.591739177703857,-6.999521255493164,102.5515365600586,39.5750617980957,44.30189895629883,37.76398468017578,30.8468017578125,33.15699005126953,18.76666831970215,15.582978248596191,14.147137641906738,15.314891815185549,11.427423477172852,9.011360168457031,9.750669479370115,,,,0.0,,,,,,,,excluded_unverified_capture,Capture has not been verified for primary biometric training.,no,neutral,0,,0,0,0
pau,self_20260601_210739,clip_178,23,Run The Jewels,Run The Jewels,Hip-Hop/Rap,medium,negative,sad,2026-06-01T21:29:18.905,2026-06-01T21:29:39.023,2026-06-01T21:29:41.150,2026-06-01T21:30:11.151,negative,negative,1,yes,human_rating_only,excluded_unverified_capture,Capture has not been verified for primary biometric training.,,,,Run The Jewels,https://audio-ssl.itunes.apple.com/itunes-assets/AudioPreview221/v4/22/b9/d2/22b9d20e-7a4d-dcf2-1bee-098dc3c8f0c8/mzaf_17704367826533409681.plus.aac.p.m4a,1863305830,30.00018140589569,151.99908088235293,43.0,1.4333246662151702,0.3947392290249433,0.0191275414592534,0.953783336031362,5.733298664860681,0.1802324652671814,0.1600222885608673,0.5651716589927673,0.0001616512463367,-23.30998992919922,17.582483291625977,80.0,-43.99853515625,-7.150608062744141,0.0920696324951644,0.0749833776595744,0.0761798872806122,3572.603182894205,1888.569146602308,-0.3613728365874744,3767.487856340809,1136.9676902982278,7487.357123428434,3706.4452355044714,19.16775598625542,10.608862613994798,1.2650419473648071,1.5147662162780762,1.0,0.081922395188107,3.0,0.4858103200540701,0.4038879248659631,0.4839489459991455,0.4865345358848572,0.5963059663772583,0.665930449962616,0.6137518882751465,0.5203863978385925,0.4936228692531585,0.640073299407959,0.5364093780517578,0.4299644231796264,0.4978494048118591,0.4905708730220794,-193.39842224121097,96.30720520019533,-12.876665115356444,22.462345123291016,-12.742731094360352,17.913433074951172,-3.64064884185791,11.381848335266112,-5.268130302429199,17.104110717773438,-6.938714981079102,0.9673518538475036,-0.0850189253687858,133.9121856689453,42.09907150268555,29.343833923339844,29.686166763305664,17.43331527709961,18.12278175354004,13.059072494506836,11.855097770690918,9.812233924865724,14.427258491516112,9.425629615783691,10.359606742858888,7.930385112762451,,,,0.0,,,,,,,,excluded_unverified_capture,Capture has not been verified for primary biometric training.,no,negative,-1,,0,0,0
pau,self_20260601_210739,clip_177,24,Point and Kill (feat. Obongjayar),Little Simz,Hip-Hop/Rap,high,negative,tense,2026-06-01T21:30:24.351,2026-06-01T21:30:44.446,2026-06-01T21:30:46.574,2026-06-01T21:31:16.584,neutral,neutral,1,yes,human_rating_only,excluded_unverified_capture,Capture has not been verified for primary biometric training.,,,,Sometimes I Might Be Introvert,https://audio-ssl.itunes.apple.com/itunes-assets/AudioPreview211/v4/ba/bc/c9/babcc926-74ed-25dd-0eab-4acb46489e1a/mzaf_6229760902578443955.plus.aac.p.m4a,1561184461,30.009886621315193,97.50884433962264,48.0,1.5994728872419974,0.6059420080088773,0.0292967078402948,0.9538807898364132,5.99802332715749,0.2446890622377395,0.0832397043704986,0.4945147633552551,-1.830852275089685e-05,-12.700273513793944,2.8605620861053467,19.06196975708008,-16.258567810058594,-9.044605255126951,0.0,0.0288004714700193,0.0237905764828682,2201.4714813054493,1246.152502108309,-0.1616970052114773,3565.5213372372236,958.1597881104168,4811.0007215606865,3490.000440721337,19.354293425621492,8.36566395177233,1.5988389253616333,2.3448002338409424,0.0,0.1207772264379906,4.0,0.1794120352231894,0.3001892616611801,0.3444944024085998,0.2960963249206543,0.3417756855487823,0.3883406221866607,0.4504702985286712,0.487734705209732,0.5250790119171143,0.5549983382225037,0.4925870895385742,0.4623390138149261,0.4219078123569488,0.4557191729545593,-187.06578063964844,128.82305908203125,39.56710433959961,59.67849349975586,-2.2184531688690186,24.222158432006836,4.894885063171387,16.775577545166016,5.378421306610107,8.560946464538574,-0.1028087958693504,3.4247865676879883,1.5573923587799072,84.9740219116211,30.602041244506836,28.29698944091797,20.06319046020508,22.65724754333496,15.580802917480469,11.260680198669434,11.82017993927002,9.95094394683838,13.682414054870604,10.067837715148926,10.714824676513672,9.797147750854492,,,,0.0,,,,,,,,excluded_unverified_capture,Capture has not been verified for primary biometric training.,no,neutral,0,,0,0,0
pau,self_20260601_210739,clip_176,25,Norf Norf,Vince Staples,Hip-Hop/Rap,high,negative,tense,2026-06-01T21:31:21.082,2026-06-01T21:31:41.207,2026-06-01T21:31:43.344,2026-06-01T21:32:13.350,neutral,neutral,1,yes,human_rating_only,excluded_unverified_capture,Capture has not been verified for primary biometric training.,,,,Summertime '06,https://audio-ssl.itunes.apple.com/itunes-assets/AudioPreview221/v4/05/2a/60/052a6047-6477-5603-75da-0dee9bda158f/mzaf_6662896450146292246.plus.aac.p.m4a,1442881982,30.000453514739228,50.17445388349515,24.0,0.7999879064564406,1.1998659173814452,0.0100450274632479,0.9916977133680386,3.633278408489668,0.2554859817028045,0.1252534538507461,0.6381404995918274,-4.601891711199023e-05,-12.73228359222412,3.843469619750977,21.306415557861328,-17.68280792236328,-7.557426452636719,0.0,0.0273182498186653,0.0301513478965395,1557.104110363527,1353.7006112502654,0.6923063655422931,2299.455277054105,1043.5490484203506,3007.9843901112185,2777.8839826733124,19.336010971884985,7.544460992598367,1.2201751470565796,1.7507798671722412,1.0,0.0341192404886973,1.0,0.3858682008748352,0.3517489603861379,0.6148460507392883,0.6347278952598572,0.5848444700241089,0.555832028388977,0.5910782217979431,0.6279804706573486,0.6362200975418091,0.6119716763496399,0.5733844637870789,0.5226583480834961,0.5348576307296753,0.5748156309127808,-205.7047576904297,148.2750244140625,11.707597732543944,39.24950408935547,16.323932647705078,12.823234558105469,3.766972064971924,9.0754976272583,4.359212398529053,-0.4928227365016937,5.443332672119141,4.433259963989258,2.4839389324188232,94.64036560058594,35.43490982055664,52.73551559448242,26.565900802612305,23.261585235595703,14.697671890258787,13.789770126342772,10.558930397033691,11.238609313964844,12.50617504119873,11.054512977600098,11.583477020263672,9.682631492614746,,,,0.0,,,,,,,,excluded_unverified_capture,Capture has not been verified for primary biometric training.,no,neutral,0,,0,0,0
pau,self_20260601_210739,clip_175,26,All Caps,Madvillain,Hip-Hop/Rap,medium,negative,tense,2026-06-01T21:32:18.742,2026-06-01T21:32:38.764,2026-06-01T21:32:40.901,2026-06-01T21:33:10.925,neutral,neutral,1,yes,human_rating_only,excluded_unverified_capture,Capture has not been verified for primary biometric training.,,,,Madvillainy Instrumentals,https://audio-ssl.itunes.apple.com/itunes-assets/AudioPreview115/v4/d3/e1/63/d3e163a7-e256-7267-1bf4-e2b86b8b90a1/mzaf_15689134880400181192.plus.aac.p.m4a,41655325,29.92907029478458,178.20581896551724,84.0,2.8066357949861804,0.3427041499330656,0.0090759966528691,0.974199804221606,4.744550986762353,0.2449406385421753,0.1010572239756584,0.5295475721359253,1.6105441442938857e-05,-14.783329963684082,12.706640243530272,78.6531982421875,-16.494548797607422,-8.106983184814453,0.0333591931730023,0.0568734014376454,0.15036017201444,2260.178793881169,2936.274734680535,-1.0566180779156995,2711.1880386232624,687.2865198660955,4033.925697912626,3723.2403697568034,18.923977814839617,10.391522567195736,1.1790907382965088,1.0979576110839844,1.0,0.1707190646488425,8.0,0.7068819728786454,0.5361629082298028,0.5020563006401062,0.5494717359542847,0.5107454657554626,0.5711593627929688,0.5209517478942871,0.4900723993778229,0.4844013154506683,0.4858291447162628,0.5595827698707581,0.4558512568473816,0.4531865119934082,0.4783456027507782,-150.15692138671875,166.10446166992188,-13.403736114501951,38.58036804199219,-0.0267830211669206,21.58717155456543,2.2922985553741455,8.17245101928711,4.287257671356201,1.7899895906448364,3.0811426639556885,0.6927606463432312,2.8298861980438232,73.33074951171875,40.030765533447266,21.65302467346191,15.706428527832031,11.011378288269045,10.587916374206545,7.543753147125244,8.234842300415039,8.6746826171875,7.903107166290283,8.809481620788574,8.242714881896973,8.054255485534668,,,,0.0,,,,,,,,excluded_unverified_capture,Capture has not been verified for primary biometric training.,no,neutral,0,,0,0,0
pau,self_20260601_210739,clip_174,27,Riot!,Earl Sweatshirt,Hip-Hop/Rap,low,negative,sad,2026-06-01T21:33:17.524,2026-06-01T21:33:37.641,2026-06-01T21:33:39.766,2026-06-01T21:34:09.777,neutral,neutral,1,yes,human_rating_only,excluded_unverified_capture,Capture has not been verified for primary biometric training.,,,,Some Rap Songs,https://audio-ssl.itunes.apple.com/itunes-assets/AudioPreview125/v4/21/2a/a2/212aa263-b28e-c439-8609-13843a610fd2/mzaf_7518029529303278121.plus.aac.p.m4a,1442400732,29.92907029478458,172.265625,81.0,2.7063988023081027,0.3539591836734693,0.0197705463222279,0.947099348177477,4.911612641225816,0.3181476294994354,0.1160179451107978,0.5571969151496887,-9.954232720853075e-05,-12.378983497619627,11.97330379486084,73.2625961303711,-15.307794570922852,-6.9861602783203125,0.0364623739332816,0.0645368411801784,0.1250161153242217,2477.8556540570794,2851.5072156713813,0.544034961756199,2449.2149913882545,882.9630186668213,4334.530215858951,3590.8446549130344,19.156138627195713,6.6178002181953035,0.9329314827919006,0.7084063291549683,0.0,0.1572053303900024,11.0,0.4481200758111208,0.6053254062011232,0.3891660273075104,0.3878709673881531,0.4847266674041748,0.3708336055278778,0.4964971840381622,0.3328853547573089,0.377310574054718,0.2479402720928192,0.2691347002983093,0.4135751128196716,0.4489645361900329,0.5801141858100891,-119.15367126464844,164.44760131835938,-46.5452880859375,47.2593994140625,-6.231746673583984,10.785611152648926,-2.1799912452697754,2.374786376953125,-2.231219530105591,-11.971464157104492,-0.5768756866455078,-6.137301445007324,7.913418292999268,110.7802734375,39.1558837890625,32.95036315917969,24.656888961791992,15.613862991333008,9.625202178955078,12.491247177124023,11.591763496398926,8.169304847717285,9.496232986450195,8.79038143157959,7.88322114944458,7.307806015014648,,,,0.0,,,,,,,,excluded_unverified_capture,Capture has not been verified for primary biometric training.,no,neutral,0,,0,0,0
pau,self_20260601_210739,clip_173,28,None Shall Pass,Aesop Rock,Hip-Hop/Rap,high,negative,tense,2026-06-01T21:34:15.175,2026-06-01T21:34:35.180,2026-06-01T21:34:37.322,2026-06-01T21:35:07.341,positive,positive,1,yes,human_rating_only,excluded_unverified_capture,Capture has not been verified for primary biometric training.,,,,None Shall Pass (Bonus Edition),https://audio-ssl.itunes.apple.com/itunes-assets/AudioPreview112/v4/98/9e/93/989e9370-7db4-6e9a-74dd-f84b7765c247/mzaf_12127818186791660818.plus.aac.p.m4a,1623690092,29.92907029478458,114.84375,57.0,1.9045028608834795,0.5172659540006478,0.0100352798685843,0.9809686015810216,5.479622266401591,0.2627117931842804,0.1122116446495056,0.5936427116394043,-8.317573062332471e-07,-12.366777420043944,3.625932931900024,19.667949676513672,-16.93316078186035,-7.670423030853272,0.0,0.0477595125824282,0.0297278336280796,2695.2850909274293,987.8664068195384,-0.269256423327859,3381.78662421488,628.3022789152798,5738.799097077434,2046.1710547063904,18.54007875574766,6.630777273818839,1.2172592878341677,0.949070692062378,1.0,0.0428149290248623,9.0,0.3852203042927429,0.3424053752678805,0.254958838224411,0.3299404680728912,0.4964028596878052,0.4303711950778961,0.587968111038208,0.4913573563098907,0.4657858908176422,0.3368460834026336,0.3167190253734588,0.3781515955924988,0.3072622120380401,0.3748068511486053,-98.1760482788086,141.21229553222656,-23.341537475585938,35.304649353027344,-19.68899154663086,14.195034980773926,-2.4952266216278076,6.181027889251709,0.1471035331487655,2.0314245223999023,5.427572250366211,1.9457305669784544,10.64163589477539,36.99813079833984,26.95323371887207,21.798038482666016,15.962896347045898,15.288020133972168,14.292746543884276,11.213218688964844,10.166386604309082,9.920419692993164,11.422647476196287,11.32997989654541,11.12911319732666,10.284723281860352,,,,0.0,,,,,,,,excluded_unverified_capture,Capture has not been verified for primary biometric training.,no,positive,1,,0,0,1
pau,self_20260601_210739,clip_172,29,Raydar,JID,Hip-Hop/Rap,high,negative,tense,2026-06-01T21:35:14.182,2026-06-01T21:35:34.284,2026-06-01T21:35:36.413,2026-06-01T21:36:06.414,negative,negative,1,yes,human_rating_only,excluded_unverified_capture,Capture has not been verified for primary biometric training.,,,,The Forever Story,https://audio-ssl.itunes.apple.com/itunes-assets/AudioPreview221/v4/79/8f/ba/798fba2f-45e3-534a-3595-b80c4b13923a/mzaf_1310724192152983713.plus.aac.p.m4a,1790783325,30.020680272108844,103.359375,43.0,1.4323459565288328,0.5724824532987798,0.0513300878292855,0.917715524384195,6.428901618838714,0.3814790546894073,0.1946846097707748,0.6024476885795593,-8.426005152838637e-05,-10.756636619567873,8.11313533782959,48.52727890014648,-22.0645694732666,-5.2478156089782715,0.0038669760247486,0.0302991166376643,0.0500154049321323,1980.256925687808,1522.2255831583789,-0.0920289009555666,2830.6619592499637,1118.0812120749451,4156.291237674014,3266.478988383067,18.343072174988315,9.03184577884789,1.5091838836669922,1.6434552669525146,0.0,0.0076562984253043,2.0,0.2219774298823003,0.2296337283076047,0.699455201625824,0.7158694863319397,0.7229243516921997,0.7235708236694336,0.7237826585769653,0.7238832712173462,0.6848843097686768,0.6599389910697937,0.6296468377113342,0.6191420555114746,0.6102530360221863,0.6183165907859802,-174.45040893554688,145.8778839111328,1.5303908586502075,39.37236022949219,4.599398612976074,23.63754653930664,1.198808670043945,16.980985641479492,3.715399980545044,5.9633049964904785,7.5525102615356445,5.768417835235596,-2.441549301147461,74.68515014648438,43.38750457763672,38.19664001464844,28.188129425048828,23.19331932067871,21.026363372802734,18.550277709960938,14.863842010498049,13.327781677246094,13.316368103027344,12.287351608276367,12.73537826538086,12.450529098510742,,,,0.0,,,,,,,,excluded_unverified_capture,Capture has not been verified for primary biometric training.,no,negative,-1,,0,0,0
pau,self_20260601_210739,clip_171,30,Walkin,Denzel Curry,Hip-Hop/Rap,medium,negative,tense,2026-06-01T21:36:11.586,2026-06-01T21:36:31.591,2026-06-01T21:36:33.711,2026-06-01T21:37:03.723,neutral,neutral,1,yes,human_rating_only,excluded_unverified_capture,Capture has not been verified for primary biometric training.,,,,Walkin - Single,https://audio-ssl.itunes.apple.com/itunes-assets/AudioPreview211/v4/30/5a/f3/305af32f-198d-6a9c-ec83-6ef66c3306eb/mzaf_14036894059660830860.plus.aac.p.m4a,1856377098,30.020861678004536,135.99917763157896,68.0,2.265091546316998,0.4371936237181439,0.0174354289742847,0.9616491095959931,5.063145809414466,0.1141567602753639,0.0667095407843589,0.4675520360469818,-2.212896757747047e-06,-20.063251495361328,4.4395647048950195,30.454307556152344,-24.778823852539062,-13.086164474487305,0.0,0.0574955892304717,0.0369636594578775,2942.3112648216033,1140.9336848063845,-0.0235370612111175,3588.483804962456,624.0232452151506,6213.469878371519,2356.8601676016283,20.084398871651555,6.990984693479195,1.2805209159851074,1.2940906286239624,1.0,0.0933721503765547,7.0,0.4093545419012769,0.3159823915247222,0.386780321598053,0.3180409669876098,0.3180020153522491,0.2844263315200805,0.2567797601222992,0.2514014840126037,0.3525554537773132,0.5158034563064575,0.4681039750576019,0.4861612021923065,0.3606272339820862,0.3917515873908996,-187.9905242919922,129.33436584472656,-2.89355993270874,34.65705490112305,-17.402082443237305,26.659923553466797,-2.3792598247528076,4.0206685066223145,11.254651069641112,-0.5818162560462952,-4.298676490783691,1.2761348485946655,-0.0805994719266891,59.18335723876953,27.64876937866211,27.431028366088867,22.225120544433594,18.6433162689209,11.755867004394531,14.41718578338623,10.485240936279297,11.06113624572754,9.754143714904783,9.563673973083496,8.475011825561523,8.383454322814941,,,,0.0,,,,,,,,excluded_unverified_capture,Capture has not been verified for primary biometric training.,no,neutral,0,,0,0,0
pau,self_20260601_210739,clip_170,31,"Symphony No. 7 in A Major, Op. 92: II. Allegretto",London Symphony Orchestra & Josef Krips,Classical,medium,negative,tense,2026-06-01T21:37:08.933,2026-06-01T21:37:28.941,2026-06-01T21:37:31.058,2026-06-01T21:38:01.152,negative,negative,5,yes,human_rating_only,excluded_unverified_capture,Capture has not been verified for primary biometric training.,,,,Beethoven: The Complete Symphony Collection,https://audio-ssl.itunes.apple.com/itunes-assets/AudioPreview115/v4/2d/dd/1d/2ddd1d0e-6e38-88d0-786f-8d427ad40f32/mzaf_15650359682586249842.plus.aac.p.m4a,288462139,29.92907029478458,126.04801829268293,63.0,2.104976846239635,0.4645863506693,0.0260853402280589,0.9468374868328902,5.746920913543131,0.0057089393958449,0.0062224739231169,0.0315378382802009,-4.364536791428033e-06,-48.194332122802734,7.595595359802246,63.44185256958008,-56.11021041870117,-38.29191589355469,0.7482544608223429,0.0330872102889837,0.0462152659176134,2619.923084976093,1428.966044843936,0.2022226260718617,4608.08334202691,1239.5253725487446,5578.828613660056,4552.8564694232855,17.757595259864665,5.634702437530765,0.8578450083732605,0.3023257553577423,1.0,0.0445869243627381,4.0,0.5814107863762348,0.5368238620134966,0.3818598389625549,0.2863084971904754,0.2820517122745514,0.4018724262714386,0.6149531602859497,0.4347988665103912,0.3801499307155609,0.4875007569789886,0.5002264976501465,0.5262389183044434,0.4574772417545318,0.4500536024570465,-552.3597412109375,153.2558135986328,47.636959075927734,-1.924337387084961,22.07662582397461,23.4598445892334,-1.7059415578842163,-0.3809710144996643,-6.028456687927246,-2.108561754226685,-5.009959697723389,3.2452006340026855,-3.89982008934021,58.198211669921875,31.715953826904297,28.168615341186523,9.817248344421388,9.763439178466797,11.064939498901367,7.391243934631348,7.983425140380859,9.81014347076416,10.159798622131348,6.584437370300293,6.10960054397583,6.777551651000977,,,,0.0,,,,,,,,excluded_unverified_capture,Capture has not been verified for primary biometric training.,no,negative,-1,,0,0,0
pau,self_20260601_210739,clip_169,32,"Cello Suite No. 2 in D Minor, BWV 1008: I. Prelude",Jörg Baumann,Classical,medium,negative,tense,2026-06-01T21:38:14.011,2026-06-01T21:38:34.016,2026-06-01T21:38:36.156,2026-06-01T21:39:06.169,positive,positive,2,yes,human_rating_only,excluded_unverified_capture,Capture has not been verified for primary biometric training.,,,,Bach: Cello Suites,https://audio-ssl.itunes.apple.com/itunes-assets/AudioPreview115/v4/73/4d/9b/734d9b01-62f7-3a7e-4fce-843155d3d0b3/mzaf_16044508527916300524.plus.aac.p.m4a,353570089,29.92907029478458,90.66611842105264,34.0,1.1360192503515492,0.6491032776747063,0.064696166686225,0.9093636634248884,3.5082947437327254,0.0442356206476688,0.0346981771290302,0.1535623222589492,2.9434256500347624e-05,-43.77618789672851,31.17443466186523,80.0,-96.27430725097656,-20.941436767578125,0.2626066718386346,0.0165490978350465,0.0128296218341153,838.7376174997571,585.8018705731191,0.4668719586969871,1326.6143713715055,865.4098443263036,1480.1529581737295,1150.4871788487667,20.498179576256938,6.585616860764707,0.579283595085144,0.4714652299880981,1.0,0.0327654605660113,10.0,0.3700874245323406,0.3373219639663293,0.1469290405511856,0.1710853725671768,0.2066052556037902,0.1737267524003982,0.2751241028308868,0.3071070909500122,0.2453524768352508,0.2507835626602173,0.2255284041166305,0.2310470193624496,0.2708745300769806,0.190713495016098,-418.6618041992187,139.749755859375,-9.51925277709961,3.389133930206299,14.25040340423584,10.203160285949709,-7.846214294433594,-12.238533973693848,-2.095386505126953,2.1475117206573486,-1.6914342641830444,-8.102958679199219,-4.883915424346924,126.76018524169922,85.8033447265625,19.95757293701172,12.14500904083252,12.748114585876465,8.698830604553223,7.281543731689453,9.870646476745604,5.7890191078186035,5.83704137802124,5.038119316101074,7.440061569213867,5.87080717086792,,,,0.0,,,,,,,,excluded_unverified_capture,Capture has not been verified for primary biometric training.,no,positive,1,,0,0,1
pau,self_20260601_210739,clip_168,33,"Sicilienne, Op. 78",Yo-Yo Ma & Kathryn Stott,Classical,low,positive,relaxed,2026-06-01T21:39:15.042,2026-06-01T21:39:35.062,2026-06-01T21:39:37.194,2026-06-01T21:40:07.208,positive,positive,2,yes,human_rating_only,excluded_unverified_capture,Capture has not been verified for primary biometric training.,,,,Merci,https://audio-ssl.itunes.apple.com/itunes-assets/AudioPreview221/v4/be/6d/57/be6d57b6-4968-d6a4-81d7-ead0b917fefc/mzaf_15232409822569512815.plus.aac.p.m4a,1766801454,30.018979591836736,117.45383522727272,50.0,1.6656129115593536,0.5068110509509927,0.0259661041777494,0.9512627297777532,2.298545817951908,0.0278256051242351,0.0185823589563369,0.1053555458784103,3.379426071789065e-06,-32.97517395019531,5.916562557220459,33.41587829589844,-40.38445663452149,-25.206356048583984,0.0409899458623356,0.0230270114317478,0.0077530344196735,1001.3586489220132,360.2661197986234,0.0846469369945256,1821.7199540582503,553.1417149469074,1511.7957307678364,720.883040147713,19.682533828351012,6.552576618963289,0.7631457448005676,0.4212337434291839,0.0,0.2895548083521528,7.0,0.4379623019930637,0.7275171103452165,0.1953512877225875,0.2460335195064544,0.3266815543174743,0.3204738199710846,0.2310451567173004,0.2442031651735305,0.3087420761585235,0.5513883233070374,0.4129651486873626,0.3695460855960846,0.4185889065265655,0.2532718479633331,-419.8481750488281,191.1648712158203,21.881637573242188,11.994269371032717,16.067739486694336,4.22071647644043,-5.870408058166504,-3.419149160385132,-6.979038238525391,-7.648322105407715,-4.170783519744873,-6.037139892578125,-8.223042488098145,74.30994415283203,23.113779067993164,29.47779083251953,14.20213508605957,9.568285942077637,8.946311950683594,8.58772087097168,6.282005310058594,6.181225299835205,6.252335548400879,7.087270259857178,6.760854244232178,7.33204174041748,,,,0.0,,,,,,,,excluded_unverified_capture,Capture has not been verified for primary biometric training.,no,positive,1,,0,0,1
pau,self_20260601_210739,clip_167,34,The Lark Ascending,Sir Andrew Davis & BBC Symphony Orchestra,Classical,low,positive,relaxed,2026-06-01T21:40:15.610,2026-06-01T21:40:35.613,2026-06-01T21:40:37.747,2026-06-01T21:41:07.753,positive,positive,3,yes,human_rating_only,excluded_unverified_capture,Capture has not been verified for primary biometric training.,,,,40 Most Beautiful Violin Classics,https://audio-ssl.itunes.apple.com/itunes-assets/AudioPreview125/v4/c1/31/7f/c1317f75-a59e-43f8-a471-18f0e6d70ec4/mzaf_15868063259576989728.plus.aac.p.m4a,445272551,29.92907029478458,101.33272058823528,50.0,1.6706165446346313,0.5864223240316535,0.054411272698128,0.9150929773722968,10.19076092227125,0.0045935753732919,0.0020542182028293,0.0126947350800037,-3.242195427465706e-07,-48.087833404541016,7.01080322265625,62.072471618652344,-51.87347412109375,-42.48716735839844,0.7633824670287044,0.0233232899170868,0.0154179480630075,975.8629413399206,314.4102886135805,0.2527119252395043,1788.6786255347486,416.1946355946348,1670.819532159135,763.7677216402823,17.63409446406082,5.965362152096916,0.8317224979400635,0.2417747378349304,1.0,0.0319362080684071,2.0,0.5179685935728083,0.4860323855044011,0.4171832501888275,0.4858397841453552,0.6190504431724548,0.4948977530002594,0.3851018846035003,0.3333697617053985,0.4035938084125519,0.3010732531547546,0.2902572154998779,0.458268254995346,0.3728573024272918,0.4827344715595245,-585.3929443359375,189.91795349121097,6.715377330780029,20.42258071899414,19.105310440063477,14.04572296142578,5.276731491088867,1.4400774240493774,4.284736633300781,0.9328690767288208,3.151587724685669,-4.223366737365723,-5.1944122314453125,55.32918548583984,32.8522834777832,25.23467063903809,8.175719261169434,7.685429096221924,6.517477989196777,6.934507846832275,7.580986022949219,5.9764814376831055,5.5197224617004395,5.246807098388672,6.317232608795166,6.938066482543945,,,,0.0,,,,,,,,excluded_unverified_capture,Capture has not been verified for primary biometric training.,no,positive,1,,0,0,1
pau,self_20260601_210739,clip_166,35,"Prélude in G Minor, Op. 23 No. 5",Sergei Rachmaninoff,Classical,high,negative,tense,2026-06-01T21:41:14.882,2026-06-01T21:41:34.907,2026-06-01T21:41:37.025,2026-06-01T21:42:07.044,neutral,neutral,2,yes,human_rating_only,excluded_unverified_capture,Capture has not been verified for primary biometric training.,,,,Rachmaninov Plays Rachmaninov (The Ampico Piano Recordings),https://audio-ssl.itunes.apple.com/itunes-assets/AudioPreview125/v4/92/5a/38/925a3897-7026-0510-83a4-5316aa0bcb37/mzaf_9903901518119841428.plus.aac.p.m4a,1440566050,29.92907029478458,107.666015625,53.0,1.7708535373127092,0.5624140938426652,0.048856089663534,0.9200744760961524,4.310190685157349,0.0627869665622711,0.0294994935393333,0.1860336512327194,-2.941815314324897e-06,-25.093090057373047,4.506086349487305,26.884920120239254,-31.68942070007324,-19.874916076660156,0.0,0.0281407583397982,0.0064643729579476,851.3260412788297,109.636534273067,-0.0454464459578286,1000.689692782635,115.46793434286772,1463.97382145801,180.00566956548,18.555331885948068,6.968401744315362,0.6870970129966736,0.6852900981903076,0.0,0.2109205082160901,7.0,0.4569918622979736,0.6679123705140637,0.3076687157154083,0.2760069072246551,0.4478462040424347,0.3137736916542053,0.205364391207695,0.2640146613121032,0.3136602938175201,0.3971354067325592,0.3447602391242981,0.4506811797618866,0.4748807847499847,0.3195719420909881,-319.0050048828125,238.5515899658203,3.897195816040039,-22.30472755432129,14.786444664001465,3.144747734069824,-6.3828654289245605,-3.85027527809143,-4.506088733673096,-6.911714553833008,-7.158308506011963,-3.1987991333007812,-1.0732569694519043,39.319053649902344,16.366167068481445,19.43907165527344,8.252769470214844,7.949447154998779,9.793646812438965,6.77066707611084,6.45404577255249,7.009801864624023,5.814081192016602,6.0706562995910645,5.847286224365234,6.370826244354248,,,,0.0,,,,,,,,excluded_unverified_capture,Capture has not been verified for primary biometric training.,no,neutral,0,,0,0,0
pau,self_20260601_210739,clip_165,36,Gnossienne No. 3,Kai Schumacher,Minimalism,low,negative,sad,2026-06-01T21:42:16.488,2026-06-01T21:42:36.556,2026-06-01T21:42:38.687,2026-06-01T21:43:08.704,negative,negative,4,yes,human_rating_only,excluded_unverified_capture,Capture has not been verified for primary biometric training.,,,,Beauty In Simplicity,https://audio-ssl.itunes.apple.com/itunes-assets/AudioPreview211/v4/fd/73/2c/fd732c0a-b7bf-1cb1-9cc4-408086992270/mzaf_12476698175847777609.plus.aac.p.m4a,1270113647,30.0,191.40625,85.0,2.8333333333333335,0.3129165316920418,0.0154007878153943,0.953091759403678,1.9,0.0256590619683265,0.0127388630062341,0.0702067017555236,5.690039002032039e-06,-33.029640197753906,4.885100364685059,25.712993621826172,-39.85172271728515,-27.243791580200195,0.0255417956656346,0.0175284276436726,0.0059925932612673,686.0525510434633,157.53341097750874,-0.087764263090755,1743.5573806985042,470.9216266515013,733.6788968774188,152.0897614350585,19.908309334898135,6.099108343401653,0.4061339795589447,0.5153994560241699,0.0,0.1536631539628644,9.0,0.1941061226334934,0.3477692765963578,0.3723460435867309,0.3097326159477234,0.3603264987468719,0.2607268691062927,0.2744157612323761,0.2980629801750183,0.2970013320446014,0.3104042410850525,0.4093088507652282,0.4773031771183014,0.4392825365066528,0.4624077677726745,-505.0047302246094,206.26248168945312,89.39202880859375,15.991029739379885,2.911212921142578,1.1186776161193848,-4.0594000816345215,-7.337350845336914,-4.193665027618408,-2.0639054775238037,-3.0900561809539795,-3.903491497039795,-5.318500518798828,36.90871810913086,25.92475128173828,17.100242614746094,17.901628494262695,8.434242248535156,7.918206214904785,8.454537391662598,7.134173393249512,5.353970527648926,5.71414041519165,6.7389235496521,8.06064510345459,8.434322357177734,,,,0.0,,,,,,,,excluded_unverified_capture,Capture has not been verified for primary biometric training.,no,negative,-1,,0,0,0
pau,self_20260601_210739,clip_164,37,Fantasia on a Theme by Thomas Tallis,London Philharmonic Orchestra & Sir Roger Norrington,Classical,low,negative,sad,2026-06-01T21:43:16.463,2026-06-01T21:43:36.471,2026-06-01T21:43:38.600,2026-06-01T21:44:08.617,neutral,neutral,2,yes,human_rating_only,excluded_unverified_capture,Capture has not been verified for primary biometric training.,,,,Sleep: 111 Pieces of Classical Music for Bedtime,https://audio-ssl.itunes.apple.com/itunes-assets/AudioPreview221/v4/c5/8f/d1/c58fd129-e781-7bf7-54be-250b583fa915/mzaf_12487767423588935555.plus.aac.p.m4a,1440839319,30.000453514739228,77.1338619402985,13.0,0.4333267826639053,0.7227210884353741,0.0478984854329335,0.9378441879013067,9.233193753684752,0.0074152816087007,0.0062605552375316,0.0584794916212558,1.558581240798925e-06,-44.30146789550781,5.052742958068848,32.95256042480469,-50.27997970581055,-38.044342041015625,0.4746615087040619,0.0292819526716634,0.0201763629103577,1394.1227235322742,468.37215820865697,0.3176255055359462,2260.7942536022015,380.6279453736284,2610.4406431334623,789.3436755622639,19.6320870323892,5.7621943152005715,0.8027819991111755,0.2236384749412536,1.0,0.1284867181095204,2.0,0.784043162141432,0.6555564440319116,0.3077682554721832,0.4155502021312713,0.6785629987716675,0.3875332474708557,0.3281282782554626,0.3652458488941192,0.4091602861881256,0.4661907851696014,0.4072438478469848,0.4995273351669311,0.3779879212379455,0.2968955934047699,-516.859619140625,134.79006958007812,-4.297412395477295,13.506628036499023,29.487943649291992,12.31950855255127,3.5456953048706055,4.8899993896484375,5.042729377746582,3.512951374053955,1.0049552917480469,1.36225426197052,4.025933742523193,65.23936462402344,32.44429397583008,24.81494903564453,10.191441535949709,10.893953323364258,9.671564102172852,7.631434440612793,9.911141395568848,8.757529258728027,6.2220458984375,6.917848110198975,6.6385817527771,6.151092529296875,,,,0.0,,,,,,,,excluded_unverified_capture,Capture has not been verified for primary biometric training.,no,neutral,0,,0,0,0
pau,self_20260601_210739,clip_163,38,"String Quartet No. 8 in C Minor, Op. 110: II. Allegro molto",Emerson String Quartet,Classical,high,negative,tense,2026-06-01T21:44:17.315,2026-06-01T21:44:37.409,2026-06-01T21:44:39.531,2026-06-01T21:45:09.551,negative,negative,3,yes,human_rating_only,excluded_unverified_capture,Capture has not been verified for primary biometric training.,,,,Shostakovich: The String Quartets,https://audio-ssl.itunes.apple.com/itunes-assets/AudioPreview211/v4/e5/05/99/e50599f4-c23a-4034-6b05-b8bb52138325/mzaf_15632765322212059069.plus.aac.p.m4a,1452147266,30.009795918367345,132.51201923076923,58.0,1.932702246885371,0.4705096073517126,0.0286955723526672,0.9425174787455926,7.830776345139003,0.0818836316466331,0.0410387851297855,0.226170003414154,-2.965964855040187e-05,-22.982341766357425,4.941315174102783,26.818286895751953,-29.937559127807617,-17.511276245117188,0.0,0.0496837977514506,0.0157300228488353,2021.479313902047,474.2413376789729,-0.0299165973157594,2779.4111622990595,463.7413541531961,3488.4705369015956,882.2556625328829,18.297400784554412,5.659632156280908,1.1645132303237915,0.7133044600486755,0.0,0.0573263844720892,7.0,0.3786877242797408,0.4360141087518301,0.3726039826869964,0.2876335680484772,0.2677913308143616,0.2791416347026825,0.2778210341930389,0.2326518446207046,0.4291208386421203,0.5682287216186523,0.4264290034770965,0.4831695854663849,0.3733789324760437,0.31162229180336,-210.4542999267578,173.1736602783203,-36.252384185791016,7.744368076324463,1.5712065696716309,1.455114483833313,-10.46696949005127,-4.81901216506958,-8.947173118591309,-2.2903494834899902,-1.688385009765625,0.7790139317512512,-7.292016506195068,52.18489074707031,23.98200798034668,12.53111457824707,8.41724967956543,9.897818565368652,9.420116424560549,7.173098087310791,7.664502620697021,6.603532791137695,6.785194396972656,6.6231913566589355,7.887278079986572,7.178155899047852,,,,0.0,,,,,,,,excluded_unverified_capture,Capture has not been verified for primary biometric training.,no,negative,-1,,0,0,0
pau,self_20260601_210739,clip_162,39,Spiegel im spiegel,Angèle Dubeau & La Pietà,Classical,low,positive,relaxed,2026-06-01T21:45:18.101,2026-06-01T21:45:38.211,2026-06-01T21:45:40.333,2026-06-01T21:46:10.333,negative,negative,5,yes,human_rating_only,excluded_unverified_capture,Capture has not been verified for primary biometric training.,,,,Pärt: Portrait,https://audio-ssl.itunes.apple.com/itunes-assets/AudioPreview221/v4/64/68/52/6468526e-f789-71fc-c537-6ea4b041f40e/mzaf_10236163795184120551.plus.aac.p.m4a,356926261,30.00018140589569,92.28515625,44.0,1.466657797987616,0.6488087327954438,0.0199068543978851,0.9702312092328575,2.3666523558436534,0.0200281143188476,0.0082880724221467,0.0526047460734844,1.556385265548237e-06,-34.99506759643555,5.298190593719482,74.42050170898438,-39.834529876708984,-30.09669303894043,0.0216634429400386,0.0206746025749516,0.0168819123261375,1383.857887521027,458.5129023346329,0.0105940748481856,3518.9299817208466,785.4409503480488,1591.36618638177,1455.3811141612962,20.115976807153142,6.7474879956821185,0.745979905128479,0.3864838182926178,1.0,0.0001294859015538,5.0,0.6917559638966813,0.6916264779951274,0.3832683861255646,0.3132696449756622,0.2145950496196746,0.1991695910692215,0.3017194271087646,0.500950813293457,0.3168104887008667,0.2923942506313324,0.2888182699680328,0.5763047337532043,0.3122625052928924,0.2241923511028289,-512.1603393554688,168.74229431152344,45.40401840209961,13.882620811462402,21.582609176635746,-17.583171844482422,-2.817941427230835,-10.113893508911133,10.553322792053224,5.246794700622559,20.880475997924805,8.103839874267578,9.890695571899414,70.4352035522461,33.8809814453125,41.97758865356445,11.060647010803224,13.299588203430176,9.208510398864746,8.2230224609375,8.149491310119629,8.456747055053711,8.223254203796387,7.854659080505371,9.288374900817873,10.67147159576416,,,,0.0,,,,,,,,excluded_unverified_capture,Capture has not been verified for primary biometric training.,no,negative,-1,,0,0,0
pau,self_20260601_210739,clip_161,40,Pavane pour une infante défunte (Arr. Linos Piano Trio),Linos Piano Trio,Classical,low,negative,sad,2026-06-01T21:46:16.835,2026-06-01T21:46:36.850,2026-06-01T21:46:38.987,2026-06-01T21:47:09.000,positive,positive,5,yes,human_rating_only,excluded_unverified_capture,Capture has not been verified for primary biometric training.,,,,Ravel: In Search of Lost Dance,https://audio-ssl.itunes.apple.com/itunes-assets/AudioPreview116/v4/cb/08/7d/cb087d0b-ad9c-2651-d12a-daf05e326ee1/mzaf_7709635850498123522.plus.aac.p.m4a,1675148375,29.92907029478458,99.38401442307692,31.0,1.0357822576734714,0.619198790627362,0.0362624693506436,0.9446764110027488,1.7374412064200164,0.0246908012777566,0.0200519021600484,0.1094086244702339,-1.0828405507987503e-05,-34.56974411010742,6.445659160614014,29.996849060058594,-42.64163589477539,-25.214712142944336,0.0418929402637703,0.0277390343168153,0.015481010123802,1110.8729828443277,451.14143240751895,0.0622015639274919,1852.7051966901531,638.2957566602934,1825.661471465283,1025.639692121758,20.554005152382487,6.7208006071612205,0.6734423041343689,0.3661211133003235,0.0,0.18954176789575,4.0,0.4514497666068393,0.6409915345025894,0.3659294545650482,0.2478500604629516,0.2626164853572845,0.2273374646902084,0.3804682195186615,0.2528648674488067,0.3121588230133056,0.3240871727466583,0.1752484291791916,0.2267219275236129,0.3359826803207397,0.484505295753479,-430.9234924316406,178.19834899902344,21.582490921020508,13.823700904846191,15.50338363647461,-1.5436651706695557,-8.152566909790039,-7.17752742767334,-7.372166633605957,-3.140467405319214,-4.234689235687256,-7.432209014892578,-5.551703929901123,64.81895446777344,35.23809051513672,25.72104263305664,14.270736694335938,8.536590576171875,11.380115509033203,9.584421157836914,8.994963645935059,7.517322540283203,8.197309494018555,8.327607154846191,8.543432235717773,8.40965461730957,,,,0.0,,,,,,,,excluded_unverified_capture,Capture has not been verified for primary biometric training.,no,positive,1,,0,0,1
pau,self_20260601_210739,clip_160,41,In a Sentimental Mood,Duke Ellington & John Coltrane,Jazz,low,positive,relaxed,2026-06-01T21:47:21.259,2026-06-01T21:47:41.387,2026-06-01T21:47:43.516,2026-06-01T21:48:13.528,negative,negative,4,yes,human_rating_only,excluded_unverified_capture,Capture has not been verified for primary biometric training.,,,,Duke Ellington & John Coltrane,https://audio-ssl.itunes.apple.com/itunes-assets/AudioPreview211/v4/ec/10/a3/ec10a360-882f-f524-cd99-c9b47242c511/mzaf_9079424449416004.plus.aac.p.m4a,1440810227,30.000453514739228,99.38401442307692,50.0,1.6666414717842513,0.5871331389698737,0.0380387470675997,0.9391547382133564,4.133270850024943,0.1178679317235946,0.0453817956149578,0.2358999699354171,-8.421341067017026e-06,-19.28862953186035,3.669214963912964,19.415382385253903,-24.394041061401367,-14.881348609924316,0.0,0.0289710393496131,0.0117542151275099,1944.1983942469456,692.0877658185236,-0.1725887144943266,3324.9804724090177,680.0550993796037,3526.5222474915377,2196.091140259207,22.326349390339875,7.692068626582068,0.8883752226829529,0.7971286177635193,0.0,0.1923187341306966,10.0,0.5107971451840269,0.7031158793147235,0.3218197524547577,0.3284428417682647,0.2178341150283813,0.2079616785049438,0.2329148352146148,0.3482992649078369,0.2677580118179321,0.1700010448694229,0.2367663085460662,0.2198796868324279,0.3077695071697235,0.2708386182785034,-237.87876892089844,151.40675354003906,10.802979469299316,30.77349853515625,3.7253267765045166,12.463367462158203,-8.03586196899414,-0.7186959981918335,-2.833850860595703,-11.732605934143066,-4.070844650268555,2.9764721393585205,-8.021307945251465,44.50721740722656,22.7763729095459,23.36971664428711,16.177820205688477,14.207881927490234,10.124685287475586,9.207887649536133,9.73533535003662,8.634773254394531,9.627730369567873,8.169368743896484,8.702799797058105,7.480259418487549,,,,0.0,,,,,,,,excluded_unverified_capture,Capture has not been verified for primary biometric training.,no,negative,-1,,0,0,0
pau,self_20260601_210739,clip_159,42,Footprints,Wayne Shorter,Jazz,medium,negative,tense,2026-06-01T21:48:21.310,2026-06-01T21:48:41.318,2026-06-01T21:48:43.459,2026-06-01T21:49:13.470,neutral,neutral,1,yes,human_rating_only,excluded_unverified_capture,Capture has not been verified for primary biometric training.,,,,Adam's Apple,https://audio-ssl.itunes.apple.com/itunes-assets/AudioPreview211/v4/68/ab/c3/68abc3ff-65af-2785-e173-bb66b465eef3/mzaf_8044807894290668594.plus.aac.p.m4a,1443300509,30.014875283446713,135.99917763157896,67.0,2.232226499936539,0.4413550470693327,0.0271521291441687,0.9420454359661818,5.563907843125404,0.0912027060985565,0.0334511958062648,0.2094973921775818,1.923355226646941e-06,-21.462568283081055,3.581160545349121,25.976543426513672,-26.09151077270508,-17.26268768310547,0.0,0.0465929071200696,0.016966062455677,2275.5619741681176,746.3769359499788,0.0121960080285243,3073.6571164740067,829.3448298162119,4464.842220580771,2127.812505830583,19.359568314124708,7.176408140534116,1.1417515277862549,1.2848585844039917,0.0,0.0693850688153287,7.0,0.4056395499633506,0.4750246187786794,0.3329160511493683,0.359221488237381,0.4378704726696014,0.3827382922172546,0.3315240740776062,0.4093111455440521,0.4098843932151794,0.4426926970481872,0.3058117628097534,0.3324105441570282,0.3028672933578491,0.2847786247730255,-199.64898681640625,161.39573669433594,-27.25665855407715,32.93659973144531,-4.397716045379639,13.998048782348633,-11.82545566558838,-2.686741828918457,-12.566228866577148,-3.5767557621002197,-7.339878559112549,0.4736863374710083,-7.292150974273682,47.49248123168945,26.736522674560547,23.458717346191406,11.52895736694336,9.646954536437988,8.642047882080078,9.948994636535645,9.404033660888672,8.497353553771973,8.617535591125488,7.039003372192383,8.021013259887695,6.855592727661133,,,,0.0,,,,,,,,excluded_unverified_capture,Capture has not been verified for primary biometric training.,no,neutral,0,,0,0,0
pau,self_20260601_210739,clip_158,43,Moanin',Charles Mingus,Jazz,medium,negative,tense,2026-06-01T21:49:21.200,2026-06-01T21:49:41.281,2026-06-01T21:49:43.396,2026-06-01T21:50:13.415,neutral,neutral,1,yes,human_rating_only,excluded_unverified_capture,Capture has not been verified for primary biometric training.,,,,Blues & Roots (Bonus Track Version),https://audio-ssl.itunes.apple.com/itunes-assets/AudioPreview122/v4/e9/0e/b0/e90eb00a-d9a0-8e40-7a06-84c610fd9aa2/mzaf_5055124392757281959.plus.aac.p.m4a,213005327,29.92907029478458,105.46875,52.0,1.7374412064200164,0.5682059490462853,0.0503927545671887,0.918537245110885,3.240996096591185,0.0652045533061027,0.0391860790550708,0.1716599911451339,2.6981847925538537e-05,-26.65402030944824,9.865801811218262,80.0,-39.10641860961914,-18.67535972595215,0.0112490302560124,0.0383221231938518,0.0192582729278889,2479.992196777986,999.9953559929694,-0.1094840753868138,3584.3156501045905,1106.0389898336011,5252.030098429014,3136.264237381772,16.253504095191662,5.09705072487408,0.9847443103790284,1.1251591444015503,1.0,0.1243780412764384,0.0,0.4681932685252771,0.3438152272488387,0.631831705570221,0.5705026388168335,0.4073940813541412,0.3630310595035553,0.4189559519290924,0.4444288909435272,0.4376339614391327,0.4985296130180359,0.4252325892448425,0.3552926778793335,0.3814679384231567,0.5262514352798462,-252.34600830078125,153.26925659179688,-9.408638954162598,25.58978271484375,0.1803489029407501,10.001083374023438,-4.906709671020508,-1.823459267616272,-10.353224754333496,6.502814292907715,-2.2489724159240723,-0.4160929918289184,-6.5816450119018555,103.55028533935548,37.40443801879883,32.859375,15.734607696533203,18.709728240966797,9.460491180419922,11.14937973022461,7.767784118652344,7.406617164611816,7.131066799163818,5.636490821838379,7.537366390228272,6.928573131561279,,,,0.0,,,,,,,,excluded_unverified_capture,Capture has not been verified for primary biometric training.,no,neutral,0,,0,0,0
pau,self_20260601_210739,clip_157,44,Dolphin Dance,Herbie Hancock,Jazz,medium,positive,relaxed,2026-06-01T21:50:20.527,2026-06-01T21:50:40.602,2026-06-01T21:50:42.720,2026-06-01T21:51:12.724,neutral,neutral,1,yes,human_rating_only,excluded_unverified_capture,Capture has not been verified for primary biometric training.,,,,Dedication,https://audio-ssl.itunes.apple.com/itunes-assets/AudioPreview115/v4/50/f2/fc/50f2fc4f-d356-b734-6169-25a0ea45391c/mzaf_12927973613987552467.plus.aac.p.m4a,290306685,29.92907029478458,166.70866935483872,81.0,2.7063988023081027,0.355265306122449,0.0218440419813608,0.94207504509979,3.5082947437327254,0.0381802842020988,0.0259290169924497,0.2012691050767898,-6.370064267206551e-06,-30.568851470947266,6.897202014923096,47.177459716796875,-39.08767318725586,-23.1306209564209,0.043056633048875,0.0260577027977114,0.0088277541019704,1158.303663279587,533.758605856946,0.0882941616365606,2322.0789738206063,893.8835349241166,1625.7317779043833,1450.7291090523006,19.2448823842443,6.18371223452135,0.5821906328201294,0.9221621155738832,0.0,0.0209033921443256,7.0,0.3160950036788054,0.336998395823131,0.2632469534873962,0.2350070178508758,0.304145336151123,0.2628287374973297,0.3437540829181671,0.4103803038597107,0.4772027730941772,0.4798114597797394,0.3454744815826416,0.4026229381561279,0.3212171494960785,0.2653748095035553,-381.7024841308594,190.1687164306641,38.71438217163086,-15.677472114562988,2.5179481506347656,8.308784484863281,-4.327247619628906,-9.092663764953612,-5.850718975067139,-4.950690269470215,-5.914749622344971,-5.326071739196777,-5.218044757843018,52.405147552490234,37.31199264526367,22.41779899597168,13.607077598571776,10.247071266174316,8.68137264251709,10.71635913848877,7.08601188659668,7.625053882598877,8.708917617797852,9.20291519165039,8.706347465515137,9.253081321716309,,,,0.0,,,,,,,,excluded_unverified_capture,Capture has not been verified for primary biometric training.,no,neutral,0,,0,0,0
pau,self_20260601_210739,clip_156,45,Stolen Moments,Oliver Nelson,Jazz,medium,negative,tense,2026-06-01T21:51:19.536,2026-06-01T21:51:39.614,2026-06-01T21:51:41.737,2026-06-01T21:52:11.759,neutral,neutral,1,yes,human_rating_only,excluded_unverified_capture,Capture has not been verified for primary biometric training.,,,,The Blues And The Abstract Truth,https://audio-ssl.itunes.apple.com/itunes-assets/AudioPreview211/v4/a4/54/2d/a4542d91-50e8-2309-bc99-c01ceb96b7ba/mzaf_7194613831193405435.plus.aac.p.m4a,1571406413,30.000453514739228,105.46875,52.0,1.7333071306556214,0.5643359566048641,0.0552304653710956,0.910856264296972,3.866608214539463,0.0722829774022102,0.0386264622211456,0.2062528878450393,4.819066777901643e-06,-24.436254501342773,5.928065299987793,33.80281448364258,-32.35789108276367,-17.83809471130371,0.0050290135396518,0.0335181939071566,0.0119350623061141,1448.913966471035,450.13514696278446,-0.0048901415707601,2175.108472552857,603.6502063280475,2402.813916676741,1039.5432855782333,20.474175989875917,6.547717889644267,0.8868297338485718,1.0082738399505615,0.0,0.103697293269463,0.0,0.6205578980882519,0.724255191357715,0.444767028093338,0.2983440458774566,0.3901688158512115,0.4566764235496521,0.4082653224468231,0.3344205617904663,0.3293628096580505,0.47836834192276,0.330420047044754,0.3349582254886627,0.3237261176109314,0.2936140596866607,-282.7486877441406,196.841064453125,-25.59636688232422,7.295377254486084,8.575531959533691,4.608035564422607,-4.128752708435059,-6.269731521606445,-6.711871147155762,-11.224873542785645,-8.023083686828613,-5.884335517883301,-5.968152046203613,78.5591812133789,24.444011688232425,31.430728912353516,18.556795120239254,13.176042556762695,10.725406646728516,10.094745635986328,7.973296165466309,7.957972526550293,6.916608810424805,7.125270843505859,7.3811469078063965,6.961149215698242,,,,0.0,,,,,,,,excluded_unverified_capture,Capture has not been verified for primary biometric training.,no,neutral,0,,0,0,0
pau,self_20260601_210739,clip_155,46,Hat and Beard,Eric Dolphy,Jazz,medium,negative,tense,2026-06-01T21:52:17.370,2026-06-01T21:52:37.375,2026-06-01T21:52:39.501,2026-06-01T21:53:09.509,neutral,neutral,1,yes,human_rating_only,excluded_unverified_capture,Capture has not been verified for primary biometric training.,,,,Out to Lunch!,https://audio-ssl.itunes.apple.com/itunes-assets/AudioPreview221/v4/dc/5f/75/dc5f753a-ce24-f7a1-a045-758b33f3d046/mzaf_15174663253580294155.plus.aac.p.m4a,1455686802,30.000453514739228,139.6748310810811,69.0,2.299965231062267,0.4300813658796852,0.0303557925478884,0.9340718011301354,3.699944067361038,0.0570635981857776,0.0303768999874591,0.1631151586771011,4.893909513873471e-06,-26.438007354736328,5.7480316162109375,32.65517044067383,-34.68714904785156,-20.265382766723633,0.0061895551257253,0.0430650840183752,0.0284897601823794,2724.616624968821,1243.037488910403,-0.0272947905157543,3889.68898695419,946.5944989259146,5787.691836919729,3212.7621512663154,17.70123029826036,6.034970870940626,1.0971065759658811,1.3634458780288696,0.0,0.1657696545545541,10.0,0.3571271697749174,0.5228968243294715,0.3642997443675995,0.3235392272472381,0.2763249576091766,0.3092884123325348,0.3103877305984497,0.3505132794380188,0.4256057739257812,0.400400698184967,0.3483435809612274,0.4253450930118561,0.507352888584137,0.3318689167499542,-271.8122863769531,132.6788330078125,-3.9687068462371826,32.50687789916992,9.542458534240724,24.975780487060547,-0.4483766853809356,7.750142097473144,-0.5955966114997864,-5.487551212310791,-9.142770767211914,-0.1064353957772255,-3.4049768447875977,87.78330993652344,30.838891983032227,25.295238494873047,11.341633796691896,13.102250099182127,11.154566764831545,10.39721393585205,10.613197326660156,9.72964859008789,9.298507690429688,8.165291786193848,7.673867702484131,7.640333652496338,,,,0.0,,,,,,,,excluded_unverified_capture,Capture has not been verified for primary biometric training.,no,neutral,0,,0,0,0
pau,self_20260601_210739,clip_154,47,Peace Piece,Bill Evans,Jazz,low,positive,relaxed,2026-06-01T21:53:15.793,2026-06-01T21:53:35.879,2026-06-01T21:53:37.998,2026-06-01T21:54:08.009,neutral,neutral,1,yes,human_rating_only,excluded_unverified_capture,Capture has not been verified for primary biometric training.,,,,Everybody Digs Bill Evans (Keepnews Collection),https://audio-ssl.itunes.apple.com/itunes-assets/AudioPreview126/v4/c7/c0/fd/c7c0fdba-8dfb-73aa-d8b7-9ff2bdea9254/mzaf_4834298594644162342.plus.aac.p.m4a,1440926603,30.000453514739228,166.70866935483872,76.0,2.5332950371120617,0.352324111866969,0.0236413147203955,0.9371183809772414,0.7666550770207556,0.0157925449311733,0.0140754962339997,0.105736032128334,-1.452198583802055e-06,-38.044044494628906,5.383452415466309,28.370019912719727,-44.09916305541992,-30.374595642089844,0.0611218568665377,0.0278724537596711,0.008478683267154,2574.618739647035,814.8625109663835,0.1299508762425234,4930.9597555486735,960.2462363522824,5845.244216181093,4283.81078058894,16.495880408382522,5.385941518877908,0.7389060258865356,0.515102744102478,0.0,0.2515054598613676,4.0,0.4648453302210982,0.7163507900824658,0.2657940685749054,0.173082485795021,0.3131793439388275,0.3344654440879822,0.5255634188652039,0.367880254983902,0.3149564862251282,0.5472561120986938,0.3763409256935119,0.3303858041763305,0.2554817795753479,0.3112199306488037,-467.5730285644531,144.93006896972656,84.53365325927734,18.374147415161133,0.2429837733507156,0.7721011638641357,-1.1657484769821167,-1.7196741104125977,-8.068673133850098,-2.2121880054473877,-4.155588626861572,0.2606745660305023,-2.724883556365967,35.19461441040039,25.829666137695312,13.790494918823242,19.10461807250977,10.952375411987305,6.650906085968018,5.765446662902832,5.742156982421875,6.562914848327637,8.09826374053955,8.05342960357666,6.383320331573486,7.71367597579956,,,,0.0,,,,,,,,excluded_unverified_capture,Capture has not been verified for primary biometric training.,no,neutral,0,,0,0,0
pau,self_20260601_210739,clip_153,48,Infant Eyes,Wayne Shorter,Jazz,low,negative,sad,2026-06-01T21:54:20.210,2026-06-01T21:54:40.344,2026-06-01T21:54:42.542,2026-06-01T21:55:12.542,negative,negative,1,yes,human_rating_only,excluded_unverified_capture,Capture has not been verified for primary biometric training.,,,,Speak No Evil (Rudy Van Gelder Edition),https://audio-ssl.itunes.apple.com/itunes-assets/AudioPreview211/v4/64/bb/fa/64bbfadc-90de-290a-2cd3-7f2a2d0c00b4/mzaf_10520090854835555917.plus.aac.p.m4a,723473860,30.000453514739228,143.5546875,69.0,2.299965231062267,0.4066906762705082,0.0331366606082782,0.9246598430115076,2.633293525419117,0.1218387335538864,0.0554548017680645,0.3107426762580871,2.3763122715439636e-05,-19.263648986816406,4.310593128204346,23.68787384033203,-25.367982864379883,-14.247684478759766,0.0,0.0297789228723404,0.0181899407609271,1779.9957902839933,481.91714839624456,0.0161780850786924,3428.026187228226,853.2785774831195,2588.8991099492264,1474.6352874652623,19.104644861060084,5.92012643577034,0.7609080076217651,0.4490222036838531,0.0,0.1922194430954775,10.0,0.5273368092099292,0.7195562523054068,0.206734225153923,0.2741466462612152,0.1835543364286422,0.1535036116838455,0.2408919930458068,0.4015707075595855,0.2206883281469345,0.2158116996288299,0.2636200785636902,0.2801506817340851,0.435250461101532,0.2591117620468139,-263.8019714355469,163.2465362548828,10.162325859069824,21.12416076660156,23.619300842285156,-3.2749524116516113,1.0313106775283811,-5.855686187744141,-6.020457744598389,-8.803330421447754,-6.245066165924072,-3.1548099517822266,-1.1162768602371216,42.819793701171875,22.364959716796875,35.94916915893555,12.567461967468262,9.98490047454834,8.059273719787598,7.698019504547119,8.892831802368164,7.815718173980713,9.16952133178711,8.752057075500488,9.95205307006836,8.418938636779785,,,,0.0,,,,,,,,excluded_unverified_capture,Capture has not been verified for primary biometric training.,no,negative,-1,,0,0,0
pau,self_20260601_210739,clip_152,49,Idle Moments,Grant Green,Jazz,low,positive,relaxed,2026-06-01T21:55:17.438,2026-06-01T21:55:37.448,2026-06-01T21:55:39.614,2026-06-01T21:56:09.620,neutral,neutral,1,yes,human_rating_only,excluded_unverified_capture,Capture has not been verified for primary biometric training.,,,,Idle Moments,https://audio-ssl.itunes.apple.com/itunes-assets/AudioPreview221/v4/7a/92/b4/7a92b4bd-0da1-0128-6a91-04e993e8c300/mzaf_16974025478810872117.plus.aac.p.m4a,1443768988,30.000453514739228,74.89809782608695,37.0,1.233314689120346,0.8049584278155707,0.0247800424003449,0.970135116919556,4.1666036794606285,0.0458826124668121,0.0259269680827856,0.161535307765007,3.0966861474176937e-06,-28.34272193908691,5.630151748657227,31.51910400390625,-36.4617919921875,-22.039182662963867,0.0050290135396518,0.0181631180488394,0.0133151451502053,1668.561720560854,878.1557217965053,-0.0370743902892845,3569.265000658166,912.5935057029178,2565.8248458655708,2804.208014079104,18.81794998375875,5.068655398844275,0.9062265753746032,0.8402886390686035,1.0,0.0875786547070726,3.0,0.3714340883102662,0.2838554336031936,0.3614800274372101,0.3261542320251465,0.4050844609737396,0.5205816030502319,0.4542452991008758,0.486855685710907,0.4356998205184936,0.4543615281581878,0.4178359508514404,0.3316043317317962,0.3127318322658539,0.3135135471820831,-393.4424133300781,152.83502197265625,42.937870025634766,29.691749572753903,15.470233917236328,17.795001983642578,5.030517101287842,-0.7236572504043579,-4.498461723327637,-4.522092819213867,-0.7011926770210266,1.1047868728637695,2.388758659362793,40.645751953125,27.72083282470703,14.000378608703612,15.793601989746094,11.94056224822998,9.25537109375,10.230527877807615,11.091951370239258,11.166831016540527,11.423200607299805,11.024596214294434,10.71475887298584,9.835748672485352,,,,0.0,,,,,,,,excluded_unverified_capture,Capture has not been verified for primary biometric training.,no,neutral,0,,0,0,0
pau,self_20260601_210739,clip_151,50,Search for Peace,McCoy Tyner,Jazz,low,positive,relaxed,2026-06-01T21:56:21.014,2026-06-01T21:56:41.130,2026-06-01T21:56:43.258,2026-06-01T21:57:13.268,neutral,neutral,1,yes,human_rating_only,excluded_unverified_capture,Capture has not been verified for primary biometric training.,,,,The Real McCoy,https://audio-ssl.itunes.apple.com/itunes-assets/AudioPreview115/v4/35/af/1c/35af1c23-8777-abb2-9645-9af7529075af/mzaf_17697857131342273195.plus.aac.p.m4a,721274775,29.92907029478458,55.569556451612904,27.0,0.9021329341027008,1.0444514215942786,0.0468268706909915,0.9570898907986796,3.207583765698492,0.0480187237262725,0.020562270656228,0.1302585452795028,-9.60348828939792e-07,-27.17595672607422,3.8375697135925297,22.70219612121582,-32.11205291748047,-22.45423126220703,0.0,0.0156384476217028,0.0072883910335832,1097.9904848796143,532.4842884565927,0.0362584426873712,2316.5464081652963,647.4723875384002,1671.5211570864042,1571.7579117924247,19.45067564062031,6.44908123805378,0.8119729161262512,0.5830321907997131,0.0,0.0396716757693557,5.0,0.3470293491429908,0.3867010249123465,0.4029603600502014,0.3702819347381592,0.4027922451496124,0.4167682230472564,0.4321712851524353,0.4649285078048706,0.4524708390235901,0.5133402943611145,0.4676997065544128,0.3855498135089874,0.3427640497684479,0.3441601693630218,-373.6730651855469,184.14495849609375,29.55434226989746,39.026580810546875,8.407953262329102,15.259638786315918,4.919421195983887,-4.371776103973389,0.6646063923835754,-1.8225657939910889,-4.328151702880859,-2.259559392929077,-0.2868195474147796,32.46925735473633,27.1639461517334,14.7295503616333,13.779510498046877,8.767403602600098,7.482723236083984,8.162308692932129,7.225451946258545,6.992226600646973,6.539722442626953,6.234366416931152,6.42508602142334,6.157026290893555,,,,0.0,,,,,,,,excluded_unverified_capture,Capture has not been verified for primary biometric training.,no,neutral,0,,0,0,0
pau,self_20260601_210739,clip_150,51,The Chain,Fleetwood Mac,Rock,medium,negative,tense,2026-06-01T21:57:19.314,2026-06-01T21:57:39.413,2026-06-01T21:57:41.542,2026-06-01T21:58:11.560,positive,positive,5,yes,human_rating_only,excluded_unverified_capture,Capture has not been verified for primary biometric training.,,,,Rumours (Super Deluxe Edition),https://audio-ssl.itunes.apple.com/itunes-assets/AudioPreview211/v4/f8/ca/ce/f8cacea5-06c3-8a2c-23a3-a8fa5d8bad06/mzaf_10731390801637708238.plus.aac.p.m4a,651880159,30.003537414965987,75.99954044117646,32.0,1.066540906741155,0.7939726428205691,0.0140430789682352,0.982620289940465,3.93286959360801,0.1321492046117782,0.0859004780650138,0.4447796046733856,4.299458263539088e-05,-19.35995101928711,5.712859153747559,28.322715759277344,-27.172040939331055,-12.186885833740234,0.0,0.0708463037959381,0.037626211412872,3113.624032980541,1128.2368062989497,0.3167954503673972,3653.104329962584,812.5300505517034,6624.313006225822,2903.641069371537,19.32921991533396,9.26645251902555,1.1503760814666748,1.3546971082687378,0.0,0.0950988053184572,4.0,0.6978328284520955,0.7929316337705528,0.3927604854106903,0.3870772421360016,0.4588561058044433,0.4856109619140625,0.6409509778022766,0.4151642024517059,0.3938187658786773,0.4705580472946167,0.4336847364902496,0.4260454475879669,0.3953719437122345,0.5312194228172302,-147.562255859375,132.4903564453125,-21.560733795166016,33.457122802734375,-0.3543714582920074,16.008840560913086,-16.68004608154297,16.229827880859375,-8.090848922729492,5.8417487144470215,3.0610134601593018,7.689132690429688,-0.830610990524292,70.564208984375,27.95244407653809,21.386924743652344,20.232290267944336,13.585530281066896,14.772820472717283,12.776690483093262,10.838129997253418,8.612700462341309,11.121382713317873,8.554705619812012,10.29541015625,7.116546630859375,,,,0.0,,,,,,,,excluded_unverified_capture,Capture has not been verified for primary biometric training.,no,positive,1,,0,0,1
pau,self_20260601_210739,clip_149,52,Hallelujah,Jeff Buckley,Holiday,low,negative,sad,2026-06-01T21:58:18.620,2026-06-01T21:58:38.728,2026-06-01T21:58:40.855,2026-06-01T21:59:10.876,negative,negative,5,yes,human_rating_only,excluded_unverified_capture,Capture has not been verified for primary biometric training.,,,,Grace,https://audio-ssl.itunes.apple.com/itunes-assets/AudioPreview211/v4/3d/f9/7f/3df97f47-c0a4-bdf8-53fa-19e99fa891f1/mzaf_16433687184189443153.plus.aac.p.m4a,1046187586,30.018979591836736,66.25600961538461,29.0,0.966055488704425,0.8400647878198899,0.0809264012492364,0.9121311884307696,3.664348405430578,0.1031485646963119,0.0379994958639144,0.2639630734920501,2.1491424983214044e-05,-20.23551368713379,2.9000704288482666,21.416561126708984,-23.57111167907715,-16.42715072631836,0.0,0.022633138776102,0.0280007766963153,1302.0395926611045,1069.881616998766,0.7211056900934584,2219.430622368057,825.9216632505482,2339.8664647078017,2295.792319715926,21.49558979513894,5.600043366430083,0.8066176176071167,0.8143917322158813,1.0,0.1078274354029684,0.0,0.4704418547341527,0.3626144193311842,0.6578661203384399,0.4620532691478729,0.2761735320091247,0.1876566857099533,0.2272354513406753,0.2907297313213348,0.4041392207145691,0.5491082668304443,0.4889408349990845,0.4241581857204437,0.3035450279712677,0.4174767434597015,-294.74615478515625,165.40020751953125,11.031338691711426,26.789838790893555,31.28419303894043,28.70934295654297,-4.1363749504089355,3.423922061920166,7.964255332946777,-5.60336971282959,-14.982132911682127,-11.419187545776367,-7.305130958557129,66.4126205444336,28.653221130371097,25.428089141845703,20.42206382751465,23.11754035949707,11.624523162841797,10.334455490112305,9.645811080932615,10.156889915466309,9.913302421569824,9.738768577575684,8.674951553344727,8.060317993164062,,,,0.0,,,,,,,,excluded_unverified_capture,Capture has not been verified for primary biometric training.,no,negative,-1,,0,0,0
pau,self_20260601_210739,clip_148,53,Teardrop,Massive Attack,Electronic,low,negative,tense,2026-06-01T21:59:19.959,2026-06-01T21:59:40.007,2026-06-01T21:59:42.133,2026-06-01T22:00:12.152,neutral,neutral,1,yes,human_rating_only,excluded_unverified_capture,Capture has not been verified for primary biometric training.,,,,Mezzanine,https://audio-ssl.itunes.apple.com/itunes-assets/AudioPreview211/v4/f0/31/78/f0317854-f180-d1cd-a974-8acc48834b7b/mzaf_8992917226755403839.plus.aac.p.m4a,724466700,30.002630385487528,77.1338619402985,31.0,1.0332427391097985,0.7786424792139077,0.0041681094198834,0.9946754560037852,5.332865750244121,0.2001597136259079,0.1050669476389885,0.5635976195335388,2.009477073702446e-05,-15.205730438232422,4.7644524574279785,26.25506019592285,-21.667930603027344,-9.26986598968506,0.0,0.0272054823500967,0.0268802392404949,2705.426904254316,1275.9506101224151,0.3598715729719332,4057.988025743118,870.1910332592914,6306.24635441852,3272.093449091845,15.406861561615008,5.567747643436074,1.399789333343506,1.83851957321167,1.0,0.048455958407315,4.0,0.3714706757299977,0.3230147173226826,0.6910804510116577,0.6815627813339233,0.7019223570823669,0.7428370714187622,0.830234706401825,0.764381468296051,0.6486080884933472,0.6224326491355896,0.6430783271789551,0.6796097755432129,0.6570176482200623,0.6860425472259521,-190.69097900390625,110.4384536743164,0.6635269522666931,35.97805404663086,8.014232635498047,32.98577880859375,12.864385604858398,19.654598236083984,4.273241996765137,13.179521560668944,5.757652759552002,8.765567779541016,6.202609062194824,72.87965393066406,28.094221115112305,22.572141647338867,14.992230415344238,15.32549285888672,8.779980659484863,13.118088722229004,6.887694358825684,8.74837875366211,6.78519344329834,5.768319606781006,5.784084796905518,6.857266902923584,,,,0.0,,,,,,,,excluded_unverified_capture,Capture has not been verified for primary biometric training.,no,neutral,0,,0,0,0
pau,self_20260601_210739,clip_147,54,Killing in the Name (Live at 2000 Democratic National Convention),Rage Against the Machine,Rock,high,negative,tense,2026-06-01T22:00:21.280,2026-06-01T22:00:41.292,2026-06-01T22:00:43.417,2026-06-01T22:01:13.422,neutral,neutral,1,yes,human_rating_only,excluded_unverified_capture,Capture has not been verified for primary biometric training.,,,,Democratic National Convention 2000 (Live) - EP,https://audio-ssl.itunes.apple.com/itunes-assets/AudioPreview211/v4/52/f5/e6/52f5e648-d504-d6d8-a3f4-a2f40db68326/mzaf_8855636367189570390.plus.aac.p.m4a,1773340317,30.018979591836736,84.72079918032787,34.0,1.1326167798603604,0.7082086167800454,0.0137073441713112,0.9810125486722202,3.697660663661765,0.1843163073062896,0.0516983829438686,0.3218670487403869,3.645735541858615e-06,-15.001057624816896,2.292520046234131,14.090492248535156,-17.664566040039062,-11.72886848449707,0.0,0.0544786681892884,0.0271436113953862,2580.835461929864,732.5728899784592,0.1146893885766019,3273.2148762538623,704.7227560290181,5454.287075387906,1975.0454308426952,19.061329839910243,11.760430626804192,1.1378650665283203,0.7925722002983093,0.0,0.0697700010852396,11.0,0.4219402983451145,0.4917102994303542,0.5563483238220215,0.4896165132522583,0.5115067362785339,0.4932659864425659,0.5036020278930664,0.5207229852676392,0.5584320425987244,0.5183268785476685,0.4896616339683532,0.4704543650150299,0.5008171796798706,0.5625929236412048,-110.2566909790039,153.78062438964844,-27.457305908203125,41.97336196899414,-6.8033447265625,21.973392486572266,-16.499103546142578,17.456039428710938,-9.551054000854492,16.672693252563477,-4.189945220947266,2.3491969108581543,1.679461121559143,42.1895637512207,21.162324905395508,22.44049644470215,16.077482223510742,12.29850959777832,12.902679443359377,9.854162216186523,10.331375122070312,11.150146484375,8.461797714233398,8.09256362915039,6.9051337242126465,6.800186634063721,,,,0.0,,,,,,,,excluded_unverified_capture,Capture has not been verified for primary biometric training.,no,neutral,0,,0,0,0
pau,self_20260601_210739,clip_146,55,Sweet Child O' Mine,Guns N' Roses,Rock,high,positive,excited,2026-06-01T22:01:19.525,2026-06-01T22:01:39.637,2026-06-01T22:01:41.763,2026-06-01T22:02:11.780,positive,positive,5,yes,human_rating_only,excluded_unverified_capture,Capture has not been verified for primary biometric training.,,,,Appetite for Destruction,https://audio-ssl.itunes.apple.com/itunes-assets/AudioPreview211/v4/bc/fd/73/bcfd7312-9f1e-a1b0-524b-cbda6e0c1050/mzaf_248640128027576869.plus.aac.p.m4a,1377826892,30.000453514739228,126.04801829268293,62.0,2.0666354250124717,0.4741057953235938,0.0099006893178151,0.9795443044008998,3.933273873410833,0.1803015768527984,0.0508098192512989,0.3027229011058807,-8.938301161009515e-06,-15.22054386138916,2.4395627975463867,14.271782875061035,-18.54462432861328,-11.81845760345459,0.0,0.0694369937741779,0.0204411524542504,3170.128301643356,745.5970597398318,-0.0733103387892501,3733.0082131383497,766.6007571554824,6741.9417726970505,2183.507131961831,19.96309325113815,10.695230142785956,1.0984586477279663,0.923145592212677,1.0,0.193097057090212,1.0,0.6717891993104399,0.4786921422202279,0.5036970973014832,0.5685372352600098,0.3678983747959137,0.3878509700298309,0.4059687852859497,0.5392036437988281,0.5921188592910767,0.4534111320972442,0.4722965061664581,0.3598584830760956,0.3599444925785064,0.3817442655563354,-82.51435852050781,134.36495971679688,-33.97004699707031,35.56679153442383,-0.029784683138132,19.719562530517575,-11.21116828918457,10.274890899658203,-3.359879732131958,6.522536754608154,-5.086122035980225,2.6092793941497803,-0.7113896012306213,37.985931396484375,23.1655216217041,19.41805648803711,14.767012596130373,13.600317001342772,9.04672145843506,8.948341369628906,7.716893672943115,9.440362930297852,9.36936092376709,9.304737091064451,8.212779998779297,7.8751935958862305,,,,0.0,,,,,,,,excluded_unverified_capture,Capture has not been verified for primary biometric training.,no,positive,1,,0,0,1
pau,self_20260601_210739,clip_145,56,September,"Earth, Wind & Fire",R&B/Soul,high,positive,happy,2026-06-01T22:02:19.709,2026-06-01T22:02:39.805,2026-06-01T22:02:41.935,2026-06-01T22:03:12.043,positive,positive,5,yes,human_rating_only,excluded_unverified_capture,Capture has not been verified for primary biometric training.,,,,"The Best Of Earth, Wind & Fire Vol. 1",https://audio-ssl.itunes.apple.com/itunes-assets/AudioPreview211/v4/49/2d/44/492d441e-f0ce-5c3a-dcc6-3a892d2600f2/mzaf_2765278844043228646.plus.aac.p.m4a,1456623340,30.018979591836736,126.04801829268293,60.0,1.9987354938712243,0.4750251739113724,0.0091412393411901,0.9811196334752332,4.497154861210254,0.1043006107211113,0.0436043888330459,0.2614783048629761,3.577170326866927e-06,-20.410364151000977,3.7829205989837646,22.903892517089844,-25.10179901123047,-15.628822326660156,0.0,0.0882439019600734,0.0353148074316416,4254.887924167757,1259.8794157774746,-0.0715434294051267,4876.736306027739,836.2895251938622,9195.552052367317,3093.2034944487928,16.852302785460164,5.349020412803969,1.279882550239563,1.6406899690628052,1.0,0.0873039120800771,9.0,0.6230813027197084,0.5357773906396313,0.374545007944107,0.4112271666526794,0.3004302680492401,0.293456882238388,0.3794215619564056,0.3297349512577057,0.4132963716983795,0.371279239654541,0.4586965143680572,0.6327089071273804,0.3940692245960235,0.4006248414516449,-116.25140380859376,108.39387512207033,-11.915695190429688,13.663497924804688,-2.426137685775757,8.400309562683105,1.7019656896591189,5.424656867980957,4.810225963592529,4.165736198425293,-3.963418245315552,4.979717254638672,-1.292253851890564,62.17635726928711,28.30916404724121,15.583178520202637,9.642062187194824,8.897315979003906,8.64263916015625,7.217044353485107,7.607040405273437,6.579208850860596,7.0188398361206055,7.368546009063721,7.366458892822266,5.738895416259766,,,,0.0,,,,,,,,excluded_unverified_capture,Capture has not been verified for primary biometric training.,no,positive,1,,0,0,1
pau,self_20260601_210739,clip_144,57,Ain't No Sunshine,Bill Withers,R&B/Soul,low,negative,sad,2026-06-01T22:03:18.908,2026-06-01T22:03:38.919,2026-06-01T22:03:41.042,2026-06-01T22:04:11.050,neutral,neutral,5,yes,human_rating_only,excluded_unverified_capture,Capture has not been verified for primary biometric training.,,,,Just As I Am,https://audio-ssl.itunes.apple.com/itunes-assets/AudioPreview126/v4/c1/97/a5/c197a504-bc13-0709-3f6f-904026c782dd/mzaf_11719507637175591282.plus.aac.p.m4a,293521573,30.018979591836736,161.4990234375,77.0,2.565043883801404,0.3748800572860723,0.0101100856417,0.973739364948892,5.563147124608241,0.0956696197390556,0.0448551923036575,0.2913553714752197,2.642094312439795e-06,-21.355939865112305,4.240396976470947,27.22592544555664,-27.012371063232425,-16.03017234802246,0.0,0.0431919319170533,0.033743531103461,2365.548487538044,949.897388820646,0.2113792162853943,3275.385841741811,735.4536977516203,4783.435370142111,2278.0971380194283,18.77011827125047,5.8919859893888376,1.2887065410614014,1.5983428955078125,0.0,0.1203791762775551,9.0,0.2727968816846287,0.3931760579621838,0.2606984972953796,0.2155803442001342,0.2513107359409332,0.3073303401470184,0.3994804918766022,0.339800477027893,0.3017342686653137,0.4427936375141144,0.520139217376709,0.6623415946960449,0.5128381252288818,0.3139325976371765,-223.52581787109375,146.94444274902344,-12.736767768859863,41.11068344116211,0.5311221480369568,9.351221084594728,-3.882259368896485,4.383663654327393,0.1567197740077972,-9.035195350646973,-9.871451377868652,2.698923349380493,-0.1672825664281845,59.02424621582031,29.484058380126953,32.44746017456055,16.369277954101562,15.258248329162598,12.776556015014648,10.592894554138184,9.054014205932615,9.558062553405762,12.436874389648438,10.545350074768066,10.194815635681152,7.854070663452148,,,,0.0,,,,,,,,excluded_unverified_capture,Capture has not been verified for primary biometric training.,no,neutral,0,,0,0,0
pau,self_20260601_210739,clip_143,58,Superstition,Stevie Wonder,R&B/Soul,high,positive,happy,2026-06-01T22:04:19.206,2026-06-01T22:04:39.310,2026-06-01T22:04:41.436,2026-06-01T22:05:11.450,neutral,neutral,2,yes,human_rating_only,excluded_unverified_capture,Capture has not been verified for primary biometric training.,,,,Talking Book,https://audio-ssl.itunes.apple.com/itunes-assets/AudioPreview116/v4/ff/a3/1a/ffa31a9f-8d91-68a8-e85c-cf8e74284079/mzaf_15951061299338017971.plus.aac.p.m4a,1440808985,30.000453514739228,101.33272058823528,48.0,1.5999758129128812,0.5977903218024798,0.0119441642509058,0.9804108763337028,5.933243639551934,0.1452403217554092,0.0637792125344276,0.3615665733814239,1.8719700375624905e-05,-17.6184139251709,4.050185680389404,30.32101249694824,-22.182781219482425,-12.408117294311523,0.0,0.0520137587645067,0.0305394007276122,2832.049497657773,1029.8335806935604,-0.052761649488448,3840.2655420544847,1105.0125137750126,5737.678161266925,2644.931020875543,17.702915116559726,6.213854282321634,1.1859899759292605,1.3088523149490356,0.0,0.0653700269107913,3.0,0.5457677638606048,0.6111377907713961,0.3573316633701324,0.4245176315307617,0.4533387422561645,0.6010085940361023,0.4922662079334259,0.5308674573898315,0.4950338304042816,0.4813837707042694,0.4747164845466614,0.4049468338489532,0.4670235812664032,0.3931183218955993,-133.1074981689453,144.8279266357422,-26.147703170776367,24.95470809936523,6.846119403839111,-1.2737170457839966,8.63790225982666,2.4232876300811768,7.1770172119140625,4.686161994934082,6.259119033813477,9.37411403656006,4.103001117706299,53.652366638183594,26.42534828186035,21.262496948242188,13.946127891540527,11.462987899780272,11.740544319152832,10.2824068069458,7.868162155151367,7.598034858703613,7.108820915222168,7.914735317230225,7.602876663208008,7.072239398956299,,,,0.0,,,,,,,,excluded_unverified_capture,Capture has not been verified for primary biometric training.,no,neutral,0,,0,0,0
pau,self_20260601_210739,clip_142,59,Go Your Own Way,Fleetwood Mac,Rock,high,negative,tense,2026-06-01T22:05:23.936,2026-06-01T22:05:43.940,2026-06-01T22:05:46.064,2026-06-01T22:06:16.136,positive,positive,4,yes,human_rating_only,excluded_unverified_capture,Capture has not been verified for primary biometric training.,,,,Rumours,https://audio-ssl.itunes.apple.com/itunes-assets/AudioPreview221/v4/d1/37/68/d1376853-ec1e-cce0-4ac9-2e98fc9d9c51/mzaf_7672022765745493173.plus.aac.p.m4a,594061859,30.003537414965987,135.99917763157896,67.0,2.2330700234892937,0.4459286745001031,0.0199025802969521,0.9572751289399356,4.866092887006521,0.2172289192676544,0.0710457935929298,0.3813097178936004,-9.201012744736604e-06,-13.715972900390623,2.814549446105957,15.83944034576416,-17.278972625732422,-9.83797836303711,0.0,0.0626751012451644,0.0245370349741672,2951.362053293327,795.9713544739304,-0.2888174322535852,3548.4239198019422,570.3675284440752,6206.843757555609,2008.85837862016,18.45618209760405,7.75589454898304,1.0734246969223022,0.985729157924652,1.0,0.3324275355052525,0.0,0.7533471063214264,0.4209195708161739,0.6652376055717468,0.4906728863716125,0.4357520639896393,0.3750506639480591,0.4963690638542175,0.5769448280334473,0.4603429734706878,0.4830818474292755,0.3815841674804687,0.4055054485797882,0.4026335477828979,0.4856226742267608,-76.47200012207031,140.74351501464844,-31.412355422973633,46.9287109375,-4.846067905426025,23.825170516967773,-14.925426483154297,21.17175674438477,-11.48395824432373,7.952245712280273,-3.3219385147094727,5.012473106384277,-5.821099281311035,43.099910736083984,21.57995986938477,12.766057014465332,10.540705680847168,10.413439750671388,8.639525413513184,9.840802192687988,7.458278656005859,7.033166408538818,7.733483791351318,7.001622200012207,7.960670471191406,6.6348958015441895,,,,0.0,,,,,,,,excluded_unverified_capture,Capture has not been verified for primary biometric training.,no,positive,1,,0,0,1
pau,self_20260601_210739,clip_141,60,Dreams,Fleetwood Mac,Rock,medium,positive,relaxed,2026-06-01T22:06:24.113,2026-06-01T22:06:44.118,2026-06-01T22:06:46.280,2026-06-01T22:07:16.283,positive,positive,5,yes,human_rating_only,excluded_unverified_capture,Capture has not been verified for primary biometric training.,,,,Greatest Hits,https://audio-ssl.itunes.apple.com/itunes-assets/AudioPreview221/v4/cb/87/29/cb872937-bebb-f309-821e-5459a873f1b6/mzaf_13232595752463797281.plus.aac.p.m4a,202272624,30.003537414965987,120.18531976744184,61.0,2.033093603475327,0.4971005291005291,0.0077858054148374,0.984579092594552,4.066187206950654,0.072745993733406,0.0336241945624351,0.2461192309856414,6.151702028365768e-06,-23.609867095947266,3.8705666065216064,27.726900100708008,-28.31590461730957,-18.42026710510254,0.0,0.0395989482591876,0.0255761418921039,2448.1491374574025,1132.5965122953712,-0.0662172893910634,3551.4493518022746,812.7294961990759,5275.609775447292,3079.296279186388,20.635722291821555,9.054377999790814,1.2392786741256714,1.8637877702713013,1.0,0.1909664485339681,7.0,0.6220855359012729,0.4311190873673047,0.4976577758789062,0.4922552108764648,0.6147390007972717,0.4851552248001098,0.5106053352355957,0.3986245095729828,0.4348932802677154,0.5040361881256104,0.4022829234600067,0.3715649545192718,0.3417861461639404,0.4742823541164398,-247.0641632080078,144.4524688720703,12.722038269042969,46.23495101928711,2.0374512672424316,14.019123077392578,-11.28647232055664,17.280637741088867,-5.695392608642578,1.536199927330017,3.0496323108673096,2.649058103561402,-4.342097759246826,72.9158935546875,28.80480194091797,27.79583168029785,16.64453887939453,17.3371524810791,12.47932243347168,11.349722862243652,11.829505920410156,10.045628547668455,10.805225372314451,10.744595527648926,8.772075653076172,7.459969997406006,,,,0.0,,,,,,,,excluded_unverified_capture,Capture has not been verified for primary biometric training.,no,positive,1,,0,0,1
pau,self_20260601_210739,clip_140,61,Everlong,Foo Fighters,Rock,high,positive,excited,2026-06-01T22:07:23.818,2026-06-01T22:07:43.961,2026-06-01T22:07:46.145,2026-06-01T22:08:16.149,neutral,neutral,2,yes,human_rating_only,excluded_unverified_capture,Capture has not been verified for primary biometric training.,,,,The Colour And The Shape,https://audio-ssl.itunes.apple.com/itunes-assets/AudioPreview211/v4/d0/77/17/d07717cb-9977-1cbb-6634-3e598d0c4da6/mzaf_15769952961470333318.plus.aac.p.m4a,362133505,30.00380952380952,105.46875,53.0,1.7664423565261556,0.5664329321472178,0.0391955984066572,0.9352811229503816,5.965909090909091,0.3090765178203583,0.0485267266631126,0.3117014169692993,9.950868707023437e-06,-10.304322242736816,1.354121208190918,9.347623825073242,-12.053651809692385,-8.50706958770752,0.0,0.0731384867625725,0.0215347719144548,3294.476100743165,608.3757547946035,0.0145928756407769,3618.37299612323,482.46670882240954,6779.477019614362,1476.479945834608,18.630311915696044,11.498773377893578,1.002316117286682,0.5174160003662109,1.0,0.0303486293443789,9.0,0.8253884763445728,0.7950398470001938,0.4808830916881561,0.5581672191619873,0.5792433023452759,0.5120409727096558,0.5862711071968079,0.5091524124145508,0.6024836897850037,0.5263988971710205,0.5383095145225525,0.6183779835700989,0.531705915927887,0.5092478394508362,-13.3346529006958,128.10475158691406,-44.342185974121094,40.78269958496094,-1.1418782472610474,24.82244873046875,-11.72880744934082,11.06888198852539,0.150730013847351,8.870680809020996,4.4078240394592285,8.973736763000488,2.40647292137146,20.811199188232425,18.491727828979492,11.137639045715332,11.78195858001709,10.169710159301758,7.757038116455078,6.672763824462891,6.855517387390137,6.564886093139648,5.612793922424316,5.970794677734375,5.310305595397949,5.984735012054443,,,,0.0,,,,,,,,excluded_unverified_capture,Capture has not been verified for primary biometric training.,no,neutral,0,,0,0,0
pau,self_20260601_210739,clip_139,62,Smells Like Teen Spirit,Nirvana,Rock,high,negative,tense,2026-06-01T22:08:24.082,2026-06-01T22:08:44.243,2026-06-01T22:08:46.426,2026-06-01T22:09:16.428,neutral,neutral,3,yes,human_rating_only,excluded_unverified_capture,Capture has not been verified for primary biometric training.,,,,Nevermind,https://audio-ssl.itunes.apple.com/itunes-assets/AudioPreview125/v4/a6/53/1e/a6531efa-397c-eb73-ecab-9b2790c1471e/mzaf_16440344883389407474.plus.aac.p.m4a,1440783625,29.92907029478458,120.18531976744184,59.0,1.971327522668865,0.509637970130581,0.0188799467503211,0.9642775653439662,5.178911288367357,0.2701784074306488,0.0532247126102447,0.2963735163211822,6.103490433120633e-07,-11.539587020874023,1.7482675313949585,10.732776641845703,-13.807674407958984,-9.214998245239258,0.0,0.0937759482277928,0.0243677506487869,3464.5467451328427,610.0995531824507,0.1285488386609643,3401.5088298524947,421.7796332206421,6664.768594840962,1293.8218110603752,16.169697928189873,6.363598338041625,1.0547090768814087,0.5754348635673523,1.0,0.115246149818775,8.0,0.3896355582249322,0.2743894084061571,0.4881394207477569,0.5208799242973328,0.5045945048332214,0.4427696168422699,0.4493130147457123,0.4788001179695129,0.4669326245784759,0.5912299156188965,0.6661345958709717,0.5586692690849304,0.5409941673278809,0.4732668995857239,-20.150493621826172,122.24456787109376,-59.24981689453125,48.9410285949707,-3.416229009628296,28.067615509033203,-7.598806381225586,13.767333984375,-6.6143364906311035,11.381471633911133,3.914177656173706,6.5620832443237305,-2.577094316482544,23.281402587890625,21.723094940185547,12.95487117767334,11.039122581481934,10.393033981323242,7.843689918518066,7.652799129486084,8.252065658569336,7.22092342376709,6.452432632446289,6.327314853668213,6.342015743255615,5.874307155609131,,,,0.0,,,,,,,,excluded_unverified_capture,Capture has not been verified for primary biometric training.,no,neutral,0,,0,0,0
pau,self_20260601_210739,clip_138,63,Just Like Heaven,The Cure,Alternative,high,positive,happy,2026-06-01T22:09:25.718,2026-06-01T22:09:45.855,2026-06-01T22:09:48.016,2026-06-01T22:10:18.016,positive,positive,5,yes,human_rating_only,excluded_unverified_capture,Capture has not been verified for primary biometric training.,,,,"Kiss Me, Kiss Me, Kiss Me",https://audio-ssl.itunes.apple.com/itunes-assets/AudioPreview115/v4/cb/31/2d/cb312df8-ccdc-cd89-88c4-832b4d454963/mzaf_10323324397338669644.plus.aac.p.m4a,31739774,29.92907029478458,75.99954044117646,37.0,1.236256243029627,0.7907684555303603,0.0097818902175722,0.9877810430417924,5.312560611938127,0.2594604194164276,0.0608831383287906,0.3660943210124969,6.1402956182579904e-06,-11.962494850158691,2.077106475830078,12.29159164428711,-14.741029739379885,-9.23117733001709,0.0,0.0813088664904965,0.0398266254503397,3880.347951475303,1100.2433211097205,0.1147594099760404,4400.954214853838,784.8403927973403,8544.714118714846,2771.801992306322,18.830890902473577,10.096913349101452,1.1812914609909058,1.0019915103912354,1.0,0.1489279624650883,9.0,0.6614337240788065,0.5125057616137182,0.2808812260627746,0.4326599836349487,0.5640465021133423,0.4728085398674011,0.5097535252571106,0.4069049656391144,0.3417534232139587,0.29826819896698,0.4264713823795318,0.5482462048530579,0.3513792753219604,0.2890360057353973,-37.20122146606445,111.45413208007812,-19.099191665649418,30.747041702270508,5.063374042510986,18.907882690429688,-9.626587867736816,11.8714017868042,-4.351583003997803,11.41145133972168,-9.41510772705078,6.008593559265137,-1.5815049409866333,35.70530319213867,26.257858276367188,17.306537628173828,13.203618049621582,12.90507984161377,9.905927658081056,6.647363662719727,7.9704813957214355,7.400162696838379,6.627355098724365,6.619920253753662,6.556896209716797,6.271584987640381,,,,0.0,,,,,,,,excluded_unverified_capture,Capture has not been verified for primary biometric training.,no,positive,1,,0,0,1
pau,self_20260601_210739,clip_137,64,Blue Monday,New Order,Alternative,high,negative,tense,2026-06-01T22:10:26.260,2026-06-01T22:10:46.276,2026-06-01T22:10:48.460,2026-06-01T22:11:18.465,positive,positive,5,yes,human_rating_only,excluded_unverified_capture,Capture has not been verified for primary biometric training.,,,,iTunes Originals: New Order,https://audio-ssl.itunes.apple.com/itunes-assets/AudioPreview211/v4/0f/43/1c/0f431c1a-119c-6614-2736-3fbc4c8a597c/mzaf_3646998447648845325.plus.aac.p.m4a,264135997,30.003537414965987,129.19921875,62.0,2.066423006810988,0.4598312330396639,0.0208406436645727,0.9566426814743808,5.7659867770693705,0.1575381457805633,0.1044919788837432,0.4504348933696747,-2.2713343565098972e-05,-18.96391487121582,9.244189262390137,52.735633850097656,-26.199676513671875,-9.567901611328123,0.037137330754352,0.0507748277321083,0.0593019138005583,2440.979407472492,1297.02060130593,-0.1801297320297099,2874.811358001013,652.7237580999725,4660.943034483801,2288.394827428835,18.06719928505937,9.999073558134596,1.6729295253753662,3.1290361881256104,0.0,0.049363433098513,2.0,0.4378405669081298,0.4872040000066428,0.7036219835281372,0.5908486247062683,0.7237015962600708,0.6551523804664612,0.6899793744087219,0.6809087991714478,0.6788405776023865,0.6014610528945923,0.6013711094856262,0.6638697385787964,0.6009706258773804,0.6354073286056519,-193.57208251953125,132.53610229492188,-28.329065322875977,46.720069885253906,15.074291229248049,15.766386985778809,8.791250228881836,16.588132858276367,-3.58343505859375,15.018943786621094,-0.7175244688987732,6.432470321655273,4.970495700836182,103.00855255126952,52.81552505493164,39.94656753540039,24.426944732666016,20.73114776611328,13.113443374633787,12.047162055969238,10.149431228637695,9.57775592803955,7.109659194946289,6.972584247589111,7.10555362701416,5.178080081939697,,,,0.0,,,,,,,,excluded_unverified_capture,Capture has not been verified for primary biometric training.,no,positive,1,,0,0,1
pau,self_20260601_210739,clip_136,65,Fast Car,Tracy Chapman,Singer/Songwriter,medium,negative,sad,2026-06-01T22:11:26.922,2026-06-01T22:11:47.009,2026-06-01T22:11:49.194,2026-06-01T22:12:19.481,positive,positive,5,yes,human_rating_only,excluded_unverified_capture,Capture has not been verified for primary biometric training.,,,,Tracy Chapman,https://audio-ssl.itunes.apple.com/itunes-assets/AudioPreview126/v4/bb/93/7f/bb937f13-1300-567d-066f-f6100470abfc/mzaf_8116318070857768430.plus.aac.p.m4a,79565507,30.003537414965987,103.359375,51.0,1.699799570118716,0.5784090702947846,0.0153480211687371,0.974151009917361,5.399363340377098,0.070464052259922,0.0253039952367544,0.2055534869432449,1.4920946492226505e-06,-23.67215919494629,3.5499372482299805,27.83877182006836,-26.97649574279785,-19.897911071777344,0.0,0.0417713748186653,0.0367151955137541,2941.0975727006135,1515.860462549612,0.0758921677114529,4026.460537481677,984.3749204058488,6714.252655796663,3462.9855460551535,21.397061663237103,8.685531690117866,1.2328170537948608,1.3481683731079102,0.0,0.0118652037297804,9.0,0.4251619395403351,0.4370271432701156,0.3954698145389557,0.4127220511436462,0.3754902184009552,0.3952489793300628,0.4809774756431579,0.4515818655490875,0.411067396402359,0.4264756441116333,0.6005026698112488,0.7481807470321655,0.5950774550437927,0.5007417798042297,-260.93817138671875,115.20962524414062,5.311479568481445,47.78255844116211,8.4985933303833,33.515777587890625,2.1144680976867676,16.495481491088867,12.237772941589355,7.443549156188965,2.4147346019744873,6.752695083618164,-0.0952757149934768,65.1395492553711,33.933311462402344,22.226097106933594,15.423736572265623,12.871197700500488,11.371790885925291,14.671238899230955,11.204222679138184,8.610492706298828,11.511326789855955,7.797669410705566,9.404777526855469,8.675362586975098,,,,0.0,,,,,,,,excluded_unverified_capture,Capture has not been verified for primary biometric training.,no,positive,1,,0,0,1
pau,self_20260601_210739,clip_135,66,Ho Hey,The Lumineers,Folk,medium,positive,happy,2026-06-01T22:12:29.510,2026-06-01T22:12:49.513,2026-06-01T22:12:51.674,2026-06-01T22:13:21.692,positive,positive,5,yes,human_rating_only,excluded_unverified_capture,Capture has not been verified for primary biometric training.,,,,Ho Hey - Single,https://audio-ssl.itunes.apple.com/itunes-assets/AudioPreview211/v4/12/a7/d7/12a7d77c-b9cb-550a-dacc-7e96676b8e49/mzaf_14790682879186925076.plus.aac.p.m4a,1754031516,30.00018140589569,78.30255681818181,37.0,1.2333258755804954,0.7414260519022424,0.0677609473296087,0.916260459703464,3.2666469136996903,0.0728244185447692,0.0531524829566478,0.302788496017456,3.0201010874981092e-05,-26.991044998168945,12.261592864990234,80.0,-35.03617858886719,-16.72610855102539,0.0843326885880077,0.0421499108438104,0.0407946886832786,2234.317325012392,1466.4628789276596,-0.4361873267392242,3027.166554768934,1164.0847900719698,4470.626171119439,3401.661141001358,19.373887762600564,8.381408303765182,0.9428144097328186,1.1463059186935425,1.0,0.1658306395463898,0.0,0.6568513784288443,0.4910207388824544,0.5067694187164307,0.4157916009426117,0.3680880963802337,0.383522629737854,0.5106161236763,0.5409298539161682,0.4728143513202667,0.5579739809036255,0.453004777431488,0.3965184688568115,0.3002090156078338,0.3422270119190216,-263.5807189941406,155.24249267578125,-3.2548441886901855,18.478130340576172,5.949182033538818,3.945693254470825,-11.167712211608888,6.872417449951172,-1.6831494569778442,-0.1997377723455429,2.2771568298339844,-0.4430887997150421,-5.390420436859131,112.36821746826172,54.16362762451172,20.0982608795166,17.35114288330078,21.988037109375,12.933566093444824,11.457581520080566,10.549720764160156,9.19681453704834,8.810124397277832,8.485389709472656,9.508334159851074,8.125718116760254,,,,0.0,,,,,,,,excluded_unverified_capture,Capture has not been verified for primary biometric training.,no,positive,1,,0,0,1
pau,self_20260601_210739,clip_134,67,Dog Days Are Over,Florence + the Machine,Alternative,high,positive,happy,2026-06-01T22:13:29.280,2026-06-01T22:13:49.281,2026-06-01T22:13:51.434,2026-06-01T22:14:21.507,positive,positive,4,yes,human_rating_only,excluded_unverified_capture,Capture has not been verified for primary biometric training.,,,,Lungs (Digital Deluxe Version),https://audio-ssl.itunes.apple.com/itunes-assets/AudioPreview125/v4/3b/d1/e3/3bd1e3cf-e2b5-98e3-3078-1d1623914404/mzaf_10047268165932809049.plus.aac.p.m4a,1470593922,29.92907029478458,74.89809782608695,31.0,1.0357822576734714,0.8003144368858653,0.0207541311898095,0.9747230231472012,5.412797604616205,0.2553555369377136,0.0850355178117752,0.4159869253635406,-2.5948508365790483e-05,-12.493041038513184,3.641442060470581,18.847904205322266,-17.5895938873291,-8.655265808105469,0.0,0.0730060018061481,0.0368317855552709,2948.976311384374,1072.6645244280617,-0.5526222069197202,3347.8253767403353,698.9233748832421,5814.390830312985,2424.380686184081,19.415908263108605,9.95045280140383,1.1426966190338137,0.9025424718856812,0.0,0.0624606585259248,7.0,0.568166616184478,0.6306272747104028,0.3255317211151123,0.3311586380004883,0.4705221056938171,0.4015382528305053,0.4369658827781677,0.4540413916110992,0.4374396800994873,0.57118821144104,0.3946447372436523,0.3713560700416565,0.4518370628356933,0.4650505781173706,-71.1600112915039,140.91305541992188,-36.20405960083008,39.92988204956055,0.9247772097587584,16.743268966674805,-4.4127936363220215,16.512821197509766,-1.7965463399887085,-1.8622519969940183,0.6716221570968628,2.0336296558380127,1.2343721389770508,66.54023742675781,30.221290588378903,19.81123733520508,17.298160552978516,13.948570251464844,10.89089012145996,11.916393280029297,9.596633911132812,9.506654739379885,11.424262046813965,9.813610076904297,9.311309814453123,8.457478523254395,,,,0.0,,,,,,,,excluded_unverified_capture,Capture has not been verified for primary biometric training.,no,positive,1,,0,0,1
pau,self_20260601_210739,clip_133,68,Three Little Birds,Bob Marley & The Wailers,Reggae,medium,positive,happy,2026-06-01T22:14:33.793,2026-06-01T22:14:53.894,2026-06-01T22:14:56.063,2026-06-01T22:15:26.197,neutral,neutral,3,yes,human_rating_only,excluded_unverified_capture,Capture has not been verified for primary biometric training.,,,,Legend – The Best Of Bob Marley & The Wailers,https://audio-ssl.itunes.apple.com/itunes-assets/AudioPreview211/v4/af/fc/90/affc9056-e658-fe90-0f07-a8790d1d7265/mzaf_9608562567489878696.plus.aac.p.m4a,1469575900,30.00018140589569,147.65625,73.0,2.4333186193885448,0.4068329554043839,0.0131860444884067,0.9686060761732864,4.06664207623839,0.0758149772882461,0.0480576902627944,0.2575316131114959,1.6362698736197385e-05,-24.70304298400879,7.560543537139893,80.0,-34.08039855957031,-16.99671745300293,0.004642166344294,0.0626977680730174,0.0526941583444336,2645.2670342916035,1820.3127081163136,0.1715520230293629,2992.2187766905267,1479.6746125673924,5382.601056274178,4102.690240349673,20.468644499890736,7.875890589287175,1.286758303642273,2.1594769954681396,1.0,0.1916499870569853,4.0,0.7348747983989622,0.5432248113419769,0.4237404465675354,0.5118865370750427,0.4094418287277221,0.3872621953487396,0.6234309077262878,0.4813700914382934,0.3986053168773651,0.3773768246173858,0.4563304185867309,0.579346239566803,0.4868691563606262,0.5148926973342896,-260.2231750488281,142.14801025390625,-20.513784408569336,11.04880428314209,15.4548978805542,21.91980743408203,9.19363021850586,13.648629188537598,0.4156976342201233,3.171084403991699,0.539797306060791,3.604355335235596,-7.627204895019531,81.6927719116211,51.26382827758789,33.674678802490234,21.03772735595703,26.035890579223633,16.69148063659668,11.479917526245115,11.40924835205078,9.997671127319336,10.169105529785156,9.154712677001951,9.951435089111328,10.150935173034668,,,,0.0,,,,,,,,excluded_unverified_capture,Capture has not been verified for primary biometric training.,no,neutral,0,,0,0,0
pau,self_20260601_210739,clip_132,69,"No Woman, No Cry",Bob Marley & The Wailers,Roots Reggae,low,positive,relaxed,2026-06-01T22:15:34.169,2026-06-01T22:15:54.281,2026-06-01T22:15:56.450,2026-06-01T22:16:26.451,neutral,neutral,2,yes,human_rating_only,excluded_unverified_capture,Capture has not been verified for primary biometric training.,,,,Natty Dread (2013 Remaster),https://audio-ssl.itunes.apple.com/itunes-assets/AudioPreview221/v4/c0/72/17/c07217c9-c2ff-8f96-abc9-5a6c42464d69/mzaf_5036872155813968561.plus.aac.p.m4a,1440861526,30.017687074829933,198.76802884615384,98.0,3.264741875538231,0.303894148724782,0.0142446766813338,0.9552249661349884,5.996464669355935,0.1441858559846878,0.0754774287343025,0.4148857891559601,-8.365849167131404e-06,-18.27686309814453,5.516502380371094,35.49460983276367,-26.43592071533203,-12.511926651000977,0.0,0.0340790479384184,0.0272015128385153,2020.371278198384,1100.6840412674903,0.1229901110462171,3274.423374831247,762.455494009555,3714.485865900522,2721.603188083167,19.932569923791444,6.421004667650098,1.4926761388778689,1.8341608047485352,0.0,0.0112302809117822,4.0,0.6667538908939618,0.677984171805744,0.5680789947509766,0.4297344088554382,0.408711701631546,0.4420145750045776,0.5806970000267029,0.4246953725814819,0.3568175733089447,0.4447391033172607,0.4025900959968567,0.4065039455890655,0.3863184452056885,0.4774946570396423,-234.8112945556641,147.1632080078125,13.933652877807615,36.946414947509766,13.157769203186035,20.935630798339844,3.2049741744995117,4.208515644073486,1.7328128814697266,5.401734352111816,1.4430391788482666,4.695885181427002,1.8941316604614256,86.49329376220703,37.75144958496094,37.51016616821289,26.74686050415039,19.51445579528809,17.53634262084961,14.93545627593994,13.554468154907228,12.664453506469728,10.829004287719728,9.344788551330566,9.14936065673828,8.832858085632324,,,,0.0,,,,,,,,excluded_unverified_capture,Capture has not been verified for primary biometric training.,no,neutral,0,,0,0,0
pau,self_20260601_210739,clip_131,70,Suavemente,Elvis Crespo,Música tropical,high,positive,happy,2026-06-01T22:16:34.507,2026-06-01T22:16:54.597,2026-06-01T22:16:56.772,2026-06-01T22:17:26.876,positive,positive,5,yes,human_rating_only,excluded_unverified_capture,Capture has not been verified for primary biometric training.,,,,Suavemente,https://audio-ssl.itunes.apple.com/itunes-assets/AudioPreview116/v4/42/f4/b4/42f4b497-cbfb-a982-788d-69294bd119ef/mzaf_4406960368277173940.plus.aac.p.m4a,187429633,30.018979591836736,123.046875,61.0,2.0320477521024114,0.4835555555555555,0.0075910076839892,0.9845443127323954,6.762388420930975,0.2514393627643585,0.1020749285817146,0.4855849742889404,-1.8324199614517709e-06,-12.955166816711426,4.528947353363037,26.509052276611328,-19.33088493347168,-8.30744743347168,0.0,0.1223061451686968,0.0704718697483457,4676.153257016013,1554.6662362377572,-0.1802534725876868,4138.342985674394,537.7201512977499,8810.077739812936,2153.1303641169147,18.10691806680375,6.028717759597022,1.5443432331085205,1.970871090888977,0.0,0.0339687652060984,0.0,0.5778530560724345,0.611821821278533,0.511096179485321,0.40912064909935,0.4702058732509613,0.4145421087741852,0.2963762283325195,0.2939406037330627,0.3170497715473175,0.5067256689071655,0.436155617237091,0.3975314199924469,0.408160924911499,0.4640814065933227,-58.401466369628906,81.29090881347656,-22.672597885131836,52.97940826416016,-13.572381973266602,16.827966690063477,-8.987234115600586,9.512081146240234,-7.777144432067871,-6.588737964630127,4.634650707244873,6.783360958099365,-0.6130611896514893,72.78707885742188,35.49382019042969,22.408737182617188,11.800043106079102,13.646230697631836,13.831934928894045,9.000240325927734,9.898604393005373,9.335196495056152,9.70291805267334,11.955733299255373,11.560382843017578,10.567801475524902,,,,0.0,,,,,,,,excluded_unverified_capture,Capture has not been verified for primary biometric training.,no,positive,1,,0,0,1
pau,self_20260601_210739,clip_130,71,Mi Gente,J Balvin & Willy William,Urbano latino,high,positive,excited,2026-06-01T22:17:34.683,2026-06-01T22:17:54.806,2026-06-01T22:17:56.967,2026-06-01T22:18:26.970,positive,positive,5,yes,human_rating_only,excluded_unverified_capture,Capture has not been verified for primary biometric training.,,,,Vibras,https://audio-ssl.itunes.apple.com/itunes-assets/AudioPreview221/v4/de/bf/1f/debf1ffb-3440-93ce-b0a8-1477874a2419/mzaf_16600081962078547731.plus.aac.p.m4a,1368816792,30.000453514739228,139.6748310810811,68.0,2.2666324016265817,0.4307821437032524,0.0357215747010974,0.9234270311429004,4.766594609302959,0.2948469817638397,0.1584097743034362,0.6084287762641907,-8.604728410307426e-05,-12.40211296081543,6.53411340713501,49.556915283203125,-19.89325904846191,-5.621789932250977,0.0034816247582205,0.0717388101426499,0.0670868751251411,3949.92660346778,1519.781786980291,0.1953350244311447,4149.1427161048805,763.458026541615,8420.648630168036,2717.6416833642406,19.62524851144123,8.309152649588082,1.5153539180755615,1.9790297746658323,0.0,0.145849538267369,4.0,0.2876731335224562,0.4335226717898253,0.4421043395996094,0.476792573928833,0.519045889377594,0.5332418084144592,0.5850593447685242,0.5317122340202332,0.566035270690918,0.5111806988716125,0.4078839421272278,0.4070323705673218,0.4338545501232147,0.4697527289390564,-99.88566589355467,93.06526184082033,-17.084753036499023,38.29397964477539,-6.083555221557617,33.3803596496582,-14.675912857055664,9.742332458496094,-0.1061170175671577,1.414786696434021,-9.068161964416504,6.0914740562438965,4.008826732635498,71.57157135009766,40.487552642822266,25.121505737304688,19.33612060546875,18.18843650817871,16.76764488220215,13.423087120056152,13.322237014770508,12.717551231384276,12.75620460510254,10.400449752807615,12.322608947753906,11.237642288208008,,,,0.0,,,,,,,,excluded_unverified_capture,Capture has not been verified for primary biometric training.,no,positive,1,,0,0,1
pau,self_20260601_210739,clip_129,72,La Camisa Negra,Juanes,Latin,medium,negative,tense,2026-06-01T22:18:34.935,2026-06-01T22:18:55.019,2026-06-01T22:18:57.183,2026-06-01T22:19:27.322,positive,positive,5,yes,human_rating_only,excluded_unverified_capture,Capture has not been verified for primary biometric training.,,,,Mi Sangre,https://audio-ssl.itunes.apple.com/itunes-assets/AudioPreview221/v4/84/de/46/84de46ef-f9f8-c6ad-fb6e-f6d5ca7571b7/mzaf_17789816509198950478.plus.aac.p.m4a,1440652265,30.015963718820863,97.50884433962264,49.0,1.6324646597728796,0.6124263038548753,0.0315736601001713,0.9509725747401202,5.4304436641424365,0.3070125579833984,0.0957698002457618,0.6217167973518372,1.838936079374094e-05,-10.727651596069336,3.0326485633850098,22.948137283325195,-14.107351303100586,-7.092758655548096,0.0,0.0661007437886697,0.0362831372020081,3584.0727044979767,1271.5416145282425,-0.2040106490940564,4060.21857203967,786.516632151167,8140.216928291763,2529.9825933874017,19.63494874260181,9.64147147382694,1.23028826713562,1.293657660484314,0.0,0.1097257284618342,10.0,0.5396093239460726,0.6493350524079069,0.4018456637859344,0.4822732806205749,0.3861844539642334,0.3481979966163635,0.3300009071826935,0.436396837234497,0.4611230492591858,0.3924404680728912,0.4572609364986419,0.4681433737277984,0.5565585494041443,0.4942616522312164,-48.73524856567383,117.67754364013672,-13.065239906311035,52.32868576049805,-10.340774536132812,25.775476455688477,-8.351249694824219,13.374655723571776,-2.8367879390716553,4.523544788360596,0.0070395767688751,4.882115364074707,1.1402013301849363,47.62126541137695,29.540693283081055,16.361278533935547,15.487953186035156,14.112338066101074,10.79686450958252,9.307510375976562,8.860237121582031,8.473122596740723,8.482759475708008,8.095514297485352,8.50223159790039,7.333645820617676,,,,0.0,,,,,,,,excluded_unverified_capture,Capture has not been verified for primary biometric training.,no,positive,1,,0,0,1
pau,self_20260601_210739,clip_128,73,Bidi Bidi Bom Bom,Selena,Pop Latino,high,positive,happy,2026-06-01T22:19:35.068,2026-06-01T22:19:55.233,2026-06-01T22:19:57.412,2026-06-01T22:20:27.436,positive,positive,5,yes,human_rating_only,excluded_unverified_capture,Capture has not been verified for primary biometric training.,,,,Ones,https://audio-ssl.itunes.apple.com/itunes-assets/AudioPreview211/v4/a7/34/5f/a7345f47-c6ac-f631-abbd-7d67e75020ac/mzaf_6200086704705038712.plus.aac.p.m4a,714819752,30.000453514739228,90.66611842105264,43.0,1.433311665734456,0.6670208400820645,0.0067992305632648,0.989909427071899,5.366585539145289,0.1694126576185226,0.053070917725563,0.3046380281448364,1.2026793401210812e-06,-15.835033416748049,2.702402353286743,17.86663055419922,-18.7949275970459,-11.965993881225586,0.0,0.0808623972437137,0.0528315910579565,3581.0166068232697,1679.1723324166394,0.1393080738877054,3772.59237824535,1094.4088218111183,7336.724662264265,3454.220985050764,20.91147344674231,9.157040299308385,1.3805241584777832,1.5580265522003174,1.0,0.1812342908737731,5.0,0.6577313833508259,0.4764970924770527,0.53803950548172,0.4446200430393219,0.4972851872444153,0.5329234600067139,0.4732317626476288,0.6411097645759583,0.4669863283634186,0.4326772093772888,0.3911485075950622,0.4417065978050232,0.4281127154827118,0.4234970808029175,-110.74989318847656,119.63575744628906,-24.547269821166992,51.09425735473633,6.070308208465576,23.0760555267334,-5.562909126281738,15.731396675109863,-1.2732698917388916,-3.5892367362976074,0.314033031463623,3.73783016204834,-7.066324710845947,60.946250915527344,42.94593811035156,22.617820739746097,17.482755661010742,17.361223220825195,12.897871971130373,11.270029067993164,8.897138595581055,8.845138549804688,11.50424098968506,9.486145973205566,8.703948974609375,7.723339557647705,,,,0.0,,,,,,,,excluded_unverified_capture,Capture has not been verified for primary biometric training.,no,positive,1,,0,0,1
pau,self_20260601_210739,clip_127,74,Bamboleo,Gipsy Kings,Pop Latino,high,positive,happy,2026-06-01T22:20:35.992,2026-06-01T22:20:56.138,2026-06-01T22:20:58.312,2026-06-01T22:21:28.448,positive,positive,5,yes,human_rating_only,excluded_unverified_capture,Capture has not been verified for primary biometric training.,,,,Gipsy Kings,https://audio-ssl.itunes.apple.com/itunes-assets/AudioPreview115/v4/08/9b/d5/089bd576-e163-f499-d3a0-7e0d85d1a690/mzaf_9319451075527150968.plus.aac.p.m4a,316136220,29.92907029478458,120.18531976744184,59.0,1.971327522668865,0.504633669559778,0.0193090793238146,0.963146585452403,7.88531009067546,0.1636800318956375,0.0450283028185367,0.2664277851581573,-2.334597238727088e-06,-16.12233543395996,2.822794198989868,20.29056167602539,-20.09678077697754,-13.201947212219238,0.0,0.0647501090961986,0.0349736519486666,3359.1049550519947,1298.5698165339268,-0.0486833694938897,3999.164251559387,861.5920949603411,7244.71171329519,3016.7933682918465,18.036321202695422,9.151491676778663,1.4588569402694702,1.4567917585372925,0.0,0.3216336995743843,6.0,0.5064357960066382,0.8280694955810226,0.4531070590019226,0.5068696737289429,0.4448758661746979,0.3707717061042785,0.3990837335586548,0.448642760515213,0.5903772711753845,0.4686112701892853,0.4877153933048248,0.5366312861442566,0.4488987922668457,0.4554387032985687,-101.59756469726562,127.18757629394533,-19.678590774536133,31.25151252746582,-4.329453945159912,22.61000061035156,-6.109155654907227,9.940964698791504,-7.07681941986084,7.032884120941162,-5.753647327423096,4.406234264373779,-5.926096439361572,50.5417366027832,30.434789657592773,18.6651611328125,15.762092590332031,14.621792793273926,11.561861038208008,9.07500457763672,10.8609037399292,9.81771755218506,7.789535045623779,8.265411376953125,7.74495267868042,7.926142692565918,,,,0.0,,,,,,,,excluded_unverified_capture,Capture has not been verified for primary biometric training.,no,positive,1,,0,0,1
pau,self_20260601_210739,clip_126,75,Oye Como Va,Santana,Rock,high,positive,relaxed,2026-06-01T22:21:37.479,2026-06-01T22:21:57.604,2026-06-01T22:21:59.776,2026-06-01T22:22:29.881,positive,positive,5,yes,human_rating_only,excluded_unverified_capture,Capture has not been verified for primary biometric training.,,,,Ultimate Santana,https://audio-ssl.itunes.apple.com/itunes-assets/AudioPreview221/v4/98/1f/25/981f2559-37b4-d249-4ab9-8fbbba391bd3/mzaf_17889077170191008167.plus.aac.p.m4a,265816671,30.018979591836736,129.19921875,53.0,1.7655496862529148,0.4666317809174952,0.0079000564090635,0.9833518938295662,4.497154861210254,0.2397929430007934,0.099351167678833,0.5278809666633606,1.7613906848109344e-05,-13.366462707519531,4.576572895050049,32.64411926269531,-18.566051483154297,-8.470245361328125,0.0,0.0393727266410479,0.0224431634462982,2464.2607935442534,873.3114060846873,0.3246807479164584,3401.9235430349427,796.5747396454869,5194.939378353393,2219.5838612761904,17.56883346212345,5.6334713097984395,1.2177319526672363,1.4492322206497192,0.0,0.120120873302783,9.0,0.4294852306797056,0.5496061039824887,0.4183039963245392,0.3584097623825073,0.3564384877681732,0.3608517944812774,0.4661608040332794,0.3406871855258941,0.3962568044662475,0.5064907073974609,0.5443196296691895,0.6744036674499512,0.4704486429691314,0.3857105672359466,-116.85921478271484,148.6862030029297,-19.342870712280273,37.16525650024414,1.58280611038208,13.353764533996582,-2.477893829345703,8.082494735717773,-6.542444705963135,4.233341693878174,-8.815232276916504,2.680420160293579,0.9113489985466005,65.4395751953125,31.069042205810547,23.351974487304688,15.307361602783203,15.33669376373291,11.279300689697266,9.77829647064209,8.723445892333984,8.134958267211914,7.302834033966064,7.101163387298584,7.289398193359375,6.776058673858643,,,,0.0,,,,,,,,excluded_unverified_capture,Capture has not been verified for primary biometric training.,no,positive,1,,0,0,1
pau,self_20260601_210739,clip_125,76,Hips Don't Lie (feat. Wyclef Jean),Shakira,Pop Latino,high,positive,happy,2026-06-01T22:22:37.648,2026-06-01T22:22:57.649,2026-06-01T22:22:59.837,2026-06-01T22:23:29.910,positive,positive,5,yes,human_rating_only,excluded_unverified_capture,Capture has not been verified for primary biometric training.,,,,"Oral Fixation, Vol. 2 (Expanded Edition)",https://audio-ssl.itunes.apple.com/itunes-assets/AudioPreview221/v4/ac/c7/61/acc7619f-c1e3-e0a5-df9b-0329a35af062/mzaf_13106936727189536738.plus.aac.p.m4a,1817217063,30.018979591836736,99.38401442307692,47.0,1.5656761368657923,0.5999329586907226,0.0072844378202771,0.9880035752234164,6.6291393880062275,0.2259000539779663,0.0840091258287429,0.4743848741054535,4.540347604692132e-05,-13.68760585784912,4.000983715057373,29.11597442626953,-18.779544830322266,-9.558369636535645,0.0,0.0634578695983178,0.0415523897433472,2972.0567077687333,1002.760955536125,0.0415061063280741,3358.075312521959,570.3398655530914,6070.36484012471,1963.1050491505391,19.565027948485373,11.330517789129727,1.417874455451965,1.5262316465377808,0.0,0.1001890902411578,10.0,0.35180575033952,0.4519948405806778,0.4888198971748352,0.5000479221343994,0.4329133033752441,0.4290141761302948,0.4047828018665313,0.4265500605106354,0.3574326038360595,0.3317159414291382,0.4008722901344299,0.390517383813858,0.4440896809101105,0.4215133786201477,-90.76209259033205,133.69366455078125,-36.80427169799805,45.84443283081055,-6.132343292236328,24.03294563293457,-9.617871284484863,9.614943504333496,-8.435916900634766,6.227407455444336,-1.1688815355300903,1.828755259513855,-0.2504406571388244,52.433597564697266,26.086410522460938,18.679466247558594,16.209041595458984,15.415322303771973,13.9747314453125,10.92088508605957,12.000937461853027,9.759135246276855,9.236817359924316,8.506379127502441,8.717015266418457,9.685320854187012,,,,0.0,,,,,,,,excluded_unverified_capture,Capture has not been verified for primary biometric training.,no,positive,1,,0,0,1
pau,self_20260601_210739,clip_124,77,Danza Kuduro (feat. Lucenzo),Don Omar,Urbano latino,high,positive,excited,2026-06-01T22:23:37.431,2026-06-01T22:23:57.444,2026-06-01T22:23:59.614,2026-06-01T22:24:29.690,positive,positive,5,yes,human_rating_only,excluded_unverified_capture,Capture has not been verified for primary biometric training.,,,,Meet The Orphans (Deluxe Edition),https://audio-ssl.itunes.apple.com/itunes-assets/AudioPreview221/v4/13/79/d1/1379d1f5-0c47-8df7-7e21-ef6225854d2d/mzaf_3711008858921440324.plus.aac.p.m4a,1440636498,30.00498866213152,172.265625,85.0,2.8328622602439504,0.351616456106252,0.0302736024392107,0.9207269166562848,5.832363476972839,0.3103793561458587,0.0981070399284362,0.5008638501167297,-1.671290436467618e-05,-10.68556785583496,3.2438039779663086,26.214420318603516,-14.484084129333496,-6.878944396972656,0.0,0.0818053372823984,0.0519699103051264,4312.892298918144,1465.2057343893528,-0.3947382966458882,4733.929322221719,875.7465633926402,9641.227219838009,3263.687445418197,18.659546855407516,8.972124066328703,1.3149404525756836,1.5010802745819092,1.0,0.0839026628066527,0.0,0.7280897162601572,0.6441870534535045,0.5563843250274658,0.4205101132392883,0.4546563923358917,0.3981852829456329,0.4907426238059997,0.3988058865070343,0.3884376287460327,0.4529891312122345,0.3904958665370941,0.4586560428142547,0.394826591014862,0.505587637424469,-31.986448287963867,103.79400634765624,-8.690074920654297,28.504281997680664,-9.39467716217041,13.738829612731934,-7.035722255706787,15.966994285583496,-5.200697422027588,7.417892456054688,-7.479700565338135,11.308012008666992,-3.98945689201355,53.393096923828125,26.735197067260746,16.766281127929688,14.280146598815918,13.20717430114746,12.261531829833984,9.386963844299316,10.17075252532959,9.973774909973145,9.371830940246582,9.111888885498049,8.586126327514648,9.133134841918944,,,,0.0,,,,,,,,excluded_unverified_capture,Capture has not been verified for primary biometric training.,no,positive,1,,0,0,1
pau,self_20260601_210739,clip_123,78,Tití Me Preguntó (Mixed),Bad Bunny,Hip-Hop,high,positive,excited,2026-06-01T22:24:37.107,2026-06-01T22:24:57.122,2026-06-01T22:24:59.288,2026-06-01T22:25:29.298,positive,positive,5,yes,human_rating_only,excluded_unverified_capture,Capture has not been verified for primary biometric training.,,,,ARTZ Basel Miami Mix (DJ Mix),https://audio-ssl.itunes.apple.com/itunes-assets/AudioPreview113/v4/61/8e/2d/618e2d09-d6e5-1864-92b3-b5ea326bc1a9/mzaf_18353592973487747406.plus.aac.p.m4a,1664297506,29.92907029478458,109.9567819148936,54.0,1.8042658682054016,0.5401925298421256,0.0199954016621194,0.964305904255333,6.348342869611598,0.1003108918666839,0.055412407964468,0.2179599404335022,1.1664127736511629e-05,-22.010698318481445,6.867590427398682,34.68923568725586,-32.417728424072266,-15.23085117340088,0.0023273855702094,0.0586856105144491,0.0530247667556884,3407.2609019751512,1451.1755027532602,-0.447505739776644,3836.631698933916,732.9449133829005,7311.741951882515,2778.3597445497294,20.1526906394379,9.39200881741704,1.874287247657776,2.6695401668548584,0.0,0.0125626906609257,11.0,0.3252498000233352,0.3378124906842609,0.6297992467880249,0.5259321928024292,0.5042896270751953,0.511844277381897,0.5165137052536011,0.5211701989173889,0.5355555415153503,0.4984200894832611,0.4771433472633362,0.5297340750694275,0.6062944531440735,0.6694520711898804,-221.45811462402344,101.25965118408205,-20.916725158691406,42.2716064453125,-8.944519996643066,20.813091278076172,-7.404051303863525,12.8546781539917,8.35026741027832,2.867553472518921,-8.063846588134766,10.272222518920898,0.0240347348153591,90.85977935791016,33.0705680847168,25.02630043029785,21.30442237854004,19.428924560546875,16.688386917114258,15.516154289245604,14.226585388183594,14.712228775024414,13.793218612670898,11.77499294281006,11.026421546936035,11.187520027160645,,,,0.0,,,,,,,,excluded_unverified_capture,Capture has not been verified for primary biometric training.,no,positive,1,,0,0,1
pau,self_20260601_210739,clip_122,79,Gasolina,Daddy Yankee,Urbano latino,high,positive,excited,2026-06-01T22:25:38.432,2026-06-01T22:25:58.449,2026-06-01T22:26:00.617,2026-06-01T22:26:30.696,positive,positive,5,yes,human_rating_only,excluded_unverified_capture,Capture has not been verified for primary biometric training.,,,,Barrio Fino (Deluxe Version),https://audio-ssl.itunes.apple.com/itunes-assets/AudioPreview211/v4/6c/56/33/6c5633cf-a5f0-d489-f3e2-4fdd9b821ef3/mzaf_417409533127729756.plus.aac.p.m4a,1786000124,30.00344671201814,95.703125,43.0,1.4331686760100126,0.6250037792894936,0.0071284138242227,0.9887232229241324,5.099414126268184,0.1844023466110229,0.110692523419857,0.4949336051940918,-5.595202987679933e-07,-16.339242935180664,5.67706298828125,35.94639205932617,-23.4750919342041,-8.740580558776855,0.0,0.0813144115691489,0.0617913881645741,4446.992913631825,1742.4269165476585,-0.0675814130487448,4991.212942054635,996.7709185686504,9786.869975519829,3546.866093708361,16.798526064956384,5.529290255476232,1.5325627326965332,2.410181760787964,0.0,0.036957231515346,5.0,0.423027690027907,0.4599849215432531,0.5028032064437866,0.460693359375,0.3436495959758758,0.3333239555358886,0.4295645654201507,0.5295155048370361,0.4668257236480713,0.3913319706916809,0.3204977214336395,0.2992198765277862,0.3408894836902618,0.3872615396976471,-98.9250030517578,100.70614624023438,-4.067473411560059,15.653258323669434,-2.4964258670806885,9.469992637634276,-7.29972505569458,-4.21665620803833,-0.865397572517395,0.2471401095390319,-7.656131267547607,-0.8713153004646301,-3.187140703201294,72.54610443115234,30.430864334106445,25.837919235229492,16.618898391723633,16.872426986694336,12.3364896774292,11.92153263092041,10.930168151855469,9.770130157470703,8.161002159118652,9.405137062072754,8.444819450378418,8.143991470336914,,,,0.0,,,,,,,,excluded_unverified_capture,Capture has not been verified for primary biometric training.,no,positive,1,,0,0,1
pau,self_20260601_210739,clip_121,80,Vivir Mi Vida,Marc Anthony,Música tropical,high,positive,happy,2026-06-01T22:26:40.514,2026-06-01T22:27:00.526,2026-06-01T22:27:02.685,2026-06-01T22:27:32.734,positive,positive,5,yes,human_rating_only,excluded_unverified_capture,Capture has not been verified for primary biometric training.,,,,3.0,https://audio-ssl.itunes.apple.com/itunes-assets/AudioPreview221/v4/10/fd/bf/10fdbf20-d17d-a8a2-6058-c1ef9f221068/mzaf_9159790581568803090.plus.aac.p.m4a,668743167,30.01578231292517,105.46875,50.0,1.6657903325234795,0.5714952103290296,0.0063223027449979,0.9890583054304412,7.229530043151901,0.2341528981924057,0.0774918347597122,0.408085286617279,-1.5973940762170196e-05,-13.229193687438965,3.5990967750549316,21.86675453186035,-17.590099334716797,-9.546157836914062,0.0,0.0613002555829466,0.0405498633105983,3092.714757156059,1256.9458887578585,0.0665032737763875,3596.303858899762,761.886162413891,6463.000233378045,2573.745514805926,18.805978447909045,7.109425583241337,1.4525269269943235,1.664060115814209,0.0,0.3239764725503298,0.0,0.495335581575951,0.8193120541262808,0.5119839906692505,0.3954171240329742,0.3829104006290436,0.4760282337665558,0.3966170251369476,0.357488214969635,0.3222095370292663,0.3921869993209839,0.3666354119777679,0.3442709743976593,0.400054007768631,0.3958514034748077,-84.640625,132.96861267089844,-26.326547622680664,34.997798919677734,-8.7171049118042,20.311195373535156,-15.696406364440918,9.43278980255127,-4.750194549560547,2.4567830562591553,-0.811060905456543,5.660264015197754,-2.4140207767486572,58.55854034423828,32.11206817626953,21.331390380859375,15.703180313110352,15.923065185546877,13.553288459777832,12.190567016601562,11.082357406616213,9.337105751037598,8.98741340637207,8.555871963500977,10.93936538696289,8.892675399780273,,,,0.0,,,,,,,,excluded_unverified_capture,Capture has not been verified for primary biometric training.,no,positive,1,,0,0,1
