song_query,artist_query,intended_arousal,intended_valence,intended_mood,candidate_rank,match_score,track_name,artist,album,genre,preview_url,track_id,collection_id,release_date,track_time_millis,track_explicitness,itunes_url
Search for Peace,McCoy Tyner,low,positive,relaxed,1,102.0,Search for Peace,McCoy Tyner,The Real McCoy,Jazz,https://audio-ssl.itunes.apple.com/itunes-assets/AudioPreview115/v4/35/af/1c/35af1c23-8777-abb2-9645-9af7529075af/mzaf_17697857131342273195.plus.aac.p.m4a,721274775,721273864,1967-04-21T12:00:00Z,395730,notExplicit,https://music.apple.com/us/album/search-for-peace/721273864?i=721274775&uo=4
Search for Peace,McCoy Tyner,low,positive,relaxed,2,102.0,Search for Peace,McCoy Tyner,Quartet,Jazz,https://audio-ssl.itunes.apple.com/itunes-assets/AudioPreview125/v4/fd/1f/0e/fd1f0ed1-209e-cdc2-4700-882b076fe3f7/mzaf_10343843506966758278.plus.aac.p.m4a,263447102,263447018,2007-09-11T12:00:00Z,661440,notExplicit,https://music.apple.com/us/album/search-for-peace/263447018?i=263447102&uo=4
Search for Peace,McCoy Tyner,low,positive,relaxed,4,102.0,Search for Peace,McCoy Tyner,13th House,Jazz,https://audio-ssl.itunes.apple.com/itunes-assets/AudioPreview125/v4/ed/22/ab/ed22ab3c-38f9-bec4-4aaf-ddf6ded148e3/mzaf_937334362706454438.plus.aac.p.m4a,1444134127,1444134104,1981-01-01T12:00:00Z,451893,notExplicit,https://music.apple.com/us/album/search-for-peace/1444134104?i=1444134127&uo=4
Search for Peace,McCoy Tyner,low,positive,relaxed,3,77.0,Search for Peace (Live),McCoy Tyner,Passion Dance (Live),Jazz,https://audio-ssl.itunes.apple.com/itunes-assets/AudioPreview125/v4/e5/b0/c0/e5b0c052-b678-de4e-f221-af278db09db6/mzaf_14030841547262050640.plus.aac.p.m4a,1433851178,1433851171,1978-07-28T12:00:00Z,394400,notExplicit,https://music.apple.com/us/album/search-for-peace-live/1433851171?i=1433851178&uo=4
Search for Peace,McCoy Tyner,low,positive,relaxed,5,72.0,Search for Peace,Conrad Herwig,The Latin Side of McCoy Tyner,Jazz,https://audio-ssl.itunes.apple.com/itunes-assets/AudioPreview221/v4/c1/b5/8c/c1b58cae-f2c8-68a4-4809-ec23cc7e6394/mzaf_7119010665335390656.plus.aac.p.m4a,1739180352,1739179608,2024-05-24T12:00:00Z,367933,notExplicit,https://music.apple.com/us/album/search-for-peace/1739179608?i=1739180352&uo=4
Idle Moments,Grant Green,low,positive,relaxed,1,102.0,Idle Moments,Grant Green,Idle Moments,Jazz,https://audio-ssl.itunes.apple.com/itunes-assets/AudioPreview221/v4/7a/92/b4/7a92b4bd-0da1-0128-6a91-04e993e8c300/mzaf_16974025478810872117.plus.aac.p.m4a,1443768988,1443768982,1965-01-01T12:00:00Z,894421,notExplicit,https://music.apple.com/us/album/idle-moments/1443768982?i=1443768988&uo=4
Idle Moments,Grant Green,low,positive,relaxed,2,102.0,Idle Moments,Grant Green,Idle Moments (The Rudy Van Gelder Edition),Jazz,https://audio-ssl.itunes.apple.com/itunes-assets/AudioPreview115/v4/0d/7f/a5/0d7fa531-da62-a252-33e2-4fc154640360/mzaf_4241185349807912010.plus.aac.p.m4a,724724884,724724533,1965-01-01T12:00:00Z,896080,notExplicit,https://music.apple.com/us/album/idle-moments/724724533?i=724724884&uo=4
Idle Moments,Grant Green,low,positive,relaxed,3,102.0,Idle Moments,Grant Green,"The Best of Grant Green, Vol. 1",Jazz,https://audio-ssl.itunes.apple.com/itunes-assets/AudioPreview221/v4/58/cc/11/58cc115a-9575-b0e9-11d7-d0f4cc550715/mzaf_1883956087618237935.plus.aac.p.m4a,724855184,724854808,1993-01-01T12:00:00Z,897627,notExplicit,https://music.apple.com/us/album/idle-moments/724854808?i=724855184&uo=4
Idle Moments,Grant Green,low,positive,relaxed,4,102.0,Idle Moments,Grant Green,Classic Blue Note: The Ballads,Jazz,https://audio-ssl.itunes.apple.com/itunes-assets/AudioPreview125/v4/5e/66/48/5e664864-6141-db49-c8b4-66c386da6eb3/mzaf_16816305139346059593.plus.aac.p.m4a,1442459267,1442458423,1965-01-01T12:00:00Z,894309,notExplicit,https://music.apple.com/us/album/idle-moments/1442458423?i=1442459267&uo=4
Idle Moments,Grant Green,low,positive,relaxed,5,77.0,Idle Moments (Remastered 1999/Rudy Van Gelder Edition),Grant Green,Classic Blue Note: The Hits,Jazz,https://audio-ssl.itunes.apple.com/itunes-assets/AudioPreview118/v4/3d/fb/6c/3dfb6c68-dc14-45bb-486d-3f6acb88eebd/mzaf_5915955094778499038.plus.aac.p.m4a,1442306892,1442305229,1965-01-01T12:00:00Z,893923,notExplicit,https://music.apple.com/us/album/idle-moments-remastered-1999-rudy-van-gelder-edition/1442305229?i=1442306892&uo=4
Infant Eyes,Wayne Shorter,low,negative,sad,1,102.0,Infant Eyes,Wayne Shorter,Speak No Evil (Rudy Van Gelder Edition),Jazz,https://audio-ssl.itunes.apple.com/itunes-assets/AudioPreview211/v4/64/bb/fa/64bbfadc-90de-290a-2cd3-7f2a2d0c00b4/mzaf_10520090854835555917.plus.aac.p.m4a,723473860,723473694,1966-06-01T12:00:00Z,414240,notExplicit,https://music.apple.com/us/album/infant-eyes/723473694?i=723473860&uo=4
Infant Eyes,Wayne Shorter,low,negative,sad,2,102.0,Infant Eyes,Wayne Shorter,Speak No Evil,Jazz,https://audio-ssl.itunes.apple.com/itunes-assets/AudioPreview211/v4/b4/ea/6e/b4ea6e65-152c-acce-b6e1-2ac5f5f75843/mzaf_15647583754364389829.plus.aac.p.m4a,1453750212,1453750007,1966-06-01T12:00:00Z,414616,notExplicit,https://music.apple.com/us/album/infant-eyes/1453750007?i=1453750212&uo=4
Infant Eyes,Wayne Shorter,low,negative,sad,3,102.0,Infant Eyes,Wayne Shorter,The Classic Blue Note Recordings (Remastered),Jazz,https://audio-ssl.itunes.apple.com/itunes-assets/AudioPreview125/v4/97/32/35/973235f9-2131-9ea3-f66a-13ef498221a6/mzaf_1312650759701380621.plus.aac.p.m4a,716233172,716232312,1966-06-01T12:00:00Z,414173,notExplicit,https://music.apple.com/us/album/infant-eyes/716232312?i=716233172&uo=4
Infant Eyes,Wayne Shorter,low,negative,sad,5,102.0,Infant Eyes,Wayne Shorter,The Ultimate,Jazz,https://audio-ssl.itunes.apple.com/itunes-assets/AudioPreview221/v4/f3/57/ec/f357eced-652f-ccb6-717d-86165597827a/mzaf_3311336022668164209.plus.aac.p.m4a,1414679343,1414679050,1966-06-01T12:00:00Z,412387,notExplicit,https://music.apple.com/us/album/infant-eyes/1414679050?i=1414679343&uo=4
Infant Eyes,Wayne Shorter,low,negative,sad,4,77.0,Infant Eyes (Remastered1998/Rudy Van Gelder Edition),Wayne Shorter,Sleep Jazz,Jazz,https://audio-ssl.itunes.apple.com/itunes-assets/AudioPreview211/v4/97/66/bd/9766bd49-5428-7a3a-62ba-22db2430872c/mzaf_1161746970115267383.plus.aac.p.m4a,1614491654,1614490367,1966-06-01T12:00:00Z,414240,notExplicit,https://music.apple.com/us/album/infant-eyes-remastered1998-rudy-van-gelder-edition/1614490367?i=1614491654&uo=4
Peace Piece,Bill Evans,low,positive,relaxed,1,102.0,Peace Piece,Bill Evans,Everybody Digs Bill Evans (Keepnews Collection),Jazz,https://audio-ssl.itunes.apple.com/itunes-assets/AudioPreview126/v4/c7/c0/fd/c7c0fdba-8dfb-73aa-d8b7-9ff2bdea9254/mzaf_4834298594644162342.plus.aac.p.m4a,1440926603,1440926168,1959-03-15T12:00:00Z,404160,notExplicit,https://music.apple.com/us/album/peace-piece/1440926168?i=1440926603&uo=4
Peace Piece,Bill Evans,low,positive,relaxed,4,102.0,Peace Piece,Bill Evans,On Riverside: Bill Evans,Jazz,https://audio-ssl.itunes.apple.com/itunes-assets/AudioPreview126/v4/52/a3/8c/52a38cca-26ec-d690-d919-870cfb6bddfd/mzaf_13609187442459797226.plus.aac.p.m4a,1708973556,1708972625,1959-01-01T12:00:00Z,403307,notExplicit,https://music.apple.com/us/album/peace-piece/1708972625?i=1708973556&uo=4
Peace Piece,Bill Evans,low,positive,relaxed,3,90.0,Peace Piece,Jaden Evans & Bill Evans,Evans on Evans,Jazz,https://audio-ssl.itunes.apple.com/itunes-assets/AudioPreview221/v4/84/f4/1f/84f41fd0-f0a9-6b5a-dbb6-27ef556d061a/mzaf_9793603780106070678.plus.aac.p.m4a,1770713705,1770713696,2024-10-24T12:00:00Z,338160,notExplicit,https://music.apple.com/us/album/peace-piece/1770713696?i=1770713705&uo=4
Peace Piece,Bill Evans,low,positive,relaxed,2,72.0,Peace Piece,Kronos Quartet,Music Of Bill Evans (feat. Eddie Gomez & Jim Hall),Jazz,https://audio-ssl.itunes.apple.com/itunes-assets/AudioPreview221/v4/cf/a1/8a/cfa18a54-6d62-fc35-f28b-608f495df1fc/mzaf_9815094713875967587.plus.aac.p.m4a,1886477705,1886477696,1985-01-01T12:00:00Z,431867,notExplicit,https://music.apple.com/us/album/peace-piece/1886477696?i=1886477705&uo=4
Peace Piece,Bill Evans,low,positive,relaxed,5,72.0,Peace Piece,Andrea Lam,Piano Diary,Classical,https://audio-ssl.itunes.apple.com/itunes-assets/AudioPreview211/v4/92/5e/6c/925e6c40-ea24-5582-d552-e7f8940c4913/mzaf_12742070852992839172.plus.aac.p.m4a,1805978685,1805978409,2025-04-25T07:00:00Z,371400,notExplicit,https://music.apple.com/us/album/peace-piece/1805978409?i=1805978685&uo=4
Hat and Beard,Eric Dolphy,medium,negative,tense,2,102.0,Hat and Beard,Eric Dolphy,Out to Lunch!,Jazz,https://audio-ssl.itunes.apple.com/itunes-assets/AudioPreview221/v4/dc/5f/75/dc5f753a-ce24-f7a1-a045-758b33f3d046/mzaf_15174663253580294155.plus.aac.p.m4a,1455686802,1455686798,1964-08-01T07:00:00Z,504994,notExplicit,https://music.apple.com/us/album/hat-and-beard/1455686798?i=1455686802&uo=4
Hat and Beard,Eric Dolphy,medium,negative,tense,3,102.0,Hat and Beard,Eric Dolphy,Blue Monk (Blue Note Plays Monk's Music),Pop,https://audio-ssl.itunes.apple.com/itunes-assets/AudioPreview221/v4/24/ec/11/24ec11cc-16f8-0034-978f-26e25764635c/mzaf_16093814095041292843.plus.aac.p.m4a,716149125,716148322,1994-01-01T12:00:00Z,503933,notExplicit,https://music.apple.com/us/album/hat-and-beard/716148322?i=716149125&uo=4
Hat and Beard,Eric Dolphy,medium,negative,tense,1,77.0,Hat and Beard (Rudy Van Gelder Edition/Remastered 1998),Eric Dolphy,Everyday Jazz,Jazz,https://audio-ssl.itunes.apple.com/itunes-assets/AudioPreview115/v4/a0/6b/51/a06b5130-2343-6328-4d0b-fac9adfd4aa0/mzaf_13124195291732308974.plus.aac.p.m4a,1433857206,1433857203,1964-02-25T12:00:00Z,507400,notExplicit,https://music.apple.com/us/album/hat-and-beard-rudy-van-gelder-edition-remastered-1998/1433857203?i=1433857206&uo=4
Hat and Beard,Eric Dolphy,medium,negative,tense,5,72.0,Hat and Beard,Aki Takase & Alexander von Schlippenbach,"So Long, Eric! Homage to Eric Dolphy",Jazz,https://audio-ssl.itunes.apple.com/itunes-assets/AudioPreview122/v4/93/14/dd/9314dd8d-83eb-7e6e-43f3-db85ded5289a/mzaf_13551876003404463089.plus.aac.p.m4a,1645173333,1645173110,2014-10-01T12:00:00Z,784360,notExplicit,https://music.apple.com/us/album/hat-and-beard/1645173110?i=1645173333&uo=4
Hat and Beard,Eric Dolphy,medium,negative,tense,4,47.0,Hat and Beard (Eric Dolphy),Surreal,UNO - EP,Worldwide,https://audio-ssl.itunes.apple.com/itunes-assets/AudioPreview112/v4/21/be/6d/21be6d5b-ca1d-2324-3fad-8e9b0a8d678d/mzaf_17319306225950471254.plus.aac.p.m4a,1620083571,1620083567,2022-06-05T12:00:00Z,212062,notExplicit,https://music.apple.com/us/album/hat-and-beard-eric-dolphy/1620083567?i=1620083571&uo=4
Stolen Moments,Oliver Nelson,medium,negative,tense,1,102.0,Stolen Moments,Oliver Nelson,The Blues And The Abstract Truth,Jazz,https://audio-ssl.itunes.apple.com/itunes-assets/AudioPreview211/v4/a4/54/2d/a4542d91-50e8-2309-bc99-c01ceb96b7ba/mzaf_7194613831193405435.plus.aac.p.m4a,1571406413,1571406209,1961-08-01T12:00:00Z,525613,notExplicit,https://music.apple.com/us/album/stolen-moments/1571406209?i=1571406413&uo=4
Stolen Moments,Oliver Nelson,medium,negative,tense,2,102.0,Stolen Moments,Oliver Nelson,Swiss Suite,Jazz,https://audio-ssl.itunes.apple.com/itunes-assets/AudioPreview116/v4/d8/27/76/d82776ea-7012-5f76-5d15-93a28747671c/mzaf_10718339092613818405.plus.aac.p.m4a,1621357040,1621356749,1971-01-01T12:00:00Z,518480,notExplicit,https://music.apple.com/us/album/stolen-moments/1621356749?i=1621357040&uo=4
Stolen Moments,Oliver Nelson,medium,negative,tense,4,102.0,Stolen Moments,Oliver Nelson,Impulse! 60: The Best of Impulse Records,Jazz,https://audio-ssl.itunes.apple.com/itunes-assets/AudioPreview116/v4/4a/5a/78/4a5a78b5-d58b-a06f-0f67-dfd9fc537144/mzaf_573357527010244819.plus.aac.p.m4a,1552952493,1552952492,1961-08-01T12:00:00Z,525320,notExplicit,https://music.apple.com/us/album/stolen-moments/1552952492?i=1552952493&uo=4
Stolen Moments,Oliver Nelson,medium,negative,tense,3,90.0,Stolen Moments,Freddie Hubbard & Oliver Nelson,"All That Jazz, Vol. 108: Cascades – Freddie Hubbard & Friends",Jazz,https://audio-ssl.itunes.apple.com/itunes-assets/AudioPreview115/v4/46/4b/6b/464b6b50-639c-9d95-3cd6-04f798f46a70/mzaf_2873296001130770397.plus.aac.p.m4a,1437808135,1437808121,2018-10-26T12:00:00Z,519100,notExplicit,https://music.apple.com/us/album/stolen-moments/1437808121?i=1437808135&uo=4
Stolen Moments,Oliver Nelson,medium,negative,tense,5,47.0,Stolen Moments (Oliver Nelson),Echo Trio,Echo Jazz Trio,Jazz,https://audio-ssl.itunes.apple.com/itunes-assets/AudioPreview125/v4/8a/3d/87/8a3d87dd-2f6b-46a7-a096-f6e955205350/mzaf_12065036838973664337.plus.aac.p.m4a,121181944,121182247,2005-11-17T12:00:00Z,346173,notExplicit,https://music.apple.com/us/album/stolen-moments-oliver-nelson/121182247?i=121181944&uo=4
Dolphin Dance,Herbie Hancock,medium,positive,relaxed,2,102.0,Dolphin Dance,Herbie Hancock,Dedication,Jazz,https://audio-ssl.itunes.apple.com/itunes-assets/AudioPreview115/v4/50/f2/fc/50f2fc4f-d356-b734-6169-25a0ea45391c/mzaf_12927973613987552467.plus.aac.p.m4a,290306685,290306660,1974-01-01T12:00:00Z,677370,notExplicit,https://music.apple.com/us/album/dolphin-dance/290306660?i=290306685&uo=4
Dolphin Dance,Herbie Hancock,medium,positive,relaxed,3,102.0,Dolphin Dance,Herbie Hancock,Herbie Hancock Trio with Ron Carter & Tony Williams,Jazz,https://audio-ssl.itunes.apple.com/itunes-assets/AudioPreview115/v4/27/3e/e2/273ee2b4-bccf-ef8b-dc1c-5d2527c07852/mzaf_4808378738969000442.plus.aac.p.m4a,762178091,762178074,1981-01-01T12:00:00Z,619053,notExplicit,https://music.apple.com/us/album/dolphin-dance/762178074?i=762178091&uo=4
Dolphin Dance,Herbie Hancock,medium,positive,relaxed,4,90.0,Dolphin Dance,"Ron Carter, Herbie Hancock & Tony Williams",Third Plane,Jazz,https://audio-ssl.itunes.apple.com/itunes-assets/AudioPreview115/v4/7d/0d/cb/7d0dcb74-bb4c-be5e-082c-c71615739ba4/mzaf_8587643831509057801.plus.aac.p.m4a,1442994090,1442993579,1977-01-01T12:00:00Z,496813,notExplicit,https://music.apple.com/us/album/dolphin-dance/1442993579?i=1442994090&uo=4
Dolphin Dance,Herbie Hancock,medium,positive,relaxed,1,77.0,Dolphin Dance (Remastered),Herbie Hancock,Maiden Voyage,Jazz,https://audio-ssl.itunes.apple.com/itunes-assets/AudioPreview125/v4/12/a0/eb/12a0ebef-de7c-a41e-7aa4-a34e8a4bfc75/mzaf_9165760961097426820.plus.aac.p.m4a,1476740230,1476739989,1965-05-01T12:00:00Z,559000,notExplicit,https://music.apple.com/us/album/dolphin-dance-remastered/1476739989?i=1476740230&uo=4
Dolphin Dance,Herbie Hancock,medium,positive,relaxed,5,72.0,Dolphin Dance,Nicholas Payton & Christian McBride,Fingerpainting - The Music of Herbie Hancock,Jazz,https://audio-ssl.itunes.apple.com/itunes-assets/AudioPreview115/v4/9f/b7/08/9fb708c9-5a0c-ac8a-2329-eaa32a4dcf88/mzaf_10365853464768108950.plus.aac.p.m4a,1443793723,1443793440,1997-01-01T12:00:00Z,233200,notExplicit,https://music.apple.com/us/album/dolphin-dance/1443793440?i=1443793723&uo=4
Moanin',Charles Mingus,medium,negative,tense,2,102.0,Moanin',Charles Mingus,Blues & Roots (Bonus Track Version),Jazz,https://audio-ssl.itunes.apple.com/itunes-assets/AudioPreview122/v4/e9/0e/b0/e90eb00a-d9a0-8e40-7a06-84c610fd9aa2/mzaf_5055124392757281959.plus.aac.p.m4a,213005327,213005255,1960-01-01T08:00:00Z,482960,notExplicit,https://music.apple.com/us/album/moanin/213005255?i=213005327&uo=4
Moanin',Charles Mingus,medium,negative,tense,3,102.0,Moanin',Charles Mingus,The Whole Nine Yards (Original Motion Picture Soundtrack),Soundtrack,https://audio-ssl.itunes.apple.com/itunes-assets/AudioPreview115/v4/47/e5/cb/47e5cbb2-9e99-4829-bd1e-299ad704fe30/mzaf_11100849603855574545.plus.aac.p.m4a,1444011022,1444010622,2000-01-01T12:00:00Z,481480,notExplicit,https://music.apple.com/us/album/moanin/1444010622?i=1444011022&uo=4
Moanin',Charles Mingus,medium,negative,tense,4,102.0,Moanin',Charles Mingus,Passions of a Man: The Complete Atlantic Recordings 1956-1961,Jazz,https://audio-ssl.itunes.apple.com/itunes-assets/AudioPreview221/v4/cc/d1/9b/ccd19b18-5db1-82c6-3ff0-9df979145bf8/mzaf_12551273167002146850.plus.aac.p.m4a,189230024,189229246,1960-01-01T12:00:00Z,482960,notExplicit,https://music.apple.com/us/album/moanin/189229246?i=189230024&uo=4
Moanin',Charles Mingus,medium,negative,tense,1,79.5,Moanin',Mingus Big Band,Nostalgia in Times Square,Jazz,https://audio-ssl.itunes.apple.com/itunes-assets/AudioPreview126/v4/dd/39/85/dd398509-d7d2-d1de-d4cc-b046ff5cfc80/mzaf_4625450010459840335.plus.aac.p.m4a,1434630866,1434630863,1993-03-01T12:00:00Z,539360,notExplicit,https://music.apple.com/us/album/moanin/1434630863?i=1434630866&uo=4
Moanin',Charles Mingus,medium,negative,tense,5,77.0,Moanin' (Mono),Charles Mingus,Blues & Roots (Mono),Jazz,https://audio-ssl.itunes.apple.com/itunes-assets/AudioPreview122/v4/d2/44/7d/d2447dce-c4cd-8868-2ca7-6bf80b569c45/mzaf_15289712093361006905.plus.aac.p.m4a,888163287,888163268,1960-03-01T12:00:00Z,478626,notExplicit,https://music.apple.com/us/album/moanin-mono/888163268?i=888163287&uo=4
Footprints,Wayne Shorter,medium,negative,tense,1,102.0,Footprints,Wayne Shorter,Adam's Apple,Jazz,https://audio-ssl.itunes.apple.com/itunes-assets/AudioPreview211/v4/68/ab/c3/68abc3ff-65af-2785-e173-bb66b465eef3/mzaf_8044807894290668594.plus.aac.p.m4a,1443300509,1443300056,1966-02-24T12:00:00Z,450241,notExplicit,https://music.apple.com/us/album/footprints/1443300056?i=1443300509&uo=4
Footprints,Wayne Shorter,medium,negative,tense,5,102.0,Footprints,Wayne Shorter,Adam's Apple (Rudy Van Gelder Edition),Jazz,https://audio-ssl.itunes.apple.com/itunes-assets/AudioPreview115/v4/1f/c7/46/1fc74626-4e33-2a9e-67b0-4fc21126ea53/mzaf_803267240766665883.plus.aac.p.m4a,715539172,715539054,1966-02-24T12:00:00Z,449773,notExplicit,https://music.apple.com/us/album/footprints/715539054?i=715539172&uo=4
Footprints,Wayne Shorter,medium,negative,tense,2,77.0,Footprints (Live),Wayne Shorter,Footprints Live!,Jazz,https://audio-ssl.itunes.apple.com/itunes-assets/AudioPreview125/v4/f8/73/56/f8735636-5dbd-708d-bc74-588861819ea0/mzaf_4858432661507426275.plus.aac.p.m4a,1444192554,1444192352,2002-05-21T12:00:00Z,473827,notExplicit,https://music.apple.com/us/album/footprints-live/1444192352?i=1444192554&uo=4
Footprints,Wayne Shorter,medium,negative,tense,4,72.0,Footprints,Quatuor Ébène,Fiction,Classical,https://audio-ssl.itunes.apple.com/itunes-assets/AudioPreview115/v4/6a/15/07/6a1507fc-5023-38b1-30a0-a933e5768d3c/mzaf_11846971022098794299.plus.aac.p.m4a,693456899,693456832,2010-10-15T12:00:00Z,526228,notExplicit,https://music.apple.com/us/album/footprints/693456832?i=693456899&uo=4
Footprints,Wayne Shorter,medium,negative,tense,3,47.0,Footprints (feat. Wayne Shorter) [Live],Miles Davis,The Lost Concert (Live),Jazz,https://audio-ssl.itunes.apple.com/itunes-assets/AudioPreview125/v4/1f/ef/9f/1fef9fff-beb7-edf6-3280-b3972be9ca99/mzaf_18572662369221014.plus.aac.p.m4a,1581186439,1581185823,2021-09-24T12:00:00Z,390373,notExplicit,https://music.apple.com/us/album/footprints-feat-wayne-shorter-live/1581185823?i=1581186439&uo=4
In a Sentimental Mood,Duke Ellington & John Coltrane,low,positive,relaxed,1,102.0,In a Sentimental Mood,Duke Ellington & John Coltrane,Duke Ellington & John Coltrane,Jazz,https://audio-ssl.itunes.apple.com/itunes-assets/AudioPreview211/v4/ec/10/a3/ec10a360-882f-f524-cd99-c9b47242c511/mzaf_9079424449416004.plus.aac.p.m4a,1440810227,1440810221,1963-01-01T12:00:00Z,256559,notExplicit,https://music.apple.com/us/album/in-a-sentimental-mood/1440810221?i=1440810227&uo=4
In a Sentimental Mood,Duke Ellington & John Coltrane,low,positive,relaxed,2,102.0,In a Sentimental Mood,Duke Ellington & John Coltrane,The Very Best of John Coltrane,Jazz,https://audio-ssl.itunes.apple.com/itunes-assets/AudioPreview221/v4/cc/7c/62/cc7c6261-164e-a28f-7a02-efaf04346fb5/mzaf_6202742881995670733.plus.aac.p.m4a,1440911925,1440911864,1963-01-01T12:00:00Z,256173,notExplicit,https://music.apple.com/us/album/in-a-sentimental-mood/1440911864?i=1440911925&uo=4
In a Sentimental Mood,Duke Ellington & John Coltrane,low,positive,relaxed,3,102.0,In A Sentimental Mood,Duke Ellington & John Coltrane,Coltrane For Lovers,Jazz,https://audio-ssl.itunes.apple.com/itunes-assets/AudioPreview221/v4/db/d1/44/dbd1440a-9b11-3977-180e-85a29703fc33/mzaf_5211994242343169112.plus.aac.p.m4a,1440912563,1440912188,1963-01-01T12:00:00Z,255360,notExplicit,https://music.apple.com/us/album/in-a-sentimental-mood/1440912188?i=1440912563&uo=4
In a Sentimental Mood,Duke Ellington & John Coltrane,low,positive,relaxed,4,102.0,In A Sentimental Mood,Duke Ellington & John Coltrane,Coltrane For Lovers (Deluxe Edition),Jazz,https://audio-ssl.itunes.apple.com/itunes-assets/AudioPreview221/v4/85/42/66/854266fc-9ddc-f8ff-e845-ac22b0b3110d/mzaf_17877147085749015788.plus.aac.p.m4a,1609109407,1609109207,1963-01-01T12:00:00Z,256293,notExplicit,https://music.apple.com/us/album/in-a-sentimental-mood/1609109207?i=1609109407&uo=4
In a Sentimental Mood,Duke Ellington & John Coltrane,low,positive,relaxed,5,79.5,In a Sentimental Mood,Duke Ellington,The Essential Duke Ellington,Jazz,https://audio-ssl.itunes.apple.com/itunes-assets/AudioPreview211/v4/8a/9e/3b/8a9e3b05-182b-e091-e087-0e6e3fac92e4/mzaf_1911485262055780654.plus.aac.p.m4a,199334082,199331521,1972-01-01T12:00:00Z,196400,notExplicit,https://music.apple.com/us/album/in-a-sentimental-mood/199331521?i=199334082&uo=4
Pavane pour une infante defunte,Maurice Ravel,low,negative,sad,1,32.0,Pavane pour une infante défunte (Arr. Linos Piano Trio),Linos Piano Trio,Ravel: In Search of Lost Dance,Classical,https://audio-ssl.itunes.apple.com/itunes-assets/AudioPreview116/v4/cb/08/7d/cb087d0b-ad9c-2651-d12a-daf05e326ee1/mzaf_7709635850498123522.plus.aac.p.m4a,1675148375,1675148364,2023-03-17T07:00:00Z,368517,notExplicit,https://music.apple.com/us/album/pavane-pour-une-infante-d%C3%A9funte-arr-linos-piano-trio/1675148364?i=1675148375&uo=4
Pavane pour une infante defunte,Maurice Ravel,low,negative,sad,2,32.0,Pavane pour une infante défunte,"Albrecht Mayer, Academy of St Martin in the Fields & Mathias Mönius",Sleep: 111 Pieces of Classical Music for Bedtime,Classical,https://audio-ssl.itunes.apple.com/itunes-assets/AudioPreview211/v4/3f/a1/49/3fa14988-221a-8f7c-b228-a4b596eccee3/mzaf_16322389614074933566.plus.aac.p.m4a,1440834049,1440833431,2012-01-01T12:00:00Z,357467,notExplicit,https://music.apple.com/us/album/pavane-pour-une-infante-d%C3%A9funte/1440833431?i=1440834049&uo=4
Pavane pour une infante defunte,Maurice Ravel,low,negative,sad,3,32.0,Pavane Pour Une Infante Défunte,André Laplante,Ravel: Miroirs - Jeux d' Eau - Pavane Pour Une Infante Défunte,Classical,https://audio-ssl.itunes.apple.com/itunes-assets/AudioPreview125/v4/f2/09/1b/f2091ba8-4e3c-c7ed-8e25-ba2d1e42bf02/mzaf_14511975381355404618.plus.aac.p.m4a,93371992,93372644,1994-01-01T12:00:00Z,381922,notExplicit,https://music.apple.com/us/album/pavane-pour-une-infante-d%C3%A9funte/93372644?i=93371992&uo=4
Pavane pour une infante defunte,Maurice Ravel,low,negative,sad,4,32.0,Pavane pour une infante défunte,James Rhodes,Bullets & Lullabies,Classical,https://audio-ssl.itunes.apple.com/itunes-assets/AudioPreview115/v4/87/52/e2/8752e259-5b6e-acba-95e3-28de0c575de5/mzaf_1436252775383843060.plus.aac.p.m4a,448051912,448051865,2010-12-10T12:00:00Z,473080,notExplicit,https://music.apple.com/us/album/pavane-pour-une-infante-d%C3%A9funte/448051865?i=448051912&uo=4
Pavane pour une infante defunte,Maurice Ravel,low,negative,sad,5,32.0,Pavane pour une infante défunte,Monique Haas,40 Most Beautiful Piano Classics,Classical,https://audio-ssl.itunes.apple.com/itunes-assets/AudioPreview221/v4/dd/1e/fa/dd1efaa8-6958-62af-6633-f8ef7f15c0af/mzaf_5139476460596015321.plus.aac.p.m4a,443850888,443850851,1994-06-01T12:00:00Z,427707,notExplicit,https://music.apple.com/us/album/pavane-pour-une-infante-d%C3%A9funte/443850851?i=443850888&uo=4
Spiegel im Spiegel,Arvo Part,low,positive,relaxed,1,72.0,Spiegel im spiegel,Angèle Dubeau & La Pietà,Pärt: Portrait,Classical,https://audio-ssl.itunes.apple.com/itunes-assets/AudioPreview221/v4/64/68/52/6468526e-f789-71fc-c537-6ea4b041f40e/mzaf_10236163795184120551.plus.aac.p.m4a,356926261,356925966,2003-01-01T12:00:00Z,503481,notExplicit,https://music.apple.com/us/album/spiegel-im-spiegel/356925966?i=356926261&uo=4
Spiegel im Spiegel,Arvo Part,low,positive,relaxed,2,72.0,Spiegel im Spiegel,KaJeng WONG,Seasons of Life - Bonus Tracks,Classical,https://audio-ssl.itunes.apple.com/itunes-assets/AudioPreview126/v4/36/12/7b/36127b39-694d-e011-9723-1bec20cff788/mzaf_7462232586665128664.plus.aac.p.m4a,1704819495,1704819161,2020-10-09T12:00:00Z,370025,notExplicit,https://music.apple.com/us/album/spiegel-im-spiegel/1704819161?i=1704819495&uo=4
Spiegel im Spiegel,Arvo Part,low,positive,relaxed,4,72.0,Spiegel im Spiegel,"Viktoria Mullova, Estonian National Symphony Orchestra, Paavo Järvi & Liam Dunachie",ARVO PÄRT,Classical,https://audio-ssl.itunes.apple.com/itunes-assets/AudioPreview115/v4/ff/69/ea/ff69ea9b-f0d2-b3a7-41a5-a7dbacd9f206/mzaf_11753174765726182098.plus.aac.p.m4a,1435606393,1435606086,2018-09-21T12:00:00Z,565307,notExplicit,https://music.apple.com/us/album/spiegel-im-spiegel/1435606086?i=1435606393&uo=4
Spiegel im Spiegel,Arvo Part,low,positive,relaxed,3,47.0,Spiegel im Spiegel (Version for Viola and Piano),Viktor Orri Árnason,Pärt: Spiegel im Spiegel (Version for Viola and Piano) - EP,Classical Crossover,https://audio-ssl.itunes.apple.com/itunes-assets/AudioPreview221/v4/d2/8f/6c/d28f6c53-651b-8409-c458-06ba36890838/mzaf_6221462264647969212.plus.aac.p.m4a,1703162779,1703162504,2023-09-08T12:00:00Z,750080,notExplicit,https://music.apple.com/us/album/spiegel-im-spiegel-version-for-viola-and-piano/1703162504?i=1703162779&uo=4
Spiegel im Spiegel,Arvo Part,low,positive,relaxed,5,47.0,Spiegel im Spiegel (Arr. for Solo Guitar),Derek Gripper,Derek Gripper Plays Arvo Pärt - Single,Classical,https://audio-ssl.itunes.apple.com/itunes-assets/AudioPreview221/v4/6e/b0/0f/6eb00fe4-cdc9-58eb-6276-8653f5c5cac9/mzaf_9898283375626688969.plus.aac.p.m4a,1561175704,1561175701,2021-04-16T12:00:00Z,467378,notExplicit,https://music.apple.com/us/album/spiegel-im-spiegel-arr-for-solo-guitar/1561175701?i=1561175704&uo=4
"String Quartet No. 8 in C Minor, Op. 110: II. Allegro molto",Dmitri Shostakovich,high,negative,tense,2,72.0,"String Quartet No. 8 in C Minor, Op. 110: II. Allegro molto",Emerson String Quartet,Shostakovich: The String Quartets,Classical,https://audio-ssl.itunes.apple.com/itunes-assets/AudioPreview211/v4/e5/05/99/e50599f4-c23a-4034-6b05-b8bb52138325/mzaf_15632765322212059069.plus.aac.p.m4a,1452147266,1452145443,2000-01-01T12:00:00Z,157880,notExplicit,https://music.apple.com/us/album/string-quartet-no-8-in-c-minor-op-110-ii-allegro-molto/1452145443?i=1452147266&uo=4
"String Quartet No. 8 in C Minor, Op. 110: II. Allegro molto",Dmitri Shostakovich,high,negative,tense,3,72.0,"String Quartet No. 8 in C Minor, Op. 110: II. Allegro molto",Carducci String Quartet,"Dmitri Shostakovich: String Quartets Nos. 4, 8 & 11",Classical,https://audio-ssl.itunes.apple.com/itunes-assets/Music3/v4/04/d8/53/04d85357-a216-5288-d1c9-f8fce58aa4be/mzaf_4320097015699175737.plus.aac.p.m4a,962437704,962437346,2008-01-01T12:00:00Z,168520,notExplicit,https://music.apple.com/us/album/string-quartet-no-8-in-c-minor-op-110-ii-allegro-molto/962437346?i=962437704&uo=4
"String Quartet No. 8 in C Minor, Op. 110: II. Allegro molto",Dmitri Shostakovich,high,negative,tense,4,72.0,"String Quartet No. 8 in C Minor, Op. 110: II. Allegro molto",Novus Quartet,Shostakovich: String Quartets No. 3 & No. 8,Classical,https://audio-ssl.itunes.apple.com/itunes-assets/AudioPreview116/v4/16/ed/cb/16edcb89-1a5d-1d73-b453-f7ddb63e7155/mzaf_9293629380624224354.plus.aac.p.m4a,1597964862,1597964190,2021-12-10T08:00:00Z,167080,notExplicit,https://music.apple.com/us/album/string-quartet-no-8-in-c-minor-op-110-ii-allegro-molto/1597964190?i=1597964862&uo=4
"String Quartet No. 8 in C Minor, Op. 110: II. Allegro molto",Dmitri Shostakovich,high,negative,tense,5,72.0,"String Quartet No. 8 in C Minor, Op. 110: II. Allegro molto",Borodin Quartet,"Shostakovich: String Quartets Nos. 2, 3, 7, 8 & 12",Classical,https://audio-ssl.itunes.apple.com/itunes-assets/AudioPreview125/v4/2b/0e/35/2b0e3542-be98-0e73-80ab-3ec65b61bf35/mzaf_5153873732317051623.plus.aac.p.m4a,696738634,696738283,1992-08-03T12:00:00Z,171467,notExplicit,https://music.apple.com/us/album/string-quartet-no-8-in-c-minor-op-110-ii-allegro-molto/696738283?i=696738634&uo=4
"String Quartet No. 8 in C Minor, Op. 110: II. Allegro molto",Dmitri Shostakovich,high,negative,tense,1,47.0,"String Quartet No. 8 in C Minor, Op. 110: II. Allegro molto (Live)",Emerson String Quartet,Shostakovich: The String Quartets Nos. 7 - 10,Classical,https://audio-ssl.itunes.apple.com/itunes-assets/AudioPreview211/v4/c5/3f/f9/c53ff90d-61bf-4091-ceb3-b6ce58d15b91/mzaf_9956541221420286507.plus.aac.p.m4a,1754526313,1754525581,2000-01-01T12:00:00Z,157880,notExplicit,https://music.apple.com/us/album/string-quartet-no-8-in-c-minor-op-110-ii-allegro-molto-live/1754525581?i=1754526313&uo=4
Fantasia on a Theme by Thomas Tallis,Ralph Vaughan Williams,low,negative,sad,1,72.0,Fantasia on a Theme by Thomas Tallis,London Philharmonic Orchestra & Sir Roger Norrington,Sleep: 111 Pieces of Classical Music for Bedtime,Classical,https://audio-ssl.itunes.apple.com/itunes-assets/AudioPreview221/v4/c5/8f/d1/c58fd129-e781-7bf7-54be-250b583fa915/mzaf_12487767423588935555.plus.aac.p.m4a,1440839319,1440833431,1999-01-01T12:00:00Z,874867,notExplicit,https://music.apple.com/us/album/fantasia-on-a-theme-by-thomas-tallis/1440833431?i=1440839319&uo=4
Fantasia on a Theme by Thomas Tallis,Ralph Vaughan Williams,low,negative,sad,3,72.0,Fantasia on a Theme by Thomas Tallis,"Iona Brown, Sir Neville Marriner, Academy of St Martin in the Fields, Trevor Connah, Stephen Shingles & Kenneth Heath","Vaughan Williams: Tallis Fantasia, Fantasia on Greensleeves & The Lark Ascending",Classical,https://audio-ssl.itunes.apple.com/itunes-assets/AudioPreview221/v4/6c/2e/00/6c2e002a-28eb-4bad-78ff-8198523063d7/mzaf_5594161084949859147.plus.aac.p.m4a,1440737334,1440737329,1972-10-01T12:00:00Z,913200,notExplicit,https://music.apple.com/us/album/fantasia-on-a-theme-by-thomas-tallis/1440737329?i=1440737334&uo=4
Fantasia on a Theme by Thomas Tallis,Ralph Vaughan Williams,low,negative,sad,4,72.0,Fantasia on a Theme by Thomas Tallis,Sinfonia of London & Sir John Barbirolli,Ralph Vaughan Williams: The Lark Ascending & Tallis Fantasia,Classical,https://audio-ssl.itunes.apple.com/itunes-assets/AudioPreview115/v4/64/a1/0e/64a10ebe-6e86-9314-c370-32039ad1fe35/mzaf_9070047059132808765.plus.aac.p.m4a,691647980,691644405,1986-11-17T12:00:00Z,979800,notExplicit,https://music.apple.com/us/album/fantasia-on-a-theme-by-thomas-tallis/691644405?i=691647980&uo=4
Fantasia on a Theme by Thomas Tallis,Ralph Vaughan Williams,low,negative,sad,5,72.0,Fantasia on a Theme by Thomas Tallis,LSO String Ensemble & Roman Simovic,Vaughan Williams: Fantasia on a Theme by Thomas Tallis - Britten: Variations on a Theme of Frank Bridge,Classical,https://audio-ssl.itunes.apple.com/itunes-assets/AudioPreview125/v4/33/47/cd/3347cda7-4bf7-a2f8-44d7-7b66eeddee30/mzaf_17171175019297713137.plus.aac.p.m4a,1394280585,1394279513,2016-11-18T12:00:00Z,866160,notExplicit,https://music.apple.com/us/album/fantasia-on-a-theme-by-thomas-tallis/1394279513?i=1394280585&uo=4
Fantasia on a Theme by Thomas Tallis,Ralph Vaughan Williams,low,negative,sad,2,47.0,Fantasia on a Theme by Thomas Tallis (Live),Antonio Pappano & London Symphony Orchestra,Vaughan Williams: Tallis Fantasia (Live) - EP,Classical,https://audio-ssl.itunes.apple.com/itunes-assets/AudioPreview211/v4/ae/21/9a/ae219a8c-f67e-fa0f-0d60-19032f3e258b/mzaf_18077274711435177812.plus.aac.p.m4a,1566535177,1566535089,2021-06-04T12:00:00Z,941373,notExplicit,https://music.apple.com/us/album/fantasia-on-a-theme-by-thomas-tallis-live/1566535089?i=1566535177&uo=4
Gnossienne No. 3,Erik Satie,low,negative,sad,4,72.0,Gnossienne No. 3,Kai Schumacher,Beauty In Simplicity,Minimalism,https://audio-ssl.itunes.apple.com/itunes-assets/AudioPreview211/v4/fd/73/2c/fd732c0a-b7bf-1cb1-9cc4-408086992270/mzaf_12476698175847777609.plus.aac.p.m4a,1270113647,1270112813,2017-09-01T12:00:00Z,193950,notExplicit,https://music.apple.com/us/album/gnossienne-no-3/1270112813?i=1270113647&uo=4
Gnossienne No. 3,Erik Satie,low,negative,sad,1,47.0,Gnossienne no 3 Erik Satie,Serge Smulders,Erik Satie Gymnopédies & Gnossiennes - EP,Classical,https://audio-ssl.itunes.apple.com/itunes-assets/AudioPreview126/v4/22/3a/56/223a564a-47fb-0a3f-c028-49c806810467/mzaf_13437521949447706183.plus.aac.p.m4a,1607396603,1607396597,2022-02-25T12:00:00Z,175617,notExplicit,https://music.apple.com/us/album/gnossienne-no-3-erik-satie/1607396597?i=1607396603&uo=4
Gnossienne No. 3,Erik Satie,low,negative,sad,3,47.0,Gnossienne No. 3 (Adapted by Tamar Halperin and Guy Sternberg),Tamar Halperin,Satie,Classical,https://audio-ssl.itunes.apple.com/itunes-assets/AudioPreview125/v4/68/a7/cf/68a7cf9b-1083-7e1b-1fbe-00e32e583e66/mzaf_3629968677973832360.plus.aac.p.m4a,1101143282,1101143089,2016-05-13T12:00:00Z,140244,notExplicit,https://music.apple.com/us/album/gnossienne-no-3-adapted-by-tamar-halperin-and-guy-sternberg/1101143089?i=1101143282&uo=4
Gnossienne No. 3,Erik Satie,low,negative,sad,5,47.0,"Gnossienne No. 3, Erik Satie (Music Box Version)",Hexel,Classical Music Box (Music Box Version),Children's Music,https://audio-ssl.itunes.apple.com/itunes-assets/AudioPreview126/v4/33/05/22/330522c3-6e1f-664f-3400-bc57b32b8037/mzaf_11249211047342540991.plus.aac.p.m4a,1691263585,1691263576,2023-06-05T12:00:00Z,157427,notExplicit,https://music.apple.com/us/album/gnossienne-no-3-erik-satie-music-box-version/1691263576?i=1691263585&uo=4
Gnossienne No. 3,Erik Satie,low,negative,sad,2,20.333,Gnossienne no3 (Erik Satie),La Reverie,Alma de Cuerda (Soul of String),Classical,https://audio-ssl.itunes.apple.com/itunes-assets/AudioPreview125/v4/5b/b9/b8/5bb9b865-5999-17eb-f640-ee2fd4405484/mzaf_15991499077493996621.plus.aac.p.m4a,385580281,385580217,2010-07-04T12:00:00Z,242431,notExplicit,https://music.apple.com/us/album/gnossienne-no3-erik-satie/385580217?i=385580281&uo=4
"Prelude in G Minor, Op. 23 No. 5",Sergei Rachmaninoff,high,negative,tense,3,72.0,"Prelude In G Minor, Op. 23, No. 5",Van Cliburn,The World's Favorite Piano Music,Classical,https://audio-ssl.itunes.apple.com/itunes-assets/AudioPreview115/v4/38/b2/06/38b2067b-7113-9274-d06d-95c332ff8ccd/mzaf_1796649206378588914.plus.aac.p.m4a,306131247,306131199,1972-01-01T12:00:00Z,248000,notExplicit,https://music.apple.com/us/album/prelude-in-g-minor-op-23-no-5/306131199?i=306131247&uo=4
"Prelude in G Minor, Op. 23 No. 5",Sergei Rachmaninoff,high,negative,tense,4,72.0,"Prelude in G Minor, Op. 23, No. 5",Vladimir Ashkenazy,Rachmaninov: 24 Preludes; Piano Sonata No. 2,Classical,https://audio-ssl.itunes.apple.com/itunes-assets/AudioPreview211/v4/a7/2b/f5/a72bf503-40ed-f938-4814-206345aa2737/mzaf_9412785282215508922.plus.aac.p.m4a,1452233918,1452233586,1976-01-01T12:00:00Z,228360,notExplicit,https://music.apple.com/us/album/prelude-in-g-minor-op-23-no-5/1452233586?i=1452233918&uo=4
"Prelude in G Minor, Op. 23 No. 5",Sergei Rachmaninoff,high,negative,tense,5,72.0,"Prelude in G Minor, Op. 23, No. 5",Sviatoslav Richter,Tchaikovsky: Piano Concerto No. 1,Classical,https://audio-ssl.itunes.apple.com/itunes-assets/AudioPreview115/v4/f3/91/28/f39128a0-56e1-2b31-105f-0d65988082f7/mzaf_13218231368465276403.plus.aac.p.m4a,1452622134,1452622108,1987-01-01T12:00:00Z,224000,notExplicit,https://music.apple.com/us/album/prelude-in-g-minor-op-23-no-5/1452622108?i=1452622134&uo=4
"Prelude in G Minor, Op. 23 No. 5",Sergei Rachmaninoff,high,negative,tense,2,63.875,"Prélude in G Minor, Op. 23 No. 5",Sergei Rachmaninoff,Rachmaninov Plays Rachmaninov (The Ampico Piano Recordings),Classical,https://audio-ssl.itunes.apple.com/itunes-assets/AudioPreview125/v4/92/5a/38/925a3897-7026-0510-83a4-5316aa0bcb37/mzaf_9903901518119841428.plus.aac.p.m4a,1440566050,1440566024,1979-01-01T12:00:00Z,239800,notExplicit,https://music.apple.com/us/album/pr%C3%A9lude-in-g-minor-op-23-no-5/1440566024?i=1440566050&uo=4
"Prelude in G Minor, Op. 23 No. 5",Sergei Rachmaninoff,high,negative,tense,1,47.0,"Prelude in G Minor, Op. 23 No. 5 (Live at Philharmonie, Berlin, 2018)",Yuja Wang,"The Berlin Recital (Live at Philharmonie, Berlin, 2018)",Classical,https://audio-ssl.itunes.apple.com/itunes-assets/AudioPreview125/v4/1b/84/a6/1b84a69b-ed26-1350-3b6a-01a264049eb2/mzaf_10966000904367166024.plus.aac.p.m4a,1438500912,1438500699,2018-10-26T07:00:00Z,232618,notExplicit,https://music.apple.com/us/album/prelude-in-g-minor-op-23-no-5-live-at-philharmonie-berlin-2018/1438500699?i=1438500912&uo=4
The Lark Ascending,Ralph Vaughan Williams,low,positive,relaxed,1,72.0,The Lark Ascending,Sir Andrew Davis & BBC Symphony Orchestra,40 Most Beautiful Violin Classics,Classical,https://audio-ssl.itunes.apple.com/itunes-assets/AudioPreview125/v4/c1/31/7f/c1317f75-a59e-43f8-a471-18f0e6d70ec4/mzaf_15868063259576989728.plus.aac.p.m4a,445272551,445272543,1991-05-27T12:00:00Z,364187,notExplicit,https://music.apple.com/us/album/the-lark-ascending/445272543?i=445272551&uo=4
The Lark Ascending,Ralph Vaughan Williams,low,positive,relaxed,2,72.0,The Lark Ascending,"Tamsin Waley-Cohen, Orchestra of the Swan & David Curtis","Vaughan Williams: The Lark Ascending, Violin Concerto in D Minor - Elgar: Introduction & Allegro, Serenade for Strings",Classical,https://audio-ssl.itunes.apple.com/itunes-assets/AudioPreview115/v4/1d/08/d3/1d08d3a5-7286-00d0-4f84-d1a25b3a6882/mzaf_12355455461374254307.plus.aac.p.m4a,918499038,918493876,2014-09-29T12:00:00Z,1007800,notExplicit,https://music.apple.com/us/album/the-lark-ascending/918493876?i=918499038&uo=4
The Lark Ascending,Ralph Vaughan Williams,low,positive,relaxed,3,72.0,The Lark Ascending,"Hallé, Sir Mark Elder & Lyn Fletcher","Vaughan Williams: Symphony No. 7 ""Sinfonia Antartica"" & Symphony No. 9",Classical,https://audio-ssl.itunes.apple.com/itunes-assets/AudioPreview126/v4/86/d9/2a/86d92a10-14e3-9932-7169-2c3b4e1fa4fc/mzaf_1595241753235501832.plus.aac.p.m4a,1614872465,1614871566,2022-06-03T12:00:00Z,928960,notExplicit,https://music.apple.com/us/album/the-lark-ascending/1614871566?i=1614872465&uo=4
The Lark Ascending,Ralph Vaughan Williams,low,positive,relaxed,4,72.0,The Lark Ascending,"Sir Andrew Davis, BBC Symphony Orchestra & Tasmin Little","Vaughan Williams: Symphony No. 6, The Lark Ascending, Fantasia On A Theme By Thomas Tallis",Classical,https://audio-ssl.itunes.apple.com/itunes-assets/AudioPreview211/v4/9d/f3/d4/9df3d4f2-3de8-d28a-fdae-1687c034a59b/mzaf_13400253524339580989.plus.aac.p.m4a,1471411174,1471411009,1991-05-27T12:00:00Z,863360,notExplicit,https://music.apple.com/us/album/the-lark-ascending/1471411009?i=1471411174&uo=4
The Lark Ascending,Ralph Vaughan Williams,low,positive,relaxed,5,72.0,The Lark Ascending,"Iona Brown, Sir Neville Marriner & Academy of St Martin in the Fields","Vaughan Williams: Tallis Fantasia, Fantasia on Greensleeves & The Lark Ascending",Classical,https://audio-ssl.itunes.apple.com/itunes-assets/AudioPreview211/v4/7c/9a/7a/7c9a7a35-0ed7-2994-63cb-b4e19cc82659/mzaf_3059849925752805777.plus.aac.p.m4a,1440737336,1440737329,1972-10-01T12:00:00Z,964293,notExplicit,https://music.apple.com/us/album/the-lark-ascending/1440737329?i=1440737336&uo=4
"Sicilienne, Op. 78",Gabriel Faure,low,positive,relaxed,2,72.0,"Sicilienne, Op. 78",Yo-Yo Ma & Kathryn Stott,Merci,Classical,https://audio-ssl.itunes.apple.com/itunes-assets/AudioPreview221/v4/be/6d/57/be6d57b6-4968-d6a4-81d7-ead0b917fefc/mzaf_15232409822569512815.plus.aac.p.m4a,1766801454,1766801138,2024-09-13T12:00:00Z,219187,notExplicit,https://music.apple.com/us/album/sicilienne-op-78/1766801138?i=1766801454&uo=4
"Sicilienne, Op. 78",Gabriel Faure,low,positive,relaxed,4,72.0,"Sicilienne, Op. 78",Steve Anderson,Classics for the Heart,Classical,https://audio-ssl.itunes.apple.com/itunes-assets/AudioPreview126/v4/79/70/63/7970630a-82b4-90b8-bca7-6cff5681a73a/mzaf_4698131173162577378.plus.aac.p.m4a,159205982,159205943,1999-01-12T12:00:00Z,243253,notExplicit,https://music.apple.com/us/album/sicilienne-op-78/159205943?i=159205982&uo=4
"Sicilienne, Op. 78",Gabriel Faure,low,positive,relaxed,5,72.0,"Sicilienne, Op. 78",Cheng² Duo,Violoncelle Français (Bonus Track & Video Version),Classical,https://audio-ssl.itunes.apple.com/itunes-assets/AudioPreview125/v4/ea/86/8f/ea868fd3-a708-7230-709c-2573c93d2559/mzaf_18212468900450114481.plus.aac.p.m4a,1144491640,1144491045,2016-10-14T12:00:00Z,241559,notExplicit,https://music.apple.com/us/album/sicilienne-op-78/1144491045?i=1144491640&uo=4
"Sicilienne, Op. 78",Gabriel Faure,low,positive,relaxed,1,47.0,"Sicilienne, Op. 78 : Gabriel Fauré",Song Hyeon Kim,TIMESCAPE,Classical,https://audio-ssl.itunes.apple.com/itunes-assets/AudioPreview211/v4/c1/ea/be/c1eabed6-c854-5145-e929-81e147e530eb/mzaf_6652972434599740398.plus.aac.p.m4a,1863499902,1863499895,2025-12-30T08:00:00Z,213333,notExplicit,https://music.apple.com/us/album/sicilienne-op-78-gabriel-faur%C3%A9/1863499895?i=1863499902&uo=4
"Sicilienne, Op. 78",Gabriel Faure,low,positive,relaxed,3,47.0,"Sicilienne, Op. 78 (Arr. Jérôme Ducros)",Gautier Capuçon & Jérôme Ducros,Destination Paris,Classical Crossover,https://audio-ssl.itunes.apple.com/itunes-assets/AudioPreview211/v4/67/ab/4a/67ab4ab7-42a0-ba02-59a0-f317ef26b575/mzaf_13234554367652486529.plus.aac.p.m4a,1698484615,1698484258,2023-09-15T07:00:00Z,201960,notExplicit,https://music.apple.com/us/album/sicilienne-op-78-arr-j%C3%A9r%C3%B4me-ducros/1698484258?i=1698484615&uo=4
"Cello Suite No. 2 in D Minor, BWV 1008: I. Prelude",Johann Sebastian Bach,medium,negative,tense,1,72.0,"Cello Suite No. 2 in D Minor, BWV 1008: I. Prelude",Jörg Baumann,Bach: Cello Suites,Classical,https://audio-ssl.itunes.apple.com/itunes-assets/AudioPreview115/v4/73/4d/9b/734d9b01-62f7-3a7e-4fce-843155d3d0b3/mzaf_16044508527916300524.plus.aac.p.m4a,353570089,353570016,1996-08-01T12:00:00Z,223237,notExplicit,https://music.apple.com/us/album/cello-suite-no-2-in-d-minor-bwv-1008-i-prelude/353570016?i=353570089&uo=4
"Cello Suite No. 2 in D Minor, BWV 1008: I. Prelude",Johann Sebastian Bach,medium,negative,tense,2,34.727,"Cello Suite No. 2 in D Minor, BWV 1008: I. Prélude",Yo-Yo Ma,"Bach: Cello Suites Nos. 1-6, BWV 1007-1012 (2009 Remaster)",Classical,https://audio-ssl.itunes.apple.com/itunes-assets/AudioPreview211/v4/07/97/ad/0797ad6d-68e1-42f5-a8aa-ba6b734889eb/mzaf_3719593809675214730.plus.aac.p.m4a,381515650,381515547,1983-01-01T12:00:00Z,243520,notExplicit,https://music.apple.com/us/album/cello-suite-no-2-in-d-minor-bwv-1008-i-pr%C3%A9lude/381515547?i=381515650&uo=4
"Cello Suite No. 2 in D Minor, BWV 1008: I. Prelude",Johann Sebastian Bach,medium,negative,tense,3,34.727,"Cello Suite No. 2 in D Minor, BWV 1008: I. Prélude",Anastasia Kobekina,Bach: Cello Suites,Classical,https://audio-ssl.itunes.apple.com/itunes-assets/AudioPreview211/v4/b1/2b/2c/b12b2c9f-35b3-ba2f-0226-31572ab96ae6/mzaf_8288733799829631021.plus.aac.p.m4a,1820958649,1820958433,2025-08-01T12:00:00Z,269427,notExplicit,https://music.apple.com/us/album/cello-suite-no-2-in-d-minor-bwv-1008-i-pr%C3%A9lude/1820958433?i=1820958649&uo=4
"Cello Suite No. 2 in D Minor, BWV 1008: I. Prelude",Johann Sebastian Bach,medium,negative,tense,4,34.727,"Cello Suite No. 2 in D Minor, BWV 1008: I. Prélude",Yo-Yo Ma,Six Evolutions - Bach: Cello Suites,Classical,https://audio-ssl.itunes.apple.com/itunes-assets/AudioPreview221/v4/30/0c/9f/300c9f58-83b3-5832-bbf9-98a12147d256/mzaf_9425209443756256652.plus.aac.p.m4a,1398581242,1398580507,2018-08-17T12:00:00Z,252613,notExplicit,https://music.apple.com/us/album/cello-suite-no-2-in-d-minor-bwv-1008-i-pr%C3%A9lude/1398580507?i=1398581242&uo=4
"Cello Suite No. 2 in D Minor, BWV 1008: I. Prelude",Johann Sebastian Bach,medium,negative,tense,5,34.727,"Cello Suite No. 2 in D Minor, BWV 1008: I. Prélude",Jean-Guihen Queyras,J.S. Bach: Complete Cello Suites (The 2023 Sessions),Classical,https://audio-ssl.itunes.apple.com/itunes-assets/AudioPreview211/v4/4c/d3/60/4cd360f0-2374-07df-d396-5b6f9ce4403b/mzaf_16828937060733284235.plus.aac.p.m4a,1757615445,1757614627,2024-09-06T07:00:00Z,232173,notExplicit,https://music.apple.com/us/album/cello-suite-no-2-in-d-minor-bwv-1008-i-pr%C3%A9lude/1757614627?i=1757615445&uo=4
"Symphony No. 7 in A Major, Op. 92: II. Allegretto",Ludwig van Beethoven,medium,negative,tense,1,72.0,"Symphony No. 7 in A Major, Op. 92: II. Allegretto",London Symphony Orchestra & Josef Krips,Beethoven: The Complete Symphony Collection,Classical,https://audio-ssl.itunes.apple.com/itunes-assets/AudioPreview115/v4/2d/dd/1d/2ddd1d0e-6e38-88d0-786f-8d427ad40f32/mzaf_15650359682586249842.plus.aac.p.m4a,288462139,288461963,1960-01-01T12:00:00Z,532880,notExplicit,https://music.apple.com/us/album/symphony-no-7-in-a-major-op-92-ii-allegretto/288461963?i=288462139&uo=4
"Symphony No. 7 in A Major, Op. 92: II. Allegretto",Ludwig van Beethoven,medium,negative,tense,2,72.0,"Symphony No. 7 in A Major, Op. 92: II. Allegretto",London Symphony Orchestra & Antonio Pappano,Beethoven: Symphony No. 7 - Kendall: O Flower of Fire,Classical,https://audio-ssl.itunes.apple.com/itunes-assets/AudioPreview221/v4/98/9e/a5/989ea52b-1028-54ee-3c97-4420f5596000/mzaf_9005792862611940718.plus.aac.p.m4a,1734466059,1734466057,2024-03-08T08:00:00Z,553536,notExplicit,https://music.apple.com/us/album/symphony-no-7-in-a-major-op-92-ii-allegretto/1734466057?i=1734466059&uo=4
"Symphony No. 7 in A Major, Op. 92: II. Allegretto",Ludwig van Beethoven,medium,negative,tense,3,72.0,"Symphony No. 7 in A Major, Op. 92: II. Allegretto",Vienna Philharmonic & Carlos Kleiber,Beethoven: Symphonies Nos. 5 & 7,Classical,https://audio-ssl.itunes.apple.com/itunes-assets/AudioPreview221/v4/03/4a/08/034a080e-ed92-e167-20ed-e0e622390db6/mzaf_14732272907552331756.plus.aac.p.m4a,1644892963,1644892939,1995-02-20T12:00:00Z,487000,notExplicit,https://music.apple.com/us/album/symphony-no-7-in-a-major-op-92-ii-allegretto/1644892939?i=1644892963&uo=4
"Symphony No. 7 in A Major, Op. 92: II. Allegretto",Ludwig van Beethoven,medium,negative,tense,4,72.0,"Symphony No. 7 in A Major, Op. 92: II. Allegretto",Royal Philharmonic Orchestra & René Leibowitz,Beethoven: The 9 Symphonies,Classical,https://audio-ssl.itunes.apple.com/itunes-assets/Music3/v4/e9/dd/5a/e9dd5a56-305b-099a-2dd2-31373c83a48d/mzaf_6343465300792890910.plus.aac.p.m4a,962400287,962399059,2015-01-01T12:00:00Z,601493,notExplicit,https://music.apple.com/us/album/symphony-no-7-in-a-major-op-92-ii-allegretto/962399059?i=962400287&uo=4
"Symphony No. 7 in A Major, Op. 92: II. Allegretto",Ludwig van Beethoven,medium,negative,tense,5,72.0,"Symphony No. 7 in A Major, Op. 92: II. Allegretto",Sir Colin Davis & Royal Philharmonic Orchestra,Royal Philharmonic Orchestra - Beethoven,Classical,https://audio-ssl.itunes.apple.com/itunes-assets/AudioPreview211/v4/94/30/9c/94309cb4-2e7f-0718-83e0-72cc872fd950/mzaf_3986590909182387040.plus.aac.p.m4a,1757870061,1757868733,1961-01-01T12:00:00Z,569387,notExplicit,https://music.apple.com/us/album/symphony-no-7-in-a-major-op-92-ii-allegretto/1757868733?i=1757870061&uo=4
Walkin,Denzel Curry,medium,negative,tense,1,100.0,Walkin,Denzel Curry,Walkin - Single,Hip-Hop/Rap,https://audio-ssl.itunes.apple.com/itunes-assets/AudioPreview211/v4/30/5a/f3/305af32f-198d-6a9c-ec83-6ef66c3306eb/mzaf_14036894059660830860.plus.aac.p.m4a,1856377098,1856377091,2022-01-24T12:00:00Z,280971,cleaned,https://music.apple.com/us/album/walkin/1856377091?i=1856377098&uo=4
Walkin,Denzel Curry,medium,negative,tense,2,42.0,The Ills,Denzel Curry,Melt My Eyez See Your Future,Hip-Hop/Rap,https://audio-ssl.itunes.apple.com/itunes-assets/AudioPreview221/v4/4a/61/43/4a614396-75e6-d818-7a5e-89460c5ace6b/mzaf_16245804662931135329.plus.aac.p.m4a,1613567102,1613566792,2022-03-25T12:00:00Z,202841,notExplicit,https://music.apple.com/us/album/the-ills/1613566792?i=1613567102&uo=4
Walkin,Denzel Curry,medium,negative,tense,4,30.0,Dynasties and Dystopia (from the series Arcane League of Legends),"Denzel Curry, Gizzle & Bren Joy",Arcane League of Legends (Soundtrack from the Animated Series),Soundtrack,https://audio-ssl.itunes.apple.com/itunes-assets/AudioPreview221/v4/9d/ee/d4/9deed44f-dda4-aafa-5aae-179e20afad74/mzaf_14140918861768744389.plus.aac.p.m4a,1748187129,1748186906,2021-11-20T12:00:00Z,178080,notExplicit,https://music.apple.com/us/album/dynasties-and-dystopia-from-the-series-arcane/1748186906?i=1748187129&uo=4
Walkin,Denzel Curry,medium,negative,tense,5,30.0,Lemonade,YUNGBLUD & Denzel Curry,Lemonade - Single,Alternative,https://audio-ssl.itunes.apple.com/itunes-assets/AudioPreview115/v4/58/3c/54/583c5486-7ddf-28db-d6aa-d7d54e5490a7/mzaf_15710697147804172385.plus.aac.p.m4a,1526756622,1526756432,2020-08-14T12:00:00Z,165685,notExplicit,https://music.apple.com/us/album/lemonade/1526756432?i=1526756622&uo=4
Walkin,Denzel Curry,medium,negative,tense,3,12.0,"Elevate (feat. Denzel Curry, YBN Cordae, SwaVay & Trevor Rich)",DJ Khalil,Spider-Man: Into the Spider-Verse (Soundtrack From & Inspired by the Motion Picture),Soundtrack,https://audio-ssl.itunes.apple.com/itunes-assets/AudioPreview211/v4/a3/c1/0c/a3c10caf-0f91-2c2f-69c0-06f21958ec50/mzaf_3012898039122892538.plus.aac.p.m4a,1445949442,1445949265,2018-12-14T12:00:00Z,219396,notExplicit,https://music.apple.com/us/album/elevate-feat-denzel-curry-ybn-cordae-swavay-trevor-rich/1445949265?i=1445949442&uo=4
Raydar,JID,high,negative,tense,1,100.0,Raydar,JID,The Forever Story,Hip-Hop/Rap,https://audio-ssl.itunes.apple.com/itunes-assets/AudioPreview221/v4/79/8f/ba/798fba2f-45e3-534a-3595-b80c4b13923a/mzaf_1310724192152983713.plus.aac.p.m4a,1790783325,1790783321,2022-08-26T12:00:00Z,204910,cleaned,https://music.apple.com/us/album/raydar/1790783321?i=1790783325&uo=4
Raydar,JID,high,negative,tense,2,100.0,Raydar,JID,The Forever Story (Extended Version),Hip-Hop/Rap,https://audio-ssl.itunes.apple.com/itunes-assets/AudioPreview211/v4/23/ae/66/23ae66b6-baf8-9fce-a17c-5a9336a5e1e4/mzaf_15168589038610939580.plus.aac.p.m4a,1790782400,1790782188,2022-08-26T12:00:00Z,204910,cleaned,https://music.apple.com/us/album/raydar/1790782188?i=1790782400&uo=4
Raydar,JID,high,negative,tense,3,12.0,Lost Kid,Raydar,Neon Graffiti,Electronic,https://audio-ssl.itunes.apple.com/itunes-assets/AudioPreview115/v4/8d/75/b9/8d75b961-9e7c-9a17-d2c1-76aec7b262b5/mzaf_10984920586304500550.plus.aac.p.m4a,1130755444,1130755434,2016-07-08T12:00:00Z,167826,notExplicit,https://music.apple.com/us/album/lost-kid/1130755434?i=1130755444&uo=4
Raydar,JID,high,negative,tense,4,12.0,The Kid with the Replaceable Head (Radar Single Version),Richard Hell & The Voidoids,Destiny Street Demos,Rock,https://audio-ssl.itunes.apple.com/itunes-assets/AudioPreview126/v4/e9/62/bc/e962bc6a-71b5-c77a-0522-a66023c3f5eb/mzaf_4154497958077310542.plus.aac.p.m4a,1708158696,1708158692,2005-08-02T12:00:00Z,140186,notExplicit,https://music.apple.com/us/album/the-kid-with-the-replaceable-head-radar-single-version/1708158692?i=1708158696&uo=4
Raydar,JID,high,negative,tense,5,12.0,Princess Diana / Pro Nails (feat. Kanye West) [Rusko Remix] [Phrva Edit] [Mixed],"Kid Sister, Ice Spice & Nicki Minaj",On The Radar: Phrva (DJ Mix),Dubstep,https://audio-ssl.itunes.apple.com/itunes-assets/AudioPreview221/v4/13/6a/95/136a9574-3f46-0dbe-2d87-ad7e694c219d/mzaf_17358486035810326344.plus.aac.p.m4a,6768365947,6768365680,2026-05-15T12:00:00Z,68584,notExplicit,https://music.apple.com/us/album/princess-diana-pro-nails-feat-kanye-west-rusko-remix/6768365680?i=6768365947&uo=4
None Shall Pass,Aesop Rock,high,negative,tense,2,102.0,None Shall Pass,Aesop Rock,None Shall Pass (Bonus Edition),Hip-Hop/Rap,https://audio-ssl.itunes.apple.com/itunes-assets/AudioPreview112/v4/98/9e/93/989e9370-7db4-6e9a-74dd-f84b7765c247/mzaf_12127818186791660818.plus.aac.p.m4a,1623690092,1623690046,2007-07-03T12:00:00Z,243627,notExplicit,https://music.apple.com/us/album/none-shall-pass/1623690046?i=1623690092&uo=4
None Shall Pass,Aesop Rock,high,negative,tense,3,102.0,None Shall Pass,Aesop Rock,None Shall Pass,Hip-Hop/Rap,https://audio-ssl.itunes.apple.com/itunes-assets/AudioPreview112/v4/5e/1b/23/5e1b23f6-d88f-3aa2-e3b6-4908f15a2688/mzaf_9629293582607823591.plus.aac.p.m4a,1623682046,1623681811,2007-07-03T12:00:00Z,243627,notExplicit,https://music.apple.com/us/album/none-shall-pass/1623681811?i=1623682046&uo=4
None Shall Pass,Aesop Rock,high,negative,tense,1,77.0,None Shall Pass (DJ Big Wiz Megablast Mix (Bonus)),Aesop Rock,None Shall Pass (Bonus Edition),Hip-Hop/Rap,https://audio-ssl.itunes.apple.com/itunes-assets/AudioPreview126/v4/68/94/d3/6894d3e1-5cb6-50d1-b43e-2a1a4389c957/mzaf_14136709851250710341.plus.aac.p.m4a,1623690970,1623690046,2007-08-28T07:00:00Z,1414980,notExplicit,https://music.apple.com/us/album/none-shall-pass-dj-big-wiz-megablast-mix-bonus/1623690046?i=1623690970&uo=4
None Shall Pass,Aesop Rock,high,negative,tense,5,77.0,None Shall Pass (Instrumental),Aesop Rock,None Shall Pass (Single),Hip-Hop/Rap,https://audio-ssl.itunes.apple.com/itunes-assets/AudioPreview122/v4/bc/d3/fc/bcd3fcf2-eb88-3ba6-d16e-b3c3ed8badcf/mzaf_16726499528889009670.plus.aac.p.m4a,1623681123,1623680965,2007-07-03T12:00:00Z,242080,notExplicit,https://music.apple.com/us/album/none-shall-pass-instrumental/1623680965?i=1623681123&uo=4
None Shall Pass,Aesop Rock,high,negative,tense,4,75.0,None Shall Pass (Radio Edit),Aesop Rock,None Shall Pass (Single),Hip-Hop/Rap,https://audio-ssl.itunes.apple.com/itunes-assets/AudioPreview122/v4/d4/64/c1/d464c184-08a4-6294-aa62-3d328ab24265/mzaf_11224316485195474739.plus.aac.p.m4a,1623681246,1623680965,2007-07-03T12:00:00Z,214933,cleaned,https://music.apple.com/us/album/none-shall-pass-radio-edit/1623680965?i=1623681246&uo=4
Chum,Earl Sweatshirt,low,negative,sad,1,77.0,Chum (Instrumental),Earl Sweatshirt,Doris & Instrumentals,Rap,https://audio-ssl.itunes.apple.com/itunes-assets/AudioPreview116/v4/07/d3/64/07d36479-5dc5-3784-ecfb-b294983980b1/mzaf_16827254855295471188.plus.aac.p.m4a,1702939971,1702939764,2013-08-16T12:00:00Z,243773,notExplicit,https://music.apple.com/us/album/chum-instrumental/1702939764?i=1702939971&uo=4
Accordion,Madvillain,medium,negative,tense,2,77.0,Accordion (Four Tet Remix - Instrumental),Madvillain,Four Tet Remixes,Hip-Hop/Rap,https://audio-ssl.itunes.apple.com/itunes-assets/AudioPreview125/v4/10/d3/4a/10d34a1d-7a69-d6c0-ca74-dba1b7a489f5/mzaf_17030636611262571904.plus.aac.p.m4a,1325899579,1325899571,2005-04-26T12:00:00Z,169707,notExplicit,https://music.apple.com/us/album/accordion-four-tet-remix-instrumental/1325899571?i=1325899579&uo=4
Accordion,Madvillain,medium,negative,tense,1,72.0,Accordion,Abstract Orchestra,"Madvillain, Vol. 1",Hip-Hop/Rap,https://audio-ssl.itunes.apple.com/itunes-assets/AudioPreview221/v4/6e/52/7d/6e527d0a-088f-a56c-ee9d-037614a52fcd/mzaf_18026221813080624277.plus.aac.p.m4a,1788884146,1788884145,2018-11-02T12:00:00Z,194487,notExplicit,https://music.apple.com/us/album/accordion/1788884145?i=1788884146&uo=4
Accordion,Madvillain,medium,negative,tense,3,47.0,Accordion (Ghost Life Remix),Abstract Orchestra & Ghost Life,Madvillain Remixes,Hip-Hop/Rap,https://audio-ssl.itunes.apple.com/itunes-assets/AudioPreview221/v4/35/fc/4e/35fc4e48-6afd-04f2-0648-be1b8e1b1faa/mzaf_3199399199181878098.plus.aac.p.m4a,1788886511,1788886507,2023-04-07T12:00:00Z,174351,notExplicit,https://music.apple.com/us/album/accordion-ghost-life-remix/1788886507?i=1788886511&uo=4
Norf Norf,Vince Staples,high,negative,tense,2,100.0,Norf Norf,Vince Staples,Summertime '06,Hip-Hop/Rap,https://audio-ssl.itunes.apple.com/itunes-assets/AudioPreview221/v4/05/2a/60/052a6047-6477-5603-75da-0dee9bda158f/mzaf_6662896450146292246.plus.aac.p.m4a,1442881982,1442881975,2015-06-30T12:00:00Z,183020,cleaned,https://music.apple.com/us/album/norf-norf/1442881975?i=1442881982&uo=4
Norf Norf,Vince Staples,high,negative,tense,1,42.0,Big Fish,Vince Staples,Big Fish Theory,Hip-Hop/Rap,https://audio-ssl.itunes.apple.com/itunes-assets/AudioPreview221/v4/27/0f/cb/270fcb2f-ed13-784d-2105-447f77d3a7d1/mzaf_7329005316507431171.plus.aac.p.m4a,1440887132,1440887126,2017-05-18T07:00:00Z,198140,notExplicit,https://music.apple.com/us/album/big-fish/1440887126?i=1440887132&uo=4
Norf Norf,Vince Staples,high,negative,tense,3,42.0,Big Fish,Vince Staples,Big Fish Theory,Hip-Hop/Rap,https://audio-ssl.itunes.apple.com/itunes-assets/AudioPreview211/v4/a5/a6/e4/a5a6e437-f798-e4d5-c862-1972565b1102/mzaf_17782462253034658961.plus.aac.p.m4a,1442245369,1442245025,2017-05-18T12:00:00Z,198140,notExplicit,https://music.apple.com/us/album/big-fish/1442245025?i=1442245369&uo=4
Norf Norf,Vince Staples,high,negative,tense,4,42.0,Sheet Music (Episode 02),Vince Staples,Sheet Music (Episode 02) - Single,Hip-Hop/Rap,https://audio-ssl.itunes.apple.com/itunes-assets/AudioPreview115/v4/f4/5f/ca/f45fcaf2-96e7-0a25-1987-42a489ee4c0b/mzaf_13096110305962077142.plus.aac.p.m4a,1483273772,1483273771,2019-10-31T12:00:00Z,137856,notExplicit,https://music.apple.com/us/album/sheet-music-episode-02/1483273771?i=1483273772&uo=4
Norf Norf,Vince Staples,high,negative,tense,5,28.0,MAGIC,Vince Staples & Mustard,MAGIC - Single,Hip-Hop/Rap,https://audio-ssl.itunes.apple.com/itunes-assets/AudioPreview221/v4/ed/05/bd/ed05bd5d-0748-9b9b-0937-d1f3797632b5/mzaf_15768826091284041073.plus.aac.p.m4a,1608274337,1608274336,2022-02-14T12:00:00Z,226001,cleaned,https://music.apple.com/us/album/magic/1608274336?i=1608274337&uo=4
Introvert,Little Simz,high,negative,tense,1,42.0,Point and Kill (feat. Obongjayar),Little Simz,Sometimes I Might Be Introvert,Hip-Hop/Rap,https://audio-ssl.itunes.apple.com/itunes-assets/AudioPreview211/v4/ba/bc/c9/babcc926-74ed-25dd-0eab-4acb46489e1a/mzaf_6229760902578443955.plus.aac.p.m4a,1561184461,1561184260,2021-09-01T07:00:00Z,185600,notExplicit,https://music.apple.com/us/album/point-and-kill-feat-obongjayar/1561184260?i=1561184461&uo=4
Introvert,Little Simz,high,negative,tense,2,42.0,"Little Q, Pt. 1 (Interlude)",Little Simz,Sometimes I Might Be Introvert,Hip-Hop/Rap,https://audio-ssl.itunes.apple.com/itunes-assets/AudioPreview211/v4/9d/7b/1e/9d7b1ed5-0e37-8401-27a2-348bcdab5aed/mzaf_13642284935841462290.plus.aac.p.m4a,1561184273,1561184260,2021-09-03T12:00:00Z,68413,notExplicit,https://music.apple.com/us/album/little-q-pt-1-interlude/1561184260?i=1561184273&uo=4
Introvert,Little Simz,high,negative,tense,3,42.0,Gems (Interlude),Little Simz,Sometimes I Might Be Introvert,Hip-Hop/Rap,https://audio-ssl.itunes.apple.com/itunes-assets/AudioPreview211/v4/ec/ec/7c/ecec7c51-4abc-2eac-f8df-e18288345654/mzaf_2350913091114088436.plus.aac.p.m4a,1561184276,1561184260,2021-09-03T12:00:00Z,177093,notExplicit,https://music.apple.com/us/album/gems-interlude/1561184260?i=1561184276&uo=4
Introvert,Little Simz,high,negative,tense,4,42.0,The Rapper That Came To Tea (Interlude),Little Simz,Sometimes I Might Be Introvert,Hip-Hop/Rap,https://audio-ssl.itunes.apple.com/itunes-assets/AudioPreview221/v4/ea/26/e8/ea26e8ae-7653-72ee-a44c-c4414ca47d40/mzaf_7414105065382816107.plus.aac.p.m4a,1561184451,1561184260,2021-09-03T12:00:00Z,165133,notExplicit,https://music.apple.com/us/album/the-rapper-that-came-to-tea-interlude/1561184260?i=1561184451&uo=4
Introvert,Little Simz,high,negative,tense,5,42.0,The Garden (Interlude),Little Simz,Sometimes I Might Be Introvert,Hip-Hop/Rap,https://audio-ssl.itunes.apple.com/itunes-assets/AudioPreview221/v4/94/e7/6b/94e76b48-402c-0364-6f1c-f887268a75e2/mzaf_14665470247704440520.plus.aac.p.m4a,1561184922,1561184260,2021-09-03T12:00:00Z,158600,notExplicit,https://music.apple.com/us/album/the-garden-interlude/1561184260?i=1561184922&uo=4
Thursday in the Danger Room,Run The Jewels,medium,negative,sad,1,77.0,Thursday in the Danger Room (Instrumental) [feat. Kamasi Washington],Run The Jewels,Run The Jewels 3 (Instrumentals),Hip-Hop,https://audio-ssl.itunes.apple.com/itunes-assets/AudioPreview211/v4/b9/30/69/b9306935-9d9c-2e7a-d2e2-a87e942ce42a/mzaf_13971061093119209872.plus.aac.p.m4a,1868766587,1868765872,2016-12-25T12:00:00Z,262613,notExplicit,https://music.apple.com/us/album/thursday-in-the-danger-room-instrumental-feat-kamasi/1868765872?i=1868766587&uo=4
Survival Tactics,Joey Bada$$,high,negative,tense,1,72.0,Survival Tactics,Styles of Beyond,2000 Fold,Hip-Hop/Rap,https://audio-ssl.itunes.apple.com/itunes-assets/AudioPreview115/v4/db/c9/d6/dbc9d6ca-507e-6cfe-78ab-318d9001a82a/mzaf_9106375022476453465.plus.aac.p.m4a,21321074,21321137,1999-06-12T12:00:00Z,219400,notExplicit,https://music.apple.com/us/album/survival-tactics/21321137?i=21321074&uo=4
Survival Tactics,Joey Bada$$,high,negative,tense,4,40.0,DEVASTATED,Joey Bada$$,ALL-AMERIKKKAN BADA$$,Hip-Hop/Rap,https://audio-ssl.itunes.apple.com/itunes-assets/AudioPreview115/v4/16/e7/12/16e71244-2f14-4f92-ff78-fb2aa08a30e4/mzaf_17395411500127318618.plus.aac.p.m4a,1504167055,1504166825,2016-05-26T12:00:00Z,207059,cleaned,https://music.apple.com/us/album/devastated/1504166825?i=1504167055&uo=4
Survival Tactics,Joey Bada$$,high,negative,tense,3,30.0,Still New York (feat. Joey Bada$$),MAX & Joey Bada$$,Still New York (feat. Joey Bada$$) - Single,Pop,https://audio-ssl.itunes.apple.com/itunes-assets/AudioPreview125/v4/8b/68/78/8b687808-cae5-b0d2-13bc-40a9cdbf8a2c/mzaf_676300136178330754.plus.aac.p.m4a,1489860524,1489860523,2018-06-26T12:00:00Z,224914,notExplicit,https://music.apple.com/us/album/still-new-york-feat-joey-bada%24%24/1489860523?i=1489860524&uo=4
Survival Tactics,Joey Bada$$,high,negative,tense,2,12.0,Happy Without Me (feat. Joey Bada$$),Chloe x Halle,The Kids Are Alright,R&B/Soul,https://audio-ssl.itunes.apple.com/itunes-assets/AudioPreview115/v4/ff/4c/d9/ff4cd9cf-27d5-157a-ed32-61122db30c76/mzaf_14823372015697766553.plus.aac.p.m4a,1349882419,1349882013,2018-03-23T12:00:00Z,206943,notExplicit,https://music.apple.com/us/album/happy-without-me-feat-joey-bada%24%24/1349882013?i=1349882419&uo=4
Survival Tactics,Joey Bada$$,high,negative,tense,5,12.0,Joey Bada$$,Jäywlkr,If I Produced For...,Hip-Hop/Rap,https://audio-ssl.itunes.apple.com/itunes-assets/AudioPreview116/v4/2d/07/43/2d0743b6-5e27-cff7-88be-3fe14fb686dd/mzaf_12941283038827297281.plus.aac.p.m4a,1730478228,1730478044,2020-10-10T12:00:00Z,235269,notExplicit,https://music.apple.com/us/album/joey-bada%24%24/1730478044?i=1730478228&uo=4
1985,Freddie Gibbs,medium,negative,tense,2,40.0,Gang Signs (feat. ScHoolboy Q),Freddie Gibbs,Gang Signs (feat. ScHoolboy Q) - Single,Hip-Hop/Rap,https://audio-ssl.itunes.apple.com/itunes-assets/AudioPreview115/v4/9c/cd/5f/9ccd5fcd-4dc2-605a-fdba-e091594f3456/mzaf_13830450201555714616.plus.aac.p.m4a,1549548181,1549548158,2021-02-05T12:00:00Z,166841,cleaned,https://music.apple.com/us/album/gang-signs-feat-schoolboy-q/1549548158?i=1549548181&uo=4
1985,Freddie Gibbs,medium,negative,tense,3,28.0,Flight Risqué,"Jenevieve, Freddie Gibbs & SALIMATA",CRYSALIS (CODA),R&B/Soul,https://audio-ssl.itunes.apple.com/itunes-assets/AudioPreview211/v4/f4/02/f9/f402f9ac-77f3-ee2e-2f2c-937b592b5fe0/mzaf_14672777877516936409.plus.aac.p.m4a,6765540852,1895985987,2026-04-17T12:00:00Z,171253,cleaned,https://music.apple.com/us/album/flight-risqu%C3%A9/1895985987?i=6765540852&uo=4
1985,Freddie Gibbs,medium,negative,tense,1,12.0,Off Top (with Freddie Gibbs),lophiile,Off Top (with Freddie Gibbs) - Single,Electronic,https://audio-ssl.itunes.apple.com/itunes-assets/AudioPreview115/v4/ea/96/ac/ea96ac55-724d-16d5-5ece-e9188f7e6f12/mzaf_7733803610619947146.plus.aac.p.m4a,1298538861,1298538840,2017-11-15T12:00:00Z,165498,notExplicit,https://music.apple.com/us/album/off-top-with-freddie-gibbs/1298538840?i=1298538861&uo=4
Rebirth of Slick (Cool Like Dat),Digable Planets,medium,positive,happy,1,102.0,Rebirth Of Slick (Cool Like Dat),Digable Planets,Reachin' (A New Refutation Of Time And Space),Hip-Hop/Rap,https://audio-ssl.itunes.apple.com/itunes-assets/AudioPreview221/v4/1d/70/8e/1d708e45-d1f3-e6e7-121c-97cd18bdee18/mzaf_14632389000309978879.plus.aac.p.m4a,725211798,725211790,1992-11-09T08:00:00Z,261267,notExplicit,https://music.apple.com/us/album/rebirth-of-slick-cool-like-dat/725211790?i=725211798&uo=4
Rebirth of Slick (Cool Like Dat),Digable Planets,medium,positive,happy,2,102.0,Rebirth of Slick (Cool Like Dat),Digable Planets,Dope (Music from the Motion Picture),Hip-Hop/Rap,https://audio-ssl.itunes.apple.com/itunes-assets/AudioPreview116/v4/72/4e/8c/724e8c02-b46f-83b6-8133-961de3fd5088/mzaf_2909754071497866869.plus.aac.p.m4a,1000798701,1000798153,1992-11-09T12:00:00Z,261067,notExplicit,https://music.apple.com/us/album/rebirth-of-slick-cool-like-dat/1000798153?i=1000798701&uo=4
Rebirth of Slick (Cool Like Dat),Digable Planets,medium,positive,happy,3,102.0,Rebirth of Slick (Cool Like Dat),Digable Planets,Beyond the Spectrum - The Creamy Spy Chronicles,Hip-Hop/Rap,https://audio-ssl.itunes.apple.com/itunes-assets/AudioPreview125/v4/4c/fa/e2/4cfae2b7-d62b-c4e7-6e1f-2a53c3f7362b/mzaf_13988930070395843567.plus.aac.p.m4a,724471469,724470844,1992-11-09T12:00:00Z,261067,notExplicit,https://music.apple.com/us/album/rebirth-of-slick-cool-like-dat/724470844?i=724471469&uo=4
Rebirth of Slick (Cool Like Dat),Digable Planets,medium,positive,happy,4,102.0,Rebirth of Slick (Cool Like Dat),Digable Planets,Throwback Tunes: Hip Hop,Hip-Hop/Rap,https://audio-ssl.itunes.apple.com/itunes-assets/AudioPreview221/v4/b4/7d/77/b47d7724-8e8a-dbe1-f108-9c024041b82b/mzaf_11970408869053905314.plus.aac.p.m4a,1440898133,1440898049,1992-11-09T12:00:00Z,262728,notExplicit,https://music.apple.com/us/album/rebirth-of-slick-cool-like-dat/1440898049?i=1440898133&uo=4
Rebirth of Slick (Cool Like Dat),Digable Planets,medium,positive,happy,5,102.0,Rebirth of Slick (Cool Like Dat),Digable Planets,90s Hip Hop,Hip-Hop/Rap,https://audio-ssl.itunes.apple.com/itunes-assets/AudioPreview211/v4/cf/4b/73/cf4b73d0-495e-621f-dadb-97e78351ca9c/mzaf_4368485622652505890.plus.aac.p.m4a,1442957159,1442956980,1992-11-09T12:00:00Z,260117,notExplicit,https://music.apple.com/us/album/rebirth-of-slick-cool-like-dat/1442956980?i=1442957159&uo=4
Emerald Rush,Jon Hopkins,high,positive,excited,2,102.0,Emerald Rush,Jon Hopkins,Singularity,Electronic,https://audio-ssl.itunes.apple.com/itunes-assets/AudioPreview125/v4/40/83/bc/4083bc21-409c-f413-727e-b1ee98e2c206/mzaf_12159654791038693203.plus.aac.p.m4a,1349736993,1349736537,2018-05-04T12:00:00Z,336707,notExplicit,https://music.apple.com/us/album/emerald-rush/1349736537?i=1349736993&uo=4
Emerald Rush,Jon Hopkins,high,positive,excited,1,77.0,Emerald Rush (Solomun Remix Edit),Jon Hopkins,Emerald Rush (Solomun Remix) - Single,Electronic,https://audio-ssl.itunes.apple.com/itunes-assets/AudioPreview115/v4/5e/9b/88/5e9b88ee-45ba-b794-fb07-2af918916917/mzaf_6422426665911319917.plus.aac.p.m4a,1469528484,1469528481,2019-07-17T07:00:00Z,221203,notExplicit,https://music.apple.com/us/album/emerald-rush-solomun-remix-edit/1469528481?i=1469528484&uo=4
Emerald Rush,Jon Hopkins,high,positive,excited,3,77.0,Emerald Rush (Edit),Jon Hopkins,Emerald Rush (Edit) - Single,Electronic,https://audio-ssl.itunes.apple.com/itunes-assets/AudioPreview125/v4/3d/d3/fd/3dd3fd50-3d3d-9359-5e1a-802fb4f0503b/mzaf_14641022654211223895.plus.aac.p.m4a,1349743556,1349741980,2018-03-07T12:00:00Z,202227,notExplicit,https://music.apple.com/us/album/emerald-rush-edit/1349741980?i=1349743556&uo=4
Emerald Rush,Jon Hopkins,high,positive,excited,4,77.0,Emerald Rush (Mixed),Jon Hopkins,NO.SLEEP 12 (DJ Mix),Electronic,https://audio-ssl.itunes.apple.com/itunes-assets/AudioPreview115/v4/4d/84/ec/4d84eccf-6e28-7a43-6713-c93116db08f5/mzaf_15405997759783488995.plus.aac.p.m4a,1563511583,1563511472,2020-03-25T12:00:00Z,217687,notExplicit,https://music.apple.com/us/album/emerald-rush-mixed/1563511472?i=1563511583&uo=4
Emerald Rush,Jon Hopkins,high,positive,excited,5,77.0,Emerald Rush (Solomun Remix) [Mixed],Jon Hopkins,Petit Biscuit Presents: Free Fall (DJ Mix),Dance,https://audio-ssl.itunes.apple.com/itunes-assets/AudioPreview125/v4/50/e8/bd/50e8bdbf-b47f-58a4-df94-a5cf49f29a67/mzaf_7753054430312317073.plus.aac.p.m4a,1552507541,1552507538,2021-02-26T12:00:00Z,132312,notExplicit,https://music.apple.com/us/album/emerald-rush-solomun-remix-mixed/1552507538?i=1552507541&uo=4
Glue,Bicep,medium,positive,relaxed,1,102.0,Glue,Bicep,Bicep,Electronic,https://audio-ssl.itunes.apple.com/itunes-assets/AudioPreview211/v4/7c/9c/f6/7c9cf6b3-424a-3cce-96c3-c192b2f6e566/mzaf_4559815962369019993.plus.aac.p.m4a,1240586502,1240586047,2017-08-03T12:00:00Z,269150,notExplicit,https://music.apple.com/us/album/glue/1240586047?i=1240586502&uo=4
Glue,Bicep,medium,positive,relaxed,2,77.0,Glue (Mixed),Bicep,"Boiler Room: Adam Beyer in Vienna, Dec 12, 2017 (DJ Mix)",Techno,https://audio-ssl.itunes.apple.com/itunes-assets/AudioPreview125/v4/61/40/d9/6140d982-f5dc-f0ee-2ee0-dde71f7824bc/mzaf_7783890843518626521.plus.aac.p.m4a,1532999842,1532999769,2020-09-25T12:00:00Z,219945,notExplicit,https://music.apple.com/us/album/glue-mixed/1532999769?i=1532999842&uo=4
Glue,Bicep,medium,positive,relaxed,4,77.0,Glue (AndJack Remix) [Mixed],Bicep,Sunday Mix #22 (DJ Mix),Dance,https://audio-ssl.itunes.apple.com/itunes-assets/AudioPreview221/v4/88/96/29/8896297b-d213-c2e4-a070-52d9cc0aa396/mzaf_8113600522614539716.plus.aac.p.m4a,1814736343,1814736340,2025-05-30T12:00:00Z,247376,notExplicit,https://music.apple.com/us/album/glue-andjack-remix-mixed/1814736340?i=1814736343&uo=4
Glue,Bicep,medium,positive,relaxed,3,65.0,Glue / Lose Control (Ekali Edit) [Mixed],"Bicep, MEDUZA, Becky Hill & Goodboys",Awakening - Mix.8 (DJ Mix),Dance,https://audio-ssl.itunes.apple.com/itunes-assets/AudioPreview125/v4/12/66/bc/1266bcae-635f-651c-9555-4d5ba37ad178/mzaf_4778968337031540822.plus.aac.p.m4a,1526608489,1526608291,2020-08-10T12:00:00Z,114559,notExplicit,https://music.apple.com/us/album/glue-lose-control-ekali-edit-mixed/1526608291?i=1526608489&uo=4
Glue,Bicep,medium,positive,relaxed,5,65.0,"Glue (Remix) / ID5 (from Biscits at Back To Love Festival in Finsbury Park, Aug 7, 2021) [Mixed]",Bicep & ID,"Biscits at Back To Love Festival in Finsbury Park, Aug 7, 2021 (DJ Mix)",House,https://audio-ssl.itunes.apple.com/itunes-assets/AudioPreview125/v4/09/28/ff/0928ffc2-fe55-c973-ce83-ab0a6ae2ad1c/mzaf_15812050858603607392.plus.aac.p.m4a,1588811418,1588811247,2021-08-07T12:00:00Z,279201,notExplicit,https://music.apple.com/us/album/glue-remix-id5-from-biscits-at-back-to-love-festival/1588811247?i=1588811418&uo=4
Kerala,Bonobo,medium,positive,relaxed,1,102.0,Kerala,Bonobo,Migration,Electronic,https://audio-ssl.itunes.apple.com/itunes-assets/AudioPreview221/v4/7b/50/f2/7b50f2d2-4ead-9f1c-986f-a780d26a9d12/mzaf_3026587138333977214.plus.aac.p.m4a,1169246072,1169245868,2017-01-13T12:00:00Z,237547,notExplicit,https://music.apple.com/us/album/kerala/1169245868?i=1169246072&uo=4
Kerala,Bonobo,medium,positive,relaxed,5,102.0,Kerala,Bonobo,FG Chill Out #3 (The Deep House & Lounge Music Must Have Selection),Electronic,https://audio-ssl.itunes.apple.com/itunes-assets/AudioPreview125/v4/17/40/22/17402224-b960-77ac-a39d-f6520b3403f5/mzaf_12883321597809473394.plus.aac.p.m4a,1526276146,1526276140,2017-01-13T12:00:00Z,236159,notExplicit,https://music.apple.com/us/album/kerala/1526276140?i=1526276146&uo=4
Kerala,Bonobo,medium,positive,relaxed,2,77.0,Kerala (Edit) [Mixed],Bonobo,"The Warehouse Project: Bonobo in Manchester, Sep 14, 2024 (DJ Mix)",Dance,https://audio-ssl.itunes.apple.com/itunes-assets/AudioPreview211/v4/7c/08/61/7c086199-b27f-c0a0-694b-cbdb99cbd859/mzaf_13878027745953720774.plus.aac.p.m4a,1774334512,1774334404,2024-09-21T12:00:00Z,177525,notExplicit,https://music.apple.com/us/album/kerala-edit-mixed/1774334404?i=1774334512&uo=4
Kerala,Bonobo,medium,positive,relaxed,3,77.0,Kerala (Mixed),Bonobo,"Boiler Room: Bonobo in New York, Jan 20, 2018 (DJ Mix)",Techno,https://audio-ssl.itunes.apple.com/itunes-assets/AudioPreview115/v4/f3/9c/b3/f39cb319-e331-9eb6-71d6-a410951ffeb8/mzaf_11135235136599441263.plus.aac.p.m4a,1505423332,1505422894,2018-01-20T12:00:00Z,222996,notExplicit,https://music.apple.com/us/album/kerala-mixed/1505422894?i=1505423332&uo=4
Kerala,Bonobo,medium,positive,relaxed,4,77.0,Kerala (Remix) [Mixed],Bonobo,Live from Lost Village 2025: Pretty Girl (DJ Mix),House,https://audio-ssl.itunes.apple.com/itunes-assets/AudioPreview211/v4/16/a3/3a/16a33a82-4bb9-6bdd-4c15-d2c67662e3fe/mzaf_6346823006458932990.plus.aac.p.m4a,1851084373,1851084364,2025-08-23T12:00:00Z,214158,notExplicit,https://music.apple.com/us/album/kerala-remix-mixed/1851084364?i=1851084373&uo=4
Atlas,Lane 8,medium,positive,relaxed,1,102.0,Atlas,Lane 8,Little by Little,Dance,https://audio-ssl.itunes.apple.com/itunes-assets/AudioPreview125/v4/01/63/51/01635120-c956-6906-54c0-0866f8913689/mzaf_15334282776476339653.plus.aac.p.m4a,1495406711,1495406432,2018-01-19T12:00:00Z,350164,notExplicit,https://music.apple.com/us/album/atlas/1495406432?i=1495406711&uo=4
Atlas,Lane 8,medium,positive,relaxed,2,102.0,Atlas,Lane 8,In Too Deep - Miami 2018,Dance,https://audio-ssl.itunes.apple.com/itunes-assets/AudioPreview62/v4/bc/5d/81/bc5d817e-a33b-cc93-5fad-042899bfba2f/mzaf_2856306265847894490.plus.aac.p.m4a,1348548609,1348547849,2018-03-09T12:00:00Z,192787,notExplicit,https://music.apple.com/us/album/atlas/1348547849?i=1348548609&uo=4
Atlas,Lane 8,medium,positive,relaxed,4,77.0,Atlas (Abgt261) [Mixed],Lane 8,Group Therapy 261 (DJ Mix),Dance,https://audio-ssl.itunes.apple.com/itunes-assets/AudioPreview125/v4/a6/0f/2d/a60f2dc2-7dd0-5ddb-fe4f-7e343279cfed/mzaf_11691121554484240828.plus.aac.p.m4a,1320007762,1320006843,2017-12-03T12:00:00Z,251806,notExplicit,https://music.apple.com/us/album/atlas-abgt261-mixed/1320006843?i=1320007762&uo=4
Atlas,Lane 8,medium,positive,relaxed,5,77.0,Atlas (Mixed),Lane 8,NYE 2021 (DJ Mix),House,https://audio-ssl.itunes.apple.com/itunes-assets/AudioPreview125/v4/62/8d/91/628d91ee-d3ab-148f-59cf-3b24a1272c89/mzaf_17749679081300649872.plus.aac.p.m4a,1544328233,1544328185,2020-12-23T12:00:00Z,62921,notExplicit,https://music.apple.com/us/album/atlas-mixed/1544328185?i=1544328233&uo=4
Atlas,Lane 8,medium,positive,relaxed,3,12.0,Innerbloom (Lane 8 Remix),RÜFÜS DU SOL,Innerbloom (The Remixes),Electronica,https://audio-ssl.itunes.apple.com/itunes-assets/AudioPreview125/v4/a8/a3/72/a8a372a1-9dbc-5ae8-4e2e-fdb9d856939b/mzaf_8631563010150273611.plus.aac.p.m4a,1162609259,1162608962,2016-09-30T12:00:00Z,435484,notExplicit,https://music.apple.com/us/album/innerbloom-lane-8-remix/1162608962?i=1162609259&uo=4
Kusanagi,ODESZA,low,positive,relaxed,1,102.0,Kusanagi,ODESZA,In Return,Electronic,https://audio-ssl.itunes.apple.com/itunes-assets/AudioPreview221/v4/df/09/ff/df09ff63-963e-d0b2-ed2e-7d3ecca428a0/mzaf_2449223300455018209.plus.aac.p.m4a,897564302,897564246,2014-09-09T07:00:00Z,208000,notExplicit,https://music.apple.com/us/album/kusanagi/897564246?i=897564302&uo=4
Kusanagi,ODESZA,low,positive,relaxed,2,102.0,Kusanagi,ODESZA,In Return (Deluxe Edition),Electronic,https://audio-ssl.itunes.apple.com/itunes-assets/AudioPreview211/v4/52/06/7d/52067d91-a8b8-27ec-d3d6-5f6884baf7e4/mzaf_2757494853792899370.plus.aac.p.m4a,1040142862,1040142721,2014-09-09T12:00:00Z,208000,notExplicit,https://music.apple.com/us/album/kusanagi/1040142721?i=1040142862&uo=4
Kusanagi,ODESZA,low,positive,relaxed,4,102.0,Kusanagi,ODESZA,In Return (10 Year Anniversary Edition),Electronic,https://audio-ssl.itunes.apple.com/itunes-assets/AudioPreview221/v4/62/78/60/627860d4-fed7-80be-70df-f4df1bb7782f/mzaf_10610064169959032435.plus.aac.p.m4a,1766468310,1766468301,2014-09-09T07:00:00Z,208000,notExplicit,https://music.apple.com/us/album/kusanagi/1766468301?i=1766468310&uo=4
Kusanagi,ODESZA,low,positive,relaxed,3,77.0,Kusanagi (Instrumental),ODESZA,In Return (Deluxe Edition),Electronic,https://audio-ssl.itunes.apple.com/itunes-assets/AudioPreview221/v4/22/c0/cc/22c0ccbd-dfe4-6cc4-20bc-107653078aab/mzaf_10146292000507510795.plus.aac.p.m4a,1040142962,1040142721,2014-09-09T12:00:00Z,208000,notExplicit,https://music.apple.com/us/album/kusanagi-instrumental/1040142721?i=1040142962&uo=4
Kusanagi,ODESZA,low,positive,relaxed,5,77.0,Kusanagi (Mixed),ODESZA,"60 Min Yoga, Vol. 2 (DJ Mix)",Yoga,https://audio-ssl.itunes.apple.com/itunes-assets/AudioPreview116/v4/5f/65/af/5f65afd8-5e3c-eafd-9fe7-f0d701739ab3/mzaf_17596218449253102061.plus.aac.p.m4a,1609129137,1609129133,2022-02-18T12:00:00Z,197674,notExplicit,https://music.apple.com/us/album/kusanagi-mixed/1609129133?i=1609129137&uo=4
Epoch,Tycho,medium,positive,relaxed,1,102.0,Epoch,Tycho,Epoch,Electronic,https://audio-ssl.itunes.apple.com/itunes-assets/AudioPreview115/v4/33/95/76/3395767c-5deb-be0d-1b4e-d5a63ba241cf/mzaf_6003793290416452509.plus.aac.p.m4a,1154578329,1154577700,2019-02-15T12:00:00Z,345387,notExplicit,https://music.apple.com/us/album/epoch/1154577700?i=1154578329&uo=4
Epoch,Tycho,medium,positive,relaxed,3,102.0,Epoch,Tycho,Epoch (Deluxe Version),Electronic,https://audio-ssl.itunes.apple.com/itunes-assets/AudioPreview125/v4/28/87/02/288702ac-fade-2750-204e-b7e7f8a4f7e3/mzaf_4326172043743244736.plus.aac.p.m4a,1448289573,1448289566,2019-02-15T12:00:00Z,345387,notExplicit,https://music.apple.com/us/album/epoch/1448289566?i=1448289573&uo=4
Epoch,Tycho,medium,positive,relaxed,4,77.0,Epoch (Luttrell Remix),Tycho,Epoch (Luttrell Remix) - Single,Electronic,https://audio-ssl.itunes.apple.com/itunes-assets/AudioPreview125/v4/55/26/39/55263993-7861-bfd8-4570-11a78c54a191/mzaf_14684336365994915546.plus.aac.p.m4a,1448372444,1448372443,2019-02-15T12:00:00Z,407370,notExplicit,https://music.apple.com/us/album/epoch-luttrell-remix/1448372443?i=1448372444&uo=4
Epoch,Tycho,medium,positive,relaxed,5,77.0,Epoch (Luttrell Remix),Tycho,Epoch (Deluxe Version),Electronic,https://audio-ssl.itunes.apple.com/itunes-assets/AudioPreview125/v4/22/ca/84/22ca849e-82a5-34b2-564d-b216efa1e319/mzaf_5433727175209570019.plus.aac.p.m4a,1448289671,1448289566,2019-02-15T12:00:00Z,407370,notExplicit,https://music.apple.com/us/album/epoch-luttrell-remix/1448289566?i=1448289671&uo=4
Epoch,Tycho,medium,positive,relaxed,2,42.0,Horizon,Tycho,Epoch,Electronic,https://audio-ssl.itunes.apple.com/itunes-assets/AudioPreview115/v4/eb/ee/7c/ebee7cbd-0809-0285-dca2-573d7983fdca/mzaf_7465276129611450661.plus.aac.p.m4a,1154578326,1154577700,2019-02-15T12:00:00Z,249926,notExplicit,https://music.apple.com/us/album/horizon/1154577700?i=1154578326&uo=4
So U Kno,Overmono,high,positive,excited,1,102.0,So U Kno,Overmono,So U Kno - Single,Electronic,https://audio-ssl.itunes.apple.com/itunes-assets/AudioPreview211/v4/aa/36/d6/aa36d65f-64ee-d29d-a4af-06b64df538d8/mzaf_1070248895046633374.plus.aac.p.m4a,1658771254,1658771019,2021-06-16T12:00:00Z,343506,notExplicit,https://music.apple.com/us/album/so-u-kno/1658771019?i=1658771254&uo=4
So U Kno,Overmono,high,positive,excited,2,102.0,So U Kno,Overmono,Good Lies,Electronic,https://audio-ssl.itunes.apple.com/itunes-assets/AudioPreview221/v4/6d/2f/af/6d2fafee-ead0-06d9-d142-e50a54337adc/mzaf_4749641114964555761.plus.aac.p.m4a,1659656557,1659656223,2021-06-16T12:00:00Z,343506,notExplicit,https://music.apple.com/us/album/so-u-kno/1659656223?i=1659656557&uo=4
So U Kno,Overmono,high,positive,excited,3,77.0,So U Kno (Live),Overmono,"Boiler Room: Overmono in Manchester, Nov 21, 2023 (Live)",Garage,https://audio-ssl.itunes.apple.com/itunes-assets/AudioPreview126/v4/d6/a3/2b/d6a32b59-4799-1760-2a6f-43d9f088db5e/mzaf_1965218416234176501.plus.aac.p.m4a,1727255789,1727255777,2023-11-21T12:00:00Z,380398,notExplicit,https://music.apple.com/us/album/so-u-kno-live/1727255777?i=1727255789&uo=4
So U Kno,Overmono,high,positive,excited,4,77.0,So U Kno (Mixed),Overmono,"Fitness: Gym, November 2023 (DJ Mix)",Dance,https://audio-ssl.itunes.apple.com/itunes-assets/AudioPreview116/v4/ec/03/64/ec03648b-037a-b439-a4a8-eb81ccdc5bbf/mzaf_2155495107786452980.plus.aac.p.m4a,1715569296,1715569289,2023-11-10T12:00:00Z,175273,notExplicit,https://music.apple.com/us/album/so-u-kno-mixed/1715569289?i=1715569296&uo=4
So U Kno,Overmono,high,positive,excited,5,77.0,So U Kno (Mixed),Overmono,Romy: The Lot Radio (DJ Mix),House,https://audio-ssl.itunes.apple.com/itunes-assets/AudioPreview126/v4/77/76/62/7776620c-ddf8-e943-00ad-f9562660458d/mzaf_12545235517105749777.plus.aac.p.m4a,1702940594,1702940588,2023-08-25T12:00:00Z,41076,notExplicit,https://music.apple.com/us/album/so-u-kno-mixed/1702940588?i=1702940594&uo=4
Archangel,Burial,medium,negative,tense,1,102.0,Archangel,Burial,Untrue,Electronic,https://audio-ssl.itunes.apple.com/itunes-assets/AudioPreview126/v4/ef/6e/fa/ef6efa09-ae7e-aec6-2eb2-6bd11b22703c/mzaf_18137613516381741140.plus.aac.p.m4a,893175788,893175779,2007-11-05T08:00:00Z,238427,notExplicit,https://music.apple.com/us/album/archangel/893175779?i=893175788&uo=4
Archangel,Burial,medium,negative,tense,2,77.0,Archangel (Taso Remix) [Mixed],Burial,"Kode9 at fabric, Mar 15, 2024 (DJ Mix)",Bass,https://audio-ssl.itunes.apple.com/itunes-assets/AudioPreview221/v4/0c/61/b8/0c61b88c-79f8-63f2-f43f-370ee81a2aa1/mzaf_10053021876057722064.plus.aac.p.m4a,1753355135,1753354714,2024-03-15T12:00:00Z,88752,notExplicit,https://music.apple.com/us/album/archangel-taso-remix-mixed/1753354714?i=1753355135&uo=4
Archangel,Burial,medium,negative,tense,3,77.0,Archangel (Mixed),Burial,Eynka at Cercle x W Hotels at ADE 2023 (DJ Mix),Dance,https://audio-ssl.itunes.apple.com/itunes-assets/AudioPreview221/v4/8d/47/ef/8d47ef15-382f-d422-9abb-eac4c535d032/mzaf_18186448679445846442.plus.aac.p.m4a,1721240878,1721240855,2023-10-18T12:00:00Z,179656,notExplicit,https://music.apple.com/us/album/archangel-mixed/1721240855?i=1721240878&uo=4
Archangel,Burial,medium,negative,tense,4,77.0,Archangel (Mixed),Burial,Intermission Broadcast,Dance,https://audio-ssl.itunes.apple.com/itunes-assets/AudioPreview114/v4/6a/3c/c4/6a3cc45f-dff2-66ec-503b-a870a3a2e98a/mzaf_4285436039342123992.plus.aac.p.m4a,1559795813,1559795798,2021-02-17T12:00:00Z,140000,notExplicit,https://music.apple.com/us/album/archangel-mixed/1559795798?i=1559795813&uo=4
Archangel,Burial,medium,negative,tense,5,77.0,Archangel (Mixed),Burial,Beats In Space 206: Kaitlyn Aurelia Smith (DJ Mix),Dance,https://audio-ssl.itunes.apple.com/itunes-assets/AudioPreview211/v4/67/52/32/67523264-36e8-4e14-377c-d53706abd9b0/mzaf_6543192712888086764.plus.aac.p.m4a,6765486330,1895968540,2026-05-22T12:00:00Z,235925,notExplicit,https://music.apple.com/us/album/archangel-mixed/1895968540?i=6765486330&uo=4
A Walk,Tycho,medium,positive,relaxed,1,102.0,A Walk,Tycho,Dive,Electronic,https://audio-ssl.itunes.apple.com/itunes-assets/AudioPreview115/v4/fc/42/ed/fc42ed54-f3c4-f5a0-f5be-43c9b3fb2215/mzaf_1338879779032740875.plus.aac.p.m4a,679251628,679251532,2011-10-04T12:00:00Z,316919,notExplicit,https://music.apple.com/us/album/a-walk/679251532?i=679251628&uo=4
A Walk,Tycho,medium,positive,relaxed,4,102.0,A Walk,Tycho,Dive (Deluxe Version),Electronic,https://audio-ssl.itunes.apple.com/itunes-assets/AudioPreview115/v4/6a/b3/5b/6ab35b52-c1d8-edf8-a82e-c7f81eaf7033/mzaf_7123957786153330433.plus.aac.p.m4a,1490459060,1490459058,2011-10-04T12:00:00Z,316919,notExplicit,https://music.apple.com/us/album/a-walk/1490459058?i=1490459060&uo=4
A Walk,Tycho,medium,positive,relaxed,5,102.0,A Walk,Tycho,Hohokum (Original Game Soundtrack),Electronic,https://audio-ssl.itunes.apple.com/itunes-assets/AudioPreview115/v4/d5/7f/7b/d57f7b51-2b58-a75d-e6f4-0428a27e931b/mzaf_7972772566342355978.plus.aac.p.m4a,903151414,903151216,2011-10-04T12:00:00Z,316919,notExplicit,https://music.apple.com/us/album/a-walk/903151216?i=903151414&uo=4
A Walk,Tycho,medium,positive,relaxed,2,77.0,A Walk (Kolombo Remix),Tycho,Dive (Deluxe Version),Electronic,https://audio-ssl.itunes.apple.com/itunes-assets/AudioPreview125/v4/cb/cc/c7/cbccc7d8-576e-71fe-cd47-188516ba8aa7/mzaf_6820426417435963984.plus.aac.p.m4a,1490459073,1490459058,2012-09-04T12:00:00Z,356930,notExplicit,https://music.apple.com/us/album/a-walk-kolombo-remix/1490459058?i=1490459073&uo=4
A Walk,Tycho,medium,positive,relaxed,3,77.0,A Walk (Mixed),Tycho,World Mental Health Day: Downside Up (DJ Mix),Electronic,https://audio-ssl.itunes.apple.com/itunes-assets/AudioPreview221/v4/7d/9b/d3/7d9bd38f-bfe1-c2f1-5b6b-3234f6fb5bac/mzaf_5988898104598330784.plus.aac.p.m4a,1771961002,1771960746,2024-10-09T12:00:00Z,168577,notExplicit,https://music.apple.com/us/album/a-walk-mixed/1771960746?i=1771961002&uo=4
Cirrus,Bonobo,medium,positive,relaxed,1,102.0,Cirrus,Bonobo,The North Borders,Electronic,https://audio-ssl.itunes.apple.com/itunes-assets/AudioPreview211/v4/0a/7b/23/0a7b2301-138d-163a-8de8-79c51be47842/mzaf_13157584990167779773.plus.aac.p.m4a,611171963,611171778,2013-01-21T12:00:00Z,352247,notExplicit,https://music.apple.com/us/album/cirrus/611171778?i=611171963&uo=4
Cirrus,Bonobo,medium,positive,relaxed,4,102.0,Cirrus,Bonobo,Cirrus - Single,Electronic,https://audio-ssl.itunes.apple.com/itunes-assets/AudioPreview211/v4/85/e4/93/85e493c3-1ff1-2cb7-149c-c6e923f83d95/mzaf_5667950962349805271.plus.aac.p.m4a,595369941,595368828,2013-01-21T12:00:00Z,352247,notExplicit,https://music.apple.com/us/album/cirrus/595368828?i=595369941&uo=4
Cirrus,Bonobo,medium,positive,relaxed,5,102.0,Cirrus,Bonobo,Turntables on the Hudson: Twenty Years of Good Vibes (20 Year Anniversary),Electronic,https://audio-ssl.itunes.apple.com/itunes-assets/AudioPreview122/v4/ac/ee/43/acee433a-f283-59d6-c852-0277bad691e5/mzaf_12690208544882752986.plus.aac.p.m4a,1645654667,1645654570,2013-01-21T12:00:00Z,352247,notExplicit,https://music.apple.com/us/album/cirrus/1645654570?i=1645654667&uo=4
Cirrus,Bonobo,medium,positive,relaxed,2,77.0,Cirrus (Live),Bonobo,The North Borders Tour. — Live.,Electronic,https://audio-ssl.itunes.apple.com/itunes-assets/AudioPreview115/v4/d7/4f/de/d74fdee1-c6af-6986-8774-e1af90c3695e/mzaf_13917960791604526897.plus.aac.p.m4a,911410975,911410971,2014-10-03T12:00:00Z,348526,notExplicit,https://music.apple.com/us/album/cirrus-live/911410971?i=911410975&uo=4
Cirrus,Bonobo,medium,positive,relaxed,3,77.0,Cirrus (Mixed),Bonobo,Early Hours (DJ Mix),Dance,https://audio-ssl.itunes.apple.com/itunes-assets/AudioPreview221/v4/b5/3a/52/b53a52a8-9353-8471-5dc6-4e510883ea0c/mzaf_8205188027220373196.plus.aac.p.m4a,1737028021,1737028010,2024-03-29T12:00:00Z,330249,notExplicit,https://music.apple.com/us/album/cirrus-mixed/1737028010?i=1737028021&uo=4
Two Thousand and Seventeen,Four Tet,medium,positive,relaxed,1,102.0,Two Thousand and Seventeen,Four Tet,New Energy,Electronic,https://audio-ssl.itunes.apple.com/itunes-assets/AudioPreview115/v4/11/12/50/111250a0-ca7d-8ab2-461c-f772f8c316ec/mzaf_1936462126950328626.plus.aac.p.m4a,1288518126,1288517633,2017-07-05T12:00:00Z,252256,notExplicit,https://music.apple.com/us/album/two-thousand-and-seventeen/1288517633?i=1288518126&uo=4
Two Thousand and Seventeen,Four Tet,medium,positive,relaxed,2,102.0,Two Thousand and Seventeen,Four Tet,Two Thousand and Seventeen - Single,Electronic,https://audio-ssl.itunes.apple.com/itunes-assets/AudioPreview115/v4/01/a1/76/01a176f3-fcf4-ba83-ddf1-9ab22a7f118b/mzaf_16179757229948512162.plus.aac.p.m4a,1288804817,1288803604,2017-07-05T12:00:00Z,252256,notExplicit,https://music.apple.com/us/album/two-thousand-and-seventeen/1288803604?i=1288804817&uo=4
Two Thousand and Seventeen,Four Tet,medium,positive,relaxed,3,77.0,Two Thousand and Seventeen (Fred V Remix) [Mixed],Four Tet,Fred V : HUB LIVE (DJ Mix),Jungle/Drum'n'bass,https://audio-ssl.itunes.apple.com/itunes-assets/AudioPreview116/v4/cc/93/61/cc936191-99ed-6e8a-1e26-0d0e058e49a7/mzaf_969154601071597442.plus.aac.p.m4a,1680074134,1680073949,2023-04-14T12:00:00Z,108629,notExplicit,https://music.apple.com/us/album/two-thousand-and-seventeen-fred-v-remix-mixed/1680073949?i=1680074134&uo=4
Two Thousand and Seventeen,Four Tet,medium,positive,relaxed,4,77.0,Two Thousand and Seventeen (Mixed),Four Tet,KOMPAKT DJ Mix: Nicky Elisabeth (DJ Mix),Dance,https://audio-ssl.itunes.apple.com/itunes-assets/AudioPreview126/v4/84/91/b6/8491b676-1912-9787-2a83-1bf912a07a0c/mzaf_8306796102508416939.plus.aac.p.m4a,1676297235,1676297219,2023-02-23T12:00:00Z,199972,notExplicit,https://music.apple.com/us/album/two-thousand-and-seventeen-mixed/1676297219?i=1676297235&uo=4
Open Eye Signal,Jon Hopkins,high,positive,excited,1,77.0,Open Eye Signal (Remaster 2023),Jon Hopkins,Immunity,Electronic,https://audio-ssl.itunes.apple.com/itunes-assets/AudioPreview116/v4/d3/90/9e/d3909e01-1968-f45e-4432-6cfe80cb9b45/mzaf_2577751705709472939.plus.aac.p.m4a,1688995997,1688995695,2013-05-31T12:00:00Z,468587,notExplicit,https://music.apple.com/us/album/open-eye-signal-remaster-2023/1688995695?i=1688995997&uo=4
Open Eye Signal,Jon Hopkins,high,positive,excited,2,77.0,Open Eye Signal (George FitzGerald Remix),Jon Hopkins,Open Eye Signal (George FitzGerald Remix) - Single,Electronic,https://audio-ssl.itunes.apple.com/itunes-assets/AudioPreview125/v4/4a/cf/e3/4acfe37a-cb17-2fc5-17f3-88f21c526dd5/mzaf_9673099526615226631.plus.aac.p.m4a,970742778,970742188,2015-02-28T12:00:00Z,338014,notExplicit,https://music.apple.com/us/album/open-eye-signal-george-fitzgerald-remix/970742188?i=970742778&uo=4
Open Eye Signal,Jon Hopkins,high,positive,excited,3,77.0,Open Eye Signal (Asleep Version),Jon Hopkins,Asleep Versions - EP,Electronic,https://audio-ssl.itunes.apple.com/itunes-assets/AudioPreview125/v4/62/41/ec/6241ec8f-0304-d5c1-9e9d-b8c717ae54ef/mzaf_10143054329027629969.plus.aac.p.m4a,915039015,915038998,2013-06-03T12:00:00Z,662080,notExplicit,https://music.apple.com/us/album/open-eye-signal-asleep-version/915038998?i=915039015&uo=4
Open Eye Signal,Jon Hopkins,high,positive,excited,4,77.0,Open Eye Signal (Asleep Version),Jon Hopkins,Immunity,Electronic,https://audio-ssl.itunes.apple.com/itunes-assets/AudioPreview126/v4/2a/13/11/2a13118c-1381-2343-3d76-39a7547c33be/mzaf_12323818945081550254.plus.aac.p.m4a,1688996007,1688995695,2013-06-03T12:00:00Z,662080,notExplicit,https://music.apple.com/us/album/open-eye-signal-asleep-version/1688995695?i=1688996007&uo=4
Open Eye Signal,Jon Hopkins,high,positive,excited,5,77.0,Open Eye Signal (George Fitzgerald Remix),Jon Hopkins,Immunity,Electronic,https://audio-ssl.itunes.apple.com/itunes-assets/AudioPreview126/v4/4f/b9/d7/4fb9d727-09ba-9264-3835-b5d5a561aa7c/mzaf_568192691412909135.plus.aac.p.m4a,1688996011,1688995695,2015-02-28T12:00:00Z,338014,notExplicit,https://music.apple.com/us/album/open-eye-signal-george-fitzgerald-remix/1688995695?i=1688996011&uo=4
Dreams Tonite,Alvvays,medium,positive,relaxed,1,102.0,Dreams Tonite,Alvvays,Antisocialites,Alternative,https://audio-ssl.itunes.apple.com/itunes-assets/AudioPreview116/v4/26/73/fd/2673fdaa-6bfe-54e3-c0dd-884afb19bce0/mzaf_11273602793506297863.plus.aac.p.m4a,1651326697,1651326694,2017-07-25T12:00:00Z,196027,notExplicit,https://music.apple.com/us/album/dreams-tonite/1651326694?i=1651326697&uo=4
Dreams Tonite,Alvvays,medium,positive,relaxed,2,77.0,Dreams Tonite (Las Bibas Remix) [Mixed],Alvvays,"My Mixtape, Vol. 03 (DJ Mix)",Electronic,https://audio-ssl.itunes.apple.com/itunes-assets/AudioPreview221/v4/8d/ff/dc/8dffdca6-e579-ef45-4090-7961b4075301/mzaf_5160112285332505066.plus.aac.p.m4a,1755468596,1755468590,2024-07-19T12:00:00Z,245876,notExplicit,https://music.apple.com/us/album/dreams-tonite-las-bibas-remix-mixed/1755468590?i=1755468596&uo=4
Show Me How,Men I Trust,low,positive,relaxed,1,102.0,Show Me How,Men I Trust,Show Me How - Single,Pop,https://audio-ssl.itunes.apple.com/itunes-assets/AudioPreview126/v4/c9/0a/46/c90a464f-379e-8f7a-a212-e22823ac9122/mzaf_8128269148088916110.plus.aac.p.m4a,1719975688,1719975687,2018-02-28T12:00:00Z,215111,notExplicit,https://music.apple.com/us/album/show-me-how/1719975687?i=1719975688&uo=4
Show Me How,Men I Trust,low,positive,relaxed,2,77.0,Show Me How (Garage Session),Men I Trust,Forever Live Sessions,Pop,https://audio-ssl.itunes.apple.com/itunes-assets/AudioPreview126/v4/f1/d7/c5/f1d7c5f0-bd88-4156-c434-1e77e7404934/mzaf_4212697602256607548.plus.aac.p.m4a,1720779771,1720779432,2020-07-10T12:00:00Z,230376,notExplicit,https://music.apple.com/us/album/show-me-how-garage-session/1720779432?i=1720779771&uo=4
Show Me How,Men I Trust,low,positive,relaxed,3,77.0,Show Me How (Album V),Men I Trust,Oncle Jazz,Pop,https://audio-ssl.itunes.apple.com/itunes-assets/AudioPreview126/v4/9e/6d/93/9e6d9386-da0b-5392-5aaa-0b0a4c0e9f29/mzaf_2122544421669193840.plus.aac.p.m4a,1473993300,1473993015,2019-09-13T12:00:00Z,215111,notExplicit,https://music.apple.com/us/album/show-me-how-album-v/1473993015?i=1473993300&uo=4
Show Me How,Men I Trust,low,positive,relaxed,4,77.0,Show Me How (Live at RBC Echo Beach),Men I Trust,Live at RBC Echo Beach,Alternative,https://audio-ssl.itunes.apple.com/itunes-assets/AudioPreview116/v4/56/a1/27/56a12745-e2fd-e139-3175-7307a9b274ef/mzaf_15611851452484436825.plus.aac.p.m4a,1692423182,1692422655,2023-08-11T12:00:00Z,213120,notExplicit,https://music.apple.com/us/album/show-me-how-live-at-rbc-echo-beach/1692422655?i=1692423182&uo=4
Show Me How,Men I Trust,low,positive,relaxed,5,77.0,Show Me How (Remix) [Mixed],Men I Trust,NYE 2026 (DJ Mix),Dance,https://audio-ssl.itunes.apple.com/itunes-assets/AudioPreview221/v4/1d/b3/66/1db366a2-1811-53e9-bb72-5b8510702071/mzaf_14692741814492789366.plus.aac.p.m4a,1858383088,1858382844,2025-12-15T12:00:00Z,69776,notExplicit,https://music.apple.com/us/album/show-me-how-remix-mixed/1858382844?i=1858383088&uo=4
Be Sweet,Japanese Breakfast,high,positive,happy,1,102.0,Be Sweet,Japanese Breakfast,Jubilee,Alternative,https://audio-ssl.itunes.apple.com/itunes-assets/AudioPreview211/v4/c0/64/67/c0646729-fcb6-0ad1-b996-fd3408b4f4f4/mzaf_679024772755085459.plus.aac.p.m4a,1553364593,1553364590,2021-03-02T08:00:00Z,195371,notExplicit,https://music.apple.com/us/album/be-sweet/1553364590?i=1553364593&uo=4
Be Sweet,Japanese Breakfast,high,positive,happy,2,102.0,Be Sweet,Japanese Breakfast,Be Sweet (Korean Version) - Single,Alternative,https://audio-ssl.itunes.apple.com/itunes-assets/AudioPreview122/v4/25/ca/74/25ca74c9-b095-9434-401e-f1f3870d1b84/mzaf_14228790140948916847.plus.aac.p.m4a,1632077491,1632077486,2021-03-02T12:00:00Z,195371,notExplicit,https://music.apple.com/us/album/be-sweet/1632077486?i=1632077491&uo=4
Be Sweet,Japanese Breakfast,high,positive,happy,3,77.0,Be Sweet (feat. So!YoON!) [Korean Version],Japanese Breakfast,Be Sweet (Korean Version) - Single,Alternative,https://audio-ssl.itunes.apple.com/itunes-assets/AudioPreview112/v4/68/ea/81/68ea81fa-8bf1-4c53-1c1c-b6b8c4184f83/mzaf_15934844487746676471.plus.aac.p.m4a,1632077487,1632077486,2022-07-20T12:00:00Z,195373,notExplicit,https://music.apple.com/us/album/be-sweet-feat-so-yoon-korean-version/1632077486?i=1632077487&uo=4
Be Sweet,Japanese Breakfast,high,positive,happy,4,42.0,Paprika,Japanese Breakfast,Jubilee,Alternative,https://audio-ssl.itunes.apple.com/itunes-assets/AudioPreview221/v4/a0/88/55/a0885521-05c7-753b-6795-065cc17610c8/mzaf_15161039961873459798.plus.aac.p.m4a,1553364591,1553364590,2021-06-04T12:00:00Z,220316,notExplicit,https://music.apple.com/us/album/paprika/1553364590?i=1553364591&uo=4
Be Sweet,Japanese Breakfast,high,positive,happy,5,42.0,Road Head,Japanese Breakfast,Soft Sounds from Another Planet,Indie Rock,https://audio-ssl.itunes.apple.com/itunes-assets/AudioPreview125/v4/a7/bf/7d/a7bf7ddf-8f3c-a486-9a03-c67c90227ae5/mzaf_8296597390328003888.plus.aac.p.m4a,1227860275,1227860261,2017-07-07T07:00:00Z,195107,notExplicit,https://music.apple.com/us/album/road-head/1227860261?i=1227860275&uo=4
Silk Chiffon,MUNA,high,positive,happy,1,77.0,Silk Chiffon (feat. Phoebe Bridgers),MUNA,MUNA,Alternative,https://audio-ssl.itunes.apple.com/itunes-assets/AudioPreview211/v4/de/dc/a2/dedca226-5c2c-7767-6d14-a1fc0b133d65/mzaf_3625606279159258339.plus.aac.p.m4a,1611606408,1611606244,2021-09-07T12:00:00Z,206587,notExplicit,https://music.apple.com/us/album/silk-chiffon-feat-phoebe-bridgers/1611606244?i=1611606408&uo=4
Silk Chiffon,MUNA,high,positive,happy,2,77.0,Silk Chiffon (Live at The Greek Theatre in Los Angeles),MUNA,Live at The Greek Theatre in Los Angeles,Alternative,https://audio-ssl.itunes.apple.com/itunes-assets/AudioPreview211/v4/5e/3e/cf/5e3ecf08-2ce5-fa68-8a80-b8cff6a7ed41/mzaf_2416462543263020355.plus.aac.p.m4a,1823068981,1823068737,2024-06-28T12:00:00Z,239645,notExplicit,https://music.apple.com/us/album/silk-chiffon-live-at-the-greek-theatre-in-los-angeles/1823068737?i=1823068981&uo=4
Silk Chiffon,MUNA,high,positive,happy,3,72.0,Silk Chiffon,Reinaeiry,Silk Chiffon - Single,Pop,https://audio-ssl.itunes.apple.com/itunes-assets/AudioPreview211/v4/f7/90/92/f7909296-f0ef-ad90-20c5-3b4fd2f37b9f/mzaf_16385969567361526493.plus.aac.p.m4a,1738734800,1738734799,2024-04-06T12:00:00Z,200617,notExplicit,https://music.apple.com/us/album/silk-chiffon/1738734799?i=1738734800&uo=4
Silk Chiffon,MUNA,high,positive,happy,5,72.0,Silk Chiffon,Apartment 8,Silk Chiffon - Single,Pop,https://audio-ssl.itunes.apple.com/itunes-assets/AudioPreview211/v4/fb/5e/1f/fb5e1f29-17ab-6629-2f80-88110347b856/mzaf_2111997861168018393.plus.aac.p.m4a,1744820163,1744820162,2024-05-10T12:00:00Z,202606,notExplicit,https://music.apple.com/us/album/silk-chiffon/1744820162?i=1744820163&uo=4
Silk Chiffon,MUNA,high,positive,happy,4,47.0,Silk Chiffon (Apple Music Home Session),Charley,Apple Music Home Session: Charley,Pop,https://audio-ssl.itunes.apple.com/itunes-assets/AudioPreview211/v4/3f/8d/ad/3f8dada4-9774-6af9-8906-7b437a913239/mzaf_18257446544898023204.plus.aac.p.m4a,1715234796,1715234793,2023-11-08T12:00:00Z,199256,notExplicit,https://music.apple.com/us/album/silk-chiffon-apple-music-home-session/1715234793?i=1715234796&uo=4
XS,Rina Sawayama,high,positive,excited,1,102.0,XS,Rina Sawayama,SAWAYAMA,Alternative,https://audio-ssl.itunes.apple.com/itunes-assets/AudioPreview125/v4/78/e5/b9/78e5b90c-b4a0-d62a-0d55-8c47e0b587e0/mzaf_10492078721256628050.plus.aac.p.m4a,1493469443,1493469433,2020-03-03T12:00:00Z,201060,notExplicit,https://music.apple.com/us/album/xs/1493469433?i=1493469443&uo=4
XS,Rina Sawayama,high,positive,excited,3,102.0,Xs,Rina Sawayama,SAWAYAMA (Deluxe Edition),Alternative,https://audio-ssl.itunes.apple.com/itunes-assets/AudioPreview115/v4/39/3e/07/393e0738-7d21-aa95-f461-7c4f59bb1265/mzaf_15273884357748541376.plus.aac.p.m4a,1570571350,1570571063,2020-03-03T12:00:00Z,201060,notExplicit,https://music.apple.com/us/album/xs/1570571063?i=1570571350&uo=4
XS,Rina Sawayama,high,positive,excited,4,102.0,XS,Rina Sawayama,SAWAYAMA (Deluxe Edition),Alternative,https://audio-ssl.itunes.apple.com/itunes-assets/AudioPreview122/v4/75/6d/ff/756dffeb-d7b9-ce17-5df4-4e206bc42308/mzaf_17195593359619195700.plus.aac.p.m4a,1732550407,1732550395,2020-03-03T12:00:00Z,201060,notExplicit,https://music.apple.com/us/album/xs/1732550395?i=1732550407&uo=4
XS,Rina Sawayama,high,positive,excited,2,77.0,XS (Live),Rina Sawayama,SAWAYAMA (Deluxe Edition),Alternative,https://audio-ssl.itunes.apple.com/itunes-assets/AudioPreview115/v4/20/d8/e0/20d8e059-2f13-d604-8dbe-534de73a4b47/mzaf_4953740141604053367.plus.aac.p.m4a,1570571849,1570571063,2020-12-04T12:00:00Z,223049,notExplicit,https://music.apple.com/us/album/xs-live/1570571063?i=1570571849&uo=4
XS,Rina Sawayama,high,positive,excited,5,77.0,XS (Bree Runway Remix) [feat. Bree Runway],Rina Sawayama,SAWAYAMA (Deluxe Edition),Alternative,https://audio-ssl.itunes.apple.com/itunes-assets/AudioPreview115/v4/d9/0c/9d/d90c9d4b-62ed-97a0-1274-0b3fc987b530/mzaf_4248593078325535573.plus.aac.p.m4a,1570572000,1570571063,2020-07-10T12:00:00Z,202940,notExplicit,https://music.apple.com/us/album/xs-bree-runway-remix-feat-bree-runway/1570571063?i=1570572000&uo=4
Killshot,Magdalena Bay,medium,negative,tense,1,102.0,Killshot,Magdalena Bay,A Little Rhythm and a Wicked Feeling,Indie Pop,https://audio-ssl.itunes.apple.com/itunes-assets/AudioPreview122/v4/14/72/be/1472bef9-0d79-391e-75cc-0fad54cb7ef2/mzaf_17513573749968270352.plus.aac.p.m4a,1499440465,1499440447,2019-10-30T12:00:00Z,236364,notExplicit,https://music.apple.com/us/album/killshot/1499440447?i=1499440465&uo=4
Killshot,Magdalena Bay,medium,negative,tense,3,102.0,Killshot,Magdalena Bay,Killshot - Single,Indie Pop,https://audio-ssl.itunes.apple.com/itunes-assets/AudioPreview126/v4/60/56/cd/6056cd90-ff04-7e71-3b5a-f048fba84a1a/mzaf_14796425566096310770.plus.aac.p.m4a,1502634013,1502634010,2019-10-30T12:00:00Z,236364,notExplicit,https://music.apple.com/us/album/killshot/1502634010?i=1502634013&uo=4
Killshot,Magdalena Bay,medium,negative,tense,2,77.0,Killshot (Slowed + Reverb),Magdalena Bay,Killshot (Slowed + Reverb) - Single,Indie Pop,https://audio-ssl.itunes.apple.com/itunes-assets/AudioPreview125/v4/ce/84/b0/ce84b0f3-8a03-dad7-2f7e-4719953f36c2/mzaf_6675510871124461483.plus.aac.p.m4a,1551256682,1551256673,2021-02-05T12:00:00Z,278075,notExplicit,https://music.apple.com/us/album/killshot-slowed-reverb/1551256673?i=1551256682&uo=4
So Hot You're Hurting My Feelings,Caroline Polachek,high,positive,happy,1,102.0,So Hot You're Hurting My Feelings,Caroline Polachek,Pang,Indie Pop,https://audio-ssl.itunes.apple.com/itunes-assets/AudioPreview116/v4/7d/50/63/7d50630e-3403-c6be-2f88-9070487841e1/mzaf_16554078699519463994.plus.aac.p.m4a,1482422205,1482421639,2019-09-16T12:00:00Z,183861,notExplicit,https://music.apple.com/us/album/so-hot-youre-hurting-my-feelings/1482421639?i=1482422205&uo=4
So Hot You're Hurting My Feelings,Caroline Polachek,high,positive,happy,3,102.0,So Hot You're Hurting My Feelings,Caroline Polachek,So Hot You're Hurting My Feelings - Single,Indie Pop,https://audio-ssl.itunes.apple.com/itunes-assets/AudioPreview115/v4/a4/01/3d/a4013d58-cb6c-ce8e-da86-4c80f1619b67/mzaf_17921091304913387405.plus.aac.p.m4a,1482705847,1482705846,2019-09-16T12:00:00Z,183861,notExplicit,https://music.apple.com/us/album/so-hot-youre-hurting-my-feelings/1482705846?i=1482705847&uo=4
So Hot You're Hurting My Feelings,Caroline Polachek,high,positive,happy,2,77.0,So Hot You're Hurting My Feelings (A. G. Cook Remix),Caroline Polachek,So Hot You're Hurting My Feelings (A. G. Cook Remix) - Single,Indie Pop,https://audio-ssl.itunes.apple.com/itunes-assets/AudioPreview125/v4/be/64/a0/be64a0c3-63d3-bfa6-c055-b639aa71b812/mzaf_3280487888532977141.plus.aac.p.m4a,1489223466,1489223165,2019-12-18T12:00:00Z,215026,notExplicit,https://music.apple.com/us/album/so-hot-youre-hurting-my-feelings-a-g-cook-remix/1489223165?i=1489223466&uo=4
So Hot You're Hurting My Feelings,Caroline Polachek,high,positive,happy,4,72.0,So Hot You're Hurting My Feelings,Squirrel Flower,Take It or Leave It / So Hot You're Hurting My Feelings - Single,Alternative,https://audio-ssl.itunes.apple.com/itunes-assets/AudioPreview221/v4/ec/4d/a7/ec4da7e1-2f16-f394-266d-0f0fec41812d/mzaf_8820267873745384408.plus.aac.p.m4a,1651285620,1651285615,2020-05-05T12:00:00Z,209091,notExplicit,https://music.apple.com/us/album/so-hot-youre-hurting-my-feelings/1651285615?i=1651285620&uo=4
So Hot You're Hurting My Feelings,Caroline Polachek,high,positive,happy,5,72.0,So Hot You're Hurting My Feelings,Blossoms,So Hot You're Hurting My Feelings - Single,Alternative,https://audio-ssl.itunes.apple.com/itunes-assets/AudioPreview211/v4/bf/69/dc/bf69dc58-001c-b085-a8f8-6610312240b8/mzaf_11708492402209730713.plus.aac.p.m4a,1773407354,1773407349,2024-11-22T12:00:00Z,178732,notExplicit,https://music.apple.com/us/album/so-hot-youre-hurting-my-feelings/1773407349?i=1773407354&uo=4
Only Acting,Kero Kero Bonito,high,negative,tense,1,102.0,Only Acting,Kero Kero Bonito,Only Acting - Single,Alternative,https://audio-ssl.itunes.apple.com/itunes-assets/AudioPreview122/v4/d4/22/84/d42284f3-f4da-9672-0061-1562f3f0e096/mzaf_4475973960751118960.plus.aac.p.m4a,1651294284,1651294283,2018-02-12T12:00:00Z,229855,notExplicit,https://music.apple.com/us/album/only-acting/1651294283?i=1651294284&uo=4
Only Acting,Kero Kero Bonito,high,negative,tense,2,102.0,Only Acting,Kero Kero Bonito,Time 'n' Place,Alternative,https://audio-ssl.itunes.apple.com/itunes-assets/AudioPreview112/v4/8b/88/40/8b884003-20a1-9e34-c337-87e179352407/mzaf_11304417811175404862.plus.aac.p.m4a,1651294854,1651294847,2018-02-12T12:00:00Z,229855,notExplicit,https://music.apple.com/us/album/only-acting/1651294847?i=1651294854&uo=4
Only Acting,Kero Kero Bonito,high,negative,tense,4,102.0,Only Acting,Kero Kero Bonito,Totep - EP,Alternative,https://audio-ssl.itunes.apple.com/itunes-assets/AudioPreview112/v4/b0/5b/3a/b05b3a00-0229-6442-c990-1ade5b872494/mzaf_8396906847827903699.plus.aac.p.m4a,1651293703,1651293698,2018-02-12T12:00:00Z,229855,notExplicit,https://music.apple.com/us/album/only-acting/1651293698?i=1651293703&uo=4
Only Acting,Kero Kero Bonito,high,negative,tense,3,77.0,Only Acting (Radio Edit),Kero Kero Bonito,Only Acting - Single,Alternative,https://audio-ssl.itunes.apple.com/itunes-assets/AudioPreview122/v4/94/72/dc/9472dcd8-cb73-b952-29dd-92f75b10dbf6/mzaf_4693440891725288413.plus.aac.p.m4a,1651294286,1651294283,2018-02-12T12:00:00Z,211258,notExplicit,https://music.apple.com/us/album/only-acting-radio-edit/1651294283?i=1651294286&uo=4
Your Best American Girl,Mitski,medium,negative,sad,1,102.0,Your Best American Girl,Mitski,Puberty 2,Indie Rock,https://audio-ssl.itunes.apple.com/itunes-assets/AudioPreview115/v4/de/42/d6/de42d695-47a8-96ca-a0b9-5907630fa487/mzaf_6468437677024902389.plus.aac.p.m4a,1087128509,1087128495,2016-06-08T07:00:00Z,212184,notExplicit,https://music.apple.com/us/album/your-best-american-girl/1087128495?i=1087128509&uo=4
Your Best American Girl,Mitski,medium,negative,sad,2,72.0,Your Best American Girl,Queen Eider,Your Best American Girl - Single,Contemporary Folk,https://audio-ssl.itunes.apple.com/itunes-assets/AudioPreview123/v4/89/44/65/89446592-b66f-a76e-b3aa-bc0d8607e54e/mzaf_4847151158997775478.plus.aac.p.m4a,1521336568,1521336565,2020-07-03T12:00:00Z,224516,notExplicit,https://music.apple.com/us/album/your-best-american-girl/1521336565?i=1521336568&uo=4
Your Best American Girl,Mitski,medium,negative,sad,5,72.0,Your Best American Girl,Gea Tarcic,Your Best American Girl - Single,Vocal,https://audio-ssl.itunes.apple.com/itunes-assets/AudioPreview221/v4/fb/1a/78/fb1a78de-2ce1-0a6c-313c-7dc673847b2a/mzaf_3015450922208964682.plus.aac.p.m4a,1853510904,1853510903,2025-11-09T12:00:00Z,202766,notExplicit,https://music.apple.com/us/album/your-best-american-girl/1853510903?i=1853510904&uo=4
Your Best American Girl,Mitski,medium,negative,sad,3,24.5,American Girl,Bonnie McKee,American Girl - Single,Pop,https://audio-ssl.itunes.apple.com/itunes-assets/AudioPreview125/v4/a6/2e/c0/a62ec095-402a-7c55-48f4-07d65d37b837/mzaf_14396412029064853522.plus.aac.p.m4a,672805896,672805895,2013-01-01T12:00:00Z,224107,notExplicit,https://music.apple.com/us/album/american-girl/672805895?i=672805896&uo=4
Your Best American Girl,Mitski,medium,negative,sad,4,24.5,American Girl,Tom Petty & The Heartbreakers,Tom Petty And The Heartbreakers,Rock,https://audio-ssl.itunes.apple.com/itunes-assets/AudioPreview221/v4/99/d3/a7/99d3a7a5-56be-167d-d181-df6c671c7dfd/mzaf_2385594820986253284.plus.aac.p.m4a,1755217679,1755217493,1976-11-09T12:00:00Z,213223,notExplicit,https://music.apple.com/us/album/american-girl/1755217493?i=1755217679&uo=4
Saw You in a Dream,The Japanese House,low,negative,sad,1,102.0,Saw You In A Dream,The Japanese House,Saw You In a Dream - EP,Alternative,https://audio-ssl.itunes.apple.com/itunes-assets/AudioPreview125/v4/26/de/dc/26dedcdd-f9cf-ef19-4db1-726fe7459b19/mzaf_17486703770070766609.plus.aac.p.m4a,1440889384,1440889382,2017-04-26T12:00:00Z,208280,notExplicit,https://music.apple.com/us/album/saw-you-in-a-dream/1440889382?i=1440889384&uo=4
Saw You in a Dream,The Japanese House,low,negative,sad,2,77.0,i saw you in a dream,The Japanese House,Good at Falling,Alternative,https://audio-ssl.itunes.apple.com/itunes-assets/AudioPreview125/v4/97/c5/7d/97c57dea-97e2-9759-1f45-e6a6e6646c71/mzaf_8931389400715869208.plus.aac.p.m4a,1441148771,1441148492,2019-03-01T12:00:00Z,200304,notExplicit,https://music.apple.com/us/album/i-saw-you-in-a-dream/1441148492?i=1441148771&uo=4
Saw You in a Dream,The Japanese House,low,negative,sad,3,72.0,Saw You In a Dream,Hidden States,County Line Runner - EP,Alternative,https://audio-ssl.itunes.apple.com/itunes-assets/AudioPreview125/v4/68/8e/a5/688ea521-763d-9cce-d63e-f0d3bfd5eced/mzaf_14547200401657080252.plus.aac.p.m4a,1482199828,1482199524,2019-06-14T12:00:00Z,203000,notExplicit,https://music.apple.com/us/album/saw-you-in-a-dream/1482199524?i=1482199828&uo=4
Saw You in a Dream,The Japanese House,low,negative,sad,4,72.0,Saw You in a Dream,Casey Dubie,Saw You in a Dream - Single,Singer/Songwriter,https://audio-ssl.itunes.apple.com/itunes-assets/AudioPreview125/v4/8c/97/4a/8c974aa8-4e13-6365-cfea-fcc481a6e4f1/mzaf_7257519468922926111.plus.aac.p.m4a,1586764748,1586764747,2021-10-08T12:00:00Z,210473,notExplicit,https://music.apple.com/us/album/saw-you-in-a-dream/1586764747?i=1586764748&uo=4
Ceremony,New Order,medium,negative,tense,1,102.0,Ceremony,New Order,Substance,Pop,https://audio-ssl.itunes.apple.com/itunes-assets/AudioPreview211/v4/49/ae/99/49ae9942-efc2-66c9-68d2-b2ba12ae899f/mzaf_3119884863508531048.plus.aac.p.m4a,1530256507,1530256325,1981-11-13T12:00:00Z,263600,notExplicit,https://music.apple.com/us/album/ceremony/1530256325?i=1530256507&uo=4
Ceremony,New Order,medium,negative,tense,2,102.0,Ceremony,New Order,Singles,Pop,https://audio-ssl.itunes.apple.com/itunes-assets/AudioPreview125/v4/8f/70/83/8f708383-9d0a-ae37-f04e-0b5ace4f3e82/mzaf_6567054400796403308.plus.aac.p.m4a,1129721523,1129721479,1981-01-01T12:00:00Z,278760,notExplicit,https://music.apple.com/us/album/ceremony/1129721479?i=1129721523&uo=4
Ceremony,New Order,medium,negative,tense,3,77.0,Ceremony (Version 2) [2023 Digital Master],New Order,Substance (2023 Expanded Reissue),Pop,https://audio-ssl.itunes.apple.com/itunes-assets/AudioPreview221/v4/ad/35/fb/ad35fba9-2dbd-2d73-5ec6-853b3f94d6f0/mzaf_16108988539417256226.plus.aac.p.m4a,1706916899,1706916897,1981-10-08T12:00:00Z,264133,notExplicit,https://music.apple.com/us/album/ceremony-version-2-2023-digital-master/1706916897?i=1706916899&uo=4
Ceremony,New Order,medium,negative,tense,4,77.0,Ceremony (1st Mix) [Ceremony Sessions] [2019 Remaster],New Order,Movement (Definitive) [2019 Remaster],Pop,https://audio-ssl.itunes.apple.com/itunes-assets/AudioPreview221/v4/76/89/4e/76894e50-e2a3-5a86-fbde-b690f65a9a0e/mzaf_10724114269193993443.plus.aac.p.m4a,1458125303,1458124979,1981-11-13T12:00:00Z,260320,notExplicit,https://music.apple.com/us/album/ceremony-1st-mix-ceremony-sessions-2019-remaster/1458124979?i=1458125303&uo=4
Ceremony,New Order,medium,negative,tense,5,77.0,Ceremony (Live),New Order,NOMC15 (Live),Alternative,https://audio-ssl.itunes.apple.com/itunes-assets/AudioPreview115/v4/91/b9/51/91b95152-be3f-db45-73a8-2f2fb59a2341/mzaf_9811062506919827910.plus.aac.p.m4a,1316952089,1316952079,2017-12-01T12:00:00Z,295373,notExplicit,https://music.apple.com/us/album/ceremony-live/1316952079?i=1316952089&uo=4
Life's What You Make It,Talk Talk,medium,positive,excited,4,102.0,Life's What You Make It,Talk Talk,The Very Best Of,Rock,https://audio-ssl.itunes.apple.com/itunes-assets/AudioPreview122/v4/e5/b4/dd/e5b4dd39-770a-c734-a977-eee1f9e2d1c2/mzaf_8282834802859384830.plus.aac.p.m4a,696670535,696670362,1986-01-01T12:00:00Z,269973,notExplicit,https://music.apple.com/us/album/lifes-what-you-make-it/696670362?i=696670535&uo=4
Life's What You Make It,Talk Talk,medium,positive,excited,5,102.0,Life's What You Make It,Talk Talk,Essential,Pop,https://audio-ssl.itunes.apple.com/itunes-assets/AudioPreview112/v4/58/95/ec/5895ec0c-239a-6446-26d4-545cb7501d55/mzaf_6577108326548580775.plus.aac.p.m4a,693429434,693428784,1986-01-01T12:00:00Z,269973,notExplicit,https://music.apple.com/us/album/lifes-what-you-make-it/693428784?i=693429434&uo=4
Life's What You Make It,Talk Talk,medium,positive,excited,1,77.0,Life's What You Make It (1997 - Remaster),Talk Talk,The Colour of Spring,Rock,https://audio-ssl.itunes.apple.com/itunes-assets/AudioPreview125/v4/93/fa/40/93fa4074-e57c-61ca-b58f-a57d3c9d0ac6/mzaf_6518020022425030748.plus.aac.p.m4a,696811878,696811651,1986-02-17T12:00:00Z,268893,notExplicit,https://music.apple.com/us/album/lifes-what-you-make-it-1997-remaster/696811651?i=696811878&uo=4
Life's What You Make It,Talk Talk,medium,positive,excited,2,77.0,Life's What You Make It (Extended Mix) [1998 Remastered Version],Talk Talk,Remixed,Rock,https://audio-ssl.itunes.apple.com/itunes-assets/AudioPreview125/v4/7f/2e/f3/7f2ef3bc-c520-7eb2-025e-924d2a12c026/mzaf_17688082968074412892.plus.aac.p.m4a,695504214,695502987,1986-02-17T12:00:00Z,421160,notExplicit,https://music.apple.com/us/album/lifes-what-you-make-it-extended-mix-1998-remastered-version/695502987?i=695504214&uo=4
Life's What You Make It,Talk Talk,medium,positive,excited,3,77.0,Life's What You Make It (Mixed),Talk Talk,Beats In Space 025: Tim Sweeney (DJ Mix),Dance,https://audio-ssl.itunes.apple.com/itunes-assets/AudioPreview112/v4/05/f2/33/05f233e3-39b9-ae2a-d0a6-8cdcb09510e2/mzaf_15772612532945667811.plus.aac.p.m4a,1623489744,1623489740,2022-05-20T12:00:00Z,204849,notExplicit,https://music.apple.com/us/album/lifes-what-you-make-it-mixed/1623489740?i=1623489744&uo=4
Love My Way,The Psychedelic Furs,medium,positive,happy,1,102.0,Love My Way,The Psychedelic Furs,Forever Now (2002 Bonus Tracks Edition),New Wave,https://audio-ssl.itunes.apple.com/itunes-assets/AudioPreview115/v4/42/b4/f9/42b4f9dd-938f-c86e-e413-953b5bdc003a/mzaf_1389995137883184358.plus.aac.p.m4a,211438542,211437926,1982-09-25T07:00:00Z,213973,notExplicit,https://music.apple.com/us/album/love-my-way/211437926?i=211438542&uo=4
Love My Way,The Psychedelic Furs,medium,positive,happy,2,102.0,Love My Way,The Psychedelic Furs,Greatest Hits,Alternative,https://audio-ssl.itunes.apple.com/itunes-assets/AudioPreview122/v4/8e/37/b8/8e37b82f-e05e-3f53-b6e3-d158e3700281/mzaf_835287220810190424.plus.aac.p.m4a,169719259,169718883,1982-07-01T07:00:00Z,211667,notExplicit,https://music.apple.com/us/album/love-my-way/169718883?i=169719259&uo=4
Love My Way,The Psychedelic Furs,medium,positive,happy,3,102.0,Love My Way,The Psychedelic Furs,Superhits,Alternative,https://audio-ssl.itunes.apple.com/itunes-assets/AudioPreview211/v4/78/a0/23/78a023c1-8e50-b26e-7fac-4a65ff93bf9c/mzaf_14883106171055216733.plus.aac.p.m4a,211442603,211441631,1982-09-25T12:00:00Z,214053,notExplicit,https://music.apple.com/us/album/love-my-way/211441631?i=211442603&uo=4
Love My Way,The Psychedelic Furs,medium,positive,happy,5,102.0,Love My Way,The Psychedelic Furs,All of This and Nothing,New Wave,https://audio-ssl.itunes.apple.com/itunes-assets/AudioPreview115/v4/2d/e0/6e/2de06e4e-e36b-de2c-e70c-f489e4c0040c/mzaf_18212551789343193800.plus.aac.p.m4a,186032743,186032407,1982-09-25T12:00:00Z,211573,notExplicit,https://music.apple.com/us/album/love-my-way/186032407?i=186032743&uo=4
Love My Way,The Psychedelic Furs,medium,positive,happy,4,77.0,"Love My Way (Live at the House of Blues, L.A. 2001)",The Psychedelic Furs,"Beautiful Chaos: Greatest Hits Live (House of Blues, L.A. 2001)",New Wave,https://audio-ssl.itunes.apple.com/itunes-assets/AudioPreview115/v4/2f/f0/de/2ff0decf-a919-67ab-f39c-50889bf3d6b3/mzaf_2570800083049871181.plus.aac.p.m4a,190845360,190844872,2001-10-23T12:00:00Z,241000,notExplicit,https://music.apple.com/us/album/love-my-way-live-at-the-house-of-blues-l-a-2001/190844872?i=190845360&uo=4
A Forest,The Cure,medium,negative,tense,1,102.0,A Forest,The Cure,Seventeen Seconds (Deluxe Edition),Alternative,https://audio-ssl.itunes.apple.com/itunes-assets/AudioPreview116/v4/bc/f3/ed/bcf3eda8-4426-1528-f411-5dfe06bfb4d8/mzaf_16155767371106033934.plus.aac.p.m4a,65619482,65619601,1980-04-22T08:00:00Z,354933,notExplicit,https://music.apple.com/us/album/a-forest/65619601?i=65619482&uo=4
A Forest,The Cure,medium,negative,tense,2,102.0,A Forest,The Cure,Greatest Hits,Alternative,https://audio-ssl.itunes.apple.com/itunes-assets/AudioPreview122/v4/be/64/85/be64853f-7217-386c-3274-f99d04ff163e/mzaf_3620007649910202963.plus.aac.p.m4a,1288102523,1288102355,1980-04-08T12:00:00Z,294106,notExplicit,https://music.apple.com/us/album/a-forest/1288102355?i=1288102523&uo=4
A Forest,The Cure,medium,negative,tense,5,102.0,A Forest,The Cure,Seventeen Seconds,Alternative,https://audio-ssl.itunes.apple.com/itunes-assets/AudioPreview115/v4/89/e8/83/89e88339-7254-a9c8-4004-01473c063070/mzaf_11090548460380433501.plus.aac.p.m4a,286646361,286646354,1980-03-28T08:00:00Z,354933,notExplicit,https://music.apple.com/us/album/a-forest/286646354?i=286646361&uo=4
A Forest,The Cure,medium,negative,tense,3,77.0,A Forest (Tree Mix) [Remastered],The Cure,Mixed Up (Deluxe Edition),Alternative,https://audio-ssl.itunes.apple.com/itunes-assets/AudioPreview115/v4/3d/b8/57/3db8578b-6a35-a470-a69b-07f7b795ccb0/mzaf_9306661292360996091.plus.aac.p.m4a,1375797797,1375797425,1990-11-20T12:00:00Z,414840,notExplicit,https://music.apple.com/us/album/a-forest-tree-mix-remastered/1375797425?i=1375797797&uo=4
A Forest,The Cure,medium,negative,tense,4,77.0,A Forest (Live In France June 1980),The Cure,Seventeen Seconds (Deluxe Edition),Alternative,https://audio-ssl.itunes.apple.com/itunes-assets/AudioPreview115/v4/23/cc/c2/23ccc270-1d33-4e0b-42b1-fbc912f65924/mzaf_5953432203708563605.plus.aac.p.m4a,65619594,65619601,2005-04-26T07:00:00Z,388840,notExplicit,https://music.apple.com/us/album/a-forest-live-in-france-june-1980/65619601?i=65619594&uo=4
Cities in Dust,Siouxsie and the Banshees,high,negative,tense,1,83.25,Cities In Dust,Siouxsie & The Banshees,Tinderbox (Remastered & Expanded),Rock,https://audio-ssl.itunes.apple.com/itunes-assets/AudioPreview221/v4/61/c3/3c/61c33c60-b1b1-e807-669b-b5e55ea50865/mzaf_14744696204040940587.plus.aac.p.m4a,1443842139,1443841582,1985-10-18T12:00:00Z,231573,notExplicit,https://music.apple.com/us/album/cities-in-dust/1443841582?i=1443842139&uo=4
Cities in Dust,Siouxsie and the Banshees,high,negative,tense,2,72.0,Cities in Dust,Garbage,Witness to Your Love - EP,Rock,https://audio-ssl.itunes.apple.com/itunes-assets/AudioPreview116/v4/bc/bf/ba/bcbfbab2-e185-6186-019f-dde5b0b7a64c/mzaf_15779016680058534576.plus.aac.p.m4a,1682062936,1682062782,2023-04-22T12:00:00Z,261542,notExplicit,https://music.apple.com/us/album/cities-in-dust/1682062782?i=1682062936&uo=4
Cities in Dust,Siouxsie and the Banshees,high,negative,tense,3,72.0,Cities In Dust,Thy Witness,The Sincerest Form of Flattery - Single,Rock,https://audio-ssl.itunes.apple.com/itunes-assets/AudioPreview112/v4/f8/22/1b/f8221b75-2d6b-431f-2a8a-63b32d584e89/mzaf_3455157127320859969.plus.aac.p.m4a,1647292525,1647292523,2022-09-16T12:00:00Z,193884,notExplicit,https://music.apple.com/us/album/cities-in-dust/1647292523?i=1647292525&uo=4
Cities in Dust,Siouxsie and the Banshees,high,negative,tense,4,58.25,Cities In Dust (Extended Version),Siouxsie & The Banshees,Tinderbox (Remastered & Expanded),Rock,https://audio-ssl.itunes.apple.com/itunes-assets/AudioPreview221/v4/25/c8/22/25c822cc-b555-458e-3c79-d08bd03860d2/mzaf_3515702815808010108.plus.aac.p.m4a,1443842584,1443841582,1986-04-22T12:00:00Z,409293,notExplicit,https://music.apple.com/us/album/cities-in-dust-extended-version/1443841582?i=1443842584&uo=4
Cities in Dust,Siouxsie and the Banshees,high,negative,tense,5,58.25,Cities in Dust (Single Version),Siouxsie & The Banshees,The Best Of...,Rock,https://audio-ssl.itunes.apple.com/itunes-assets/AudioPreview125/v4/ac/d4/5f/acd45fc7-d461-dd9a-1385-2690e58d4391/mzaf_12423529440570698261.plus.aac.p.m4a,1450958913,1450958726,1985-10-18T12:00:00Z,243800,notExplicit,https://music.apple.com/us/album/cities-in-dust-single-version/1450958726?i=1450958913&uo=4
The Killing Moon,Echo & the Bunnymen,medium,negative,tense,1,102.0,The Killing Moon,Echo & The Bunnymen,Songs to Learn and Sing,Pop,https://audio-ssl.itunes.apple.com/itunes-assets/AudioPreview122/v4/be/ea/05/beea05d3-da20-5856-5552-bebb1d7c1f4c/mzaf_18275892302936094611.plus.aac.p.m4a,31740178,31740160,1985-11-11T08:00:00Z,346280,notExplicit,https://music.apple.com/us/album/the-killing-moon/31740160?i=31740178&uo=4
The Killing Moon,Echo & the Bunnymen,medium,negative,tense,2,102.0,The Killing Moon,Echo & The Bunnymen,"Me, I'm All Smiles",Rock,https://audio-ssl.itunes.apple.com/itunes-assets/AudioPreview125/v4/22/5f/c6/225fc687-e0fd-c70d-4a41-cfc92c787471/mzaf_3055351608201302556.plus.aac.p.m4a,218425992,218425849,2006-01-01T12:00:00Z,284227,notExplicit,https://music.apple.com/us/album/the-killing-moon/218425849?i=218425992&uo=4
The Killing Moon,Echo & the Bunnymen,medium,negative,tense,3,102.0,The Killing Moon,Echo & The Bunnymen,Ocean Rain (Deluxe Version),Pop,https://audio-ssl.itunes.apple.com/itunes-assets/AudioPreview211/v4/91/29/9a/91299aee-e049-d96d-8cc3-76465d644048/mzaf_15300400421178719313.plus.aac.p.m4a,31739924,31739912,1984-01-20T08:00:00Z,348293,notExplicit,https://music.apple.com/us/album/the-killing-moon/31739912?i=31739924&uo=4
The Killing Moon,Echo & the Bunnymen,medium,negative,tense,5,102.0,The Killing Moon,Echo & The Bunnymen,Nothing Lasts Forever,Rock,https://audio-ssl.itunes.apple.com/itunes-assets/AudioPreview125/v4/06/bb/a8/06bba83e-2b30-2d61-6c2e-8457a63a8480/mzaf_11163325893818882167.plus.aac.p.m4a,1107102921,1107102630,2006-01-01T12:00:00Z,284227,notExplicit,https://music.apple.com/us/album/the-killing-moon/1107102630?i=1107102921&uo=4
The Killing Moon,Echo & the Bunnymen,medium,negative,tense,4,77.0,The Killing Moon (Live),Echo & The Bunnymen,Greatest Hits Live In London (Live),Rock,https://audio-ssl.itunes.apple.com/itunes-assets/AudioPreview115/v4/32/2a/8d/322a8d62-5e34-7b32-e0c1-ffa0004531bb/mzaf_5530432196433688118.plus.aac.p.m4a,1287134681,1287133798,2006-01-01T12:00:00Z,284227,notExplicit,https://music.apple.com/us/album/the-killing-moon-live/1287133798?i=1287134681&uo=4
Enola Gay,Orchestral Manoeuvres in the Dark,high,negative,tense,1,102.0,Enola Gay,Orchestral Manoeuvres In the Dark,Organisation,Pop,https://audio-ssl.itunes.apple.com/itunes-assets/AudioPreview116/v4/3b/0b/d0/3b0bd0ae-b450-00dd-3a31-2d372f503b37/mzaf_1265393616095927658.plus.aac.p.m4a,714776989,714776809,1980-09-26T07:00:00Z,213693,notExplicit,https://music.apple.com/us/album/enola-gay/714776809?i=714776989&uo=4
Enola Gay,Orchestral Manoeuvres in the Dark,high,negative,tense,4,102.0,Enola Gay,Orchestral Manoeuvres In the Dark,The Best Of Orchestral Manoeuvres In The Dark,Electronic,https://audio-ssl.itunes.apple.com/itunes-assets/AudioPreview211/v4/a6/6d/6d/a66d6dfd-12dd-fa26-c46d-cac8c707c4cb/mzaf_3445959331803143843.plus.aac.p.m4a,714551817,714551637,1980-09-26T07:00:00Z,212400,notExplicit,https://music.apple.com/us/album/enola-gay/714551637?i=714551817&uo=4
Enola Gay,Orchestral Manoeuvres in the Dark,high,negative,tense,2,77.0,Enola Gay (Remastered 2019),Orchestral Manoeuvres In the Dark,Souvenir,Electronic,https://audio-ssl.itunes.apple.com/itunes-assets/AudioPreview125/v4/49/10/b9/4910b9ad-04aa-6707-fd62-8d0a74b31dc2/mzaf_6118430650254143375.plus.aac.p.m4a,1475851454,1475850622,2019-10-04T12:00:00Z,211547,notExplicit,https://music.apple.com/us/album/enola-gay-remastered-2019/1475850622?i=1475851454&uo=4
Enola Gay,Orchestral Manoeuvres in the Dark,high,negative,tense,3,77.0,Enola Gay (Extended Mix),Orchestral Manoeuvres In the Dark,Enola Gay (Remixes) - EP,Electronic,https://audio-ssl.itunes.apple.com/itunes-assets/AudioPreview125/v4/75/98/7e/75987e02-b050-95c1-8bd9-40137befe5f9/mzaf_10376425011141983482.plus.aac.p.m4a,1541250010,1541250007,2020-10-16T12:00:00Z,288813,notExplicit,https://music.apple.com/us/album/enola-gay-extended-mix/1541250007?i=1541250010&uo=4
Enola Gay,Orchestral Manoeuvres in the Dark,high,negative,tense,5,77.0,Enola Gay (Mixed),Orchestral Manoeuvres In the Dark,"Italo Disco, Hi-Ng, Synthpop & New Wave MIx (DJ Mix)",Disco,https://audio-ssl.itunes.apple.com/itunes-assets/AudioPreview126/v4/2e/85/dd/2e85dd01-45ef-50d5-69cf-973cc7fcdf6e/mzaf_13967508158799967819.plus.aac.p.m4a,1704070851,1704070757,2022-02-04T12:00:00Z,93974,notExplicit,https://music.apple.com/us/album/enola-gay-mixed/1704070757?i=1704070851&uo=4
This Charming Man,The Smiths,high,positive,happy,1,102.0,This Charming Man,The Smiths,The Smiths,Alternative,https://audio-ssl.itunes.apple.com/itunes-assets/AudioPreview122/v4/80/b0/2b/80b02b47-dd50-02f0-8dbd-700f117f4c47/mzaf_6865508113176690808.plus.aac.p.m4a,799995891,799995884,1983-10-31T12:00:00Z,163347,notExplicit,https://music.apple.com/us/album/this-charming-man/799995884?i=799995891&uo=4
This Charming Man,The Smiths,high,positive,happy,4,102.0,This Charming Man,The Smiths,Complete,Alternative,https://audio-ssl.itunes.apple.com/itunes-assets/AudioPreview122/v4/b1/4f/82/b14f8228-2675-91f3-2e46-2dfc06bc7e5f/mzaf_6843834014649931853.plus.aac.p.m4a,803459967,803459952,1984-02-20T08:00:00Z,163347,notExplicit,https://music.apple.com/us/album/this-charming-man/803459952?i=803459967&uo=4
This Charming Man,The Smiths,high,positive,happy,5,102.0,This Charming Man,The Smiths,The Sound of The Smiths,Alternative,https://audio-ssl.itunes.apple.com/itunes-assets/AudioPreview115/v4/a0/57/b8/a057b8f7-63b6-38bb-2738-149427014fd6/mzaf_4159989033145105507.plus.aac.p.m4a,799980295,799980206,1983-10-31T08:00:00Z,163333,notExplicit,https://music.apple.com/us/album/this-charming-man/799980206?i=799980295&uo=4
This Charming Man,The Smiths,high,positive,happy,2,77.0,This Charming Man (John Peel Session 9/14/83),The Smiths,Hatful of Hollow,Alternative,https://audio-ssl.itunes.apple.com/itunes-assets/AudioPreview112/v4/e9/08/ed/e908ed8d-9c22-e2d4-09d8-29d40d44cf26/mzaf_10638413515132599713.plus.aac.p.m4a,799969781,799969670,1984-11-12T08:00:00Z,165680,notExplicit,https://music.apple.com/us/album/this-charming-man-john-peel-session-9-14-83/799969670?i=799969781&uo=4
This Charming Man,The Smiths,high,positive,happy,3,77.0,"This Charming Man (John Peel Session, 9/14/83)",The Smiths,Complete,Alternative,https://audio-ssl.itunes.apple.com/itunes-assets/AudioPreview112/v4/c7/c7/8a/c7c78ab3-c89c-912c-83a1-ba06137ff1bc/mzaf_9984202322984604971.plus.aac.p.m4a,803460026,803459952,1984-11-12T08:00:00Z,165680,notExplicit,https://music.apple.com/us/album/this-charming-man-john-peel-session-9-14-83/803459952?i=803460026&uo=4
Flying Whales,Gojira,high,negative,tense,1,102.0,Flying Whales,GOJIRA,From Mars to Sirius,Metal,https://audio-ssl.itunes.apple.com/itunes-assets/AudioPreview211/v4/be/a4/0a/bea40a20-1b1b-0935-66e2-d0d80f51d33c/mzaf_17143022508128274714.plus.aac.p.m4a,213374170,213374112,2005-09-27T07:00:00Z,464453,notExplicit,https://music.apple.com/us/album/flying-whales/213374112?i=213374170&uo=4
Flying Whales,Gojira,high,negative,tense,2,77.0,Flying Whales (Live at Hellfest 2016),GOJIRA,Live At Hellfest 2016,Metal,https://audio-ssl.itunes.apple.com/itunes-assets/AudioPreview221/v4/d6/73/a8/d673a8bf-c565-8acd-c351-572bba3c3b7f/mzaf_536134424135613010.plus.aac.p.m4a,1835098058,1835097835,2016-01-01T12:00:00Z,478527,notExplicit,https://music.apple.com/us/album/flying-whales-live-at-hellfest-2016/1835097835?i=1835098058&uo=4
Flying Whales,Gojira,high,negative,tense,3,77.0,"Flying Whales (Live at Brixton Academy, London, UK 3/29/2013)",GOJIRA,Les Enfants Sauvages,Metal,https://audio-ssl.itunes.apple.com/itunes-assets/AudioPreview211/v4/53/7f/1c/537f1cde-92c2-7924-aad7-fcd27addbb4a/mzaf_3412455827947412752.plus.aac.p.m4a,1755548268,1755548247,2013-03-29T12:00:00Z,323347,notExplicit,https://music.apple.com/us/album/flying-whales-live-at-brixton-academy-london-uk-3-29-2013/1755548247?i=1755548268&uo=4
Flying Whales,Gojira,high,negative,tense,4,72.0,Flying Whales,Neorhythm,Flying Whales - Single,Metal,https://audio-ssl.itunes.apple.com/itunes-assets/AudioPreview122/v4/40/b2/b0/40b2b0b7-20f7-2a8f-b58a-9c52acda4134/mzaf_13049416354662899925.plus.aac.p.m4a,1653986259,1653986258,2018-07-30T12:00:00Z,404306,notExplicit,https://music.apple.com/us/album/flying-whales/1653986258?i=1653986259&uo=4
Flying Whales,Gojira,high,negative,tense,5,72.0,Flying Whales,Twinkle Twinkle Little Rock Star,Lullaby Versions of Gojira,Children's Music,https://audio-ssl.itunes.apple.com/itunes-assets/AudioPreview125/v4/9a/09/b5/9a09b592-bd99-8d40-f107-269f557c9f69/mzaf_2796892910981764360.plus.aac.p.m4a,1354302524,1354302216,2018-03-23T12:00:00Z,234615,notExplicit,https://music.apple.com/us/album/flying-whales/1354302216?i=1354302524&uo=4
Oblivion,Mastodon,high,negative,tense,1,102.0,Oblivion,Mastodon,Crack the Skye,Metal,https://audio-ssl.itunes.apple.com/itunes-assets/AudioPreview125/v4/48/a2/6e/48a26e66-bfc6-2522-a136-80959d3655d4/mzaf_9972992973393563794.plus.aac.p.m4a,1218346021,1218344932,2009-03-24T07:00:00Z,344943,notExplicit,https://music.apple.com/us/album/oblivion/1218344932?i=1218346021&uo=4
Oblivion,Mastodon,high,negative,tense,3,102.0,Oblivion,Mastodon,Crack the Skye (Deluxe Version),Metal,https://audio-ssl.itunes.apple.com/itunes-assets/AudioPreview125/v4/e3/08/f6/e308f683-5caf-2b72-b1f9-d4dc6f041dc2/mzaf_507814758826608183.plus.aac.p.m4a,308924922,308924866,2009-02-16T12:00:00Z,346573,notExplicit,https://music.apple.com/us/album/oblivion/308924866?i=308924922&uo=4
Oblivion,Mastodon,high,negative,tense,2,77.0,Oblivion (Score) [2024 Remaster],Mastodon,Crack the Skye (15th Anniversary Deluxe Edition),Metal,https://audio-ssl.itunes.apple.com/itunes-assets/AudioPreview211/v4/78/f9/43/78f94329-68aa-f6bc-72cf-2117ff249f96/mzaf_3644804685582483033.plus.aac.p.m4a,1769229866,1769229664,2024-10-04T07:00:00Z,346369,notExplicit,https://music.apple.com/us/album/oblivion-score-2024-remaster/1769229664?i=1769229866&uo=4
Oblivion,Mastodon,high,negative,tense,4,77.0,Oblivion (Score),Mastodon,Crack the Skye (Deluxe Version),Metal,https://audio-ssl.itunes.apple.com/itunes-assets/AudioPreview115/v4/75/40/5c/75405cac-82f7-baf0-db45-d78f17e5cd89/mzaf_1576200122039939232.plus.aac.p.m4a,308925053,308924866,2008-12-03T12:00:00Z,345707,notExplicit,https://music.apple.com/us/album/oblivion-score/308924866?i=308925053&uo=4
Oblivion,Mastodon,high,negative,tense,5,77.0,Oblivion (2024 Remaster),Mastodon,Crack the Skye (15th Anniversary Deluxe Edition),Metal,https://audio-ssl.itunes.apple.com/itunes-assets/AudioPreview221/v4/2c/15/e2/2c15e2f2-06c1-8b8c-f4fb-1e7fa14ce9ab/mzaf_7339919764982427601.plus.aac.p.m4a,1769229665,1769229664,2009-02-16T08:00:00Z,345366,notExplicit,https://music.apple.com/us/album/oblivion-2024-remaster/1769229664?i=1769229665&uo=4
Ghost of Perdition,Opeth,high,negative,tense,1,102.0,Ghost of Perdition,Opeth,Ghost Reveries,Metal,https://audio-ssl.itunes.apple.com/itunes-assets/AudioPreview125/v4/7b/9e/09/7b9e09aa-bbe0-feb5-8329-936a3dffe10f/mzaf_15353729448908600362.plus.aac.p.m4a,214473109,214473104,2005-08-29T07:00:00Z,629480,notExplicit,https://music.apple.com/us/album/ghost-of-perdition/214473104?i=214473109&uo=4
Ghost of Perdition,Opeth,high,negative,tense,5,102.0,Ghost of Perdition,Opeth,Metal Essentials,Rock,https://audio-ssl.itunes.apple.com/itunes-assets/AudioPreview126/v4/ad/85/4b/ad854bcb-2b20-12c1-b599-2f8d810ec21e/mzaf_4905740314243014999.plus.aac.p.m4a,1684500449,1684497447,2005-08-29T12:00:00Z,629480,notExplicit,https://music.apple.com/us/album/ghost-of-perdition/1684497447?i=1684500449&uo=4
Ghost of Perdition,Opeth,high,negative,tense,2,77.0,Ghost of Perdition (Live),Opeth,Garden of the Titans (Live at Red Rocks Amphitheatre),Rock,https://audio-ssl.itunes.apple.com/itunes-assets/AudioPreview211/v4/7e/e9/bd/7ee9bd14-ed36-4cfc-8951-af37152d5613/mzaf_11037070139499117864.plus.aac.p.m4a,1776757604,1776757592,2018-08-17T12:00:00Z,728480,notExplicit,https://music.apple.com/us/album/ghost-of-perdition-live/1776757592?i=1776757604&uo=4
Ghost of Perdition,Opeth,high,negative,tense,3,77.0,Ghost of Perdition (Live),Opeth,The Roundhouse Tapes,Metal,https://audio-ssl.itunes.apple.com/itunes-assets/AudioPreview125/v4/bb/ff/c2/bbffc2f4-08e9-682d-e127-d30c9bc89d07/mzaf_3631891414462935024.plus.aac.p.m4a,265130223,265129874,2003-01-01T12:00:00Z,656901,notExplicit,https://music.apple.com/us/album/ghost-of-perdition-live/265129874?i=265130223&uo=4
Ghost of Perdition,Opeth,high,negative,tense,4,77.0,Ghost of Perdition (Live),Opeth,Peaceville Presents... Opeth,Metal,https://audio-ssl.itunes.apple.com/itunes-assets/AudioPreview122/v4/c6/68/de/c668def0-0705-0e23-92a1-b902817b47b6/mzaf_17155146636225694128.plus.aac.p.m4a,684101903,684101896,2003-01-01T12:00:00Z,656773,notExplicit,https://music.apple.com/us/album/ghost-of-perdition-live/684101896?i=684101903&uo=4
My Curse,Killswitch Engage,high,negative,tense,1,102.0,My Curse,Killswitch Engage,As Daylight Dies (Special Edition),Metal,https://audio-ssl.itunes.apple.com/itunes-assets/AudioPreview125/v4/a9/a1/b4/a9a1b4b6-306f-e90e-8020-46cd3fc26336/mzaf_11526768307470341366.plus.aac.p.m4a,262090792,262090253,2006-11-21T12:00:00Z,244773,notExplicit,https://music.apple.com/us/album/my-curse/262090253?i=262090792&uo=4
My Curse,Killswitch Engage,high,negative,tense,3,102.0,My Curse,Killswitch Engage,00s Rock Hits,Rock,https://audio-ssl.itunes.apple.com/itunes-assets/AudioPreview112/v4/54/38/14/54381440-370f-fe5f-1e9e-ca6cd84f2198/mzaf_9111669109621651193.plus.aac.p.m4a,1630124676,1630122024,2022-07-08T12:00:00Z,244773,notExplicit,https://music.apple.com/us/album/my-curse/1630122024?i=1630124676&uo=4
My Curse,Killswitch Engage,high,negative,tense,4,102.0,My Curse,Killswitch Engage,As Daylight Dies,Metal,https://audio-ssl.itunes.apple.com/itunes-assets/AudioPreview115/v4/ad/9a/6c/ad9a6c4a-f313-0eee-9fa9-f3b5b0058553/mzaf_2419233978621111641.plus.aac.p.m4a,214473244,214473161,2006-11-21T08:00:00Z,244773,notExplicit,https://music.apple.com/us/album/my-curse/214473161?i=214473244&uo=4
My Curse,Killswitch Engage,high,negative,tense,2,77.0,My Curse (Live),Killswitch Engage,Killswitch Engage (Special Edition),Metal,https://audio-ssl.itunes.apple.com/itunes-assets/AudioPreview125/v4/19/b4/7a/19b47a94-9be9-6451-86b7-4e265d96d291/mzaf_16835731627723399997.plus.aac.p.m4a,320261992,320261838,2009-06-30T07:00:00Z,266542,notExplicit,https://music.apple.com/us/album/my-curse-live/320261838?i=320261992&uo=4
My Curse,Killswitch Engage,high,negative,tense,5,77.0,My Curse (Live 2012) [Bonus Track],Killswitch Engage,Disarm the Descent (Special Edition),Metal,https://audio-ssl.itunes.apple.com/itunes-assets/AudioPreview125/v4/98/bf/ec/98bfec02-d61e-3a78-2283-d5402ffd5c3f/mzaf_2513697815025487612.plus.aac.p.m4a,596457145,596457047,2013-03-29T12:00:00Z,233909,notExplicit,https://music.apple.com/us/album/my-curse-live-2012-bonus-track/596457047?i=596457145&uo=4
Bleed,Meshuggah,high,negative,tense,2,102.0,Bleed,Meshuggah,ObZen,Death Metal/Black Metal,https://audio-ssl.itunes.apple.com/itunes-assets/AudioPreview221/v4/8b/9b/03/8b9b0375-9ebd-fc84-1de6-7f1773bf13ea/mzaf_5174655997735554572.plus.aac.p.m4a,1882049242,1882049235,2008-03-07T12:00:00Z,442547,notExplicit,https://music.apple.com/us/album/bleed/1882049235?i=1882049242&uo=4
Bleed,Meshuggah,high,negative,tense,1,77.0,Bleed (15th Anniversary Remastered 2023 Edition),Meshuggah,Obzen (15th Anniversary Remastered 2023 Edition),Death Metal/Black Metal,https://audio-ssl.itunes.apple.com/itunes-assets/AudioPreview221/v4/06/e8/6b/06e86b2d-3d43-b50d-051b-0ad29780ad62/mzaf_16171685894043815170.plus.aac.p.m4a,1776761167,1776761149,2008-03-07T12:00:00Z,442547,notExplicit,https://music.apple.com/us/album/bleed-15th-anniversary-remastered-2023-edition/1776761149?i=1776761167&uo=4
Bleed,Meshuggah,high,negative,tense,3,77.0,Bleed (Live in Montreal),Meshuggah,Alive,Death Metal/Black Metal,https://audio-ssl.itunes.apple.com/itunes-assets/AudioPreview211/v4/e0/b4/e9/e0b4e9d4-d44c-d339-7e9e-79fd956debea/mzaf_7251582614362470536.plus.aac.p.m4a,1776756739,1776755242,2010-02-05T12:00:00Z,474760,notExplicit,https://music.apple.com/us/album/bleed-live-in-montreal/1776755242?i=1776756739&uo=4
Bleed,Meshuggah,high,negative,tense,4,77.0,Bleed (Live),Meshuggah,The Ophidian Trek (Live),Death Metal/Black Metal,https://audio-ssl.itunes.apple.com/itunes-assets/AudioPreview211/v4/47/f3/a2/47f3a248-0b27-ee50-6491-39abf604a98a/mzaf_9705646703723405950.plus.aac.p.m4a,1776757653,1776756966,2014-09-26T12:00:00Z,440520,notExplicit,https://music.apple.com/us/album/bleed-live/1776756966?i=1776757653&uo=4
Bleed,Meshuggah,high,negative,tense,5,77.0,Bleed (Live),Meshuggah,I (Special Edition),Death Metal/Black Metal,https://audio-ssl.itunes.apple.com/itunes-assets/AudioPreview211/v4/a5/13/49/a51349fa-572d-014d-3248-cd250341282e/mzaf_18241119981305387858.plus.aac.p.m4a,1776752648,1776752637,2014-09-26T12:00:00Z,453067,notExplicit,https://music.apple.com/us/album/bleed-live/1776752637?i=1776752648&uo=4
Autre Temps,Alcest,medium,negative,sad,1,102.0,Autre Temps,Alcest,Les Voyages De l'âme,Rock,https://audio-ssl.itunes.apple.com/itunes-assets/AudioPreview115/v4/61/24/04/612404d9-ad2a-bf07-f524-a3453c96b940/mzaf_7844552721362163909.plus.aac.p.m4a,1556065981,1556065979,2012-01-06T12:00:00Z,350320,notExplicit,https://music.apple.com/us/album/autre-temps/1556065979?i=1556065981&uo=4
Autre Temps,Alcest,medium,negative,sad,2,77.0,Autre Temps (Single Edit),Alcest,Autre temps (Single Edit) - Single,Rock,https://audio-ssl.itunes.apple.com/itunes-assets/AudioPreview114/v4/31/a6/66/31a66694-05aa-28f4-eece-b0e7ec7f0c00/mzaf_17972974954828476454.plus.aac.p.m4a,1556162422,1556162420,2011-12-02T12:00:00Z,272507,notExplicit,https://music.apple.com/us/album/autre-temps-single-edit/1556162420?i=1556162422&uo=4
Autre Temps,Alcest,medium,negative,sad,3,77.0,Autre Temps (BBC Live Session),Alcest,BBC Live Session - Single,Rock,https://audio-ssl.itunes.apple.com/itunes-assets/AudioPreview114/v4/9b/6a/75/9b6a7562-e50b-0a5f-296a-c5399fa3c5d6/mzaf_6933671592023921203.plus.aac.p.m4a,1556066910,1556066888,2012-12-14T12:00:00Z,275787,notExplicit,https://music.apple.com/us/album/autre-temps-bbc-live-session/1556066888?i=1556066910&uo=4
Autre Temps,Alcest,medium,negative,sad,5,54.5,Souvenirs D'un Autre Monde,Alcest,Souvenirs D'un Autre Monde,Rock,https://audio-ssl.itunes.apple.com/itunes-assets/AudioPreview125/v4/af/9d/b8/af9db88a-fe80-4ac7-f585-7aa55f9870ea/mzaf_391400641162015165.plus.aac.p.m4a,1556156335,1556156328,2007-08-03T12:00:00Z,368627,notExplicit,https://music.apple.com/us/album/souvenirs-dun-autre-monde/1556156328?i=1556156335&uo=4
Autre Temps,Alcest,medium,negative,sad,4,47.0,Autre Temps (Alcest cover),Orkhys,Errance - EP,Metal,https://audio-ssl.itunes.apple.com/itunes-assets/AudioPreview221/v4/59/45/fe/5945feee-9380-2140-0679-c7e60659018e/mzaf_8729943230774681209.plus.aac.p.m4a,1875976572,1875976561,2026-03-20T12:00:00Z,346156,notExplicit,https://music.apple.com/us/album/autre-temps-alcest-cover/1875976561?i=1875976572&uo=4
Digital Bath,Deftones,medium,negative,tense,1,102.0,Digital Bath,Deftones,White Pony,Hard Rock,https://audio-ssl.itunes.apple.com/itunes-assets/AudioPreview125/v4/36/ca/8e/36ca8e58-ebf6-caa9-1057-d8fe564cac78/mzaf_10188594626065058778.plus.aac.p.m4a,1099848723,1099848709,2000-06-20T07:00:00Z,255440,notExplicit,https://music.apple.com/us/album/digital-bath/1099848709?i=1099848723&uo=4
Digital Bath,Deftones,medium,negative,tense,4,102.0,Digital Bath,Deftones,White Pony (20th Anniversary Deluxe Edition),Hard Rock,https://audio-ssl.itunes.apple.com/itunes-assets/AudioPreview125/v4/4e/0e/82/4e0e822e-f477-21fd-b9f9-8d40591070cf/mzaf_9404381846583513311.plus.aac.p.m4a,1537631312,1537631309,2000-06-20T12:00:00Z,255440,notExplicit,https://music.apple.com/us/album/digital-bath/1537631309?i=1537631312&uo=4
Digital Bath,Deftones,medium,negative,tense,5,102.0,Digital Bath,Deftones,The Studio Album Collection,Hard Rock,https://audio-ssl.itunes.apple.com/itunes-assets/AudioPreview221/v4/62/82/d4/6282d400-c431-b165-058c-d2450146cd94/mzaf_5172974351905555089.plus.aac.p.m4a,1099864305,1099863611,2000-06-20T12:00:00Z,255440,notExplicit,https://music.apple.com/us/album/digital-bath/1099863611?i=1099864305&uo=4
Digital Bath,Deftones,medium,negative,tense,2,77.0,"Digital Bath (Acoustic Version) [Live In 2000 at KXTE, Las Vegas, NV]",Deftones,B-Sides & Rarities (Bonus Track Version),Hard Rock,https://audio-ssl.itunes.apple.com/itunes-assets/AudioPreview125/v4/a6/92/91/a69291f9-9dfa-d2db-02cc-0e35d2988866/mzaf_8382433807060067302.plus.aac.p.m4a,339542708,339542329,2005-10-04T12:00:00Z,288275,notExplicit,https://music.apple.com/us/album/digital-bath-acoustic-version-live-in-2000-at-kxte/339542329?i=339542708&uo=4
Digital Bath,Deftones,medium,negative,tense,3,77.0,Digital Bath (DJ Shadow Remix),Deftones,White Pony (20th Anniversary Deluxe Edition),Hard Rock,https://audio-ssl.itunes.apple.com/itunes-assets/AudioPreview115/v4/d8/6a/f7/d86af747-f81d-adc0-7c9a-7b1dbe4abd37/mzaf_17234104370255103479.plus.aac.p.m4a,1537631480,1537631309,2020-12-11T12:00:00Z,204174,notExplicit,https://music.apple.com/us/album/digital-bath-dj-shadow-remix/1537631309?i=1537631480&uo=4
The Art of Dying,Gojira,high,negative,tense,1,102.0,The Art of Dying,GOJIRA,The Way of All Flesh,Metal,https://audio-ssl.itunes.apple.com/itunes-assets/AudioPreview221/v4/45/03/9c/45039c8b-8a3d-0e38-86af-1ffe1a3a999d/mzaf_12817555103363942232.plus.aac.p.m4a,291261425,291261388,2008-10-06T12:00:00Z,594213,notExplicit,https://music.apple.com/us/album/the-art-of-dying/291261388?i=291261425&uo=4
Selkies: The Endless Obsession,Between the Buried and Me,high,negative,tense,1,102.0,Selkies: The Endless Obsession,Between the Buried and Me,The Best of Between the Buried and Me,Metal,https://audio-ssl.itunes.apple.com/itunes-assets/AudioPreview125/v4/6c/6b/f5/6c6bf5e5-b59c-3eaa-3359-d54d28f4ebb6/mzaf_3808798627322304759.plus.aac.p.m4a,1442255887,1442255862,2005-09-06T12:00:00Z,443320,notExplicit,https://music.apple.com/us/album/selkies-the-endless-obsession/1442255862?i=1442255887&uo=4
Selkies: The Endless Obsession,Between the Buried and Me,high,negative,tense,2,102.0,Selkies: The Endless Obsession,Between the Buried and Me,Alaska (2020 Remix / Remaster),Metal,https://audio-ssl.itunes.apple.com/itunes-assets/AudioPreview115/v4/8d/fb/8b/8dfb8bae-b0aa-31fd-c23c-842e46c691ff/mzaf_17329116548158609665.plus.aac.p.m4a,1525468232,1525468212,2005-09-06T12:00:00Z,440609,notExplicit,https://music.apple.com/us/album/selkies-the-endless-obsession/1525468212?i=1525468232&uo=4
Selkies: The Endless Obsession,Between the Buried and Me,high,negative,tense,3,48.25,(B) The Decade of Statues,Between the Buried and Me,Colors,Metal,https://audio-ssl.itunes.apple.com/itunes-assets/AudioPreview115/v4/f3/19/3e/f3193e72-add2-05cd-2d32-cfa8afe0c1f5/mzaf_16435652637155133232.plus.aac.p.m4a,1440939240,1440938825,2007-09-18T12:00:00Z,320333,notExplicit,https://music.apple.com/us/album/b-the-decade-of-statues/1440938825?i=1440939240&uo=4
Marigold,Periphery,high,negative,tense,1,102.0,Marigold,Periphery,Periphery III: Select Difficulty,Metal,https://audio-ssl.itunes.apple.com/itunes-assets/AudioPreview122/v4/d7/1b/43/d71b430b-eb8a-2f34-d62e-21dbcaf9b74a/mzaf_16823494627330790016.plus.aac.p.m4a,1639115794,1639115788,2016-07-08T12:00:00Z,439840,notExplicit,https://music.apple.com/us/album/marigold/1639115788?i=1639115794&uo=4
Marigold,Periphery,high,negative,tense,2,77.0,Marigold (Live in London),Periphery,Live in London,Metal,https://audio-ssl.itunes.apple.com/itunes-assets/AudioPreview115/v4/80/40/22/804022c1-baee-1f73-2a9c-1a83b284344c/mzaf_3516563913184230030.plus.aac.p.m4a,1534418071,1534417859,2020-10-23T07:00:00Z,378000,notExplicit,https://music.apple.com/us/album/marigold-live-in-london/1534417859?i=1534418071&uo=4
Marigold,Periphery,high,negative,tense,3,77.0,Marigold (Live in London),Periphery,Marigold (Live in London) - Single,Metal,https://audio-ssl.itunes.apple.com/itunes-assets/AudioPreview114/v4/01/7b/30/017b30e5-c3f6-1a41-8e27-07eeecf788ad/mzaf_6226975870698135259.plus.aac.p.m4a,1534416641,1534416640,2020-10-23T12:00:00Z,378000,notExplicit,https://music.apple.com/us/album/marigold-live-in-london/1534416640?i=1534416641&uo=4
Hasta la Raiz,Natalia Lafourcade,medium,positive,happy,1,58.667,Hasta la Raíz,Natalia Lafourcade,Hasta la Raíz (Edición Especial),Pop Latino,https://audio-ssl.itunes.apple.com/itunes-assets/AudioPreview211/v4/3b/98/60/3b98602d-c7c7-f329-2091-7cef30c68152/mzaf_3346254391508663693.plus.aac.p.m4a,1055384375,1055384362,2015-01-06T08:00:00Z,221800,notExplicit,https://music.apple.com/us/album/hasta-la-ra%C3%ADz/1055384362?i=1055384375&uo=4
Hasta la Raiz,Natalia Lafourcade,medium,positive,happy,5,58.667,Hasta la Raíz (Canova's Root Version),Natalia Lafourcade,Hasta la Raíz (Edición Especial),Pop Latino,https://audio-ssl.itunes.apple.com/itunes-assets/AudioPreview221/v4/e9/90/b8/e990b856-98e1-1ee0-1617-639afb10aca4/mzaf_4685198223035028548.plus.aac.p.m4a,1055384903,1055384362,2015-05-19T12:00:00Z,219093,notExplicit,https://music.apple.com/us/album/hasta-la-ra%C3%ADz-canovas-root-version/1055384362?i=1055384903&uo=4
Hasta la Raiz,Natalia Lafourcade,medium,positive,happy,4,46.667,Hasta la Raíz,"Natalia Lafourcade, Los Cojolites & Los Auténticos Decadentes","Un Canto por México, Vol. 1",Música Mexicana,https://audio-ssl.itunes.apple.com/itunes-assets/AudioPreview211/v4/83/04/00/83040088-5d32-af8e-32af-91487b2ac047/mzaf_11126097441062492486.plus.aac.p.m4a,1508356763,1508356443,2020-05-08T12:00:00Z,272213,notExplicit,https://music.apple.com/us/album/hasta-la-ra%C3%ADz/1508356443?i=1508356763&uo=4
Hasta la Raiz,Natalia Lafourcade,medium,positive,happy,2,28.667,Hasta la Raíz,Herencia De Grandes,Lo Que La Gente Estaba Esperando,Música Mexicana,https://audio-ssl.itunes.apple.com/itunes-assets/AudioPreview126/v4/b4/31/cb/b431cb58-ddc5-1203-70ff-7d6847821a0f/mzaf_3287604623270605570.plus.aac.p.m4a,1676363857,1676362876,2023-03-05T12:00:00Z,166229,notExplicit,https://music.apple.com/us/album/hasta-la-ra%C3%ADz/1676362876?i=1676363857&uo=4
Hasta la Raiz,Natalia Lafourcade,medium,positive,happy,3,28.667,Hasta La Raíz (En Vivo),Herencia De Grandes,"En Vivo Desde Anaheim, CA (En Vivo)",Música Mexicana,https://audio-ssl.itunes.apple.com/itunes-assets/AudioPreview211/v4/ff/f1/b0/fff1b056-a994-47ce-941a-b9505f3db674/mzaf_6594300410651049160.plus.aac.p.m4a,1744013128,1744012666,2024-05-03T12:00:00Z,176939,notExplicit,https://music.apple.com/us/album/hasta-la-ra%C3%ADz-en-vivo/1744012666?i=1744013128&uo=4
To My Love,Bomba Estereo,medium,positive,happy,2,79.5,To My Love,Bomba Estéreo,Amanecer,Pop Latino,https://audio-ssl.itunes.apple.com/itunes-assets/AudioPreview115/v4/10/a7/b8/10a7b854-e58a-738a-f3a6-6178cdf92619/mzaf_2296994656007446309.plus.aac.p.m4a,993274908,993274533,2015-06-02T12:00:00Z,239543,notExplicit,https://music.apple.com/us/album/to-my-love/993274533?i=993274908&uo=4
To My Love,Bomba Estereo,medium,positive,happy,3,72.0,To My Love,Jamie Drake,Everything's Fine,Pop,https://audio-ssl.itunes.apple.com/itunes-assets/AudioPreview221/v4/d4/5d/2c/d45d2c84-f3ee-e40c-d901-a21b812cfd13/mzaf_1527106624879381520.plus.aac.p.m4a,1839140188,1839140180,2019-09-06T12:00:00Z,277739,notExplicit,https://music.apple.com/us/album/to-my-love/1839140180?i=1839140188&uo=4
To My Love,Bomba Estereo,medium,positive,happy,1,54.5,To My Love (Tainy Remix),Bomba Estéreo,Amanecer (Remixed),Pop Latino,https://audio-ssl.itunes.apple.com/itunes-assets/AudioPreview116/v4/11/b2/37/11b23796-6992-3bff-1427-9a08a1e764da/mzaf_10238593666172028491.plus.aac.p.m4a,1183147730,1183147322,2016-12-16T12:00:00Z,251653,notExplicit,https://music.apple.com/us/album/to-my-love-tainy-remix/1183147322?i=1183147730&uo=4
To My Love,Bomba Estereo,medium,positive,happy,4,54.5,To My Love (Tainy Remix),Bomba Estéreo,To My Love (Tainy Remix) - Single,Pop Latino,https://audio-ssl.itunes.apple.com/itunes-assets/AudioPreview125/v4/ed/f1/3e/edf13e8d-a6f5-1ee5-d836-1625241348e8/mzaf_3756402819151089415.plus.aac.p.m4a,1386915083,1386914300,2016-12-16T12:00:00Z,251653,notExplicit,https://music.apple.com/us/album/to-my-love-tainy-remix/1386914300?i=1386915083&uo=4
To My Love,Bomba Estereo,medium,positive,happy,5,54.5,To My Love (Sunset Sessions),Bomba Estéreo,To My Love (Sunset Sessions) - Single,Pop Latino,https://audio-ssl.itunes.apple.com/itunes-assets/AudioPreview116/v4/44/53/f4/4453f4ae-0688-9f89-1cbc-84a060753533/mzaf_7442703954268457677.plus.aac.p.m4a,1607383032,1607383026,2021-09-08T12:00:00Z,255531,notExplicit,https://music.apple.com/us/album/to-my-love-sunset-sessions/1607383026?i=1607383032&uo=4
Disfruto,Carla Morrison,low,positive,relaxed,1,102.0,Disfruto,Carla Morrison,Déjenme Llorar,Pop Latino,https://audio-ssl.itunes.apple.com/itunes-assets/AudioPreview221/v4/55/89/f6/5589f6d7-bed1-d60d-c376-8c2da227a997/mzaf_1226023105227924942.plus.aac.p.m4a,1862968116,1862967956,2012-03-27T07:00:00Z,244973,notExplicit,https://music.apple.com/us/album/disfruto/1862967956?i=1862968116&uo=4
Disfruto,Carla Morrison,low,positive,relaxed,5,102.0,Disfruto,Carla Morrison,Déjenme Llorar (Deluxe Edition),Pop Latino,https://audio-ssl.itunes.apple.com/itunes-assets/AudioPreview221/v4/8a/71/b5/8a71b5af-35dc-8bea-edbc-34a4d991fdce/mzaf_871657861330674683.plus.aac.p.m4a,1862924870,1862924705,2012-03-27T12:00:00Z,244973,notExplicit,https://music.apple.com/us/album/disfruto/1862924705?i=1862924870&uo=4
Disfruto,Carla Morrison,low,positive,relaxed,2,65.0,Disfruto (Audioiko Remix),Carla Morrison & Audioiko,Disfruto (Audioiko Remix) - Single,Dance,https://audio-ssl.itunes.apple.com/itunes-assets/AudioPreview125/v4/39/78/45/397845ac-56c2-ae4a-06a9-274a2e51d9de/mzaf_13119980194630210345.plus.aac.p.m4a,1506779122,1506779119,2020-04-10T12:00:00Z,198335,notExplicit,https://music.apple.com/us/album/disfruto-audioiko-remix/1506779119?i=1506779122&uo=4
Disfruto,Carla Morrison,low,positive,relaxed,3,47.0,Disfruto (feat. Carla morrison),IceeDfm,Disfruto (feat. Carla morrison) - Single,Hip-Hop/Rap,https://audio-ssl.itunes.apple.com/itunes-assets/AudioPreview221/v4/16/f9/12/16f91238-9adf-3a68-94dc-639d53e132f1/mzaf_8412964050665146233.plus.aac.p.m4a,1836743208,1836743207,2020-12-09T12:00:00Z,294478,notExplicit,https://music.apple.com/us/album/disfruto-feat-carla-morrison/1836743207?i=1836743208&uo=4
Disfruto,Carla Morrison,low,positive,relaxed,4,47.0,Disfruto Carla Morrison (Remix),Leon Smith Music,Disfruto Carla Morrison (Remix) - Single,House,https://audio-ssl.itunes.apple.com/itunes-assets/AudioPreview116/v4/e6/fc/b3/e6fcb39c-93a1-95ba-2460-1f1dc9cc71d7/mzaf_17908628132380066490.plus.aac.p.m4a,1686785538,1686785537,2023-05-10T12:00:00Z,406613,notExplicit,https://music.apple.com/us/album/disfruto-carla-morrison-remix/1686785537?i=1686785538&uo=4
Eres,Cafe Tacvba,medium,positive,happy,1,79.5,Eres,Café Tacvba,Cuatro Caminos,Rock y Alternativo,https://audio-ssl.itunes.apple.com/itunes-assets/AudioPreview115/v4/65/c2/b0/65c2b09c-503b-f4f3-07dd-e4c6434d6611/mzaf_6737834753047942667.plus.aac.p.m4a,1444184596,1444184083,2003-01-01T12:00:00Z,267600,notExplicit,https://music.apple.com/us/album/eres/1444184083?i=1444184596&uo=4
Eres,Cafe Tacvba,medium,positive,happy,2,79.5,Eres,Café Tacvba,2007 Años de Éxitos Alternativo,Latin,https://audio-ssl.itunes.apple.com/itunes-assets/AudioPreview115/v4/f2/64/30/f26430e0-4342-4818-62b7-c968e28abab4/mzaf_8295543647902749351.plus.aac.p.m4a,1443823714,1443823707,2005-01-01T12:00:00Z,279560,notExplicit,https://music.apple.com/us/album/eres/1443823707?i=1443823714&uo=4
Eres,Cafe Tacvba,medium,positive,happy,5,79.5,Eres,Café Tacvba,"Rock Siempre Juvenil, Vol. 1",Latin,https://audio-ssl.itunes.apple.com/itunes-assets/AudioPreview211/v4/31/2c/61/312c613c-d5c2-b42f-88f8-f70ba7a508c5/mzaf_8052796426109049004.plus.aac.p.m4a,1706916257,1706915364,2003-01-01T12:00:00Z,267600,notExplicit,https://music.apple.com/us/album/eres/1706915364?i=1706916257&uo=4
Eres,Cafe Tacvba,medium,positive,happy,3,54.5,Eres (MTV Unplugged),Café Tacvba,Un Segundo MTV Unplugged,Rock y Alternativo,https://audio-ssl.itunes.apple.com/itunes-assets/AudioPreview125/v4/a3/6a/99/a36a996d-bc7c-0e5a-e267-5ffa51a83c02/mzaf_11531087308525818544.plus.aac.p.m4a,1484413900,1484413680,2019-09-27T12:00:00Z,305280,notExplicit,https://music.apple.com/us/album/eres-mtv-unplugged/1484413680?i=1484413900&uo=4
Eres,Cafe Tacvba,medium,positive,happy,4,54.5,Eres (En Vivo),Café Tacvba,Un Viaje (En Vivo),Rock y Alternativo,https://audio-ssl.itunes.apple.com/itunes-assets/AudioPreview115/v4/de/b9/5d/deb95d02-55fb-1f82-4488-2da4f4c31a0d/mzaf_13779052125945422894.plus.aac.p.m4a,1479930132,1479929847,2005-01-01T12:00:00Z,277560,notExplicit,https://music.apple.com/us/album/eres-en-vivo/1479929847?i=1479930132&uo=4
Vamonos a Marte,Kevin Kaarl,low,negative,sad,1,58.667,Vámonos a Marte,Kevin Kaarl,Hasta el Fin Del Mundo,Folk,https://audio-ssl.itunes.apple.com/itunes-assets/AudioPreview221/v4/87/fd/78/87fd7825-be82-6a02-db2f-c06f2d474e91/mzaf_4436585877695415270.plus.aac.p.m4a,1862621557,1862621554,2019-02-28T12:00:00Z,179096,notExplicit,https://music.apple.com/us/album/v%C3%A1monos-a-marte/1862621554?i=1862621557&uo=4
Vamonos a Marte,Kevin Kaarl,low,negative,sad,2,58.667,Vámonos a Marte (en vivo),Kevin Kaarl,Ultra Sodade Especial Pt. 2 (En Vivo),Folk,https://audio-ssl.itunes.apple.com/itunes-assets/AudioPreview211/v4/25/f8/ac/25f8acce-74bc-7d3d-1af0-b8ec4798e8da/mzaf_16915993157413007194.plus.aac.p.m4a,6762957267,1895096505,2026-05-02T12:00:00Z,259227,notExplicit,https://music.apple.com/us/album/v%C3%A1monos-a-marte-en-vivo/1895096505?i=6762957267&uo=4
Vamonos a Marte,Kevin Kaarl,low,negative,sad,3,28.667,Vámonos a Marte (feat. La Maquinaria Norteña),Los Pescadores Del Rio Conchos,Vámonos a Marte (feat. La Maquinaria Norteña) - Single,Música Mexicana,https://audio-ssl.itunes.apple.com/itunes-assets/AudioPreview115/v4/5a/7b/1b/5a7b1bb2-21b2-a49f-dff3-9ce3a4f9d083/mzaf_11655452246287917333.plus.aac.p.m4a,1573668478,1573668472,2021-07-16T12:00:00Z,191852,notExplicit,https://music.apple.com/us/album/v%C3%A1monos-a-marte-feat-la-maquinaria-norte%C3%B1a/1573668472?i=1573668478&uo=4
Vamonos a Marte,Kevin Kaarl,low,negative,sad,4,28.667,Vámonos a Marte (feat. La Maquinaria Norteña),Los Pescadores Del Rio Conchos,#PPP - EP,Música Mexicana,https://audio-ssl.itunes.apple.com/itunes-assets/AudioPreview116/v4/45/ab/f6/45abf6a2-ca99-76e8-4ac0-0d57e42e95b7/mzaf_3270364930368836904.plus.aac.p.m4a,1593745981,1593745980,2021-07-16T12:00:00Z,191852,notExplicit,https://music.apple.com/us/album/v%C3%A1monos-a-marte-feat-la-maquinaria-norte%C3%B1a/1593745980?i=1593745981&uo=4
Vamonos a Marte,Kevin Kaarl,low,negative,sad,5,28.667,Vámonos a Marte,Clave Norte,Vámonos a Marte - Single,Música Mexicana,https://audio-ssl.itunes.apple.com/itunes-assets/AudioPreview116/v4/d2/fa/dc/d2fadc23-ea37-eefc-4cc3-7460bd94780b/mzaf_6361460676636672739.plus.aac.p.m4a,1609981492,1609981491,2022-03-05T12:00:00Z,194624,notExplicit,https://music.apple.com/us/album/v%C3%A1monos-a-marte/1609981491?i=1609981492&uo=4
Amarrame,Mon Laferte,medium,positive,happy,1,42.0,Amárrame (feat. Juanes),Mon Laferte,La Trenza,Rock y Alternativo,https://audio-ssl.itunes.apple.com/itunes-assets/AudioPreview211/v4/2b/0b/eb/2b0beb95-9bd2-6d51-1949-a27f60df4e22/mzaf_2567032020133563259.plus.aac.p.m4a,1440881194,1440880818,2017-01-01T12:00:00Z,207333,notExplicit,https://music.apple.com/us/album/am%C3%A1rrame-feat-juanes/1440880818?i=1440881194&uo=4
Amarrame,Mon Laferte,medium,positive,happy,2,42.0,Amárrame (feat. Juanes),Mon Laferte,La Trenza (Deluxe),Rock y Alternativo,https://audio-ssl.itunes.apple.com/itunes-assets/AudioPreview221/v4/b3/99/a6/b399a65b-21ff-bc8f-6cc4-9c86934b79df/mzaf_11593019021377506863.plus.aac.p.m4a,1443816610,1443815927,2017-01-01T12:00:00Z,207333,notExplicit,https://music.apple.com/us/album/am%C3%A1rrame-feat-juanes/1443815927?i=1443816610&uo=4
Amarrame,Mon Laferte,medium,positive,happy,3,42.0,Amárrame (feat. Juanes),Mon Laferte,Felices de Playa,Rock y Alternativo,https://audio-ssl.itunes.apple.com/itunes-assets/AudioPreview211/v4/da/27/4e/da274efd-2e10-e8f5-32a0-68ec741bb1b4/mzaf_17927006658963733266.plus.aac.p.m4a,6774294224,6774294222,2026-05-29T12:00:00Z,207333,notExplicit,https://music.apple.com/us/album/am%C3%A1rrame-feat-juanes/6774294222?i=6774294224&uo=4
Amarrame,Mon Laferte,medium,positive,happy,4,42.0,Amárrame (feat. Juanes),Mon Laferte,Summer Latin Hits 2017,Rock y Alternativo,https://audio-ssl.itunes.apple.com/itunes-assets/AudioPreview211/v4/c5/d0/32/c5d03248-b61a-e367-90e5-bc88a0c4a5ba/mzaf_11230439275744922311.plus.aac.p.m4a,1440652120,1440652096,2017-01-01T12:00:00Z,207653,notExplicit,https://music.apple.com/us/album/am%C3%A1rrame-feat-juanes/1440652096?i=1440652120&uo=4
Amarrame,Mon Laferte,medium,positive,happy,5,42.0,Amárrame (feat. Juanes),Mon Laferte,Hits en casa,Rock y Alternativo,https://audio-ssl.itunes.apple.com/itunes-assets/AudioPreview211/v4/71/81/eb/7181eb50-6cc0-c85d-992f-97dc33568c29/mzaf_7497155937416616767.plus.aac.p.m4a,1636776002,1636775417,2017-01-01T12:00:00Z,207333,notExplicit,https://music.apple.com/us/album/am%C3%A1rrame-feat-juanes/1636775417?i=1636776002&uo=4
Pa' Donde Se Fue,Mon Laferte,medium,negative,sad,1,60.75,Pa’ Dónde Se Fue,Mon Laferte,La Trenza,Rock y Alternativo,https://audio-ssl.itunes.apple.com/itunes-assets/AudioPreview211/v4/2c/78/04/2c780409-8cf3-57b2-feaa-4959297675c4/mzaf_3795848920905232974.plus.aac.p.m4a,1440880827,1440880818,2017-01-01T12:00:00Z,249267,notExplicit,https://music.apple.com/us/album/pa-d%C3%B3nde-se-fue/1440880818?i=1440880827&uo=4
Pa' Donde Se Fue,Mon Laferte,medium,negative,sad,2,60.75,Pa' Dónde Se Fue (En Vivo),Mon Laferte,"Sola Con Mis Monstruos (En Vivo, Desde el Lunario del Auditorio Nacional)",Rock y Alternativo,https://audio-ssl.itunes.apple.com/itunes-assets/AudioPreview125/v4/6f/e8/21/6fe82113-0f38-34d0-9ecc-ecae830dd046/mzaf_13121138808706396332.plus.aac.p.m4a,1495286441,1495286375,2020-01-31T12:00:00Z,257453,notExplicit,https://music.apple.com/us/album/pa-d%C3%B3nde-se-fue-en-vivo/1495286375?i=1495286441&uo=4
Pa' Donde Se Fue,Mon Laferte,medium,negative,sad,3,60.75,Pa’ Dónde Se Fue,Mon Laferte,La Trenza (Deluxe),Rock y Alternativo,https://audio-ssl.itunes.apple.com/itunes-assets/AudioPreview221/v4/44/72/a0/4472a0aa-f6fc-dfd8-133f-9eabe44fec9e/mzaf_1180500932780310012.plus.aac.p.m4a,1443816401,1443815927,2017-01-01T12:00:00Z,249267,notExplicit,https://music.apple.com/us/album/pa-d%C3%B3nde-se-fue/1443815927?i=1443816401&uo=4
Pa' Donde Se Fue,Mon Laferte,medium,negative,sad,4,60.75,Pa’ Dónde Se Fue,Mon Laferte,Fin horario laboral,Rock y Alternativo,https://audio-ssl.itunes.apple.com/itunes-assets/AudioPreview211/v4/00/f2/fc/00f2fcf4-fbde-171c-658f-88de67efe2cf/mzaf_6904506515887226179.plus.aac.p.m4a,1697544336,1697544027,2017-01-01T12:00:00Z,249267,notExplicit,https://music.apple.com/us/album/pa-d%C3%B3nde-se-fue/1697544027?i=1697544336&uo=4
Pa' Donde Se Fue,Mon Laferte,medium,negative,sad,5,60.75,Pa’ Dónde Se Fue,Mon Laferte,Bajando un cambio: Indie,Rock y Alternativo,https://audio-ssl.itunes.apple.com/itunes-assets/AudioPreview211/v4/82/2b/73/822b7321-7d41-5deb-7681-44e012de0d82/mzaf_17393561482465113630.plus.aac.p.m4a,1701142910,1701142652,2017-01-01T12:00:00Z,249267,notExplicit,https://music.apple.com/us/album/pa-d%C3%B3nde-se-fue/1701142652?i=1701142910&uo=4
Labios Rotos,Zoe,medium,negative,tense,1,102.0,Labios Rotos,ZOE,MTV Unplugged: Música de Fondo (Live),Rock y Alternativo,https://audio-ssl.itunes.apple.com/itunes-assets/AudioPreview221/v4/64/dc/cf/64dccf76-c091-eb94-405c-8ee363453bb1/mzaf_13211009249179789264.plus.aac.p.m4a,727494908,727494887,2011-03-20T12:00:00Z,243066,notExplicit,https://music.apple.com/us/album/labios-rotos/727494887?i=727494908&uo=4
Labios Rotos,Zoe,medium,negative,tense,3,77.0,Labios Rotos (En Vivo Desde México / 2010),ZOE,Soltando El Esqueleto Vol. 4,Rock y Alternativo,https://audio-ssl.itunes.apple.com/itunes-assets/AudioPreview211/v4/8b/58/65/8b5865be-3dab-47f3-98da-c93e8b7f3341/mzaf_12496896970573605501.plus.aac.p.m4a,1692903596,1692902493,2011-01-01T12:00:00Z,244867,notExplicit,https://music.apple.com/us/album/labios-rotos-en-vivo-desde-m%C3%A9xico-2010/1692902493?i=1692903596&uo=4
Labios Rotos,Zoe,medium,negative,tense,5,77.0,Labios Rotos (En Vivo),ZOE,011025 (En Vivo),Rock y Alternativo,https://audio-ssl.itunes.apple.com/itunes-assets/AudioPreview211/v4/3e/c1/d1/3ec1d119-9ba2-a150-5619-67753ad0d7a6/mzaf_15729110791779855159.plus.aac.p.m4a,6767634517,6767634297,2026-05-29T12:00:00Z,286096,notExplicit,https://music.apple.com/us/album/labios-rotos-en-vivo/6767634297?i=6767634517&uo=4
Labios Rotos,Zoe,medium,negative,tense,2,72.0,Labios Rotos,Conjunto Rienda Real & Grupo Quilate,Labios Rotos - Single,Música Mexicana,https://audio-ssl.itunes.apple.com/itunes-assets/AudioPreview221/v4/da/c0/2e/dac02e3f-c519-5897-c1d7-b0786b4d9d2d/mzaf_1045302612700104600.plus.aac.p.m4a,1752451635,1752451631,2024-02-09T12:00:00Z,195763,notExplicit,https://music.apple.com/us/album/labios-rotos/1752451631?i=1752451635&uo=4
Labios Rotos,Zoe,medium,negative,tense,4,72.0,Labios Rotos,Estrellas de la Kumbia,Labios Rotos - Single,Latin,https://audio-ssl.itunes.apple.com/itunes-assets/AudioPreview211/v4/a6/3f/1e/a63f1e17-a7a5-e56f-3bb8-4d02dc485138/mzaf_3178428399621557112.plus.aac.p.m4a,1864116003,1864115990,2025-12-24T12:00:00Z,229198,notExplicit,https://music.apple.com/us/album/labios-rotos/1864115990?i=1864116003&uo=4
En el 2000,Natalia Lafourcade,high,positive,happy,1,102.0,En El 2000,Natalia Lafourcade,Natalia Lafourcade,Pop Latino,https://audio-ssl.itunes.apple.com/itunes-assets/AudioPreview125/v4/5d/4c/20/5d4c205b-46b1-658a-398e-490461f7a2a1/mzaf_14877586632641737229.plus.aac.p.m4a,373992070,373992049,2002-07-08T07:00:00Z,214983,notExplicit,https://music.apple.com/us/album/en-el-2000/373992049?i=373992070&uo=4
En el 2000,Natalia Lafourcade,high,positive,happy,2,102.0,En el 2000,Natalia Lafourcade,Rock Latino: Natalia LaFourcade,Rock y Alternativo,https://audio-ssl.itunes.apple.com/itunes-assets/AudioPreview125/v4/d9/7a/d4/d97ad496-1727-af9c-2baa-1b8e1b9d0209/mzaf_11176760442882098130.plus.aac.p.m4a,536790046,536789925,2002-07-08T12:00:00Z,215840,notExplicit,https://music.apple.com/us/album/en-el-2000/536789925?i=536790046&uo=4
En el 2000,Natalia Lafourcade,high,positive,happy,4,102.0,En el 2000,Natalia Lafourcade,Chicas de Hoy,Pop Latino,https://audio-ssl.itunes.apple.com/itunes-assets/AudioPreview211/v4/65/29/bb/6529bb4b-3af9-c494-8fc1-c7c0ada1d66b/mzaf_2328736541154789666.plus.aac.p.m4a,401220959,401220619,2002-07-08T12:00:00Z,216067,notExplicit,https://music.apple.com/us/album/en-el-2000/401220619?i=401220959&uo=4
En el 2000,Natalia Lafourcade,high,positive,happy,3,42.0,Hasta la Raíz,Natalia Lafourcade,Hasta la Raíz (Edición Especial),Pop Latino,https://audio-ssl.itunes.apple.com/itunes-assets/AudioPreview211/v4/3b/98/60/3b98602d-c7c7-f329-2091-7cef30c68152/mzaf_3346254391508663693.plus.aac.p.m4a,1055384375,1055384362,2015-01-06T08:00:00Z,221800,notExplicit,https://music.apple.com/us/album/hasta-la-ra%C3%ADz/1055384362?i=1055384375&uo=4
Tuyo,Rodrigo Amarante,low,positive,relaxed,5,102.0,Tuyo,Rodrigo Amarante,Narcos (A Netflix Original Series Soundtrack),Soundtrack,https://audio-ssl.itunes.apple.com/itunes-assets/AudioPreview125/v4/05/dd/8e/05dd8e41-6438-bf29-32bb-597ea82aff67/mzaf_12380721683915158506.plus.aac.p.m4a,1030422720,1030422704,2015-08-21T12:00:00Z,89293,notExplicit,https://music.apple.com/us/album/tuyo/1030422704?i=1030422720&uo=4
Tuyo,Rodrigo Amarante,low,positive,relaxed,1,77.0,Tuyo (Narcos Theme) [Extended Version],Rodrigo Amarante,Tuyo (Narcos Theme) [Extended Version] [A Netflix Original Series Soundtrack] - Single,TV Soundtrack,https://audio-ssl.itunes.apple.com/itunes-assets/AudioPreview125/v4/e1/b1/9d/e1b19dd6-e164-4dd0-3e20-b72c339ac21f/mzaf_16534693063886327350.plus.aac.p.m4a,1441988708,1441988705,2018-11-16T12:00:00Z,151565,notExplicit,https://music.apple.com/us/album/tuyo-narcos-theme-extended-version/1441988705?i=1441988708&uo=4
Tuyo,Rodrigo Amarante,low,positive,relaxed,2,77.0,Tuyo (Narcos Theme),Rodrigo Amarante,Narcos: Season 3 (A Netflix Original Series Soundtrack),TV Soundtrack,https://audio-ssl.itunes.apple.com/itunes-assets/AudioPreview116/v4/9c/29/c7/9c29c72c-dca4-0e34-4e54-54ac38730ee3/mzaf_8689960936500616438.plus.aac.p.m4a,1676987231,1676987210,2015-08-21T12:00:00Z,91941,notExplicit,https://music.apple.com/us/album/tuyo-narcos-theme/1676987210?i=1676987231&uo=4
Tuyo,Rodrigo Amarante,low,positive,relaxed,3,77.0,Tuyo (Narcos Theme) [A Netflix Original Series Soundtrack],Rodrigo Amarante,Tuyo (Narcos Theme) [A Netflix Original Series Soundtrack] - Single,TV Soundtrack,https://audio-ssl.itunes.apple.com/itunes-assets/AudioPreview125/v4/d5/e0/dd/d5e0dd47-84aa-fe4f-b9fc-6bf1f1f90c3f/mzaf_7388236101060986368.plus.aac.p.m4a,1440046431,1440046423,2015-08-21T12:00:00Z,89293,notExplicit,https://music.apple.com/us/album/tuyo-narcos-theme-a-netflix-original-series-soundtrack/1440046423?i=1440046431&uo=4
Tuyo,Rodrigo Amarante,low,positive,relaxed,4,77.0,Tuyo (Narcos Theme) [Extended Version],Rodrigo Amarante,"Narcos: Mexico (A Netflix Original Series Soundtrack) [Music from Seasons 1, 2 & 3]",Soundtrack,https://audio-ssl.itunes.apple.com/itunes-assets/AudioPreview211/v4/6b/40/2a/6b402acd-df6c-db2b-1b7b-4e4125f3a9d9/mzaf_15696529169770395241.plus.aac.p.m4a,1593265344,1593265335,2018-11-16T12:00:00Z,151565,notExplicit,https://music.apple.com/us/album/tuyo-narcos-theme-extended-version/1593265335?i=1593265344&uo=4
Friday Morning,Khruangbin,low,positive,relaxed,1,102.0,Friday Morning,Khruangbin,Con Todo El Mundo,Indie Rock,https://audio-ssl.itunes.apple.com/itunes-assets/AudioPreview125/v4/ab/76/43/ab76434b-4f27-dd55-ebd4-885c7ba6255c/mzaf_11429483924053960010.plus.aac.p.m4a,1299241652,1299241642,2018-01-12T12:00:00Z,410900,notExplicit,https://music.apple.com/us/album/friday-morning/1299241642?i=1299241652&uo=4
Friday Morning,Khruangbin,low,positive,relaxed,2,77.0,Friday Morning (Live at Sydney Opera House),Khruangbin,Live at Sydney Opera House,Alternative,https://audio-ssl.itunes.apple.com/itunes-assets/AudioPreview116/v4/26/f2/2e/26f22e8a-6939-61d0-4373-1e84819098e1/mzaf_9176171058358600602.plus.aac.p.m4a,1709961654,1709960739,2023-12-01T12:00:00Z,387603,notExplicit,https://music.apple.com/us/album/friday-morning-live-at-sydney-opera-house/1709960739?i=1709961654&uo=4
Friday Morning,Khruangbin,low,positive,relaxed,4,77.0,Friday Morning (Radio Edit),Khruangbin,Friday Morning - Single,Indie Rock,https://audio-ssl.itunes.apple.com/itunes-assets/AudioPreview125/v4/3d/78/5f/3d785fc1-4f17-2824-1aba-1383e35ba021/mzaf_8627902742109807998.plus.aac.p.m4a,1329723754,1329723554,2018-01-12T12:00:00Z,254947,notExplicit,https://music.apple.com/us/album/friday-morning-radio-edit/1329723554?i=1329723754&uo=4
Friday Morning,Khruangbin,low,positive,relaxed,5,77.0,Friday Morning (Live at Stubb's),Khruangbin,Live at Stubb's,Alternative,https://audio-ssl.itunes.apple.com/itunes-assets/AudioPreview126/v4/3d/79/0d/3d790d39-fe72-98e7-7837-8877f8931127/mzaf_15198710818428002059.plus.aac.p.m4a,1679841846,1679841524,2023-05-19T12:00:00Z,402447,notExplicit,https://music.apple.com/us/album/friday-morning-live-at-stubbs/1679841524?i=1679841846&uo=4
Friday Morning,Khruangbin,low,positive,relaxed,3,65.0,Thinkin Bout You / Friday Morning (Remix) [Mixed],Frank Ocean & Khruangbin,"Boiler Room: Kirou Kirou in Paris, Sep 15, 2021 (DJ Mix)",Afrobeats,https://audio-ssl.itunes.apple.com/itunes-assets/AudioPreview115/v4/0f/26/92/0f2692eb-d814-aa6c-84ba-f36ac40ca77f/mzaf_11724045891665246410.plus.aac.p.m4a,1589560720,1589560429,2021-09-15T12:00:00Z,107040,notExplicit,https://music.apple.com/us/album/thinkin-bout-you-friday-morning-remix-mixed/1589560429?i=1589560720&uo=4
Your Hand in Mine,Explosions in the Sky,medium,positive,relaxed,1,102.0,Your Hand In Mine,Explosions In the Sky,The Earth Is Not a Cold Dead Place,Rock,https://audio-ssl.itunes.apple.com/itunes-assets/AudioPreview126/v4/93/11/0c/93110cd7-91d9-85fc-52fb-07357b1aef7b/mzaf_1502388509077194502.plus.aac.p.m4a,318951791,318951781,2003-11-04T08:00:00Z,497027,notExplicit,https://music.apple.com/us/album/your-hand-in-mine/318951781?i=318951791&uo=4
Your Hand in Mine,Explosions in the Sky,medium,positive,relaxed,4,102.0,Your Hand in Mine,Explosions In the Sky,Love Happens (Original Motion Picture Soundtrack),Pop,https://audio-ssl.itunes.apple.com/itunes-assets/AudioPreview71/v4/9d/1e/c4/9d1ec476-176e-7cb1-3a88-32e3014708fb/mzaf_4481100510045664399.plus.aac.p.m4a,714698284,714698123,2009-01-01T12:00:00Z,207587,notExplicit,https://music.apple.com/us/album/your-hand-in-mine/714698123?i=714698284&uo=4
Your Hand in Mine,Explosions in the Sky,medium,positive,relaxed,2,77.0,Your Hand In Mine (With Strings),Explosions In the Sky,Friday Night Lights (Original Motion Picture Soundtrack),Rock,https://audio-ssl.itunes.apple.com/itunes-assets/AudioPreview115/v4/7f/51/e0/7f51e09f-9b6c-7b44-1e29-cf6670f83455/mzaf_17488009208258653332.plus.aac.p.m4a,1440873116,1440872948,2004-01-01T12:00:00Z,248560,notExplicit,https://music.apple.com/us/album/your-hand-in-mine-with-strings/1440872948?i=1440873116&uo=4
Your Hand in Mine,Explosions in the Sky,medium,positive,relaxed,3,77.0,Your Hand In Mine (Goodbye),Explosions In the Sky,Friday Night Lights (Original Motion Picture Soundtrack),Rock,https://audio-ssl.itunes.apple.com/itunes-assets/AudioPreview115/v4/fe/96/e3/fe96e3d1-dfba-54c5-d6f3-f9d1c4caa010/mzaf_1698058696803391997.plus.aac.p.m4a,1440873195,1440872948,2004-01-01T12:00:00Z,122200,notExplicit,https://music.apple.com/us/album/your-hand-in-mine-goodbye/1440872948?i=1440873195&uo=4
Your Hand in Mine,Explosions in the Sky,medium,positive,relaxed,5,72.0,Your Hand in Mine,Loner Deer,The Old Pine,Traditional Folk,https://audio-ssl.itunes.apple.com/itunes-assets/AudioPreview112/v4/27/48/b2/2748b2d6-8925-999b-a357-b429ea669249/mzaf_15676430860333261149.plus.aac.p.m4a,1628979107,1628978190,2022-07-15T12:00:00Z,238707,notExplicit,https://music.apple.com/us/album/your-hand-in-mine/1628978190?i=1628979107&uo=4
Turtles All the Way Down,Sturgill Simpson,medium,positive,relaxed,1,102.0,Turtles All the Way Down,Sturgill Simpson,Metamodern Sounds in Country Music,Country,https://audio-ssl.itunes.apple.com/itunes-assets/AudioPreview221/v4/3d/47/0f/3d470f6f-c14f-6cdc-43ab-5f728a08fe35/mzaf_6174196594959285465.plus.aac.p.m4a,1887707092,1887707089,2000-07-01T12:00:00Z,188187,notExplicit,https://music.apple.com/us/album/turtles-all-the-way-down/1887707089?i=1887707092&uo=4
Turtles All the Way Down,Sturgill Simpson,medium,positive,relaxed,2,102.0,Turtles All the Way Down,Sturgill Simpson,Cuttin' Grass - Vol. 1 (Butcher Shoppe Sessions),Bluegrass,https://audio-ssl.itunes.apple.com/itunes-assets/AudioPreview221/v4/c1/18/97/c11897e1-e42e-5740-a3dc-fff5c1b17901/mzaf_11057711497252522727.plus.aac.p.m4a,1889604939,1889604627,2014-04-08T12:00:00Z,138789,notExplicit,https://music.apple.com/us/album/turtles-all-the-way-down/1889604627?i=1889604939&uo=4
Turtles All the Way Down,Sturgill Simpson,medium,positive,relaxed,5,102.0,Turtles All the Way Down,Sturgill Simpson,Turtles All the Way Down - Single,Country,https://audio-ssl.itunes.apple.com/itunes-assets/AudioPreview211/v4/08/ae/61/08ae6153-3645-7d1c-586e-8c4441711d4c/mzaf_17548494866158460331.plus.aac.p.m4a,1889266995,1889266646,2000-07-01T12:00:00Z,188187,notExplicit,https://music.apple.com/us/album/turtles-all-the-way-down/1889266646?i=1889266995&uo=4
Turtles All the Way Down,Sturgill Simpson,medium,positive,relaxed,4,72.0,Turtles All the Way Down,Guitar Dreamers,Guitar Dreamers Perform Sturgill Simpson,Tribute,https://audio-ssl.itunes.apple.com/itunes-assets/AudioPreview125/v4/b8/46/fd/b846fd45-64fd-343e-8336-0858bd9f95c8/mzaf_7596710082503076533.plus.aac.p.m4a,1126073338,1126073220,2016-06-17T12:00:00Z,169840,notExplicit,https://music.apple.com/us/album/turtles-all-the-way-down/1126073220?i=1126073338&uo=4
Turtles All the Way Down,Sturgill Simpson,medium,positive,relaxed,3,47.0,Life Ain't Fair and the World Is Mean,Sturgill Simpson,High Top Mountain,Country,https://audio-ssl.itunes.apple.com/itunes-assets/AudioPreview211/v4/d5/f8/f5/d5f8f580-5a0a-308b-975a-48d8b2f27acb/mzaf_9888188201480127751.plus.aac.p.m4a,1888640581,1888640574,2012-10-22T12:00:00Z,126467,notExplicit,https://music.apple.com/us/album/life-aint-fair-and-the-world-is-mean/1888640574?i=1888640581&uo=4
How Do I Let a Good Man Down?,Sharon Jones & The Dap-Kings,high,negative,tense,1,102.0,How Do I Let a Good Man Down?,Sharon Jones & The Dap-Kings,Naturally,R&B/Soul,https://audio-ssl.itunes.apple.com/itunes-assets/AudioPreview125/v4/bc/15/f3/bc15f35f-0699-6634-302b-0823710fb04c/mzaf_1767922339824162518.plus.aac.p.m4a,1485055630,1485055629,2005-01-25T12:00:00Z,182827,notExplicit,https://music.apple.com/us/album/how-do-i-let-a-good-man-down/1485055629?i=1485055630&uo=4
How Do I Let a Good Man Down?,Sharon Jones & The Dap-Kings,high,negative,tense,3,102.0,How Do I Let a Good Man Down?,Sharon Jones & The Dap-Kings,Daptone Records Singles Collection: Vol. 2,R&B/Soul,https://audio-ssl.itunes.apple.com/itunes-assets/AudioPreview123/v4/2a/0e/09/2a0e0980-f421-1f70-e7ce-2d77778a5016/mzaf_15927007264265347913.plus.aac.p.m4a,1485012307,1485011810,2005-01-25T12:00:00Z,182827,notExplicit,https://music.apple.com/us/album/how-do-i-let-a-good-man-down/1485011810?i=1485012307&uo=4
How Do I Let a Good Man Down?,Sharon Jones & The Dap-Kings,high,negative,tense,2,77.0,How Do I Let a Good Man Down (Instrumental),Sharon Jones & The Dap-Kings,Naturally (The Instrumentals),R&B/Soul,https://audio-ssl.itunes.apple.com/itunes-assets/AudioPreview221/v4/8d/b6/e9/8db6e95d-5dda-6e3e-c0e2-060de8233e3e/mzaf_11309891706187724562.plus.aac.p.m4a,1805179260,1805179258,2025-05-02T12:00:00Z,179227,notExplicit,https://music.apple.com/us/album/how-do-i-let-a-good-man-down-instrumental/1805179258?i=1805179260&uo=4
How Do I Let a Good Man Down?,Sharon Jones & The Dap-Kings,high,negative,tense,4,51.375,How Long Do I Have to Wait for You?,Sharon Jones & The Dap-Kings,Naturally,R&B/Soul,https://audio-ssl.itunes.apple.com/itunes-assets/AudioPreview125/v4/4d/0a/ad/4d0aad5e-8fb2-d4ef-f5d2-06f9b54711f4/mzaf_18009967546981356105.plus.aac.p.m4a,1485055635,1485055629,2004-01-01T12:00:00Z,243760,notExplicit,https://music.apple.com/us/album/how-long-do-i-have-to-wait-for-you/1485055629?i=1485055635&uo=4
How Do I Let a Good Man Down?,Sharon Jones & The Dap-Kings,high,negative,tense,5,42.0,Ain't No Chimneys In the Projects,Sharon Jones & The Dap-Kings,It's a Holiday Soul Party,Holiday,https://audio-ssl.itunes.apple.com/itunes-assets/AudioPreview115/v4/99/19/4e/99194ed0-79db-62ab-8380-2656edfdcd84/mzaf_11573381167324018308.plus.aac.p.m4a,1485052422,1485052420,2015-10-20T12:00:00Z,142987,notExplicit,https://music.apple.com/us/album/aint-no-chimneys-in-the-projects/1485052420?i=1485052422&uo=4
Bloodbuzz Ohio,The National,medium,negative,tense,1,102.0,Bloodbuzz Ohio,The National,High Violet (Bonus Track Version),Alternative,https://audio-ssl.itunes.apple.com/itunes-assets/AudioPreview125/v4/cb/06/64/cb0664d5-286f-2cfb-a8eb-7b9604e1df18/mzaf_6175269486226138898.plus.aac.p.m4a,368054504,368054407,2010-05-03T07:00:00Z,275933,notExplicit,https://music.apple.com/us/album/bloodbuzz-ohio/368054407?i=368054504&uo=4
Bloodbuzz Ohio,The National,medium,negative,tense,2,102.0,Bloodbuzz Ohio,The National,High Violet (Expanded Edition),Alternative,https://audio-ssl.itunes.apple.com/itunes-assets/AudioPreview125/v4/23/85/bd/2385bd2c-5f1f-b092-d79c-ded5ded02504/mzaf_3072312080669544515.plus.aac.p.m4a,401440919,401440905,2010-05-03T07:00:00Z,275933,notExplicit,https://music.apple.com/us/album/bloodbuzz-ohio/401440905?i=401440919&uo=4
Bloodbuzz Ohio,The National,medium,negative,tense,3,102.0,Bloodbuzz Ohio,The National,Bloodbuzz Ohio - Single,Alternative,https://audio-ssl.itunes.apple.com/itunes-assets/AudioPreview125/v4/6c/64/47/6c6447fb-2ec9-e252-29d1-87e52caa94f1/mzaf_14838338679545949261.plus.aac.p.m4a,366968849,366968841,2010-05-03T12:00:00Z,275933,notExplicit,https://music.apple.com/us/album/bloodbuzz-ohio/366968841?i=366968849&uo=4
Bloodbuzz Ohio,The National,medium,negative,tense,4,77.0,Bloodbuzz Ohio (Live At Current),The National,High Violet (Expanded Edition),Alternative,https://audio-ssl.itunes.apple.com/itunes-assets/AudioPreview115/v4/42/a8/41/42a84157-2b5d-3f99-d3d8-9f0390804fdb/mzaf_4476640306137793911.plus.aac.p.m4a,401440930,401440905,2010-11-19T12:00:00Z,233160,notExplicit,https://music.apple.com/us/album/bloodbuzz-ohio-live-at-current/401440905?i=401440930&uo=4
Bloodbuzz Ohio,The National,medium,negative,tense,5,77.0,Bloodbuzz Ohio (Live in Rome),The National,Rome,Alternative,https://audio-ssl.itunes.apple.com/itunes-assets/AudioPreview221/v4/6c/6b/da/6c6bda43-80f9-4d0c-ad5c-07d24ab92369/mzaf_17670708696413441586.plus.aac.p.m4a,1767454379,1767454077,2024-12-13T12:00:00Z,303747,notExplicit,https://music.apple.com/us/album/bloodbuzz-ohio-live-in-rome/1767454077?i=1767454379&uo=4
Postcards from Italy,Beirut,medium,positive,relaxed,1,102.0,Postcards from Italy,Beirut,Gulag Orkestar,Indie Rock,https://audio-ssl.itunes.apple.com/itunes-assets/AudioPreview115/v4/89/7a/91/897a9198-ffce-29f8-b47a-eab64cdc77fa/mzaf_17000492803044628056.plus.aac.p.m4a,1309594830,1309594825,2006-05-06T12:00:00Z,257480,notExplicit,https://music.apple.com/us/album/postcards-from-italy/1309594825?i=1309594830&uo=4
Postcards from Italy,Beirut,medium,positive,relaxed,2,47.0,Postcards from Italy (Demo),Florence + the Machine,Lungs (10th Anniversary Edition),Alternative,https://audio-ssl.itunes.apple.com/itunes-assets/AudioPreview115/v4/bc/ce/bc/bccebccb-2457-ee30-2f7b-10e89f5d55b0/mzaf_13873622611826818055.plus.aac.p.m4a,1470109665,1470109588,2009-07-03T12:00:00Z,211160,notExplicit,https://music.apple.com/us/album/postcards-from-italy-demo/1470109588?i=1470109665&uo=4
Postcards from Italy,Beirut,medium,positive,relaxed,3,47.0,Postcards From Italy (feat. Carter Foye),Creekstar's Car,Oars - EP,Alternative,https://audio-ssl.itunes.apple.com/itunes-assets/AudioPreview115/v4/06/1d/55/061d555c-6066-84a2-6569-98db7a25941a/mzaf_13048354033796787777.plus.aac.p.m4a,1569259299,1569259085,2021-05-28T12:00:00Z,251127,notExplicit,https://music.apple.com/us/album/postcards-from-italy-feat-carter-foye/1569259085?i=1569259299&uo=4
The Stable Song,Gregory Alan Isakov,low,positive,relaxed,1,102.0,The Stable Song,Gregory Alan Isakov,"That Sea, the Gambler",Singer/Songwriter,https://audio-ssl.itunes.apple.com/itunes-assets/AudioPreview115/v4/f3/70/b0/f370b03c-9513-df68-3bb7-1ec7b1123457/mzaf_1791458000940008014.plus.aac.p.m4a,259648498,259648487,2007-06-28T12:00:00Z,360933,notExplicit,https://music.apple.com/us/album/the-stable-song/259648487?i=259648498&uo=4
The Stable Song,Gregory Alan Isakov,low,positive,relaxed,2,102.0,The Stable Song,Gregory Alan Isakov,Gregory Alan Isakov with the Colorado Symphony,Singer/Songwriter,https://audio-ssl.itunes.apple.com/itunes-assets/AudioPreview125/v4/03/1d/c1/031dc162-b3d5-2cc9-efa8-ad165948561b/mzaf_13134961963897648868.plus.aac.p.m4a,1102604610,1102604602,2016-06-10T12:00:00Z,369413,notExplicit,https://music.apple.com/us/album/the-stable-song/1102604602?i=1102604610&uo=4
The Stable Song,Gregory Alan Isakov,low,positive,relaxed,3,42.0,All Shades of Blue,Gregory Alan Isakov,The Weatherman,Singer/Songwriter,https://audio-ssl.itunes.apple.com/itunes-assets/AudioPreview115/v4/8a/8e/6c/8a8e6c0c-3ca2-ba2b-2ac9-27d735aef049/mzaf_11473570517372858448.plus.aac.p.m4a,659613849,659613712,2013-07-09T12:00:00Z,213573,notExplicit,https://music.apple.com/us/album/all-shades-of-blue/659613712?i=659613849&uo=4
The Stable Song,Gregory Alan Isakov,low,positive,relaxed,4,42.0,Amsterdam,Gregory Alan Isakov,The Weatherman,Singer/Songwriter,https://audio-ssl.itunes.apple.com/itunes-assets/AudioPreview125/v4/81/fa/90/81fa9091-ede0-bc45-4640-ee0ac2bae003/mzaf_16542890272438371425.plus.aac.p.m4a,659613756,659613712,2013-07-09T12:00:00Z,198640,notExplicit,https://music.apple.com/us/album/amsterdam/659613712?i=659613756&uo=4
The Stable Song,Gregory Alan Isakov,low,positive,relaxed,5,42.0,Big Black Car,Gregory Alan Isakov,This Empty Northern Hemisphere,Singer/Songwriter,https://audio-ssl.itunes.apple.com/itunes-assets/AudioPreview115/v4/b1/ca/74/b1ca74da-1b0b-e506-5827-6dcd8628b311/mzaf_12992334058582266842.plus.aac.p.m4a,316335886,316335828,2009-05-13T07:00:00Z,217467,notExplicit,https://music.apple.com/us/album/big-black-car/316335828?i=316335886&uo=4
Hive,Earl Sweatshirt,low,negative,sad,1,77.0,Hive (feat. Vince Staples & Casey Veggies) [Instrumental],Earl Sweatshirt,Doris & Instrumentals,Rap,https://audio-ssl.itunes.apple.com/itunes-assets/AudioPreview116/v4/cb/89/8a/cb898aaa-8af1-e19d-8100-62e4e1bcae74/mzaf_16417183380318280531.plus.aac.p.m4a,1702939969,1702939764,2013-08-16T12:00:00Z,273288,notExplicit,https://music.apple.com/us/album/hive-feat-vince-staples-casey-veggies-instrumental/1702939764?i=1702939969&uo=4
Hive,Earl Sweatshirt,low,negative,sad,2,42.0,Riot!,Earl Sweatshirt,Some Rap Songs,Hip-Hop/Rap,https://audio-ssl.itunes.apple.com/itunes-assets/AudioPreview125/v4/21/2a/a2/212aa263-b28e-c439-8609-13843a610fd2/mzaf_7518029529303278121.plus.aac.p.m4a,1442400732,1442399872,2018-11-30T12:00:00Z,66133,notExplicit,https://music.apple.com/us/album/riot/1442399872?i=1442400732&uo=4
Hive,Earl Sweatshirt,low,negative,sad,4,42.0,INFATUATION,Earl Sweatshirt,Live Laugh Love,Hip-Hop/Rap,https://audio-ssl.itunes.apple.com/itunes-assets/AudioPreview221/v4/df/9f/78/df9f78d6-8e6c-6502-68b9-b5bafb7604e1/mzaf_1375106589241903118.plus.aac.p.m4a,1828396282,1828396279,2025-08-22T12:00:00Z,95498,notExplicit,https://music.apple.com/us/album/infatuation/1828396279?i=1828396282&uo=4
Hive,Earl Sweatshirt,low,negative,sad,3,12.0,Falling out the Sky (feat. Earl Sweatshirt),Armand Hammer & The Alchemist,Haram,Hip-Hop/Rap,https://audio-ssl.itunes.apple.com/itunes-assets/AudioPreview211/v4/c7/20/86/c7208637-2330-640e-4d99-7f842da85bb2/mzaf_7844796823341510733.plus.aac.p.m4a,1761289274,1761288837,2021-03-26T12:00:00Z,220353,notExplicit,https://music.apple.com/us/album/falling-out-the-sky-feat-earl-sweatshirt/1761288837?i=1761289274&uo=4
Hive,Earl Sweatshirt,low,negative,sad,5,12.0,California Games (feat. Earl Sweatshirt),Armand Hammer & The Alchemist,Mercy,Hip-Hop/Rap,https://audio-ssl.itunes.apple.com/itunes-assets/AudioPreview211/v4/46/3b/e5/463be53c-b965-a35e-0dc4-89833907a431/mzaf_1882124832337460723.plus.aac.p.m4a,1832310630,1832310241,2025-11-06T12:00:00Z,193635,notExplicit,https://music.apple.com/us/album/california-games-feat-earl-sweatshirt/1832310241?i=1832310630&uo=4
All Caps,Madvillain,medium,negative,tense,1,102.0,All Caps,Madvillain,Madvillainy Instrumentals,Hip-Hop/Rap,https://audio-ssl.itunes.apple.com/itunes-assets/AudioPreview115/v4/d3/e1/63/d3e163a7-e256-7267-1bf4-e2b86b8b90a1/mzaf_15689134880400181192.plus.aac.p.m4a,41655325,41655332,2004-03-19T12:00:00Z,133867,notExplicit,https://music.apple.com/us/album/all-caps/41655332?i=41655325&uo=4
All Caps,Madvillain,medium,negative,tense,2,77.0,All Caps (Instrumental),Madvillain,Curls & All Caps - EP,Hip-Hop/Rap,https://audio-ssl.itunes.apple.com/itunes-assets/AudioPreview124/v4/e8/6d/f2/e86df263-6b32-be3c-da97-50da2bd9ebb8/mzaf_16426974906610714908.plus.aac.p.m4a,1556357950,1556357946,2004-03-19T12:00:00Z,131680,notExplicit,https://music.apple.com/us/album/all-caps-instrumental/1556357946?i=1556357950&uo=4
All Caps,Madvillain,medium,negative,tense,5,72.0,All Caps,Abstract Orchestra,"Madvillain, Vol. 1",Hip-Hop/Rap,https://audio-ssl.itunes.apple.com/itunes-assets/AudioPreview221/v4/63/04/67/630467f6-7c54-07cf-2931-27699a61d2a8/mzaf_5653111997372803251.plus.aac.p.m4a,1788884148,1788884145,2018-11-02T12:00:00Z,275051,notExplicit,https://music.apple.com/us/album/all-caps/1788884145?i=1788884148&uo=4
All Caps,Madvillain,medium,negative,tense,3,42.0,Scene Three,Madvillain,Curls & All Caps - EP,Hip-Hop/Rap,https://audio-ssl.itunes.apple.com/itunes-assets/AudioPreview114/v4/23/db/78/23db78c1-887b-751a-9cf4-0ed71bdb1948/mzaf_11769962642889931700.plus.aac.p.m4a,1556357951,1556357946,2004-12-01T12:00:00Z,89067,notExplicit,https://music.apple.com/us/album/scene-three/1556357946?i=1556357951&uo=4
All Caps,Madvillain,medium,negative,tense,4,42.0,Curls (Instrumental),Madvillain,Curls & All Caps - EP,Hip-Hop/Rap,https://audio-ssl.itunes.apple.com/itunes-assets/AudioPreview114/v4/56/78/8d/56788df9-aa11-7a4e-5fa7-95362f62a181/mzaf_14880134569611596344.plus.aac.p.m4a,1556357953,1556357946,2004-03-19T12:00:00Z,94987,notExplicit,https://music.apple.com/us/album/curls-instrumental/1556357946?i=1556357953&uo=4
Point and Kill,Little Simz,high,negative,tense,1,77.0,Point and Kill (feat. Obongjayar),Little Simz,Sometimes I Might Be Introvert,Hip-Hop/Rap,https://audio-ssl.itunes.apple.com/itunes-assets/AudioPreview211/v4/ba/bc/c9/babcc926-74ed-25dd-0eab-4acb46489e1a/mzaf_6229760902578443955.plus.aac.p.m4a,1561184461,1561184260,2021-09-01T07:00:00Z,185600,notExplicit,https://music.apple.com/us/album/point-and-kill-feat-obongjayar/1561184260?i=1561184461&uo=4
Point and Kill,Little Simz,high,negative,tense,2,77.0,Point and Kill (feat. Obongjayar) [Mixed],Little Simz,Beats In Space 026: Charlotte Adigéry & Bolis Pupul (DJ Mix),Electronica,https://audio-ssl.itunes.apple.com/itunes-assets/AudioPreview112/v4/e6/5c/b4/e65cb467-2653-3817-4deb-af12f3548125/mzaf_2845780755403271036.plus.aac.p.m4a,1626372017,1626372011,2022-05-26T12:00:00Z,185555,notExplicit,https://music.apple.com/us/album/point-and-kill-feat-obongjayar-mixed/1626372011?i=1626372017&uo=4
Point and Kill,Little Simz,high,negative,tense,3,72.0,Point and Kill,Seriki,Sakamaje,Afrobeats,https://audio-ssl.itunes.apple.com/itunes-assets/AudioPreview221/v4/be/3b/60/be3b60f0-bdbf-08db-f362-103648457661/mzaf_12103431948133957811.plus.aac.p.m4a,1805309672,1805308961,2018-11-09T12:00:00Z,268320,notExplicit,https://music.apple.com/us/album/point-and-kill/1805308961?i=1805309672&uo=4
Point and Kill,Little Simz,high,negative,tense,5,72.0,Point and Kill,BADBOP,Point and Kill - Single,Afro-Beat,https://audio-ssl.itunes.apple.com/itunes-assets/AudioPreview123/v4/97/7a/3b/977a3b6b-ec54-ede7-fd54-69e29a168a96/mzaf_16795365389905275803.plus.aac.p.m4a,1661659402,1661659401,2022-12-27T12:00:00Z,155533,notExplicit,https://music.apple.com/us/album/point-and-kill/1661659401?i=1661659402&uo=4
Point and Kill,Little Simz,high,negative,tense,4,47.0,Point And Kill (Apple Music Home Session),Guvna B,Apple Music Home Session: Guvna B,Hip-Hop/Rap,https://audio-ssl.itunes.apple.com/itunes-assets/AudioPreview211/v4/96/47/c3/9647c38a-012f-2651-ed7f-2e2f6a077d59/mzaf_11033943475617512373.plus.aac.p.m4a,1647164846,1647164398,2022-09-30T12:00:00Z,178072,notExplicit,https://music.apple.com/us/album/point-and-kill-apple-music-home-session/1647164398?i=1647164846&uo=4
Legend Has It,Run The Jewels,medium,negative,sad,1,77.0,Legend Has It (Instrumental),Run The Jewels,Run The Jewels 3 (Instrumentals),Hip-Hop,https://audio-ssl.itunes.apple.com/itunes-assets/AudioPreview211/v4/e2/e1/64/e2e164a7-f1e6-215b-2f62-188e62ac0254/mzaf_11052879280170798105.plus.aac.p.m4a,1868766325,1868765872,2016-12-25T12:00:00Z,207427,notExplicit,https://music.apple.com/us/album/legend-has-it-instrumental/1868765872?i=1868766325&uo=4
Legend Has It,Run The Jewels,medium,negative,sad,5,42.0,Run The Jewels (Instrumental),Run The Jewels,Run The Jewels (Instrumentals),Hip-Hop/Rap,https://audio-ssl.itunes.apple.com/itunes-assets/AudioPreview211/v4/00/ed/cb/00edcbc0-5f6a-7c5c-8a96-4e5bc32bfe75/mzaf_16097415651591317496.plus.aac.p.m4a,1867394708,1867394707,2013-06-26T12:00:00Z,210520,notExplicit,https://music.apple.com/us/album/run-the-jewels-instrumental/1867394707?i=1867394708&uo=4
Legend Has It,Run The Jewels,medium,negative,sad,3,40.0,Run The Jewels,Run The Jewels,Run The Jewels,Hip-Hop/Rap,https://audio-ssl.itunes.apple.com/itunes-assets/AudioPreview221/v4/22/b9/d2/22b9d20e-7a4d-dcf2-1bee-098dc3c8f0c8/mzaf_17704367826533409681.plus.aac.p.m4a,1863305830,1863305829,2013-06-26T12:00:00Z,210613,cleaned,https://music.apple.com/us/album/run-the-jewels/1863305829?i=1863305830&uo=4
Legend Has It,Run The Jewels,medium,negative,sad,4,28.0,Nobody Speak,DJ Shadow & Run The Jewels,Nobody Speak - Single,Hip-Hop,https://audio-ssl.itunes.apple.com/itunes-assets/AudioPreview125/v4/db/26/70/db267048-5ca9-122d-7719-90b22fb96eef/mzaf_9800490705181339207.plus.aac.p.m4a,1570361276,1570361268,2016-04-14T12:00:00Z,195966,cleaned,https://music.apple.com/us/album/nobody-speak/1570361268?i=1570361276&uo=4
Legend Has It,Run The Jewels,medium,negative,sad,2,12.0,Supercut (El-P Remix) [feat. Run The Jewels],Lorde,Supercut (El-P Remix) [feat. Run The Jewels] - Single,Alternative,https://audio-ssl.itunes.apple.com/itunes-assets/AudioPreview125/v4/7d/d1/63/7dd163b6-ef05-7cb0-e143-60aac123e837/mzaf_16146264962543621303.plus.aac.p.m4a,1353739742,1353739730,2018-03-09T12:00:00Z,212040,notExplicit,https://music.apple.com/us/album/supercut-el-p-remix-feat-run-the-jewels/1353739730?i=1353739742&uo=4
DEVASTATED,Joey Bada$$,high,negative,tense,1,100.0,DEVASTATED,Joey Bada$$,ALL-AMERIKKKAN BADA$$,Hip-Hop/Rap,https://audio-ssl.itunes.apple.com/itunes-assets/AudioPreview115/v4/16/e7/12/16e71244-2f14-4f92-ff78-fb2aa08a30e4/mzaf_17395411500127318618.plus.aac.p.m4a,1504167055,1504166825,2016-05-26T12:00:00Z,207059,cleaned,https://music.apple.com/us/album/devastated/1504166825?i=1504167055&uo=4
DEVASTATED,Joey Bada$$,high,negative,tense,2,30.0,Untitled Pe Instrumental 1,Lee Bannon & Joey Bada$$,Joey Bada$$ / Pro Era Instrumentals,Electronic,https://audio-ssl.itunes.apple.com/itunes-assets/AudioPreview221/v4/bb/35/8e/bb358efb-de58-0065-a1f4-bfe93a896178/mzaf_14478538342909607339.plus.aac.p.m4a,1872715141,1872715140,2013-11-12T12:00:00Z,188625,notExplicit,https://music.apple.com/us/album/untitled-pe-instrumental-1/1872715140?i=1872715141&uo=4
DEVASTATED,Joey Bada$$,high,negative,tense,3,12.0,"Lawns I Like (feat. Joey Bada$$, Chuck Strangers,CJ Fly, Kirk Knight & Pro Era)",Super Helpful Kwame,The Help - EP,Hip-Hop/Rap,https://audio-ssl.itunes.apple.com/itunes-assets/AudioPreview221/v4/9e/5d/b9/9e5db989-714d-fcc3-f5af-06af5fd6dc64/mzaf_2355915348068894184.plus.aac.p.m4a,1424379105,1424378708,2013-01-02T12:00:00Z,232124,notExplicit,https://music.apple.com/us/album/lawns-i-like-feat-joey-bada%24%24-chuck-strangers-cj-fly/1424378708?i=1424379105&uo=4
Gang Signs,Freddie Gibbs,medium,negative,tense,1,75.0,Gang Signs (feat. ScHoolboy Q),Freddie Gibbs,Gang Signs (feat. ScHoolboy Q) - Single,Hip-Hop/Rap,https://audio-ssl.itunes.apple.com/itunes-assets/AudioPreview115/v4/9c/cd/5f/9ccd5fcd-4dc2-605a-fdba-e091594f3456/mzaf_13830450201555714616.plus.aac.p.m4a,1549548181,1549548158,2021-02-05T12:00:00Z,166841,cleaned,https://music.apple.com/us/album/gang-signs-feat-schoolboy-q/1549548158?i=1549548181&uo=4
Gang Signs,Freddie Gibbs,medium,negative,tense,2,72.0,Gang Signs,Sleeping Giant,Sons of Thunder,Alternative,https://audio-ssl.itunes.apple.com/itunes-assets/AudioPreview115/v4/32/2d/88/322d8814-7e11-3982-67c7-37bd475e4819/mzaf_18048471403313988107.plus.aac.p.m4a,437537050,437536961,2009-06-23T12:00:00Z,158653,notExplicit,https://music.apple.com/us/album/gang-signs/437536961?i=437537050&uo=4
Gang Signs,Freddie Gibbs,medium,negative,tense,3,70.0,Gang Signs,Lil Baby,My Turn,Hip-Hop/Rap,https://audio-ssl.itunes.apple.com/itunes-assets/AudioPreview221/v4/a1/84/af/a184af0d-c867-6ebf-b7c1-65ef4a4be83c/mzaf_12517516560006048007.plus.aac.p.m4a,1499567930,1499567361,2020-02-28T12:00:00Z,169783,cleaned,https://music.apple.com/us/album/gang-signs/1499567361?i=1499567930&uo=4
Gang Signs,Freddie Gibbs,medium,negative,tense,4,70.0,Gang Signs,The Game,Streets of Compton,Hip-Hop/Rap,https://audio-ssl.itunes.apple.com/itunes-assets/AudioPreview125/v4/3b/78/25/3b78254f-80db-23c3-4598-689358621836/mzaf_15533154634009896407.plus.aac.p.m4a,1119524151,1119523966,2016-06-17T07:00:00Z,241824,cleaned,https://music.apple.com/us/album/gang-signs/1119523966?i=1119524151&uo=4
Gang Signs,Freddie Gibbs,medium,negative,tense,5,70.0,Gang Signs,Lil Baby,My Turn (Deluxe),Hip-Hop/Rap,https://audio-ssl.itunes.apple.com/itunes-assets/AudioPreview221/v4/0d/5b/fe/0d5bfe41-360d-1cca-93b7-9fb7c8aa8834/mzaf_10879970846866911884.plus.aac.p.m4a,1509850819,1509850659,2020-02-28T12:00:00Z,169783,cleaned,https://music.apple.com/us/album/gang-signs/1509850659?i=1509850819&uo=4
Roads,Portishead,low,negative,sad,1,102.0,Roads,Portishead,Dummy,Electronic,https://audio-ssl.itunes.apple.com/itunes-assets/AudioPreview125/v4/53/d1/b8/53d1b804-aba5-68ed-4fb5-ce9514b970c8/mzaf_1949279649016114866.plus.aac.p.m4a,1440653203,1440653096,1994-01-01T12:00:00Z,303973,notExplicit,https://music.apple.com/us/album/roads/1440653096?i=1440653203&uo=4
Roads,Portishead,low,negative,sad,3,102.0,Roads,Portishead,"Roseland, NYC Live",Electronic,https://audio-ssl.itunes.apple.com/itunes-assets/AudioPreview115/v4/15/96/89/1596895d-ffce-86c1-02e2-dc889bcedbf3/mzaf_15475145727345700846.plus.aac.p.m4a,1440913668,1440913466,1998-01-01T12:00:00Z,350307,notExplicit,https://music.apple.com/us/album/roads/1440913466?i=1440913668&uo=4
Roads,Portishead,low,negative,sad,5,102.0,Roads,Portishead,Tank Girl Soundtrack (Music from the Motion Picture Soundtrack),Pop,https://audio-ssl.itunes.apple.com/itunes-assets/AudioPreview211/v4/f3/1c/85/f31c859a-c288-6143-58e0-68947c615e20/mzaf_16663476427836454334.plus.aac.p.m4a,322837487,322837399,1994-01-01T12:00:00Z,304373,notExplicit,https://music.apple.com/us/album/roads/322837399?i=322837487&uo=4
Roads,Portishead,low,negative,sad,2,77.0,Roads (Live / Remastered 2023),Portishead,Roseland NYC Live 25 (Remastered 2023),Alternative,https://audio-ssl.itunes.apple.com/itunes-assets/AudioPreview112/v4/58/5c/24/585c240a-8203-2a76-f518-6359c63ce5bd/mzaf_4319004068844607111.plus.aac.p.m4a,1712707014,1712706758,1998-11-02T12:00:00Z,330480,notExplicit,https://music.apple.com/us/album/roads-live-remastered-2023/1712706758?i=1712707014&uo=4
Roads,Portishead,low,negative,sad,4,47.0,Roads (Portishead),Morgana Li,Roads (Portishead) - Single,Rock,https://audio-ssl.itunes.apple.com/itunes-assets/AudioPreview126/v4/a6/61/b6/a661b6b3-6cf4-c5a6-f1ef-0f7a8f18b044/mzaf_10499787690774353877.plus.aac.p.m4a,1599610795,1599610794,2021-12-08T12:00:00Z,254589,notExplicit,https://music.apple.com/us/album/roads-portishead/1599610794?i=1599610795&uo=4
Riot!,Earl Sweatshirt,low,negative,sad,1,102.0,Riot!,Earl Sweatshirt,Some Rap Songs,Hip-Hop/Rap,https://audio-ssl.itunes.apple.com/itunes-assets/AudioPreview125/v4/21/2a/a2/212aa263-b28e-c439-8609-13843a610fd2/mzaf_7518029529303278121.plus.aac.p.m4a,1442400732,1442399872,2018-11-30T12:00:00Z,66133,notExplicit,https://music.apple.com/us/album/riot/1442399872?i=1442400732&uo=4
Run The Jewels,Run The Jewels,medium,negative,sad,1,100.0,Run The Jewels,Run The Jewels,Run The Jewels,Hip-Hop/Rap,https://audio-ssl.itunes.apple.com/itunes-assets/AudioPreview221/v4/22/b9/d2/22b9d20e-7a4d-dcf2-1bee-098dc3c8f0c8/mzaf_17704367826533409681.plus.aac.p.m4a,1863305830,1863305829,2013-06-26T12:00:00Z,210613,cleaned,https://music.apple.com/us/album/run-the-jewels/1863305829?i=1863305830&uo=4
Run The Jewels,Run The Jewels,medium,negative,sad,2,77.0,Run The Jewels (Instrumental),Run The Jewels,Run The Jewels (Instrumentals),Hip-Hop/Rap,https://audio-ssl.itunes.apple.com/itunes-assets/AudioPreview211/v4/00/ed/cb/00edcbc0-5f6a-7c5c-8a96-4e5bc32bfe75/mzaf_16097415651591317496.plus.aac.p.m4a,1867394708,1867394707,2013-06-26T12:00:00Z,210520,notExplicit,https://music.apple.com/us/album/run-the-jewels-instrumental/1867394707?i=1867394708&uo=4
Run The Jewels,Run The Jewels,medium,negative,sad,3,47.0,Supercut (El-P Remix) [feat. Run The Jewels],Lorde,Supercut (El-P Remix) [feat. Run The Jewels] - Single,Alternative,https://audio-ssl.itunes.apple.com/itunes-assets/AudioPreview125/v4/7d/d1/63/7dd163b6-ef05-7cb0-e143-60aac123e837/mzaf_16146264962543621303.plus.aac.p.m4a,1353739742,1353739730,2018-03-09T12:00:00Z,212040,notExplicit,https://music.apple.com/us/album/supercut-el-p-remix-feat-run-the-jewels/1353739730?i=1353739742&uo=4
Run The Jewels,Run The Jewels,medium,negative,sad,4,47.0,Heart Is Full (Remix) [feat. Run The Jewels] [Bonus Track],Miike Snow,iii,Alternative,https://audio-ssl.itunes.apple.com/itunes-assets/AudioPreview115/v4/2c/11/b4/2c11b486-3233-f6dd-a1cd-205c6d96fc34/mzaf_15599809570068500800.plus.aac.p.m4a,1061244017,1061243224,2016-03-04T08:00:00Z,237540,notExplicit,https://music.apple.com/us/album/heart-is-full-remix-feat-run-the-jewels-bonus-track/1061243224?i=1061244017&uo=4
Run The Jewels,Run The Jewels,medium,negative,sad,5,40.0,Banana Clipper (feat. Big Boi),Run The Jewels,Run The Jewels,Hip-Hop/Rap,https://audio-ssl.itunes.apple.com/itunes-assets/AudioPreview221/v4/92/5f/a4/925fa42d-468e-9703-f0e7-673152b371e4/mzaf_12991743428268197363.plus.aac.p.m4a,1863305832,1863305829,2013-06-26T12:00:00Z,171480,cleaned,https://music.apple.com/us/album/banana-clipper-feat-big-boi/1863305829?i=1863305832&uo=4
Dance Now,JID,high,negative,tense,1,88.0,Dance Now,JID & Kenny Mason,The Forever Story,Hip-Hop/Rap,https://audio-ssl.itunes.apple.com/itunes-assets/AudioPreview221/v4/67/bf/c7/67bfc7c5-e85a-963f-2eae-81b731880794/mzaf_6449064193986064268.plus.aac.p.m4a,1790783327,1790783321,2022-08-26T12:00:00Z,227556,cleaned,https://music.apple.com/us/album/dance-now/1790783321?i=1790783327&uo=4
Dance Now,JID,high,negative,tense,3,88.0,Dance Now,JID & Kenny Mason,The Forever Story (Extended Version),Hip-Hop/Rap,https://audio-ssl.itunes.apple.com/itunes-assets/AudioPreview221/v4/0a/66/ab/0a66abb0-91dd-1f4d-7152-e0875b2e077f/mzaf_17487406366052799126.plus.aac.p.m4a,1790782405,1790782188,2022-08-26T12:00:00Z,227556,cleaned,https://music.apple.com/us/album/dance-now/1790782188?i=1790782405&uo=4
Dance Now,JID,high,negative,tense,2,47.0,Dance Now (feat. JID),Hordes,Dance Now (feat. JID) - Single,Hip-Hop/Rap,https://audio-ssl.itunes.apple.com/itunes-assets/AudioPreview122/v4/a8/f1/7a/a8f17ad0-e4b7-63b8-e6dd-6ffe5941e367/mzaf_11014398093887981973.plus.aac.p.m4a,1640355916,1640355495,2022-08-15T12:00:00Z,132778,notExplicit,https://music.apple.com/us/album/dance-now-feat-jid/1640355495?i=1640355916&uo=4
Dance Now,JID,high,negative,tense,4,24.5,Dance (feat. Wiz Kid),R2Bees,Refuse to Be Broke: Da Revolution 2,Worldwide,https://audio-ssl.itunes.apple.com/itunes-assets/AudioPreview116/v4/d7/03/82/d7038252-6dab-2d59-0f8d-733d9925f7fb/mzaf_18129775547527741105.plus.aac.p.m4a,1095911837,1095911559,2012-07-01T12:00:00Z,276467,notExplicit,https://music.apple.com/us/album/dance-feat-wiz-kid/1095911559?i=1095911837&uo=4
Dance Now,JID,high,negative,tense,5,24.5,Now,Prince,The Gold Experience,R&B/Soul,https://audio-ssl.itunes.apple.com/itunes-assets/AudioPreview125/v4/08/9e/2c/089e2cb7-cf17-4ab2-d3f2-538a3f8cba47/mzaf_6293678693518841303.plus.aac.p.m4a,1421417210,1421416467,1995-09-26T07:00:00Z,270427,notExplicit,https://music.apple.com/us/album/now/1421416467?i=1421417210&uo=4
