timestamp,user_id,session_id,clip_id,trial_index,phase,hr,eda,sensor_elapsed_ms,source,raw_line 
2026-06-01T20:47:25.730,Paulina,self_20260601_204723,clip_001,1,rest,,1.2136,812098.0,raspberry_pi_seeed_gsr,"812098,1.2136"
2026-06-01T20:47:25.751,Paulina,self_20260601_204723,clip_001,1,rest,,1.2144,812119.0,raspberry_pi_seeed_gsr,"812119,1.2144"
2026-06-01T20:47:25.772,Paulina,self_20260601_204723,clip_001,1,rest,,1.2192,812140.0,raspberry_pi_seeed_gsr,"812140,1.2192"
2026-06-01T20:47:25.793,Paulina,self_20260601_204723,clip_001,1,rest,,1.2152,812161.0,raspberry_pi_seeed_gsr,"812161,1.2152"
2026-06-01T20:47:25.813,Paulina,self_20260601_204723,clip_001,1,rest,,1.2104,812182.0,raspberry_pi_seeed_gsr,"812182,1.2104"
2026-06-01T20:47:25.835,Paulina,self_20260601_204723,clip_001,1,rest,,1.2168,812203.0,raspberry_pi_seeed_gsr,"812203,1.2168"
2026-06-01T20:47:25.855,Paulina,self_20260601_204723,clip_001,1,rest,,1.2136,812224.0,raspberry_pi_seeed_gsr,"812224,1.2136"
2026-06-01T20:47:25.876,Paulina,self_20260601_204723,clip_001,1,rest,,1.22,812245.0,raspberry_pi_seeed_gsr,"812245,1.2200"
2026-06-01T20:47:25.897,Paulina,self_20260601_204723,clip_001,1,rest,,1.2152,812266.0,raspberry_pi_seeed_gsr,"812266,1.2152"
2026-06-01T20:47:25.918,Paulina,self_20260601_204723,clip_001,1,rest,,1.2152,812287.0,raspberry_pi_seeed_gsr,"812287,1.2152"
2026-06-01T20:47:25.940,Paulina,self_20260601_204723,clip_001,1,rest,,1.2168,812308.0,raspberry_pi_seeed_gsr,"812308,1.2168"
2026-06-01T20:47:25.960,Paulina,self_20260601_204723,clip_001,1,rest,,1.2168,812329.0,raspberry_pi_seeed_gsr,"812329,1.2168"
2026-06-01T20:47:25.982,Paulina,self_20260601_204723,clip_001,1,rest,,1.22,812350.0,raspberry_pi_seeed_gsr,"812350,1.2200"
2026-06-01T20:47:26.002,Paulina,self_20260601_204723,clip_001,1,rest,,1.2184,812371.0,raspberry_pi_seeed_gsr,"812371,1.2184"
2026-06-01T20:47:28.286,Paulina,self_20260601_204723,clip_001,1,rest,,1.2168,812392.0,raspberry_pi_seeed_gsr,"812392,1.2168"
2026-06-01T20:47:28.478,Paulina,self_20260601_204723,clip_001,1,rest,,1.2192,812413.0,raspberry_pi_seeed_gsr,"812413,1.2192"
2026-06-01T20:47:28.482,Paulina,self_20260601_204723,clip_001,1,rest,,1.2184,812434.0,raspberry_pi_seeed_gsr,"812434,1.2184"
2026-06-01T20:47:28.495,Paulina,self_20260601_204723,clip_001,1,rest,,1.2192,812455.0,raspberry_pi_seeed_gsr,"812455,1.2192"
2026-06-01T20:47:28.523,Paulina,self_20260601_204723,clip_001,1,rest,,1.2192,812476.0,raspberry_pi_seeed_gsr,"812476,1.2192"
2026-06-01T20:47:28.527,Paulina,self_20260601_204723,clip_001,1,rest,,1.22,812497.0,raspberry_pi_seeed_gsr,"812497,1.2200"
2026-06-01T20:47:28.545,Paulina,self_20260601_204723,clip_001,1,rest,,1.2192,812518.0,raspberry_pi_seeed_gsr,"812518,1.2192"
2026-06-01T20:47:28.778,Paulina,self_20260601_204723,clip_001,1,rest,,1.2217,812539.0,raspberry_pi_seeed_gsr,"812539,1.2217"
2026-06-01T20:47:28.795,Paulina,self_20260601_204723,clip_001,1,rest,,1.2192,812560.0,raspberry_pi_seeed_gsr,"812560,1.2192"
2026-06-01T20:47:28.804,Paulina,self_20260601_204723,clip_001,1,rest,,1.22,812581.0,raspberry_pi_seeed_gsr,"812581,1.2200"
2026-06-01T20:47:29.028,Paulina,self_20260601_204723,clip_001,1,rest,,1.2257,812602.0,raspberry_pi_seeed_gsr,"812602,1.2257"
2026-06-01T20:47:29.037,Paulina,self_20260601_204723,clip_001,1,rest,,1.22,812623.0,raspberry_pi_seeed_gsr,"812623,1.2200"
2026-06-01T20:47:29.063,Paulina,self_20260601_204723,clip_001,1,rest,,1.208,812644.0,raspberry_pi_seeed_gsr,"812644,1.2080"
2026-06-01T20:47:29.073,Paulina,self_20260601_204723,clip_001,1,rest,,1.2313,812665.0,raspberry_pi_seeed_gsr,"812665,1.2313"
2026-06-01T20:47:29.289,Paulina,self_20260601_204723,clip_001,1,rest,,1.2217,812686.0,raspberry_pi_seeed_gsr,"812686,1.2217"
2026-06-01T20:47:29.299,Paulina,self_20260601_204723,clip_001,1,rest,,1.2225,812707.0,raspberry_pi_seeed_gsr,"812707,1.2225"
2026-06-01T20:47:29.313,Paulina,self_20260601_204723,clip_001,1,rest,,1.2217,812728.0,raspberry_pi_seeed_gsr,"812728,1.2217"
2026-06-01T20:47:29.324,Paulina,self_20260601_204723,clip_001,1,rest,,1.2225,812749.0,raspberry_pi_seeed_gsr,"812749,1.2225"
2026-06-01T20:47:29.510,Paulina,self_20260601_204723,clip_001,1,rest,,1.2233,812770.0,raspberry_pi_seeed_gsr,"812770,1.2233"
2026-06-01T20:47:29.515,Paulina,self_20260601_204723,clip_001,1,rest,,1.2217,812791.0,raspberry_pi_seeed_gsr,"812791,1.2217"
2026-06-01T20:47:29.524,Paulina,self_20260601_204723,clip_001,1,rest,,1.2297,812812.0,raspberry_pi_seeed_gsr,"812812,1.2297"
2026-06-01T20:47:29.527,Paulina,self_20260601_204723,clip_001,1,rest,,1.2233,812833.0,raspberry_pi_seeed_gsr,"812833,1.2233"
2026-06-01T20:47:29.532,Paulina,self_20260601_204723,clip_001,1,rest,,1.2233,812854.0,raspberry_pi_seeed_gsr,"812854,1.2233"
2026-06-01T20:47:29.536,Paulina,self_20260601_204723,clip_001,1,rest,,1.2233,812875.0,raspberry_pi_seeed_gsr,"812875,1.2233"
2026-06-01T20:47:29.540,Paulina,self_20260601_204723,clip_001,1,rest,,1.2241,812896.0,raspberry_pi_seeed_gsr,"812896,1.2241"
2026-06-01T20:47:29.543,Paulina,self_20260601_204723,clip_001,1,rest,,1.2241,812917.0,raspberry_pi_seeed_gsr,"812917,1.2241"
2026-06-01T20:47:29.546,Paulina,self_20260601_204723,clip_001,1,rest,,1.2257,812938.0,raspberry_pi_seeed_gsr,"812938,1.2257"
2026-06-01T20:47:29.551,Paulina,self_20260601_204723,clip_001,1,rest,,1.2249,812959.0,raspberry_pi_seeed_gsr,"812959,1.2249"
2026-06-01T20:47:29.557,Paulina,self_20260601_204723,clip_001,1,rest,,1.2249,812980.0,raspberry_pi_seeed_gsr,"812980,1.2249"
2026-06-01T20:47:29.561,Paulina,self_20260601_204723,clip_001,1,rest,,1.2249,813001.0,raspberry_pi_seeed_gsr,"813001,1.2249"
2026-06-01T20:47:29.565,Paulina,self_20260601_204723,clip_001,1,rest,,1.2257,813022.0,raspberry_pi_seeed_gsr,"813022,1.2257"
2026-06-01T20:47:29.570,Paulina,self_20260601_204723,clip_001,1,rest,,1.2337,813043.0,raspberry_pi_seeed_gsr,"813043,1.2337"
2026-06-01T20:47:29.574,Paulina,self_20260601_204723,clip_001,1,rest,,1.2192,813064.0,raspberry_pi_seeed_gsr,"813064,1.2192"
2026-06-01T20:47:29.781,Paulina,self_20260601_204723,clip_001,1,rest,,1.2265,813085.0,raspberry_pi_seeed_gsr,"813085,1.2265"
2026-06-01T20:47:29.786,Paulina,self_20260601_204723,clip_001,1,rest,,1.2233,813106.0,raspberry_pi_seeed_gsr,"813106,1.2233"
2026-06-01T20:47:29.791,Paulina,self_20260601_204723,clip_001,1,rest,,1.2273,813127.0,raspberry_pi_seeed_gsr,"813127,1.2273"
2026-06-01T20:47:29.794,Paulina,self_20260601_204723,clip_001,1,rest,,1.2265,813148.0,raspberry_pi_seeed_gsr,"813148,1.2265"
2026-06-01T20:47:29.798,Paulina,self_20260601_204723,clip_001,1,rest,,1.2265,813169.0,raspberry_pi_seeed_gsr,"813169,1.2265"
2026-06-01T20:47:29.808,Paulina,self_20260601_204723,clip_001,1,rest,,1.2273,813190.0,raspberry_pi_seeed_gsr,"813190,1.2273"
2026-06-01T20:47:29.829,Paulina,self_20260601_204723,clip_001,1,rest,,1.2281,813211.0,raspberry_pi_seeed_gsr,"813211,1.2281"
2026-06-01T20:47:30.084,Paulina,self_20260601_204723,clip_001,1,rest,,1.2233,813232.0,raspberry_pi_seeed_gsr,"813232,1.2233"
2026-06-01T20:47:30.272,Paulina,self_20260601_204723,clip_001,1,rest,,1.2257,813253.0,raspberry_pi_seeed_gsr,"813253,1.2257"
2026-06-01T20:47:30.279,Paulina,self_20260601_204723,clip_001,1,rest,,1.2273,813274.0,raspberry_pi_seeed_gsr,"813274,1.2273"
2026-06-01T20:47:30.285,Paulina,self_20260601_204723,clip_001,1,rest,,1.2281,813295.0,raspberry_pi_seeed_gsr,"813295,1.2281"
2026-06-01T20:47:30.289,Paulina,self_20260601_204723,clip_001,1,rest,,1.2289,813316.0,raspberry_pi_seeed_gsr,"813316,1.2289"
2026-06-01T20:47:30.292,Paulina,self_20260601_204723,clip_001,1,rest,,1.216,813337.0,raspberry_pi_seeed_gsr,"813337,1.2160"
2026-06-01T20:47:30.295,Paulina,self_20260601_204723,clip_001,1,rest,,1.2281,813358.0,raspberry_pi_seeed_gsr,"813358,1.2281"
2026-06-01T20:47:30.303,Paulina,self_20260601_204723,clip_001,1,rest,,1.2281,813379.0,raspberry_pi_seeed_gsr,"813379,1.2281"
2026-06-01T20:47:30.306,Paulina,self_20260601_204723,clip_001,1,rest,,1.2289,813400.0,raspberry_pi_seeed_gsr,"813400,1.2289"
2026-06-01T20:47:30.309,Paulina,self_20260601_204723,clip_001,1,rest,,1.2289,813421.0,raspberry_pi_seeed_gsr,"813421,1.2289"
2026-06-01T20:47:30.312,Paulina,self_20260601_204723,clip_001,1,rest,,1.2265,813442.0,raspberry_pi_seeed_gsr,"813442,1.2265"
2026-06-01T20:47:30.314,Paulina,self_20260601_204723,clip_001,1,rest,,1.2289,813463.0,raspberry_pi_seeed_gsr,"813463,1.2289"
2026-06-01T20:47:30.319,Paulina,self_20260601_204723,clip_001,1,rest,,1.2289,813484.0,raspberry_pi_seeed_gsr,"813484,1.2289"
2026-06-01T20:47:30.323,Paulina,self_20260601_204723,clip_001,1,rest,,1.2225,813505.0,raspberry_pi_seeed_gsr,"813505,1.2225"
2026-06-01T20:47:30.326,Paulina,self_20260601_204723,clip_001,1,rest,,1.2265,813526.0,raspberry_pi_seeed_gsr,"813526,1.2265"
2026-06-01T20:47:30.329,Paulina,self_20260601_204723,clip_001,1,rest,,1.2289,813547.0,raspberry_pi_seeed_gsr,"813547,1.2289"
2026-06-01T20:47:30.333,Paulina,self_20260601_204723,clip_001,1,rest,,1.2337,813568.0,raspberry_pi_seeed_gsr,"813568,1.2337"
2026-06-01T20:47:30.337,Paulina,self_20260601_204723,clip_001,1,rest,,1.2354,813589.0,raspberry_pi_seeed_gsr,"813589,1.2354"
2026-06-01T20:47:30.513,Paulina,self_20260601_204723,clip_001,1,rest,,1.2321,813610.0,raspberry_pi_seeed_gsr,"813610,1.2321"
2026-06-01T20:47:30.521,Paulina,self_20260601_204723,clip_001,1,rest,,1.2289,813631.0,raspberry_pi_seeed_gsr,"813631,1.2289"
2026-06-01T20:47:30.527,Paulina,self_20260601_204723,clip_001,1,rest,,1.2329,813652.0,raspberry_pi_seeed_gsr,"813652,1.2329"
2026-06-01T20:47:30.530,Paulina,self_20260601_204723,clip_001,1,rest,,1.2297,813673.0,raspberry_pi_seeed_gsr,"813673,1.2297"
2026-06-01T20:47:30.534,Paulina,self_20260601_204723,clip_001,1,rest,,1.2297,813694.0,raspberry_pi_seeed_gsr,"813694,1.2297"
2026-06-01T20:47:30.540,Paulina,self_20260601_204723,clip_001,1,rest,,1.2362,813715.0,raspberry_pi_seeed_gsr,"813715,1.2362"
2026-06-01T20:47:30.543,Paulina,self_20260601_204723,clip_001,1,rest,,1.237,813736.0,raspberry_pi_seeed_gsr,"813736,1.2370"
2026-06-01T20:47:30.549,Paulina,self_20260601_204723,clip_001,1,rest,,1.2313,813757.0,raspberry_pi_seeed_gsr,"813757,1.2313"
2026-06-01T20:47:30.557,Paulina,self_20260601_204723,clip_001,1,rest,,1.2297,813778.0,raspberry_pi_seeed_gsr,"813778,1.2297"
2026-06-01T20:47:30.564,Paulina,self_20260601_204723,clip_001,1,rest,,1.2305,813799.0,raspberry_pi_seeed_gsr,"813799,1.2305"
2026-06-01T20:47:30.569,Paulina,self_20260601_204723,clip_001,1,rest,,1.2225,813820.0,raspberry_pi_seeed_gsr,"813820,1.2225"
2026-06-01T20:47:30.572,Paulina,self_20260601_204723,clip_001,1,rest,,1.237,813841.0,raspberry_pi_seeed_gsr,"813841,1.2370"
2026-06-01T20:47:30.576,Paulina,self_20260601_204723,clip_001,1,rest,,1.2289,813862.0,raspberry_pi_seeed_gsr,"813862,1.2289"
2026-06-01T20:47:30.580,Paulina,self_20260601_204723,clip_001,1,rest,,1.2329,813883.0,raspberry_pi_seeed_gsr,"813883,1.2329"
2026-06-01T20:47:30.583,Paulina,self_20260601_204723,clip_001,1,rest,,1.2313,813904.0,raspberry_pi_seeed_gsr,"813904,1.2313"
2026-06-01T20:47:30.587,Paulina,self_20260601_204723,clip_001,1,rest,,1.2329,813925.0,raspberry_pi_seeed_gsr,"813925,1.2329"
2026-06-01T20:47:30.764,Paulina,self_20260601_204723,clip_001,1,rest,,1.2362,813946.0,raspberry_pi_seeed_gsr,"813946,1.2362"
2026-06-01T20:47:30.770,Paulina,self_20260601_204723,clip_001,1,rest,,1.2313,813967.0,raspberry_pi_seeed_gsr,"813967,1.2313"
2026-06-01T20:47:30.774,Paulina,self_20260601_204723,clip_001,1,rest,,1.2281,813988.0,raspberry_pi_seeed_gsr,"813988,1.2281"
2026-06-01T20:47:30.779,Paulina,self_20260601_204723,clip_001,1,rest,,1.2313,814009.0,raspberry_pi_seeed_gsr,"814009,1.2313"
2026-06-01T20:47:30.786,Paulina,self_20260601_204723,clip_001,1,rest,,1.2257,814030.0,raspberry_pi_seeed_gsr,"814030,1.2257"
2026-06-01T20:47:30.789,Paulina,self_20260601_204723,clip_001,1,rest,,1.2337,814051.0,raspberry_pi_seeed_gsr,"814051,1.2337"
2026-06-01T20:47:30.793,Paulina,self_20260601_204723,clip_001,1,rest,,1.2321,814072.0,raspberry_pi_seeed_gsr,"814072,1.2321"
2026-06-01T20:47:30.796,Paulina,self_20260601_204723,clip_001,1,rest,,1.2386,814093.0,raspberry_pi_seeed_gsr,"814093,1.2386"
2026-06-01T20:47:30.800,Paulina,self_20260601_204723,clip_001,1,rest,,1.2329,814114.0,raspberry_pi_seeed_gsr,"814114,1.2329"
2026-06-01T20:47:30.803,Paulina,self_20260601_204723,clip_001,1,rest,,1.237,814135.0,raspberry_pi_seeed_gsr,"814135,1.2370"
2026-06-01T20:47:30.808,Paulina,self_20260601_204723,clip_001,1,rest,,1.2345,814156.0,raspberry_pi_seeed_gsr,"814156,1.2345"
2026-06-01T20:47:30.812,Paulina,self_20260601_204723,clip_001,1,rest,,1.2345,814177.0,raspberry_pi_seeed_gsr,"814177,1.2345"
2026-06-01T20:47:30.816,Paulina,self_20260601_204723,clip_001,1,rest,,1.2378,814198.0,raspberry_pi_seeed_gsr,"814198,1.2378"
2026-06-01T20:47:30.820,Paulina,self_20260601_204723,clip_001,1,rest,,1.2337,814219.0,raspberry_pi_seeed_gsr,"814219,1.2337"
2026-06-01T20:47:30.824,Paulina,self_20260601_204723,clip_001,1,rest,,1.2329,814240.0,raspberry_pi_seeed_gsr,"814240,1.2329"
2026-06-01T20:47:30.827,Paulina,self_20260601_204723,clip_001,1,rest,,1.2337,814261.0,raspberry_pi_seeed_gsr,"814261,1.2337"
2026-06-01T20:47:30.830,Paulina,self_20260601_204723,clip_001,1,rest,,1.2362,814282.0,raspberry_pi_seeed_gsr,"814282,1.2362"
2026-06-01T20:47:30.835,Paulina,self_20260601_204723,clip_001,1,rest,,1.2313,814303.0,raspberry_pi_seeed_gsr,"814303,1.2313"
2026-06-01T20:47:30.838,Paulina,self_20260601_204723,clip_001,1,rest,,1.2329,814324.0,raspberry_pi_seeed_gsr,"814324,1.2329"
2026-06-01T20:47:31.034,Paulina,self_20260601_204723,clip_001,1,rest,,1.2354,814345.0,raspberry_pi_seeed_gsr,"814345,1.2354"
2026-06-01T20:47:31.041,Paulina,self_20260601_204723,clip_001,1,rest,,1.2345,814366.0,raspberry_pi_seeed_gsr,"814366,1.2345"
2026-06-01T20:47:31.044,Paulina,self_20260601_204723,clip_001,1,rest,,1.2321,814387.0,raspberry_pi_seeed_gsr,"814387,1.2321"
2026-06-01T20:47:31.049,Paulina,self_20260601_204723,clip_001,1,rest,,1.237,814408.0,raspberry_pi_seeed_gsr,"814408,1.2370"
2026-06-01T20:47:31.052,Paulina,self_20260601_204723,clip_001,1,rest,,1.2209,814429.0,raspberry_pi_seeed_gsr,"814429,1.2209"
2026-06-01T20:47:31.055,Paulina,self_20260601_204723,clip_001,1,rest,,1.2354,814450.0,raspberry_pi_seeed_gsr,"814450,1.2354"
2026-06-01T20:47:31.059,Paulina,self_20260601_204723,clip_001,1,rest,,1.2345,814471.0,raspberry_pi_seeed_gsr,"814471,1.2345"
2026-06-01T20:47:31.061,Paulina,self_20260601_204723,clip_001,1,rest,,1.237,814492.0,raspberry_pi_seeed_gsr,"814492,1.2370"
2026-06-01T20:47:31.068,Paulina,self_20260601_204723,clip_001,1,rest,,1.237,814513.0,raspberry_pi_seeed_gsr,"814513,1.2370"
2026-06-01T20:47:31.072,Paulina,self_20260601_204723,clip_001,1,rest,,1.237,814534.0,raspberry_pi_seeed_gsr,"814534,1.2370"
2026-06-01T20:47:31.076,Paulina,self_20260601_204723,clip_001,1,rest,,1.2362,814555.0,raspberry_pi_seeed_gsr,"814555,1.2362"
2026-06-01T20:47:31.079,Paulina,self_20260601_204723,clip_001,1,rest,,1.2362,814576.0,raspberry_pi_seeed_gsr,"814576,1.2362"
2026-06-01T20:47:31.083,Paulina,self_20260601_204723,clip_001,1,rest,,1.2313,814597.0,raspberry_pi_seeed_gsr,"814597,1.2313"
2026-06-01T20:47:31.087,Paulina,self_20260601_204723,clip_001,1,rest,,1.237,814618.0,raspberry_pi_seeed_gsr,"814618,1.2370"
2026-06-01T20:47:31.091,Paulina,self_20260601_204723,clip_001,1,rest,,1.237,814639.0,raspberry_pi_seeed_gsr,"814639,1.2370"
2026-06-01T20:47:31.275,Paulina,self_20260601_204723,clip_001,1,rest,,1.237,814660.0,raspberry_pi_seeed_gsr,"814660,1.2370"
2026-06-01T20:47:31.281,Paulina,self_20260601_204723,clip_001,1,rest,,1.237,814681.0,raspberry_pi_seeed_gsr,"814681,1.2370"
2026-06-01T20:47:31.286,Paulina,self_20260601_204723,clip_001,1,rest,,1.237,814702.0,raspberry_pi_seeed_gsr,"814702,1.2370"
2026-06-01T20:47:31.291,Paulina,self_20260601_204723,clip_001,1,rest,,1.237,814723.0,raspberry_pi_seeed_gsr,"814723,1.2370"
2026-06-01T20:47:31.295,Paulina,self_20260601_204723,clip_001,1,rest,,1.237,814744.0,raspberry_pi_seeed_gsr,"814744,1.2370"
2026-06-01T20:47:31.301,Paulina,self_20260601_204723,clip_001,1,rest,,1.2418,814765.0,raspberry_pi_seeed_gsr,"814765,1.2418"
2026-06-01T20:47:31.307,Paulina,self_20260601_204723,clip_001,1,rest,,1.237,814786.0,raspberry_pi_seeed_gsr,"814786,1.2370"
2026-06-01T20:47:31.311,Paulina,self_20260601_204723,clip_001,1,rest,,1.237,814807.0,raspberry_pi_seeed_gsr,"814807,1.2370"
2026-06-01T20:47:31.315,Paulina,self_20260601_204723,clip_001,1,rest,,1.237,814828.0,raspberry_pi_seeed_gsr,"814828,1.2370"
2026-06-01T20:47:31.319,Paulina,self_20260601_204723,clip_001,1,rest,,1.237,814849.0,raspberry_pi_seeed_gsr,"814849,1.2370"
2026-06-01T20:47:31.322,Paulina,self_20260601_204723,clip_001,1,rest,,1.237,814870.0,raspberry_pi_seeed_gsr,"814870,1.2370"
2026-06-01T20:47:31.326,Paulina,self_20260601_204723,clip_001,1,rest,,1.2362,814891.0,raspberry_pi_seeed_gsr,"814891,1.2362"
2026-06-01T20:47:31.330,Paulina,self_20260601_204723,clip_001,1,rest,,1.237,814912.0,raspberry_pi_seeed_gsr,"814912,1.2370"
2026-06-01T20:47:31.335,Paulina,self_20260601_204723,clip_001,1,rest,,1.237,814933.0,raspberry_pi_seeed_gsr,"814933,1.2370"
2026-06-01T20:47:31.339,Paulina,self_20260601_204723,clip_001,1,rest,,1.237,814954.0,raspberry_pi_seeed_gsr,"814954,1.2370"
2026-06-01T20:47:31.342,Paulina,self_20260601_204723,clip_001,1,rest,,1.241,814975.0,raspberry_pi_seeed_gsr,"814975,1.2410"
2026-06-01T20:47:31.564,Paulina,self_20260601_204723,clip_001,1,rest,,1.237,814996.0,raspberry_pi_seeed_gsr,"814996,1.2370"
2026-06-01T20:47:31.571,Paulina,self_20260601_204723,clip_001,1,rest,,1.237,815017.0,raspberry_pi_seeed_gsr,"815017,1.2370"
2026-06-01T20:47:31.575,Paulina,self_20260601_204723,clip_001,1,rest,,1.2225,815038.0,raspberry_pi_seeed_gsr,"815038,1.2225"
2026-06-01T20:47:31.582,Paulina,self_20260601_204723,clip_001,1,rest,,1.237,815059.0,raspberry_pi_seeed_gsr,"815059,1.2370"
2026-06-01T20:47:31.587,Paulina,self_20260601_204723,clip_001,1,rest,,1.2378,815080.0,raspberry_pi_seeed_gsr,"815080,1.2378"
2026-06-01T20:47:31.595,Paulina,self_20260601_204723,clip_001,1,rest,,1.237,815101.0,raspberry_pi_seeed_gsr,"815101,1.2370"
2026-06-01T20:47:31.791,Paulina,self_20260601_204723,clip_001,1,rest,,1.2378,815122.0,raspberry_pi_seeed_gsr,"815122,1.2378"
2026-06-01T20:47:31.801,Paulina,self_20260601_204723,clip_001,1,rest,,1.2491,815143.0,raspberry_pi_seeed_gsr,"815143,1.2491"
2026-06-01T20:47:31.808,Paulina,self_20260601_204723,clip_001,1,rest,,1.237,815164.0,raspberry_pi_seeed_gsr,"815164,1.2370"
2026-06-01T20:47:31.814,Paulina,self_20260601_204723,clip_001,1,rest,,1.237,815185.0,raspberry_pi_seeed_gsr,"815185,1.2370"
2026-06-01T20:47:31.818,Paulina,self_20260601_204723,clip_001,1,rest,,1.2378,815206.0,raspberry_pi_seeed_gsr,"815206,1.2378"
2026-06-01T20:47:31.824,Paulina,self_20260601_204723,clip_001,1,rest,,1.2378,815227.0,raspberry_pi_seeed_gsr,"815227,1.2378"
2026-06-01T20:47:31.830,Paulina,self_20260601_204723,clip_001,1,rest,,1.237,815248.0,raspberry_pi_seeed_gsr,"815248,1.2370"
2026-06-01T20:47:31.841,Paulina,self_20260601_204723,clip_001,1,rest,,1.2515,815269.0,raspberry_pi_seeed_gsr,"815269,1.2515"
2026-06-01T20:47:31.851,Paulina,self_20260601_204723,clip_001,1,rest,,1.2386,815290.0,raspberry_pi_seeed_gsr,"815290,1.2386"
2026-06-01T20:47:32.176,Paulina,self_20260601_204723,clip_001,1,rest,,1.2386,815311.0,raspberry_pi_seeed_gsr,"815311,1.2386"
2026-06-01T20:47:32.557,Paulina,self_20260601_204723,clip_001,1,rest,,1.2523,815332.0,raspberry_pi_seeed_gsr,"815332,1.2523"
2026-06-01T20:47:32.803,Paulina,self_20260601_204723,clip_001,1,rest,,1.2394,815353.0,raspberry_pi_seeed_gsr,"815353,1.2394"
2026-06-01T20:47:32.809,Paulina,self_20260601_204723,clip_001,1,rest,,1.2402,815374.0,raspberry_pi_seeed_gsr,"815374,1.2402"
2026-06-01T20:47:33.008,Paulina,self_20260601_204723,clip_001,1,rest,,1.241,815395.0,raspberry_pi_seeed_gsr,"815395,1.2410"
2026-06-01T20:47:33.015,Paulina,self_20260601_204723,clip_001,1,rest,,1.2394,815416.0,raspberry_pi_seeed_gsr,"815416,1.2394"
2026-06-01T20:47:33.027,Paulina,self_20260601_204723,clip_001,1,rest,,1.2402,815437.0,raspberry_pi_seeed_gsr,"815437,1.2402"
2026-06-01T20:47:33.034,Paulina,self_20260601_204723,clip_001,1,rest,,1.241,815458.0,raspberry_pi_seeed_gsr,"815458,1.2410"
2026-06-01T20:47:33.052,Paulina,self_20260601_204723,clip_001,1,rest,,1.2402,815479.0,raspberry_pi_seeed_gsr,"815479,1.2402"
2026-06-01T20:47:33.059,Paulina,self_20260601_204723,clip_001,1,rest,,1.2523,815500.0,raspberry_pi_seeed_gsr,"815500,1.2523"
2026-06-01T20:47:33.071,Paulina,self_20260601_204723,clip_001,1,rest,,1.241,815521.0,raspberry_pi_seeed_gsr,"815521,1.2410"
2026-06-01T20:47:33.369,Paulina,self_20260601_204723,clip_001,1,rest,,1.2418,815542.0,raspberry_pi_seeed_gsr,"815542,1.2418"
2026-06-01T20:47:33.556,Paulina,self_20260601_204723,clip_001,1,rest,,1.2418,815563.0,raspberry_pi_seeed_gsr,"815563,1.2418"
2026-06-01T20:47:33.561,Paulina,self_20260601_204723,clip_001,1,rest,,1.2354,815584.0,raspberry_pi_seeed_gsr,"815584,1.2354"
2026-06-01T20:47:33.570,Paulina,self_20260601_204723,clip_001,1,rest,,1.2467,815605.0,raspberry_pi_seeed_gsr,"815605,1.2467"
2026-06-01T20:47:33.580,Paulina,self_20260601_204723,clip_001,1,rest,,1.2451,815626.0,raspberry_pi_seeed_gsr,"815626,1.2451"
2026-06-01T20:47:33.591,Paulina,self_20260601_204723,clip_001,1,rest,,1.2386,815647.0,raspberry_pi_seeed_gsr,"815647,1.2386"
2026-06-01T20:47:33.601,Paulina,self_20260601_204723,clip_001,1,rest,,1.2394,815668.0,raspberry_pi_seeed_gsr,"815668,1.2394"
2026-06-01T20:47:33.611,Paulina,self_20260601_204723,clip_001,1,rest,,1.2443,815689.0,raspberry_pi_seeed_gsr,"815689,1.2443"
2026-06-01T20:47:33.614,Paulina,self_20260601_204723,clip_001,1,rest,,1.2451,815710.0,raspberry_pi_seeed_gsr,"815710,1.2451"
2026-06-01T20:47:33.622,Paulina,self_20260601_204723,clip_001,1,rest,,1.2394,815731.0,raspberry_pi_seeed_gsr,"815731,1.2394"
2026-06-01T20:47:33.800,Paulina,self_20260601_204723,clip_001,1,rest,,1.2443,815752.0,raspberry_pi_seeed_gsr,"815752,1.2443"
2026-06-01T20:47:33.805,Paulina,self_20260601_204723,clip_001,1,rest,,1.2435,815773.0,raspberry_pi_seeed_gsr,"815773,1.2435"
2026-06-01T20:47:33.813,Paulina,self_20260601_204723,clip_001,1,rest,,1.2427,815794.0,raspberry_pi_seeed_gsr,"815794,1.2427"
2026-06-01T20:47:33.820,Paulina,self_20260601_204723,clip_001,1,rest,,1.2451,815815.0,raspberry_pi_seeed_gsr,"815815,1.2451"
2026-06-01T20:47:33.827,Paulina,self_20260601_204723,clip_001,1,rest,,1.2451,815836.0,raspberry_pi_seeed_gsr,"815836,1.2451"
2026-06-01T20:47:33.836,Paulina,self_20260601_204723,clip_001,1,rest,,1.2435,815857.0,raspberry_pi_seeed_gsr,"815857,1.2435"
2026-06-01T20:47:33.842,Paulina,self_20260601_204723,clip_001,1,rest,,1.2459,815878.0,raspberry_pi_seeed_gsr,"815878,1.2459"
2026-06-01T20:47:33.848,Paulina,self_20260601_204723,clip_001,1,rest,,1.2467,815899.0,raspberry_pi_seeed_gsr,"815899,1.2467"
2026-06-01T20:47:33.854,Paulina,self_20260601_204723,clip_001,1,rest,,1.2418,815920.0,raspberry_pi_seeed_gsr,"815920,1.2418"
2026-06-01T20:47:33.860,Paulina,self_20260601_204723,clip_001,1,rest,,1.2467,815941.0,raspberry_pi_seeed_gsr,"815941,1.2467"
2026-06-01T20:47:33.865,Paulina,self_20260601_204723,clip_001,1,rest,,1.2467,815962.0,raspberry_pi_seeed_gsr,"815962,1.2467"
2026-06-01T20:47:33.873,Paulina,self_20260601_204723,clip_001,1,rest,,1.2459,815983.0,raspberry_pi_seeed_gsr,"815983,1.2459"
2026-06-01T20:47:34.097,Paulina,self_20260601_204723,clip_001,1,rest,,1.2467,816004.0,raspberry_pi_seeed_gsr,"816004,1.2467"
2026-06-01T20:47:34.102,Paulina,self_20260601_204723,clip_001,1,rest,,1.2418,816025.0,raspberry_pi_seeed_gsr,"816025,1.2418"
2026-06-01T20:47:34.105,Paulina,self_20260601_204723,clip_001,1,rest,,1.2451,816046.0,raspberry_pi_seeed_gsr,"816046,1.2451"
2026-06-01T20:47:34.109,Paulina,self_20260601_204723,clip_001,1,rest,,1.2483,816067.0,raspberry_pi_seeed_gsr,"816067,1.2483"
2026-06-01T20:47:34.111,Paulina,self_20260601_204723,clip_001,1,rest,,1.2499,816088.0,raspberry_pi_seeed_gsr,"816088,1.2499"
2026-06-01T20:47:34.117,Paulina,self_20260601_204723,clip_001,1,rest,,1.2483,816109.0,raspberry_pi_seeed_gsr,"816109,1.2483"
2026-06-01T20:47:34.121,Paulina,self_20260601_204723,clip_001,1,rest,,1.2491,816130.0,raspberry_pi_seeed_gsr,"816130,1.2491"
2026-06-01T20:47:34.124,Paulina,self_20260601_204723,clip_001,1,rest,,1.2475,816151.0,raspberry_pi_seeed_gsr,"816151,1.2475"
2026-06-01T20:47:34.292,Paulina,self_20260601_204723,clip_001,1,rest,,1.2451,816172.0,raspberry_pi_seeed_gsr,"816172,1.2451"
2026-06-01T20:47:34.300,Paulina,self_20260601_204723,clip_001,1,rest,,1.2531,816193.0,raspberry_pi_seeed_gsr,"816193,1.2531"
2026-06-01T20:47:34.305,Paulina,self_20260601_204723,clip_001,1,rest,,1.2491,816214.0,raspberry_pi_seeed_gsr,"816214,1.2491"
2026-06-01T20:47:34.307,Paulina,self_20260601_204723,clip_001,1,rest,,1.2491,816235.0,raspberry_pi_seeed_gsr,"816235,1.2491"
2026-06-01T20:47:34.312,Paulina,self_20260601_204723,clip_001,1,rest,,1.2483,816256.0,raspberry_pi_seeed_gsr,"816256,1.2483"
2026-06-01T20:47:34.316,Paulina,self_20260601_204723,clip_001,1,rest,,1.2507,816277.0,raspberry_pi_seeed_gsr,"816277,1.2507"
2026-06-01T20:47:34.323,Paulina,self_20260601_204723,clip_001,1,rest,,1.2507,816298.0,raspberry_pi_seeed_gsr,"816298,1.2507"
2026-06-01T20:47:34.328,Paulina,self_20260601_204723,clip_001,1,rest,,1.2515,816319.0,raspberry_pi_seeed_gsr,"816319,1.2515"
2026-06-01T20:47:34.334,Paulina,self_20260601_204723,clip_001,1,rest,,1.2402,816340.0,raspberry_pi_seeed_gsr,"816340,1.2402"
2026-06-01T20:47:34.338,Paulina,self_20260601_204723,clip_001,1,rest,,1.2491,816361.0,raspberry_pi_seeed_gsr,"816361,1.2491"
2026-06-01T20:47:34.341,Paulina,self_20260601_204723,clip_001,1,rest,,1.2572,816382.0,raspberry_pi_seeed_gsr,"816382,1.2572"
2026-06-01T20:47:34.345,Paulina,self_20260601_204723,clip_001,1,rest,,1.2507,816403.0,raspberry_pi_seeed_gsr,"816403,1.2507"
2026-06-01T20:47:34.348,Paulina,self_20260601_204723,clip_001,1,rest,,1.2515,816424.0,raspberry_pi_seeed_gsr,"816424,1.2515"
2026-06-01T20:47:34.351,Paulina,self_20260601_204723,clip_001,1,rest,,1.2523,816445.0,raspberry_pi_seeed_gsr,"816445,1.2523"
2026-06-01T20:47:34.354,Paulina,self_20260601_204723,clip_001,1,rest,,1.2539,816466.0,raspberry_pi_seeed_gsr,"816466,1.2539"
2026-06-01T20:47:34.357,Paulina,self_20260601_204723,clip_001,1,rest,,1.2523,816487.0,raspberry_pi_seeed_gsr,"816487,1.2523"
2026-06-01T20:47:34.361,Paulina,self_20260601_204723,clip_001,1,rest,,1.2531,816508.0,raspberry_pi_seeed_gsr,"816508,1.2531"
2026-06-01T20:47:34.364,Paulina,self_20260601_204723,clip_001,1,rest,,1.2491,816529.0,raspberry_pi_seeed_gsr,"816529,1.2491"
2026-06-01T20:47:34.368,Paulina,self_20260601_204723,clip_001,1,rest,,1.2499,816550.0,raspberry_pi_seeed_gsr,"816550,1.2499"
2026-06-01T20:47:34.371,Paulina,self_20260601_204723,clip_001,1,rest,,1.258,816571.0,raspberry_pi_seeed_gsr,"816571,1.2580"
2026-06-01T20:47:34.374,Paulina,self_20260601_204723,clip_001,1,rest,,1.2539,816592.0,raspberry_pi_seeed_gsr,"816592,1.2539"
2026-06-01T20:47:34.378,Paulina,self_20260601_204723,clip_001,1,rest,,1.2531,816613.0,raspberry_pi_seeed_gsr,"816613,1.2531"
2026-06-01T20:47:34.601,Paulina,self_20260601_204723,clip_001,1,rest,,1.2539,816634.0,raspberry_pi_seeed_gsr,"816634,1.2539"
2026-06-01T20:47:34.618,Paulina,self_20260601_204723,clip_001,1,rest,,1.2539,816660.0,raspberry_pi_seeed_gsr,"816660,1.2539"
2026-06-01T20:47:34.628,Paulina,self_20260601_204723,clip_001,1,rest,,1.2539,816681.0,raspberry_pi_seeed_gsr,"816681,1.2539"
2026-06-01T20:47:34.640,Paulina,self_20260601_204723,clip_001,1,rest,,1.2451,816702.0,raspberry_pi_seeed_gsr,"816702,1.2451"
2026-06-01T20:47:34.882,Paulina,self_20260601_204723,clip_001,1,rest,,1.2555,816723.0,raspberry_pi_seeed_gsr,"816723,1.2555"
2026-06-01T20:47:34.887,Paulina,self_20260601_204723,clip_001,1,rest,,1.2547,816744.0,raspberry_pi_seeed_gsr,"816744,1.2547"
2026-06-01T20:47:35.042,Paulina,self_20260601_204723,clip_001,1,rest,,1.2555,816765.0,raspberry_pi_seeed_gsr,"816765,1.2555"
2026-06-01T20:47:35.046,Paulina,self_20260601_204723,clip_001,1,rest,,1.2572,816786.0,raspberry_pi_seeed_gsr,"816786,1.2572"
2026-06-01T20:47:35.050,Paulina,self_20260601_204723,clip_001,1,rest,,1.2467,816807.0,raspberry_pi_seeed_gsr,"816807,1.2467"
2026-06-01T20:47:35.054,Paulina,self_20260601_204723,clip_001,1,rest,,1.2547,816828.0,raspberry_pi_seeed_gsr,"816828,1.2547"
2026-06-01T20:47:35.058,Paulina,self_20260601_204723,clip_001,1,rest,,1.2644,816849.0,raspberry_pi_seeed_gsr,"816849,1.2644"
2026-06-01T20:47:35.062,Paulina,self_20260601_204723,clip_001,1,rest,,1.2555,816870.0,raspberry_pi_seeed_gsr,"816870,1.2555"
2026-06-01T20:47:35.064,Paulina,self_20260601_204723,clip_001,1,rest,,1.2531,816891.0,raspberry_pi_seeed_gsr,"816891,1.2531"
2026-06-01T20:47:35.070,Paulina,self_20260601_204723,clip_001,1,rest,,1.258,816912.0,raspberry_pi_seeed_gsr,"816912,1.2580"
2026-06-01T20:47:35.074,Paulina,self_20260601_204723,clip_001,1,rest,,1.2741,816933.0,raspberry_pi_seeed_gsr,"816933,1.2741"
2026-06-01T20:47:35.077,Paulina,self_20260601_204723,clip_001,1,rest,,1.2588,816954.0,raspberry_pi_seeed_gsr,"816954,1.2588"
2026-06-01T20:47:35.081,Paulina,self_20260601_204723,clip_001,1,rest,,1.266,816975.0,raspberry_pi_seeed_gsr,"816975,1.2660"
2026-06-01T20:47:35.083,Paulina,self_20260601_204723,clip_001,1,rest,,1.2596,816996.0,raspberry_pi_seeed_gsr,"816996,1.2596"
2026-06-01T20:47:35.089,Paulina,self_20260601_204723,clip_001,1,rest,,1.2676,817017.0,raspberry_pi_seeed_gsr,"817017,1.2676"
2026-06-01T20:47:35.092,Paulina,self_20260601_204723,clip_001,1,rest,,1.2596,817038.0,raspberry_pi_seeed_gsr,"817038,1.2596"
2026-06-01T20:47:35.096,Paulina,self_20260601_204723,clip_001,1,rest,,1.2612,817059.0,raspberry_pi_seeed_gsr,"817059,1.2612"
2026-06-01T20:47:35.099,Paulina,self_20260601_204723,clip_001,1,rest,,1.2596,817080.0,raspberry_pi_seeed_gsr,"817080,1.2596"
2026-06-01T20:47:35.103,Paulina,self_20260601_204723,clip_001,1,rest,,1.2531,817101.0,raspberry_pi_seeed_gsr,"817101,1.2531"
2026-06-01T20:47:35.105,Paulina,self_20260601_204723,clip_001,1,rest,,1.2612,817122.0,raspberry_pi_seeed_gsr,"817122,1.2612"
2026-06-01T20:47:35.109,Paulina,self_20260601_204723,clip_001,1,rest,,1.2596,817143.0,raspberry_pi_seeed_gsr,"817143,1.2596"
2026-06-01T20:47:35.113,Paulina,self_20260601_204723,clip_001,1,rest,,1.2596,817164.0,raspberry_pi_seeed_gsr,"817164,1.2596"
2026-06-01T20:47:35.116,Paulina,self_20260601_204723,clip_001,1,rest,,1.2636,817185.0,raspberry_pi_seeed_gsr,"817185,1.2636"
2026-06-01T20:47:35.120,Paulina,self_20260601_204723,clip_001,1,rest,,1.2612,817206.0,raspberry_pi_seeed_gsr,"817206,1.2612"
2026-06-01T20:47:35.124,Paulina,self_20260601_204723,clip_001,1,rest,,1.262,817227.0,raspberry_pi_seeed_gsr,"817227,1.2620"
2026-06-01T20:47:35.127,Paulina,self_20260601_204723,clip_001,1,rest,,1.2636,817248.0,raspberry_pi_seeed_gsr,"817248,1.2636"
2026-06-01T20:47:35.131,Paulina,self_20260601_204723,clip_001,1,rest,,1.2612,817269.0,raspberry_pi_seeed_gsr,"817269,1.2612"
2026-06-01T20:47:35.136,Paulina,self_20260601_204723,clip_001,1,rest,,1.2604,817290.0,raspberry_pi_seeed_gsr,"817290,1.2604"
2026-06-01T20:47:35.140,Paulina,self_20260601_204723,clip_001,1,rest,,1.2572,817311.0,raspberry_pi_seeed_gsr,"817311,1.2572"
2026-06-01T20:47:35.318,Paulina,self_20260601_204723,clip_001,1,rest,,1.2612,817332.0,raspberry_pi_seeed_gsr,"817332,1.2612"
2026-06-01T20:47:35.323,Paulina,self_20260601_204723,clip_001,1,rest,,1.2668,817353.0,raspberry_pi_seeed_gsr,"817353,1.2668"
2026-06-01T20:47:35.327,Paulina,self_20260601_204723,clip_001,1,rest,,1.2676,817374.0,raspberry_pi_seeed_gsr,"817374,1.2676"
2026-06-01T20:47:35.330,Paulina,self_20260601_204723,clip_001,1,rest,,1.27,817395.0,raspberry_pi_seeed_gsr,"817395,1.2700"
2026-06-01T20:47:35.334,Paulina,self_20260601_204723,clip_001,1,rest,,1.262,817416.0,raspberry_pi_seeed_gsr,"817416,1.2620"
2026-06-01T20:47:35.339,Paulina,self_20260601_204723,clip_001,1,rest,,1.2668,817437.0,raspberry_pi_seeed_gsr,"817437,1.2668"
2026-06-01T20:47:35.343,Paulina,self_20260601_204723,clip_001,1,rest,,1.2684,817458.0,raspberry_pi_seeed_gsr,"817458,1.2684"
2026-06-01T20:47:35.354,Paulina,self_20260601_204723,clip_001,1,rest,,1.2676,817479.0,raspberry_pi_seeed_gsr,"817479,1.2676"
2026-06-01T20:47:35.359,Paulina,self_20260601_204723,clip_001,1,rest,,1.2684,817500.0,raspberry_pi_seeed_gsr,"817500,1.2684"
2026-06-01T20:47:35.362,Paulina,self_20260601_204723,clip_001,1,rest,,1.2717,817521.0,raspberry_pi_seeed_gsr,"817521,1.2717"
2026-06-01T20:47:35.367,Paulina,self_20260601_204723,clip_001,1,rest,,1.27,817542.0,raspberry_pi_seeed_gsr,"817542,1.2700"
2026-06-01T20:47:35.371,Paulina,self_20260601_204723,clip_001,1,rest,,1.27,817563.0,raspberry_pi_seeed_gsr,"817563,1.2700"
2026-06-01T20:47:35.373,Paulina,self_20260601_204723,clip_001,1,rest,,1.2709,817584.0,raspberry_pi_seeed_gsr,"817584,1.2709"
2026-06-01T20:47:35.376,Paulina,self_20260601_204723,clip_001,1,rest,,1.2717,817605.0,raspberry_pi_seeed_gsr,"817605,1.2717"
2026-06-01T20:47:35.380,Paulina,self_20260601_204723,clip_001,1,rest,,1.266,817626.0,raspberry_pi_seeed_gsr,"817626,1.2660"
2026-06-01T20:47:35.383,Paulina,self_20260601_204723,clip_001,1,rest,,1.2709,817647.0,raspberry_pi_seeed_gsr,"817647,1.2709"
2026-06-01T20:47:35.387,Paulina,self_20260601_204723,clip_001,1,rest,,1.2709,817668.0,raspberry_pi_seeed_gsr,"817668,1.2709"
2026-06-01T20:47:35.391,Paulina,self_20260601_204723,clip_001,1,rest,,1.2709,817689.0,raspberry_pi_seeed_gsr,"817689,1.2709"
2026-06-01T20:47:35.579,Paulina,self_20260601_204723,clip_001,1,rest,,1.2741,817710.0,raspberry_pi_seeed_gsr,"817710,1.2741"
2026-06-01T20:47:35.587,Paulina,self_20260601_204723,clip_001,1,rest,,1.2749,817731.0,raspberry_pi_seeed_gsr,"817731,1.2749"
2026-06-01T20:47:35.594,Paulina,self_20260601_204723,clip_001,1,rest,,1.2725,817752.0,raspberry_pi_seeed_gsr,"817752,1.2725"
2026-06-01T20:47:35.598,Paulina,self_20260601_204723,clip_001,1,rest,,1.2725,817773.0,raspberry_pi_seeed_gsr,"817773,1.2725"
2026-06-01T20:47:35.603,Paulina,self_20260601_204723,clip_001,1,rest,,1.2725,817794.0,raspberry_pi_seeed_gsr,"817794,1.2725"
2026-06-01T20:47:35.611,Paulina,self_20260601_204723,clip_001,1,rest,,1.2709,817815.0,raspberry_pi_seeed_gsr,"817815,1.2709"
2026-06-01T20:47:35.616,Paulina,self_20260601_204723,clip_001,1,rest,,1.2733,817836.0,raspberry_pi_seeed_gsr,"817836,1.2733"
2026-06-01T20:47:35.621,Paulina,self_20260601_204723,clip_001,1,rest,,1.2733,817857.0,raspberry_pi_seeed_gsr,"817857,1.2733"
2026-06-01T20:47:35.628,Paulina,self_20260601_204723,clip_001,1,rest,,1.2765,817878.0,raspberry_pi_seeed_gsr,"817878,1.2765"
2026-06-01T20:47:35.632,Paulina,self_20260601_204723,clip_001,1,rest,,1.2741,817899.0,raspberry_pi_seeed_gsr,"817899,1.2741"
2026-06-01T20:47:35.638,Paulina,self_20260601_204723,clip_001,1,rest,,1.2741,817920.0,raspberry_pi_seeed_gsr,"817920,1.2741"
2026-06-01T20:47:35.643,Paulina,self_20260601_204723,clip_001,1,rest,,1.2749,817941.0,raspberry_pi_seeed_gsr,"817941,1.2749"
2026-06-01T20:47:35.889,Paulina,self_20260601_204723,clip_001,1,rest,,1.2805,817962.0,raspberry_pi_seeed_gsr,"817962,1.2805"
2026-06-01T20:47:35.896,Paulina,self_20260601_204723,clip_001,1,rest,,1.2846,817983.0,raspberry_pi_seeed_gsr,"817983,1.2846"
2026-06-01T20:47:36.134,Paulina,self_20260601_204723,clip_001,1,rest,,1.2757,818004.0,raspberry_pi_seeed_gsr,"818004,1.2757"
2026-06-01T20:47:36.139,Paulina,self_20260601_204723,clip_001,1,rest,,1.2749,818025.0,raspberry_pi_seeed_gsr,"818025,1.2749"
2026-06-01T20:47:36.142,Paulina,self_20260601_204723,clip_001,1,rest,,1.2757,818046.0,raspberry_pi_seeed_gsr,"818046,1.2757"
2026-06-01T20:47:36.146,Paulina,self_20260601_204723,clip_001,1,rest,,1.2781,818067.0,raspberry_pi_seeed_gsr,"818067,1.2781"
2026-06-01T20:47:36.151,Paulina,self_20260601_204723,clip_001,1,rest,,1.2749,818088.0,raspberry_pi_seeed_gsr,"818088,1.2749"
2026-06-01T20:47:36.378,Paulina,self_20260601_204723,clip_001,1,rest,,1.2749,818109.0,raspberry_pi_seeed_gsr,"818109,1.2749"
2026-06-01T20:47:36.383,Paulina,self_20260601_204723,clip_001,1,rest,,1.2757,818130.0,raspberry_pi_seeed_gsr,"818130,1.2757"
2026-06-01T20:47:36.386,Paulina,self_20260601_204723,clip_001,1,rest,,1.2773,818151.0,raspberry_pi_seeed_gsr,"818151,1.2773"
2026-06-01T20:47:36.391,Paulina,self_20260601_204723,clip_001,1,rest,,1.2765,818172.0,raspberry_pi_seeed_gsr,"818172,1.2765"
2026-06-01T20:47:36.394,Paulina,self_20260601_204723,clip_001,1,rest,,1.2773,818193.0,raspberry_pi_seeed_gsr,"818193,1.2773"
2026-06-01T20:47:36.401,Paulina,self_20260601_204723,clip_001,1,rest,,1.2652,818214.0,raspberry_pi_seeed_gsr,"818214,1.2652"
2026-06-01T20:47:36.406,Paulina,self_20260601_204723,clip_001,1,rest,,1.2781,818235.0,raspberry_pi_seeed_gsr,"818235,1.2781"
2026-06-01T20:47:36.617,Paulina,self_20260601_204723,clip_001,1,rest,,1.2741,818256.0,raspberry_pi_seeed_gsr,"818256,1.2741"
2026-06-01T20:47:36.623,Paulina,self_20260601_204723,clip_001,1,rest,,1.2781,818277.0,raspberry_pi_seeed_gsr,"818277,1.2781"
2026-06-01T20:47:36.627,Paulina,self_20260601_204723,clip_001,1,rest,,1.2797,818298.0,raspberry_pi_seeed_gsr,"818298,1.2797"
2026-06-01T20:47:36.632,Paulina,self_20260601_204723,clip_001,1,rest,,1.2773,818319.0,raspberry_pi_seeed_gsr,"818319,1.2773"
2026-06-01T20:47:36.634,Paulina,self_20260601_204723,clip_001,1,rest,,1.2781,818340.0,raspberry_pi_seeed_gsr,"818340,1.2781"
2026-06-01T20:47:36.638,Paulina,self_20260601_204723,clip_001,1,rest,,1.287,818361.0,raspberry_pi_seeed_gsr,"818361,1.2870"
2026-06-01T20:47:36.642,Paulina,self_20260601_204723,clip_001,1,rest,,1.2805,818382.0,raspberry_pi_seeed_gsr,"818382,1.2805"
2026-06-01T20:47:36.646,Paulina,self_20260601_204723,clip_001,1,rest,,1.2797,818403.0,raspberry_pi_seeed_gsr,"818403,1.2797"
2026-06-01T20:47:36.653,Paulina,self_20260601_204723,clip_001,1,rest,,1.2789,818424.0,raspberry_pi_seeed_gsr,"818424,1.2789"
2026-06-01T20:47:36.658,Paulina,self_20260601_204723,clip_001,1,rest,,1.2958,818445.0,raspberry_pi_seeed_gsr,"818445,1.2958"
2026-06-01T20:47:36.842,Paulina,self_20260601_204723,clip_001,1,rest,,1.2797,818466.0,raspberry_pi_seeed_gsr,"818466,1.2797"
2026-06-01T20:47:36.847,Paulina,self_20260601_204723,clip_001,1,rest,,1.2813,818487.0,raspberry_pi_seeed_gsr,"818487,1.2813"
2026-06-01T20:47:36.854,Paulina,self_20260601_204723,clip_001,1,rest,,1.2789,818508.0,raspberry_pi_seeed_gsr,"818508,1.2789"
2026-06-01T20:47:36.857,Paulina,self_20260601_204723,clip_001,1,rest,,1.2805,818529.0,raspberry_pi_seeed_gsr,"818529,1.2805"
2026-06-01T20:47:36.860,Paulina,self_20260601_204723,clip_001,1,rest,,1.2805,818550.0,raspberry_pi_seeed_gsr,"818550,1.2805"
2026-06-01T20:47:36.862,Paulina,self_20260601_204723,clip_001,1,rest,,1.2805,818571.0,raspberry_pi_seeed_gsr,"818571,1.2805"
2026-06-01T20:47:36.864,Paulina,self_20260601_204723,clip_001,1,rest,,1.2829,818592.0,raspberry_pi_seeed_gsr,"818592,1.2829"
2026-06-01T20:47:36.868,Paulina,self_20260601_204723,clip_001,1,rest,,1.2813,818613.0,raspberry_pi_seeed_gsr,"818613,1.2813"
2026-06-01T20:47:36.871,Paulina,self_20260601_204723,clip_001,1,rest,,1.2829,818634.0,raspberry_pi_seeed_gsr,"818634,1.2829"
2026-06-01T20:47:36.876,Paulina,self_20260601_204723,clip_001,1,rest,,1.2829,818655.0,raspberry_pi_seeed_gsr,"818655,1.2829"
2026-06-01T20:47:36.880,Paulina,self_20260601_204723,clip_001,1,rest,,1.2813,818676.0,raspberry_pi_seeed_gsr,"818676,1.2813"
2026-06-01T20:47:36.885,Paulina,self_20260601_204723,clip_001,1,rest,,1.2837,818697.0,raspberry_pi_seeed_gsr,"818697,1.2837"
2026-06-01T20:47:36.888,Paulina,self_20260601_204723,clip_001,1,rest,,1.2829,818718.0,raspberry_pi_seeed_gsr,"818718,1.2829"
2026-06-01T20:47:36.890,Paulina,self_20260601_204723,clip_001,1,rest,,1.2733,818739.0,raspberry_pi_seeed_gsr,"818739,1.2733"
2026-06-01T20:47:36.894,Paulina,self_20260601_204723,clip_001,1,rest,,1.2846,818760.0,raspberry_pi_seeed_gsr,"818760,1.2846"
2026-06-01T20:47:36.897,Paulina,self_20260601_204723,clip_001,1,rest,,1.2837,818781.0,raspberry_pi_seeed_gsr,"818781,1.2837"
2026-06-01T20:47:36.903,Paulina,self_20260601_204723,clip_001,1,rest,,1.2829,818802.0,raspberry_pi_seeed_gsr,"818802,1.2829"
2026-06-01T20:47:36.906,Paulina,self_20260601_204723,clip_001,1,rest,,1.2837,818823.0,raspberry_pi_seeed_gsr,"818823,1.2837"
2026-06-01T20:47:36.908,Paulina,self_20260601_204723,clip_001,1,rest,,1.2846,818844.0,raspberry_pi_seeed_gsr,"818844,1.2846"
2026-06-01T20:47:36.912,Paulina,self_20260601_204723,clip_001,1,rest,,1.2846,818865.0,raspberry_pi_seeed_gsr,"818865,1.2846"
2026-06-01T20:47:37.097,Paulina,self_20260601_204723,clip_001,1,rest,,1.2846,818886.0,raspberry_pi_seeed_gsr,"818886,1.2846"
2026-06-01T20:47:37.102,Paulina,self_20260601_204723,clip_001,1,rest,,1.2854,818907.0,raspberry_pi_seeed_gsr,"818907,1.2854"
2026-06-01T20:47:37.107,Paulina,self_20260601_204723,clip_001,1,rest,,1.2854,818928.0,raspberry_pi_seeed_gsr,"818928,1.2854"
2026-06-01T20:47:37.114,Paulina,self_20260601_204723,clip_001,1,rest,,1.2854,818949.0,raspberry_pi_seeed_gsr,"818949,1.2854"
2026-06-01T20:47:37.120,Paulina,self_20260601_204723,clip_001,1,rest,,1.2854,818970.0,raspberry_pi_seeed_gsr,"818970,1.2854"
2026-06-01T20:47:37.124,Paulina,self_20260601_204723,clip_001,1,rest,,1.2854,818991.0,raspberry_pi_seeed_gsr,"818991,1.2854"
2026-06-01T20:47:37.131,Paulina,self_20260601_204723,clip_001,1,rest,,1.2862,819012.0,raspberry_pi_seeed_gsr,"819012,1.2862"
2026-06-01T20:47:37.135,Paulina,self_20260601_204723,clip_001,1,rest,,1.2854,819033.0,raspberry_pi_seeed_gsr,"819033,1.2854"
2026-06-01T20:47:37.142,Paulina,self_20260601_204723,clip_001,1,rest,,1.2862,819054.0,raspberry_pi_seeed_gsr,"819054,1.2862"
2026-06-01T20:47:37.147,Paulina,self_20260601_204723,clip_001,1,rest,,1.287,819075.0,raspberry_pi_seeed_gsr,"819075,1.2870"
2026-06-01T20:47:37.153,Paulina,self_20260601_204723,clip_001,1,rest,,1.287,819096.0,raspberry_pi_seeed_gsr,"819096,1.2870"
2026-06-01T20:47:37.158,Paulina,self_20260601_204723,clip_001,1,rest,,1.2862,819117.0,raspberry_pi_seeed_gsr,"819117,1.2862"
2026-06-01T20:47:37.164,Paulina,self_20260601_204723,clip_001,1,rest,,1.2886,819138.0,raspberry_pi_seeed_gsr,"819138,1.2886"
2026-06-01T20:47:37.379,Paulina,self_20260601_204723,clip_001,1,rest,,1.2878,819159.0,raspberry_pi_seeed_gsr,"819159,1.2878"
2026-06-01T20:47:37.385,Paulina,self_20260601_204723,clip_001,1,rest,,1.2878,819180.0,raspberry_pi_seeed_gsr,"819180,1.2878"
2026-06-01T20:47:37.391,Paulina,self_20260601_204723,clip_001,1,rest,,1.2846,819201.0,raspberry_pi_seeed_gsr,"819201,1.2846"
2026-06-01T20:47:37.396,Paulina,self_20260601_204723,clip_001,1,rest,,1.2918,819222.0,raspberry_pi_seeed_gsr,"819222,1.2918"
2026-06-01T20:47:37.402,Paulina,self_20260601_204723,clip_001,1,rest,,1.2846,819243.0,raspberry_pi_seeed_gsr,"819243,1.2846"
2026-06-01T20:47:37.408,Paulina,self_20260601_204723,clip_001,1,rest,,1.2886,819264.0,raspberry_pi_seeed_gsr,"819264,1.2886"
2026-06-01T20:47:37.413,Paulina,self_20260601_204723,clip_001,1,rest,,1.2886,819285.0,raspberry_pi_seeed_gsr,"819285,1.2886"
2026-06-01T20:47:37.418,Paulina,self_20260601_204723,clip_001,1,rest,,1.2886,819306.0,raspberry_pi_seeed_gsr,"819306,1.2886"
2026-06-01T20:47:37.600,Paulina,self_20260601_204723,clip_001,1,rest,,1.2886,819327.0,raspberry_pi_seeed_gsr,"819327,1.2886"
2026-06-01T20:47:37.605,Paulina,self_20260601_204723,clip_001,1,rest,,1.2829,819348.0,raspberry_pi_seeed_gsr,"819348,1.2829"
2026-06-01T20:47:37.609,Paulina,self_20260601_204723,clip_001,1,rest,,1.2878,819369.0,raspberry_pi_seeed_gsr,"819369,1.2878"
2026-06-01T20:47:37.615,Paulina,self_20260601_204723,clip_001,1,rest,,1.2894,819390.0,raspberry_pi_seeed_gsr,"819390,1.2894"
2026-06-01T20:47:37.618,Paulina,self_20260601_204723,clip_001,1,rest,,1.2894,819411.0,raspberry_pi_seeed_gsr,"819411,1.2894"
2026-06-01T20:47:37.623,Paulina,self_20260601_204723,clip_001,1,rest,,1.2902,819432.0,raspberry_pi_seeed_gsr,"819432,1.2902"
2026-06-01T20:47:37.628,Paulina,self_20260601_204723,clip_001,1,rest,,1.2902,819453.0,raspberry_pi_seeed_gsr,"819453,1.2902"
2026-06-01T20:47:37.632,Paulina,self_20260601_204723,clip_001,1,rest,,1.2918,819474.0,raspberry_pi_seeed_gsr,"819474,1.2918"
2026-06-01T20:47:37.635,Paulina,self_20260601_204723,clip_001,1,rest,,1.291,819495.0,raspberry_pi_seeed_gsr,"819495,1.2910"
2026-06-01T20:47:37.639,Paulina,self_20260601_204723,clip_001,1,rest,,1.291,819516.0,raspberry_pi_seeed_gsr,"819516,1.2910"
2026-06-01T20:47:37.644,Paulina,self_20260601_204723,clip_001,1,rest,,1.2902,819537.0,raspberry_pi_seeed_gsr,"819537,1.2902"
2026-06-01T20:47:37.647,Paulina,self_20260601_204723,clip_001,1,rest,,1.2902,819558.0,raspberry_pi_seeed_gsr,"819558,1.2902"
2026-06-01T20:47:37.651,Paulina,self_20260601_204723,clip_001,1,rest,,1.2918,819579.0,raspberry_pi_seeed_gsr,"819579,1.2918"
2026-06-01T20:47:37.655,Paulina,self_20260601_204723,clip_001,1,rest,,1.2934,819600.0,raspberry_pi_seeed_gsr,"819600,1.2934"
2026-06-01T20:47:37.659,Paulina,self_20260601_204723,clip_001,1,rest,,1.2862,819621.0,raspberry_pi_seeed_gsr,"819621,1.2862"
2026-06-01T20:47:37.662,Paulina,self_20260601_204723,clip_001,1,rest,,1.2926,819642.0,raspberry_pi_seeed_gsr,"819642,1.2926"
2026-06-01T20:47:37.667,Paulina,self_20260601_204723,clip_001,1,rest,,1.3015,819663.0,raspberry_pi_seeed_gsr,"819663,1.3015"
2026-06-01T20:47:37.671,Paulina,self_20260601_204723,clip_001,1,rest,,1.2926,819684.0,raspberry_pi_seeed_gsr,"819684,1.2926"
2026-06-01T20:47:37.839,Paulina,self_20260601_204723,clip_001,1,rest,,1.2918,819705.0,raspberry_pi_seeed_gsr,"819705,1.2918"
2026-06-01T20:47:37.845,Paulina,self_20260601_204723,clip_001,1,rest,,1.2934,819726.0,raspberry_pi_seeed_gsr,"819726,1.2934"
2026-06-01T20:47:37.851,Paulina,self_20260601_204723,clip_001,1,rest,,1.2942,819747.0,raspberry_pi_seeed_gsr,"819747,1.2942"
2026-06-01T20:47:37.857,Paulina,self_20260601_204723,clip_001,1,rest,,1.2942,819768.0,raspberry_pi_seeed_gsr,"819768,1.2942"
2026-06-01T20:47:37.861,Paulina,self_20260601_204723,clip_001,1,rest,,1.2926,819789.0,raspberry_pi_seeed_gsr,"819789,1.2926"
2026-06-01T20:47:37.865,Paulina,self_20260601_204723,clip_001,1,rest,,1.2974,819810.0,raspberry_pi_seeed_gsr,"819810,1.2974"
2026-06-01T20:47:37.869,Paulina,self_20260601_204723,clip_001,1,rest,,1.2942,819831.0,raspberry_pi_seeed_gsr,"819831,1.2942"
2026-06-01T20:47:37.873,Paulina,self_20260601_204723,clip_001,1,rest,,1.291,819852.0,raspberry_pi_seeed_gsr,"819852,1.2910"
2026-06-01T20:47:37.876,Paulina,self_20260601_204723,clip_001,1,rest,,1.3007,819873.0,raspberry_pi_seeed_gsr,"819873,1.3007"
2026-06-01T20:47:37.879,Paulina,self_20260601_204723,clip_001,1,rest,,1.2966,819894.0,raspberry_pi_seeed_gsr,"819894,1.2966"
2026-06-01T20:47:37.883,Paulina,self_20260601_204723,clip_001,1,rest,,1.2934,819915.0,raspberry_pi_seeed_gsr,"819915,1.2934"
2026-06-01T20:47:37.887,Paulina,self_20260601_204723,clip_001,1,rest,,1.2934,819936.0,raspberry_pi_seeed_gsr,"819936,1.2934"
2026-06-01T20:47:37.889,Paulina,self_20260601_204723,clip_001,1,rest,,1.3055,819957.0,raspberry_pi_seeed_gsr,"819957,1.3055"
2026-06-01T20:47:37.893,Paulina,self_20260601_204723,clip_001,1,rest,,1.2958,819978.0,raspberry_pi_seeed_gsr,"819978,1.2958"
2026-06-01T20:47:37.898,Paulina,self_20260601_204723,clip_001,1,rest,,1.2966,819999.0,raspberry_pi_seeed_gsr,"819999,1.2966"
2026-06-01T20:47:37.910,Paulina,self_20260601_204723,clip_001,1,rest,,1.2966,820020.0,raspberry_pi_seeed_gsr,"820020,1.2966"
2026-06-01T20:47:37.914,Paulina,self_20260601_204723,clip_001,1,rest,,1.2821,820041.0,raspberry_pi_seeed_gsr,"820041,1.2821"
2026-06-01T20:47:37.920,Paulina,self_20260601_204723,clip_001,1,rest,,1.2974,820062.0,raspberry_pi_seeed_gsr,"820062,1.2974"
2026-06-01T20:47:37.924,Paulina,self_20260601_204723,clip_001,1,rest,,1.2966,820083.0,raspberry_pi_seeed_gsr,"820083,1.2966"
2026-06-01T20:47:38.082,Paulina,self_20260601_204723,clip_001,1,rest,,1.2974,820104.0,raspberry_pi_seeed_gsr,"820104,1.2974"
2026-06-01T20:47:38.087,Paulina,self_20260601_204723,clip_001,1,rest,,1.2974,820125.0,raspberry_pi_seeed_gsr,"820125,1.2974"
2026-06-01T20:47:38.091,Paulina,self_20260601_204723,clip_001,1,rest,,1.3047,820146.0,raspberry_pi_seeed_gsr,"820146,1.3047"
2026-06-01T20:47:38.095,Paulina,self_20260601_204723,clip_001,1,rest,,1.2958,820167.0,raspberry_pi_seeed_gsr,"820167,1.2958"
2026-06-01T20:47:38.103,Paulina,self_20260601_204723,clip_001,1,rest,,1.2982,820188.0,raspberry_pi_seeed_gsr,"820188,1.2982"
2026-06-01T20:47:38.106,Paulina,self_20260601_204723,clip_001,1,rest,,1.2991,820209.0,raspberry_pi_seeed_gsr,"820209,1.2991"
2026-06-01T20:47:38.112,Paulina,self_20260601_204723,clip_001,1,rest,,1.2991,820230.0,raspberry_pi_seeed_gsr,"820230,1.2991"
2026-06-01T20:47:38.117,Paulina,self_20260601_204723,clip_001,1,rest,,1.2991,820251.0,raspberry_pi_seeed_gsr,"820251,1.2991"
2026-06-01T20:47:38.120,Paulina,self_20260601_204723,clip_001,1,rest,,1.3031,820272.0,raspberry_pi_seeed_gsr,"820272,1.3031"
2026-06-01T20:47:38.124,Paulina,self_20260601_204723,clip_001,1,rest,,1.2991,820293.0,raspberry_pi_seeed_gsr,"820293,1.2991"
2026-06-01T20:47:38.129,Paulina,self_20260601_204723,clip_001,1,rest,,1.2991,820314.0,raspberry_pi_seeed_gsr,"820314,1.2991"
2026-06-01T20:47:38.135,Paulina,self_20260601_204723,clip_001,1,rest,,1.3031,820335.0,raspberry_pi_seeed_gsr,"820335,1.3031"
2026-06-01T20:47:38.138,Paulina,self_20260601_204723,clip_001,1,rest,,1.2999,820356.0,raspberry_pi_seeed_gsr,"820356,1.2999"
2026-06-01T20:47:38.143,Paulina,self_20260601_204723,clip_001,1,rest,,1.3015,820377.0,raspberry_pi_seeed_gsr,"820377,1.3015"
2026-06-01T20:47:38.147,Paulina,self_20260601_204723,clip_001,1,rest,,1.2999,820398.0,raspberry_pi_seeed_gsr,"820398,1.2999"
2026-06-01T20:47:38.153,Paulina,self_20260601_204723,clip_001,1,rest,,1.3031,820419.0,raspberry_pi_seeed_gsr,"820419,1.3031"
2026-06-01T20:47:38.158,Paulina,self_20260601_204723,clip_001,1,rest,,1.2974,820440.0,raspberry_pi_seeed_gsr,"820440,1.2974"
2026-06-01T20:47:38.164,Paulina,self_20260601_204723,clip_001,1,rest,,1.3031,820461.0,raspberry_pi_seeed_gsr,"820461,1.3031"
2026-06-01T20:47:38.170,Paulina,self_20260601_204723,clip_001,1,rest,,1.3023,820482.0,raspberry_pi_seeed_gsr,"820482,1.3023"
2026-06-01T20:47:38.174,Paulina,self_20260601_204723,clip_001,1,rest,,1.2982,820503.0,raspberry_pi_seeed_gsr,"820503,1.2982"
2026-06-01T20:47:38.392,Paulina,self_20260601_204723,clip_001,1,rest,,1.3023,820524.0,raspberry_pi_seeed_gsr,"820524,1.3023"
2026-06-01T20:47:38.400,Paulina,self_20260601_204723,clip_001,1,rest,,1.3023,820545.0,raspberry_pi_seeed_gsr,"820545,1.3023"
2026-06-01T20:47:38.406,Paulina,self_20260601_204723,clip_001,1,rest,,1.3023,820566.0,raspberry_pi_seeed_gsr,"820566,1.3023"
2026-06-01T20:47:38.415,Paulina,self_20260601_204723,clip_001,1,rest,,1.3023,820587.0,raspberry_pi_seeed_gsr,"820587,1.3023"
2026-06-01T20:47:38.434,Paulina,self_20260601_204723,clip_001,1,rest,,1.3023,820608.0,raspberry_pi_seeed_gsr,"820608,1.3023"
2026-06-01T20:47:38.887,Paulina,self_20260601_204723,clip_001,1,rest,,1.3031,820629.0,raspberry_pi_seeed_gsr,"820629,1.3031"
2026-06-01T20:47:39.041,Paulina,self_20260601_204723,clip_001,1,rest,,1.3023,820650.0,raspberry_pi_seeed_gsr,"820650,1.3023"
2026-06-01T20:47:39.045,Paulina,self_20260601_204723,clip_001,1,rest,,1.3031,820671.0,raspberry_pi_seeed_gsr,"820671,1.3031"
2026-06-01T20:47:39.049,Paulina,self_20260601_204723,clip_001,1,rest,,1.3031,820692.0,raspberry_pi_seeed_gsr,"820692,1.3031"
2026-06-01T20:47:39.053,Paulina,self_20260601_204723,clip_001,1,rest,,1.3031,820713.0,raspberry_pi_seeed_gsr,"820713,1.3031"
2026-06-01T20:47:39.056,Paulina,self_20260601_204723,clip_001,1,rest,,1.3087,820734.0,raspberry_pi_seeed_gsr,"820734,1.3087"
2026-06-01T20:47:39.058,Paulina,self_20260601_204723,clip_001,1,rest,,1.3071,820755.0,raspberry_pi_seeed_gsr,"820755,1.3071"
2026-06-01T20:47:39.064,Paulina,self_20260601_204723,clip_001,1,rest,,1.3031,820776.0,raspberry_pi_seeed_gsr,"820776,1.3031"
2026-06-01T20:47:39.071,Paulina,self_20260601_204723,clip_001,1,rest,,1.3047,820797.0,raspberry_pi_seeed_gsr,"820797,1.3047"
2026-06-01T20:47:39.075,Paulina,self_20260601_204723,clip_001,1,rest,,1.3047,820818.0,raspberry_pi_seeed_gsr,"820818,1.3047"
2026-06-01T20:47:39.078,Paulina,self_20260601_204723,clip_001,1,rest,,1.3031,820839.0,raspberry_pi_seeed_gsr,"820839,1.3031"
2026-06-01T20:47:39.083,Paulina,self_20260601_204723,clip_001,1,rest,,1.3087,820860.0,raspberry_pi_seeed_gsr,"820860,1.3087"
2026-06-01T20:47:39.087,Paulina,self_20260601_204723,clip_001,1,rest,,1.3047,820881.0,raspberry_pi_seeed_gsr,"820881,1.3047"
2026-06-01T20:47:39.090,Paulina,self_20260601_204723,clip_001,1,rest,,1.3216,820902.0,raspberry_pi_seeed_gsr,"820902,1.3216"
2026-06-01T20:47:39.094,Paulina,self_20260601_204723,clip_001,1,rest,,1.3047,820923.0,raspberry_pi_seeed_gsr,"820923,1.3047"
2026-06-01T20:47:39.099,Paulina,self_20260601_204723,clip_001,1,rest,,1.3095,820944.0,raspberry_pi_seeed_gsr,"820944,1.3095"
2026-06-01T20:47:39.103,Paulina,self_20260601_204723,clip_001,1,rest,,1.3152,820965.0,raspberry_pi_seeed_gsr,"820965,1.3152"
2026-06-01T20:47:39.108,Paulina,self_20260601_204723,clip_001,1,rest,,1.3055,820986.0,raspberry_pi_seeed_gsr,"820986,1.3055"
2026-06-01T20:47:39.111,Paulina,self_20260601_204723,clip_001,1,rest,,1.3039,821007.0,raspberry_pi_seeed_gsr,"821007,1.3039"
2026-06-01T20:47:39.115,Paulina,self_20260601_204723,clip_001,1,rest,,1.3063,821028.0,raspberry_pi_seeed_gsr,"821028,1.3063"
2026-06-01T20:47:39.120,Paulina,self_20260601_204723,clip_001,1,rest,,1.3071,821049.0,raspberry_pi_seeed_gsr,"821049,1.3071"
2026-06-01T20:47:39.125,Paulina,self_20260601_204723,clip_001,1,rest,,1.3063,821070.0,raspberry_pi_seeed_gsr,"821070,1.3063"
2026-06-01T20:47:39.129,Paulina,self_20260601_204723,clip_001,1,rest,,1.3071,821091.0,raspberry_pi_seeed_gsr,"821091,1.3071"
2026-06-01T20:47:39.132,Paulina,self_20260601_204723,clip_001,1,rest,,1.3071,821112.0,raspberry_pi_seeed_gsr,"821112,1.3071"
2026-06-01T20:47:39.137,Paulina,self_20260601_204723,clip_001,1,rest,,1.3071,821133.0,raspberry_pi_seeed_gsr,"821133,1.3071"
2026-06-01T20:47:39.300,Paulina,self_20260601_204723,clip_001,1,rest,,1.3071,821154.0,raspberry_pi_seeed_gsr,"821154,1.3071"
2026-06-01T20:47:39.306,Paulina,self_20260601_204723,clip_001,1,rest,,1.3079,821175.0,raspberry_pi_seeed_gsr,"821175,1.3079"
2026-06-01T20:47:39.311,Paulina,self_20260601_204723,clip_001,1,rest,,1.3063,821196.0,raspberry_pi_seeed_gsr,"821196,1.3063"
2026-06-01T20:47:39.315,Paulina,self_20260601_204723,clip_001,1,rest,,1.3087,821217.0,raspberry_pi_seeed_gsr,"821217,1.3087"
2026-06-01T20:47:39.319,Paulina,self_20260601_204723,clip_001,1,rest,,1.3063,821238.0,raspberry_pi_seeed_gsr,"821238,1.3063"
2026-06-01T20:47:39.321,Paulina,self_20260601_204723,clip_001,1,rest,,1.3087,821259.0,raspberry_pi_seeed_gsr,"821259,1.3087"
2026-06-01T20:47:39.324,Paulina,self_20260601_204723,clip_001,1,rest,,1.3087,821280.0,raspberry_pi_seeed_gsr,"821280,1.3087"
2026-06-01T20:47:39.334,Paulina,self_20260601_204723,clip_001,1,rest,,1.3071,821301.0,raspberry_pi_seeed_gsr,"821301,1.3071"
2026-06-01T20:47:39.339,Paulina,self_20260601_204723,clip_001,1,rest,,1.3087,821322.0,raspberry_pi_seeed_gsr,"821322,1.3087"
2026-06-01T20:47:39.345,Paulina,self_20260601_204723,clip_001,1,rest,,1.3119,821343.0,raspberry_pi_seeed_gsr,"821343,1.3119"
2026-06-01T20:47:39.353,Paulina,self_20260601_204723,clip_001,1,rest,,1.3232,821364.0,raspberry_pi_seeed_gsr,"821364,1.3232"
2026-06-01T20:47:39.357,Paulina,self_20260601_204723,clip_001,1,rest,,1.2999,821385.0,raspberry_pi_seeed_gsr,"821385,1.2999"
2026-06-01T20:47:39.361,Paulina,self_20260601_204723,clip_001,1,rest,,1.3127,821406.0,raspberry_pi_seeed_gsr,"821406,1.3127"
2026-06-01T20:47:39.365,Paulina,self_20260601_204723,clip_001,1,rest,,1.3168,821427.0,raspberry_pi_seeed_gsr,"821427,1.3168"
2026-06-01T20:47:39.369,Paulina,self_20260601_204723,clip_001,1,rest,,1.3111,821448.0,raspberry_pi_seeed_gsr,"821448,1.3111"
2026-06-01T20:47:39.373,Paulina,self_20260601_204723,clip_001,1,rest,,1.3095,821469.0,raspberry_pi_seeed_gsr,"821469,1.3095"
2026-06-01T20:47:39.377,Paulina,self_20260601_204723,clip_001,1,rest,,1.3095,821490.0,raspberry_pi_seeed_gsr,"821490,1.3095"
2026-06-01T20:47:39.381,Paulina,self_20260601_204723,clip_001,1,rest,,1.3079,821511.0,raspberry_pi_seeed_gsr,"821511,1.3079"
2026-06-01T20:47:39.386,Paulina,self_20260601_204723,clip_001,1,rest,,1.3103,821532.0,raspberry_pi_seeed_gsr,"821532,1.3103"
2026-06-01T20:47:39.389,Paulina,self_20260601_204723,clip_001,1,rest,,1.3087,821553.0,raspberry_pi_seeed_gsr,"821553,1.3087"
2026-06-01T20:47:39.549,Paulina,self_20260601_204723,clip_001,1,rest,,1.3103,821574.0,raspberry_pi_seeed_gsr,"821574,1.3103"
2026-06-01T20:47:39.554,Paulina,self_20260601_204723,clip_001,1,rest,,1.3103,821595.0,raspberry_pi_seeed_gsr,"821595,1.3103"
2026-06-01T20:47:39.559,Paulina,self_20260601_204723,clip_001,1,rest,,1.3111,821616.0,raspberry_pi_seeed_gsr,"821616,1.3111"
2026-06-01T20:47:39.562,Paulina,self_20260601_204723,clip_001,1,rest,,1.3095,821637.0,raspberry_pi_seeed_gsr,"821637,1.3095"
2026-06-01T20:47:39.567,Paulina,self_20260601_204723,clip_001,1,rest,,1.3111,821658.0,raspberry_pi_seeed_gsr,"821658,1.3111"
2026-06-01T20:47:39.571,Paulina,self_20260601_204723,clip_001,1,rest,,1.3127,821679.0,raspberry_pi_seeed_gsr,"821679,1.3127"
2026-06-01T20:47:39.574,Paulina,self_20260601_204723,clip_001,1,rest,,1.3095,821700.0,raspberry_pi_seeed_gsr,"821700,1.3095"
2026-06-01T20:47:39.578,Paulina,self_20260601_204723,clip_001,1,rest,,1.3071,821721.0,raspberry_pi_seeed_gsr,"821721,1.3071"
2026-06-01T20:47:39.580,Paulina,self_20260601_204723,clip_001,1,rest,,1.3103,821742.0,raspberry_pi_seeed_gsr,"821742,1.3103"
2026-06-01T20:47:39.584,Paulina,self_20260601_204723,clip_001,1,rest,,1.3095,821763.0,raspberry_pi_seeed_gsr,"821763,1.3095"
2026-06-01T20:47:39.590,Paulina,self_20260601_204723,clip_001,1,rest,,1.3136,821784.0,raspberry_pi_seeed_gsr,"821784,1.3136"
2026-06-01T20:47:39.596,Paulina,self_20260601_204723,clip_001,1,rest,,1.3136,821805.0,raspberry_pi_seeed_gsr,"821805,1.3136"
2026-06-01T20:47:39.604,Paulina,self_20260601_204723,clip_001,1,rest,,1.3103,821826.0,raspberry_pi_seeed_gsr,"821826,1.3103"
2026-06-01T20:47:39.609,Paulina,self_20260601_204723,clip_001,1,rest,,1.3127,821847.0,raspberry_pi_seeed_gsr,"821847,1.3127"
2026-06-01T20:47:39.614,Paulina,self_20260601_204723,clip_001,1,rest,,1.3103,821868.0,raspberry_pi_seeed_gsr,"821868,1.3103"
2026-06-01T20:47:39.621,Paulina,self_20260601_204723,clip_001,1,rest,,1.3103,821889.0,raspberry_pi_seeed_gsr,"821889,1.3103"
2026-06-01T20:47:39.625,Paulina,self_20260601_204723,clip_001,1,rest,,1.3103,821910.0,raspberry_pi_seeed_gsr,"821910,1.3103"
2026-06-01T20:47:39.628,Paulina,self_20260601_204723,clip_001,1,rest,,1.3103,821931.0,raspberry_pi_seeed_gsr,"821931,1.3103"
2026-06-01T20:47:39.633,Paulina,self_20260601_204723,clip_001,1,rest,,1.3111,821952.0,raspberry_pi_seeed_gsr,"821952,1.3111"
2026-06-01T20:47:39.637,Paulina,self_20260601_204723,clip_001,1,rest,,1.3055,821973.0,raspberry_pi_seeed_gsr,"821973,1.3055"
2026-06-01T20:47:39.644,Paulina,self_20260601_204723,clip_001,1,rest,,1.3103,821994.0,raspberry_pi_seeed_gsr,"821994,1.3103"
2026-06-01T20:47:39.812,Paulina,self_20260601_204723,clip_001,1,rest,,1.2966,822015.0,raspberry_pi_seeed_gsr,"822015,1.2966"
2026-06-01T20:47:39.818,Paulina,self_20260601_204723,clip_001,1,rest,,1.3111,822036.0,raspberry_pi_seeed_gsr,"822036,1.3111"
2026-06-01T20:47:39.823,Paulina,self_20260601_204723,clip_001,1,rest,,1.3103,822057.0,raspberry_pi_seeed_gsr,"822057,1.3103"
2026-06-01T20:47:39.827,Paulina,self_20260601_204723,clip_001,1,rest,,1.3103,822078.0,raspberry_pi_seeed_gsr,"822078,1.3103"
2026-06-01T20:47:39.830,Paulina,self_20260601_204723,clip_001,1,rest,,1.3103,822099.0,raspberry_pi_seeed_gsr,"822099,1.3103"
2026-06-01T20:47:39.834,Paulina,self_20260601_204723,clip_001,1,rest,,1.3119,822120.0,raspberry_pi_seeed_gsr,"822120,1.3119"
2026-06-01T20:47:39.838,Paulina,self_20260601_204723,clip_001,1,rest,,1.3119,822141.0,raspberry_pi_seeed_gsr,"822141,1.3119"
2026-06-01T20:47:39.840,Paulina,self_20260601_204723,clip_001,1,rest,,1.3111,822162.0,raspberry_pi_seeed_gsr,"822162,1.3111"
2026-06-01T20:47:39.844,Paulina,self_20260601_204723,clip_001,1,rest,,1.3103,822183.0,raspberry_pi_seeed_gsr,"822183,1.3103"
2026-06-01T20:47:39.847,Paulina,self_20260601_204723,clip_001,1,rest,,1.3111,822204.0,raspberry_pi_seeed_gsr,"822204,1.3111"
2026-06-01T20:47:39.852,Paulina,self_20260601_204723,clip_001,1,rest,,1.3103,822225.0,raspberry_pi_seeed_gsr,"822225,1.3103"
2026-06-01T20:47:39.856,Paulina,self_20260601_204723,clip_001,1,rest,,1.3103,822246.0,raspberry_pi_seeed_gsr,"822246,1.3103"
2026-06-01T20:47:39.859,Paulina,self_20260601_204723,clip_001,1,rest,,1.3103,822267.0,raspberry_pi_seeed_gsr,"822267,1.3103"
2026-06-01T20:47:39.863,Paulina,self_20260601_204723,clip_001,1,rest,,1.3103,822288.0,raspberry_pi_seeed_gsr,"822288,1.3103"
2026-06-01T20:47:39.867,Paulina,self_20260601_204723,clip_001,1,rest,,1.3111,822309.0,raspberry_pi_seeed_gsr,"822309,1.3111"
2026-06-01T20:47:39.870,Paulina,self_20260601_204723,clip_001,1,rest,,1.3095,822330.0,raspberry_pi_seeed_gsr,"822330,1.3095"
2026-06-01T20:47:39.874,Paulina,self_20260601_204723,clip_001,1,rest,,1.3103,822351.0,raspberry_pi_seeed_gsr,"822351,1.3103"
2026-06-01T20:47:39.877,Paulina,self_20260601_204723,clip_001,1,rest,,1.3119,822372.0,raspberry_pi_seeed_gsr,"822372,1.3119"
2026-06-01T20:47:39.882,Paulina,self_20260601_204723,clip_001,1,rest,,1.3103,822393.0,raspberry_pi_seeed_gsr,"822393,1.3103"
2026-06-01T20:47:39.887,Paulina,self_20260601_204723,clip_001,1,rest,,1.3103,822414.0,raspberry_pi_seeed_gsr,"822414,1.3103"
2026-06-01T20:47:39.893,Paulina,self_20260601_204723,clip_001,1,rest,,1.3095,822435.0,raspberry_pi_seeed_gsr,"822435,1.3095"
2026-06-01T20:47:40.068,Paulina,self_20260601_204723,clip_001,1,rest,,1.3047,822456.0,raspberry_pi_seeed_gsr,"822456,1.3047"
2026-06-01T20:47:40.073,Paulina,self_20260601_204723,clip_001,1,rest,,1.3087,822477.0,raspberry_pi_seeed_gsr,"822477,1.3087"
2026-06-01T20:47:40.079,Paulina,self_20260601_204723,clip_001,1,rest,,1.3103,822498.0,raspberry_pi_seeed_gsr,"822498,1.3103"
2026-06-01T20:47:40.085,Paulina,self_20260601_204723,clip_001,1,rest,,1.3047,822519.0,raspberry_pi_seeed_gsr,"822519,1.3047"
2026-06-01T20:47:40.089,Paulina,self_20260601_204723,clip_001,1,rest,,1.3111,822540.0,raspberry_pi_seeed_gsr,"822540,1.3111"
2026-06-01T20:47:40.093,Paulina,self_20260601_204723,clip_001,1,rest,,1.3103,822561.0,raspberry_pi_seeed_gsr,"822561,1.3103"
2026-06-01T20:47:40.097,Paulina,self_20260601_204723,clip_001,1,rest,,1.3103,822582.0,raspberry_pi_seeed_gsr,"822582,1.3103"
2026-06-01T20:47:40.101,Paulina,self_20260601_204723,clip_001,1,rest,,1.3095,822603.0,raspberry_pi_seeed_gsr,"822603,1.3095"
2026-06-01T20:47:40.105,Paulina,self_20260601_204723,clip_001,1,rest,,1.3103,822624.0,raspberry_pi_seeed_gsr,"822624,1.3103"
2026-06-01T20:47:40.108,Paulina,self_20260601_204723,clip_001,1,rest,,1.3095,822645.0,raspberry_pi_seeed_gsr,"822645,1.3095"
2026-06-01T20:47:40.113,Paulina,self_20260601_204723,clip_001,1,rest,,1.3103,822666.0,raspberry_pi_seeed_gsr,"822666,1.3103"
2026-06-01T20:47:40.117,Paulina,self_20260601_204723,clip_001,1,rest,,1.3103,822687.0,raspberry_pi_seeed_gsr,"822687,1.3103"
2026-06-01T20:47:40.121,Paulina,self_20260601_204723,clip_001,1,rest,,1.3111,822708.0,raspberry_pi_seeed_gsr,"822708,1.3111"
2026-06-01T20:47:40.125,Paulina,self_20260601_204723,clip_001,1,rest,,1.3152,822729.0,raspberry_pi_seeed_gsr,"822729,1.3152"
2026-06-01T20:47:40.129,Paulina,self_20260601_204723,clip_001,1,rest,,1.3127,822750.0,raspberry_pi_seeed_gsr,"822750,1.3127"
2026-06-01T20:47:40.131,Paulina,self_20260601_204723,clip_001,1,rest,,1.3103,822771.0,raspberry_pi_seeed_gsr,"822771,1.3103"
2026-06-01T20:47:40.136,Paulina,self_20260601_204723,clip_001,1,rest,,1.3111,822792.0,raspberry_pi_seeed_gsr,"822792,1.3111"
2026-06-01T20:47:40.140,Paulina,self_20260601_204723,clip_001,1,rest,,1.3264,822813.0,raspberry_pi_seeed_gsr,"822813,1.3264"
2026-06-01T20:47:40.143,Paulina,self_20260601_204723,clip_001,1,rest,,1.3111,822834.0,raspberry_pi_seeed_gsr,"822834,1.3111"
2026-06-01T20:47:40.146,Paulina,self_20260601_204723,clip_001,1,rest,,1.3127,822855.0,raspberry_pi_seeed_gsr,"822855,1.3127"
2026-06-01T20:47:40.326,Paulina,self_20260601_204723,clip_001,1,rest,,1.3152,822876.0,raspberry_pi_seeed_gsr,"822876,1.3152"
2026-06-01T20:47:40.332,Paulina,self_20260601_204723,clip_001,1,rest,,1.3039,822897.0,raspberry_pi_seeed_gsr,"822897,1.3039"
2026-06-01T20:47:40.337,Paulina,self_20260601_204723,clip_001,1,rest,,1.3119,822918.0,raspberry_pi_seeed_gsr,"822918,1.3119"
2026-06-01T20:47:40.343,Paulina,self_20260601_204723,clip_001,1,rest,,1.3111,822939.0,raspberry_pi_seeed_gsr,"822939,1.3111"
2026-06-01T20:47:40.347,Paulina,self_20260601_204723,clip_001,1,rest,,1.3095,822960.0,raspberry_pi_seeed_gsr,"822960,1.3095"
2026-06-01T20:47:40.354,Paulina,self_20260601_204723,clip_001,1,rest,,1.3111,822981.0,raspberry_pi_seeed_gsr,"822981,1.3111"
2026-06-01T20:47:40.359,Paulina,self_20260601_204723,clip_001,1,rest,,1.3063,823002.0,raspberry_pi_seeed_gsr,"823002,1.3063"
2026-06-01T20:47:40.362,Paulina,self_20260601_204723,clip_001,1,rest,,1.3111,823023.0,raspberry_pi_seeed_gsr,"823023,1.3111"
2026-06-01T20:47:40.367,Paulina,self_20260601_204723,clip_001,1,rest,,1.3111,823044.0,raspberry_pi_seeed_gsr,"823044,1.3111"
2026-06-01T20:47:40.370,Paulina,self_20260601_204723,clip_001,1,rest,,1.3111,823065.0,raspberry_pi_seeed_gsr,"823065,1.3111"
2026-06-01T20:47:40.375,Paulina,self_20260601_204723,clip_001,1,rest,,1.3103,823086.0,raspberry_pi_seeed_gsr,"823086,1.3103"
2026-06-01T20:47:40.380,Paulina,self_20260601_204723,clip_001,1,rest,,1.3095,823107.0,raspberry_pi_seeed_gsr,"823107,1.3095"
2026-06-01T20:47:40.385,Paulina,self_20260601_204723,clip_001,1,rest,,1.3095,823128.0,raspberry_pi_seeed_gsr,"823128,1.3095"
2026-06-01T20:47:40.390,Paulina,self_20260601_204723,clip_001,1,rest,,1.3087,823149.0,raspberry_pi_seeed_gsr,"823149,1.3087"
2026-06-01T20:47:40.394,Paulina,self_20260601_204723,clip_001,1,rest,,1.3127,823170.0,raspberry_pi_seeed_gsr,"823170,1.3127"
2026-06-01T20:47:40.401,Paulina,self_20260601_204723,clip_001,1,rest,,1.3087,823191.0,raspberry_pi_seeed_gsr,"823191,1.3087"
2026-06-01T20:47:40.572,Paulina,self_20260601_204723,clip_001,1,rest,,1.3087,823212.0,raspberry_pi_seeed_gsr,"823212,1.3087"
2026-06-01T20:47:40.579,Paulina,self_20260601_204723,clip_001,1,rest,,1.3047,823233.0,raspberry_pi_seeed_gsr,"823233,1.3047"
2026-06-01T20:47:40.584,Paulina,self_20260601_204723,clip_001,1,rest,,1.3063,823254.0,raspberry_pi_seeed_gsr,"823254,1.3063"
2026-06-01T20:47:40.588,Paulina,self_20260601_204723,clip_001,1,rest,,1.3071,823275.0,raspberry_pi_seeed_gsr,"823275,1.3071"
2026-06-01T20:47:40.594,Paulina,self_20260601_204723,clip_001,1,rest,,1.3063,823296.0,raspberry_pi_seeed_gsr,"823296,1.3063"
2026-06-01T20:47:40.601,Paulina,self_20260601_204723,clip_001,1,rest,,1.3055,823317.0,raspberry_pi_seeed_gsr,"823317,1.3055"
2026-06-01T20:47:40.607,Paulina,self_20260601_204723,clip_001,1,rest,,1.3055,823338.0,raspberry_pi_seeed_gsr,"823338,1.3055"
2026-06-01T20:47:40.612,Paulina,self_20260601_204723,clip_001,1,rest,,1.3055,823359.0,raspberry_pi_seeed_gsr,"823359,1.3055"
2026-06-01T20:47:40.618,Paulina,self_20260601_204723,clip_001,1,rest,,1.3047,823380.0,raspberry_pi_seeed_gsr,"823380,1.3047"
2026-06-01T20:47:40.625,Paulina,self_20260601_204723,clip_001,1,rest,,1.3047,823401.0,raspberry_pi_seeed_gsr,"823401,1.3047"
2026-06-01T20:47:40.634,Paulina,self_20260601_204723,clip_001,1,rest,,1.3063,823422.0,raspberry_pi_seeed_gsr,"823422,1.3063"
2026-06-01T20:47:40.638,Paulina,self_20260601_204723,clip_001,1,rest,,1.3111,823443.0,raspberry_pi_seeed_gsr,"823443,1.3111"
2026-06-01T20:47:40.641,Paulina,self_20260601_204723,clip_001,1,rest,,1.3055,823464.0,raspberry_pi_seeed_gsr,"823464,1.3055"
2026-06-01T20:47:40.645,Paulina,self_20260601_204723,clip_001,1,rest,,1.3047,823485.0,raspberry_pi_seeed_gsr,"823485,1.3047"
2026-06-01T20:47:40.651,Paulina,self_20260601_204723,clip_001,1,rest,,1.3039,823506.0,raspberry_pi_seeed_gsr,"823506,1.3039"
2026-06-01T20:47:40.815,Paulina,self_20260601_204723,clip_001,1,rest,,1.3047,823527.0,raspberry_pi_seeed_gsr,"823527,1.3047"
2026-06-01T20:47:40.820,Paulina,self_20260601_204723,clip_001,1,rest,,1.3055,823548.0,raspberry_pi_seeed_gsr,"823548,1.3055"
2026-06-01T20:47:40.824,Paulina,self_20260601_204723,clip_001,1,rest,,1.3047,823569.0,raspberry_pi_seeed_gsr,"823569,1.3047"
2026-06-01T20:47:40.828,Paulina,self_20260601_204723,clip_001,1,rest,,1.2982,823590.0,raspberry_pi_seeed_gsr,"823590,1.2982"
2026-06-01T20:47:40.834,Paulina,self_20260601_204723,clip_001,1,rest,,1.3007,823611.0,raspberry_pi_seeed_gsr,"823611,1.3007"
2026-06-01T20:47:40.838,Paulina,self_20260601_204723,clip_001,1,rest,,1.3047,823632.0,raspberry_pi_seeed_gsr,"823632,1.3047"
2026-06-01T20:47:40.841,Paulina,self_20260601_204723,clip_001,1,rest,,1.3063,823653.0,raspberry_pi_seeed_gsr,"823653,1.3063"
2026-06-01T20:47:40.845,Paulina,self_20260601_204723,clip_001,1,rest,,1.3063,823674.0,raspberry_pi_seeed_gsr,"823674,1.3063"
2026-06-01T20:47:40.849,Paulina,self_20260601_204723,clip_001,1,rest,,1.3055,823695.0,raspberry_pi_seeed_gsr,"823695,1.3055"
2026-06-01T20:47:40.854,Paulina,self_20260601_204723,clip_001,1,rest,,1.3071,823716.0,raspberry_pi_seeed_gsr,"823716,1.3071"
2026-06-01T20:47:40.860,Paulina,self_20260601_204723,clip_001,1,rest,,1.291,823737.0,raspberry_pi_seeed_gsr,"823737,1.2910"
2026-06-01T20:47:40.867,Paulina,self_20260601_204723,clip_001,1,rest,,1.3103,823758.0,raspberry_pi_seeed_gsr,"823758,1.3103"
2026-06-01T20:47:40.872,Paulina,self_20260601_204723,clip_001,1,rest,,1.3119,823779.0,raspberry_pi_seeed_gsr,"823779,1.3119"
2026-06-01T20:47:40.878,Paulina,self_20260601_204723,clip_001,1,rest,,1.3071,823800.0,raspberry_pi_seeed_gsr,"823800,1.3071"
2026-06-01T20:47:40.886,Paulina,self_20260601_204723,clip_001,1,rest,,1.3087,823821.0,raspberry_pi_seeed_gsr,"823821,1.3087"
2026-06-01T20:47:40.891,Paulina,self_20260601_204723,clip_001,1,rest,,1.3095,823842.0,raspberry_pi_seeed_gsr,"823842,1.3095"
2026-06-01T20:47:40.901,Paulina,self_20260601_204723,clip_001,1,rest,,1.3087,823863.0,raspberry_pi_seeed_gsr,"823863,1.3087"
2026-06-01T20:47:41.084,Paulina,self_20260601_204723,clip_001,1,rest,,1.3079,823884.0,raspberry_pi_seeed_gsr,"823884,1.3079"
2026-06-01T20:47:41.090,Paulina,self_20260601_204723,clip_001,1,rest,,1.3071,823905.0,raspberry_pi_seeed_gsr,"823905,1.3071"
2026-06-01T20:47:41.095,Paulina,self_20260601_204723,clip_001,1,rest,,1.3095,823926.0,raspberry_pi_seeed_gsr,"823926,1.3095"
2026-06-01T20:47:41.098,Paulina,self_20260601_204723,clip_001,1,rest,,1.3095,823947.0,raspberry_pi_seeed_gsr,"823947,1.3095"
2026-06-01T20:47:41.104,Paulina,self_20260601_204723,clip_001,1,rest,,1.3136,823968.0,raspberry_pi_seeed_gsr,"823968,1.3136"
2026-06-01T20:47:41.108,Paulina,self_20260601_204723,clip_001,1,rest,,1.3087,823989.0,raspberry_pi_seeed_gsr,"823989,1.3087"
2026-06-01T20:47:41.112,Paulina,self_20260601_204723,clip_001,1,rest,,1.3095,824010.0,raspberry_pi_seeed_gsr,"824010,1.3095"
2026-06-01T20:47:41.117,Paulina,self_20260601_204723,clip_001,1,rest,,1.3103,824031.0,raspberry_pi_seeed_gsr,"824031,1.3103"
2026-06-01T20:47:41.121,Paulina,self_20260601_204723,clip_001,1,rest,,1.3103,824052.0,raspberry_pi_seeed_gsr,"824052,1.3103"
2026-06-01T20:47:41.126,Paulina,self_20260601_204723,clip_001,1,rest,,1.3087,824073.0,raspberry_pi_seeed_gsr,"824073,1.3087"
2026-06-01T20:47:41.136,Paulina,self_20260601_204723,clip_001,1,rest,,1.3079,824094.0,raspberry_pi_seeed_gsr,"824094,1.3079"
2026-06-01T20:47:41.140,Paulina,self_20260601_204723,clip_001,1,rest,,1.3103,824115.0,raspberry_pi_seeed_gsr,"824115,1.3103"
2026-06-01T20:47:41.146,Paulina,self_20260601_204723,clip_001,1,rest,,1.3079,824136.0,raspberry_pi_seeed_gsr,"824136,1.3079"
2026-06-01T20:47:41.152,Paulina,self_20260601_204723,clip_001,1,rest,,1.3111,824157.0,raspberry_pi_seeed_gsr,"824157,1.3111"
2026-06-01T20:47:41.157,Paulina,self_20260601_204723,clip_001,1,rest,,1.3119,824178.0,raspberry_pi_seeed_gsr,"824178,1.3119"
2026-06-01T20:47:41.337,Paulina,self_20260601_204723,clip_001,1,rest,,1.3144,824199.0,raspberry_pi_seeed_gsr,"824199,1.3144"
2026-06-01T20:47:41.341,Paulina,self_20260601_204723,clip_001,1,rest,,1.3111,824220.0,raspberry_pi_seeed_gsr,"824220,1.3111"
2026-06-01T20:47:41.344,Paulina,self_20260601_204723,clip_001,1,rest,,1.3152,824241.0,raspberry_pi_seeed_gsr,"824241,1.3152"
2026-06-01T20:47:41.349,Paulina,self_20260601_204723,clip_001,1,rest,,1.3111,824262.0,raspberry_pi_seeed_gsr,"824262,1.3111"
2026-06-01T20:47:41.353,Paulina,self_20260601_204723,clip_001,1,rest,,1.3127,824283.0,raspberry_pi_seeed_gsr,"824283,1.3127"
2026-06-01T20:47:41.357,Paulina,self_20260601_204723,clip_001,1,rest,,1.3127,824304.0,raspberry_pi_seeed_gsr,"824304,1.3127"
2026-06-01T20:47:41.361,Paulina,self_20260601_204723,clip_001,1,rest,,1.3168,824325.0,raspberry_pi_seeed_gsr,"824325,1.3168"
2026-06-01T20:47:41.367,Paulina,self_20260601_204723,clip_001,1,rest,,1.3127,824346.0,raspberry_pi_seeed_gsr,"824346,1.3127"
2026-06-01T20:47:41.371,Paulina,self_20260601_204723,clip_001,1,rest,,1.3127,824367.0,raspberry_pi_seeed_gsr,"824367,1.3127"
2026-06-01T20:47:41.376,Paulina,self_20260601_204723,clip_001,1,rest,,1.3119,824388.0,raspberry_pi_seeed_gsr,"824388,1.3119"
2026-06-01T20:47:41.380,Paulina,self_20260601_204723,clip_001,1,rest,,1.3127,824409.0,raspberry_pi_seeed_gsr,"824409,1.3127"
2026-06-01T20:47:41.386,Paulina,self_20260601_204723,clip_001,1,rest,,1.3127,824430.0,raspberry_pi_seeed_gsr,"824430,1.3127"
2026-06-01T20:47:41.390,Paulina,self_20260601_204723,clip_001,1,rest,,1.3119,824451.0,raspberry_pi_seeed_gsr,"824451,1.3119"
2026-06-01T20:47:41.395,Paulina,self_20260601_204723,clip_001,1,rest,,1.3119,824472.0,raspberry_pi_seeed_gsr,"824472,1.3119"
2026-06-01T20:47:41.400,Paulina,self_20260601_204723,clip_001,1,rest,,1.3136,824493.0,raspberry_pi_seeed_gsr,"824493,1.3136"
2026-06-01T20:47:41.406,Paulina,self_20260601_204723,clip_001,1,rest,,1.3127,824514.0,raspberry_pi_seeed_gsr,"824514,1.3127"
2026-06-01T20:47:41.411,Paulina,self_20260601_204723,clip_001,1,rest,,1.3119,824535.0,raspberry_pi_seeed_gsr,"824535,1.3119"
2026-06-01T20:47:41.576,Paulina,self_20260601_204723,clip_001,1,rest,,1.3119,824556.0,raspberry_pi_seeed_gsr,"824556,1.3119"
2026-06-01T20:47:41.585,Paulina,self_20260601_204723,clip_001,1,rest,,1.3144,824577.0,raspberry_pi_seeed_gsr,"824577,1.3144"
2026-06-01T20:47:41.591,Paulina,self_20260601_204723,clip_001,1,rest,,1.3152,824598.0,raspberry_pi_seeed_gsr,"824598,1.3152"
2026-06-01T20:47:41.598,Paulina,self_20260601_204723,clip_001,1,rest,,1.3127,824619.0,raspberry_pi_seeed_gsr,"824619,1.3127"
2026-06-01T20:47:41.603,Paulina,self_20260601_204723,clip_001,1,rest,,1.3216,824640.0,raspberry_pi_seeed_gsr,"824640,1.3216"
2026-06-01T20:47:41.607,Paulina,self_20260601_204723,clip_001,1,rest,,1.3127,824661.0,raspberry_pi_seeed_gsr,"824661,1.3127"
2026-06-01T20:47:41.613,Paulina,self_20260601_204723,clip_001,1,rest,,1.3119,824682.0,raspberry_pi_seeed_gsr,"824682,1.3119"
2026-06-01T20:47:41.617,Paulina,self_20260601_204723,clip_001,1,rest,,1.3127,824703.0,raspberry_pi_seeed_gsr,"824703,1.3127"
2026-06-01T20:47:41.623,Paulina,self_20260601_204723,clip_001,1,rest,,1.3111,824724.0,raspberry_pi_seeed_gsr,"824724,1.3111"
2026-06-01T20:47:41.627,Paulina,self_20260601_204723,clip_001,1,rest,,1.3087,824745.0,raspberry_pi_seeed_gsr,"824745,1.3087"
2026-06-01T20:47:41.631,Paulina,self_20260601_204723,clip_001,1,rest,,1.3111,824766.0,raspberry_pi_seeed_gsr,"824766,1.3111"
2026-06-01T20:47:41.638,Paulina,self_20260601_204723,clip_001,1,rest,,1.3095,824787.0,raspberry_pi_seeed_gsr,"824787,1.3095"
2026-06-01T20:47:41.643,Paulina,self_20260601_204723,clip_001,1,rest,,1.3119,824808.0,raspberry_pi_seeed_gsr,"824808,1.3119"
2026-06-01T20:47:41.650,Paulina,self_20260601_204723,clip_001,1,rest,,1.3031,824829.0,raspberry_pi_seeed_gsr,"824829,1.3031"
2026-06-01T20:47:41.654,Paulina,self_20260601_204723,clip_001,1,rest,,1.3144,824850.0,raspberry_pi_seeed_gsr,"824850,1.3144"
2026-06-01T20:47:41.658,Paulina,self_20260601_204723,clip_001,1,rest,,1.3087,824871.0,raspberry_pi_seeed_gsr,"824871,1.3087"
2026-06-01T20:47:41.663,Paulina,self_20260601_204723,clip_001,1,rest,,1.3071,824892.0,raspberry_pi_seeed_gsr,"824892,1.3071"
2026-06-01T20:47:41.829,Paulina,self_20260601_204723,clip_001,1,rest,,1.3055,824913.0,raspberry_pi_seeed_gsr,"824913,1.3055"
2026-06-01T20:47:41.834,Paulina,self_20260601_204723,clip_001,1,rest,,1.3055,824934.0,raspberry_pi_seeed_gsr,"824934,1.3055"
2026-06-01T20:47:41.841,Paulina,self_20260601_204723,clip_001,1,rest,,1.3063,824955.0,raspberry_pi_seeed_gsr,"824955,1.3063"
2026-06-01T20:47:41.849,Paulina,self_20260601_204723,clip_001,1,rest,,1.3047,824976.0,raspberry_pi_seeed_gsr,"824976,1.3047"
2026-06-01T20:47:41.852,Paulina,self_20260601_204723,clip_001,1,rest,,1.3039,824997.0,raspberry_pi_seeed_gsr,"824997,1.3039"
2026-06-01T20:47:41.856,Paulina,self_20260601_204723,clip_001,1,rest,,1.3119,825018.0,raspberry_pi_seeed_gsr,"825018,1.3119"
2026-06-01T20:47:41.860,Paulina,self_20260601_204723,clip_001,1,rest,,1.3031,825039.0,raspberry_pi_seeed_gsr,"825039,1.3031"
2026-06-01T20:47:41.866,Paulina,self_20260601_204723,clip_001,1,rest,,1.3023,825060.0,raspberry_pi_seeed_gsr,"825060,1.3023"
2026-06-01T20:47:41.870,Paulina,self_20260601_204723,clip_001,1,rest,,1.2999,825081.0,raspberry_pi_seeed_gsr,"825081,1.2999"
2026-06-01T20:47:41.875,Paulina,self_20260601_204723,clip_001,1,rest,,1.2902,825102.0,raspberry_pi_seeed_gsr,"825102,1.2902"
2026-06-01T20:47:41.879,Paulina,self_20260601_204723,clip_001,1,rest,,1.2966,825123.0,raspberry_pi_seeed_gsr,"825123,1.2966"
2026-06-01T20:47:41.887,Paulina,self_20260601_204723,clip_001,1,rest,,1.2974,825144.0,raspberry_pi_seeed_gsr,"825144,1.2974"
2026-06-01T20:47:41.891,Paulina,self_20260601_204723,clip_001,1,rest,,1.2942,825165.0,raspberry_pi_seeed_gsr,"825165,1.2942"
2026-06-01T20:47:41.901,Paulina,self_20260601_204723,clip_001,1,rest,,1.2918,825186.0,raspberry_pi_seeed_gsr,"825186,1.2918"
2026-06-01T20:47:41.904,Paulina,self_20260601_204723,clip_001,1,rest,,1.3047,825207.0,raspberry_pi_seeed_gsr,"825207,1.3047"
2026-06-01T20:47:41.908,Paulina,self_20260601_204723,clip_001,1,rest,,1.2926,825228.0,raspberry_pi_seeed_gsr,"825228,1.2926"
2026-06-01T20:47:41.912,Paulina,self_20260601_204723,clip_001,1,rest,,1.2918,825249.0,raspberry_pi_seeed_gsr,"825249,1.2918"
2026-06-01T20:47:41.916,Paulina,self_20260601_204723,clip_001,1,rest,,1.2765,825270.0,raspberry_pi_seeed_gsr,"825270,1.2765"
2026-06-01T20:47:42.073,Paulina,self_20260601_204723,clip_001,1,rest,,1.2894,825291.0,raspberry_pi_seeed_gsr,"825291,1.2894"
2026-06-01T20:47:42.079,Paulina,self_20260601_204723,clip_001,1,rest,,1.2886,825312.0,raspberry_pi_seeed_gsr,"825312,1.2886"
2026-06-01T20:47:42.084,Paulina,self_20260601_204723,clip_001,1,rest,,1.2854,825333.0,raspberry_pi_seeed_gsr,"825333,1.2854"
2026-06-01T20:47:42.087,Paulina,self_20260601_204723,clip_001,1,rest,,1.2846,825354.0,raspberry_pi_seeed_gsr,"825354,1.2846"
2026-06-01T20:47:42.094,Paulina,self_20260601_204723,clip_001,1,rest,,1.2837,825375.0,raspberry_pi_seeed_gsr,"825375,1.2837"
2026-06-01T20:47:42.100,Paulina,self_20260601_204723,clip_001,1,rest,,1.2813,825396.0,raspberry_pi_seeed_gsr,"825396,1.2813"
2026-06-01T20:47:42.105,Paulina,self_20260601_204723,clip_001,1,rest,,1.2797,825417.0,raspberry_pi_seeed_gsr,"825417,1.2797"
2026-06-01T20:47:42.110,Paulina,self_20260601_204723,clip_001,1,rest,,1.2781,825438.0,raspberry_pi_seeed_gsr,"825438,1.2781"
2026-06-01T20:47:42.115,Paulina,self_20260601_204723,clip_001,1,rest,,1.2765,825459.0,raspberry_pi_seeed_gsr,"825459,1.2765"
2026-06-01T20:47:42.120,Paulina,self_20260601_204723,clip_001,1,rest,,1.2684,825480.0,raspberry_pi_seeed_gsr,"825480,1.2684"
2026-06-01T20:47:42.126,Paulina,self_20260601_204723,clip_001,1,rest,,1.2757,825501.0,raspberry_pi_seeed_gsr,"825501,1.2757"
2026-06-01T20:47:42.130,Paulina,self_20260601_204723,clip_001,1,rest,,1.2668,825522.0,raspberry_pi_seeed_gsr,"825522,1.2668"
2026-06-01T20:47:42.137,Paulina,self_20260601_204723,clip_001,1,rest,,1.2773,825543.0,raspberry_pi_seeed_gsr,"825543,1.2773"
2026-06-01T20:47:42.141,Paulina,self_20260601_204723,clip_001,1,rest,,1.258,825564.0,raspberry_pi_seeed_gsr,"825564,1.2580"
2026-06-01T20:47:42.145,Paulina,self_20260601_204723,clip_001,1,rest,,1.27,825585.0,raspberry_pi_seeed_gsr,"825585,1.2700"
2026-06-01T20:47:42.151,Paulina,self_20260601_204723,clip_001,1,rest,,1.2684,825606.0,raspberry_pi_seeed_gsr,"825606,1.2684"
2026-06-01T20:47:42.156,Paulina,self_20260601_204723,clip_001,1,rest,,1.2684,825627.0,raspberry_pi_seeed_gsr,"825627,1.2684"
2026-06-01T20:47:42.161,Paulina,self_20260601_204723,clip_001,1,rest,,1.2668,825648.0,raspberry_pi_seeed_gsr,"825648,1.2668"
2026-06-01T20:47:42.165,Paulina,self_20260601_204723,clip_001,1,rest,,1.2652,825669.0,raspberry_pi_seeed_gsr,"825669,1.2652"
2026-06-01T20:47:42.170,Paulina,self_20260601_204723,clip_001,1,rest,,1.266,825690.0,raspberry_pi_seeed_gsr,"825690,1.2660"
2026-06-01T20:47:42.327,Paulina,self_20260601_204723,clip_001,1,rest,,1.2717,825711.0,raspberry_pi_seeed_gsr,"825711,1.2717"
2026-06-01T20:47:42.332,Paulina,self_20260601_204723,clip_001,1,rest,,1.2628,825732.0,raspberry_pi_seeed_gsr,"825732,1.2628"
2026-06-01T20:47:42.338,Paulina,self_20260601_204723,clip_001,1,rest,,1.2604,825753.0,raspberry_pi_seeed_gsr,"825753,1.2604"
2026-06-01T20:47:42.344,Paulina,self_20260601_204723,clip_001,1,rest,,1.2596,825774.0,raspberry_pi_seeed_gsr,"825774,1.2596"
2026-06-01T20:47:42.350,Paulina,self_20260601_204723,clip_001,1,rest,,1.2596,825795.0,raspberry_pi_seeed_gsr,"825795,1.2596"
2026-06-01T20:47:42.355,Paulina,self_20260601_204723,clip_001,1,rest,,1.2588,825816.0,raspberry_pi_seeed_gsr,"825816,1.2588"
2026-06-01T20:47:42.360,Paulina,self_20260601_204723,clip_001,1,rest,,1.258,825837.0,raspberry_pi_seeed_gsr,"825837,1.2580"
2026-06-01T20:47:42.364,Paulina,self_20260601_204723,clip_001,1,rest,,1.262,825858.0,raspberry_pi_seeed_gsr,"825858,1.2620"
2026-06-01T20:47:42.369,Paulina,self_20260601_204723,clip_001,1,rest,,1.2531,825879.0,raspberry_pi_seeed_gsr,"825879,1.2531"
2026-06-01T20:47:42.373,Paulina,self_20260601_204723,clip_001,1,rest,,1.2523,825900.0,raspberry_pi_seeed_gsr,"825900,1.2523"
2026-06-01T20:47:42.378,Paulina,self_20260601_204723,clip_001,1,rest,,1.2523,825921.0,raspberry_pi_seeed_gsr,"825921,1.2523"
2026-06-01T20:47:42.382,Paulina,self_20260601_204723,clip_001,1,rest,,1.2507,825942.0,raspberry_pi_seeed_gsr,"825942,1.2507"
2026-06-01T20:47:42.386,Paulina,self_20260601_204723,clip_001,1,rest,,1.2572,825963.0,raspberry_pi_seeed_gsr,"825963,1.2572"
2026-06-01T20:47:42.391,Paulina,self_20260601_204723,clip_001,1,rest,,1.2475,825984.0,raspberry_pi_seeed_gsr,"825984,1.2475"
2026-06-01T20:47:42.395,Paulina,self_20260601_204723,clip_001,1,rest,,1.2427,826005.0,raspberry_pi_seeed_gsr,"826005,1.2427"
2026-06-01T20:47:42.400,Paulina,self_20260601_204723,clip_001,1,rest,,1.2467,826026.0,raspberry_pi_seeed_gsr,"826026,1.2467"
2026-06-01T20:47:42.405,Paulina,self_20260601_204723,clip_001,1,rest,,1.2378,826047.0,raspberry_pi_seeed_gsr,"826047,1.2378"
2026-06-01T20:47:42.410,Paulina,self_20260601_204723,clip_001,1,rest,,1.2475,826068.0,raspberry_pi_seeed_gsr,"826068,1.2475"
2026-06-01T20:47:42.415,Paulina,self_20260601_204723,clip_001,1,rest,,1.2443,826089.0,raspberry_pi_seeed_gsr,"826089,1.2443"
2026-06-01T20:47:42.420,Paulina,self_20260601_204723,clip_001,1,rest,,1.2443,826110.0,raspberry_pi_seeed_gsr,"826110,1.2443"
2026-06-01T20:47:42.584,Paulina,self_20260601_204723,clip_001,1,rest,,1.2418,826131.0,raspberry_pi_seeed_gsr,"826131,1.2418"
2026-06-01T20:47:42.588,Paulina,self_20260601_204723,clip_001,1,rest,,1.2394,826152.0,raspberry_pi_seeed_gsr,"826152,1.2394"
2026-06-01T20:47:42.594,Paulina,self_20260601_204723,clip_001,1,rest,,1.2427,826173.0,raspberry_pi_seeed_gsr,"826173,1.2427"
2026-06-01T20:47:42.602,Paulina,self_20260601_204723,clip_001,1,rest,,1.241,826194.0,raspberry_pi_seeed_gsr,"826194,1.2410"
2026-06-01T20:47:42.606,Paulina,self_20260601_204723,clip_001,1,rest,,1.241,826215.0,raspberry_pi_seeed_gsr,"826215,1.2410"
2026-06-01T20:47:42.610,Paulina,self_20260601_204723,clip_001,1,rest,,1.241,826236.0,raspberry_pi_seeed_gsr,"826236,1.2410"
2026-06-01T20:47:42.614,Paulina,self_20260601_204723,clip_001,1,rest,,1.241,826257.0,raspberry_pi_seeed_gsr,"826257,1.2410"
2026-06-01T20:47:42.620,Paulina,self_20260601_204723,clip_001,1,rest,,1.2378,826278.0,raspberry_pi_seeed_gsr,"826278,1.2378"
2026-06-01T20:47:42.624,Paulina,self_20260601_204723,clip_001,1,rest,,1.2378,826299.0,raspberry_pi_seeed_gsr,"826299,1.2378"
2026-06-01T20:47:42.628,Paulina,self_20260601_204723,clip_001,1,rest,,1.2297,826320.0,raspberry_pi_seeed_gsr,"826320,1.2297"
2026-06-01T20:47:42.633,Paulina,self_20260601_204723,clip_001,1,rest,,1.237,826341.0,raspberry_pi_seeed_gsr,"826341,1.2370"
2026-06-01T20:47:42.638,Paulina,self_20260601_204723,clip_001,1,rest,,1.237,826362.0,raspberry_pi_seeed_gsr,"826362,1.2370"
2026-06-01T20:47:42.643,Paulina,self_20260601_204723,clip_001,1,rest,,1.237,826383.0,raspberry_pi_seeed_gsr,"826383,1.2370"
2026-06-01T20:47:42.646,Paulina,self_20260601_204723,clip_001,1,rest,,1.2402,826404.0,raspberry_pi_seeed_gsr,"826404,1.2402"
2026-06-01T20:47:42.652,Paulina,self_20260601_204723,clip_001,1,rest,,1.237,826425.0,raspberry_pi_seeed_gsr,"826425,1.2370"
2026-06-01T20:47:42.656,Paulina,self_20260601_204723,clip_001,1,rest,,1.237,826446.0,raspberry_pi_seeed_gsr,"826446,1.2370"
2026-06-01T20:47:42.661,Paulina,self_20260601_204723,clip_001,1,rest,,1.237,826467.0,raspberry_pi_seeed_gsr,"826467,1.2370"
2026-06-01T20:47:42.666,Paulina,self_20260601_204723,clip_001,1,rest,,1.237,826488.0,raspberry_pi_seeed_gsr,"826488,1.2370"
2026-06-01T20:47:42.671,Paulina,self_20260601_204723,clip_001,1,rest,,1.2378,826509.0,raspberry_pi_seeed_gsr,"826509,1.2378"
2026-06-01T20:47:42.824,Paulina,self_20260601_204723,clip_001,1,rest,,1.237,826530.0,raspberry_pi_seeed_gsr,"826530,1.2370"
2026-06-01T20:47:42.830,Paulina,self_20260601_204723,clip_001,1,rest,,1.237,826551.0,raspberry_pi_seeed_gsr,"826551,1.2370"
2026-06-01T20:47:42.837,Paulina,self_20260601_204723,clip_001,1,rest,,1.237,826572.0,raspberry_pi_seeed_gsr,"826572,1.2370"
2026-06-01T20:47:42.842,Paulina,self_20260601_204723,clip_001,1,rest,,1.237,826593.0,raspberry_pi_seeed_gsr,"826593,1.2370"
2026-06-01T20:47:42.849,Paulina,self_20260601_204723,clip_001,1,rest,,1.237,826614.0,raspberry_pi_seeed_gsr,"826614,1.2370"
2026-06-01T20:47:42.854,Paulina,self_20260601_204723,clip_001,1,rest,,1.237,826635.0,raspberry_pi_seeed_gsr,"826635,1.2370"
2026-06-01T20:47:42.860,Paulina,self_20260601_204723,clip_001,1,rest,,1.237,826656.0,raspberry_pi_seeed_gsr,"826656,1.2370"
2026-06-01T20:47:42.864,Paulina,self_20260601_204723,clip_001,1,rest,,1.237,826677.0,raspberry_pi_seeed_gsr,"826677,1.2370"
2026-06-01T20:47:42.870,Paulina,self_20260601_204723,clip_001,1,rest,,1.237,826698.0,raspberry_pi_seeed_gsr,"826698,1.2370"
2026-06-01T20:47:42.874,Paulina,self_20260601_204723,clip_001,1,rest,,1.2329,826719.0,raspberry_pi_seeed_gsr,"826719,1.2329"
2026-06-01T20:47:42.878,Paulina,self_20260601_204723,clip_001,1,rest,,1.237,826740.0,raspberry_pi_seeed_gsr,"826740,1.2370"
2026-06-01T20:47:42.883,Paulina,self_20260601_204723,clip_001,1,rest,,1.2378,826761.0,raspberry_pi_seeed_gsr,"826761,1.2378"
2026-06-01T20:47:42.888,Paulina,self_20260601_204723,clip_001,1,rest,,1.2345,826782.0,raspberry_pi_seeed_gsr,"826782,1.2345"
2026-06-01T20:47:42.892,Paulina,self_20260601_204723,clip_001,1,rest,,1.237,826803.0,raspberry_pi_seeed_gsr,"826803,1.2370"
2026-06-01T20:47:42.899,Paulina,self_20260601_204723,clip_001,1,rest,,1.2362,826824.0,raspberry_pi_seeed_gsr,"826824,1.2362"
2026-06-01T20:47:42.905,Paulina,self_20260601_204723,clip_001,1,rest,,1.241,826845.0,raspberry_pi_seeed_gsr,"826845,1.2410"
2026-06-01T20:47:42.910,Paulina,self_20260601_204723,clip_001,1,rest,,1.2386,826866.0,raspberry_pi_seeed_gsr,"826866,1.2386"
2026-06-01T20:47:42.917,Paulina,self_20260601_204723,clip_001,1,rest,,1.2273,826887.0,raspberry_pi_seeed_gsr,"826887,1.2273"
2026-06-01T20:47:42.923,Paulina,self_20260601_204723,clip_001,1,rest,,1.237,826908.0,raspberry_pi_seeed_gsr,"826908,1.2370"
2026-06-01T20:47:43.112,Paulina,self_20260601_204723,clip_001,1,rest,,1.2354,826929.0,raspberry_pi_seeed_gsr,"826929,1.2354"
2026-06-01T20:47:43.120,Paulina,self_20260601_204723,clip_001,1,rest,,1.2362,826950.0,raspberry_pi_seeed_gsr,"826950,1.2362"
2026-06-01T20:47:43.125,Paulina,self_20260601_204723,clip_001,1,rest,,1.2362,826971.0,raspberry_pi_seeed_gsr,"826971,1.2362"
2026-06-01T20:47:43.130,Paulina,self_20260601_204723,clip_001,1,rest,,1.2362,826992.0,raspberry_pi_seeed_gsr,"826992,1.2362"
2026-06-01T20:47:43.136,Paulina,self_20260601_204723,clip_001,1,rest,,1.237,827013.0,raspberry_pi_seeed_gsr,"827013,1.2370"
2026-06-01T20:47:43.139,Paulina,self_20260601_204723,clip_001,1,rest,,1.237,827034.0,raspberry_pi_seeed_gsr,"827034,1.2370"
2026-06-01T20:47:43.143,Paulina,self_20260601_204723,clip_001,1,rest,,1.2345,827055.0,raspberry_pi_seeed_gsr,"827055,1.2345"
2026-06-01T20:47:43.146,Paulina,self_20260601_204723,clip_001,1,rest,,1.2354,827076.0,raspberry_pi_seeed_gsr,"827076,1.2354"
2026-06-01T20:47:43.150,Paulina,self_20260601_204723,clip_001,1,rest,,1.237,827097.0,raspberry_pi_seeed_gsr,"827097,1.2370"
2026-06-01T20:47:43.154,Paulina,self_20260601_204723,clip_001,1,rest,,1.237,827118.0,raspberry_pi_seeed_gsr,"827118,1.2370"
2026-06-01T20:47:43.159,Paulina,self_20260601_204723,clip_001,1,rest,,1.2394,827139.0,raspberry_pi_seeed_gsr,"827139,1.2394"
2026-06-01T20:47:43.165,Paulina,self_20260601_204723,clip_001,1,rest,,1.237,827160.0,raspberry_pi_seeed_gsr,"827160,1.2370"
2026-06-01T20:47:43.172,Paulina,self_20260601_204723,clip_001,1,rest,,1.2362,827181.0,raspberry_pi_seeed_gsr,"827181,1.2362"
2026-06-01T20:47:43.176,Paulina,self_20260601_204723,clip_001,1,rest,,1.237,827202.0,raspberry_pi_seeed_gsr,"827202,1.2370"
2026-06-01T20:47:43.335,Paulina,self_20260601_204723,clip_001,1,rest,,1.2329,827223.0,raspberry_pi_seeed_gsr,"827223,1.2329"
2026-06-01T20:47:43.340,Paulina,self_20260601_204723,clip_001,1,rest,,1.237,827244.0,raspberry_pi_seeed_gsr,"827244,1.2370"
2026-06-01T20:47:43.343,Paulina,self_20260601_204723,clip_001,1,rest,,1.2362,827265.0,raspberry_pi_seeed_gsr,"827265,1.2362"
2026-06-01T20:47:43.349,Paulina,self_20260601_204723,clip_001,1,rest,,1.237,827286.0,raspberry_pi_seeed_gsr,"827286,1.2370"
2026-06-01T20:47:43.353,Paulina,self_20260601_204723,clip_001,1,rest,,1.237,827307.0,raspberry_pi_seeed_gsr,"827307,1.2370"
2026-06-01T20:47:43.356,Paulina,self_20260601_204723,clip_001,1,rest,,1.237,827328.0,raspberry_pi_seeed_gsr,"827328,1.2370"
2026-06-01T20:47:43.361,Paulina,self_20260601_204723,clip_001,1,rest,,1.2362,827349.0,raspberry_pi_seeed_gsr,"827349,1.2362"
2026-06-01T20:47:43.366,Paulina,self_20260601_204723,clip_001,1,rest,,1.237,827370.0,raspberry_pi_seeed_gsr,"827370,1.2370"
2026-06-01T20:47:43.371,Paulina,self_20260601_204723,clip_001,1,rest,,1.237,827391.0,raspberry_pi_seeed_gsr,"827391,1.2370"
2026-06-01T20:47:43.378,Paulina,self_20260601_204723,clip_001,1,rest,,1.237,827412.0,raspberry_pi_seeed_gsr,"827412,1.2370"
2026-06-01T20:47:43.386,Paulina,self_20260601_204723,clip_001,1,rest,,1.237,827433.0,raspberry_pi_seeed_gsr,"827433,1.2370"
2026-06-01T20:47:43.390,Paulina,self_20260601_204723,clip_001,1,rest,,1.2345,827454.0,raspberry_pi_seeed_gsr,"827454,1.2345"
2026-06-01T20:47:43.395,Paulina,self_20260601_204723,clip_001,1,rest,,1.237,827475.0,raspberry_pi_seeed_gsr,"827475,1.2370"
2026-06-01T20:47:43.399,Paulina,self_20260601_204723,clip_001,1,rest,,1.237,827496.0,raspberry_pi_seeed_gsr,"827496,1.2370"
2026-06-01T20:47:43.402,Paulina,self_20260601_204723,clip_001,1,rest,,1.237,827517.0,raspberry_pi_seeed_gsr,"827517,1.2370"
2026-06-01T20:47:43.406,Paulina,self_20260601_204723,clip_001,1,rest,,1.237,827538.0,raspberry_pi_seeed_gsr,"827538,1.2370"
2026-06-01T20:47:43.412,Paulina,self_20260601_204723,clip_001,1,rest,,1.237,827559.0,raspberry_pi_seeed_gsr,"827559,1.2370"
2026-06-01T20:47:43.417,Paulina,self_20260601_204723,clip_001,1,rest,,1.2451,827580.0,raspberry_pi_seeed_gsr,"827580,1.2451"
2026-06-01T20:47:43.422,Paulina,self_20260601_204723,clip_001,1,rest,,1.237,827601.0,raspberry_pi_seeed_gsr,"827601,1.2370"
2026-06-01T20:47:43.429,Paulina,self_20260601_204723,clip_001,1,rest,,1.237,827622.0,raspberry_pi_seeed_gsr,"827622,1.2370"
2026-06-01T20:47:43.575,Paulina,self_20260601_204723,clip_001,1,rest,,1.2289,827643.0,raspberry_pi_seeed_gsr,"827643,1.2289"
2026-06-01T20:47:43.580,Paulina,self_20260601_204723,clip_001,1,rest,,1.2362,827664.0,raspberry_pi_seeed_gsr,"827664,1.2362"
2026-06-01T20:47:43.585,Paulina,self_20260601_204723,clip_001,1,rest,,1.237,827685.0,raspberry_pi_seeed_gsr,"827685,1.2370"
2026-06-01T20:47:43.590,Paulina,self_20260601_204723,clip_001,1,rest,,1.237,827706.0,raspberry_pi_seeed_gsr,"827706,1.2370"
2026-06-01T20:47:43.594,Paulina,self_20260601_204723,clip_001,1,rest,,1.237,827727.0,raspberry_pi_seeed_gsr,"827727,1.2370"
2026-06-01T20:47:43.598,Paulina,self_20260601_204723,clip_001,1,rest,,1.237,827748.0,raspberry_pi_seeed_gsr,"827748,1.2370"
2026-06-01T20:47:43.602,Paulina,self_20260601_204723,clip_001,1,rest,,1.237,827769.0,raspberry_pi_seeed_gsr,"827769,1.2370"
2026-06-01T20:47:43.606,Paulina,self_20260601_204723,clip_001,1,rest,,1.237,827790.0,raspberry_pi_seeed_gsr,"827790,1.2370"
2026-06-01T20:47:43.610,Paulina,self_20260601_204723,clip_001,1,rest,,1.237,827811.0,raspberry_pi_seeed_gsr,"827811,1.2370"
2026-06-01T20:47:43.613,Paulina,self_20260601_204723,clip_001,1,rest,,1.237,827832.0,raspberry_pi_seeed_gsr,"827832,1.2370"
2026-06-01T20:47:43.619,Paulina,self_20260601_204723,clip_001,1,rest,,1.237,827853.0,raspberry_pi_seeed_gsr,"827853,1.2370"
2026-06-01T20:47:43.624,Paulina,self_20260601_204723,clip_001,1,rest,,1.237,827874.0,raspberry_pi_seeed_gsr,"827874,1.2370"
2026-06-01T20:47:43.629,Paulina,self_20260601_204723,clip_001,1,rest,,1.237,827895.0,raspberry_pi_seeed_gsr,"827895,1.2370"
2026-06-01T20:47:43.636,Paulina,self_20260601_204723,clip_001,1,rest,,1.237,827916.0,raspberry_pi_seeed_gsr,"827916,1.2370"
2026-06-01T20:47:43.642,Paulina,self_20260601_204723,clip_001,1,rest,,1.237,827937.0,raspberry_pi_seeed_gsr,"827937,1.2370"
2026-06-01T20:47:43.646,Paulina,self_20260601_204723,clip_001,1,rest,,1.237,827958.0,raspberry_pi_seeed_gsr,"827958,1.2370"
2026-06-01T20:47:43.650,Paulina,self_20260601_204723,clip_001,1,rest,,1.237,827979.0,raspberry_pi_seeed_gsr,"827979,1.2370"
2026-06-01T20:47:43.654,Paulina,self_20260601_204723,clip_001,1,rest,,1.2418,828000.0,raspberry_pi_seeed_gsr,"828000,1.2418"
2026-06-01T20:47:43.658,Paulina,self_20260601_204723,clip_001,1,rest,,1.237,828021.0,raspberry_pi_seeed_gsr,"828021,1.2370"
2026-06-01T20:47:43.662,Paulina,self_20260601_204723,clip_001,1,rest,,1.237,828042.0,raspberry_pi_seeed_gsr,"828042,1.2370"
2026-06-01T20:47:43.667,Paulina,self_20260601_204723,clip_001,1,rest,,1.237,828063.0,raspberry_pi_seeed_gsr,"828063,1.2370"
2026-06-01T20:47:43.671,Paulina,self_20260601_204723,clip_001,1,rest,,1.237,828084.0,raspberry_pi_seeed_gsr,"828084,1.2370"
2026-06-01T20:47:43.675,Paulina,self_20260601_204723,clip_001,1,rest,,1.2386,828105.0,raspberry_pi_seeed_gsr,"828105,1.2386"
2026-06-01T20:47:43.683,Paulina,self_20260601_204723,clip_001,1,rest,,1.237,828126.0,raspberry_pi_seeed_gsr,"828126,1.2370"
2026-06-01T20:47:43.835,Paulina,self_20260601_204723,clip_001,1,rest,,1.237,828147.0,raspberry_pi_seeed_gsr,"828147,1.2370"
2026-06-01T20:47:43.840,Paulina,self_20260601_204723,clip_001,1,rest,,1.237,828168.0,raspberry_pi_seeed_gsr,"828168,1.2370"
2026-06-01T20:47:43.843,Paulina,self_20260601_204723,clip_001,1,rest,,1.237,828189.0,raspberry_pi_seeed_gsr,"828189,1.2370"
2026-06-01T20:47:43.848,Paulina,self_20260601_204723,clip_001,1,rest,,1.237,828210.0,raspberry_pi_seeed_gsr,"828210,1.2370"
2026-06-01T20:47:43.853,Paulina,self_20260601_204723,clip_001,1,rest,,1.2386,828231.0,raspberry_pi_seeed_gsr,"828231,1.2386"
2026-06-01T20:47:43.858,Paulina,self_20260601_204723,clip_001,1,rest,,1.237,828252.0,raspberry_pi_seeed_gsr,"828252,1.2370"
2026-06-01T20:47:43.862,Paulina,self_20260601_204723,clip_001,1,rest,,1.237,828273.0,raspberry_pi_seeed_gsr,"828273,1.2370"
2026-06-01T20:47:43.867,Paulina,self_20260601_204723,clip_001,1,rest,,1.2459,828294.0,raspberry_pi_seeed_gsr,"828294,1.2459"
2026-06-01T20:47:43.872,Paulina,self_20260601_204723,clip_001,1,rest,,1.2378,828315.0,raspberry_pi_seeed_gsr,"828315,1.2378"
2026-06-01T20:47:43.877,Paulina,self_20260601_204723,clip_001,1,rest,,1.2378,828336.0,raspberry_pi_seeed_gsr,"828336,1.2378"
2026-06-01T20:47:43.880,Paulina,self_20260601_204723,clip_001,1,rest,,1.237,828357.0,raspberry_pi_seeed_gsr,"828357,1.2370"
2026-06-01T20:47:43.882,Paulina,self_20260601_204723,clip_001,1,rest,,1.2386,828378.0,raspberry_pi_seeed_gsr,"828378,1.2386"
2026-06-01T20:47:43.886,Paulina,self_20260601_204723,clip_001,1,rest,,1.237,828399.0,raspberry_pi_seeed_gsr,"828399,1.2370"
2026-06-01T20:47:43.890,Paulina,self_20260601_204723,clip_001,1,rest,,1.2378,828420.0,raspberry_pi_seeed_gsr,"828420,1.2378"
2026-06-01T20:47:43.894,Paulina,self_20260601_204723,clip_001,1,rest,,1.237,828441.0,raspberry_pi_seeed_gsr,"828441,1.2370"
2026-06-01T20:47:43.902,Paulina,self_20260601_204723,clip_001,1,rest,,1.2378,828462.0,raspberry_pi_seeed_gsr,"828462,1.2378"
2026-06-01T20:47:43.909,Paulina,self_20260601_204723,clip_001,1,rest,,1.2402,828483.0,raspberry_pi_seeed_gsr,"828483,1.2402"
2026-06-01T20:47:43.913,Paulina,self_20260601_204723,clip_001,1,rest,,1.2386,828504.0,raspberry_pi_seeed_gsr,"828504,1.2386"
2026-06-01T20:47:43.917,Paulina,self_20260601_204723,clip_001,1,rest,,1.2378,828525.0,raspberry_pi_seeed_gsr,"828525,1.2378"
2026-06-01T20:47:43.922,Paulina,self_20260601_204723,clip_001,1,rest,,1.2378,828546.0,raspberry_pi_seeed_gsr,"828546,1.2378"
2026-06-01T20:47:43.927,Paulina,self_20260601_204723,clip_001,1,rest,,1.2378,828567.0,raspberry_pi_seeed_gsr,"828567,1.2378"
2026-06-01T20:47:43.932,Paulina,self_20260601_204723,clip_001,1,rest,,1.2418,828588.0,raspberry_pi_seeed_gsr,"828588,1.2418"
2026-06-01T20:47:44.086,Paulina,self_20260601_204723,clip_001,1,rest,,1.2386,828609.0,raspberry_pi_seeed_gsr,"828609,1.2386"
2026-06-01T20:47:44.092,Paulina,self_20260601_204723,clip_001,1,rest,,1.2459,828630.0,raspberry_pi_seeed_gsr,"828630,1.2459"
2026-06-01T20:47:44.097,Paulina,self_20260601_204723,clip_001,1,rest,,1.2394,828651.0,raspberry_pi_seeed_gsr,"828651,1.2394"
2026-06-01T20:47:44.102,Paulina,self_20260601_204723,clip_001,1,rest,,1.2394,828672.0,raspberry_pi_seeed_gsr,"828672,1.2394"
2026-06-01T20:47:44.107,Paulina,self_20260601_204723,clip_001,1,rest,,1.2475,828693.0,raspberry_pi_seeed_gsr,"828693,1.2475"
2026-06-01T20:47:44.112,Paulina,self_20260601_204723,clip_001,1,rest,,1.2402,828714.0,raspberry_pi_seeed_gsr,"828714,1.2402"
2026-06-01T20:47:44.115,Paulina,self_20260601_204723,clip_001,1,rest,,1.237,828735.0,raspberry_pi_seeed_gsr,"828735,1.2370"
2026-06-01T20:47:44.120,Paulina,self_20260601_204723,clip_001,1,rest,,1.2394,828756.0,raspberry_pi_seeed_gsr,"828756,1.2394"
2026-06-01T20:47:44.125,Paulina,self_20260601_204723,clip_001,1,rest,,1.237,828777.0,raspberry_pi_seeed_gsr,"828777,1.2370"
2026-06-01T20:47:44.131,Paulina,self_20260601_204723,clip_001,1,rest,,1.241,828798.0,raspberry_pi_seeed_gsr,"828798,1.2410"
2026-06-01T20:47:44.136,Paulina,self_20260601_204723,clip_001,1,rest,,1.2378,828819.0,raspberry_pi_seeed_gsr,"828819,1.2378"
2026-06-01T20:47:44.140,Paulina,self_20260601_204723,clip_001,1,rest,,1.2378,828840.0,raspberry_pi_seeed_gsr,"828840,1.2378"
2026-06-01T20:47:44.145,Paulina,self_20260601_204723,clip_001,1,rest,,1.2386,828861.0,raspberry_pi_seeed_gsr,"828861,1.2386"
2026-06-01T20:47:44.148,Paulina,self_20260601_204723,clip_001,1,rest,,1.2451,828882.0,raspberry_pi_seeed_gsr,"828882,1.2451"
2026-06-01T20:47:44.152,Paulina,self_20260601_204723,clip_001,1,rest,,1.2507,828903.0,raspberry_pi_seeed_gsr,"828903,1.2507"
2026-06-01T20:47:44.157,Paulina,self_20260601_204723,clip_001,1,rest,,1.2378,828924.0,raspberry_pi_seeed_gsr,"828924,1.2378"
2026-06-01T20:47:44.161,Paulina,self_20260601_204723,clip_001,1,rest,,1.2402,828945.0,raspberry_pi_seeed_gsr,"828945,1.2402"
2026-06-01T20:47:44.166,Paulina,self_20260601_204723,clip_001,1,rest,,1.237,828966.0,raspberry_pi_seeed_gsr,"828966,1.2370"
2026-06-01T20:47:44.170,Paulina,self_20260601_204723,clip_001,1,rest,,1.2289,828987.0,raspberry_pi_seeed_gsr,"828987,1.2289"
2026-06-01T20:47:44.175,Paulina,self_20260601_204723,clip_001,1,rest,,1.237,829008.0,raspberry_pi_seeed_gsr,"829008,1.2370"
2026-06-01T20:47:44.180,Paulina,self_20260601_204723,clip_001,1,rest,,1.237,829029.0,raspberry_pi_seeed_gsr,"829029,1.2370"
2026-06-01T20:47:44.185,Paulina,self_20260601_204723,clip_001,1,rest,,1.237,829050.0,raspberry_pi_seeed_gsr,"829050,1.2370"
2026-06-01T20:47:44.349,Paulina,self_20260601_204723,clip_001,1,rest,,1.237,829071.0,raspberry_pi_seeed_gsr,"829071,1.2370"
2026-06-01T20:47:44.353,Paulina,self_20260601_204723,clip_001,1,rest,,1.2354,829092.0,raspberry_pi_seeed_gsr,"829092,1.2354"
2026-06-01T20:47:44.357,Paulina,self_20260601_204723,clip_001,1,rest,,1.237,829113.0,raspberry_pi_seeed_gsr,"829113,1.2370"
2026-06-01T20:47:44.362,Paulina,self_20260601_204723,clip_001,1,rest,,1.237,829134.0,raspberry_pi_seeed_gsr,"829134,1.2370"
2026-06-01T20:47:44.366,Paulina,self_20260601_204723,clip_001,1,rest,,1.2443,829155.0,raspberry_pi_seeed_gsr,"829155,1.2443"
2026-06-01T20:47:44.371,Paulina,self_20260601_204723,clip_001,1,rest,,1.237,829176.0,raspberry_pi_seeed_gsr,"829176,1.2370"
2026-06-01T20:47:44.376,Paulina,self_20260601_204723,clip_001,1,rest,,1.237,829197.0,raspberry_pi_seeed_gsr,"829197,1.2370"
2026-06-01T20:47:44.381,Paulina,self_20260601_204723,clip_001,1,rest,,1.237,829218.0,raspberry_pi_seeed_gsr,"829218,1.2370"
2026-06-01T20:47:44.386,Paulina,self_20260601_204723,clip_001,1,rest,,1.237,829239.0,raspberry_pi_seeed_gsr,"829239,1.2370"
2026-06-01T20:47:44.390,Paulina,self_20260601_204723,clip_001,1,rest,,1.237,829260.0,raspberry_pi_seeed_gsr,"829260,1.2370"
2026-06-01T20:47:44.394,Paulina,self_20260601_204723,clip_001,1,rest,,1.237,829281.0,raspberry_pi_seeed_gsr,"829281,1.2370"
2026-06-01T20:47:44.398,Paulina,self_20260601_204723,clip_001,1,rest,,1.237,829302.0,raspberry_pi_seeed_gsr,"829302,1.2370"
2026-06-01T20:47:44.405,Paulina,self_20260601_204723,clip_001,1,rest,,1.237,829323.0,raspberry_pi_seeed_gsr,"829323,1.2370"
2026-06-01T20:47:44.410,Paulina,self_20260601_204723,clip_001,1,rest,,1.2378,829344.0,raspberry_pi_seeed_gsr,"829344,1.2378"
2026-06-01T20:47:44.415,Paulina,self_20260601_204723,clip_001,1,rest,,1.237,829365.0,raspberry_pi_seeed_gsr,"829365,1.2370"
2026-06-01T20:47:44.423,Paulina,self_20260601_204723,clip_001,1,rest,,1.237,829386.0,raspberry_pi_seeed_gsr,"829386,1.2370"
2026-06-01T20:47:44.428,Paulina,self_20260601_204723,clip_001,1,rest,,1.237,829407.0,raspberry_pi_seeed_gsr,"829407,1.2370"
2026-06-01T20:47:44.434,Paulina,self_20260601_204723,clip_001,1,rest,,1.237,829428.0,raspberry_pi_seeed_gsr,"829428,1.2370"
2026-06-01T20:47:44.438,Paulina,self_20260601_204723,clip_001,1,rest,,1.2362,829449.0,raspberry_pi_seeed_gsr,"829449,1.2362"
2026-06-01T20:47:44.613,Paulina,self_20260601_204723,clip_001,1,rest,,1.237,829470.0,raspberry_pi_seeed_gsr,"829470,1.2370"
2026-06-01T20:47:44.620,Paulina,self_20260601_204723,clip_001,1,rest,,1.237,829491.0,raspberry_pi_seeed_gsr,"829491,1.2370"
2026-06-01T20:47:44.625,Paulina,self_20260601_204723,clip_001,1,rest,,1.2329,829512.0,raspberry_pi_seeed_gsr,"829512,1.2329"
2026-06-01T20:47:44.629,Paulina,self_20260601_204723,clip_001,1,rest,,1.2362,829533.0,raspberry_pi_seeed_gsr,"829533,1.2362"
2026-06-01T20:47:44.634,Paulina,self_20260601_204723,clip_001,1,rest,,1.2265,829554.0,raspberry_pi_seeed_gsr,"829554,1.2265"
2026-06-01T20:47:44.638,Paulina,self_20260601_204723,clip_001,1,rest,,1.2354,829575.0,raspberry_pi_seeed_gsr,"829575,1.2354"
2026-06-01T20:47:44.642,Paulina,self_20260601_204723,clip_001,1,rest,,1.2354,829596.0,raspberry_pi_seeed_gsr,"829596,1.2354"
2026-06-01T20:47:44.646,Paulina,self_20260601_204723,clip_001,1,rest,,1.237,829617.0,raspberry_pi_seeed_gsr,"829617,1.2370"
2026-06-01T20:47:44.651,Paulina,self_20260601_204723,clip_001,1,rest,,1.2354,829638.0,raspberry_pi_seeed_gsr,"829638,1.2354"
2026-06-01T20:47:44.654,Paulina,self_20260601_204723,clip_001,1,rest,,1.2345,829659.0,raspberry_pi_seeed_gsr,"829659,1.2345"
2026-06-01T20:47:44.658,Paulina,self_20260601_204723,clip_001,1,rest,,1.2345,829680.0,raspberry_pi_seeed_gsr,"829680,1.2345"
2026-06-01T20:47:44.661,Paulina,self_20260601_204723,clip_001,1,rest,,1.2329,829701.0,raspberry_pi_seeed_gsr,"829701,1.2329"
2026-06-01T20:47:44.665,Paulina,self_20260601_204723,clip_001,1,rest,,1.2345,829722.0,raspberry_pi_seeed_gsr,"829722,1.2345"
2026-06-01T20:47:44.672,Paulina,self_20260601_204723,clip_001,1,rest,,1.2345,829743.0,raspberry_pi_seeed_gsr,"829743,1.2345"
2026-06-01T20:47:44.676,Paulina,self_20260601_204723,clip_001,1,rest,,1.2337,829764.0,raspberry_pi_seeed_gsr,"829764,1.2337"
2026-06-01T20:47:44.684,Paulina,self_20260601_204723,clip_001,1,rest,,1.2337,829785.0,raspberry_pi_seeed_gsr,"829785,1.2337"
2026-06-01T20:47:44.689,Paulina,self_20260601_204723,clip_001,1,rest,,1.2321,829806.0,raspberry_pi_seeed_gsr,"829806,1.2321"
2026-06-01T20:47:44.854,Paulina,self_20260601_204723,clip_001,1,rest,,1.2329,829827.0,raspberry_pi_seeed_gsr,"829827,1.2329"
2026-06-01T20:47:44.859,Paulina,self_20260601_204723,clip_001,1,rest,,1.2321,829848.0,raspberry_pi_seeed_gsr,"829848,1.2321"
2026-06-01T20:47:44.864,Paulina,self_20260601_204723,clip_001,1,rest,,1.2329,829869.0,raspberry_pi_seeed_gsr,"829869,1.2329"
2026-06-01T20:47:44.868,Paulina,self_20260601_204723,clip_001,1,rest,,1.2329,829890.0,raspberry_pi_seeed_gsr,"829890,1.2329"
2026-06-01T20:47:44.874,Paulina,self_20260601_204723,clip_001,1,rest,,1.2337,829911.0,raspberry_pi_seeed_gsr,"829911,1.2337"
2026-06-01T20:47:44.876,Paulina,self_20260601_204723,clip_001,1,rest,,1.2273,829932.0,raspberry_pi_seeed_gsr,"829932,1.2273"
2026-06-01T20:47:44.881,Paulina,self_20260601_204723,clip_001,1,rest,,1.2321,829953.0,raspberry_pi_seeed_gsr,"829953,1.2321"
2026-06-01T20:47:44.886,Paulina,self_20260601_204723,clip_001,1,rest,,1.2321,829974.0,raspberry_pi_seeed_gsr,"829974,1.2321"
2026-06-01T20:47:44.891,Paulina,self_20260601_204723,clip_001,1,rest,,1.2321,829995.0,raspberry_pi_seeed_gsr,"829995,1.2321"
2026-06-01T20:47:44.897,Paulina,self_20260601_204723,clip_001,1,rest,,1.2321,830016.0,raspberry_pi_seeed_gsr,"830016,1.2321"
2026-06-01T20:47:44.908,Paulina,self_20260601_204723,clip_001,1,rest,,1.2313,830037.0,raspberry_pi_seeed_gsr,"830037,1.2313"
2026-06-01T20:47:44.916,Paulina,self_20260601_204723,clip_001,1,rest,,1.2321,830058.0,raspberry_pi_seeed_gsr,"830058,1.2321"
2026-06-01T20:47:44.922,Paulina,self_20260601_204723,clip_001,1,rest,,1.2321,830079.0,raspberry_pi_seeed_gsr,"830079,1.2321"
2026-06-01T20:47:44.927,Paulina,self_20260601_204723,clip_001,1,rest,,1.2321,830100.0,raspberry_pi_seeed_gsr,"830100,1.2321"
2026-06-01T20:47:44.933,Paulina,self_20260601_204723,clip_001,1,rest,,1.2321,830121.0,raspberry_pi_seeed_gsr,"830121,1.2321"
2026-06-01T20:47:44.938,Paulina,self_20260601_204723,clip_001,1,rest,,1.2313,830142.0,raspberry_pi_seeed_gsr,"830142,1.2313"
2026-06-01T20:47:44.943,Paulina,self_20260601_204723,clip_001,1,rest,,1.2257,830163.0,raspberry_pi_seeed_gsr,"830163,1.2257"
2026-06-01T20:47:45.130,Paulina,self_20260601_204723,clip_001,1,rest,,1.2313,830184.0,raspberry_pi_seeed_gsr,"830184,1.2313"
2026-06-01T20:47:45.139,Paulina,self_20260601_204723,clip_001,1,rest,,1.2345,830205.0,raspberry_pi_seeed_gsr,"830205,1.2345"
2026-06-01T20:47:45.144,Paulina,self_20260601_204723,clip_001,1,rest,,1.2321,830226.0,raspberry_pi_seeed_gsr,"830226,1.2321"
2026-06-01T20:47:45.149,Paulina,self_20260601_204723,clip_001,1,rest,,1.2321,830247.0,raspberry_pi_seeed_gsr,"830247,1.2321"
2026-06-01T20:47:45.154,Paulina,self_20260601_204723,clip_001,1,rest,,1.237,830268.0,raspberry_pi_seeed_gsr,"830268,1.2370"
2026-06-01T20:47:45.158,Paulina,self_20260601_204723,clip_001,1,rest,,1.2329,830289.0,raspberry_pi_seeed_gsr,"830289,1.2329"
2026-06-01T20:47:45.163,Paulina,self_20260601_204723,clip_001,1,rest,,1.2321,830310.0,raspberry_pi_seeed_gsr,"830310,1.2321"
2026-06-01T20:47:45.169,Paulina,self_20260601_204723,clip_001,1,rest,,1.2313,830331.0,raspberry_pi_seeed_gsr,"830331,1.2313"
2026-06-01T20:47:45.174,Paulina,self_20260601_204723,clip_001,1,rest,,1.2321,830352.0,raspberry_pi_seeed_gsr,"830352,1.2321"
2026-06-01T20:47:45.179,Paulina,self_20260601_204723,clip_001,1,rest,,1.2345,830373.0,raspberry_pi_seeed_gsr,"830373,1.2345"
2026-06-01T20:47:45.185,Paulina,self_20260601_204723,clip_001,1,rest,,1.2321,830394.0,raspberry_pi_seeed_gsr,"830394,1.2321"
2026-06-01T20:47:45.191,Paulina,self_20260601_204723,clip_001,1,rest,,1.2297,830415.0,raspberry_pi_seeed_gsr,"830415,1.2297"
2026-06-01T20:47:45.196,Paulina,self_20260601_204723,clip_001,1,rest,,1.2345,830436.0,raspberry_pi_seeed_gsr,"830436,1.2345"
2026-06-01T20:47:45.375,Paulina,self_20260601_204723,clip_001,1,rest,,1.2321,830457.0,raspberry_pi_seeed_gsr,"830457,1.2321"
2026-06-01T20:47:45.382,Paulina,self_20260601_204723,clip_001,1,rest,,1.2321,830478.0,raspberry_pi_seeed_gsr,"830478,1.2321"
2026-06-01T20:47:45.387,Paulina,self_20260601_204723,clip_001,1,rest,,1.2297,830499.0,raspberry_pi_seeed_gsr,"830499,1.2297"
2026-06-01T20:47:45.391,Paulina,self_20260601_204723,clip_001,1,rest,,1.2313,830520.0,raspberry_pi_seeed_gsr,"830520,1.2313"
2026-06-01T20:47:45.395,Paulina,self_20260601_204723,clip_001,1,rest,,1.2289,830541.0,raspberry_pi_seeed_gsr,"830541,1.2289"
2026-06-01T20:47:45.401,Paulina,self_20260601_204723,clip_001,1,rest,,1.2329,830562.0,raspberry_pi_seeed_gsr,"830562,1.2329"
2026-06-01T20:47:45.406,Paulina,self_20260601_204723,clip_001,1,rest,,1.237,830583.0,raspberry_pi_seeed_gsr,"830583,1.2370"
2026-06-01T20:47:45.411,Paulina,self_20260601_204723,clip_001,1,rest,,1.2329,830604.0,raspberry_pi_seeed_gsr,"830604,1.2329"
2026-06-01T20:47:45.417,Paulina,self_20260601_204723,clip_001,1,rest,,1.2313,830625.0,raspberry_pi_seeed_gsr,"830625,1.2313"
2026-06-01T20:47:45.421,Paulina,self_20260601_204723,clip_001,1,rest,,1.2289,830646.0,raspberry_pi_seeed_gsr,"830646,1.2289"
2026-06-01T20:47:45.426,Paulina,self_20260601_204723,clip_001,1,rest,,1.2225,830667.0,raspberry_pi_seeed_gsr,"830667,1.2225"
2026-06-01T20:47:45.435,Paulina,self_20260601_204723,clip_001,1,rest,,1.2313,830688.0,raspberry_pi_seeed_gsr,"830688,1.2313"
2026-06-01T20:47:45.441,Paulina,self_20260601_204723,clip_001,1,rest,,1.2321,830709.0,raspberry_pi_seeed_gsr,"830709,1.2321"
2026-06-01T20:47:45.446,Paulina,self_20260601_204723,clip_001,1,rest,,1.2354,830730.0,raspberry_pi_seeed_gsr,"830730,1.2354"
2026-06-01T20:47:45.451,Paulina,self_20260601_204723,clip_001,1,rest,,1.2321,830751.0,raspberry_pi_seeed_gsr,"830751,1.2321"
2026-06-01T20:47:45.628,Paulina,self_20260601_204723,clip_001,1,rest,,1.2305,830772.0,raspberry_pi_seeed_gsr,"830772,1.2305"
2026-06-01T20:47:45.634,Paulina,self_20260601_204723,clip_001,1,rest,,1.2313,830793.0,raspberry_pi_seeed_gsr,"830793,1.2313"
2026-06-01T20:47:45.640,Paulina,self_20260601_204723,clip_001,1,rest,,1.2281,830814.0,raspberry_pi_seeed_gsr,"830814,1.2281"
2026-06-01T20:47:45.646,Paulina,self_20260601_204723,clip_001,1,rest,,1.2297,830835.0,raspberry_pi_seeed_gsr,"830835,1.2297"
2026-06-01T20:47:45.650,Paulina,self_20260601_204723,clip_001,1,rest,,1.2297,830856.0,raspberry_pi_seeed_gsr,"830856,1.2297"
2026-06-01T20:47:45.655,Paulina,self_20260601_204723,clip_001,1,rest,,1.2305,830877.0,raspberry_pi_seeed_gsr,"830877,1.2305"
2026-06-01T20:47:45.661,Paulina,self_20260601_204723,clip_001,1,rest,,1.2297,830898.0,raspberry_pi_seeed_gsr,"830898,1.2297"
2026-06-01T20:47:45.665,Paulina,self_20260601_204723,clip_001,1,rest,,1.2362,830919.0,raspberry_pi_seeed_gsr,"830919,1.2362"
2026-06-01T20:47:45.671,Paulina,self_20260601_204723,clip_001,1,rest,,1.2297,830940.0,raspberry_pi_seeed_gsr,"830940,1.2297"
2026-06-01T20:47:45.676,Paulina,self_20260601_204723,clip_001,1,rest,,1.2297,830961.0,raspberry_pi_seeed_gsr,"830961,1.2297"
2026-06-01T20:47:45.683,Paulina,self_20260601_204723,clip_001,1,rest,,1.2313,830982.0,raspberry_pi_seeed_gsr,"830982,1.2313"
2026-06-01T20:47:45.689,Paulina,self_20260601_204723,clip_001,1,rest,,1.2313,831003.0,raspberry_pi_seeed_gsr,"831003,1.2313"
2026-06-01T20:47:45.693,Paulina,self_20260601_204723,clip_001,1,rest,,1.2362,831024.0,raspberry_pi_seeed_gsr,"831024,1.2362"
2026-06-01T20:47:45.700,Paulina,self_20260601_204723,clip_001,1,rest,,1.2184,831045.0,raspberry_pi_seeed_gsr,"831045,1.2184"
2026-06-01T20:47:45.707,Paulina,self_20260601_204723,clip_001,1,rest,,1.2313,831066.0,raspberry_pi_seeed_gsr,"831066,1.2313"
2026-06-01T20:47:48.095,Paulina,self_20260601_204723,clip_001,1,listen,,1.2499,834464.0,raspberry_pi_seeed_gsr,"834464,1.2499"
2026-06-01T20:47:48.116,Paulina,self_20260601_204723,clip_001,1,listen,,1.2507,834485.0,raspberry_pi_seeed_gsr,"834485,1.2507"
2026-06-01T20:47:48.137,Paulina,self_20260601_204723,clip_001,1,listen,,1.2515,834506.0,raspberry_pi_seeed_gsr,"834506,1.2515"
2026-06-01T20:47:48.158,Paulina,self_20260601_204723,clip_001,1,listen,,1.2507,834527.0,raspberry_pi_seeed_gsr,"834527,1.2507"
2026-06-01T20:47:48.179,Paulina,self_20260601_204723,clip_001,1,listen,,1.2491,834548.0,raspberry_pi_seeed_gsr,"834548,1.2491"
2026-06-01T20:47:48.200,Paulina,self_20260601_204723,clip_001,1,listen,,1.2523,834569.0,raspberry_pi_seeed_gsr,"834569,1.2523"
2026-06-01T20:47:48.221,Paulina,self_20260601_204723,clip_001,1,listen,,1.2523,834590.0,raspberry_pi_seeed_gsr,"834590,1.2523"
2026-06-01T20:47:48.243,Paulina,self_20260601_204723,clip_001,1,listen,,1.2507,834611.0,raspberry_pi_seeed_gsr,"834611,1.2507"
2026-06-01T20:47:48.263,Paulina,self_20260601_204723,clip_001,1,listen,,1.2539,834632.0,raspberry_pi_seeed_gsr,"834632,1.2539"
2026-06-01T20:47:48.285,Paulina,self_20260601_204723,clip_001,1,listen,,1.2515,834653.0,raspberry_pi_seeed_gsr,"834653,1.2515"
2026-06-01T20:47:48.305,Paulina,self_20260601_204723,clip_001,1,listen,,1.2523,834674.0,raspberry_pi_seeed_gsr,"834674,1.2523"
2026-06-01T20:47:48.326,Paulina,self_20260601_204723,clip_001,1,listen,,1.2523,834695.0,raspberry_pi_seeed_gsr,"834695,1.2523"
2026-06-01T20:47:48.347,Paulina,self_20260601_204723,clip_001,1,listen,,1.2523,834716.0,raspberry_pi_seeed_gsr,"834716,1.2523"
2026-06-01T20:47:48.534,Paulina,self_20260601_204723,clip_001,1,listen,,1.2531,834737.0,raspberry_pi_seeed_gsr,"834737,1.2531"
2026-06-01T20:47:48.538,Paulina,self_20260601_204723,clip_001,1,listen,,1.2515,834758.0,raspberry_pi_seeed_gsr,"834758,1.2515"
2026-06-01T20:47:48.541,Paulina,self_20260601_204723,clip_001,1,listen,,1.2531,834779.0,raspberry_pi_seeed_gsr,"834779,1.2531"
2026-06-01T20:47:48.545,Paulina,self_20260601_204723,clip_001,1,listen,,1.2515,834800.0,raspberry_pi_seeed_gsr,"834800,1.2515"
2026-06-01T20:47:48.548,Paulina,self_20260601_204723,clip_001,1,listen,,1.266,834821.0,raspberry_pi_seeed_gsr,"834821,1.2660"
2026-06-01T20:47:48.553,Paulina,self_20260601_204723,clip_001,1,listen,,1.2491,834842.0,raspberry_pi_seeed_gsr,"834842,1.2491"
2026-06-01T20:47:48.559,Paulina,self_20260601_204723,clip_001,1,listen,,1.2523,834863.0,raspberry_pi_seeed_gsr,"834863,1.2523"
2026-06-01T20:47:48.561,Paulina,self_20260601_204723,clip_001,1,listen,,1.2531,834884.0,raspberry_pi_seeed_gsr,"834884,1.2531"
2026-06-01T20:47:48.564,Paulina,self_20260601_204723,clip_001,1,listen,,1.2539,834905.0,raspberry_pi_seeed_gsr,"834905,1.2539"
2026-06-01T20:47:48.567,Paulina,self_20260601_204723,clip_001,1,listen,,1.2539,834926.0,raspberry_pi_seeed_gsr,"834926,1.2539"
2026-06-01T20:47:48.578,Paulina,self_20260601_204723,clip_001,1,listen,,1.2491,834947.0,raspberry_pi_seeed_gsr,"834947,1.2491"
2026-06-01T20:47:48.599,Paulina,self_20260601_204723,clip_001,1,listen,,1.2539,834968.0,raspberry_pi_seeed_gsr,"834968,1.2539"
2026-06-01T20:47:48.823,Paulina,self_20260601_204723,clip_001,1,listen,,1.2547,834989.0,raspberry_pi_seeed_gsr,"834989,1.2547"
2026-06-01T20:47:48.827,Paulina,self_20260601_204723,clip_001,1,listen,,1.2515,835010.0,raspberry_pi_seeed_gsr,"835010,1.2515"
2026-06-01T20:47:48.831,Paulina,self_20260601_204723,clip_001,1,listen,,1.2507,835031.0,raspberry_pi_seeed_gsr,"835031,1.2507"
2026-06-01T20:47:48.838,Paulina,self_20260601_204723,clip_001,1,listen,,1.2539,835052.0,raspberry_pi_seeed_gsr,"835052,1.2539"
2026-06-01T20:47:49.064,Paulina,self_20260601_204723,clip_001,1,listen,,1.258,835073.0,raspberry_pi_seeed_gsr,"835073,1.2580"
2026-06-01T20:47:49.071,Paulina,self_20260601_204723,clip_001,1,listen,,1.2539,835094.0,raspberry_pi_seeed_gsr,"835094,1.2539"
2026-06-01T20:47:49.075,Paulina,self_20260601_204723,clip_001,1,listen,,1.2547,835115.0,raspberry_pi_seeed_gsr,"835115,1.2547"
2026-06-01T20:47:49.080,Paulina,self_20260601_204723,clip_001,1,listen,,1.2547,835136.0,raspberry_pi_seeed_gsr,"835136,1.2547"
2026-06-01T20:47:49.083,Paulina,self_20260601_204723,clip_001,1,listen,,1.2555,835157.0,raspberry_pi_seeed_gsr,"835157,1.2555"
2026-06-01T20:47:49.088,Paulina,self_20260601_204723,clip_001,1,listen,,1.2555,835178.0,raspberry_pi_seeed_gsr,"835178,1.2555"
2026-06-01T20:47:49.091,Paulina,self_20260601_204723,clip_001,1,listen,,1.2459,835199.0,raspberry_pi_seeed_gsr,"835199,1.2459"
2026-06-01T20:47:49.256,Paulina,self_20260601_204723,clip_001,1,listen,,1.2555,835220.0,raspberry_pi_seeed_gsr,"835220,1.2555"
2026-06-01T20:47:49.260,Paulina,self_20260601_204723,clip_001,1,listen,,1.2555,835241.0,raspberry_pi_seeed_gsr,"835241,1.2555"
2026-06-01T20:47:49.264,Paulina,self_20260601_204723,clip_001,1,listen,,1.262,835262.0,raspberry_pi_seeed_gsr,"835262,1.2620"
2026-06-01T20:47:49.269,Paulina,self_20260601_204723,clip_001,1,listen,,1.2555,835283.0,raspberry_pi_seeed_gsr,"835283,1.2555"
2026-06-01T20:47:49.273,Paulina,self_20260601_204723,clip_001,1,listen,,1.258,835304.0,raspberry_pi_seeed_gsr,"835304,1.2580"
2026-06-01T20:47:49.277,Paulina,self_20260601_204723,clip_001,1,listen,,1.2636,835325.0,raspberry_pi_seeed_gsr,"835325,1.2636"
2026-06-01T20:47:49.280,Paulina,self_20260601_204723,clip_001,1,listen,,1.258,835346.0,raspberry_pi_seeed_gsr,"835346,1.2580"
2026-06-01T20:47:49.288,Paulina,self_20260601_204723,clip_001,1,listen,,1.2572,835367.0,raspberry_pi_seeed_gsr,"835367,1.2572"
2026-06-01T20:47:49.296,Paulina,self_20260601_204723,clip_001,1,listen,,1.258,835388.0,raspberry_pi_seeed_gsr,"835388,1.2580"
2026-06-01T20:47:49.303,Paulina,self_20260601_204723,clip_001,1,listen,,1.2588,835409.0,raspberry_pi_seeed_gsr,"835409,1.2588"
2026-06-01T20:47:49.310,Paulina,self_20260601_204723,clip_001,1,listen,,1.258,835430.0,raspberry_pi_seeed_gsr,"835430,1.2580"
2026-06-01T20:47:49.319,Paulina,self_20260601_204723,clip_001,1,listen,,1.258,835451.0,raspberry_pi_seeed_gsr,"835451,1.2580"
2026-06-01T20:47:49.327,Paulina,self_20260601_204723,clip_001,1,listen,,1.2572,835472.0,raspberry_pi_seeed_gsr,"835472,1.2572"
2026-06-01T20:47:49.332,Paulina,self_20260601_204723,clip_001,1,listen,,1.2588,835493.0,raspberry_pi_seeed_gsr,"835493,1.2588"
2026-06-01T20:47:49.339,Paulina,self_20260601_204723,clip_001,1,listen,,1.2596,835514.0,raspberry_pi_seeed_gsr,"835514,1.2596"
2026-06-01T20:47:49.343,Paulina,self_20260601_204723,clip_001,1,listen,,1.2612,835535.0,raspberry_pi_seeed_gsr,"835535,1.2612"
2026-06-01T20:47:49.549,Paulina,self_20260601_204723,clip_001,1,listen,,1.2588,835556.0,raspberry_pi_seeed_gsr,"835556,1.2588"
2026-06-01T20:47:49.554,Paulina,self_20260601_204723,clip_001,1,listen,,1.2588,835577.0,raspberry_pi_seeed_gsr,"835577,1.2588"
2026-06-01T20:47:49.558,Paulina,self_20260601_204723,clip_001,1,listen,,1.2588,835598.0,raspberry_pi_seeed_gsr,"835598,1.2588"
2026-06-01T20:47:49.563,Paulina,self_20260601_204723,clip_001,1,listen,,1.2596,835619.0,raspberry_pi_seeed_gsr,"835619,1.2596"
2026-06-01T20:47:49.567,Paulina,self_20260601_204723,clip_001,1,listen,,1.2596,835640.0,raspberry_pi_seeed_gsr,"835640,1.2596"
2026-06-01T20:47:49.571,Paulina,self_20260601_204723,clip_001,1,listen,,1.2507,835661.0,raspberry_pi_seeed_gsr,"835661,1.2507"
2026-06-01T20:47:49.574,Paulina,self_20260601_204723,clip_001,1,listen,,1.2547,835682.0,raspberry_pi_seeed_gsr,"835682,1.2547"
2026-06-01T20:47:49.580,Paulina,self_20260601_204723,clip_001,1,listen,,1.2596,835703.0,raspberry_pi_seeed_gsr,"835703,1.2596"
2026-06-01T20:47:49.587,Paulina,self_20260601_204723,clip_001,1,listen,,1.2555,835724.0,raspberry_pi_seeed_gsr,"835724,1.2555"
2026-06-01T20:47:49.593,Paulina,self_20260601_204723,clip_001,1,listen,,1.2596,835745.0,raspberry_pi_seeed_gsr,"835745,1.2596"
2026-06-01T20:47:49.776,Paulina,self_20260601_204723,clip_001,1,listen,,1.2604,835766.0,raspberry_pi_seeed_gsr,"835766,1.2604"
2026-06-01T20:47:49.780,Paulina,self_20260601_204723,clip_001,1,listen,,1.27,835787.0,raspberry_pi_seeed_gsr,"835787,1.2700"
2026-06-01T20:47:49.786,Paulina,self_20260601_204723,clip_001,1,listen,,1.2588,835808.0,raspberry_pi_seeed_gsr,"835808,1.2588"
2026-06-01T20:47:49.791,Paulina,self_20260601_204723,clip_001,1,listen,,1.2612,835829.0,raspberry_pi_seeed_gsr,"835829,1.2612"
2026-06-01T20:47:49.798,Paulina,self_20260601_204723,clip_001,1,listen,,1.2612,835850.0,raspberry_pi_seeed_gsr,"835850,1.2612"
2026-06-01T20:47:49.803,Paulina,self_20260601_204723,clip_001,1,listen,,1.262,835871.0,raspberry_pi_seeed_gsr,"835871,1.2620"
2026-06-01T20:47:49.808,Paulina,self_20260601_204723,clip_001,1,listen,,1.262,835892.0,raspberry_pi_seeed_gsr,"835892,1.2620"
2026-06-01T20:47:49.812,Paulina,self_20260601_204723,clip_001,1,listen,,1.2612,835913.0,raspberry_pi_seeed_gsr,"835913,1.2612"
2026-06-01T20:47:49.819,Paulina,self_20260601_204723,clip_001,1,listen,,1.266,835934.0,raspberry_pi_seeed_gsr,"835934,1.2660"
2026-06-01T20:47:49.823,Paulina,self_20260601_204723,clip_001,1,listen,,1.2636,835955.0,raspberry_pi_seeed_gsr,"835955,1.2636"
2026-06-01T20:47:49.827,Paulina,self_20260601_204723,clip_001,1,listen,,1.2636,835976.0,raspberry_pi_seeed_gsr,"835976,1.2636"
2026-06-01T20:47:49.830,Paulina,self_20260601_204723,clip_001,1,listen,,1.262,835997.0,raspberry_pi_seeed_gsr,"835997,1.2620"
2026-06-01T20:47:49.833,Paulina,self_20260601_204723,clip_001,1,listen,,1.2628,836018.0,raspberry_pi_seeed_gsr,"836018,1.2628"
2026-06-01T20:47:49.836,Paulina,self_20260601_204723,clip_001,1,listen,,1.2596,836039.0,raspberry_pi_seeed_gsr,"836039,1.2596"
2026-06-01T20:47:49.840,Paulina,self_20260601_204723,clip_001,1,listen,,1.27,836060.0,raspberry_pi_seeed_gsr,"836060,1.2700"
2026-06-01T20:47:49.844,Paulina,self_20260601_204723,clip_001,1,listen,,1.2636,836081.0,raspberry_pi_seeed_gsr,"836081,1.2636"
2026-06-01T20:47:50.017,Paulina,self_20260601_204723,clip_001,1,listen,,1.2797,836102.0,raspberry_pi_seeed_gsr,"836102,1.2797"
2026-06-01T20:47:50.022,Paulina,self_20260601_204723,clip_001,1,listen,,1.2636,836123.0,raspberry_pi_seeed_gsr,"836123,1.2636"
2026-06-01T20:47:50.024,Paulina,self_20260601_204723,clip_001,1,listen,,1.2636,836144.0,raspberry_pi_seeed_gsr,"836144,1.2636"
2026-06-01T20:47:50.027,Paulina,self_20260601_204723,clip_001,1,listen,,1.262,836165.0,raspberry_pi_seeed_gsr,"836165,1.2620"
2026-06-01T20:47:50.032,Paulina,self_20260601_204723,clip_001,1,listen,,1.2709,836186.0,raspberry_pi_seeed_gsr,"836186,1.2709"
2026-06-01T20:47:50.036,Paulina,self_20260601_204723,clip_001,1,listen,,1.2604,836207.0,raspberry_pi_seeed_gsr,"836207,1.2604"
2026-06-01T20:47:50.042,Paulina,self_20260601_204723,clip_001,1,listen,,1.2636,836228.0,raspberry_pi_seeed_gsr,"836228,1.2636"
2026-06-01T20:47:50.045,Paulina,self_20260601_204723,clip_001,1,listen,,1.2636,836249.0,raspberry_pi_seeed_gsr,"836249,1.2636"
2026-06-01T20:47:50.049,Paulina,self_20260601_204723,clip_001,1,listen,,1.2644,836270.0,raspberry_pi_seeed_gsr,"836270,1.2644"
2026-06-01T20:47:50.052,Paulina,self_20260601_204723,clip_001,1,listen,,1.2644,836291.0,raspberry_pi_seeed_gsr,"836291,1.2644"
2026-06-01T20:47:50.057,Paulina,self_20260601_204723,clip_001,1,listen,,1.266,836312.0,raspberry_pi_seeed_gsr,"836312,1.2660"
2026-06-01T20:47:50.060,Paulina,self_20260601_204723,clip_001,1,listen,,1.262,836333.0,raspberry_pi_seeed_gsr,"836333,1.2620"
2026-06-01T20:47:50.062,Paulina,self_20260601_204723,clip_001,1,listen,,1.266,836354.0,raspberry_pi_seeed_gsr,"836354,1.2660"
2026-06-01T20:47:50.066,Paulina,self_20260601_204723,clip_001,1,listen,,1.2644,836375.0,raspberry_pi_seeed_gsr,"836375,1.2644"
2026-06-01T20:47:50.069,Paulina,self_20260601_204723,clip_001,1,listen,,1.2652,836396.0,raspberry_pi_seeed_gsr,"836396,1.2652"
2026-06-01T20:47:50.073,Paulina,self_20260601_204723,clip_001,1,listen,,1.2588,836417.0,raspberry_pi_seeed_gsr,"836417,1.2588"
2026-06-01T20:47:50.078,Paulina,self_20260601_204723,clip_001,1,listen,,1.266,836438.0,raspberry_pi_seeed_gsr,"836438,1.2660"
2026-06-01T20:47:50.092,Paulina,self_20260601_204723,clip_001,1,listen,,1.266,836459.0,raspberry_pi_seeed_gsr,"836459,1.2660"
2026-06-01T20:47:50.111,Paulina,self_20260601_204723,clip_001,1,listen,,1.2668,836480.0,raspberry_pi_seeed_gsr,"836480,1.2668"
2026-06-01T20:47:50.332,Paulina,self_20260601_204723,clip_001,1,listen,,1.266,836501.0,raspberry_pi_seeed_gsr,"836501,1.2660"
2026-06-01T20:47:50.339,Paulina,self_20260601_204723,clip_001,1,listen,,1.27,836522.0,raspberry_pi_seeed_gsr,"836522,1.2700"
2026-06-01T20:47:50.343,Paulina,self_20260601_204723,clip_001,1,listen,,1.2668,836543.0,raspberry_pi_seeed_gsr,"836543,1.2668"
2026-06-01T20:47:50.346,Paulina,self_20260601_204723,clip_001,1,listen,,1.2684,836564.0,raspberry_pi_seeed_gsr,"836564,1.2684"
2026-06-01T20:47:50.349,Paulina,self_20260601_204723,clip_001,1,listen,,1.2676,836585.0,raspberry_pi_seeed_gsr,"836585,1.2676"
2026-06-01T20:47:50.532,Paulina,self_20260601_204723,clip_001,1,listen,,1.2676,836606.0,raspberry_pi_seeed_gsr,"836606,1.2676"
2026-06-01T20:47:50.539,Paulina,self_20260601_204723,clip_001,1,listen,,1.2676,836627.0,raspberry_pi_seeed_gsr,"836627,1.2676"
2026-06-01T20:47:50.542,Paulina,self_20260601_204723,clip_001,1,listen,,1.2676,836648.0,raspberry_pi_seeed_gsr,"836648,1.2676"
2026-06-01T20:47:50.548,Paulina,self_20260601_204723,clip_001,1,listen,,1.2781,836669.0,raspberry_pi_seeed_gsr,"836669,1.2781"
2026-06-01T20:47:50.552,Paulina,self_20260601_204723,clip_001,1,listen,,1.27,836690.0,raspberry_pi_seeed_gsr,"836690,1.2700"
2026-06-01T20:47:50.557,Paulina,self_20260601_204723,clip_001,1,listen,,1.2733,836711.0,raspberry_pi_seeed_gsr,"836711,1.2733"
2026-06-01T20:47:50.560,Paulina,self_20260601_204723,clip_001,1,listen,,1.2692,836732.0,raspberry_pi_seeed_gsr,"836732,1.2692"
2026-06-01T20:47:50.564,Paulina,self_20260601_204723,clip_001,1,listen,,1.27,836753.0,raspberry_pi_seeed_gsr,"836753,1.2700"
2026-06-01T20:47:50.568,Paulina,self_20260601_204723,clip_001,1,listen,,1.2709,836774.0,raspberry_pi_seeed_gsr,"836774,1.2709"
2026-06-01T20:47:50.572,Paulina,self_20260601_204723,clip_001,1,listen,,1.2668,836795.0,raspberry_pi_seeed_gsr,"836795,1.2668"
2026-06-01T20:47:50.576,Paulina,self_20260601_204723,clip_001,1,listen,,1.2717,836816.0,raspberry_pi_seeed_gsr,"836816,1.2717"
2026-06-01T20:47:50.580,Paulina,self_20260601_204723,clip_001,1,listen,,1.2709,836837.0,raspberry_pi_seeed_gsr,"836837,1.2709"
2026-06-01T20:47:50.583,Paulina,self_20260601_204723,clip_001,1,listen,,1.2717,836858.0,raspberry_pi_seeed_gsr,"836858,1.2717"
2026-06-01T20:47:50.586,Paulina,self_20260601_204723,clip_001,1,listen,,1.2717,836879.0,raspberry_pi_seeed_gsr,"836879,1.2717"
2026-06-01T20:47:50.589,Paulina,self_20260601_204723,clip_001,1,listen,,1.2709,836900.0,raspberry_pi_seeed_gsr,"836900,1.2709"
2026-06-01T20:47:50.592,Paulina,self_20260601_204723,clip_001,1,listen,,1.2709,836921.0,raspberry_pi_seeed_gsr,"836921,1.2709"
2026-06-01T20:47:50.597,Paulina,self_20260601_204723,clip_001,1,listen,,1.2717,836942.0,raspberry_pi_seeed_gsr,"836942,1.2717"
2026-06-01T20:47:50.601,Paulina,self_20260601_204723,clip_001,1,listen,,1.2676,836963.0,raspberry_pi_seeed_gsr,"836963,1.2676"
2026-06-01T20:47:50.797,Paulina,self_20260601_204723,clip_001,1,listen,,1.2717,836984.0,raspberry_pi_seeed_gsr,"836984,1.2717"
2026-06-01T20:47:50.803,Paulina,self_20260601_204723,clip_001,1,listen,,1.2668,837005.0,raspberry_pi_seeed_gsr,"837005,1.2668"
2026-06-01T20:47:50.806,Paulina,self_20260601_204723,clip_001,1,listen,,1.2725,837026.0,raspberry_pi_seeed_gsr,"837026,1.2725"
2026-06-01T20:47:50.810,Paulina,self_20260601_204723,clip_001,1,listen,,1.2709,837047.0,raspberry_pi_seeed_gsr,"837047,1.2709"
2026-06-01T20:47:50.814,Paulina,self_20260601_204723,clip_001,1,listen,,1.2717,837068.0,raspberry_pi_seeed_gsr,"837068,1.2717"
2026-06-01T20:47:50.821,Paulina,self_20260601_204723,clip_001,1,listen,,1.2717,837089.0,raspberry_pi_seeed_gsr,"837089,1.2717"
2026-06-01T20:47:50.825,Paulina,self_20260601_204723,clip_001,1,listen,,1.2733,837110.0,raspberry_pi_seeed_gsr,"837110,1.2733"
2026-06-01T20:47:50.829,Paulina,self_20260601_204723,clip_001,1,listen,,1.2612,837131.0,raspberry_pi_seeed_gsr,"837131,1.2612"
2026-06-01T20:47:50.833,Paulina,self_20260601_204723,clip_001,1,listen,,1.2725,837152.0,raspberry_pi_seeed_gsr,"837152,1.2725"
2026-06-01T20:47:50.843,Paulina,self_20260601_204723,clip_001,1,listen,,1.2717,837173.0,raspberry_pi_seeed_gsr,"837173,1.2717"
2026-06-01T20:47:50.850,Paulina,self_20260601_204723,clip_001,1,listen,,1.2725,837194.0,raspberry_pi_seeed_gsr,"837194,1.2725"
2026-06-01T20:47:50.856,Paulina,self_20260601_204723,clip_001,1,listen,,1.2805,837215.0,raspberry_pi_seeed_gsr,"837215,1.2805"
2026-06-01T20:47:51.056,Paulina,self_20260601_204723,clip_001,1,listen,,1.2733,837236.0,raspberry_pi_seeed_gsr,"837236,1.2733"
2026-06-01T20:47:51.060,Paulina,self_20260601_204723,clip_001,1,listen,,1.2741,837257.0,raspberry_pi_seeed_gsr,"837257,1.2741"
2026-06-01T20:47:51.064,Paulina,self_20260601_204723,clip_001,1,listen,,1.2733,837278.0,raspberry_pi_seeed_gsr,"837278,1.2733"
2026-06-01T20:47:51.069,Paulina,self_20260601_204723,clip_001,1,listen,,1.2725,837299.0,raspberry_pi_seeed_gsr,"837299,1.2725"
2026-06-01T20:47:51.073,Paulina,self_20260601_204723,clip_001,1,listen,,1.2749,837320.0,raspberry_pi_seeed_gsr,"837320,1.2749"
2026-06-01T20:47:51.077,Paulina,self_20260601_204723,clip_001,1,listen,,1.2757,837341.0,raspberry_pi_seeed_gsr,"837341,1.2757"
2026-06-01T20:47:51.086,Paulina,self_20260601_204723,clip_001,1,listen,,1.2765,837362.0,raspberry_pi_seeed_gsr,"837362,1.2765"
2026-06-01T20:47:51.092,Paulina,self_20260601_204723,clip_001,1,listen,,1.2612,837383.0,raspberry_pi_seeed_gsr,"837383,1.2612"
2026-06-01T20:47:51.096,Paulina,self_20260601_204723,clip_001,1,listen,,1.2773,837404.0,raspberry_pi_seeed_gsr,"837404,1.2773"
2026-06-01T20:47:51.100,Paulina,self_20260601_204723,clip_001,1,listen,,1.2781,837425.0,raspberry_pi_seeed_gsr,"837425,1.2781"
2026-06-01T20:47:51.106,Paulina,self_20260601_204723,clip_001,1,listen,,1.2789,837446.0,raspberry_pi_seeed_gsr,"837446,1.2789"
2026-06-01T20:47:51.110,Paulina,self_20260601_204723,clip_001,1,listen,,1.2781,837467.0,raspberry_pi_seeed_gsr,"837467,1.2781"
2026-06-01T20:47:51.277,Paulina,self_20260601_204723,clip_001,1,listen,,1.2789,837488.0,raspberry_pi_seeed_gsr,"837488,1.2789"
2026-06-01T20:47:51.282,Paulina,self_20260601_204723,clip_001,1,listen,,1.2789,837509.0,raspberry_pi_seeed_gsr,"837509,1.2789"
2026-06-01T20:47:51.285,Paulina,self_20260601_204723,clip_001,1,listen,,1.2829,837530.0,raspberry_pi_seeed_gsr,"837530,1.2829"
2026-06-01T20:47:51.289,Paulina,self_20260601_204723,clip_001,1,listen,,1.2773,837551.0,raspberry_pi_seeed_gsr,"837551,1.2773"
2026-06-01T20:47:51.293,Paulina,self_20260601_204723,clip_001,1,listen,,1.2805,837572.0,raspberry_pi_seeed_gsr,"837572,1.2805"
2026-06-01T20:47:51.297,Paulina,self_20260601_204723,clip_001,1,listen,,1.2805,837593.0,raspberry_pi_seeed_gsr,"837593,1.2805"
2026-06-01T20:47:51.301,Paulina,self_20260601_204723,clip_001,1,listen,,1.2797,837614.0,raspberry_pi_seeed_gsr,"837614,1.2797"
2026-06-01T20:47:51.304,Paulina,self_20260601_204723,clip_001,1,listen,,1.2813,837635.0,raspberry_pi_seeed_gsr,"837635,1.2813"
2026-06-01T20:47:51.307,Paulina,self_20260601_204723,clip_001,1,listen,,1.2805,837656.0,raspberry_pi_seeed_gsr,"837656,1.2805"
2026-06-01T20:47:51.311,Paulina,self_20260601_204723,clip_001,1,listen,,1.2813,837677.0,raspberry_pi_seeed_gsr,"837677,1.2813"
2026-06-01T20:47:51.329,Paulina,self_20260601_204723,clip_001,1,listen,,1.2789,837698.0,raspberry_pi_seeed_gsr,"837698,1.2789"
2026-06-01T20:47:51.350,Paulina,self_20260601_204723,clip_001,1,listen,,1.2797,837719.0,raspberry_pi_seeed_gsr,"837719,1.2797"
2026-06-01T20:47:51.371,Paulina,self_20260601_204723,clip_001,1,listen,,1.2837,837740.0,raspberry_pi_seeed_gsr,"837740,1.2837"
2026-06-01T20:47:51.392,Paulina,self_20260601_204723,clip_001,1,listen,,1.2773,837761.0,raspberry_pi_seeed_gsr,"837761,1.2773"
2026-06-01T20:47:51.620,Paulina,self_20260601_204723,clip_001,1,listen,,1.2805,837782.0,raspberry_pi_seeed_gsr,"837782,1.2805"
2026-06-01T20:47:51.625,Paulina,self_20260601_204723,clip_001,1,listen,,1.2829,837803.0,raspberry_pi_seeed_gsr,"837803,1.2829"
2026-06-01T20:47:51.630,Paulina,self_20260601_204723,clip_001,1,listen,,1.2902,837824.0,raspberry_pi_seeed_gsr,"837824,1.2902"
2026-06-01T20:47:51.804,Paulina,self_20260601_204723,clip_001,1,listen,,1.2829,837845.0,raspberry_pi_seeed_gsr,"837845,1.2829"
2026-06-01T20:47:51.808,Paulina,self_20260601_204723,clip_001,1,listen,,1.2805,837866.0,raspberry_pi_seeed_gsr,"837866,1.2805"
2026-06-01T20:47:51.812,Paulina,self_20260601_204723,clip_001,1,listen,,1.2837,837887.0,raspberry_pi_seeed_gsr,"837887,1.2837"
2026-06-01T20:47:51.817,Paulina,self_20260601_204723,clip_001,1,listen,,1.2837,837908.0,raspberry_pi_seeed_gsr,"837908,1.2837"
2026-06-01T20:47:51.821,Paulina,self_20260601_204723,clip_001,1,listen,,1.2837,837929.0,raspberry_pi_seeed_gsr,"837929,1.2837"
2026-06-01T20:47:51.826,Paulina,self_20260601_204723,clip_001,1,listen,,1.2837,837950.0,raspberry_pi_seeed_gsr,"837950,1.2837"
2026-06-01T20:47:51.831,Paulina,self_20260601_204723,clip_001,1,listen,,1.2837,837971.0,raspberry_pi_seeed_gsr,"837971,1.2837"
2026-06-01T20:47:51.838,Paulina,self_20260601_204723,clip_001,1,listen,,1.2982,837992.0,raspberry_pi_seeed_gsr,"837992,1.2982"
2026-06-01T20:47:51.843,Paulina,self_20260601_204723,clip_001,1,listen,,1.2846,838013.0,raspberry_pi_seeed_gsr,"838013,1.2846"
2026-06-01T20:47:51.848,Paulina,self_20260601_204723,clip_001,1,listen,,1.2942,838034.0,raspberry_pi_seeed_gsr,"838034,1.2942"
2026-06-01T20:47:51.854,Paulina,self_20260601_204723,clip_001,1,listen,,1.2846,838055.0,raspberry_pi_seeed_gsr,"838055,1.2846"
2026-06-01T20:47:51.868,Paulina,self_20260601_204723,clip_001,1,listen,,1.2846,838076.0,raspberry_pi_seeed_gsr,"838076,1.2846"
2026-06-01T20:47:51.874,Paulina,self_20260601_204723,clip_001,1,listen,,1.2837,838097.0,raspberry_pi_seeed_gsr,"838097,1.2837"
2026-06-01T20:47:51.878,Paulina,self_20260601_204723,clip_001,1,listen,,1.27,838118.0,raspberry_pi_seeed_gsr,"838118,1.2700"
2026-06-01T20:47:51.881,Paulina,self_20260601_204723,clip_001,1,listen,,1.2797,838139.0,raspberry_pi_seeed_gsr,"838139,1.2797"
2026-06-01T20:47:52.057,Paulina,self_20260601_204723,clip_001,1,listen,,1.2854,838160.0,raspberry_pi_seeed_gsr,"838160,1.2854"
2026-06-01T20:47:52.061,Paulina,self_20260601_204723,clip_001,1,listen,,1.2773,838181.0,raspberry_pi_seeed_gsr,"838181,1.2773"
2026-06-01T20:47:52.067,Paulina,self_20260601_204723,clip_001,1,listen,,1.2862,838202.0,raspberry_pi_seeed_gsr,"838202,1.2862"
2026-06-01T20:47:52.074,Paulina,self_20260601_204723,clip_001,1,listen,,1.2854,838223.0,raspberry_pi_seeed_gsr,"838223,1.2854"
2026-06-01T20:47:52.078,Paulina,self_20260601_204723,clip_001,1,listen,,1.2854,838244.0,raspberry_pi_seeed_gsr,"838244,1.2854"
2026-06-01T20:47:52.083,Paulina,self_20260601_204723,clip_001,1,listen,,1.2878,838265.0,raspberry_pi_seeed_gsr,"838265,1.2878"
2026-06-01T20:47:52.086,Paulina,self_20260601_204723,clip_001,1,listen,,1.2862,838286.0,raspberry_pi_seeed_gsr,"838286,1.2862"
2026-06-01T20:47:52.092,Paulina,self_20260601_204723,clip_001,1,listen,,1.287,838307.0,raspberry_pi_seeed_gsr,"838307,1.2870"
2026-06-01T20:47:52.102,Paulina,self_20260601_204723,clip_001,1,listen,,1.2862,838328.0,raspberry_pi_seeed_gsr,"838328,1.2862"
2026-06-01T20:47:52.106,Paulina,self_20260601_204723,clip_001,1,listen,,1.2894,838349.0,raspberry_pi_seeed_gsr,"838349,1.2894"
2026-06-01T20:47:52.108,Paulina,self_20260601_204723,clip_001,1,listen,,1.287,838370.0,raspberry_pi_seeed_gsr,"838370,1.2870"
2026-06-01T20:47:52.111,Paulina,self_20260601_204723,clip_001,1,listen,,1.2862,838391.0,raspberry_pi_seeed_gsr,"838391,1.2862"
2026-06-01T20:47:52.114,Paulina,self_20260601_204723,clip_001,1,listen,,1.287,838412.0,raspberry_pi_seeed_gsr,"838412,1.2870"
2026-06-01T20:47:52.119,Paulina,self_20260601_204723,clip_001,1,listen,,1.287,838433.0,raspberry_pi_seeed_gsr,"838433,1.2870"
2026-06-01T20:47:52.123,Paulina,self_20260601_204723,clip_001,1,listen,,1.287,838454.0,raspberry_pi_seeed_gsr,"838454,1.2870"
2026-06-01T20:47:52.127,Paulina,self_20260601_204723,clip_001,1,listen,,1.2878,838475.0,raspberry_pi_seeed_gsr,"838475,1.2878"
2026-06-01T20:47:52.131,Paulina,self_20260601_204723,clip_001,1,listen,,1.287,838496.0,raspberry_pi_seeed_gsr,"838496,1.2870"
2026-06-01T20:47:52.148,Paulina,self_20260601_204723,clip_001,1,listen,,1.287,838517.0,raspberry_pi_seeed_gsr,"838517,1.2870"
2026-06-01T20:47:52.329,Paulina,self_20260601_204723,clip_001,1,listen,,1.287,838538.0,raspberry_pi_seeed_gsr,"838538,1.2870"
2026-06-01T20:47:52.337,Paulina,self_20260601_204723,clip_001,1,listen,,1.287,838559.0,raspberry_pi_seeed_gsr,"838559,1.2870"
2026-06-01T20:47:52.340,Paulina,self_20260601_204723,clip_001,1,listen,,1.2878,838580.0,raspberry_pi_seeed_gsr,"838580,1.2878"
2026-06-01T20:47:52.343,Paulina,self_20260601_204723,clip_001,1,listen,,1.2878,838601.0,raspberry_pi_seeed_gsr,"838601,1.2878"
2026-06-01T20:47:52.346,Paulina,self_20260601_204723,clip_001,1,listen,,1.287,838622.0,raspberry_pi_seeed_gsr,"838622,1.2870"
2026-06-01T20:47:52.348,Paulina,self_20260601_204723,clip_001,1,listen,,1.2958,838643.0,raspberry_pi_seeed_gsr,"838643,1.2958"
2026-06-01T20:47:52.353,Paulina,self_20260601_204723,clip_001,1,listen,,1.287,838664.0,raspberry_pi_seeed_gsr,"838664,1.2870"
2026-06-01T20:47:52.358,Paulina,self_20260601_204723,clip_001,1,listen,,1.287,838685.0,raspberry_pi_seeed_gsr,"838685,1.2870"
2026-06-01T20:47:52.367,Paulina,self_20260601_204723,clip_001,1,listen,,1.287,838706.0,raspberry_pi_seeed_gsr,"838706,1.2870"
2026-06-01T20:47:52.375,Paulina,self_20260601_204723,clip_001,1,listen,,1.2862,838727.0,raspberry_pi_seeed_gsr,"838727,1.2862"
2026-06-01T20:47:52.389,Paulina,self_20260601_204723,clip_001,1,listen,,1.2854,838748.0,raspberry_pi_seeed_gsr,"838748,1.2854"
2026-06-01T20:47:52.400,Paulina,self_20260601_204723,clip_001,1,listen,,1.2878,838769.0,raspberry_pi_seeed_gsr,"838769,1.2878"
2026-06-01T20:47:52.559,Paulina,self_20260601_204723,clip_001,1,listen,,1.2709,838790.0,raspberry_pi_seeed_gsr,"838790,1.2709"
2026-06-01T20:47:52.562,Paulina,self_20260601_204723,clip_001,1,listen,,1.2846,838811.0,raspberry_pi_seeed_gsr,"838811,1.2846"
2026-06-01T20:47:52.564,Paulina,self_20260601_204723,clip_001,1,listen,,1.2846,838832.0,raspberry_pi_seeed_gsr,"838832,1.2846"
2026-06-01T20:47:52.574,Paulina,self_20260601_204723,clip_001,1,listen,,1.2837,838853.0,raspberry_pi_seeed_gsr,"838853,1.2837"
2026-06-01T20:47:52.577,Paulina,self_20260601_204723,clip_001,1,listen,,1.2837,838874.0,raspberry_pi_seeed_gsr,"838874,1.2837"
2026-06-01T20:47:52.585,Paulina,self_20260601_204723,clip_001,1,listen,,1.2813,838895.0,raspberry_pi_seeed_gsr,"838895,1.2813"
2026-06-01T20:47:52.589,Paulina,self_20260601_204723,clip_001,1,listen,,1.2846,838916.0,raspberry_pi_seeed_gsr,"838916,1.2846"
2026-06-01T20:47:52.594,Paulina,self_20260601_204723,clip_001,1,listen,,1.2789,838937.0,raspberry_pi_seeed_gsr,"838937,1.2789"
2026-06-01T20:47:52.602,Paulina,self_20260601_204723,clip_001,1,listen,,1.2797,838958.0,raspberry_pi_seeed_gsr,"838958,1.2797"
2026-06-01T20:47:52.610,Paulina,self_20260601_204723,clip_001,1,listen,,1.2773,838979.0,raspberry_pi_seeed_gsr,"838979,1.2773"
2026-06-01T20:47:52.631,Paulina,self_20260601_204723,clip_001,1,listen,,1.2765,839000.0,raspberry_pi_seeed_gsr,"839000,1.2765"
2026-06-01T20:47:52.652,Paulina,self_20260601_204723,clip_001,1,listen,,1.2749,839021.0,raspberry_pi_seeed_gsr,"839021,1.2749"
2026-06-01T20:47:52.673,Paulina,self_20260601_204723,clip_001,1,listen,,1.2733,839042.0,raspberry_pi_seeed_gsr,"839042,1.2733"
2026-06-01T20:47:52.778,Paulina,self_20260601_204723,clip_001,1,listen,,1.2725,839063.0,raspberry_pi_seeed_gsr,"839063,1.2725"
2026-06-01T20:47:52.781,Paulina,self_20260601_204723,clip_001,1,listen,,1.2709,839084.0,raspberry_pi_seeed_gsr,"839084,1.2709"
2026-06-01T20:47:52.785,Paulina,self_20260601_204723,clip_001,1,listen,,1.2781,839105.0,raspberry_pi_seeed_gsr,"839105,1.2781"
2026-06-01T20:47:52.787,Paulina,self_20260601_204723,clip_001,1,listen,,1.2676,839126.0,raspberry_pi_seeed_gsr,"839126,1.2676"
2026-06-01T20:47:52.789,Paulina,self_20260601_204723,clip_001,1,listen,,1.266,839147.0,raspberry_pi_seeed_gsr,"839147,1.2660"
2026-06-01T20:47:52.799,Paulina,self_20260601_204723,clip_001,1,listen,,1.2717,839168.0,raspberry_pi_seeed_gsr,"839168,1.2717"
2026-06-01T20:47:52.820,Paulina,self_20260601_204723,clip_001,1,listen,,1.2612,839189.0,raspberry_pi_seeed_gsr,"839189,1.2612"
2026-06-01T20:47:52.841,Paulina,self_20260601_204723,clip_001,1,listen,,1.2676,839210.0,raspberry_pi_seeed_gsr,"839210,1.2676"
2026-06-01T20:47:52.862,Paulina,self_20260601_204723,clip_001,1,listen,,1.2572,839231.0,raspberry_pi_seeed_gsr,"839231,1.2572"
2026-06-01T20:47:52.883,Paulina,self_20260601_204723,clip_001,1,listen,,1.2547,839252.0,raspberry_pi_seeed_gsr,"839252,1.2547"
2026-06-01T20:47:52.904,Paulina,self_20260601_204723,clip_001,1,listen,,1.2523,839273.0,raspberry_pi_seeed_gsr,"839273,1.2523"
2026-06-01T20:47:52.925,Paulina,self_20260601_204723,clip_001,1,listen,,1.2507,839294.0,raspberry_pi_seeed_gsr,"839294,1.2507"
2026-06-01T20:47:53.013,Paulina,self_20260601_204723,clip_001,1,listen,,1.2475,839315.0,raspberry_pi_seeed_gsr,"839315,1.2475"
2026-06-01T20:47:53.019,Paulina,self_20260601_204723,clip_001,1,listen,,1.2451,839336.0,raspberry_pi_seeed_gsr,"839336,1.2451"
2026-06-01T20:47:53.021,Paulina,self_20260601_204723,clip_001,1,listen,,1.2418,839357.0,raspberry_pi_seeed_gsr,"839357,1.2418"
2026-06-01T20:47:53.024,Paulina,self_20260601_204723,clip_001,1,listen,,1.2402,839378.0,raspberry_pi_seeed_gsr,"839378,1.2402"
2026-06-01T20:47:53.030,Paulina,self_20260601_204723,clip_001,1,listen,,1.2378,839399.0,raspberry_pi_seeed_gsr,"839399,1.2378"
2026-06-01T20:47:53.051,Paulina,self_20260601_204723,clip_001,1,listen,,1.237,839420.0,raspberry_pi_seeed_gsr,"839420,1.2370"
2026-06-01T20:47:53.073,Paulina,self_20260601_204723,clip_001,1,listen,,1.237,839441.0,raspberry_pi_seeed_gsr,"839441,1.2370"
2026-06-01T20:47:53.094,Paulina,self_20260601_204723,clip_001,1,listen,,1.2362,839462.0,raspberry_pi_seeed_gsr,"839462,1.2362"
2026-06-01T20:47:53.115,Paulina,self_20260601_204723,clip_001,1,listen,,1.2345,839483.0,raspberry_pi_seeed_gsr,"839483,1.2345"
2026-06-01T20:47:53.136,Paulina,self_20260601_204723,clip_001,1,listen,,1.2313,839504.0,raspberry_pi_seeed_gsr,"839504,1.2313"
2026-06-01T20:47:53.157,Paulina,self_20260601_204723,clip_001,1,listen,,1.2273,839525.0,raspberry_pi_seeed_gsr,"839525,1.2273"
2026-06-01T20:47:53.178,Paulina,self_20260601_204723,clip_001,1,listen,,1.2249,839546.0,raspberry_pi_seeed_gsr,"839546,1.2249"
2026-06-01T20:47:53.344,Paulina,self_20260601_204723,clip_001,1,listen,,1.2225,839567.0,raspberry_pi_seeed_gsr,"839567,1.2225"
2026-06-01T20:47:53.355,Paulina,self_20260601_204723,clip_001,1,listen,,1.2192,839588.0,raspberry_pi_seeed_gsr,"839588,1.2192"
2026-06-01T20:47:53.360,Paulina,self_20260601_204723,clip_001,1,listen,,1.2225,839609.0,raspberry_pi_seeed_gsr,"839609,1.2225"
2026-06-01T20:47:53.365,Paulina,self_20260601_204723,clip_001,1,listen,,1.2217,839630.0,raspberry_pi_seeed_gsr,"839630,1.2217"
2026-06-01T20:47:53.369,Paulina,self_20260601_204723,clip_001,1,listen,,1.2096,839651.0,raspberry_pi_seeed_gsr,"839651,1.2096"
2026-06-01T20:47:53.372,Paulina,self_20260601_204723,clip_001,1,listen,,1.208,839672.0,raspberry_pi_seeed_gsr,"839672,1.2080"
2026-06-01T20:47:53.377,Paulina,self_20260601_204723,clip_001,1,listen,,1.2039,839693.0,raspberry_pi_seeed_gsr,"839693,1.2039"
2026-06-01T20:47:53.380,Paulina,self_20260601_204723,clip_001,1,listen,,1.2152,839714.0,raspberry_pi_seeed_gsr,"839714,1.2152"
2026-06-01T20:47:53.386,Paulina,self_20260601_204723,clip_001,1,listen,,1.1991,839735.0,raspberry_pi_seeed_gsr,"839735,1.1991"
2026-06-01T20:47:53.389,Paulina,self_20260601_204723,clip_001,1,listen,,1.1975,839756.0,raspberry_pi_seeed_gsr,"839756,1.1975"
2026-06-01T20:47:53.408,Paulina,self_20260601_204723,clip_001,1,listen,,1.1927,839777.0,raspberry_pi_seeed_gsr,"839777,1.1927"
2026-06-01T20:47:53.429,Paulina,self_20260601_204723,clip_001,1,listen,,1.1902,839798.0,raspberry_pi_seeed_gsr,"839798,1.1902"
2026-06-01T20:47:53.673,Paulina,self_20260601_204723,clip_001,1,listen,,1.1935,839819.0,raspberry_pi_seeed_gsr,"839819,1.1935"
2026-06-01T20:47:53.890,Paulina,self_20260601_204723,clip_001,1,listen,,1.1838,839840.0,raspberry_pi_seeed_gsr,"839840,1.1838"
2026-06-01T20:47:53.898,Paulina,self_20260601_204723,clip_001,1,listen,,1.1822,839861.0,raspberry_pi_seeed_gsr,"839861,1.1822"
2026-06-01T20:47:53.902,Paulina,self_20260601_204723,clip_001,1,listen,,1.179,839882.0,raspberry_pi_seeed_gsr,"839882,1.1790"
2026-06-01T20:47:53.910,Paulina,self_20260601_204723,clip_001,1,listen,,1.1757,839903.0,raspberry_pi_seeed_gsr,"839903,1.1757"
2026-06-01T20:47:53.916,Paulina,self_20260601_204723,clip_001,1,listen,,1.1709,839924.0,raspberry_pi_seeed_gsr,"839924,1.1709"
2026-06-01T20:47:53.921,Paulina,self_20260601_204723,clip_001,1,listen,,1.1709,839945.0,raspberry_pi_seeed_gsr,"839945,1.1709"
2026-06-01T20:47:53.925,Paulina,self_20260601_204723,clip_001,1,listen,,1.1677,839966.0,raspberry_pi_seeed_gsr,"839966,1.1677"
2026-06-01T20:47:54.306,Paulina,self_20260601_204723,clip_001,1,listen,,1.1645,839987.0,raspberry_pi_seeed_gsr,"839987,1.1645"
2026-06-01T20:47:54.775,Paulina,self_20260601_204723,clip_001,1,listen,,1.1628,840008.0,raspberry_pi_seeed_gsr,"840008,1.1628"
2026-06-01T20:47:55.188,Paulina,self_20260601_204723,clip_001,1,listen,,1.1604,840029.0,raspberry_pi_seeed_gsr,"840029,1.1604"
2026-06-01T20:47:55.494,Paulina,self_20260601_204723,clip_001,1,listen,,1.1604,840050.0,raspberry_pi_seeed_gsr,"840050,1.1604"
2026-06-01T20:47:55.947,Paulina,self_20260601_204723,clip_001,1,listen,,1.1572,840071.0,raspberry_pi_seeed_gsr,"840071,1.1572"
2026-06-01T20:47:56.239,Paulina,self_20260601_204723,clip_001,1,listen,,1.1572,840092.0,raspberry_pi_seeed_gsr,"840092,1.1572"
2026-06-01T20:47:56.876,Paulina,self_20260601_204723,clip_001,1,listen,,1.1516,840113.0,raspberry_pi_seeed_gsr,"840113,1.1516"
2026-06-01T20:47:57.215,Paulina,self_20260601_204723,clip_001,1,listen,,1.1508,840134.0,raspberry_pi_seeed_gsr,"840134,1.1508"
2026-06-01T20:47:57.386,Paulina,self_20260601_204723,clip_001,1,listen,,1.1516,840155.0,raspberry_pi_seeed_gsr,"840155,1.1516"
2026-06-01T20:47:57.390,Paulina,self_20260601_204723,clip_001,1,listen,,1.1508,840176.0,raspberry_pi_seeed_gsr,"840176,1.1508"
2026-06-01T20:47:57.393,Paulina,self_20260601_204723,clip_001,1,listen,,1.1491,840197.0,raspberry_pi_seeed_gsr,"840197,1.1491"
2026-06-01T20:47:57.397,Paulina,self_20260601_204723,clip_001,1,listen,,1.1483,840218.0,raspberry_pi_seeed_gsr,"840218,1.1483"
2026-06-01T20:47:57.402,Paulina,self_20260601_204723,clip_001,1,listen,,1.1483,840239.0,raspberry_pi_seeed_gsr,"840239,1.1483"
2026-06-01T20:47:57.405,Paulina,self_20260601_204723,clip_001,1,listen,,1.1467,840260.0,raspberry_pi_seeed_gsr,"840260,1.1467"
2026-06-01T20:47:57.410,Paulina,self_20260601_204723,clip_001,1,listen,,1.1459,840281.0,raspberry_pi_seeed_gsr,"840281,1.1459"
2026-06-01T20:47:57.413,Paulina,self_20260601_204723,clip_001,1,listen,,1.1451,840302.0,raspberry_pi_seeed_gsr,"840302,1.1451"
2026-06-01T20:47:57.418,Paulina,self_20260601_204723,clip_001,1,listen,,1.1556,840323.0,raspberry_pi_seeed_gsr,"840323,1.1556"
2026-06-01T20:47:57.425,Paulina,self_20260601_204723,clip_001,1,listen,,1.1475,840344.0,raspberry_pi_seeed_gsr,"840344,1.1475"
2026-06-01T20:47:57.428,Paulina,self_20260601_204723,clip_001,1,listen,,1.154,840365.0,raspberry_pi_seeed_gsr,"840365,1.1540"
2026-06-01T20:47:57.433,Paulina,self_20260601_204723,clip_001,1,listen,,1.1435,840386.0,raspberry_pi_seeed_gsr,"840386,1.1435"
2026-06-01T20:47:57.439,Paulina,self_20260601_204723,clip_001,1,listen,,1.1443,840407.0,raspberry_pi_seeed_gsr,"840407,1.1443"
2026-06-01T20:47:57.442,Paulina,self_20260601_204723,clip_001,1,listen,,1.1258,840428.0,raspberry_pi_seeed_gsr,"840428,1.1258"
2026-06-01T20:47:57.445,Paulina,self_20260601_204723,clip_001,1,listen,,1.1411,840449.0,raspberry_pi_seeed_gsr,"840449,1.1411"
2026-06-01T20:47:57.447,Paulina,self_20260601_204723,clip_001,1,listen,,1.1395,840470.0,raspberry_pi_seeed_gsr,"840470,1.1395"
2026-06-01T20:47:57.453,Paulina,self_20260601_204723,clip_001,1,listen,,1.1411,840491.0,raspberry_pi_seeed_gsr,"840491,1.1411"
2026-06-01T20:47:57.460,Paulina,self_20260601_204723,clip_001,1,listen,,1.1411,840512.0,raspberry_pi_seeed_gsr,"840512,1.1411"
2026-06-01T20:47:57.471,Paulina,self_20260601_204723,clip_001,1,listen,,1.1387,840533.0,raspberry_pi_seeed_gsr,"840533,1.1387"
2026-06-01T20:47:57.709,Paulina,self_20260601_204723,clip_001,1,listen,,1.1387,840554.0,raspberry_pi_seeed_gsr,"840554,1.1387"
2026-06-01T20:47:57.719,Paulina,self_20260601_204723,clip_001,1,listen,,1.1411,840575.0,raspberry_pi_seeed_gsr,"840575,1.1411"
2026-06-01T20:47:57.724,Paulina,self_20260601_204723,clip_001,1,listen,,1.1371,840596.0,raspberry_pi_seeed_gsr,"840596,1.1371"
2026-06-01T20:47:57.901,Paulina,self_20260601_204723,clip_001,1,listen,,1.1379,840617.0,raspberry_pi_seeed_gsr,"840617,1.1379"
2026-06-01T20:47:57.920,Paulina,self_20260601_204723,clip_001,1,listen,,1.1387,840638.0,raspberry_pi_seeed_gsr,"840638,1.1387"
2026-06-01T20:47:57.929,Paulina,self_20260601_204723,clip_001,1,listen,,1.1379,840659.0,raspberry_pi_seeed_gsr,"840659,1.1379"
2026-06-01T20:47:57.955,Paulina,self_20260601_204723,clip_001,1,listen,,1.1371,840680.0,raspberry_pi_seeed_gsr,"840680,1.1371"
2026-06-01T20:47:57.963,Paulina,self_20260601_204723,clip_001,1,listen,,1.1363,840701.0,raspberry_pi_seeed_gsr,"840701,1.1363"
2026-06-01T20:47:57.978,Paulina,self_20260601_204723,clip_001,1,listen,,1.1363,840722.0,raspberry_pi_seeed_gsr,"840722,1.1363"
2026-06-01T20:47:58.192,Paulina,self_20260601_204723,clip_001,1,listen,,1.1379,840743.0,raspberry_pi_seeed_gsr,"840743,1.1379"
2026-06-01T20:47:58.198,Paulina,self_20260601_204723,clip_001,1,listen,,1.133,840764.0,raspberry_pi_seeed_gsr,"840764,1.1330"
2026-06-01T20:47:58.205,Paulina,self_20260601_204723,clip_001,1,listen,,1.1322,840785.0,raspberry_pi_seeed_gsr,"840785,1.1322"
2026-06-01T20:47:58.208,Paulina,self_20260601_204723,clip_001,1,listen,,1.1346,840806.0,raspberry_pi_seeed_gsr,"840806,1.1346"
2026-06-01T20:47:58.212,Paulina,self_20260601_204723,clip_001,1,listen,,1.1346,840827.0,raspberry_pi_seeed_gsr,"840827,1.1346"
2026-06-01T20:47:58.216,Paulina,self_20260601_204723,clip_001,1,listen,,1.1346,840848.0,raspberry_pi_seeed_gsr,"840848,1.1346"
2026-06-01T20:47:58.220,Paulina,self_20260601_204723,clip_001,1,listen,,1.125,840869.0,raspberry_pi_seeed_gsr,"840869,1.1250"
2026-06-01T20:47:58.225,Paulina,self_20260601_204723,clip_001,1,listen,,1.133,840890.0,raspberry_pi_seeed_gsr,"840890,1.1330"
2026-06-01T20:47:58.229,Paulina,self_20260601_204723,clip_001,1,listen,,1.133,840911.0,raspberry_pi_seeed_gsr,"840911,1.1330"
2026-06-01T20:47:58.392,Paulina,self_20260601_204723,clip_001,1,listen,,1.1322,840932.0,raspberry_pi_seeed_gsr,"840932,1.1322"
2026-06-01T20:47:58.396,Paulina,self_20260601_204723,clip_001,1,listen,,1.1322,840953.0,raspberry_pi_seeed_gsr,"840953,1.1322"
2026-06-01T20:47:58.401,Paulina,self_20260601_204723,clip_001,1,listen,,1.1322,840974.0,raspberry_pi_seeed_gsr,"840974,1.1322"
2026-06-01T20:47:58.404,Paulina,self_20260601_204723,clip_001,1,listen,,1.1193,840995.0,raspberry_pi_seeed_gsr,"840995,1.1193"
2026-06-01T20:47:58.409,Paulina,self_20260601_204723,clip_001,1,listen,,1.1298,841016.0,raspberry_pi_seeed_gsr,"841016,1.1298"
2026-06-01T20:47:58.412,Paulina,self_20260601_204723,clip_001,1,listen,,1.1298,841037.0,raspberry_pi_seeed_gsr,"841037,1.1298"
2026-06-01T20:47:58.416,Paulina,self_20260601_204723,clip_001,1,listen,,1.1363,841058.0,raspberry_pi_seeed_gsr,"841058,1.1363"
2026-06-01T20:47:58.424,Paulina,self_20260601_204723,clip_001,1,listen,,1.1427,841079.0,raspberry_pi_seeed_gsr,"841079,1.1427"
2026-06-01T20:47:58.427,Paulina,self_20260601_204723,clip_001,1,listen,,1.129,841100.0,raspberry_pi_seeed_gsr,"841100,1.1290"
2026-06-01T20:47:58.430,Paulina,self_20260601_204723,clip_001,1,listen,,1.1306,841121.0,raspberry_pi_seeed_gsr,"841121,1.1306"
2026-06-01T20:47:58.434,Paulina,self_20260601_204723,clip_001,1,listen,,1.1298,841142.0,raspberry_pi_seeed_gsr,"841142,1.1298"
2026-06-01T20:47:58.438,Paulina,self_20260601_204723,clip_001,1,listen,,1.1419,841163.0,raspberry_pi_seeed_gsr,"841163,1.1419"
2026-06-01T20:47:58.441,Paulina,self_20260601_204723,clip_001,1,listen,,1.1282,841184.0,raspberry_pi_seeed_gsr,"841184,1.1282"
2026-06-01T20:47:58.444,Paulina,self_20260601_204723,clip_001,1,listen,,1.1282,841205.0,raspberry_pi_seeed_gsr,"841205,1.1282"
2026-06-01T20:47:58.449,Paulina,self_20260601_204723,clip_001,1,listen,,1.1266,841226.0,raspberry_pi_seeed_gsr,"841226,1.1266"
2026-06-01T20:47:58.453,Paulina,self_20260601_204723,clip_001,1,listen,,1.129,841247.0,raspberry_pi_seeed_gsr,"841247,1.1290"
2026-06-01T20:47:58.457,Paulina,self_20260601_204723,clip_001,1,listen,,1.1282,841268.0,raspberry_pi_seeed_gsr,"841268,1.1282"
2026-06-01T20:47:58.460,Paulina,self_20260601_204723,clip_001,1,listen,,1.1274,841289.0,raspberry_pi_seeed_gsr,"841289,1.1274"
2026-06-01T20:47:58.463,Paulina,self_20260601_204723,clip_001,1,listen,,1.1282,841310.0,raspberry_pi_seeed_gsr,"841310,1.1282"
2026-06-01T20:47:58.468,Paulina,self_20260601_204723,clip_001,1,listen,,1.129,841331.0,raspberry_pi_seeed_gsr,"841331,1.1290"
2026-06-01T20:47:58.471,Paulina,self_20260601_204723,clip_001,1,listen,,1.129,841352.0,raspberry_pi_seeed_gsr,"841352,1.1290"
2026-06-01T20:47:58.475,Paulina,self_20260601_204723,clip_001,1,listen,,1.1298,841373.0,raspberry_pi_seeed_gsr,"841373,1.1298"
2026-06-01T20:47:58.480,Paulina,self_20260601_204723,clip_001,1,listen,,1.1322,841394.0,raspberry_pi_seeed_gsr,"841394,1.1322"
2026-06-01T20:47:58.630,Paulina,self_20260601_204723,clip_001,1,listen,,1.1306,841415.0,raspberry_pi_seeed_gsr,"841415,1.1306"
2026-06-01T20:47:58.637,Paulina,self_20260601_204723,clip_001,1,listen,,1.1306,841436.0,raspberry_pi_seeed_gsr,"841436,1.1306"
2026-06-01T20:47:58.640,Paulina,self_20260601_204723,clip_001,1,listen,,1.129,841457.0,raspberry_pi_seeed_gsr,"841457,1.1290"
2026-06-01T20:47:58.646,Paulina,self_20260601_204723,clip_001,1,listen,,1.1314,841478.0,raspberry_pi_seeed_gsr,"841478,1.1314"
2026-06-01T20:47:58.652,Paulina,self_20260601_204723,clip_001,1,listen,,1.1322,841499.0,raspberry_pi_seeed_gsr,"841499,1.1322"
2026-06-01T20:47:58.657,Paulina,self_20260601_204723,clip_001,1,listen,,1.1371,841520.0,raspberry_pi_seeed_gsr,"841520,1.1371"
2026-06-01T20:47:58.661,Paulina,self_20260601_204723,clip_001,1,listen,,1.1346,841541.0,raspberry_pi_seeed_gsr,"841541,1.1346"
2026-06-01T20:47:58.665,Paulina,self_20260601_204723,clip_001,1,listen,,1.1346,841562.0,raspberry_pi_seeed_gsr,"841562,1.1346"
2026-06-01T20:47:58.671,Paulina,self_20260601_204723,clip_001,1,listen,,1.1346,841583.0,raspberry_pi_seeed_gsr,"841583,1.1346"
2026-06-01T20:47:58.676,Paulina,self_20260601_204723,clip_001,1,listen,,1.1354,841604.0,raspberry_pi_seeed_gsr,"841604,1.1354"
2026-06-01T20:47:58.680,Paulina,self_20260601_204723,clip_001,1,listen,,1.1193,841625.0,raspberry_pi_seeed_gsr,"841625,1.1193"
2026-06-01T20:47:58.685,Paulina,self_20260601_204723,clip_001,1,listen,,1.1508,841646.0,raspberry_pi_seeed_gsr,"841646,1.1508"
2026-06-01T20:47:58.689,Paulina,self_20260601_204723,clip_001,1,listen,,1.1363,841667.0,raspberry_pi_seeed_gsr,"841667,1.1363"
2026-06-01T20:47:58.695,Paulina,self_20260601_204723,clip_001,1,listen,,1.1363,841688.0,raspberry_pi_seeed_gsr,"841688,1.1363"
2026-06-01T20:47:58.700,Paulina,self_20260601_204723,clip_001,1,listen,,1.1322,841709.0,raspberry_pi_seeed_gsr,"841709,1.1322"
2026-06-01T20:47:58.706,Paulina,self_20260601_204723,clip_001,1,listen,,1.1363,841730.0,raspberry_pi_seeed_gsr,"841730,1.1363"
2026-06-01T20:47:58.714,Paulina,self_20260601_204723,clip_001,1,listen,,1.1371,841751.0,raspberry_pi_seeed_gsr,"841751,1.1371"
2026-06-01T20:47:58.723,Paulina,self_20260601_204723,clip_001,1,listen,,1.1379,841772.0,raspberry_pi_seeed_gsr,"841772,1.1379"
2026-06-01T20:47:58.730,Paulina,self_20260601_204723,clip_001,1,listen,,1.1379,841793.0,raspberry_pi_seeed_gsr,"841793,1.1379"
2026-06-01T20:47:58.740,Paulina,self_20260601_204723,clip_001,1,listen,,1.1459,841814.0,raspberry_pi_seeed_gsr,"841814,1.1459"
2026-06-01T20:47:59.029,Paulina,self_20260601_204723,clip_001,1,listen,,1.1395,841835.0,raspberry_pi_seeed_gsr,"841835,1.1395"
2026-06-01T20:47:59.299,Paulina,self_20260601_204723,clip_001,1,listen,,1.1387,841856.0,raspberry_pi_seeed_gsr,"841856,1.1387"
2026-06-01T20:47:59.542,Paulina,self_20260601_204723,clip_001,1,listen,,1.1403,841877.0,raspberry_pi_seeed_gsr,"841877,1.1403"
2026-06-01T20:47:59.550,Paulina,self_20260601_204723,clip_001,1,listen,,1.1371,841898.0,raspberry_pi_seeed_gsr,"841898,1.1371"
2026-06-01T20:47:59.726,Paulina,self_20260601_204723,clip_001,1,listen,,1.1403,841919.0,raspberry_pi_seeed_gsr,"841919,1.1403"
2026-06-01T20:47:59.731,Paulina,self_20260601_204723,clip_001,1,listen,,1.1411,841940.0,raspberry_pi_seeed_gsr,"841940,1.1411"
2026-06-01T20:47:59.735,Paulina,self_20260601_204723,clip_001,1,listen,,1.1411,841961.0,raspberry_pi_seeed_gsr,"841961,1.1411"
2026-06-01T20:47:59.740,Paulina,self_20260601_204723,clip_001,1,listen,,1.1419,841982.0,raspberry_pi_seeed_gsr,"841982,1.1419"
2026-06-01T20:47:59.746,Paulina,self_20260601_204723,clip_001,1,listen,,1.1395,842003.0,raspberry_pi_seeed_gsr,"842003,1.1395"
2026-06-01T20:47:59.753,Paulina,self_20260601_204723,clip_001,1,listen,,1.1427,842024.0,raspberry_pi_seeed_gsr,"842024,1.1427"
2026-06-01T20:47:59.758,Paulina,self_20260601_204723,clip_001,1,listen,,1.1419,842045.0,raspberry_pi_seeed_gsr,"842045,1.1419"
2026-06-01T20:47:59.765,Paulina,self_20260601_204723,clip_001,1,listen,,1.1419,842066.0,raspberry_pi_seeed_gsr,"842066,1.1419"
2026-06-01T20:47:59.775,Paulina,self_20260601_204723,clip_001,1,listen,,1.1491,842087.0,raspberry_pi_seeed_gsr,"842087,1.1491"
2026-06-01T20:47:59.780,Paulina,self_20260601_204723,clip_001,1,listen,,1.1443,842108.0,raspberry_pi_seeed_gsr,"842108,1.1443"
2026-06-01T20:47:59.785,Paulina,self_20260601_204723,clip_001,1,listen,,1.1491,842129.0,raspberry_pi_seeed_gsr,"842129,1.1491"
2026-06-01T20:47:59.792,Paulina,self_20260601_204723,clip_001,1,listen,,1.1435,842150.0,raspberry_pi_seeed_gsr,"842150,1.1435"
2026-06-01T20:47:59.797,Paulina,self_20260601_204723,clip_001,1,listen,,1.1443,842171.0,raspberry_pi_seeed_gsr,"842171,1.1443"
2026-06-01T20:47:59.802,Paulina,self_20260601_204723,clip_001,1,listen,,1.1475,842192.0,raspberry_pi_seeed_gsr,"842192,1.1475"
2026-06-01T20:47:59.994,Paulina,self_20260601_204723,clip_001,1,listen,,1.1451,842213.0,raspberry_pi_seeed_gsr,"842213,1.1451"
2026-06-01T20:48:00.003,Paulina,self_20260601_204723,clip_001,1,listen,,1.1443,842234.0,raspberry_pi_seeed_gsr,"842234,1.1443"
2026-06-01T20:48:00.007,Paulina,self_20260601_204723,clip_001,1,listen,,1.1419,842255.0,raspberry_pi_seeed_gsr,"842255,1.1419"
2026-06-01T20:48:00.014,Paulina,self_20260601_204723,clip_001,1,listen,,1.1467,842276.0,raspberry_pi_seeed_gsr,"842276,1.1467"
2026-06-01T20:48:00.023,Paulina,self_20260601_204723,clip_001,1,listen,,1.1459,842297.0,raspberry_pi_seeed_gsr,"842297,1.1459"
2026-06-01T20:48:00.033,Paulina,self_20260601_204723,clip_001,1,listen,,1.1459,842318.0,raspberry_pi_seeed_gsr,"842318,1.1459"
2026-06-01T20:48:00.046,Paulina,self_20260601_204723,clip_001,1,listen,,1.1459,842339.0,raspberry_pi_seeed_gsr,"842339,1.1459"
2026-06-01T20:48:00.058,Paulina,self_20260601_204723,clip_001,1,listen,,1.1459,842360.0,raspberry_pi_seeed_gsr,"842360,1.1459"
2026-06-01T20:48:00.328,Paulina,self_20260601_204723,clip_001,1,listen,,1.1451,842381.0,raspberry_pi_seeed_gsr,"842381,1.1451"
2026-06-01T20:48:00.518,Paulina,self_20260601_204723,clip_001,1,listen,,1.1395,842402.0,raspberry_pi_seeed_gsr,"842402,1.1395"
2026-06-01T20:48:00.522,Paulina,self_20260601_204723,clip_001,1,listen,,1.1451,842423.0,raspberry_pi_seeed_gsr,"842423,1.1451"
2026-06-01T20:48:00.526,Paulina,self_20260601_204723,clip_001,1,listen,,1.1467,842444.0,raspberry_pi_seeed_gsr,"842444,1.1467"
2026-06-01T20:48:00.530,Paulina,self_20260601_204723,clip_001,1,listen,,1.1435,842465.0,raspberry_pi_seeed_gsr,"842465,1.1435"
2026-06-01T20:48:00.537,Paulina,self_20260601_204723,clip_001,1,listen,,1.1491,842486.0,raspberry_pi_seeed_gsr,"842486,1.1491"
2026-06-01T20:48:00.542,Paulina,self_20260601_204723,clip_001,1,listen,,1.1443,842507.0,raspberry_pi_seeed_gsr,"842507,1.1443"
2026-06-01T20:48:00.546,Paulina,self_20260601_204723,clip_001,1,listen,,1.1419,842528.0,raspberry_pi_seeed_gsr,"842528,1.1419"
2026-06-01T20:48:00.551,Paulina,self_20260601_204723,clip_001,1,listen,,1.1266,842549.0,raspberry_pi_seeed_gsr,"842549,1.1266"
2026-06-01T20:48:00.555,Paulina,self_20260601_204723,clip_001,1,listen,,1.1427,842570.0,raspberry_pi_seeed_gsr,"842570,1.1427"
2026-06-01T20:48:00.559,Paulina,self_20260601_204723,clip_001,1,listen,,1.1419,842591.0,raspberry_pi_seeed_gsr,"842591,1.1419"
2026-06-01T20:48:00.562,Paulina,self_20260601_204723,clip_001,1,listen,,1.1363,842612.0,raspberry_pi_seeed_gsr,"842612,1.1363"
2026-06-01T20:48:00.566,Paulina,self_20260601_204723,clip_001,1,listen,,1.1371,842633.0,raspberry_pi_seeed_gsr,"842633,1.1371"
2026-06-01T20:48:00.569,Paulina,self_20260601_204723,clip_001,1,listen,,1.1387,842654.0,raspberry_pi_seeed_gsr,"842654,1.1387"
2026-06-01T20:48:00.572,Paulina,self_20260601_204723,clip_001,1,listen,,1.1419,842675.0,raspberry_pi_seeed_gsr,"842675,1.1419"
2026-06-01T20:48:00.576,Paulina,self_20260601_204723,clip_001,1,listen,,1.1371,842696.0,raspberry_pi_seeed_gsr,"842696,1.1371"
2026-06-01T20:48:00.586,Paulina,self_20260601_204723,clip_001,1,listen,,1.1363,842717.0,raspberry_pi_seeed_gsr,"842717,1.1363"
2026-06-01T20:48:00.753,Paulina,self_20260601_204723,clip_001,1,listen,,1.1395,842738.0,raspberry_pi_seeed_gsr,"842738,1.1395"
2026-06-01T20:48:00.759,Paulina,self_20260601_204723,clip_001,1,listen,,1.1354,842759.0,raspberry_pi_seeed_gsr,"842759,1.1354"
2026-06-01T20:48:00.763,Paulina,self_20260601_204723,clip_001,1,listen,,1.133,842780.0,raspberry_pi_seeed_gsr,"842780,1.1330"
2026-06-01T20:48:00.768,Paulina,self_20260601_204723,clip_001,1,listen,,1.1435,842801.0,raspberry_pi_seeed_gsr,"842801,1.1435"
2026-06-01T20:48:00.774,Paulina,self_20260601_204723,clip_001,1,listen,,1.1306,842822.0,raspberry_pi_seeed_gsr,"842822,1.1306"
2026-06-01T20:48:00.778,Paulina,self_20260601_204723,clip_001,1,listen,,1.129,842843.0,raspberry_pi_seeed_gsr,"842843,1.1290"
2026-06-01T20:48:00.782,Paulina,self_20260601_204723,clip_001,1,listen,,1.125,842864.0,raspberry_pi_seeed_gsr,"842864,1.1250"
2026-06-01T20:48:00.787,Paulina,self_20260601_204723,clip_001,1,listen,,1.1282,842885.0,raspberry_pi_seeed_gsr,"842885,1.1282"
2026-06-01T20:48:00.793,Paulina,self_20260601_204723,clip_001,1,listen,,1.125,842906.0,raspberry_pi_seeed_gsr,"842906,1.1250"
2026-06-01T20:48:00.797,Paulina,self_20260601_204723,clip_001,1,listen,,1.1242,842927.0,raspberry_pi_seeed_gsr,"842927,1.1242"
2026-06-01T20:48:00.802,Paulina,self_20260601_204723,clip_001,1,listen,,1.1169,842948.0,raspberry_pi_seeed_gsr,"842948,1.1169"
2026-06-01T20:48:00.805,Paulina,self_20260601_204723,clip_001,1,listen,,1.1201,842969.0,raspberry_pi_seeed_gsr,"842969,1.1201"
2026-06-01T20:48:00.810,Paulina,self_20260601_204723,clip_001,1,listen,,1.1169,842990.0,raspberry_pi_seeed_gsr,"842990,1.1169"
2026-06-01T20:48:00.813,Paulina,self_20260601_204723,clip_001,1,listen,,1.1169,843011.0,raspberry_pi_seeed_gsr,"843011,1.1169"
2026-06-01T20:48:00.821,Paulina,self_20260601_204723,clip_001,1,listen,,1.1169,843032.0,raspberry_pi_seeed_gsr,"843032,1.1169"
2026-06-01T20:48:00.825,Paulina,self_20260601_204723,clip_001,1,listen,,1.1161,843053.0,raspberry_pi_seeed_gsr,"843053,1.1161"
2026-06-01T20:48:00.830,Paulina,self_20260601_204723,clip_001,1,listen,,1.1145,843074.0,raspberry_pi_seeed_gsr,"843074,1.1145"
2026-06-01T20:48:00.835,Paulina,self_20260601_204723,clip_001,1,listen,,1.1137,843095.0,raspberry_pi_seeed_gsr,"843095,1.1137"
2026-06-01T20:48:00.992,Paulina,self_20260601_204723,clip_001,1,listen,,1.1121,843116.0,raspberry_pi_seeed_gsr,"843116,1.1121"
2026-06-01T20:48:00.998,Paulina,self_20260601_204723,clip_001,1,listen,,1.1121,843137.0,raspberry_pi_seeed_gsr,"843137,1.1121"
2026-06-01T20:48:01.004,Paulina,self_20260601_204723,clip_001,1,listen,,1.1105,843158.0,raspberry_pi_seeed_gsr,"843158,1.1105"
2026-06-01T20:48:01.009,Paulina,self_20260601_204723,clip_001,1,listen,,1.1105,843179.0,raspberry_pi_seeed_gsr,"843179,1.1105"
2026-06-01T20:48:01.013,Paulina,self_20260601_204723,clip_001,1,listen,,1.1089,843200.0,raspberry_pi_seeed_gsr,"843200,1.1089"
2026-06-01T20:48:01.018,Paulina,self_20260601_204723,clip_001,1,listen,,1.1089,843221.0,raspberry_pi_seeed_gsr,"843221,1.1089"
2026-06-01T20:48:01.022,Paulina,self_20260601_204723,clip_001,1,listen,,1.1073,843242.0,raspberry_pi_seeed_gsr,"843242,1.1073"
2026-06-01T20:48:01.026,Paulina,self_20260601_204723,clip_001,1,listen,,1.1064,843263.0,raspberry_pi_seeed_gsr,"843263,1.1064"
2026-06-01T20:48:01.030,Paulina,self_20260601_204723,clip_001,1,listen,,1.1064,843284.0,raspberry_pi_seeed_gsr,"843284,1.1064"
2026-06-01T20:48:01.033,Paulina,self_20260601_204723,clip_001,1,listen,,1.1048,843305.0,raspberry_pi_seeed_gsr,"843305,1.1048"
2026-06-01T20:48:01.040,Paulina,self_20260601_204723,clip_001,1,listen,,1.1048,843326.0,raspberry_pi_seeed_gsr,"843326,1.1048"
2026-06-01T20:48:01.044,Paulina,self_20260601_204723,clip_001,1,listen,,1.104,843347.0,raspberry_pi_seeed_gsr,"843347,1.1040"
2026-06-01T20:48:01.052,Paulina,self_20260601_204723,clip_001,1,listen,,1.1032,843368.0,raspberry_pi_seeed_gsr,"843368,1.1032"
2026-06-01T20:48:01.056,Paulina,self_20260601_204723,clip_001,1,listen,,1.1032,843389.0,raspberry_pi_seeed_gsr,"843389,1.1032"
2026-06-01T20:48:01.061,Paulina,self_20260601_204723,clip_001,1,listen,,1.1,843410.0,raspberry_pi_seeed_gsr,"843410,1.1000"
2026-06-01T20:48:01.065,Paulina,self_20260601_204723,clip_001,1,listen,,1.1,843430.0,raspberry_pi_seeed_gsr,"843430,1.1000"
2026-06-01T20:48:01.071,Paulina,self_20260601_204723,clip_001,1,listen,,1.1,843450.0,raspberry_pi_seeed_gsr,"843450,1.1000"
2026-06-01T20:48:01.076,Paulina,self_20260601_204723,clip_001,1,listen,,1.0871,843470.0,raspberry_pi_seeed_gsr,"843470,1.0871"
2026-06-01T20:48:01.079,Paulina,self_20260601_204723,clip_001,1,listen,,1.0952,843491.0,raspberry_pi_seeed_gsr,"843491,1.0952"
2026-06-01T20:48:01.084,Paulina,self_20260601_204723,clip_001,1,listen,,1.0968,843512.0,raspberry_pi_seeed_gsr,"843512,1.0968"
2026-06-01T20:48:01.087,Paulina,self_20260601_204723,clip_001,1,listen,,1.0992,843533.0,raspberry_pi_seeed_gsr,"843533,1.0992"
2026-06-01T20:48:01.280,Paulina,self_20260601_204723,clip_001,1,listen,,1.096,843554.0,raspberry_pi_seeed_gsr,"843554,1.0960"
2026-06-01T20:48:01.285,Paulina,self_20260601_204723,clip_001,1,listen,,1.096,843575.0,raspberry_pi_seeed_gsr,"843575,1.0960"
2026-06-01T20:48:01.290,Paulina,self_20260601_204723,clip_001,1,listen,,1.0976,843596.0,raspberry_pi_seeed_gsr,"843596,1.0976"
2026-06-01T20:48:01.295,Paulina,self_20260601_204723,clip_001,1,listen,,1.0944,843617.0,raspberry_pi_seeed_gsr,"843617,1.0944"
2026-06-01T20:48:01.302,Paulina,self_20260601_204723,clip_001,1,listen,,1.0879,843638.0,raspberry_pi_seeed_gsr,"843638,1.0879"
2026-06-01T20:48:01.307,Paulina,self_20260601_204723,clip_001,1,listen,,1.0863,843659.0,raspberry_pi_seeed_gsr,"843659,1.0863"
2026-06-01T20:48:01.312,Paulina,self_20260601_204723,clip_001,1,listen,,1.0936,843680.0,raspberry_pi_seeed_gsr,"843680,1.0936"
2026-06-01T20:48:01.316,Paulina,self_20260601_204723,clip_001,1,listen,,1.0936,843701.0,raspberry_pi_seeed_gsr,"843701,1.0936"
2026-06-01T20:48:01.321,Paulina,self_20260601_204723,clip_001,1,listen,,1.0919,843722.0,raspberry_pi_seeed_gsr,"843722,1.0919"
2026-06-01T20:48:01.327,Paulina,self_20260601_204723,clip_001,1,listen,,1.0968,843743.0,raspberry_pi_seeed_gsr,"843743,1.0968"
2026-06-01T20:48:01.334,Paulina,self_20260601_204723,clip_001,1,listen,,1.0911,843764.0,raspberry_pi_seeed_gsr,"843764,1.0911"
2026-06-01T20:48:01.338,Paulina,self_20260601_204723,clip_001,1,listen,,1.0936,843785.0,raspberry_pi_seeed_gsr,"843785,1.0936"
2026-06-01T20:48:01.497,Paulina,self_20260601_204723,clip_001,1,listen,,1.0903,843806.0,raspberry_pi_seeed_gsr,"843806,1.0903"
2026-06-01T20:48:01.504,Paulina,self_20260601_204723,clip_001,1,listen,,1.0887,843827.0,raspberry_pi_seeed_gsr,"843827,1.0887"
2026-06-01T20:48:01.507,Paulina,self_20260601_204723,clip_001,1,listen,,1.0887,843848.0,raspberry_pi_seeed_gsr,"843848,1.0887"
2026-06-01T20:48:01.510,Paulina,self_20260601_204723,clip_001,1,listen,,1.0879,843869.0,raspberry_pi_seeed_gsr,"843869,1.0879"
2026-06-01T20:48:01.515,Paulina,self_20260601_204723,clip_001,1,listen,,1.0879,843890.0,raspberry_pi_seeed_gsr,"843890,1.0879"
2026-06-01T20:48:01.521,Paulina,self_20260601_204723,clip_001,1,listen,,1.0855,843911.0,raspberry_pi_seeed_gsr,"843911,1.0855"
2026-06-01T20:48:01.526,Paulina,self_20260601_204723,clip_001,1,listen,,1.0879,843932.0,raspberry_pi_seeed_gsr,"843932,1.0879"
2026-06-01T20:48:01.530,Paulina,self_20260601_204723,clip_001,1,listen,,1.0799,843953.0,raspberry_pi_seeed_gsr,"843953,1.0799"
2026-06-01T20:48:01.536,Paulina,self_20260601_204723,clip_001,1,listen,,1.0847,843974.0,raspberry_pi_seeed_gsr,"843974,1.0847"
2026-06-01T20:48:01.540,Paulina,self_20260601_204723,clip_001,1,listen,,1.0863,843995.0,raspberry_pi_seeed_gsr,"843995,1.0863"
2026-06-01T20:48:01.545,Paulina,self_20260601_204723,clip_001,1,listen,,1.0839,844016.0,raspberry_pi_seeed_gsr,"844016,1.0839"
2026-06-01T20:48:01.549,Paulina,self_20260601_204723,clip_001,1,listen,,1.0831,844037.0,raspberry_pi_seeed_gsr,"844037,1.0831"
2026-06-01T20:48:01.553,Paulina,self_20260601_204723,clip_001,1,listen,,1.0855,844058.0,raspberry_pi_seeed_gsr,"844058,1.0855"
2026-06-01T20:48:01.559,Paulina,self_20260601_204723,clip_001,1,listen,,1.0807,844079.0,raspberry_pi_seeed_gsr,"844079,1.0807"
2026-06-01T20:48:01.564,Paulina,self_20260601_204723,clip_001,1,listen,,1.0807,844100.0,raspberry_pi_seeed_gsr,"844100,1.0807"
2026-06-01T20:48:01.570,Paulina,self_20260601_204723,clip_001,1,listen,,1.0791,844121.0,raspberry_pi_seeed_gsr,"844121,1.0791"
2026-06-01T20:48:01.574,Paulina,self_20260601_204723,clip_001,1,listen,,1.0791,844142.0,raspberry_pi_seeed_gsr,"844142,1.0791"
2026-06-01T20:48:01.578,Paulina,self_20260601_204723,clip_001,1,listen,,1.0774,844163.0,raspberry_pi_seeed_gsr,"844163,1.0774"
2026-06-01T20:48:01.585,Paulina,self_20260601_204723,clip_001,1,listen,,1.0742,844184.0,raspberry_pi_seeed_gsr,"844184,1.0742"
2026-06-01T20:48:01.594,Paulina,self_20260601_204723,clip_001,1,listen,,1.0766,844205.0,raspberry_pi_seeed_gsr,"844205,1.0766"
2026-06-01T20:48:01.804,Paulina,self_20260601_204723,clip_001,1,listen,,1.0807,844226.0,raspberry_pi_seeed_gsr,"844226,1.0807"
2026-06-01T20:48:01.810,Paulina,self_20260601_204723,clip_001,1,listen,,1.0742,844247.0,raspberry_pi_seeed_gsr,"844247,1.0742"
2026-06-01T20:48:01.816,Paulina,self_20260601_204723,clip_001,1,listen,,1.0742,844268.0,raspberry_pi_seeed_gsr,"844268,1.0742"
2026-06-01T20:48:01.822,Paulina,self_20260601_204723,clip_001,1,listen,,1.0726,844289.0,raspberry_pi_seeed_gsr,"844289,1.0726"
2026-06-01T20:48:01.826,Paulina,self_20260601_204723,clip_001,1,listen,,1.0581,844310.0,raspberry_pi_seeed_gsr,"844310,1.0581"
2026-06-01T20:48:01.830,Paulina,self_20260601_204723,clip_001,1,listen,,1.0718,844331.0,raspberry_pi_seeed_gsr,"844331,1.0718"
2026-06-01T20:48:01.837,Paulina,self_20260601_204723,clip_001,1,listen,,1.071,844352.0,raspberry_pi_seeed_gsr,"844352,1.0710"
2026-06-01T20:48:01.842,Paulina,self_20260601_204723,clip_001,1,listen,,1.0686,844373.0,raspberry_pi_seeed_gsr,"844373,1.0686"
2026-06-01T20:48:01.846,Paulina,self_20260601_204723,clip_001,1,listen,,1.0541,844394.0,raspberry_pi_seeed_gsr,"844394,1.0541"
2026-06-01T20:48:02.038,Paulina,self_20260601_204723,clip_001,1,listen,,1.067,844415.0,raspberry_pi_seeed_gsr,"844415,1.0670"
2026-06-01T20:48:02.050,Paulina,self_20260601_204723,clip_001,1,listen,,1.0613,844436.0,raspberry_pi_seeed_gsr,"844436,1.0613"
2026-06-01T20:48:02.054,Paulina,self_20260601_204723,clip_001,1,listen,,1.0662,844457.0,raspberry_pi_seeed_gsr,"844457,1.0662"
2026-06-01T20:48:02.057,Paulina,self_20260601_204723,clip_001,1,listen,,1.0605,844478.0,raspberry_pi_seeed_gsr,"844478,1.0605"
2026-06-01T20:48:02.062,Paulina,self_20260601_204723,clip_001,1,listen,,1.0646,844499.0,raspberry_pi_seeed_gsr,"844499,1.0646"
2026-06-01T20:48:02.072,Paulina,self_20260601_204723,clip_001,1,listen,,1.0662,844520.0,raspberry_pi_seeed_gsr,"844520,1.0662"
2026-06-01T20:48:02.077,Paulina,self_20260601_204723,clip_001,1,listen,,1.0597,844541.0,raspberry_pi_seeed_gsr,"844541,1.0597"
2026-06-01T20:48:02.087,Paulina,self_20260601_204723,clip_001,1,listen,,1.0605,844562.0,raspberry_pi_seeed_gsr,"844562,1.0605"
2026-06-01T20:48:02.094,Paulina,self_20260601_204723,clip_001,1,listen,,1.0613,844583.0,raspberry_pi_seeed_gsr,"844583,1.0613"
2026-06-01T20:48:02.103,Paulina,self_20260601_204723,clip_001,1,listen,,1.0589,844604.0,raspberry_pi_seeed_gsr,"844604,1.0589"
2026-06-01T20:48:02.303,Paulina,self_20260601_204723,clip_001,1,listen,,1.0589,844625.0,raspberry_pi_seeed_gsr,"844625,1.0589"
2026-06-01T20:48:02.310,Paulina,self_20260601_204723,clip_001,1,listen,,1.0589,844646.0,raspberry_pi_seeed_gsr,"844646,1.0589"
2026-06-01T20:48:02.317,Paulina,self_20260601_204723,clip_001,1,listen,,1.0581,844667.0,raspberry_pi_seeed_gsr,"844667,1.0581"
2026-06-01T20:48:02.324,Paulina,self_20260601_204723,clip_001,1,listen,,1.0581,844688.0,raspberry_pi_seeed_gsr,"844688,1.0581"
2026-06-01T20:48:02.334,Paulina,self_20260601_204723,clip_001,1,listen,,1.0565,844709.0,raspberry_pi_seeed_gsr,"844709,1.0565"
2026-06-01T20:48:02.344,Paulina,self_20260601_204723,clip_001,1,listen,,1.046,844730.0,raspberry_pi_seeed_gsr,"844730,1.0460"
2026-06-01T20:48:02.350,Paulina,self_20260601_204723,clip_001,1,listen,,1.0541,844751.0,raspberry_pi_seeed_gsr,"844751,1.0541"
2026-06-01T20:48:02.357,Paulina,self_20260601_204723,clip_001,1,listen,,1.0549,844772.0,raspberry_pi_seeed_gsr,"844772,1.0549"
2026-06-01T20:48:02.542,Paulina,self_20260601_204723,clip_001,1,listen,,1.0597,844793.0,raspberry_pi_seeed_gsr,"844793,1.0597"
2026-06-01T20:48:02.548,Paulina,self_20260601_204723,clip_001,1,listen,,1.05,844814.0,raspberry_pi_seeed_gsr,"844814,1.0500"
2026-06-01T20:48:02.552,Paulina,self_20260601_204723,clip_001,1,listen,,1.0541,844835.0,raspberry_pi_seeed_gsr,"844835,1.0541"
2026-06-01T20:48:02.556,Paulina,self_20260601_204723,clip_001,1,listen,,1.0533,844856.0,raspberry_pi_seeed_gsr,"844856,1.0533"
2026-06-01T20:48:02.561,Paulina,self_20260601_204723,clip_001,1,listen,,1.0557,844877.0,raspberry_pi_seeed_gsr,"844877,1.0557"
2026-06-01T20:48:02.570,Paulina,self_20260601_204723,clip_001,1,listen,,1.0525,844898.0,raspberry_pi_seeed_gsr,"844898,1.0525"
2026-06-01T20:48:02.576,Paulina,self_20260601_204723,clip_001,1,listen,,1.0533,844919.0,raspberry_pi_seeed_gsr,"844919,1.0533"
2026-06-01T20:48:02.580,Paulina,self_20260601_204723,clip_001,1,listen,,1.0533,844940.0,raspberry_pi_seeed_gsr,"844940,1.0533"
2026-06-01T20:48:02.587,Paulina,self_20260601_204723,clip_001,1,listen,,1.0525,844961.0,raspberry_pi_seeed_gsr,"844961,1.0525"
2026-06-01T20:48:02.593,Paulina,self_20260601_204723,clip_001,1,listen,,1.0396,844982.0,raspberry_pi_seeed_gsr,"844982,1.0396"
2026-06-01T20:48:02.602,Paulina,self_20260601_204723,clip_001,1,listen,,1.0533,845003.0,raspberry_pi_seeed_gsr,"845003,1.0533"
2026-06-01T20:48:02.607,Paulina,self_20260601_204723,clip_001,1,listen,,1.0541,845024.0,raspberry_pi_seeed_gsr,"845024,1.0541"
2026-06-01T20:48:02.794,Paulina,self_20260601_204723,clip_001,1,listen,,1.0509,845045.0,raspberry_pi_seeed_gsr,"845045,1.0509"
2026-06-01T20:48:02.798,Paulina,self_20260601_204723,clip_001,1,listen,,1.0525,845066.0,raspberry_pi_seeed_gsr,"845066,1.0525"
2026-06-01T20:48:02.806,Paulina,self_20260601_204723,clip_001,1,listen,,1.046,845087.0,raspberry_pi_seeed_gsr,"845087,1.0460"
2026-06-01T20:48:02.813,Paulina,self_20260601_204723,clip_001,1,listen,,1.0509,845108.0,raspberry_pi_seeed_gsr,"845108,1.0509"
2026-06-01T20:48:02.821,Paulina,self_20260601_204723,clip_001,1,listen,,1.0509,845129.0,raspberry_pi_seeed_gsr,"845129,1.0509"
2026-06-01T20:48:02.826,Paulina,self_20260601_204723,clip_001,1,listen,,1.0436,845150.0,raspberry_pi_seeed_gsr,"845150,1.0436"
2026-06-01T20:48:02.829,Paulina,self_20260601_204723,clip_001,1,listen,,1.0517,845171.0,raspberry_pi_seeed_gsr,"845171,1.0517"
2026-06-01T20:48:02.837,Paulina,self_20260601_204723,clip_001,1,listen,,1.0525,845192.0,raspberry_pi_seeed_gsr,"845192,1.0525"
2026-06-01T20:48:02.845,Paulina,self_20260601_204723,clip_001,1,listen,,1.0517,845213.0,raspberry_pi_seeed_gsr,"845213,1.0517"
2026-06-01T20:48:02.852,Paulina,self_20260601_204723,clip_001,1,listen,,1.05,845234.0,raspberry_pi_seeed_gsr,"845234,1.0500"
2026-06-01T20:48:02.859,Paulina,self_20260601_204723,clip_001,1,listen,,1.0452,845255.0,raspberry_pi_seeed_gsr,"845255,1.0452"
2026-06-01T20:48:03.029,Paulina,self_20260601_204723,clip_001,1,listen,,1.0476,845276.0,raspberry_pi_seeed_gsr,"845276,1.0476"
2026-06-01T20:48:03.035,Paulina,self_20260601_204723,clip_001,1,listen,,1.0517,845297.0,raspberry_pi_seeed_gsr,"845297,1.0517"
2026-06-01T20:48:03.039,Paulina,self_20260601_204723,clip_001,1,listen,,1.0517,845318.0,raspberry_pi_seeed_gsr,"845318,1.0517"
2026-06-01T20:48:03.046,Paulina,self_20260601_204723,clip_001,1,listen,,1.0509,845339.0,raspberry_pi_seeed_gsr,"845339,1.0509"
2026-06-01T20:48:03.051,Paulina,self_20260601_204723,clip_001,1,listen,,1.0509,845360.0,raspberry_pi_seeed_gsr,"845360,1.0509"
2026-06-01T20:48:03.056,Paulina,self_20260601_204723,clip_001,1,listen,,1.0517,845381.0,raspberry_pi_seeed_gsr,"845381,1.0517"
2026-06-01T20:48:03.060,Paulina,self_20260601_204723,clip_001,1,listen,,1.0517,845402.0,raspberry_pi_seeed_gsr,"845402,1.0517"
2026-06-01T20:48:03.064,Paulina,self_20260601_204723,clip_001,1,listen,,1.0517,845423.0,raspberry_pi_seeed_gsr,"845423,1.0517"
2026-06-01T20:48:03.072,Paulina,self_20260601_204723,clip_001,1,listen,,1.0517,845444.0,raspberry_pi_seeed_gsr,"845444,1.0517"
2026-06-01T20:48:03.076,Paulina,self_20260601_204723,clip_001,1,listen,,1.0517,845465.0,raspberry_pi_seeed_gsr,"845465,1.0517"
2026-06-01T20:48:03.080,Paulina,self_20260601_204723,clip_001,1,listen,,1.0517,845486.0,raspberry_pi_seeed_gsr,"845486,1.0517"
2026-06-01T20:48:03.087,Paulina,self_20260601_204723,clip_001,1,listen,,1.0533,845507.0,raspberry_pi_seeed_gsr,"845507,1.0533"
2026-06-01T20:48:03.090,Paulina,self_20260601_204723,clip_001,1,listen,,1.0525,845528.0,raspberry_pi_seeed_gsr,"845528,1.0525"
2026-06-01T20:48:03.096,Paulina,self_20260601_204723,clip_001,1,listen,,1.0525,845549.0,raspberry_pi_seeed_gsr,"845549,1.0525"
2026-06-01T20:48:03.102,Paulina,self_20260601_204723,clip_001,1,listen,,1.0525,845570.0,raspberry_pi_seeed_gsr,"845570,1.0525"
2026-06-01T20:48:03.106,Paulina,self_20260601_204723,clip_001,1,listen,,1.0541,845591.0,raspberry_pi_seeed_gsr,"845591,1.0541"
2026-06-01T20:48:03.109,Paulina,self_20260601_204723,clip_001,1,listen,,1.0533,845612.0,raspberry_pi_seeed_gsr,"845612,1.0533"
2026-06-01T20:48:03.318,Paulina,self_20260601_204723,clip_001,1,listen,,1.0541,845633.0,raspberry_pi_seeed_gsr,"845633,1.0541"
2026-06-01T20:48:03.324,Paulina,self_20260601_204723,clip_001,1,listen,,1.0541,845654.0,raspberry_pi_seeed_gsr,"845654,1.0541"
2026-06-01T20:48:03.328,Paulina,self_20260601_204723,clip_001,1,listen,,1.0541,845675.0,raspberry_pi_seeed_gsr,"845675,1.0541"
2026-06-01T20:48:03.334,Paulina,self_20260601_204723,clip_001,1,listen,,1.0549,845696.0,raspberry_pi_seeed_gsr,"845696,1.0549"
2026-06-01T20:48:03.339,Paulina,self_20260601_204723,clip_001,1,listen,,1.0557,845717.0,raspberry_pi_seeed_gsr,"845717,1.0557"
2026-06-01T20:48:03.343,Paulina,self_20260601_204723,clip_001,1,listen,,1.0549,845738.0,raspberry_pi_seeed_gsr,"845738,1.0549"
2026-06-01T20:48:03.349,Paulina,self_20260601_204723,clip_001,1,listen,,1.0557,845759.0,raspberry_pi_seeed_gsr,"845759,1.0557"
2026-06-01T20:48:03.354,Paulina,self_20260601_204723,clip_001,1,listen,,1.0589,845780.0,raspberry_pi_seeed_gsr,"845780,1.0589"
2026-06-01T20:48:03.360,Paulina,self_20260601_204723,clip_001,1,listen,,1.0782,845801.0,raspberry_pi_seeed_gsr,"845801,1.0782"
2026-06-01T20:48:03.366,Paulina,self_20260601_204723,clip_001,1,listen,,1.0589,845822.0,raspberry_pi_seeed_gsr,"845822,1.0589"
2026-06-01T20:48:03.558,Paulina,self_20260601_204723,clip_001,1,listen,,1.0533,845843.0,raspberry_pi_seeed_gsr,"845843,1.0533"
2026-06-01T20:48:03.567,Paulina,self_20260601_204723,clip_001,1,listen,,1.0637,845864.0,raspberry_pi_seeed_gsr,"845864,1.0637"
2026-06-01T20:48:03.574,Paulina,self_20260601_204723,clip_001,1,listen,,1.0573,845885.0,raspberry_pi_seeed_gsr,"845885,1.0573"
2026-06-01T20:48:03.581,Paulina,self_20260601_204723,clip_001,1,listen,,1.0581,845906.0,raspberry_pi_seeed_gsr,"845906,1.0581"
2026-06-01T20:48:03.587,Paulina,self_20260601_204723,clip_001,1,listen,,1.0589,845927.0,raspberry_pi_seeed_gsr,"845927,1.0589"
2026-06-01T20:48:03.592,Paulina,self_20260601_204723,clip_001,1,listen,,1.0581,845948.0,raspberry_pi_seeed_gsr,"845948,1.0581"
2026-06-01T20:48:03.598,Paulina,self_20260601_204723,clip_001,1,listen,,1.0589,845969.0,raspberry_pi_seeed_gsr,"845969,1.0589"
2026-06-01T20:48:03.603,Paulina,self_20260601_204723,clip_001,1,listen,,1.0605,845990.0,raspberry_pi_seeed_gsr,"845990,1.0605"
2026-06-01T20:48:03.608,Paulina,self_20260601_204723,clip_001,1,listen,,1.0605,846011.0,raspberry_pi_seeed_gsr,"846011,1.0605"
2026-06-01T20:48:03.614,Paulina,self_20260601_204723,clip_001,1,listen,,1.0589,846032.0,raspberry_pi_seeed_gsr,"846032,1.0589"
2026-06-01T20:48:03.622,Paulina,self_20260601_204723,clip_001,1,listen,,1.0597,846053.0,raspberry_pi_seeed_gsr,"846053,1.0597"
2026-06-01T20:48:03.813,Paulina,self_20260601_204723,clip_001,1,listen,,1.0686,846074.0,raspberry_pi_seeed_gsr,"846074,1.0686"
2026-06-01T20:48:03.820,Paulina,self_20260601_204723,clip_001,1,listen,,1.0565,846095.0,raspberry_pi_seeed_gsr,"846095,1.0565"
2026-06-01T20:48:03.824,Paulina,self_20260601_204723,clip_001,1,listen,,1.0605,846116.0,raspberry_pi_seeed_gsr,"846116,1.0605"
2026-06-01T20:48:03.830,Paulina,self_20260601_204723,clip_001,1,listen,,1.0597,846137.0,raspberry_pi_seeed_gsr,"846137,1.0597"
2026-06-01T20:48:03.836,Paulina,self_20260601_204723,clip_001,1,listen,,1.0621,846158.0,raspberry_pi_seeed_gsr,"846158,1.0621"
2026-06-01T20:48:03.840,Paulina,self_20260601_204723,clip_001,1,listen,,1.0621,846179.0,raspberry_pi_seeed_gsr,"846179,1.0621"
2026-06-01T20:48:03.846,Paulina,self_20260601_204723,clip_001,1,listen,,1.0662,846200.0,raspberry_pi_seeed_gsr,"846200,1.0662"
2026-06-01T20:48:03.851,Paulina,self_20260601_204723,clip_001,1,listen,,1.0734,846221.0,raspberry_pi_seeed_gsr,"846221,1.0734"
2026-06-01T20:48:03.856,Paulina,self_20260601_204723,clip_001,1,listen,,1.0742,846242.0,raspberry_pi_seeed_gsr,"846242,1.0742"
2026-06-01T20:48:03.861,Paulina,self_20260601_204723,clip_001,1,listen,,1.0662,846263.0,raspberry_pi_seeed_gsr,"846263,1.0662"
2026-06-01T20:48:03.868,Paulina,self_20260601_204723,clip_001,1,listen,,1.0662,846284.0,raspberry_pi_seeed_gsr,"846284,1.0662"
2026-06-01T20:48:03.873,Paulina,self_20260601_204723,clip_001,1,listen,,1.0613,846305.0,raspberry_pi_seeed_gsr,"846305,1.0613"
2026-06-01T20:48:04.091,Paulina,self_20260601_204723,clip_001,1,listen,,1.0662,846326.0,raspberry_pi_seeed_gsr,"846326,1.0662"
2026-06-01T20:48:04.104,Paulina,self_20260601_204723,clip_001,1,listen,,1.0662,846347.0,raspberry_pi_seeed_gsr,"846347,1.0662"
2026-06-01T20:48:04.109,Paulina,self_20260601_204723,clip_001,1,listen,,1.067,846368.0,raspberry_pi_seeed_gsr,"846368,1.0670"
2026-06-01T20:48:04.114,Paulina,self_20260601_204723,clip_001,1,listen,,1.0678,846389.0,raspberry_pi_seeed_gsr,"846389,1.0678"
2026-06-01T20:48:04.120,Paulina,self_20260601_204723,clip_001,1,listen,,1.0766,846410.0,raspberry_pi_seeed_gsr,"846410,1.0766"
2026-06-01T20:48:04.126,Paulina,self_20260601_204723,clip_001,1,listen,,1.0678,846431.0,raspberry_pi_seeed_gsr,"846431,1.0678"
2026-06-01T20:48:04.327,Paulina,self_20260601_204723,clip_001,1,listen,,1.0694,846452.0,raspberry_pi_seeed_gsr,"846452,1.0694"
2026-06-01T20:48:04.332,Paulina,self_20260601_204723,clip_001,1,listen,,1.0686,846473.0,raspberry_pi_seeed_gsr,"846473,1.0686"
2026-06-01T20:48:04.338,Paulina,self_20260601_204723,clip_001,1,listen,,1.0646,846494.0,raspberry_pi_seeed_gsr,"846494,1.0646"
2026-06-01T20:48:04.343,Paulina,self_20260601_204723,clip_001,1,listen,,1.075,846515.0,raspberry_pi_seeed_gsr,"846515,1.0750"
2026-06-01T20:48:04.347,Paulina,self_20260601_204723,clip_001,1,listen,,1.071,846536.0,raspberry_pi_seeed_gsr,"846536,1.0710"
2026-06-01T20:48:04.352,Paulina,self_20260601_204723,clip_001,1,listen,,1.0726,846557.0,raspberry_pi_seeed_gsr,"846557,1.0726"
2026-06-01T20:48:04.358,Paulina,self_20260601_204723,clip_001,1,listen,,1.0718,846578.0,raspberry_pi_seeed_gsr,"846578,1.0718"
2026-06-01T20:48:04.364,Paulina,self_20260601_204723,clip_001,1,listen,,1.0734,846599.0,raspberry_pi_seeed_gsr,"846599,1.0734"
2026-06-01T20:48:04.373,Paulina,self_20260601_204723,clip_001,1,listen,,1.0742,846620.0,raspberry_pi_seeed_gsr,"846620,1.0742"
2026-06-01T20:48:04.377,Paulina,self_20260601_204723,clip_001,1,listen,,1.0718,846641.0,raspberry_pi_seeed_gsr,"846641,1.0718"
2026-06-01T20:48:04.586,Paulina,self_20260601_204723,clip_001,1,listen,,1.0662,846662.0,raspberry_pi_seeed_gsr,"846662,1.0662"
2026-06-01T20:48:04.593,Paulina,self_20260601_204723,clip_001,1,listen,,1.075,846683.0,raspberry_pi_seeed_gsr,"846683,1.0750"
2026-06-01T20:48:04.603,Paulina,self_20260601_204723,clip_001,1,listen,,1.0734,846704.0,raspberry_pi_seeed_gsr,"846704,1.0734"
2026-06-01T20:48:04.607,Paulina,self_20260601_204723,clip_001,1,listen,,1.0742,846725.0,raspberry_pi_seeed_gsr,"846725,1.0742"
2026-06-01T20:48:04.612,Paulina,self_20260601_204723,clip_001,1,listen,,1.0774,846746.0,raspberry_pi_seeed_gsr,"846746,1.0774"
2026-06-01T20:48:04.616,Paulina,self_20260601_204723,clip_001,1,listen,,1.0791,846767.0,raspberry_pi_seeed_gsr,"846767,1.0791"
2026-06-01T20:48:04.620,Paulina,self_20260601_204723,clip_001,1,listen,,1.0799,846788.0,raspberry_pi_seeed_gsr,"846788,1.0799"
2026-06-01T20:48:04.624,Paulina,self_20260601_204723,clip_001,1,listen,,1.0799,846809.0,raspberry_pi_seeed_gsr,"846809,1.0799"
2026-06-01T20:48:04.629,Paulina,self_20260601_204723,clip_001,1,listen,,1.0831,846830.0,raspberry_pi_seeed_gsr,"846830,1.0831"
2026-06-01T20:48:04.811,Paulina,self_20260601_204723,clip_001,1,listen,,1.0807,846851.0,raspberry_pi_seeed_gsr,"846851,1.0807"
2026-06-01T20:48:04.820,Paulina,self_20260601_204723,clip_001,1,listen,,1.0815,846872.0,raspberry_pi_seeed_gsr,"846872,1.0815"
2026-06-01T20:48:04.824,Paulina,self_20260601_204723,clip_001,1,listen,,1.0807,846893.0,raspberry_pi_seeed_gsr,"846893,1.0807"
2026-06-01T20:48:04.830,Paulina,self_20260601_204723,clip_001,1,listen,,1.0831,846914.0,raspberry_pi_seeed_gsr,"846914,1.0831"
2026-06-01T20:48:04.838,Paulina,self_20260601_204723,clip_001,1,listen,,1.0855,846935.0,raspberry_pi_seeed_gsr,"846935,1.0855"
2026-06-01T20:48:04.842,Paulina,self_20260601_204723,clip_001,1,listen,,1.0847,846956.0,raspberry_pi_seeed_gsr,"846956,1.0847"
2026-06-01T20:48:04.847,Paulina,self_20260601_204723,clip_001,1,listen,,1.0839,846977.0,raspberry_pi_seeed_gsr,"846977,1.0839"
2026-06-01T20:48:04.852,Paulina,self_20260601_204723,clip_001,1,listen,,1.0847,846998.0,raspberry_pi_seeed_gsr,"846998,1.0847"
2026-06-01T20:48:04.856,Paulina,self_20260601_204723,clip_001,1,listen,,1.0863,847019.0,raspberry_pi_seeed_gsr,"847019,1.0863"
2026-06-01T20:48:04.859,Paulina,self_20260601_204723,clip_001,1,listen,,1.0847,847040.0,raspberry_pi_seeed_gsr,"847040,1.0847"
2026-06-01T20:48:04.868,Paulina,self_20260601_204723,clip_001,1,listen,,1.0863,847061.0,raspberry_pi_seeed_gsr,"847061,1.0863"
2026-06-01T20:48:04.873,Paulina,self_20260601_204723,clip_001,1,listen,,1.0895,847082.0,raspberry_pi_seeed_gsr,"847082,1.0895"
2026-06-01T20:48:04.878,Paulina,self_20260601_204723,clip_001,1,listen,,1.0871,847103.0,raspberry_pi_seeed_gsr,"847103,1.0871"
2026-06-01T20:48:04.881,Paulina,self_20260601_204723,clip_001,1,listen,,1.075,847124.0,raspberry_pi_seeed_gsr,"847124,1.0750"
2026-06-01T20:48:05.097,Paulina,self_20260601_204723,clip_001,1,listen,,1.0855,847145.0,raspberry_pi_seeed_gsr,"847145,1.0855"
2026-06-01T20:48:05.110,Paulina,self_20260601_204723,clip_001,1,listen,,1.0895,847166.0,raspberry_pi_seeed_gsr,"847166,1.0895"
2026-06-01T20:48:05.115,Paulina,self_20260601_204723,clip_001,1,listen,,1.0936,847187.0,raspberry_pi_seeed_gsr,"847187,1.0936"
2026-06-01T20:48:05.121,Paulina,self_20260601_204723,clip_001,1,listen,,1.0903,847208.0,raspberry_pi_seeed_gsr,"847208,1.0903"
2026-06-01T20:48:05.126,Paulina,self_20260601_204723,clip_001,1,listen,,1.0895,847229.0,raspberry_pi_seeed_gsr,"847229,1.0895"
2026-06-01T20:48:05.132,Paulina,self_20260601_204723,clip_001,1,listen,,1.0903,847250.0,raspberry_pi_seeed_gsr,"847250,1.0903"
2026-06-01T20:48:05.135,Paulina,self_20260601_204723,clip_001,1,listen,,1.0903,847271.0,raspberry_pi_seeed_gsr,"847271,1.0903"
2026-06-01T20:48:05.330,Paulina,self_20260601_204723,clip_001,1,listen,,1.0911,847292.0,raspberry_pi_seeed_gsr,"847292,1.0911"
2026-06-01T20:48:05.336,Paulina,self_20260601_204723,clip_001,1,listen,,1.0911,847313.0,raspberry_pi_seeed_gsr,"847313,1.0911"
2026-06-01T20:48:05.342,Paulina,self_20260601_204723,clip_001,1,listen,,1.0944,847334.0,raspberry_pi_seeed_gsr,"847334,1.0944"
2026-06-01T20:48:05.351,Paulina,self_20260601_204723,clip_001,1,listen,,1.0903,847355.0,raspberry_pi_seeed_gsr,"847355,1.0903"
2026-06-01T20:48:05.358,Paulina,self_20260601_204723,clip_001,1,listen,,1.0911,847376.0,raspberry_pi_seeed_gsr,"847376,1.0911"
2026-06-01T20:48:05.363,Paulina,self_20260601_204723,clip_001,1,listen,,1.0911,847397.0,raspberry_pi_seeed_gsr,"847397,1.0911"
2026-06-01T20:48:05.370,Paulina,self_20260601_204723,clip_001,1,listen,,1.096,847418.0,raspberry_pi_seeed_gsr,"847418,1.0960"
2026-06-01T20:48:05.375,Paulina,self_20260601_204723,clip_001,1,listen,,1.0911,847439.0,raspberry_pi_seeed_gsr,"847439,1.0911"
2026-06-01T20:48:05.381,Paulina,self_20260601_204723,clip_001,1,listen,,1.1024,847460.0,raspberry_pi_seeed_gsr,"847460,1.1024"
2026-06-01T20:48:05.387,Paulina,self_20260601_204723,clip_001,1,listen,,1.0936,847481.0,raspberry_pi_seeed_gsr,"847481,1.0936"
2026-06-01T20:48:05.559,Paulina,self_20260601_204723,clip_001,1,listen,,1.0895,847502.0,raspberry_pi_seeed_gsr,"847502,1.0895"
2026-06-01T20:48:05.565,Paulina,self_20260601_204723,clip_001,1,listen,,1.0911,847523.0,raspberry_pi_seeed_gsr,"847523,1.0911"
2026-06-01T20:48:05.571,Paulina,self_20260601_204723,clip_001,1,listen,,1.0734,847544.0,raspberry_pi_seeed_gsr,"847544,1.0734"
2026-06-01T20:48:05.579,Paulina,self_20260601_204723,clip_001,1,listen,,1.0871,847565.0,raspberry_pi_seeed_gsr,"847565,1.0871"
2026-06-01T20:48:05.584,Paulina,self_20260601_204723,clip_001,1,listen,,1.0791,847586.0,raspberry_pi_seeed_gsr,"847586,1.0791"
2026-06-01T20:48:05.589,Paulina,self_20260601_204723,clip_001,1,listen,,1.0863,847607.0,raspberry_pi_seeed_gsr,"847607,1.0863"
2026-06-01T20:48:05.594,Paulina,self_20260601_204723,clip_001,1,listen,,1.0879,847628.0,raspberry_pi_seeed_gsr,"847628,1.0879"
2026-06-01T20:48:05.601,Paulina,self_20260601_204723,clip_001,1,listen,,1.0903,847649.0,raspberry_pi_seeed_gsr,"847649,1.0903"
2026-06-01T20:48:05.605,Paulina,self_20260601_204723,clip_001,1,listen,,1.0847,847670.0,raspberry_pi_seeed_gsr,"847670,1.0847"
2026-06-01T20:48:05.610,Paulina,self_20260601_204723,clip_001,1,listen,,1.0847,847691.0,raspberry_pi_seeed_gsr,"847691,1.0847"
2026-06-01T20:48:05.615,Paulina,self_20260601_204723,clip_001,1,listen,,1.0839,847712.0,raspberry_pi_seeed_gsr,"847712,1.0839"
2026-06-01T20:48:05.621,Paulina,self_20260601_204723,clip_001,1,listen,,1.0831,847733.0,raspberry_pi_seeed_gsr,"847733,1.0831"
2026-06-01T20:48:05.627,Paulina,self_20260601_204723,clip_001,1,listen,,1.0823,847754.0,raspberry_pi_seeed_gsr,"847754,1.0823"
2026-06-01T20:48:05.633,Paulina,self_20260601_204723,clip_001,1,listen,,1.0815,847775.0,raspberry_pi_seeed_gsr,"847775,1.0815"
2026-06-01T20:48:05.639,Paulina,self_20260601_204723,clip_001,1,listen,,1.0807,847796.0,raspberry_pi_seeed_gsr,"847796,1.0807"
2026-06-01T20:48:05.882,Paulina,self_20260601_204723,clip_001,1,listen,,1.0766,847817.0,raspberry_pi_seeed_gsr,"847817,1.0766"
2026-06-01T20:48:05.889,Paulina,self_20260601_204723,clip_001,1,listen,,1.0807,847838.0,raspberry_pi_seeed_gsr,"847838,1.0807"
2026-06-01T20:48:06.108,Paulina,self_20260601_204723,clip_001,1,listen,,1.0791,847859.0,raspberry_pi_seeed_gsr,"847859,1.0791"
2026-06-01T20:48:06.119,Paulina,self_20260601_204723,clip_001,1,listen,,1.0831,847880.0,raspberry_pi_seeed_gsr,"847880,1.0831"
2026-06-01T20:48:06.126,Paulina,self_20260601_204723,clip_001,1,listen,,1.0782,847901.0,raspberry_pi_seeed_gsr,"847901,1.0782"
2026-06-01T20:48:06.134,Paulina,self_20260601_204723,clip_001,1,listen,,1.0766,847922.0,raspberry_pi_seeed_gsr,"847922,1.0766"
2026-06-01T20:48:06.138,Paulina,self_20260601_204723,clip_001,1,listen,,1.071,847943.0,raspberry_pi_seeed_gsr,"847943,1.0710"
2026-06-01T20:48:06.143,Paulina,self_20260601_204723,clip_001,1,listen,,1.075,847964.0,raspberry_pi_seeed_gsr,"847964,1.0750"
2026-06-01T20:48:06.333,Paulina,self_20260601_204723,clip_001,1,listen,,1.075,847985.0,raspberry_pi_seeed_gsr,"847985,1.0750"
2026-06-01T20:48:06.341,Paulina,self_20260601_204723,clip_001,1,listen,,1.0742,848006.0,raspberry_pi_seeed_gsr,"848006,1.0742"
2026-06-01T20:48:06.345,Paulina,self_20260601_204723,clip_001,1,listen,,1.0726,848027.0,raspberry_pi_seeed_gsr,"848027,1.0726"
2026-06-01T20:48:06.354,Paulina,self_20260601_204723,clip_001,1,listen,,1.0742,848048.0,raspberry_pi_seeed_gsr,"848048,1.0742"
2026-06-01T20:48:06.359,Paulina,self_20260601_204723,clip_001,1,listen,,1.0718,848069.0,raspberry_pi_seeed_gsr,"848069,1.0718"
2026-06-01T20:48:06.367,Paulina,self_20260601_204723,clip_001,1,listen,,1.0637,848090.0,raspberry_pi_seeed_gsr,"848090,1.0637"
2026-06-01T20:48:06.375,Paulina,self_20260601_204723,clip_001,1,listen,,1.071,848111.0,raspberry_pi_seeed_gsr,"848111,1.0710"
2026-06-01T20:48:06.380,Paulina,self_20260601_204723,clip_001,1,listen,,1.071,848132.0,raspberry_pi_seeed_gsr,"848132,1.0710"
2026-06-01T20:48:06.386,Paulina,self_20260601_204723,clip_001,1,listen,,1.0686,848153.0,raspberry_pi_seeed_gsr,"848153,1.0686"
2026-06-01T20:48:06.392,Paulina,self_20260601_204723,clip_001,1,listen,,1.0807,848174.0,raspberry_pi_seeed_gsr,"848174,1.0807"
2026-06-01T20:48:06.591,Paulina,self_20260601_204723,clip_001,1,listen,,1.0662,848195.0,raspberry_pi_seeed_gsr,"848195,1.0662"
2026-06-01T20:48:06.598,Paulina,self_20260601_204723,clip_001,1,listen,,1.071,848216.0,raspberry_pi_seeed_gsr,"848216,1.0710"
2026-06-01T20:48:06.604,Paulina,self_20260601_204723,clip_001,1,listen,,1.0654,848237.0,raspberry_pi_seeed_gsr,"848237,1.0654"
2026-06-01T20:48:06.608,Paulina,self_20260601_204723,clip_001,1,listen,,1.0678,848258.0,raspberry_pi_seeed_gsr,"848258,1.0678"
2026-06-01T20:48:06.619,Paulina,self_20260601_204723,clip_001,1,listen,,1.0774,848279.0,raspberry_pi_seeed_gsr,"848279,1.0774"
2026-06-01T20:48:06.623,Paulina,self_20260601_204723,clip_001,1,listen,,1.0678,848300.0,raspberry_pi_seeed_gsr,"848300,1.0678"
2026-06-01T20:48:06.626,Paulina,self_20260601_204723,clip_001,1,listen,,1.0646,848321.0,raspberry_pi_seeed_gsr,"848321,1.0646"
2026-06-01T20:48:06.630,Paulina,self_20260601_204723,clip_001,1,listen,,1.0686,848342.0,raspberry_pi_seeed_gsr,"848342,1.0686"
2026-06-01T20:48:06.635,Paulina,self_20260601_204723,clip_001,1,listen,,1.0702,848363.0,raspberry_pi_seeed_gsr,"848363,1.0702"
2026-06-01T20:48:06.640,Paulina,self_20260601_204723,clip_001,1,listen,,1.067,848384.0,raspberry_pi_seeed_gsr,"848384,1.0670"
2026-06-01T20:48:06.645,Paulina,self_20260601_204723,clip_001,1,listen,,1.0662,848405.0,raspberry_pi_seeed_gsr,"848405,1.0662"
2026-06-01T20:48:06.826,Paulina,self_20260601_204723,clip_001,1,listen,,1.0678,848426.0,raspberry_pi_seeed_gsr,"848426,1.0678"
2026-06-01T20:48:06.832,Paulina,self_20260601_204723,clip_001,1,listen,,1.067,848447.0,raspberry_pi_seeed_gsr,"848447,1.0670"
2026-06-01T20:48:06.836,Paulina,self_20260601_204723,clip_001,1,listen,,1.0646,848468.0,raspberry_pi_seeed_gsr,"848468,1.0646"
2026-06-01T20:48:06.842,Paulina,self_20260601_204723,clip_001,1,listen,,1.0662,848489.0,raspberry_pi_seeed_gsr,"848489,1.0662"
2026-06-01T20:48:06.852,Paulina,self_20260601_204723,clip_001,1,listen,,1.0662,848510.0,raspberry_pi_seeed_gsr,"848510,1.0662"
2026-06-01T20:48:06.859,Paulina,self_20260601_204723,clip_001,1,listen,,1.0742,848531.0,raspberry_pi_seeed_gsr,"848531,1.0742"
2026-06-01T20:48:06.865,Paulina,self_20260601_204723,clip_001,1,listen,,1.0662,848552.0,raspberry_pi_seeed_gsr,"848552,1.0662"
2026-06-01T20:48:06.871,Paulina,self_20260601_204723,clip_001,1,listen,,1.067,848573.0,raspberry_pi_seeed_gsr,"848573,1.0670"
2026-06-01T20:48:06.877,Paulina,self_20260601_204723,clip_001,1,listen,,1.0686,848594.0,raspberry_pi_seeed_gsr,"848594,1.0686"
2026-06-01T20:48:06.882,Paulina,self_20260601_204723,clip_001,1,listen,,1.0637,848615.0,raspberry_pi_seeed_gsr,"848615,1.0637"
2026-06-01T20:48:06.888,Paulina,self_20260601_204723,clip_001,1,listen,,1.0678,848636.0,raspberry_pi_seeed_gsr,"848636,1.0678"
2026-06-01T20:48:06.892,Paulina,self_20260601_204723,clip_001,1,listen,,1.0654,848657.0,raspberry_pi_seeed_gsr,"848657,1.0654"
2026-06-01T20:48:06.899,Paulina,self_20260601_204723,clip_001,1,listen,,1.0654,848678.0,raspberry_pi_seeed_gsr,"848678,1.0654"
2026-06-01T20:48:07.097,Paulina,self_20260601_204723,clip_001,1,listen,,1.0654,848699.0,raspberry_pi_seeed_gsr,"848699,1.0654"
2026-06-01T20:48:07.103,Paulina,self_20260601_204723,clip_001,1,listen,,1.0791,848720.0,raspberry_pi_seeed_gsr,"848720,1.0791"
2026-06-01T20:48:07.108,Paulina,self_20260601_204723,clip_001,1,listen,,1.0646,848741.0,raspberry_pi_seeed_gsr,"848741,1.0646"
2026-06-01T20:48:07.116,Paulina,self_20260601_204723,clip_001,1,listen,,1.0678,848762.0,raspberry_pi_seeed_gsr,"848762,1.0678"
2026-06-01T20:48:07.121,Paulina,self_20260601_204723,clip_001,1,listen,,1.0613,848783.0,raspberry_pi_seeed_gsr,"848783,1.0613"
2026-06-01T20:48:07.125,Paulina,self_20260601_204723,clip_001,1,listen,,1.0662,848804.0,raspberry_pi_seeed_gsr,"848804,1.0662"
2026-06-01T20:48:07.130,Paulina,self_20260601_204723,clip_001,1,listen,,1.0589,848825.0,raspberry_pi_seeed_gsr,"848825,1.0589"
2026-06-01T20:48:07.134,Paulina,self_20260601_204723,clip_001,1,listen,,1.0517,848846.0,raspberry_pi_seeed_gsr,"848846,1.0517"
2026-06-01T20:48:07.143,Paulina,self_20260601_204723,clip_001,1,listen,,1.0654,848867.0,raspberry_pi_seeed_gsr,"848867,1.0654"
2026-06-01T20:48:07.154,Paulina,self_20260601_204723,clip_001,1,listen,,1.067,848888.0,raspberry_pi_seeed_gsr,"848888,1.0670"
2026-06-01T20:48:07.323,Paulina,self_20260601_204723,clip_001,1,listen,,1.0654,848909.0,raspberry_pi_seeed_gsr,"848909,1.0654"
2026-06-01T20:48:07.330,Paulina,self_20260601_204723,clip_001,1,listen,,1.0654,848930.0,raspberry_pi_seeed_gsr,"848930,1.0654"
2026-06-01T20:48:07.335,Paulina,self_20260601_204723,clip_001,1,listen,,1.067,848951.0,raspberry_pi_seeed_gsr,"848951,1.0670"
2026-06-01T20:48:07.341,Paulina,self_20260601_204723,clip_001,1,listen,,1.0589,848972.0,raspberry_pi_seeed_gsr,"848972,1.0589"
2026-06-01T20:48:07.345,Paulina,self_20260601_204723,clip_001,1,listen,,1.0654,848993.0,raspberry_pi_seeed_gsr,"848993,1.0654"
2026-06-01T20:48:07.350,Paulina,self_20260601_204723,clip_001,1,listen,,1.0662,849014.0,raspberry_pi_seeed_gsr,"849014,1.0662"
2026-06-01T20:48:07.355,Paulina,self_20260601_204723,clip_001,1,listen,,1.071,849035.0,raspberry_pi_seeed_gsr,"849035,1.0710"
2026-06-01T20:48:07.359,Paulina,self_20260601_204723,clip_001,1,listen,,1.0654,849056.0,raspberry_pi_seeed_gsr,"849056,1.0654"
2026-06-01T20:48:07.363,Paulina,self_20260601_204723,clip_001,1,listen,,1.0637,849077.0,raspberry_pi_seeed_gsr,"849077,1.0637"
2026-06-01T20:48:07.369,Paulina,self_20260601_204723,clip_001,1,listen,,1.071,849098.0,raspberry_pi_seeed_gsr,"849098,1.0710"
2026-06-01T20:48:07.374,Paulina,self_20260601_204723,clip_001,1,listen,,1.067,849119.0,raspberry_pi_seeed_gsr,"849119,1.0670"
2026-06-01T20:48:07.378,Paulina,self_20260601_204723,clip_001,1,listen,,1.0637,849140.0,raspberry_pi_seeed_gsr,"849140,1.0637"
2026-06-01T20:48:07.382,Paulina,self_20260601_204723,clip_001,1,listen,,1.0654,849161.0,raspberry_pi_seeed_gsr,"849161,1.0654"
2026-06-01T20:48:07.387,Paulina,self_20260601_204723,clip_001,1,listen,,1.0686,849182.0,raspberry_pi_seeed_gsr,"849182,1.0686"
2026-06-01T20:48:07.392,Paulina,self_20260601_204723,clip_001,1,listen,,1.0662,849203.0,raspberry_pi_seeed_gsr,"849203,1.0662"
2026-06-01T20:48:07.396,Paulina,self_20260601_204723,clip_001,1,listen,,1.0646,849224.0,raspberry_pi_seeed_gsr,"849224,1.0646"
2026-06-01T20:48:07.401,Paulina,self_20260601_204723,clip_001,1,listen,,1.0654,849245.0,raspberry_pi_seeed_gsr,"849245,1.0654"
2026-06-01T20:48:07.406,Paulina,self_20260601_204723,clip_001,1,listen,,1.0662,849266.0,raspberry_pi_seeed_gsr,"849266,1.0662"
2026-06-01T20:48:07.591,Paulina,self_20260601_204723,clip_001,1,listen,,1.067,849287.0,raspberry_pi_seeed_gsr,"849287,1.0670"
2026-06-01T20:48:07.597,Paulina,self_20260601_204723,clip_001,1,listen,,1.067,849308.0,raspberry_pi_seeed_gsr,"849308,1.0670"
2026-06-01T20:48:07.602,Paulina,self_20260601_204723,clip_001,1,listen,,1.0678,849329.0,raspberry_pi_seeed_gsr,"849329,1.0678"
2026-06-01T20:48:07.606,Paulina,self_20260601_204723,clip_001,1,listen,,1.0654,849350.0,raspberry_pi_seeed_gsr,"849350,1.0654"
2026-06-01T20:48:07.610,Paulina,self_20260601_204723,clip_001,1,listen,,1.0678,849371.0,raspberry_pi_seeed_gsr,"849371,1.0678"
2026-06-01T20:48:07.615,Paulina,self_20260601_204723,clip_001,1,listen,,1.0678,849392.0,raspberry_pi_seeed_gsr,"849392,1.0678"
2026-06-01T20:48:07.620,Paulina,self_20260601_204723,clip_001,1,listen,,1.075,849413.0,raspberry_pi_seeed_gsr,"849413,1.0750"
2026-06-01T20:48:07.623,Paulina,self_20260601_204723,clip_001,1,listen,,1.0646,849434.0,raspberry_pi_seeed_gsr,"849434,1.0646"
2026-06-01T20:48:07.628,Paulina,self_20260601_204723,clip_001,1,listen,,1.0702,849455.0,raspberry_pi_seeed_gsr,"849455,1.0702"
2026-06-01T20:48:07.632,Paulina,self_20260601_204723,clip_001,1,listen,,1.0605,849476.0,raspberry_pi_seeed_gsr,"849476,1.0605"
2026-06-01T20:48:07.635,Paulina,self_20260601_204723,clip_001,1,listen,,1.0686,849497.0,raspberry_pi_seeed_gsr,"849497,1.0686"
2026-06-01T20:48:07.638,Paulina,self_20260601_204723,clip_001,1,listen,,1.071,849518.0,raspberry_pi_seeed_gsr,"849518,1.0710"
2026-06-01T20:48:07.642,Paulina,self_20260601_204723,clip_001,1,listen,,1.0799,849539.0,raspberry_pi_seeed_gsr,"849539,1.0799"
2026-06-01T20:48:07.646,Paulina,self_20260601_204723,clip_001,1,listen,,1.0774,849560.0,raspberry_pi_seeed_gsr,"849560,1.0774"
2026-06-01T20:48:07.652,Paulina,self_20260601_204723,clip_001,1,listen,,1.0589,849581.0,raspberry_pi_seeed_gsr,"849581,1.0589"
2026-06-01T20:48:07.656,Paulina,self_20260601_204723,clip_001,1,listen,,1.0718,849602.0,raspberry_pi_seeed_gsr,"849602,1.0718"
2026-06-01T20:48:07.660,Paulina,self_20260601_204723,clip_001,1,listen,,1.0807,849623.0,raspberry_pi_seeed_gsr,"849623,1.0807"
2026-06-01T20:48:07.833,Paulina,self_20260601_204723,clip_001,1,listen,,1.0694,849644.0,raspberry_pi_seeed_gsr,"849644,1.0694"
2026-06-01T20:48:07.839,Paulina,self_20260601_204723,clip_001,1,listen,,1.0742,849665.0,raspberry_pi_seeed_gsr,"849665,1.0742"
2026-06-01T20:48:07.844,Paulina,self_20260601_204723,clip_001,1,listen,,1.0734,849686.0,raspberry_pi_seeed_gsr,"849686,1.0734"
2026-06-01T20:48:07.847,Paulina,self_20260601_204723,clip_001,1,listen,,1.0734,849707.0,raspberry_pi_seeed_gsr,"849707,1.0734"
2026-06-01T20:48:07.854,Paulina,self_20260601_204723,clip_001,1,listen,,1.075,849728.0,raspberry_pi_seeed_gsr,"849728,1.0750"
2026-06-01T20:48:07.858,Paulina,self_20260601_204723,clip_001,1,listen,,1.0686,849749.0,raspberry_pi_seeed_gsr,"849749,1.0686"
2026-06-01T20:48:07.862,Paulina,self_20260601_204723,clip_001,1,listen,,1.0766,849770.0,raspberry_pi_seeed_gsr,"849770,1.0766"
2026-06-01T20:48:07.866,Paulina,self_20260601_204723,clip_001,1,listen,,1.0774,849791.0,raspberry_pi_seeed_gsr,"849791,1.0774"
2026-06-01T20:48:07.872,Paulina,self_20260601_204723,clip_001,1,listen,,1.0774,849812.0,raspberry_pi_seeed_gsr,"849812,1.0774"
2026-06-01T20:48:07.877,Paulina,self_20260601_204723,clip_001,1,listen,,1.0782,849833.0,raspberry_pi_seeed_gsr,"849833,1.0782"
2026-06-01T20:48:07.881,Paulina,self_20260601_204723,clip_001,1,listen,,1.0831,849854.0,raspberry_pi_seeed_gsr,"849854,1.0831"
2026-06-01T20:48:07.886,Paulina,self_20260601_204723,clip_001,1,listen,,1.0791,849875.0,raspberry_pi_seeed_gsr,"849875,1.0791"
2026-06-01T20:48:07.891,Paulina,self_20260601_204723,clip_001,1,listen,,1.0791,849896.0,raspberry_pi_seeed_gsr,"849896,1.0791"
2026-06-01T20:48:07.895,Paulina,self_20260601_204723,clip_001,1,listen,,1.0839,849917.0,raspberry_pi_seeed_gsr,"849917,1.0839"
2026-06-01T20:48:07.900,Paulina,self_20260601_204723,clip_001,1,listen,,1.0799,849938.0,raspberry_pi_seeed_gsr,"849938,1.0799"
2026-06-01T20:48:07.904,Paulina,self_20260601_204723,clip_001,1,listen,,1.0807,849959.0,raspberry_pi_seeed_gsr,"849959,1.0807"
2026-06-01T20:48:07.909,Paulina,self_20260601_204723,clip_001,1,listen,,1.0807,849980.0,raspberry_pi_seeed_gsr,"849980,1.0807"
2026-06-01T20:48:07.914,Paulina,self_20260601_204723,clip_001,1,listen,,1.0839,850001.0,raspberry_pi_seeed_gsr,"850001,1.0839"
2026-06-01T20:48:08.091,Paulina,self_20260601_204723,clip_001,1,listen,,1.0823,850022.0,raspberry_pi_seeed_gsr,"850022,1.0823"
2026-06-01T20:48:08.097,Paulina,self_20260601_204723,clip_001,1,listen,,1.0815,850043.0,raspberry_pi_seeed_gsr,"850043,1.0815"
2026-06-01T20:48:08.102,Paulina,self_20260601_204723,clip_001,1,listen,,1.0782,850064.0,raspberry_pi_seeed_gsr,"850064,1.0782"
2026-06-01T20:48:08.107,Paulina,self_20260601_204723,clip_001,1,listen,,1.0831,850085.0,raspberry_pi_seeed_gsr,"850085,1.0831"
2026-06-01T20:48:08.112,Paulina,self_20260601_204723,clip_001,1,listen,,1.0839,850106.0,raspberry_pi_seeed_gsr,"850106,1.0839"
2026-06-01T20:48:08.119,Paulina,self_20260601_204723,clip_001,1,listen,,1.0831,850127.0,raspberry_pi_seeed_gsr,"850127,1.0831"
2026-06-01T20:48:08.122,Paulina,self_20260601_204723,clip_001,1,listen,,1.0847,850148.0,raspberry_pi_seeed_gsr,"850148,1.0847"
2026-06-01T20:48:08.126,Paulina,self_20260601_204723,clip_001,1,listen,,1.0855,850169.0,raspberry_pi_seeed_gsr,"850169,1.0855"
2026-06-01T20:48:08.132,Paulina,self_20260601_204723,clip_001,1,listen,,1.0855,850190.0,raspberry_pi_seeed_gsr,"850190,1.0855"
2026-06-01T20:48:08.136,Paulina,self_20260601_204723,clip_001,1,listen,,1.0855,850211.0,raspberry_pi_seeed_gsr,"850211,1.0855"
2026-06-01T20:48:08.140,Paulina,self_20260601_204723,clip_001,1,listen,,1.0863,850232.0,raspberry_pi_seeed_gsr,"850232,1.0863"
2026-06-01T20:48:08.144,Paulina,self_20260601_204723,clip_001,1,listen,,1.0871,850253.0,raspberry_pi_seeed_gsr,"850253,1.0871"
2026-06-01T20:48:08.148,Paulina,self_20260601_204723,clip_001,1,listen,,1.0871,850274.0,raspberry_pi_seeed_gsr,"850274,1.0871"
2026-06-01T20:48:08.154,Paulina,self_20260601_204723,clip_001,1,listen,,1.0863,850295.0,raspberry_pi_seeed_gsr,"850295,1.0863"
2026-06-01T20:48:08.158,Paulina,self_20260601_204723,clip_001,1,listen,,1.0887,850316.0,raspberry_pi_seeed_gsr,"850316,1.0887"
2026-06-01T20:48:08.162,Paulina,self_20260601_204723,clip_001,1,listen,,1.0895,850337.0,raspberry_pi_seeed_gsr,"850337,1.0895"
2026-06-01T20:48:08.170,Paulina,self_20260601_204723,clip_001,1,listen,,1.0903,850358.0,raspberry_pi_seeed_gsr,"850358,1.0903"
2026-06-01T20:48:08.362,Paulina,self_20260601_204723,clip_001,1,listen,,1.0895,850379.0,raspberry_pi_seeed_gsr,"850379,1.0895"
2026-06-01T20:48:08.368,Paulina,self_20260601_204723,clip_001,1,listen,,1.0911,850400.0,raspberry_pi_seeed_gsr,"850400,1.0911"
2026-06-01T20:48:08.374,Paulina,self_20260601_204723,clip_001,1,listen,,1.0919,850421.0,raspberry_pi_seeed_gsr,"850421,1.0919"
2026-06-01T20:48:08.379,Paulina,self_20260601_204723,clip_001,1,listen,,1.0911,850442.0,raspberry_pi_seeed_gsr,"850442,1.0911"
2026-06-01T20:48:08.383,Paulina,self_20260601_204723,clip_001,1,listen,,1.0911,850463.0,raspberry_pi_seeed_gsr,"850463,1.0911"
2026-06-01T20:48:08.388,Paulina,self_20260601_204723,clip_001,1,listen,,1.0919,850484.0,raspberry_pi_seeed_gsr,"850484,1.0919"
2026-06-01T20:48:08.393,Paulina,self_20260601_204723,clip_001,1,listen,,1.1048,850505.0,raspberry_pi_seeed_gsr,"850505,1.1048"
2026-06-01T20:48:08.398,Paulina,self_20260601_204723,clip_001,1,listen,,1.0936,850526.0,raspberry_pi_seeed_gsr,"850526,1.0936"
2026-06-01T20:48:08.403,Paulina,self_20260601_204723,clip_001,1,listen,,1.0919,850547.0,raspberry_pi_seeed_gsr,"850547,1.0919"
2026-06-01T20:48:08.409,Paulina,self_20260601_204723,clip_001,1,listen,,1.0863,850568.0,raspberry_pi_seeed_gsr,"850568,1.0863"
2026-06-01T20:48:08.415,Paulina,self_20260601_204723,clip_001,1,listen,,1.096,850589.0,raspberry_pi_seeed_gsr,"850589,1.0960"
2026-06-01T20:48:08.420,Paulina,self_20260601_204723,clip_001,1,listen,,1.096,850610.0,raspberry_pi_seeed_gsr,"850610,1.0960"
2026-06-01T20:48:08.604,Paulina,self_20260601_204723,clip_001,1,listen,,1.0992,850631.0,raspberry_pi_seeed_gsr,"850631,1.0992"
2026-06-01T20:48:08.614,Paulina,self_20260601_204723,clip_001,1,listen,,1.1056,850652.0,raspberry_pi_seeed_gsr,"850652,1.1056"
2026-06-01T20:48:08.621,Paulina,self_20260601_204723,clip_001,1,listen,,1.0976,850673.0,raspberry_pi_seeed_gsr,"850673,1.0976"
2026-06-01T20:48:08.628,Paulina,self_20260601_204723,clip_001,1,listen,,1.0976,850694.0,raspberry_pi_seeed_gsr,"850694,1.0976"
2026-06-01T20:48:08.633,Paulina,self_20260601_204723,clip_001,1,listen,,1.0984,850715.0,raspberry_pi_seeed_gsr,"850715,1.0984"
2026-06-01T20:48:08.636,Paulina,self_20260601_204723,clip_001,1,listen,,1.0984,850736.0,raspberry_pi_seeed_gsr,"850736,1.0984"
2026-06-01T20:48:08.643,Paulina,self_20260601_204723,clip_001,1,listen,,1.0976,850757.0,raspberry_pi_seeed_gsr,"850757,1.0976"
2026-06-01T20:48:08.647,Paulina,self_20260601_204723,clip_001,1,listen,,1.0984,850778.0,raspberry_pi_seeed_gsr,"850778,1.0984"
2026-06-01T20:48:08.652,Paulina,self_20260601_204723,clip_001,1,listen,,1.1089,850799.0,raspberry_pi_seeed_gsr,"850799,1.1089"
2026-06-01T20:48:08.658,Paulina,self_20260601_204723,clip_001,1,listen,,1.1024,850820.0,raspberry_pi_seeed_gsr,"850820,1.1024"
2026-06-01T20:48:08.664,Paulina,self_20260601_204723,clip_001,1,listen,,1.1008,850841.0,raspberry_pi_seeed_gsr,"850841,1.1008"
2026-06-01T20:48:08.669,Paulina,self_20260601_204723,clip_001,1,listen,,1.1113,850862.0,raspberry_pi_seeed_gsr,"850862,1.1113"
2026-06-01T20:48:08.675,Paulina,self_20260601_204723,clip_001,1,listen,,1.1153,850883.0,raspberry_pi_seeed_gsr,"850883,1.1153"
2026-06-01T20:48:08.855,Paulina,self_20260601_204723,clip_001,1,listen,,1.1024,850904.0,raspberry_pi_seeed_gsr,"850904,1.1024"
2026-06-01T20:48:08.860,Paulina,self_20260601_204723,clip_001,1,listen,,1.1024,850925.0,raspberry_pi_seeed_gsr,"850925,1.1024"
2026-06-01T20:48:08.865,Paulina,self_20260601_204723,clip_001,1,listen,,1.104,850946.0,raspberry_pi_seeed_gsr,"850946,1.1040"
2026-06-01T20:48:08.869,Paulina,self_20260601_204723,clip_001,1,listen,,1.1121,850967.0,raspberry_pi_seeed_gsr,"850967,1.1121"
2026-06-01T20:48:08.873,Paulina,self_20260601_204723,clip_001,1,listen,,1.104,850988.0,raspberry_pi_seeed_gsr,"850988,1.1040"
2026-06-01T20:48:08.878,Paulina,self_20260601_204723,clip_001,1,listen,,1.1008,851009.0,raspberry_pi_seeed_gsr,"851009,1.1008"
2026-06-01T20:48:08.883,Paulina,self_20260601_204723,clip_001,1,listen,,1.1048,851030.0,raspberry_pi_seeed_gsr,"851030,1.1048"
2026-06-01T20:48:08.888,Paulina,self_20260601_204723,clip_001,1,listen,,1.0992,851051.0,raspberry_pi_seeed_gsr,"851051,1.0992"
2026-06-01T20:48:08.892,Paulina,self_20260601_204723,clip_001,1,listen,,1.1048,851072.0,raspberry_pi_seeed_gsr,"851072,1.1048"
2026-06-01T20:48:08.896,Paulina,self_20260601_204723,clip_001,1,listen,,1.1064,851093.0,raspberry_pi_seeed_gsr,"851093,1.1064"
2026-06-01T20:48:08.901,Paulina,self_20260601_204723,clip_001,1,listen,,1.1129,851114.0,raspberry_pi_seeed_gsr,"851114,1.1129"
2026-06-01T20:48:08.908,Paulina,self_20260601_204723,clip_001,1,listen,,1.1073,851135.0,raspberry_pi_seeed_gsr,"851135,1.1073"
2026-06-01T20:48:08.914,Paulina,self_20260601_204723,clip_001,1,listen,,1.1064,851156.0,raspberry_pi_seeed_gsr,"851156,1.1064"
2026-06-01T20:48:08.923,Paulina,self_20260601_204723,clip_001,1,listen,,1.1073,851177.0,raspberry_pi_seeed_gsr,"851177,1.1073"
2026-06-01T20:48:08.927,Paulina,self_20260601_204723,clip_001,1,listen,,1.1105,851198.0,raspberry_pi_seeed_gsr,"851198,1.1105"
2026-06-01T20:48:09.116,Paulina,self_20260601_204723,clip_001,1,listen,,1.1089,851219.0,raspberry_pi_seeed_gsr,"851219,1.1089"
2026-06-01T20:48:09.124,Paulina,self_20260601_204723,clip_001,1,listen,,1.1121,851240.0,raspberry_pi_seeed_gsr,"851240,1.1121"
2026-06-01T20:48:09.129,Paulina,self_20260601_204723,clip_001,1,listen,,1.1097,851261.0,raspberry_pi_seeed_gsr,"851261,1.1097"
2026-06-01T20:48:09.135,Paulina,self_20260601_204723,clip_001,1,listen,,1.1089,851282.0,raspberry_pi_seeed_gsr,"851282,1.1089"
2026-06-01T20:48:09.140,Paulina,self_20260601_204723,clip_001,1,listen,,1.1113,851303.0,raspberry_pi_seeed_gsr,"851303,1.1113"
2026-06-01T20:48:09.150,Paulina,self_20260601_204723,clip_001,1,listen,,1.1113,851324.0,raspberry_pi_seeed_gsr,"851324,1.1113"
2026-06-01T20:48:09.155,Paulina,self_20260601_204723,clip_001,1,listen,,1.1129,851345.0,raspberry_pi_seeed_gsr,"851345,1.1129"
2026-06-01T20:48:09.160,Paulina,self_20260601_204723,clip_001,1,listen,,1.1129,851366.0,raspberry_pi_seeed_gsr,"851366,1.1129"
2026-06-01T20:48:09.169,Paulina,self_20260601_204723,clip_001,1,listen,,1.1129,851387.0,raspberry_pi_seeed_gsr,"851387,1.1129"
2026-06-01T20:48:09.178,Paulina,self_20260601_204723,clip_001,1,listen,,1.1137,851408.0,raspberry_pi_seeed_gsr,"851408,1.1137"
2026-06-01T20:48:09.188,Paulina,self_20260601_204723,clip_001,1,listen,,1.1137,851429.0,raspberry_pi_seeed_gsr,"851429,1.1137"
2026-06-01T20:48:09.374,Paulina,self_20260601_204723,clip_001,1,listen,,1.1177,851450.0,raspberry_pi_seeed_gsr,"851450,1.1177"
2026-06-01T20:48:09.380,Paulina,self_20260601_204723,clip_001,1,listen,,1.1161,851471.0,raspberry_pi_seeed_gsr,"851471,1.1161"
2026-06-01T20:48:09.386,Paulina,self_20260601_204723,clip_001,1,listen,,1.1129,851492.0,raspberry_pi_seeed_gsr,"851492,1.1129"
2026-06-01T20:48:09.391,Paulina,self_20260601_204723,clip_001,1,listen,,1.1169,851513.0,raspberry_pi_seeed_gsr,"851513,1.1169"
2026-06-01T20:48:09.397,Paulina,self_20260601_204723,clip_001,1,listen,,1.1169,851534.0,raspberry_pi_seeed_gsr,"851534,1.1169"
2026-06-01T20:48:09.403,Paulina,self_20260601_204723,clip_001,1,listen,,1.1177,851555.0,raspberry_pi_seeed_gsr,"851555,1.1177"
2026-06-01T20:48:09.411,Paulina,self_20260601_204723,clip_001,1,listen,,1.1161,851576.0,raspberry_pi_seeed_gsr,"851576,1.1161"
2026-06-01T20:48:09.417,Paulina,self_20260601_204723,clip_001,1,listen,,1.1177,851597.0,raspberry_pi_seeed_gsr,"851597,1.1177"
2026-06-01T20:48:09.422,Paulina,self_20260601_204723,clip_001,1,listen,,1.1177,851618.0,raspberry_pi_seeed_gsr,"851618,1.1177"
2026-06-01T20:48:09.426,Paulina,self_20260601_204723,clip_001,1,listen,,1.1193,851639.0,raspberry_pi_seeed_gsr,"851639,1.1193"
2026-06-01T20:48:09.430,Paulina,self_20260601_204723,clip_001,1,listen,,1.1169,851660.0,raspberry_pi_seeed_gsr,"851660,1.1169"
2026-06-01T20:48:09.436,Paulina,self_20260601_204723,clip_001,1,listen,,1.1193,851681.0,raspberry_pi_seeed_gsr,"851681,1.1193"
2026-06-01T20:48:09.440,Paulina,self_20260601_204723,clip_001,1,listen,,1.1193,851702.0,raspberry_pi_seeed_gsr,"851702,1.1193"
2026-06-01T20:48:09.627,Paulina,self_20260601_204723,clip_001,1,listen,,1.1097,851723.0,raspberry_pi_seeed_gsr,"851723,1.1097"
2026-06-01T20:48:09.633,Paulina,self_20260601_204723,clip_001,1,listen,,1.125,851744.0,raspberry_pi_seeed_gsr,"851744,1.1250"
2026-06-01T20:48:09.638,Paulina,self_20260601_204723,clip_001,1,listen,,1.1209,851765.0,raspberry_pi_seeed_gsr,"851765,1.1209"
2026-06-01T20:48:09.642,Paulina,self_20260601_204723,clip_001,1,listen,,1.1234,851786.0,raspberry_pi_seeed_gsr,"851786,1.1234"
2026-06-01T20:48:09.648,Paulina,self_20260601_204723,clip_001,1,listen,,1.1218,851807.0,raspberry_pi_seeed_gsr,"851807,1.1218"
2026-06-01T20:48:09.652,Paulina,self_20260601_204723,clip_001,1,listen,,1.1226,851828.0,raspberry_pi_seeed_gsr,"851828,1.1226"
2026-06-01T20:48:09.656,Paulina,self_20260601_204723,clip_001,1,listen,,1.1209,851849.0,raspberry_pi_seeed_gsr,"851849,1.1209"
2026-06-01T20:48:09.661,Paulina,self_20260601_204723,clip_001,1,listen,,1.1242,851870.0,raspberry_pi_seeed_gsr,"851870,1.1242"
2026-06-01T20:48:09.666,Paulina,self_20260601_204723,clip_001,1,listen,,1.1242,851891.0,raspberry_pi_seeed_gsr,"851891,1.1242"
2026-06-01T20:48:09.671,Paulina,self_20260601_204723,clip_001,1,listen,,1.1242,851912.0,raspberry_pi_seeed_gsr,"851912,1.1242"
2026-06-01T20:48:09.675,Paulina,self_20260601_204723,clip_001,1,listen,,1.1258,851933.0,raspberry_pi_seeed_gsr,"851933,1.1258"
2026-06-01T20:48:09.679,Paulina,self_20260601_204723,clip_001,1,listen,,1.1242,851954.0,raspberry_pi_seeed_gsr,"851954,1.1242"
2026-06-01T20:48:09.684,Paulina,self_20260601_204723,clip_001,1,listen,,1.1314,851975.0,raspberry_pi_seeed_gsr,"851975,1.1314"
2026-06-01T20:48:09.688,Paulina,self_20260601_204723,clip_001,1,listen,,1.125,851996.0,raspberry_pi_seeed_gsr,"851996,1.1250"
2026-06-01T20:48:09.692,Paulina,self_20260601_204723,clip_001,1,listen,,1.125,852017.0,raspberry_pi_seeed_gsr,"852017,1.1250"
2026-06-01T20:48:09.880,Paulina,self_20260601_204723,clip_001,1,listen,,1.1258,852038.0,raspberry_pi_seeed_gsr,"852038,1.1258"
2026-06-01T20:48:09.887,Paulina,self_20260601_204723,clip_001,1,listen,,1.1258,852059.0,raspberry_pi_seeed_gsr,"852059,1.1258"
2026-06-01T20:48:09.892,Paulina,self_20260601_204723,clip_001,1,listen,,1.1242,852080.0,raspberry_pi_seeed_gsr,"852080,1.1242"
2026-06-01T20:48:09.896,Paulina,self_20260601_204723,clip_001,1,listen,,1.1177,852101.0,raspberry_pi_seeed_gsr,"852101,1.1177"
2026-06-01T20:48:09.901,Paulina,self_20260601_204723,clip_001,1,listen,,1.1282,852122.0,raspberry_pi_seeed_gsr,"852122,1.1282"
2026-06-01T20:48:09.906,Paulina,self_20260601_204723,clip_001,1,listen,,1.1226,852143.0,raspberry_pi_seeed_gsr,"852143,1.1226"
2026-06-01T20:48:09.910,Paulina,self_20260601_204723,clip_001,1,listen,,1.1274,852164.0,raspberry_pi_seeed_gsr,"852164,1.1274"
2026-06-01T20:48:09.915,Paulina,self_20260601_204723,clip_001,1,listen,,1.129,852185.0,raspberry_pi_seeed_gsr,"852185,1.1290"
2026-06-01T20:48:09.920,Paulina,self_20260601_204723,clip_001,1,listen,,1.1411,852206.0,raspberry_pi_seeed_gsr,"852206,1.1411"
2026-06-01T20:48:09.924,Paulina,self_20260601_204723,clip_001,1,listen,,1.1395,852227.0,raspberry_pi_seeed_gsr,"852227,1.1395"
2026-06-01T20:48:09.930,Paulina,self_20260601_204723,clip_001,1,listen,,1.1282,852248.0,raspberry_pi_seeed_gsr,"852248,1.1282"
2026-06-01T20:48:09.935,Paulina,self_20260601_204723,clip_001,1,listen,,1.1322,852269.0,raspberry_pi_seeed_gsr,"852269,1.1322"
2026-06-01T20:48:09.940,Paulina,self_20260601_204723,clip_001,1,listen,,1.1314,852290.0,raspberry_pi_seeed_gsr,"852290,1.1314"
2026-06-01T20:48:09.945,Paulina,self_20260601_204723,clip_001,1,listen,,1.1306,852311.0,raspberry_pi_seeed_gsr,"852311,1.1306"
2026-06-01T20:48:10.125,Paulina,self_20260601_204723,clip_001,1,listen,,1.1306,852332.0,raspberry_pi_seeed_gsr,"852332,1.1306"
2026-06-01T20:48:10.136,Paulina,self_20260601_204723,clip_001,1,listen,,1.1314,852353.0,raspberry_pi_seeed_gsr,"852353,1.1314"
2026-06-01T20:48:10.141,Paulina,self_20260601_204723,clip_001,1,listen,,1.1306,852374.0,raspberry_pi_seeed_gsr,"852374,1.1306"
2026-06-01T20:48:10.145,Paulina,self_20260601_204723,clip_001,1,listen,,1.1322,852395.0,raspberry_pi_seeed_gsr,"852395,1.1322"
2026-06-01T20:48:10.151,Paulina,self_20260601_204723,clip_001,1,listen,,1.1322,852416.0,raspberry_pi_seeed_gsr,"852416,1.1322"
2026-06-01T20:48:10.156,Paulina,self_20260601_204723,clip_001,1,listen,,1.1346,852437.0,raspberry_pi_seeed_gsr,"852437,1.1346"
2026-06-01T20:48:10.162,Paulina,self_20260601_204723,clip_001,1,listen,,1.1322,852458.0,raspberry_pi_seeed_gsr,"852458,1.1322"
2026-06-01T20:48:10.169,Paulina,self_20260601_204723,clip_001,1,listen,,1.1298,852479.0,raspberry_pi_seeed_gsr,"852479,1.1298"
2026-06-01T20:48:10.178,Paulina,self_20260601_204723,clip_001,1,listen,,1.1354,852500.0,raspberry_pi_seeed_gsr,"852500,1.1354"
2026-06-01T20:48:10.185,Paulina,self_20260601_204723,clip_001,1,listen,,1.1354,852521.0,raspberry_pi_seeed_gsr,"852521,1.1354"
2026-06-01T20:48:10.191,Paulina,self_20260601_204723,clip_001,1,listen,,1.1354,852542.0,raspberry_pi_seeed_gsr,"852542,1.1354"
2026-06-01T20:48:10.196,Paulina,self_20260601_204723,clip_001,1,listen,,1.1363,852563.0,raspberry_pi_seeed_gsr,"852563,1.1363"
2026-06-01T20:48:10.373,Paulina,self_20260601_204723,clip_001,1,listen,,1.1363,852584.0,raspberry_pi_seeed_gsr,"852584,1.1363"
2026-06-01T20:48:10.379,Paulina,self_20260601_204723,clip_001,1,listen,,1.1363,852605.0,raspberry_pi_seeed_gsr,"852605,1.1363"
2026-06-01T20:48:10.383,Paulina,self_20260601_204723,clip_001,1,listen,,1.1363,852626.0,raspberry_pi_seeed_gsr,"852626,1.1363"
2026-06-01T20:48:10.386,Paulina,self_20260601_204723,clip_001,1,listen,,1.1379,852647.0,raspberry_pi_seeed_gsr,"852647,1.1379"
2026-06-01T20:48:10.392,Paulina,self_20260601_204723,clip_001,1,listen,,1.1379,852668.0,raspberry_pi_seeed_gsr,"852668,1.1379"
2026-06-01T20:48:10.396,Paulina,self_20260601_204723,clip_001,1,listen,,1.1379,852689.0,raspberry_pi_seeed_gsr,"852689,1.1379"
2026-06-01T20:48:10.401,Paulina,self_20260601_204723,clip_001,1,listen,,1.1387,852710.0,raspberry_pi_seeed_gsr,"852710,1.1387"
2026-06-01T20:48:10.406,Paulina,self_20260601_204723,clip_001,1,listen,,1.1395,852731.0,raspberry_pi_seeed_gsr,"852731,1.1395"
2026-06-01T20:48:10.410,Paulina,self_20260601_204723,clip_001,1,listen,,1.1387,852752.0,raspberry_pi_seeed_gsr,"852752,1.1387"
2026-06-01T20:48:10.416,Paulina,self_20260601_204723,clip_001,1,listen,,1.1395,852773.0,raspberry_pi_seeed_gsr,"852773,1.1395"
2026-06-01T20:48:10.420,Paulina,self_20260601_204723,clip_001,1,listen,,1.1459,852794.0,raspberry_pi_seeed_gsr,"852794,1.1459"
2026-06-01T20:48:10.425,Paulina,self_20260601_204723,clip_001,1,listen,,1.1451,852815.0,raspberry_pi_seeed_gsr,"852815,1.1451"
2026-06-01T20:48:10.429,Paulina,self_20260601_204723,clip_001,1,listen,,1.1395,852836.0,raspberry_pi_seeed_gsr,"852836,1.1395"
2026-06-01T20:48:10.434,Paulina,self_20260601_204723,clip_001,1,listen,,1.1395,852857.0,raspberry_pi_seeed_gsr,"852857,1.1395"
2026-06-01T20:48:10.437,Paulina,self_20260601_204723,clip_001,1,listen,,1.1411,852878.0,raspberry_pi_seeed_gsr,"852878,1.1411"
2026-06-01T20:48:10.441,Paulina,self_20260601_204723,clip_001,1,listen,,1.1395,852899.0,raspberry_pi_seeed_gsr,"852899,1.1395"
2026-06-01T20:48:10.443,Paulina,self_20260601_204723,clip_001,1,listen,,1.1419,852920.0,raspberry_pi_seeed_gsr,"852920,1.1419"
2026-06-01T20:48:10.446,Paulina,self_20260601_204723,clip_001,1,listen,,1.1411,852941.0,raspberry_pi_seeed_gsr,"852941,1.1411"
2026-06-01T20:48:10.619,Paulina,self_20260601_204723,clip_001,1,listen,,1.1443,852962.0,raspberry_pi_seeed_gsr,"852962,1.1443"
2026-06-01T20:48:10.624,Paulina,self_20260601_204723,clip_001,1,listen,,1.1427,852983.0,raspberry_pi_seeed_gsr,"852983,1.1427"
2026-06-01T20:48:10.629,Paulina,self_20260601_204723,clip_001,1,listen,,1.1427,853004.0,raspberry_pi_seeed_gsr,"853004,1.1427"
2026-06-01T20:48:10.631,Paulina,self_20260601_204723,clip_001,1,listen,,1.1443,853025.0,raspberry_pi_seeed_gsr,"853025,1.1443"
2026-06-01T20:48:10.635,Paulina,self_20260601_204723,clip_001,1,listen,,1.1427,853046.0,raspberry_pi_seeed_gsr,"853046,1.1427"
2026-06-01T20:48:10.638,Paulina,self_20260601_204723,clip_001,1,listen,,1.1451,853067.0,raspberry_pi_seeed_gsr,"853067,1.1451"
2026-06-01T20:48:10.642,Paulina,self_20260601_204723,clip_001,1,listen,,1.1435,853088.0,raspberry_pi_seeed_gsr,"853088,1.1435"
2026-06-01T20:48:10.645,Paulina,self_20260601_204723,clip_001,1,listen,,1.1467,853109.0,raspberry_pi_seeed_gsr,"853109,1.1467"
2026-06-01T20:48:10.649,Paulina,self_20260601_204723,clip_001,1,listen,,1.1491,853130.0,raspberry_pi_seeed_gsr,"853130,1.1491"
2026-06-01T20:48:10.653,Paulina,self_20260601_204723,clip_001,1,listen,,1.1395,853151.0,raspberry_pi_seeed_gsr,"853151,1.1395"
2026-06-01T20:48:10.658,Paulina,self_20260601_204723,clip_001,1,listen,,1.1395,853172.0,raspberry_pi_seeed_gsr,"853172,1.1395"
2026-06-01T20:48:10.662,Paulina,self_20260601_204723,clip_001,1,listen,,1.1443,853193.0,raspberry_pi_seeed_gsr,"853193,1.1443"
2026-06-01T20:48:10.666,Paulina,self_20260601_204723,clip_001,1,listen,,1.1443,853214.0,raspberry_pi_seeed_gsr,"853214,1.1443"
2026-06-01T20:48:10.671,Paulina,self_20260601_204723,clip_001,1,listen,,1.1451,853235.0,raspberry_pi_seeed_gsr,"853235,1.1451"
2026-06-01T20:48:10.676,Paulina,self_20260601_204723,clip_001,1,listen,,1.1443,853256.0,raspberry_pi_seeed_gsr,"853256,1.1443"
2026-06-01T20:48:10.680,Paulina,self_20260601_204723,clip_001,1,listen,,1.1451,853277.0,raspberry_pi_seeed_gsr,"853277,1.1451"
2026-06-01T20:48:10.685,Paulina,self_20260601_204723,clip_001,1,listen,,1.1443,853298.0,raspberry_pi_seeed_gsr,"853298,1.1443"
2026-06-01T20:48:10.689,Paulina,self_20260601_204723,clip_001,1,listen,,1.1443,853319.0,raspberry_pi_seeed_gsr,"853319,1.1443"
2026-06-01T20:48:10.693,Paulina,self_20260601_204723,clip_001,1,listen,,1.1451,853340.0,raspberry_pi_seeed_gsr,"853340,1.1451"
2026-06-01T20:48:10.697,Paulina,self_20260601_204723,clip_001,1,listen,,1.1443,853361.0,raspberry_pi_seeed_gsr,"853361,1.1443"
2026-06-01T20:48:10.852,Paulina,self_20260601_204723,clip_001,1,listen,,1.1451,853382.0,raspberry_pi_seeed_gsr,"853382,1.1451"
2026-06-01T20:48:10.858,Paulina,self_20260601_204723,clip_001,1,listen,,1.1508,853403.0,raspberry_pi_seeed_gsr,"853403,1.1508"
2026-06-01T20:48:10.865,Paulina,self_20260601_204723,clip_001,1,listen,,1.1451,853424.0,raspberry_pi_seeed_gsr,"853424,1.1451"
2026-06-01T20:48:10.870,Paulina,self_20260601_204723,clip_001,1,listen,,1.1411,853445.0,raspberry_pi_seeed_gsr,"853445,1.1411"
2026-06-01T20:48:10.875,Paulina,self_20260601_204723,clip_001,1,listen,,1.1483,853466.0,raspberry_pi_seeed_gsr,"853466,1.1483"
2026-06-01T20:48:10.879,Paulina,self_20260601_204723,clip_001,1,listen,,1.1435,853487.0,raspberry_pi_seeed_gsr,"853487,1.1435"
2026-06-01T20:48:10.885,Paulina,self_20260601_204723,clip_001,1,listen,,1.1298,853508.0,raspberry_pi_seeed_gsr,"853508,1.1298"
2026-06-01T20:48:10.890,Paulina,self_20260601_204723,clip_001,1,listen,,1.1419,853529.0,raspberry_pi_seeed_gsr,"853529,1.1419"
2026-06-01T20:48:10.895,Paulina,self_20260601_204723,clip_001,1,listen,,1.1427,853550.0,raspberry_pi_seeed_gsr,"853550,1.1427"
2026-06-01T20:48:10.900,Paulina,self_20260601_204723,clip_001,1,listen,,1.1427,853571.0,raspberry_pi_seeed_gsr,"853571,1.1427"
2026-06-01T20:48:10.905,Paulina,self_20260601_204723,clip_001,1,listen,,1.1419,853592.0,raspberry_pi_seeed_gsr,"853592,1.1419"
2026-06-01T20:48:10.910,Paulina,self_20260601_204723,clip_001,1,listen,,1.1395,853613.0,raspberry_pi_seeed_gsr,"853613,1.1395"
2026-06-01T20:48:10.914,Paulina,self_20260601_204723,clip_001,1,listen,,1.1427,853634.0,raspberry_pi_seeed_gsr,"853634,1.1427"
2026-06-01T20:48:10.920,Paulina,self_20260601_204723,clip_001,1,listen,,1.1419,853655.0,raspberry_pi_seeed_gsr,"853655,1.1419"
2026-06-01T20:48:10.925,Paulina,self_20260601_204723,clip_001,1,listen,,1.1475,853676.0,raspberry_pi_seeed_gsr,"853676,1.1475"
2026-06-01T20:48:10.929,Paulina,self_20260601_204723,clip_001,1,listen,,1.1218,853697.0,raspberry_pi_seeed_gsr,"853697,1.1218"
2026-06-01T20:48:10.933,Paulina,self_20260601_204723,clip_001,1,listen,,1.1411,853718.0,raspberry_pi_seeed_gsr,"853718,1.1411"
2026-06-01T20:48:10.938,Paulina,self_20260601_204723,clip_001,1,listen,,1.1411,853739.0,raspberry_pi_seeed_gsr,"853739,1.1411"
2026-06-01T20:48:10.942,Paulina,self_20260601_204723,clip_001,1,listen,,1.1419,853760.0,raspberry_pi_seeed_gsr,"853760,1.1419"
2026-06-01T20:48:10.947,Paulina,self_20260601_204723,clip_001,1,listen,,1.1395,853781.0,raspberry_pi_seeed_gsr,"853781,1.1395"
2026-06-01T20:48:11.107,Paulina,self_20260601_204723,clip_001,1,listen,,1.1395,853802.0,raspberry_pi_seeed_gsr,"853802,1.1395"
2026-06-01T20:48:11.112,Paulina,self_20260601_204723,clip_001,1,listen,,1.1387,853823.0,raspberry_pi_seeed_gsr,"853823,1.1387"
2026-06-01T20:48:11.118,Paulina,self_20260601_204723,clip_001,1,listen,,1.1379,853844.0,raspberry_pi_seeed_gsr,"853844,1.1379"
2026-06-01T20:48:11.122,Paulina,self_20260601_204723,clip_001,1,listen,,1.1379,853865.0,raspberry_pi_seeed_gsr,"853865,1.1379"
2026-06-01T20:48:11.128,Paulina,self_20260601_204723,clip_001,1,listen,,1.1387,853886.0,raspberry_pi_seeed_gsr,"853886,1.1387"
2026-06-01T20:48:11.135,Paulina,self_20260601_204723,clip_001,1,listen,,1.1467,853907.0,raspberry_pi_seeed_gsr,"853907,1.1467"
2026-06-01T20:48:11.141,Paulina,self_20260601_204723,clip_001,1,listen,,1.1371,853928.0,raspberry_pi_seeed_gsr,"853928,1.1371"
2026-06-01T20:48:11.146,Paulina,self_20260601_204723,clip_001,1,listen,,1.1371,853949.0,raspberry_pi_seeed_gsr,"853949,1.1371"
2026-06-01T20:48:11.150,Paulina,self_20260601_204723,clip_001,1,listen,,1.1387,853970.0,raspberry_pi_seeed_gsr,"853970,1.1387"
2026-06-01T20:48:11.154,Paulina,self_20260601_204723,clip_001,1,listen,,1.1363,853991.0,raspberry_pi_seeed_gsr,"853991,1.1363"
2026-06-01T20:48:11.159,Paulina,self_20260601_204723,clip_001,1,listen,,1.1371,854012.0,raspberry_pi_seeed_gsr,"854012,1.1371"
2026-06-01T20:48:11.163,Paulina,self_20260601_204723,clip_001,1,listen,,1.1363,854033.0,raspberry_pi_seeed_gsr,"854033,1.1363"
2026-06-01T20:48:11.167,Paulina,self_20260601_204723,clip_001,1,listen,,1.1371,854054.0,raspberry_pi_seeed_gsr,"854054,1.1371"
2026-06-01T20:48:11.172,Paulina,self_20260601_204723,clip_001,1,listen,,1.1459,854075.0,raspberry_pi_seeed_gsr,"854075,1.1459"
2026-06-01T20:48:11.176,Paulina,self_20260601_204723,clip_001,1,listen,,1.1363,854096.0,raspberry_pi_seeed_gsr,"854096,1.1363"
2026-06-01T20:48:11.180,Paulina,self_20260601_204723,clip_001,1,listen,,1.1363,854117.0,raspberry_pi_seeed_gsr,"854117,1.1363"
2026-06-01T20:48:11.184,Paulina,self_20260601_204723,clip_001,1,listen,,1.1419,854138.0,raspberry_pi_seeed_gsr,"854138,1.1419"
2026-06-01T20:48:11.188,Paulina,self_20260601_204723,clip_001,1,listen,,1.1354,854159.0,raspberry_pi_seeed_gsr,"854159,1.1354"
2026-06-01T20:48:11.192,Paulina,self_20260601_204723,clip_001,1,listen,,1.1371,854180.0,raspberry_pi_seeed_gsr,"854180,1.1371"
2026-06-01T20:48:11.196,Paulina,self_20260601_204723,clip_001,1,listen,,1.1322,854201.0,raspberry_pi_seeed_gsr,"854201,1.1322"
2026-06-01T20:48:11.200,Paulina,self_20260601_204723,clip_001,1,listen,,1.1346,854222.0,raspberry_pi_seeed_gsr,"854222,1.1346"
2026-06-01T20:48:11.365,Paulina,self_20260601_204723,clip_001,1,listen,,1.1354,854243.0,raspberry_pi_seeed_gsr,"854243,1.1354"
2026-06-01T20:48:11.371,Paulina,self_20260601_204723,clip_001,1,listen,,1.1193,854264.0,raspberry_pi_seeed_gsr,"854264,1.1193"
2026-06-01T20:48:11.377,Paulina,self_20260601_204723,clip_001,1,listen,,1.1322,854285.0,raspberry_pi_seeed_gsr,"854285,1.1322"
2026-06-01T20:48:11.382,Paulina,self_20260601_204723,clip_001,1,listen,,1.1346,854306.0,raspberry_pi_seeed_gsr,"854306,1.1346"
2026-06-01T20:48:11.387,Paulina,self_20260601_204723,clip_001,1,listen,,1.133,854327.0,raspberry_pi_seeed_gsr,"854327,1.1330"
2026-06-01T20:48:11.392,Paulina,self_20260601_204723,clip_001,1,listen,,1.1322,854348.0,raspberry_pi_seeed_gsr,"854348,1.1322"
2026-06-01T20:48:11.397,Paulina,self_20260601_204723,clip_001,1,listen,,1.133,854369.0,raspberry_pi_seeed_gsr,"854369,1.1330"
2026-06-01T20:48:11.401,Paulina,self_20260601_204723,clip_001,1,listen,,1.133,854390.0,raspberry_pi_seeed_gsr,"854390,1.1330"
2026-06-01T20:48:11.406,Paulina,self_20260601_204723,clip_001,1,listen,,1.1322,854411.0,raspberry_pi_seeed_gsr,"854411,1.1322"
2026-06-01T20:48:11.411,Paulina,self_20260601_204723,clip_001,1,listen,,1.133,854432.0,raspberry_pi_seeed_gsr,"854432,1.1330"
2026-06-01T20:48:11.415,Paulina,self_20260601_204723,clip_001,1,listen,,1.1338,854453.0,raspberry_pi_seeed_gsr,"854453,1.1338"
2026-06-01T20:48:11.420,Paulina,self_20260601_204723,clip_001,1,listen,,1.1322,854474.0,raspberry_pi_seeed_gsr,"854474,1.1322"
2026-06-01T20:48:11.425,Paulina,self_20260601_204723,clip_001,1,listen,,1.1322,854495.0,raspberry_pi_seeed_gsr,"854495,1.1322"
2026-06-01T20:48:11.429,Paulina,self_20260601_204723,clip_001,1,listen,,1.1322,854516.0,raspberry_pi_seeed_gsr,"854516,1.1322"
2026-06-01T20:48:11.434,Paulina,self_20260601_204723,clip_001,1,listen,,1.1322,854537.0,raspberry_pi_seeed_gsr,"854537,1.1322"
2026-06-01T20:48:11.438,Paulina,self_20260601_204723,clip_001,1,listen,,1.1346,854558.0,raspberry_pi_seeed_gsr,"854558,1.1346"
2026-06-01T20:48:11.443,Paulina,self_20260601_204723,clip_001,1,listen,,1.1306,854579.0,raspberry_pi_seeed_gsr,"854579,1.1306"
2026-06-01T20:48:11.446,Paulina,self_20260601_204723,clip_001,1,listen,,1.1322,854600.0,raspberry_pi_seeed_gsr,"854600,1.1322"
2026-06-01T20:48:11.451,Paulina,self_20260601_204723,clip_001,1,listen,,1.1491,854621.0,raspberry_pi_seeed_gsr,"854621,1.1491"
2026-06-01T20:48:11.455,Paulina,self_20260601_204723,clip_001,1,listen,,1.1322,854642.0,raspberry_pi_seeed_gsr,"854642,1.1322"
2026-06-01T20:48:11.620,Paulina,self_20260601_204723,clip_001,1,listen,,1.1314,854663.0,raspberry_pi_seeed_gsr,"854663,1.1314"
2026-06-01T20:48:11.627,Paulina,self_20260601_204723,clip_001,1,listen,,1.1322,854684.0,raspberry_pi_seeed_gsr,"854684,1.1322"
2026-06-01T20:48:11.633,Paulina,self_20260601_204723,clip_001,1,listen,,1.1201,854705.0,raspberry_pi_seeed_gsr,"854705,1.1201"
2026-06-01T20:48:11.637,Paulina,self_20260601_204723,clip_001,1,listen,,1.1459,854726.0,raspberry_pi_seeed_gsr,"854726,1.1459"
2026-06-01T20:48:11.642,Paulina,self_20260601_204723,clip_001,1,listen,,1.1322,854747.0,raspberry_pi_seeed_gsr,"854747,1.1322"
2026-06-01T20:48:11.647,Paulina,self_20260601_204723,clip_001,1,listen,,1.1387,854768.0,raspberry_pi_seeed_gsr,"854768,1.1387"
2026-06-01T20:48:11.651,Paulina,self_20260601_204723,clip_001,1,listen,,1.1322,854789.0,raspberry_pi_seeed_gsr,"854789,1.1322"
2026-06-01T20:48:11.656,Paulina,self_20260601_204723,clip_001,1,listen,,1.1322,854810.0,raspberry_pi_seeed_gsr,"854810,1.1322"
2026-06-01T20:48:11.660,Paulina,self_20260601_204723,clip_001,1,listen,,1.1419,854831.0,raspberry_pi_seeed_gsr,"854831,1.1419"
2026-06-01T20:48:11.665,Paulina,self_20260601_204723,clip_001,1,listen,,1.1363,854852.0,raspberry_pi_seeed_gsr,"854852,1.1363"
2026-06-01T20:48:11.670,Paulina,self_20260601_204723,clip_001,1,listen,,1.1322,854873.0,raspberry_pi_seeed_gsr,"854873,1.1322"
2026-06-01T20:48:11.674,Paulina,self_20260601_204723,clip_001,1,listen,,1.1322,854894.0,raspberry_pi_seeed_gsr,"854894,1.1322"
2026-06-01T20:48:11.678,Paulina,self_20260601_204723,clip_001,1,listen,,1.1354,854915.0,raspberry_pi_seeed_gsr,"854915,1.1354"
2026-06-01T20:48:11.683,Paulina,self_20260601_204723,clip_001,1,listen,,1.1322,854936.0,raspberry_pi_seeed_gsr,"854936,1.1322"
2026-06-01T20:48:11.689,Paulina,self_20260601_204723,clip_001,1,listen,,1.1387,854957.0,raspberry_pi_seeed_gsr,"854957,1.1387"
2026-06-01T20:48:11.693,Paulina,self_20260601_204723,clip_001,1,listen,,1.1322,854978.0,raspberry_pi_seeed_gsr,"854978,1.1322"
2026-06-01T20:48:11.697,Paulina,self_20260601_204723,clip_001,1,listen,,1.133,854999.0,raspberry_pi_seeed_gsr,"854999,1.1330"
2026-06-01T20:48:11.702,Paulina,self_20260601_204723,clip_001,1,listen,,1.133,855020.0,raspberry_pi_seeed_gsr,"855020,1.1330"
2026-06-01T20:48:11.706,Paulina,self_20260601_204723,clip_001,1,listen,,1.1387,855041.0,raspberry_pi_seeed_gsr,"855041,1.1387"
2026-06-01T20:48:11.857,Paulina,self_20260601_204723,clip_001,1,listen,,1.133,855062.0,raspberry_pi_seeed_gsr,"855062,1.1330"
2026-06-01T20:48:11.863,Paulina,self_20260601_204723,clip_001,1,listen,,1.133,855083.0,raspberry_pi_seeed_gsr,"855083,1.1330"
2026-06-01T20:48:11.868,Paulina,self_20260601_204723,clip_001,1,listen,,1.133,855104.0,raspberry_pi_seeed_gsr,"855104,1.1330"
2026-06-01T20:48:11.873,Paulina,self_20260601_204723,clip_001,1,listen,,1.1346,855125.0,raspberry_pi_seeed_gsr,"855125,1.1346"
2026-06-01T20:48:11.877,Paulina,self_20260601_204723,clip_001,1,listen,,1.1346,855146.0,raspberry_pi_seeed_gsr,"855146,1.1346"
2026-06-01T20:48:11.882,Paulina,self_20260601_204723,clip_001,1,listen,,1.1371,855167.0,raspberry_pi_seeed_gsr,"855167,1.1371"
2026-06-01T20:48:11.887,Paulina,self_20260601_204723,clip_001,1,listen,,1.1354,855188.0,raspberry_pi_seeed_gsr,"855188,1.1354"
2026-06-01T20:48:11.891,Paulina,self_20260601_204723,clip_001,1,listen,,1.1354,855209.0,raspberry_pi_seeed_gsr,"855209,1.1354"
2026-06-01T20:48:11.896,Paulina,self_20260601_204723,clip_001,1,listen,,1.1354,855230.0,raspberry_pi_seeed_gsr,"855230,1.1354"
2026-06-01T20:48:11.902,Paulina,self_20260601_204723,clip_001,1,listen,,1.1354,855251.0,raspberry_pi_seeed_gsr,"855251,1.1354"
2026-06-01T20:48:11.907,Paulina,self_20260601_204723,clip_001,1,listen,,1.1354,855272.0,raspberry_pi_seeed_gsr,"855272,1.1354"
2026-06-01T20:48:11.911,Paulina,self_20260601_204723,clip_001,1,listen,,1.1363,855293.0,raspberry_pi_seeed_gsr,"855293,1.1363"
2026-06-01T20:48:11.916,Paulina,self_20260601_204723,clip_001,1,listen,,1.1371,855314.0,raspberry_pi_seeed_gsr,"855314,1.1371"
2026-06-01T20:48:11.921,Paulina,self_20260601_204723,clip_001,1,listen,,1.1354,855335.0,raspberry_pi_seeed_gsr,"855335,1.1354"
2026-06-01T20:48:11.926,Paulina,self_20260601_204723,clip_001,1,listen,,1.1371,855356.0,raspberry_pi_seeed_gsr,"855356,1.1371"
2026-06-01T20:48:11.930,Paulina,self_20260601_204723,clip_001,1,listen,,1.1387,855377.0,raspberry_pi_seeed_gsr,"855377,1.1387"
2026-06-01T20:48:11.936,Paulina,self_20260601_204723,clip_001,1,listen,,1.1508,855398.0,raspberry_pi_seeed_gsr,"855398,1.1508"
2026-06-01T20:48:11.940,Paulina,self_20260601_204723,clip_001,1,listen,,1.1395,855419.0,raspberry_pi_seeed_gsr,"855419,1.1395"
2026-06-01T20:48:11.945,Paulina,self_20260601_204723,clip_001,1,listen,,1.1435,855440.0,raspberry_pi_seeed_gsr,"855440,1.1435"
2026-06-01T20:48:11.949,Paulina,self_20260601_204723,clip_001,1,listen,,1.1371,855461.0,raspberry_pi_seeed_gsr,"855461,1.1371"
2026-06-01T20:48:11.954,Paulina,self_20260601_204723,clip_001,1,listen,,1.1354,855482.0,raspberry_pi_seeed_gsr,"855482,1.1354"
2026-06-01T20:48:11.959,Paulina,self_20260601_204723,clip_001,1,listen,,1.1387,855503.0,raspberry_pi_seeed_gsr,"855503,1.1387"
2026-06-01T20:48:12.123,Paulina,self_20260601_204723,clip_001,1,listen,,1.129,855524.0,raspberry_pi_seeed_gsr,"855524,1.1290"
2026-06-01T20:48:12.130,Paulina,self_20260601_204723,clip_001,1,listen,,1.1387,855545.0,raspberry_pi_seeed_gsr,"855545,1.1387"
2026-06-01T20:48:12.139,Paulina,self_20260601_204723,clip_001,1,listen,,1.1395,855566.0,raspberry_pi_seeed_gsr,"855566,1.1395"
2026-06-01T20:48:12.146,Paulina,self_20260601_204723,clip_001,1,listen,,1.1395,855587.0,raspberry_pi_seeed_gsr,"855587,1.1395"
2026-06-01T20:48:12.151,Paulina,self_20260601_204723,clip_001,1,listen,,1.1395,855608.0,raspberry_pi_seeed_gsr,"855608,1.1395"
2026-06-01T20:48:12.156,Paulina,self_20260601_204723,clip_001,1,listen,,1.1395,855629.0,raspberry_pi_seeed_gsr,"855629,1.1395"
2026-06-01T20:48:12.162,Paulina,self_20260601_204723,clip_001,1,listen,,1.1395,855650.0,raspberry_pi_seeed_gsr,"855650,1.1395"
2026-06-01T20:48:12.169,Paulina,self_20260601_204723,clip_001,1,listen,,1.1411,855671.0,raspberry_pi_seeed_gsr,"855671,1.1411"
2026-06-01T20:48:12.174,Paulina,self_20260601_204723,clip_001,1,listen,,1.1419,855692.0,raspberry_pi_seeed_gsr,"855692,1.1419"
2026-06-01T20:48:12.179,Paulina,self_20260601_204723,clip_001,1,listen,,1.1411,855713.0,raspberry_pi_seeed_gsr,"855713,1.1411"
2026-06-01T20:48:12.186,Paulina,self_20260601_204723,clip_001,1,listen,,1.1411,855734.0,raspberry_pi_seeed_gsr,"855734,1.1411"
2026-06-01T20:48:12.191,Paulina,self_20260601_204723,clip_001,1,listen,,1.1435,855755.0,raspberry_pi_seeed_gsr,"855755,1.1435"
2026-06-01T20:48:12.196,Paulina,self_20260601_204723,clip_001,1,listen,,1.1548,855776.0,raspberry_pi_seeed_gsr,"855776,1.1548"
2026-06-01T20:48:12.204,Paulina,self_20260601_204723,clip_001,1,listen,,1.1427,855797.0,raspberry_pi_seeed_gsr,"855797,1.1427"
2026-06-01T20:48:12.211,Paulina,self_20260601_204723,clip_001,1,listen,,1.1435,855818.0,raspberry_pi_seeed_gsr,"855818,1.1435"
2026-06-01T20:48:12.382,Paulina,self_20260601_204723,clip_001,1,listen,,1.1427,855839.0,raspberry_pi_seeed_gsr,"855839,1.1427"
2026-06-01T20:48:12.389,Paulina,self_20260601_204723,clip_001,1,listen,,1.1435,855860.0,raspberry_pi_seeed_gsr,"855860,1.1435"
2026-06-01T20:48:12.395,Paulina,self_20260601_204723,clip_001,1,listen,,1.1443,855881.0,raspberry_pi_seeed_gsr,"855881,1.1443"
2026-06-01T20:48:12.401,Paulina,self_20260601_204723,clip_001,1,listen,,1.1451,855902.0,raspberry_pi_seeed_gsr,"855902,1.1451"
2026-06-01T20:48:12.406,Paulina,self_20260601_204723,clip_001,1,listen,,1.1451,855923.0,raspberry_pi_seeed_gsr,"855923,1.1451"
2026-06-01T20:48:12.410,Paulina,self_20260601_204723,clip_001,1,listen,,1.1411,855944.0,raspberry_pi_seeed_gsr,"855944,1.1411"
2026-06-01T20:48:12.416,Paulina,self_20260601_204723,clip_001,1,listen,,1.1451,855965.0,raspberry_pi_seeed_gsr,"855965,1.1451"
2026-06-01T20:48:12.423,Paulina,self_20260601_204723,clip_001,1,listen,,1.1516,855986.0,raspberry_pi_seeed_gsr,"855986,1.1516"
2026-06-01T20:48:12.429,Paulina,self_20260601_204723,clip_001,1,listen,,1.1459,856007.0,raspberry_pi_seeed_gsr,"856007,1.1459"
2026-06-01T20:48:12.437,Paulina,self_20260601_204723,clip_001,1,listen,,1.1314,856028.0,raspberry_pi_seeed_gsr,"856028,1.1314"
2026-06-01T20:48:12.443,Paulina,self_20260601_204723,clip_001,1,listen,,1.1475,856049.0,raspberry_pi_seeed_gsr,"856049,1.1475"
2026-06-01T20:48:12.450,Paulina,self_20260601_204723,clip_001,1,listen,,1.1508,856070.0,raspberry_pi_seeed_gsr,"856070,1.1508"
2026-06-01T20:48:12.456,Paulina,self_20260601_204723,clip_001,1,listen,,1.1475,856091.0,raspberry_pi_seeed_gsr,"856091,1.1475"
2026-06-01T20:48:12.461,Paulina,self_20260601_204723,clip_001,1,listen,,1.1483,856112.0,raspberry_pi_seeed_gsr,"856112,1.1483"
2026-06-01T20:48:12.631,Paulina,self_20260601_204723,clip_001,1,listen,,1.1451,856133.0,raspberry_pi_seeed_gsr,"856133,1.1451"
2026-06-01T20:48:12.637,Paulina,self_20260601_204723,clip_001,1,listen,,1.15,856154.0,raspberry_pi_seeed_gsr,"856154,1.1500"
2026-06-01T20:48:12.642,Paulina,self_20260601_204723,clip_001,1,listen,,1.15,856175.0,raspberry_pi_seeed_gsr,"856175,1.1500"
2026-06-01T20:48:12.648,Paulina,self_20260601_204723,clip_001,1,listen,,1.1483,856195.0,raspberry_pi_seeed_gsr,"856195,1.1483"
2026-06-01T20:48:12.654,Paulina,self_20260601_204723,clip_001,1,listen,,1.15,856216.0,raspberry_pi_seeed_gsr,"856216,1.1500"
2026-06-01T20:48:12.659,Paulina,self_20260601_204723,clip_001,1,listen,,1.158,856237.0,raspberry_pi_seeed_gsr,"856237,1.1580"
2026-06-01T20:48:12.666,Paulina,self_20260601_204723,clip_001,1,listen,,1.1508,856258.0,raspberry_pi_seeed_gsr,"856258,1.1508"
2026-06-01T20:48:12.672,Paulina,self_20260601_204723,clip_001,1,listen,,1.1508,856279.0,raspberry_pi_seeed_gsr,"856279,1.1508"
2026-06-01T20:48:12.676,Paulina,self_20260601_204723,clip_001,1,listen,,1.1516,856300.0,raspberry_pi_seeed_gsr,"856300,1.1516"
2026-06-01T20:48:12.680,Paulina,self_20260601_204723,clip_001,1,listen,,1.1508,856321.0,raspberry_pi_seeed_gsr,"856321,1.1508"
2026-06-01T20:48:12.685,Paulina,self_20260601_204723,clip_001,1,listen,,1.154,856342.0,raspberry_pi_seeed_gsr,"856342,1.1540"
2026-06-01T20:48:12.690,Paulina,self_20260601_204723,clip_001,1,listen,,1.1516,856363.0,raspberry_pi_seeed_gsr,"856363,1.1516"
2026-06-01T20:48:12.694,Paulina,self_20260601_204723,clip_001,1,listen,,1.1524,856384.0,raspberry_pi_seeed_gsr,"856384,1.1524"
2026-06-01T20:48:12.699,Paulina,self_20260601_204723,clip_001,1,listen,,1.1548,856405.0,raspberry_pi_seeed_gsr,"856405,1.1548"
2026-06-01T20:48:12.704,Paulina,self_20260601_204723,clip_001,1,listen,,1.1548,856426.0,raspberry_pi_seeed_gsr,"856426,1.1548"
2026-06-01T20:48:12.708,Paulina,self_20260601_204723,clip_001,1,listen,,1.1508,856447.0,raspberry_pi_seeed_gsr,"856447,1.1508"
2026-06-01T20:48:12.712,Paulina,self_20260601_204723,clip_001,1,listen,,1.1556,856468.0,raspberry_pi_seeed_gsr,"856468,1.1556"
2026-06-01T20:48:12.866,Paulina,self_20260601_204723,clip_001,1,listen,,1.1572,856489.0,raspberry_pi_seeed_gsr,"856489,1.1572"
2026-06-01T20:48:12.872,Paulina,self_20260601_204723,clip_001,1,listen,,1.1564,856510.0,raspberry_pi_seeed_gsr,"856510,1.1564"
2026-06-01T20:48:12.877,Paulina,self_20260601_204723,clip_001,1,listen,,1.1572,856531.0,raspberry_pi_seeed_gsr,"856531,1.1572"
2026-06-01T20:48:12.881,Paulina,self_20260601_204723,clip_001,1,listen,,1.158,856552.0,raspberry_pi_seeed_gsr,"856552,1.1580"
2026-06-01T20:48:12.887,Paulina,self_20260601_204723,clip_001,1,listen,,1.1645,856573.0,raspberry_pi_seeed_gsr,"856573,1.1645"
2026-06-01T20:48:12.892,Paulina,self_20260601_204723,clip_001,1,listen,,1.162,856594.0,raspberry_pi_seeed_gsr,"856594,1.1620"
2026-06-01T20:48:12.896,Paulina,self_20260601_204723,clip_001,1,listen,,1.162,856615.0,raspberry_pi_seeed_gsr,"856615,1.1620"
2026-06-01T20:48:12.902,Paulina,self_20260601_204723,clip_001,1,listen,,1.1588,856636.0,raspberry_pi_seeed_gsr,"856636,1.1588"
2026-06-01T20:48:12.906,Paulina,self_20260601_204723,clip_001,1,listen,,1.1588,856657.0,raspberry_pi_seeed_gsr,"856657,1.1588"
2026-06-01T20:48:12.910,Paulina,self_20260601_204723,clip_001,1,listen,,1.1564,856678.0,raspberry_pi_seeed_gsr,"856678,1.1564"
2026-06-01T20:48:12.915,Paulina,self_20260601_204723,clip_001,1,listen,,1.1604,856699.0,raspberry_pi_seeed_gsr,"856699,1.1604"
2026-06-01T20:48:12.919,Paulina,self_20260601_204723,clip_001,1,listen,,1.1612,856720.0,raspberry_pi_seeed_gsr,"856720,1.1612"
2026-06-01T20:48:12.924,Paulina,self_20260601_204723,clip_001,1,listen,,1.1588,856741.0,raspberry_pi_seeed_gsr,"856741,1.1588"
2026-06-01T20:48:12.929,Paulina,self_20260601_204723,clip_001,1,listen,,1.162,856762.0,raspberry_pi_seeed_gsr,"856762,1.1620"
2026-06-01T20:48:12.934,Paulina,self_20260601_204723,clip_001,1,listen,,1.1556,856783.0,raspberry_pi_seeed_gsr,"856783,1.1556"
2026-06-01T20:48:12.939,Paulina,self_20260601_204723,clip_001,1,listen,,1.1628,856804.0,raspberry_pi_seeed_gsr,"856804,1.1628"
2026-06-01T20:48:12.944,Paulina,self_20260601_204723,clip_001,1,listen,,1.162,856825.0,raspberry_pi_seeed_gsr,"856825,1.1620"
2026-06-01T20:48:12.948,Paulina,self_20260601_204723,clip_001,1,listen,,1.1636,856846.0,raspberry_pi_seeed_gsr,"856846,1.1636"
2026-06-01T20:48:12.953,Paulina,self_20260601_204723,clip_001,1,listen,,1.1677,856867.0,raspberry_pi_seeed_gsr,"856867,1.1677"
2026-06-01T20:48:12.958,Paulina,self_20260601_204723,clip_001,1,listen,,1.1636,856888.0,raspberry_pi_seeed_gsr,"856888,1.1636"
2026-06-01T20:48:12.963,Paulina,self_20260601_204723,clip_001,1,listen,,1.1636,856909.0,raspberry_pi_seeed_gsr,"856909,1.1636"
2026-06-01T20:48:13.116,Paulina,self_20260601_204723,clip_001,1,listen,,1.1693,856930.0,raspberry_pi_seeed_gsr,"856930,1.1693"
2026-06-01T20:48:13.123,Paulina,self_20260601_204723,clip_001,1,listen,,1.1645,856951.0,raspberry_pi_seeed_gsr,"856951,1.1645"
2026-06-01T20:48:13.126,Paulina,self_20260601_204723,clip_001,1,listen,,1.1645,856972.0,raspberry_pi_seeed_gsr,"856972,1.1645"
2026-06-01T20:48:13.129,Paulina,self_20260601_204723,clip_001,1,listen,,1.1685,856993.0,raspberry_pi_seeed_gsr,"856993,1.1685"
2026-06-01T20:48:13.138,Paulina,self_20260601_204723,clip_001,1,listen,,1.1669,857014.0,raspberry_pi_seeed_gsr,"857014,1.1669"
2026-06-01T20:48:13.145,Paulina,self_20260601_204723,clip_001,1,listen,,1.1645,857035.0,raspberry_pi_seeed_gsr,"857035,1.1645"
2026-06-01T20:48:13.150,Paulina,self_20260601_204723,clip_001,1,listen,,1.1669,857056.0,raspberry_pi_seeed_gsr,"857056,1.1669"
2026-06-01T20:48:13.155,Paulina,self_20260601_204723,clip_001,1,listen,,1.1604,857077.0,raspberry_pi_seeed_gsr,"857077,1.1604"
2026-06-01T20:48:13.160,Paulina,self_20260601_204723,clip_001,1,listen,,1.1653,857098.0,raspberry_pi_seeed_gsr,"857098,1.1653"
2026-06-01T20:48:13.167,Paulina,self_20260601_204723,clip_001,1,listen,,1.1669,857119.0,raspberry_pi_seeed_gsr,"857119,1.1669"
2026-06-01T20:48:13.173,Paulina,self_20260601_204723,clip_001,1,listen,,1.1661,857140.0,raspberry_pi_seeed_gsr,"857140,1.1661"
2026-06-01T20:48:13.179,Paulina,self_20260601_204723,clip_001,1,listen,,1.1653,857161.0,raspberry_pi_seeed_gsr,"857161,1.1653"
2026-06-01T20:48:13.186,Paulina,self_20260601_204723,clip_001,1,listen,,1.1669,857182.0,raspberry_pi_seeed_gsr,"857182,1.1669"
2026-06-01T20:48:13.193,Paulina,self_20260601_204723,clip_001,1,listen,,1.1765,857203.0,raspberry_pi_seeed_gsr,"857203,1.1765"
2026-06-01T20:48:13.197,Paulina,self_20260601_204723,clip_001,1,listen,,1.1669,857224.0,raspberry_pi_seeed_gsr,"857224,1.1669"
2026-06-01T20:48:13.204,Paulina,self_20260601_204723,clip_001,1,listen,,1.1669,857245.0,raspberry_pi_seeed_gsr,"857245,1.1669"
2026-06-01T20:48:13.209,Paulina,self_20260601_204723,clip_001,1,listen,,1.1669,857266.0,raspberry_pi_seeed_gsr,"857266,1.1669"
2026-06-01T20:48:13.213,Paulina,self_20260601_204723,clip_001,1,listen,,1.1669,857287.0,raspberry_pi_seeed_gsr,"857287,1.1669"
2026-06-01T20:48:13.221,Paulina,self_20260601_204723,clip_001,1,listen,,1.1669,857308.0,raspberry_pi_seeed_gsr,"857308,1.1669"
2026-06-01T20:48:13.388,Paulina,self_20260601_204723,clip_001,1,listen,,1.1749,857329.0,raspberry_pi_seeed_gsr,"857329,1.1749"
2026-06-01T20:48:13.394,Paulina,self_20260601_204723,clip_001,1,listen,,1.1653,857350.0,raspberry_pi_seeed_gsr,"857350,1.1653"
2026-06-01T20:48:13.400,Paulina,self_20260601_204723,clip_001,1,listen,,1.1653,857371.0,raspberry_pi_seeed_gsr,"857371,1.1653"
2026-06-01T20:48:13.405,Paulina,self_20260601_204723,clip_001,1,listen,,1.15,857392.0,raspberry_pi_seeed_gsr,"857392,1.1500"
2026-06-01T20:48:13.410,Paulina,self_20260601_204723,clip_001,1,listen,,1.1645,857413.0,raspberry_pi_seeed_gsr,"857413,1.1645"
2026-06-01T20:48:13.416,Paulina,self_20260601_204723,clip_001,1,listen,,1.1645,857434.0,raspberry_pi_seeed_gsr,"857434,1.1645"
2026-06-01T20:48:13.423,Paulina,self_20260601_204723,clip_001,1,listen,,1.1645,857455.0,raspberry_pi_seeed_gsr,"857455,1.1645"
2026-06-01T20:48:13.428,Paulina,self_20260601_204723,clip_001,1,listen,,1.1516,857476.0,raspberry_pi_seeed_gsr,"857476,1.1516"
2026-06-01T20:48:13.433,Paulina,self_20260601_204723,clip_001,1,listen,,1.1636,857497.0,raspberry_pi_seeed_gsr,"857497,1.1636"
2026-06-01T20:48:13.439,Paulina,self_20260601_204723,clip_001,1,listen,,1.1636,857518.0,raspberry_pi_seeed_gsr,"857518,1.1636"
2026-06-01T20:48:13.444,Paulina,self_20260601_204723,clip_001,1,listen,,1.1628,857539.0,raspberry_pi_seeed_gsr,"857539,1.1628"
2026-06-01T20:48:13.449,Paulina,self_20260601_204723,clip_001,1,listen,,1.162,857560.0,raspberry_pi_seeed_gsr,"857560,1.1620"
2026-06-01T20:48:13.454,Paulina,self_20260601_204723,clip_001,1,listen,,1.1725,857581.0,raspberry_pi_seeed_gsr,"857581,1.1725"
2026-06-01T20:48:13.459,Paulina,self_20260601_204723,clip_001,1,listen,,1.162,857602.0,raspberry_pi_seeed_gsr,"857602,1.1620"
2026-06-01T20:48:13.463,Paulina,self_20260601_204723,clip_001,1,listen,,1.1612,857623.0,raspberry_pi_seeed_gsr,"857623,1.1612"
2026-06-01T20:48:13.469,Paulina,self_20260601_204723,clip_001,1,listen,,1.1701,857644.0,raspberry_pi_seeed_gsr,"857644,1.1701"
2026-06-01T20:48:13.474,Paulina,self_20260601_204723,clip_001,1,listen,,1.1604,857665.0,raspberry_pi_seeed_gsr,"857665,1.1604"
2026-06-01T20:48:13.620,Paulina,self_20260601_204723,clip_001,1,listen,,1.1604,857686.0,raspberry_pi_seeed_gsr,"857686,1.1604"
2026-06-01T20:48:13.626,Paulina,self_20260601_204723,clip_001,1,listen,,1.158,857707.0,raspberry_pi_seeed_gsr,"857707,1.1580"
2026-06-01T20:48:13.631,Paulina,self_20260601_204723,clip_001,1,listen,,1.1596,857728.0,raspberry_pi_seeed_gsr,"857728,1.1596"
2026-06-01T20:48:13.635,Paulina,self_20260601_204723,clip_001,1,listen,,1.1548,857749.0,raspberry_pi_seeed_gsr,"857749,1.1548"
2026-06-01T20:48:13.641,Paulina,self_20260601_204723,clip_001,1,listen,,1.158,857770.0,raspberry_pi_seeed_gsr,"857770,1.1580"
2026-06-01T20:48:13.646,Paulina,self_20260601_204723,clip_001,1,listen,,1.1572,857791.0,raspberry_pi_seeed_gsr,"857791,1.1572"
2026-06-01T20:48:13.650,Paulina,self_20260601_204723,clip_001,1,listen,,1.1564,857812.0,raspberry_pi_seeed_gsr,"857812,1.1564"
2026-06-01T20:48:13.655,Paulina,self_20260601_204723,clip_001,1,listen,,1.1556,857833.0,raspberry_pi_seeed_gsr,"857833,1.1556"
2026-06-01T20:48:13.660,Paulina,self_20260601_204723,clip_001,1,listen,,1.1548,857854.0,raspberry_pi_seeed_gsr,"857854,1.1548"
2026-06-01T20:48:13.665,Paulina,self_20260601_204723,clip_001,1,listen,,1.1548,857875.0,raspberry_pi_seeed_gsr,"857875,1.1548"
2026-06-01T20:48:13.669,Paulina,self_20260601_204723,clip_001,1,listen,,1.1548,857896.0,raspberry_pi_seeed_gsr,"857896,1.1548"
2026-06-01T20:48:13.673,Paulina,self_20260601_204723,clip_001,1,listen,,1.154,857917.0,raspberry_pi_seeed_gsr,"857917,1.1540"
2026-06-01T20:48:13.677,Paulina,self_20260601_204723,clip_001,1,listen,,1.154,857938.0,raspberry_pi_seeed_gsr,"857938,1.1540"
2026-06-01T20:48:13.682,Paulina,self_20260601_204723,clip_001,1,listen,,1.15,857959.0,raspberry_pi_seeed_gsr,"857959,1.1500"
2026-06-01T20:48:13.687,Paulina,self_20260601_204723,clip_001,1,listen,,1.1516,857980.0,raspberry_pi_seeed_gsr,"857980,1.1516"
2026-06-01T20:48:13.692,Paulina,self_20260601_204723,clip_001,1,listen,,1.15,858001.0,raspberry_pi_seeed_gsr,"858001,1.1500"
2026-06-01T20:48:13.697,Paulina,self_20260601_204723,clip_001,1,listen,,1.1411,858022.0,raspberry_pi_seeed_gsr,"858022,1.1411"
2026-06-01T20:48:13.703,Paulina,self_20260601_204723,clip_001,1,listen,,1.1564,858043.0,raspberry_pi_seeed_gsr,"858043,1.1564"
2026-06-01T20:48:13.707,Paulina,self_20260601_204723,clip_001,1,listen,,1.15,858064.0,raspberry_pi_seeed_gsr,"858064,1.1500"
2026-06-01T20:48:13.711,Paulina,self_20260601_204723,clip_001,1,listen,,1.15,858085.0,raspberry_pi_seeed_gsr,"858085,1.1500"
2026-06-01T20:48:13.716,Paulina,self_20260601_204723,clip_001,1,listen,,1.15,858106.0,raspberry_pi_seeed_gsr,"858106,1.1500"
2026-06-01T20:48:13.721,Paulina,self_20260601_204723,clip_001,1,listen,,1.1491,858126.0,raspberry_pi_seeed_gsr,"858126,1.1491"
2026-06-01T20:48:13.728,Paulina,self_20260601_204723,clip_001,1,listen,,1.1483,858147.0,raspberry_pi_seeed_gsr,"858147,1.1483"
2026-06-01T20:48:13.890,Paulina,self_20260601_204723,clip_001,1,listen,,1.1475,858168.0,raspberry_pi_seeed_gsr,"858168,1.1475"
2026-06-01T20:48:13.894,Paulina,self_20260601_204723,clip_001,1,listen,,1.1508,858189.0,raspberry_pi_seeed_gsr,"858189,1.1508"
2026-06-01T20:48:13.899,Paulina,self_20260601_204723,clip_001,1,listen,,1.1443,858210.0,raspberry_pi_seeed_gsr,"858210,1.1443"
2026-06-01T20:48:13.903,Paulina,self_20260601_204723,clip_001,1,listen,,1.1451,858231.0,raspberry_pi_seeed_gsr,"858231,1.1451"
2026-06-01T20:48:13.907,Paulina,self_20260601_204723,clip_001,1,listen,,1.1459,858252.0,raspberry_pi_seeed_gsr,"858252,1.1459"
2026-06-01T20:48:13.911,Paulina,self_20260601_204723,clip_001,1,listen,,1.1459,858273.0,raspberry_pi_seeed_gsr,"858273,1.1459"
2026-06-01T20:48:13.922,Paulina,self_20260601_204723,clip_001,1,listen,,1.1451,858294.0,raspberry_pi_seeed_gsr,"858294,1.1451"
2026-06-01T20:48:13.927,Paulina,self_20260601_204723,clip_001,1,listen,,1.1451,858315.0,raspberry_pi_seeed_gsr,"858315,1.1451"
2026-06-01T20:48:13.932,Paulina,self_20260601_204723,clip_001,1,listen,,1.1443,858336.0,raspberry_pi_seeed_gsr,"858336,1.1443"
2026-06-01T20:48:13.937,Paulina,self_20260601_204723,clip_001,1,listen,,1.1443,858357.0,raspberry_pi_seeed_gsr,"858357,1.1443"
2026-06-01T20:48:13.943,Paulina,self_20260601_204723,clip_001,1,listen,,1.1451,858378.0,raspberry_pi_seeed_gsr,"858378,1.1451"
2026-06-01T20:48:13.947,Paulina,self_20260601_204723,clip_001,1,listen,,1.1443,858399.0,raspberry_pi_seeed_gsr,"858399,1.1443"
2026-06-01T20:48:13.951,Paulina,self_20260601_204723,clip_001,1,listen,,1.1516,858420.0,raspberry_pi_seeed_gsr,"858420,1.1516"
2026-06-01T20:48:13.956,Paulina,self_20260601_204723,clip_001,1,listen,,1.1435,858441.0,raspberry_pi_seeed_gsr,"858441,1.1435"
2026-06-01T20:48:13.959,Paulina,self_20260601_204723,clip_001,1,listen,,1.154,858462.0,raspberry_pi_seeed_gsr,"858462,1.1540"
2026-06-01T20:48:13.964,Paulina,self_20260601_204723,clip_001,1,listen,,1.154,858483.0,raspberry_pi_seeed_gsr,"858483,1.1540"
2026-06-01T20:48:13.970,Paulina,self_20260601_204723,clip_001,1,listen,,1.1435,858504.0,raspberry_pi_seeed_gsr,"858504,1.1435"
2026-06-01T20:48:13.975,Paulina,self_20260601_204723,clip_001,1,listen,,1.1427,858525.0,raspberry_pi_seeed_gsr,"858525,1.1427"
2026-06-01T20:48:13.979,Paulina,self_20260601_204723,clip_001,1,listen,,1.1427,858546.0,raspberry_pi_seeed_gsr,"858546,1.1427"
2026-06-01T20:48:14.150,Paulina,self_20260601_204723,clip_001,1,listen,,1.1411,858567.0,raspberry_pi_seeed_gsr,"858567,1.1411"
2026-06-01T20:48:14.159,Paulina,self_20260601_204723,clip_001,1,listen,,1.1411,858588.0,raspberry_pi_seeed_gsr,"858588,1.1411"
2026-06-01T20:48:14.164,Paulina,self_20260601_204723,clip_001,1,listen,,1.1435,858609.0,raspberry_pi_seeed_gsr,"858609,1.1435"
2026-06-01T20:48:14.170,Paulina,self_20260601_204723,clip_001,1,listen,,1.1419,858630.0,raspberry_pi_seeed_gsr,"858630,1.1419"
2026-06-01T20:48:14.176,Paulina,self_20260601_204723,clip_001,1,listen,,1.1427,858651.0,raspberry_pi_seeed_gsr,"858651,1.1427"
2026-06-01T20:48:14.182,Paulina,self_20260601_204723,clip_001,1,listen,,1.1419,858672.0,raspberry_pi_seeed_gsr,"858672,1.1419"
2026-06-01T20:48:14.187,Paulina,self_20260601_204723,clip_001,1,listen,,1.1419,858693.0,raspberry_pi_seeed_gsr,"858693,1.1419"
2026-06-01T20:48:14.193,Paulina,self_20260601_204723,clip_001,1,listen,,1.1427,858714.0,raspberry_pi_seeed_gsr,"858714,1.1427"
2026-06-01T20:48:14.199,Paulina,self_20260601_204723,clip_001,1,listen,,1.1419,858735.0,raspberry_pi_seeed_gsr,"858735,1.1419"
2026-06-01T20:48:14.206,Paulina,self_20260601_204723,clip_001,1,listen,,1.1419,858756.0,raspberry_pi_seeed_gsr,"858756,1.1419"
2026-06-01T20:48:14.213,Paulina,self_20260601_204723,clip_001,1,listen,,1.1411,858777.0,raspberry_pi_seeed_gsr,"858777,1.1411"
2026-06-01T20:48:14.221,Paulina,self_20260601_204723,clip_001,1,listen,,1.1411,858798.0,raspberry_pi_seeed_gsr,"858798,1.1411"
2026-06-01T20:48:14.227,Paulina,self_20260601_204723,clip_001,1,listen,,1.1411,858819.0,raspberry_pi_seeed_gsr,"858819,1.1411"
2026-06-01T20:48:14.231,Paulina,self_20260601_204723,clip_001,1,listen,,1.1314,858840.0,raspberry_pi_seeed_gsr,"858840,1.1314"
2026-06-01T20:48:14.417,Paulina,self_20260601_204723,clip_001,1,listen,,1.1427,858861.0,raspberry_pi_seeed_gsr,"858861,1.1427"
2026-06-01T20:48:14.424,Paulina,self_20260601_204723,clip_001,1,listen,,1.1411,858882.0,raspberry_pi_seeed_gsr,"858882,1.1411"
2026-06-01T20:48:14.431,Paulina,self_20260601_204723,clip_001,1,listen,,1.1411,858903.0,raspberry_pi_seeed_gsr,"858903,1.1411"
2026-06-01T20:48:14.436,Paulina,self_20260601_204723,clip_001,1,listen,,1.1411,858924.0,raspberry_pi_seeed_gsr,"858924,1.1411"
2026-06-01T20:48:14.441,Paulina,self_20260601_204723,clip_001,1,listen,,1.1363,858945.0,raspberry_pi_seeed_gsr,"858945,1.1363"
2026-06-01T20:48:14.446,Paulina,self_20260601_204723,clip_001,1,listen,,1.1419,858966.0,raspberry_pi_seeed_gsr,"858966,1.1419"
2026-06-01T20:48:14.451,Paulina,self_20260601_204723,clip_001,1,listen,,1.1379,858987.0,raspberry_pi_seeed_gsr,"858987,1.1379"
2026-06-01T20:48:14.457,Paulina,self_20260601_204723,clip_001,1,listen,,1.1427,859008.0,raspberry_pi_seeed_gsr,"859008,1.1427"
2026-06-01T20:48:14.465,Paulina,self_20260601_204723,clip_001,1,listen,,1.1411,859029.0,raspberry_pi_seeed_gsr,"859029,1.1411"
2026-06-01T20:48:14.471,Paulina,self_20260601_204723,clip_001,1,listen,,1.1411,859050.0,raspberry_pi_seeed_gsr,"859050,1.1411"
2026-06-01T20:48:14.479,Paulina,self_20260601_204723,clip_001,1,listen,,1.1419,859071.0,raspberry_pi_seeed_gsr,"859071,1.1419"
2026-06-01T20:48:14.487,Paulina,self_20260601_204723,clip_001,1,listen,,1.1419,859092.0,raspberry_pi_seeed_gsr,"859092,1.1419"
2026-06-01T20:48:14.663,Paulina,self_20260601_204723,clip_001,1,listen,,1.1419,859113.0,raspberry_pi_seeed_gsr,"859113,1.1419"
2026-06-01T20:48:14.669,Paulina,self_20260601_204723,clip_001,1,listen,,1.1427,859134.0,raspberry_pi_seeed_gsr,"859134,1.1427"
2026-06-01T20:48:14.674,Paulina,self_20260601_204723,clip_001,1,listen,,1.1419,859155.0,raspberry_pi_seeed_gsr,"859155,1.1419"
2026-06-01T20:48:14.679,Paulina,self_20260601_204723,clip_001,1,listen,,1.1427,859176.0,raspberry_pi_seeed_gsr,"859176,1.1427"
2026-06-01T20:48:14.686,Paulina,self_20260601_204723,clip_001,1,listen,,1.1508,859197.0,raspberry_pi_seeed_gsr,"859197,1.1508"
2026-06-01T20:48:14.691,Paulina,self_20260601_204723,clip_001,1,listen,,1.1435,859218.0,raspberry_pi_seeed_gsr,"859218,1.1435"
2026-06-01T20:48:14.696,Paulina,self_20260601_204723,clip_001,1,listen,,1.1427,859239.0,raspberry_pi_seeed_gsr,"859239,1.1427"
2026-06-01T20:48:14.701,Paulina,self_20260601_204723,clip_001,1,listen,,1.1419,859260.0,raspberry_pi_seeed_gsr,"859260,1.1419"
2026-06-01T20:48:14.706,Paulina,self_20260601_204723,clip_001,1,listen,,1.1443,859281.0,raspberry_pi_seeed_gsr,"859281,1.1443"
2026-06-01T20:48:14.711,Paulina,self_20260601_204723,clip_001,1,listen,,1.1475,859302.0,raspberry_pi_seeed_gsr,"859302,1.1475"
2026-06-01T20:48:14.717,Paulina,self_20260601_204723,clip_001,1,listen,,1.1411,859323.0,raspberry_pi_seeed_gsr,"859323,1.1411"
2026-06-01T20:48:14.722,Paulina,self_20260601_204723,clip_001,1,listen,,1.1451,859344.0,raspberry_pi_seeed_gsr,"859344,1.1451"
2026-06-01T20:48:14.727,Paulina,self_20260601_204723,clip_001,1,listen,,1.1459,859365.0,raspberry_pi_seeed_gsr,"859365,1.1459"
2026-06-01T20:48:14.732,Paulina,self_20260601_204723,clip_001,1,listen,,1.1459,859386.0,raspberry_pi_seeed_gsr,"859386,1.1459"
2026-06-01T20:48:14.736,Paulina,self_20260601_204723,clip_001,1,listen,,1.1459,859407.0,raspberry_pi_seeed_gsr,"859407,1.1459"
2026-06-01T20:48:14.891,Paulina,self_20260601_204723,clip_001,1,listen,,1.15,859428.0,raspberry_pi_seeed_gsr,"859428,1.1500"
2026-06-01T20:48:14.897,Paulina,self_20260601_204723,clip_001,1,listen,,1.1459,859449.0,raspberry_pi_seeed_gsr,"859449,1.1459"
2026-06-01T20:48:14.903,Paulina,self_20260601_204723,clip_001,1,listen,,1.1459,859470.0,raspberry_pi_seeed_gsr,"859470,1.1459"
2026-06-01T20:48:14.908,Paulina,self_20260601_204723,clip_001,1,listen,,1.1556,859491.0,raspberry_pi_seeed_gsr,"859491,1.1556"
2026-06-01T20:48:14.913,Paulina,self_20260601_204723,clip_001,1,listen,,1.15,859512.0,raspberry_pi_seeed_gsr,"859512,1.1500"
2026-06-01T20:48:14.919,Paulina,self_20260601_204723,clip_001,1,listen,,1.1483,859533.0,raspberry_pi_seeed_gsr,"859533,1.1483"
2026-06-01T20:48:14.924,Paulina,self_20260601_204723,clip_001,1,listen,,1.1491,859554.0,raspberry_pi_seeed_gsr,"859554,1.1491"
2026-06-01T20:48:14.929,Paulina,self_20260601_204723,clip_001,1,listen,,1.1491,859575.0,raspberry_pi_seeed_gsr,"859575,1.1491"
2026-06-01T20:48:14.935,Paulina,self_20260601_204723,clip_001,1,listen,,1.1491,859596.0,raspberry_pi_seeed_gsr,"859596,1.1491"
2026-06-01T20:48:14.941,Paulina,self_20260601_204723,clip_001,1,listen,,1.15,859617.0,raspberry_pi_seeed_gsr,"859617,1.1500"
2026-06-01T20:48:14.945,Paulina,self_20260601_204723,clip_001,1,listen,,1.1524,859638.0,raspberry_pi_seeed_gsr,"859638,1.1524"
2026-06-01T20:48:14.951,Paulina,self_20260601_204723,clip_001,1,listen,,1.15,859659.0,raspberry_pi_seeed_gsr,"859659,1.1500"
2026-06-01T20:48:14.957,Paulina,self_20260601_204723,clip_001,1,listen,,1.1491,859680.0,raspberry_pi_seeed_gsr,"859680,1.1491"
2026-06-01T20:48:14.962,Paulina,self_20260601_204723,clip_001,1,listen,,1.1532,859701.0,raspberry_pi_seeed_gsr,"859701,1.1532"
2026-06-01T20:48:14.968,Paulina,self_20260601_204723,clip_001,1,listen,,1.15,859722.0,raspberry_pi_seeed_gsr,"859722,1.1500"
2026-06-01T20:48:14.973,Paulina,self_20260601_204723,clip_001,1,listen,,1.1516,859743.0,raspberry_pi_seeed_gsr,"859743,1.1516"
2026-06-01T20:48:14.978,Paulina,self_20260601_204723,clip_001,1,listen,,1.1379,859764.0,raspberry_pi_seeed_gsr,"859764,1.1379"
2026-06-01T20:48:14.983,Paulina,self_20260601_204723,clip_001,1,listen,,1.154,859785.0,raspberry_pi_seeed_gsr,"859785,1.1540"
2026-06-01T20:48:14.989,Paulina,self_20260601_204723,clip_001,1,listen,,1.1524,859806.0,raspberry_pi_seeed_gsr,"859806,1.1524"
2026-06-01T20:48:15.155,Paulina,self_20260601_204723,clip_001,1,listen,,1.1524,859827.0,raspberry_pi_seeed_gsr,"859827,1.1524"
2026-06-01T20:48:15.163,Paulina,self_20260601_204723,clip_001,1,listen,,1.1636,859848.0,raspberry_pi_seeed_gsr,"859848,1.1636"
2026-06-01T20:48:15.172,Paulina,self_20260601_204723,clip_001,1,listen,,1.1564,859869.0,raspberry_pi_seeed_gsr,"859869,1.1564"
2026-06-01T20:48:15.177,Paulina,self_20260601_204723,clip_001,1,listen,,1.1532,859890.0,raspberry_pi_seeed_gsr,"859890,1.1532"
2026-06-01T20:48:15.181,Paulina,self_20260601_204723,clip_001,1,listen,,1.1451,859911.0,raspberry_pi_seeed_gsr,"859911,1.1451"
2026-06-01T20:48:15.187,Paulina,self_20260601_204723,clip_001,1,listen,,1.1556,859932.0,raspberry_pi_seeed_gsr,"859932,1.1556"
2026-06-01T20:48:15.192,Paulina,self_20260601_204723,clip_001,1,listen,,1.1588,859953.0,raspberry_pi_seeed_gsr,"859953,1.1588"
2026-06-01T20:48:15.198,Paulina,self_20260601_204723,clip_001,1,listen,,1.1532,859974.0,raspberry_pi_seeed_gsr,"859974,1.1532"
2026-06-01T20:48:15.204,Paulina,self_20260601_204723,clip_001,1,listen,,1.158,859995.0,raspberry_pi_seeed_gsr,"859995,1.1580"
2026-06-01T20:48:15.211,Paulina,self_20260601_204723,clip_001,1,listen,,1.1572,860016.0,raspberry_pi_seeed_gsr,"860016,1.1572"
2026-06-01T20:48:15.220,Paulina,self_20260601_204723,clip_001,1,listen,,1.158,860037.0,raspberry_pi_seeed_gsr,"860037,1.1580"
2026-06-01T20:48:15.226,Paulina,self_20260601_204723,clip_001,1,listen,,1.1588,860058.0,raspberry_pi_seeed_gsr,"860058,1.1588"
2026-06-01T20:48:15.232,Paulina,self_20260601_204723,clip_001,1,listen,,1.158,860079.0,raspberry_pi_seeed_gsr,"860079,1.1580"
2026-06-01T20:48:15.237,Paulina,self_20260601_204723,clip_001,1,listen,,1.1588,860100.0,raspberry_pi_seeed_gsr,"860100,1.1588"
2026-06-01T20:48:15.242,Paulina,self_20260601_204723,clip_001,1,listen,,1.1604,860121.0,raspberry_pi_seeed_gsr,"860121,1.1604"
2026-06-01T20:48:15.417,Paulina,self_20260601_204723,clip_001,1,listen,,1.154,860142.0,raspberry_pi_seeed_gsr,"860142,1.1540"
2026-06-01T20:48:15.422,Paulina,self_20260601_204723,clip_001,1,listen,,1.1596,860163.0,raspberry_pi_seeed_gsr,"860163,1.1596"
2026-06-01T20:48:15.426,Paulina,self_20260601_204723,clip_001,1,listen,,1.1709,860184.0,raspberry_pi_seeed_gsr,"860184,1.1709"
2026-06-01T20:48:15.432,Paulina,self_20260601_204723,clip_001,1,listen,,1.158,860205.0,raspberry_pi_seeed_gsr,"860205,1.1580"
2026-06-01T20:48:15.437,Paulina,self_20260601_204723,clip_001,1,listen,,1.1612,860226.0,raspberry_pi_seeed_gsr,"860226,1.1612"
2026-06-01T20:48:15.446,Paulina,self_20260601_204723,clip_001,1,listen,,1.1612,860247.0,raspberry_pi_seeed_gsr,"860247,1.1612"
2026-06-01T20:48:15.453,Paulina,self_20260601_204723,clip_001,1,listen,,1.1628,860268.0,raspberry_pi_seeed_gsr,"860268,1.1628"
2026-06-01T20:48:15.459,Paulina,self_20260601_204723,clip_001,1,listen,,1.1612,860289.0,raspberry_pi_seeed_gsr,"860289,1.1612"
2026-06-01T20:48:15.466,Paulina,self_20260601_204723,clip_001,1,listen,,1.1653,860310.0,raspberry_pi_seeed_gsr,"860310,1.1653"
2026-06-01T20:48:15.471,Paulina,self_20260601_204723,clip_001,1,listen,,1.1653,860331.0,raspberry_pi_seeed_gsr,"860331,1.1653"
2026-06-01T20:48:15.477,Paulina,self_20260601_204723,clip_001,1,listen,,1.1653,860352.0,raspberry_pi_seeed_gsr,"860352,1.1653"
2026-06-01T20:48:15.483,Paulina,self_20260601_204723,clip_001,1,listen,,1.1645,860373.0,raspberry_pi_seeed_gsr,"860373,1.1645"
2026-06-01T20:48:15.489,Paulina,self_20260601_204723,clip_001,1,listen,,1.1636,860394.0,raspberry_pi_seeed_gsr,"860394,1.1636"
2026-06-01T20:48:15.493,Paulina,self_20260601_204723,clip_001,1,listen,,1.1636,860415.0,raspberry_pi_seeed_gsr,"860415,1.1636"
2026-06-01T20:48:15.656,Paulina,self_20260601_204723,clip_001,1,listen,,1.1645,860436.0,raspberry_pi_seeed_gsr,"860436,1.1645"
2026-06-01T20:48:15.662,Paulina,self_20260601_204723,clip_001,1,listen,,1.1604,860457.0,raspberry_pi_seeed_gsr,"860457,1.1604"
2026-06-01T20:48:15.668,Paulina,self_20260601_204723,clip_001,1,listen,,1.1661,860478.0,raspberry_pi_seeed_gsr,"860478,1.1661"
2026-06-01T20:48:15.672,Paulina,self_20260601_204723,clip_001,1,listen,,1.1669,860499.0,raspberry_pi_seeed_gsr,"860499,1.1669"
2026-06-01T20:48:15.677,Paulina,self_20260601_204723,clip_001,1,listen,,1.1709,860520.0,raspberry_pi_seeed_gsr,"860520,1.1709"
2026-06-01T20:48:15.682,Paulina,self_20260601_204723,clip_001,1,listen,,1.1669,860541.0,raspberry_pi_seeed_gsr,"860541,1.1669"
2026-06-01T20:48:15.687,Paulina,self_20260601_204723,clip_001,1,listen,,1.1669,860562.0,raspberry_pi_seeed_gsr,"860562,1.1669"
2026-06-01T20:48:15.691,Paulina,self_20260601_204723,clip_001,1,listen,,1.158,860583.0,raspberry_pi_seeed_gsr,"860583,1.1580"
2026-06-01T20:48:15.697,Paulina,self_20260601_204723,clip_001,1,listen,,1.1709,860604.0,raspberry_pi_seeed_gsr,"860604,1.1709"
2026-06-01T20:48:15.703,Paulina,self_20260601_204723,clip_001,1,listen,,1.1661,860625.0,raspberry_pi_seeed_gsr,"860625,1.1661"
2026-06-01T20:48:15.708,Paulina,self_20260601_204723,clip_001,1,listen,,1.1693,860646.0,raspberry_pi_seeed_gsr,"860646,1.1693"
2026-06-01T20:48:15.712,Paulina,self_20260601_204723,clip_001,1,listen,,1.1685,860667.0,raspberry_pi_seeed_gsr,"860667,1.1685"
2026-06-01T20:48:15.718,Paulina,self_20260601_204723,clip_001,1,listen,,1.1693,860688.0,raspberry_pi_seeed_gsr,"860688,1.1693"
2026-06-01T20:48:15.722,Paulina,self_20260601_204723,clip_001,1,listen,,1.1693,860709.0,raspberry_pi_seeed_gsr,"860709,1.1693"
2026-06-01T20:48:15.727,Paulina,self_20260601_204723,clip_001,1,listen,,1.1693,860730.0,raspberry_pi_seeed_gsr,"860730,1.1693"
2026-06-01T20:48:15.731,Paulina,self_20260601_204723,clip_001,1,listen,,1.1773,860751.0,raspberry_pi_seeed_gsr,"860751,1.1773"
2026-06-01T20:48:15.737,Paulina,self_20260601_204723,clip_001,1,listen,,1.1677,860772.0,raspberry_pi_seeed_gsr,"860772,1.1677"
2026-06-01T20:48:15.741,Paulina,self_20260601_204723,clip_001,1,listen,,1.1677,860793.0,raspberry_pi_seeed_gsr,"860793,1.1677"
2026-06-01T20:48:15.746,Paulina,self_20260601_204723,clip_001,1,listen,,1.1709,860814.0,raspberry_pi_seeed_gsr,"860814,1.1709"
2026-06-01T20:48:15.906,Paulina,self_20260601_204723,clip_001,1,listen,,1.1612,860835.0,raspberry_pi_seeed_gsr,"860835,1.1612"
2026-06-01T20:48:15.912,Paulina,self_20260601_204723,clip_001,1,listen,,1.1717,860856.0,raspberry_pi_seeed_gsr,"860856,1.1717"
2026-06-01T20:48:15.918,Paulina,self_20260601_204723,clip_001,1,listen,,1.1709,860877.0,raspberry_pi_seeed_gsr,"860877,1.1709"
2026-06-01T20:48:15.925,Paulina,self_20260601_204723,clip_001,1,listen,,1.1733,860898.0,raspberry_pi_seeed_gsr,"860898,1.1733"
2026-06-01T20:48:15.930,Paulina,self_20260601_204723,clip_001,1,listen,,1.1806,860919.0,raspberry_pi_seeed_gsr,"860919,1.1806"
2026-06-01T20:48:15.936,Paulina,self_20260601_204723,clip_001,1,listen,,1.1757,860940.0,raspberry_pi_seeed_gsr,"860940,1.1757"
2026-06-01T20:48:15.941,Paulina,self_20260601_204723,clip_001,1,listen,,1.1741,860961.0,raspberry_pi_seeed_gsr,"860961,1.1741"
2026-06-01T20:48:15.945,Paulina,self_20260601_204723,clip_001,1,listen,,1.1741,860982.0,raspberry_pi_seeed_gsr,"860982,1.1741"
2026-06-01T20:48:15.950,Paulina,self_20260601_204723,clip_001,1,listen,,1.1733,861003.0,raspberry_pi_seeed_gsr,"861003,1.1733"
2026-06-01T20:48:15.956,Paulina,self_20260601_204723,clip_001,1,listen,,1.1749,861024.0,raspberry_pi_seeed_gsr,"861024,1.1749"
2026-06-01T20:48:15.961,Paulina,self_20260601_204723,clip_001,1,listen,,1.1741,861045.0,raspberry_pi_seeed_gsr,"861045,1.1741"
2026-06-01T20:48:15.968,Paulina,self_20260601_204723,clip_001,1,listen,,1.1749,861066.0,raspberry_pi_seeed_gsr,"861066,1.1749"
2026-06-01T20:48:15.974,Paulina,self_20260601_204723,clip_001,1,listen,,1.1749,861087.0,raspberry_pi_seeed_gsr,"861087,1.1749"
2026-06-01T20:48:15.978,Paulina,self_20260601_204723,clip_001,1,listen,,1.1757,861108.0,raspberry_pi_seeed_gsr,"861108,1.1757"
2026-06-01T20:48:15.983,Paulina,self_20260601_204723,clip_001,1,listen,,1.1757,861129.0,raspberry_pi_seeed_gsr,"861129,1.1757"
2026-06-01T20:48:15.989,Paulina,self_20260601_204723,clip_001,1,listen,,1.1733,861150.0,raspberry_pi_seeed_gsr,"861150,1.1733"
2026-06-01T20:48:15.994,Paulina,self_20260601_204723,clip_001,1,listen,,1.1749,861171.0,raspberry_pi_seeed_gsr,"861171,1.1749"
2026-06-01T20:48:15.999,Paulina,self_20260601_204723,clip_001,1,listen,,1.1765,861192.0,raspberry_pi_seeed_gsr,"861192,1.1765"
2026-06-01T20:48:16.163,Paulina,self_20260601_204723,clip_001,1,listen,,1.1765,861213.0,raspberry_pi_seeed_gsr,"861213,1.1765"
2026-06-01T20:48:16.172,Paulina,self_20260601_204723,clip_001,1,listen,,1.1773,861234.0,raspberry_pi_seeed_gsr,"861234,1.1773"
2026-06-01T20:48:16.179,Paulina,self_20260601_204723,clip_001,1,listen,,1.1765,861255.0,raspberry_pi_seeed_gsr,"861255,1.1765"
2026-06-01T20:48:16.186,Paulina,self_20260601_204723,clip_001,1,listen,,1.1765,861276.0,raspberry_pi_seeed_gsr,"861276,1.1765"
2026-06-01T20:48:16.191,Paulina,self_20260601_204723,clip_001,1,listen,,1.1765,861297.0,raspberry_pi_seeed_gsr,"861297,1.1765"
2026-06-01T20:48:16.197,Paulina,self_20260601_204723,clip_001,1,listen,,1.1773,861318.0,raspberry_pi_seeed_gsr,"861318,1.1773"
2026-06-01T20:48:16.202,Paulina,self_20260601_204723,clip_001,1,listen,,1.1773,861339.0,raspberry_pi_seeed_gsr,"861339,1.1773"
2026-06-01T20:48:16.209,Paulina,self_20260601_204723,clip_001,1,listen,,1.1782,861360.0,raspberry_pi_seeed_gsr,"861360,1.1782"
2026-06-01T20:48:16.214,Paulina,self_20260601_204723,clip_001,1,listen,,1.1838,861381.0,raspberry_pi_seeed_gsr,"861381,1.1838"
2026-06-01T20:48:16.221,Paulina,self_20260601_204723,clip_001,1,listen,,1.1757,861402.0,raspberry_pi_seeed_gsr,"861402,1.1757"
2026-06-01T20:48:16.227,Paulina,self_20260601_204723,clip_001,1,listen,,1.1677,861423.0,raspberry_pi_seeed_gsr,"861423,1.1677"
2026-06-01T20:48:16.234,Paulina,self_20260601_204723,clip_001,1,listen,,1.1773,861444.0,raspberry_pi_seeed_gsr,"861444,1.1773"
2026-06-01T20:48:16.241,Paulina,self_20260601_204723,clip_001,1,listen,,1.1902,861465.0,raspberry_pi_seeed_gsr,"861465,1.1902"
2026-06-01T20:48:16.248,Paulina,self_20260601_204723,clip_001,1,listen,,1.1773,861486.0,raspberry_pi_seeed_gsr,"861486,1.1773"
2026-06-01T20:48:16.254,Paulina,self_20260601_204723,clip_001,1,listen,,1.1765,861507.0,raspberry_pi_seeed_gsr,"861507,1.1765"
2026-06-01T20:48:16.433,Paulina,self_20260601_204723,clip_001,1,listen,,1.1765,861528.0,raspberry_pi_seeed_gsr,"861528,1.1765"
2026-06-01T20:48:16.440,Paulina,self_20260601_204723,clip_001,1,listen,,1.1782,861549.0,raspberry_pi_seeed_gsr,"861549,1.1782"
2026-06-01T20:48:16.447,Paulina,self_20260601_204723,clip_001,1,listen,,1.1773,861570.0,raspberry_pi_seeed_gsr,"861570,1.1773"
2026-06-01T20:48:16.452,Paulina,self_20260601_204723,clip_001,1,listen,,1.1927,861591.0,raspberry_pi_seeed_gsr,"861591,1.1927"
2026-06-01T20:48:16.457,Paulina,self_20260601_204723,clip_001,1,listen,,1.1822,861612.0,raspberry_pi_seeed_gsr,"861612,1.1822"
2026-06-01T20:48:16.465,Paulina,self_20260601_204723,clip_001,1,listen,,1.1798,861633.0,raspberry_pi_seeed_gsr,"861633,1.1798"
2026-06-01T20:48:16.470,Paulina,self_20260601_204723,clip_001,1,listen,,1.1733,861654.0,raspberry_pi_seeed_gsr,"861654,1.1733"
2026-06-01T20:48:16.476,Paulina,self_20260601_204723,clip_001,1,listen,,1.1798,861675.0,raspberry_pi_seeed_gsr,"861675,1.1798"
2026-06-01T20:48:16.481,Paulina,self_20260601_204723,clip_001,1,listen,,1.179,861696.0,raspberry_pi_seeed_gsr,"861696,1.1790"
2026-06-01T20:48:16.489,Paulina,self_20260601_204723,clip_001,1,listen,,1.1765,861717.0,raspberry_pi_seeed_gsr,"861717,1.1765"
2026-06-01T20:48:16.494,Paulina,self_20260601_204723,clip_001,1,listen,,1.1806,861738.0,raspberry_pi_seeed_gsr,"861738,1.1806"
2026-06-01T20:48:16.499,Paulina,self_20260601_204723,clip_001,1,listen,,1.1806,861759.0,raspberry_pi_seeed_gsr,"861759,1.1806"
2026-06-01T20:48:16.505,Paulina,self_20260601_204723,clip_001,1,listen,,1.1822,861780.0,raspberry_pi_seeed_gsr,"861780,1.1822"
2026-06-01T20:48:16.671,Paulina,self_20260601_204723,clip_001,1,listen,,1.1798,861801.0,raspberry_pi_seeed_gsr,"861801,1.1798"
2026-06-01T20:48:16.678,Paulina,self_20260601_204723,clip_001,1,listen,,1.1806,861822.0,raspberry_pi_seeed_gsr,"861822,1.1806"
2026-06-01T20:48:16.683,Paulina,self_20260601_204723,clip_001,1,listen,,1.1717,861843.0,raspberry_pi_seeed_gsr,"861843,1.1717"
2026-06-01T20:48:16.689,Paulina,self_20260601_204723,clip_001,1,listen,,1.1814,861864.0,raspberry_pi_seeed_gsr,"861864,1.1814"
2026-06-01T20:48:16.695,Paulina,self_20260601_204723,clip_001,1,listen,,1.1814,861885.0,raspberry_pi_seeed_gsr,"861885,1.1814"
2026-06-01T20:48:16.700,Paulina,self_20260601_204723,clip_001,1,listen,,1.1814,861906.0,raspberry_pi_seeed_gsr,"861906,1.1814"
2026-06-01T20:48:16.705,Paulina,self_20260601_204723,clip_001,1,listen,,1.1806,861927.0,raspberry_pi_seeed_gsr,"861927,1.1806"
2026-06-01T20:48:16.710,Paulina,self_20260601_204723,clip_001,1,listen,,1.1782,861948.0,raspberry_pi_seeed_gsr,"861948,1.1782"
2026-06-01T20:48:16.716,Paulina,self_20260601_204723,clip_001,1,listen,,1.1814,861969.0,raspberry_pi_seeed_gsr,"861969,1.1814"
2026-06-01T20:48:16.722,Paulina,self_20260601_204723,clip_001,1,listen,,1.1814,861990.0,raspberry_pi_seeed_gsr,"861990,1.1814"
2026-06-01T20:48:16.727,Paulina,self_20260601_204723,clip_001,1,listen,,1.1822,862011.0,raspberry_pi_seeed_gsr,"862011,1.1822"
2026-06-01T20:48:16.731,Paulina,self_20260601_204723,clip_001,1,listen,,1.1814,862032.0,raspberry_pi_seeed_gsr,"862032,1.1814"
2026-06-01T20:48:16.736,Paulina,self_20260601_204723,clip_001,1,listen,,1.1822,862053.0,raspberry_pi_seeed_gsr,"862053,1.1822"
2026-06-01T20:48:16.741,Paulina,self_20260601_204723,clip_001,1,listen,,1.183,862074.0,raspberry_pi_seeed_gsr,"862074,1.1830"
2026-06-01T20:48:16.746,Paulina,self_20260601_204723,clip_001,1,listen,,1.1927,862095.0,raspberry_pi_seeed_gsr,"862095,1.1927"
2026-06-01T20:48:16.751,Paulina,self_20260601_204723,clip_001,1,listen,,1.1814,862116.0,raspberry_pi_seeed_gsr,"862116,1.1814"
2026-06-01T20:48:16.756,Paulina,self_20260601_204723,clip_001,1,listen,,1.183,862137.0,raspberry_pi_seeed_gsr,"862137,1.1830"
2026-06-01T20:48:16.916,Paulina,self_20260601_204723,clip_001,1,listen,,1.1838,862158.0,raspberry_pi_seeed_gsr,"862158,1.1838"
2026-06-01T20:48:16.923,Paulina,self_20260601_204723,clip_001,1,listen,,1.1838,862179.0,raspberry_pi_seeed_gsr,"862179,1.1838"
2026-06-01T20:48:16.928,Paulina,self_20260601_204723,clip_001,1,listen,,1.1838,862200.0,raspberry_pi_seeed_gsr,"862200,1.1838"
2026-06-01T20:48:16.934,Paulina,self_20260601_204723,clip_001,1,listen,,1.1838,862221.0,raspberry_pi_seeed_gsr,"862221,1.1838"
2026-06-01T20:48:16.939,Paulina,self_20260601_204723,clip_001,1,listen,,1.1838,862242.0,raspberry_pi_seeed_gsr,"862242,1.1838"
2026-06-01T20:48:16.944,Paulina,self_20260601_204723,clip_001,1,listen,,1.1838,862263.0,raspberry_pi_seeed_gsr,"862263,1.1838"
2026-06-01T20:48:16.949,Paulina,self_20260601_204723,clip_001,1,listen,,1.1927,862284.0,raspberry_pi_seeed_gsr,"862284,1.1927"
2026-06-01T20:48:16.954,Paulina,self_20260601_204723,clip_001,1,listen,,1.1838,862305.0,raspberry_pi_seeed_gsr,"862305,1.1838"
2026-06-01T20:48:16.959,Paulina,self_20260601_204723,clip_001,1,listen,,1.1846,862326.0,raspberry_pi_seeed_gsr,"862326,1.1846"
2026-06-01T20:48:16.964,Paulina,self_20260601_204723,clip_001,1,listen,,1.1846,862347.0,raspberry_pi_seeed_gsr,"862347,1.1846"
2026-06-01T20:48:16.969,Paulina,self_20260601_204723,clip_001,1,listen,,1.1862,862368.0,raspberry_pi_seeed_gsr,"862368,1.1862"
2026-06-01T20:48:16.974,Paulina,self_20260601_204723,clip_001,1,listen,,1.1862,862389.0,raspberry_pi_seeed_gsr,"862389,1.1862"
2026-06-01T20:48:16.980,Paulina,self_20260601_204723,clip_001,1,listen,,1.1886,862410.0,raspberry_pi_seeed_gsr,"862410,1.1886"
2026-06-01T20:48:16.985,Paulina,self_20260601_204723,clip_001,1,listen,,1.1846,862431.0,raspberry_pi_seeed_gsr,"862431,1.1846"
2026-06-01T20:48:16.990,Paulina,self_20260601_204723,clip_001,1,listen,,1.1854,862452.0,raspberry_pi_seeed_gsr,"862452,1.1854"
2026-06-01T20:48:16.995,Paulina,self_20260601_204723,clip_001,1,listen,,1.1862,862473.0,raspberry_pi_seeed_gsr,"862473,1.1862"
2026-06-01T20:48:17.000,Paulina,self_20260601_204723,clip_001,1,listen,,1.1846,862494.0,raspberry_pi_seeed_gsr,"862494,1.1846"
2026-06-01T20:48:17.005,Paulina,self_20260601_204723,clip_001,1,listen,,1.1806,862515.0,raspberry_pi_seeed_gsr,"862515,1.1806"
2026-06-01T20:48:17.011,Paulina,self_20260601_204723,clip_001,1,listen,,1.187,862536.0,raspberry_pi_seeed_gsr,"862536,1.1870"
2026-06-01T20:48:17.182,Paulina,self_20260601_204723,clip_001,1,listen,,1.187,862557.0,raspberry_pi_seeed_gsr,"862557,1.1870"
2026-06-01T20:48:17.193,Paulina,self_20260601_204723,clip_001,1,listen,,1.187,862578.0,raspberry_pi_seeed_gsr,"862578,1.1870"
2026-06-01T20:48:17.200,Paulina,self_20260601_204723,clip_001,1,listen,,1.1862,862599.0,raspberry_pi_seeed_gsr,"862599,1.1862"
2026-06-01T20:48:17.205,Paulina,self_20260601_204723,clip_001,1,listen,,1.187,862620.0,raspberry_pi_seeed_gsr,"862620,1.1870"
2026-06-01T20:48:17.211,Paulina,self_20260601_204723,clip_001,1,listen,,1.187,862641.0,raspberry_pi_seeed_gsr,"862641,1.1870"
2026-06-01T20:48:17.217,Paulina,self_20260601_204723,clip_001,1,listen,,1.1902,862662.0,raspberry_pi_seeed_gsr,"862662,1.1902"
2026-06-01T20:48:17.224,Paulina,self_20260601_204723,clip_001,1,listen,,1.1878,862683.0,raspberry_pi_seeed_gsr,"862683,1.1878"
2026-06-01T20:48:17.232,Paulina,self_20260601_204723,clip_001,1,listen,,1.1878,862704.0,raspberry_pi_seeed_gsr,"862704,1.1878"
2026-06-01T20:48:17.238,Paulina,self_20260601_204723,clip_001,1,listen,,1.1878,862725.0,raspberry_pi_seeed_gsr,"862725,1.1878"
2026-06-01T20:48:17.245,Paulina,self_20260601_204723,clip_001,1,listen,,1.1878,862746.0,raspberry_pi_seeed_gsr,"862746,1.1878"
2026-06-01T20:48:17.251,Paulina,self_20260601_204723,clip_001,1,listen,,1.191,862767.0,raspberry_pi_seeed_gsr,"862767,1.1910"
2026-06-01T20:48:17.258,Paulina,self_20260601_204723,clip_001,1,listen,,1.1991,862788.0,raspberry_pi_seeed_gsr,"862788,1.1991"
2026-06-01T20:48:17.263,Paulina,self_20260601_204723,clip_001,1,listen,,1.1894,862809.0,raspberry_pi_seeed_gsr,"862809,1.1894"
2026-06-01T20:48:17.443,Paulina,self_20260601_204723,clip_001,1,listen,,1.1878,862830.0,raspberry_pi_seeed_gsr,"862830,1.1878"
2026-06-01T20:48:17.450,Paulina,self_20260601_204723,clip_001,1,listen,,1.1894,862851.0,raspberry_pi_seeed_gsr,"862851,1.1894"
2026-06-01T20:48:17.455,Paulina,self_20260601_204723,clip_001,1,listen,,1.1765,862872.0,raspberry_pi_seeed_gsr,"862872,1.1765"
2026-06-01T20:48:17.463,Paulina,self_20260601_204723,clip_001,1,listen,,1.1894,862893.0,raspberry_pi_seeed_gsr,"862893,1.1894"
2026-06-01T20:48:17.472,Paulina,self_20260601_204723,clip_001,1,listen,,1.1886,862914.0,raspberry_pi_seeed_gsr,"862914,1.1886"
2026-06-01T20:48:17.479,Paulina,self_20260601_204723,clip_001,1,listen,,1.1902,862935.0,raspberry_pi_seeed_gsr,"862935,1.1902"
2026-06-01T20:48:17.487,Paulina,self_20260601_204723,clip_001,1,listen,,1.1902,862956.0,raspberry_pi_seeed_gsr,"862956,1.1902"
2026-06-01T20:48:17.493,Paulina,self_20260601_204723,clip_001,1,listen,,1.1902,862977.0,raspberry_pi_seeed_gsr,"862977,1.1902"
2026-06-01T20:48:17.498,Paulina,self_20260601_204723,clip_001,1,listen,,1.1902,862998.0,raspberry_pi_seeed_gsr,"862998,1.1902"
2026-06-01T20:48:17.505,Paulina,self_20260601_204723,clip_001,1,listen,,1.1943,863019.0,raspberry_pi_seeed_gsr,"863019,1.1943"
2026-06-01T20:48:17.511,Paulina,self_20260601_204723,clip_001,1,listen,,1.191,863040.0,raspberry_pi_seeed_gsr,"863040,1.1910"
2026-06-01T20:48:17.517,Paulina,self_20260601_204723,clip_001,1,listen,,1.1935,863061.0,raspberry_pi_seeed_gsr,"863061,1.1935"
2026-06-01T20:48:17.691,Paulina,self_20260601_204723,clip_001,1,listen,,1.1918,863082.0,raspberry_pi_seeed_gsr,"863082,1.1918"
2026-06-01T20:48:17.697,Paulina,self_20260601_204723,clip_001,1,listen,,1.1943,863103.0,raspberry_pi_seeed_gsr,"863103,1.1943"
2026-06-01T20:48:17.703,Paulina,self_20260601_204723,clip_001,1,listen,,1.1935,863124.0,raspberry_pi_seeed_gsr,"863124,1.1935"
2026-06-01T20:48:17.710,Paulina,self_20260601_204723,clip_001,1,listen,,1.191,863145.0,raspberry_pi_seeed_gsr,"863145,1.1910"
2026-06-01T20:48:17.716,Paulina,self_20260601_204723,clip_001,1,listen,,1.1927,863166.0,raspberry_pi_seeed_gsr,"863166,1.1927"
2026-06-01T20:48:17.722,Paulina,self_20260601_204723,clip_001,1,listen,,1.191,863187.0,raspberry_pi_seeed_gsr,"863187,1.1910"
2026-06-01T20:48:17.728,Paulina,self_20260601_204723,clip_001,1,listen,,1.1927,863208.0,raspberry_pi_seeed_gsr,"863208,1.1927"
2026-06-01T20:48:17.734,Paulina,self_20260601_204723,clip_001,1,listen,,1.1927,863229.0,raspberry_pi_seeed_gsr,"863229,1.1927"
2026-06-01T20:48:17.739,Paulina,self_20260601_204723,clip_001,1,listen,,1.1935,863250.0,raspberry_pi_seeed_gsr,"863250,1.1935"
2026-06-01T20:48:17.744,Paulina,self_20260601_204723,clip_001,1,listen,,1.1927,863271.0,raspberry_pi_seeed_gsr,"863271,1.1927"
2026-06-01T20:48:17.750,Paulina,self_20260601_204723,clip_001,1,listen,,1.1927,863292.0,raspberry_pi_seeed_gsr,"863292,1.1927"
2026-06-01T20:48:17.755,Paulina,self_20260601_204723,clip_001,1,listen,,1.1935,863313.0,raspberry_pi_seeed_gsr,"863313,1.1935"
2026-06-01T20:48:17.761,Paulina,self_20260601_204723,clip_001,1,listen,,1.1935,863334.0,raspberry_pi_seeed_gsr,"863334,1.1935"
2026-06-01T20:48:17.767,Paulina,self_20260601_204723,clip_001,1,listen,,1.1878,863355.0,raspberry_pi_seeed_gsr,"863355,1.1878"
2026-06-01T20:48:17.933,Paulina,self_20260601_204723,clip_001,1,listen,,1.1927,863376.0,raspberry_pi_seeed_gsr,"863376,1.1927"
2026-06-01T20:48:17.940,Paulina,self_20260601_204723,clip_001,1,listen,,1.1894,863397.0,raspberry_pi_seeed_gsr,"863397,1.1894"
2026-06-01T20:48:17.945,Paulina,self_20260601_204723,clip_001,1,listen,,1.1902,863418.0,raspberry_pi_seeed_gsr,"863418,1.1902"
2026-06-01T20:48:17.952,Paulina,self_20260601_204723,clip_001,1,listen,,1.1935,863439.0,raspberry_pi_seeed_gsr,"863439,1.1935"
2026-06-01T20:48:17.958,Paulina,self_20260601_204723,clip_001,1,listen,,1.1935,863460.0,raspberry_pi_seeed_gsr,"863460,1.1935"
2026-06-01T20:48:17.963,Paulina,self_20260601_204723,clip_001,1,listen,,1.1943,863481.0,raspberry_pi_seeed_gsr,"863481,1.1943"
2026-06-01T20:48:17.968,Paulina,self_20260601_204723,clip_001,1,listen,,1.1943,863502.0,raspberry_pi_seeed_gsr,"863502,1.1943"
2026-06-01T20:48:17.973,Paulina,self_20260601_204723,clip_001,1,listen,,1.1951,863523.0,raspberry_pi_seeed_gsr,"863523,1.1951"
2026-06-01T20:48:17.979,Paulina,self_20260601_204723,clip_001,1,listen,,1.1935,863544.0,raspberry_pi_seeed_gsr,"863544,1.1935"
2026-06-01T20:48:17.985,Paulina,self_20260601_204723,clip_001,1,listen,,1.1951,863565.0,raspberry_pi_seeed_gsr,"863565,1.1951"
2026-06-01T20:48:17.991,Paulina,self_20260601_204723,clip_001,1,listen,,1.1983,863586.0,raspberry_pi_seeed_gsr,"863586,1.1983"
2026-06-01T20:48:17.996,Paulina,self_20260601_204723,clip_001,1,listen,,1.1951,863607.0,raspberry_pi_seeed_gsr,"863607,1.1951"
2026-06-01T20:48:18.002,Paulina,self_20260601_204723,clip_001,1,listen,,1.1951,863628.0,raspberry_pi_seeed_gsr,"863628,1.1951"
2026-06-01T20:48:18.007,Paulina,self_20260601_204723,clip_001,1,listen,,1.1959,863649.0,raspberry_pi_seeed_gsr,"863649,1.1959"
2026-06-01T20:48:18.013,Paulina,self_20260601_204723,clip_001,1,listen,,1.1967,863670.0,raspberry_pi_seeed_gsr,"863670,1.1967"
2026-06-01T20:48:18.018,Paulina,self_20260601_204723,clip_001,1,listen,,1.1959,863691.0,raspberry_pi_seeed_gsr,"863691,1.1959"
